,,,,,,,,,Lugar de grado
Instituciones,Programa,Sexo,Periodo graduación,Año de corte,Tipo de cotizante,Sector económico,17 Rangos salariales,7 Rangos salariales,País
Código institución,Código programa,Sexo,Semestre,Año,Tipo de cotizante,Sección,17 Rangos salariales,7 Rangos salariales,Colombia
2829-Corporación Universitaria Minuto de Dios - UNIMINUTO,12165-ESPECIALIZACION EN DISEÑO DE AMBIENTES DE APRENDIZAJE,Femenino,2010-1,2016,Dependiente,Administración pública y defensa; planes de seguridad social de afiliación obligatoria,"Entre 4,5 y 5 SMMLV",Entre 4 y 6 SMMLV,1
2829-Corporación Universitaria Minuto de Dios - UNIMINUTO,12165-ESPECIALIZACION EN DISEÑO DE AMBIENTES DE APRENDIZAJE,Femenino,2010-1,2016,Dependiente,Educación,"Entre 4 y 4,5 SMMLV",Entre 4 y 6 SMMLV,1
2829-Corporación Universitaria Minuto de Dios - UNIMINUTO,12165-ESPECIALIZACION EN DISEÑO DE AMBIENTES DE APRENDIZAJE,Femenino,2010-1,2017,Dependiente,Comercio al por mayor y al por menor; reparación de vehículos automotores y motocicletas,"Entre 1 y 1,5 SMMLV","Entre 1 y 1,5 SMMLV",1
2829-Corporación Universitaria Minuto de Dios - UNIMINUTO,12165-ESPECIALIZACION EN DISEÑO DE AMBIENTES DE APRENDIZAJE,Femenino,2010-1,2017,Dependiente,Educación,"Entre 4 y 4,5 SMMLV",Entre 4 y 6 SMMLV,1
2829-Corporación Universitaria Minuto de Dios - UNIMINUTO,12165-ESPECIALIZACION EN DISEÑO DE AMBIENTES DE APRENDIZAJE,Femenino,2010-1,2018,Dependiente,"Actividades profesionales, científicas y técnicas",Entre 5 y 6 SMMLV,Entre 4 y 6 SMMLV,1
2829-Corporación Universitaria Minuto de Dios - UNIMINUTO,12165-ESPECIALIZACION EN DISEÑO DE AMBIENTES DE APRENDIZAJE,Femenino,2010-1,2018,Dependiente,Educación,"Entre 3 y 3,5 SMMLV","Entre 2,5 y 4 SMMLV",1
2829-Corporación Universitaria Minuto de Dios - UNIMINUTO,12165-ESPECIALIZACION EN DISEÑO DE AMBIENTES DE APRENDIZAJE,Femenino,2010-1,2018,Dependiente,Sin información,1 SMMLV,1 SMMLV,1
2829-Corporación Universitaria Minuto de Dios - UNIMINUTO,12165-ESPECIALIZACION EN DISEÑO DE AMBIENTES DE APRENDIZAJE,Femenino,2010-1,2018,Dependiente,Sin información,"Entre 1 y 1,5 SMMLV","Entre 1 y 1,5 SMMLV",1
2829-Corporación Universitaria Minuto de Dios - UNIMINUTO,12165-ESPECIALIZACION EN DISEÑO DE AMBIENTES DE APRENDIZAJE,Femenino,2010-1,2019,Dependiente,"Actividades profesionales, científicas y técnicas","Entre 4,5 y 5 SMMLV",Entre 4 y 6 SMMLV,2
2829-Corporación Universitaria Minuto de Dios - UNIMINUTO,12165-ESPECIALIZACION EN DISEÑO DE AMBIENTES DE APRENDIZAJE,Femenino,2010-1,2019,Dependiente,Educación,"Entre 2 y 2 ,5 SMMLV","Entre 1,5 y 2,5 SMMLV",1
2829-Corporación Universitaria Minuto de Dios - UNIMINUTO,12165-ESPECIALIZACION EN DISEÑO DE AMBIENTES DE APRENDIZAJE,Femenino,2010-1,2019,Dependiente,Sin información,"Entre 2,5 y 3 SMMLV","Entre 2,5 y 4 SMMLV",1
2829-Corporación Universitaria Minuto de Dios - UNIMINUTO,12165-ESPECIALIZACION EN DISEÑO DE AMBIENTES DE APRENDIZAJE,Femenino,2010-1,2020,Dependiente,Administración pública y defensa; planes de seguridad social de afiliación obligatoria,"Entre 4 y 4,5 SMMLV",Entre 4 y 6 SMMLV,1
2829-Corporación Universitaria Minuto de Dios - UNIMINUTO,12165-ESPECIALIZACION EN DISEÑO DE AMBIENTES DE APRENDIZAJE,Femenino,2010-1,2020,Dependiente,Administración pública y defensa; planes de seguridad social de afiliación obligatoria,"Entre 4,5 y 5 SMMLV",Entre 4 y 6 SMMLV,1
2829-Corporación Universitaria Minuto de Dios - UNIMINUTO,12165-ESPECIALIZACION EN DISEÑO DE AMBIENTES DE APRENDIZAJE,Femenino,2010-1,2020,Dependiente,Administración pública y defensa; planes de seguridad social de afiliación obligatoria,Entre 5 y 6 SMMLV,Entre 4 y 6 SMMLV,1
2829-Corporación Universitaria Minuto de Dios - UNIMINUTO,12165-ESPECIALIZACION EN DISEÑO DE AMBIENTES DE APRENDIZAJE,Femenino,2010-1,2020,Dependiente,Educación,"Entre 3 y 3,5 SMMLV","Entre 2,5 y 4 SMMLV",1
2829-Corporación Universitaria Minuto de Dios - UNIMINUTO,12165-ESPECIALIZACION EN DISEÑO DE AMBIENTES DE APRENDIZAJE,Femenino,2010-1,2021,Dependiente,Administración pública y defensa; planes de seguridad social de afiliación obligatoria,"Entre 4,5 y 5 SMMLV",Entre 4 y 6 SMMLV,1
2829-Corporación Universitaria Minuto de Dios - UNIMINUTO,12165-ESPECIALIZACION EN DISEÑO DE AMBIENTES DE APRENDIZAJE,Femenino,2010-1,2021,Dependiente,Administración pública y defensa; planes de seguridad social de afiliación obligatoria,Entre 5 y 6 SMMLV,Entre 4 y 6 SMMLV,1
2829-Corporación Universitaria Minuto de Dios - UNIMINUTO,12165-ESPECIALIZACION EN DISEÑO DE AMBIENTES DE APRENDIZAJE,Femenino,2010-1,2021,Dependiente,Administración pública y defensa; planes de seguridad social de afiliación obligatoria,Entre 6 y 7 SMMLV,Entre 6 y 9 SMMLV,1
2829-Corporación Universitaria Minuto de Dios - UNIMINUTO,12165-ESPECIALIZACION EN DISEÑO DE AMBIENTES DE APRENDIZAJE,Femenino,2010-1,2021,Dependiente,Construccion,"Entre 3 y 3,5 SMMLV","Entre 2,5 y 4 SMMLV",1
2829-Corporación Universitaria Minuto de Dios - UNIMINUTO,12165-ESPECIALIZACION EN DISEÑO DE AMBIENTES DE APRENDIZAJE,Femenino,2010-1,2022,Dependiente,"Actividades profesionales, científicas y técnicas","Entre 4 y 4,5 SMMLV",Entre 4 y 6 SMMLV,1
2829-Corporación Universitaria Minuto de Dios - UNIMINUTO,12165-ESPECIALIZACION EN DISEÑO DE AMBIENTES DE APRENDIZAJE,Femenino,2010-1,2022,Dependiente,"Actividades profesionales, científicas y técnicas",Entre 5 y 6 SMMLV,Entre 4 y 6 SMMLV,1
2829-Corporación Universitaria Minuto de Dios - UNIMINUTO,12165-ESPECIALIZACION EN DISEÑO DE AMBIENTES DE APRENDIZAJE,Femenino,2010-1,2022,Dependiente,Administración pública y defensa; planes de seguridad social de afiliación obligatoria,Entre 6 y 7 SMMLV,Entre 6 y 9 SMMLV,1
2829-Corporación Universitaria Minuto de Dios - UNIMINUTO,12165-ESPECIALIZACION EN DISEÑO DE AMBIENTES DE APRENDIZAJE,Femenino,2010-1,2022,Dependiente,Construccion,"Entre 2,5 y 3 SMMLV","Entre 2,5 y 4 SMMLV",1
2829-Corporación Universitaria Minuto de Dios - UNIMINUTO,12165-ESPECIALIZACION EN DISEÑO DE AMBIENTES DE APRENDIZAJE,Femenino,2010-1,2023,Dependiente,Administración pública y defensa; planes de seguridad social de afiliación obligatoria,Entre 5 y 6 SMMLV,Entre 4 y 6 SMMLV,1
2829-Corporación Universitaria Minuto de Dios - UNIMINUTO,12165-ESPECIALIZACION EN DISEÑO DE AMBIENTES DE APRENDIZAJE,Femenino,2010-1,2023,Dependiente,Administración pública y defensa; planes de seguridad social de afiliación obligatoria,Entre 6 y 7 SMMLV,Entre 6 y 9 SMMLV,1
2829-Corporación Universitaria Minuto de Dios - UNIMINUTO,12165-ESPECIALIZACION EN DISEÑO DE AMBIENTES DE APRENDIZAJE,Femenino,2010-1,2023,Dependiente,Construccion,"Entre 3 y 3,5 SMMLV","Entre 2,5 y 4 SMMLV",1
2829-Corporación Universitaria Minuto de Dios - UNIMINUTO,12165-ESPECIALIZACION EN DISEÑO DE AMBIENTES DE APRENDIZAJE,Masculino,2010-1,2016,Dependiente,Administración pública y defensa; planes de seguridad social de afiliación obligatoria,"Entre 4,5 y 5 SMMLV",Entre 4 y 6 SMMLV,1
2829-Corporación Universitaria Minuto de Dios - UNIMINUTO,12165-ESPECIALIZACION EN DISEÑO DE AMBIENTES DE APRENDIZAJE,Masculino,2010-1,2016,Dependiente,Educación,Entre 9 y 11 SMMLV,Más de 9 SMMLV,1
2829-Corporación Universitaria Minuto de Dios - UNIMINUTO,12165-ESPECIALIZACION EN DISEÑO DE AMBIENTES DE APRENDIZAJE,Masculino,2010-1,2017,Dependiente,Administración pública y defensa; planes de seguridad social de afiliación obligatoria,"Entre 4 y 4,5 SMMLV",Entre 4 y 6 SMMLV,1
2829-Corporación Universitaria Minuto de Dios - UNIMINUTO,12165-ESPECIALIZACION EN DISEÑO DE AMBIENTES DE APRENDIZAJE,Masculino,2010-1,2017,Dependiente,Educación,"Entre 3 y 3,5 SMMLV","Entre 2,5 y 4 SMMLV",1
2829-Corporación Universitaria Minuto de Dios - UNIMINUTO,12165-ESPECIALIZACION EN DISEÑO DE AMBIENTES DE APRENDIZAJE,Masculino,2010-1,2018,Dependiente,"Actividades profesionales, científicas y técnicas","Entre 4,5 y 5 SMMLV",Entre 4 y 6 SMMLV,1
2829-Corporación Universitaria Minuto de Dios - UNIMINUTO,12165-ESPECIALIZACION EN DISEÑO DE AMBIENTES DE APRENDIZAJE,Masculino,2010-1,2018,Dependiente,"Actividades profesionales, científicas y técnicas",Entre 6 y 7 SMMLV,Entre 6 y 9 SMMLV,1
2829-Corporación Universitaria Minuto de Dios - UNIMINUTO,12165-ESPECIALIZACION EN DISEÑO DE AMBIENTES DE APRENDIZAJE,Masculino,2010-1,2019,Dependiente,"Actividades profesionales, científicas y técnicas","Entre 4 y 4,5 SMMLV",Entre 4 y 6 SMMLV,1
2829-Corporación Universitaria Minuto de Dios - UNIMINUTO,12165-ESPECIALIZACION EN DISEÑO DE AMBIENTES DE APRENDIZAJE,Masculino,2010-1,2019,Dependiente,"Actividades profesionales, científicas y técnicas",Entre 8 y 9 SMMLV,Entre 6 y 9 SMMLV,1
2829-Corporación Universitaria Minuto de Dios - UNIMINUTO,12165-ESPECIALIZACION EN DISEÑO DE AMBIENTES DE APRENDIZAJE,Masculino,2010-1,2020,Dependiente,Administración pública y defensa; planes de seguridad social de afiliación obligatoria,"Entre 4,5 y 5 SMMLV",Entre 4 y 6 SMMLV,1
2829-Corporación Universitaria Minuto de Dios - UNIMINUTO,12165-ESPECIALIZACION EN DISEÑO DE AMBIENTES DE APRENDIZAJE,Masculino,2010-1,2020,Dependiente,Administración pública y defensa; planes de seguridad social de afiliación obligatoria,Entre 7 y 8 SMMLV,Entre 6 y 9 SMMLV,1
2829-Corporación Universitaria Minuto de Dios - UNIMINUTO,12165-ESPECIALIZACION EN DISEÑO DE AMBIENTES DE APRENDIZAJE,Masculino,2010-1,2021,Dependiente,Administración pública y defensa; planes de seguridad social de afiliación obligatoria,"Entre 4,5 y 5 SMMLV",Entre 4 y 6 SMMLV,1
2829-Corporación Universitaria Minuto de Dios - UNIMINUTO,12165-ESPECIALIZACION EN DISEÑO DE AMBIENTES DE APRENDIZAJE,Masculino,2010-1,2021,Dependiente,Administración pública y defensa; planes de seguridad social de afiliación obligatoria,Entre 6 y 7 SMMLV,Entre 6 y 9 SMMLV,1
2829-Corporación Universitaria Minuto de Dios - UNIMINUTO,12165-ESPECIALIZACION EN DISEÑO DE AMBIENTES DE APRENDIZAJE,Masculino,2010-1,2022,Dependiente,"Actividades profesionales, científicas y técnicas","Entre 4,5 y 5 SMMLV",Entre 4 y 6 SMMLV,1
2829-Corporación Universitaria Minuto de Dios - UNIMINUTO,12165-ESPECIALIZACION EN DISEÑO DE AMBIENTES DE APRENDIZAJE,Masculino,2010-1,2022,Dependiente,"Actividades profesionales, científicas y técnicas",Entre 6 y 7 SMMLV,Entre 6 y 9 SMMLV,1
2829-Corporación Universitaria Minuto de Dios - UNIMINUTO,12165-ESPECIALIZACION EN DISEÑO DE AMBIENTES DE APRENDIZAJE,Masculino,2010-1,2023,Dependiente,Administración pública y defensa; planes de seguridad social de afiliación obligatoria,"Entre 4 y 4,5 SMMLV",Entre 4 y 6 SMMLV,1
2829-Corporación Universitaria Minuto de Dios - UNIMINUTO,12165-ESPECIALIZACION EN DISEÑO DE AMBIENTES DE APRENDIZAJE,Masculino,2010-1,2023,Dependiente,Administración pública y defensa; planes de seguridad social de afiliación obligatoria,Entre 6 y 7 SMMLV,Entre 6 y 9 SMMLV,1
2833-Corporación Universitaria Remington,104431-INGENIERIA DE SISTEMAS,Masculino,2010-1,2017,Dependiente,Información y comunicaciones,"Entre 2 y 2 ,5 SMMLV","Entre 1,5 y 2,5 SMMLV",1
2833-Corporación Universitaria Remington,104431-INGENIERIA DE SISTEMAS,Masculino,2010-1,2018,Dependiente,Información y comunicaciones,"Entre 1,5 y 2 SMMLV","Entre 1,5 y 2,5 SMMLV",1
2732-Fundación Universitaria Católica del Norte,9809-ADMINISTRACION DE EMPRESAS,Femenino,2010-1,2016,Dependiente,Actividades financieras y de seguros,Entre 5 y 6 SMMLV,Entre 4 y 6 SMMLV,1
2732-Fundación Universitaria Católica del Norte,9809-ADMINISTRACION DE EMPRESAS,Femenino,2010-1,2016,Dependiente,Actividades financieras y de seguros,Entre 13 y 15 SMMLV,Más de 9 SMMLV,1
2732-Fundación Universitaria Católica del Norte,9809-ADMINISTRACION DE EMPRESAS,Femenino,2010-1,2016,Dependiente,Administración pública y defensa; planes de seguridad social de afiliación obligatoria,"Entre 2,5 y 3 SMMLV","Entre 2,5 y 4 SMMLV",1
2732-Fundación Universitaria Católica del Norte,9809-ADMINISTRACION DE EMPRESAS,Femenino,2010-1,2016,Dependiente,Administración pública y defensa; planes de seguridad social de afiliación obligatoria,"Entre 3,5 y 4 SMMLV","Entre 2,5 y 4 SMMLV",1
2732-Fundación Universitaria Católica del Norte,9809-ADMINISTRACION DE EMPRESAS,Femenino,2010-1,2016,Dependiente,Administración pública y defensa; planes de seguridad social de afiliación obligatoria,Entre 6 y 7 SMMLV,Entre 6 y 9 SMMLV,1
2732-Fundación Universitaria Católica del Norte,9809-ADMINISTRACION DE EMPRESAS,Femenino,2010-1,2016,Dependiente,Comercio al por mayor y al por menor; reparación de vehículos automotores y motocicletas,"Entre 2,5 y 3 SMMLV","Entre 2,5 y 4 SMMLV",1
2732-Fundación Universitaria Católica del Norte,9809-ADMINISTRACION DE EMPRESAS,Femenino,2010-1,2016,Dependiente,Construccion,"Entre 1,5 y 2 SMMLV","Entre 1,5 y 2,5 SMMLV",1
2732-Fundación Universitaria Católica del Norte,9809-ADMINISTRACION DE EMPRESAS,Femenino,2010-1,2017,Dependiente,Actividades financieras y de seguros,Entre 5 y 6 SMMLV,Entre 4 y 6 SMMLV,1
2732-Fundación Universitaria Católica del Norte,9809-ADMINISTRACION DE EMPRESAS,Femenino,2010-1,2017,Dependiente,Actividades financieras y de seguros,Entre 13 y 15 SMMLV,Más de 9 SMMLV,1
2732-Fundación Universitaria Católica del Norte,9809-ADMINISTRACION DE EMPRESAS,Femenino,2010-1,2017,Dependiente,Administración pública y defensa; planes de seguridad social de afiliación obligatoria,Entre 6 y 7 SMMLV,Entre 6 y 9 SMMLV,1
2732-Fundación Universitaria Católica del Norte,9809-ADMINISTRACION DE EMPRESAS,Femenino,2010-1,2017,Dependiente,Industrias manufactureras,"Entre 1 y 1,5 SMMLV","Entre 1 y 1,5 SMMLV",1
2732-Fundación Universitaria Católica del Norte,9809-ADMINISTRACION DE EMPRESAS,Femenino,2010-1,2017,Dependiente,Sin información,"Entre 2,5 y 3 SMMLV","Entre 2,5 y 4 SMMLV",1
2732-Fundación Universitaria Católica del Norte,9809-ADMINISTRACION DE EMPRESAS,Femenino,2010-1,2017,Dependiente,Transporte y almacenamiento,"Entre 2,5 y 3 SMMLV","Entre 2,5 y 4 SMMLV",1
2732-Fundación Universitaria Católica del Norte,9809-ADMINISTRACION DE EMPRESAS,Femenino,2010-1,2018,Dependiente,Administración pública y defensa; planes de seguridad social de afiliación obligatoria,Entre 8 y 9 SMMLV,Entre 6 y 9 SMMLV,1
2732-Fundación Universitaria Católica del Norte,9809-ADMINISTRACION DE EMPRESAS,Femenino,2010-1,2018,Dependiente,Explotación de minas y canteras,"Entre 4,5 y 5 SMMLV",Entre 4 y 6 SMMLV,1
2732-Fundación Universitaria Católica del Norte,9809-ADMINISTRACION DE EMPRESAS,Femenino,2010-1,2018,Dependiente,Sin información,1 SMMLV,1 SMMLV,1
2732-Fundación Universitaria Católica del Norte,9809-ADMINISTRACION DE EMPRESAS,Femenino,2010-1,2018,Dependiente,Sin información,"Entre 2,5 y 3 SMMLV","Entre 2,5 y 4 SMMLV",1
2732-Fundación Universitaria Católica del Norte,9809-ADMINISTRACION DE EMPRESAS,Femenino,2010-1,2018,Dependiente,Transporte y almacenamiento,"Entre 2,5 y 3 SMMLV","Entre 2,5 y 4 SMMLV",1
2732-Fundación Universitaria Católica del Norte,9809-ADMINISTRACION DE EMPRESAS,Femenino,2010-1,2019,Dependiente,"Actividades profesionales, científicas y técnicas","Entre 1 y 1,5 SMMLV","Entre 1 y 1,5 SMMLV",1
2732-Fundación Universitaria Católica del Norte,9809-ADMINISTRACION DE EMPRESAS,Femenino,2010-1,2019,Dependiente,Administración pública y defensa; planes de seguridad social de afiliación obligatoria,"Entre 2,5 y 3 SMMLV","Entre 2,5 y 4 SMMLV",1
2732-Fundación Universitaria Católica del Norte,9809-ADMINISTRACION DE EMPRESAS,Femenino,2010-1,2019,Dependiente,Administración pública y defensa; planes de seguridad social de afiliación obligatoria,Entre 7 y 8 SMMLV,Entre 6 y 9 SMMLV,1
2732-Fundación Universitaria Católica del Norte,9809-ADMINISTRACION DE EMPRESAS,Femenino,2010-1,2019,Dependiente,Explotación de minas y canteras,"Entre 4,5 y 5 SMMLV",Entre 4 y 6 SMMLV,1
2732-Fundación Universitaria Católica del Norte,9809-ADMINISTRACION DE EMPRESAS,Femenino,2010-1,2019,Dependiente,Transporte y almacenamiento,"Entre 2 y 2 ,5 SMMLV","Entre 1,5 y 2,5 SMMLV",1
2732-Fundación Universitaria Católica del Norte,9809-ADMINISTRACION DE EMPRESAS,Femenino,2010-1,2020,Dependiente,Administración pública y defensa; planes de seguridad social de afiliación obligatoria,"Entre 2,5 y 3 SMMLV","Entre 2,5 y 4 SMMLV",1
2732-Fundación Universitaria Católica del Norte,9809-ADMINISTRACION DE EMPRESAS,Femenino,2010-1,2020,Dependiente,Administración pública y defensa; planes de seguridad social de afiliación obligatoria,Entre 6 y 7 SMMLV,Entre 6 y 9 SMMLV,1
2732-Fundación Universitaria Católica del Norte,9809-ADMINISTRACION DE EMPRESAS,Femenino,2010-1,2020,Dependiente,Explotación de minas y canteras,"Entre 4,5 y 5 SMMLV",Entre 4 y 6 SMMLV,1
2732-Fundación Universitaria Católica del Norte,9809-ADMINISTRACION DE EMPRESAS,Femenino,2010-1,2020,Dependiente,Transporte y almacenamiento,"Entre 4 y 4,5 SMMLV",Entre 4 y 6 SMMLV,1
2732-Fundación Universitaria Católica del Norte,9809-ADMINISTRACION DE EMPRESAS,Femenino,2010-1,2021,Dependiente,Administración pública y defensa; planes de seguridad social de afiliación obligatoria,"Entre 2,5 y 3 SMMLV","Entre 2,5 y 4 SMMLV",1
2732-Fundación Universitaria Católica del Norte,9809-ADMINISTRACION DE EMPRESAS,Femenino,2010-1,2021,Dependiente,Administración pública y defensa; planes de seguridad social de afiliación obligatoria,Entre 5 y 6 SMMLV,Entre 4 y 6 SMMLV,1
2732-Fundación Universitaria Católica del Norte,9809-ADMINISTRACION DE EMPRESAS,Femenino,2010-1,2021,Dependiente,Explotación de minas y canteras,"Entre 4 y 4,5 SMMLV",Entre 4 y 6 SMMLV,1
2732-Fundación Universitaria Católica del Norte,9809-ADMINISTRACION DE EMPRESAS,Femenino,2010-1,2022,Dependiente,Administración pública y defensa; planes de seguridad social de afiliación obligatoria,"Entre 2 y 2 ,5 SMMLV","Entre 1,5 y 2,5 SMMLV",1
2732-Fundación Universitaria Católica del Norte,9809-ADMINISTRACION DE EMPRESAS,Femenino,2010-1,2022,Dependiente,Explotación de minas y canteras,"Entre 3 y 3,5 SMMLV","Entre 2,5 y 4 SMMLV",1
2732-Fundación Universitaria Católica del Norte,9809-ADMINISTRACION DE EMPRESAS,Femenino,2010-1,2023,Dependiente,Administración pública y defensa; planes de seguridad social de afiliación obligatoria,"Entre 2 y 2 ,5 SMMLV","Entre 1,5 y 2,5 SMMLV",1
2732-Fundación Universitaria Católica del Norte,9809-ADMINISTRACION DE EMPRESAS,Femenino,2010-1,2023,Dependiente,Explotación de minas y canteras,"Entre 3,5 y 4 SMMLV","Entre 2,5 y 4 SMMLV",1
2732-Fundación Universitaria Católica del Norte,9809-ADMINISTRACION DE EMPRESAS,Masculino,2010-1,2016,Dependiente,Actividades financieras y de seguros,Más de 15 SMMLV,Más de 9 SMMLV,1
2732-Fundación Universitaria Católica del Norte,9809-ADMINISTRACION DE EMPRESAS,Masculino,2010-1,2016,Dependiente,"Actividades profesionales, científicas y técnicas",Entre 5 y 6 SMMLV,Entre 4 y 6 SMMLV,1
2732-Fundación Universitaria Católica del Norte,9809-ADMINISTRACION DE EMPRESAS,Masculino,2010-1,2016,Dependiente,Industrias manufactureras,Entre 5 y 6 SMMLV,Entre 4 y 6 SMMLV,1
2732-Fundación Universitaria Católica del Norte,9809-ADMINISTRACION DE EMPRESAS,Masculino,2010-1,2017,Dependiente,Actividades financieras y de seguros,Entre 13 y 15 SMMLV,Más de 9 SMMLV,1
2732-Fundación Universitaria Católica del Norte,9809-ADMINISTRACION DE EMPRESAS,Masculino,2010-1,2017,Dependiente,"Actividades profesionales, científicas y técnicas","Entre 4,5 y 5 SMMLV",Entre 4 y 6 SMMLV,1
2732-Fundación Universitaria Católica del Norte,9809-ADMINISTRACION DE EMPRESAS,Masculino,2010-1,2017,Dependiente,Comercio al por mayor y al por menor; reparación de vehículos automotores y motocicletas,Entre 5 y 6 SMMLV,Entre 4 y 6 SMMLV,1
2732-Fundación Universitaria Católica del Norte,9809-ADMINISTRACION DE EMPRESAS,Masculino,2010-1,2018,Dependiente,Actividades financieras y de seguros,Entre 8 y 9 SMMLV,Entre 6 y 9 SMMLV,1
2732-Fundación Universitaria Católica del Norte,9809-ADMINISTRACION DE EMPRESAS,Masculino,2010-1,2018,Dependiente,"Actividades profesionales, científicas y técnicas","Entre 4,5 y 5 SMMLV",Entre 4 y 6 SMMLV,1
2732-Fundación Universitaria Católica del Norte,9809-ADMINISTRACION DE EMPRESAS,Masculino,2010-1,2018,Dependiente,Comercio al por mayor y al por menor; reparación de vehículos automotores y motocicletas,Entre 5 y 6 SMMLV,Entre 4 y 6 SMMLV,1
2732-Fundación Universitaria Católica del Norte,9809-ADMINISTRACION DE EMPRESAS,Masculino,2010-1,2019,Dependiente,"Actividades profesionales, científicas y técnicas","Entre 4,5 y 5 SMMLV",Entre 4 y 6 SMMLV,1
2732-Fundación Universitaria Católica del Norte,9809-ADMINISTRACION DE EMPRESAS,Masculino,2010-1,2019,Dependiente,Administración pública y defensa; planes de seguridad social de afiliación obligatoria,Entre 8 y 9 SMMLV,Entre 6 y 9 SMMLV,1
2732-Fundación Universitaria Católica del Norte,9809-ADMINISTRACION DE EMPRESAS,Masculino,2010-1,2019,Dependiente,Comercio al por mayor y al por menor; reparación de vehículos automotores y motocicletas,Entre 5 y 6 SMMLV,Entre 4 y 6 SMMLV,1
2732-Fundación Universitaria Católica del Norte,9809-ADMINISTRACION DE EMPRESAS,Masculino,2010-1,2020,Dependiente,Administración pública y defensa; planes de seguridad social de afiliación obligatoria,Entre 8 y 9 SMMLV,Entre 6 y 9 SMMLV,1
2732-Fundación Universitaria Católica del Norte,9809-ADMINISTRACION DE EMPRESAS,Masculino,2010-1,2020,Dependiente,Comercio al por mayor y al por menor; reparación de vehículos automotores y motocicletas,"Entre 4,5 y 5 SMMLV",Entre 4 y 6 SMMLV,1
2732-Fundación Universitaria Católica del Norte,9809-ADMINISTRACION DE EMPRESAS,Masculino,2010-1,2020,Dependiente,Otras actividades de servicios,Entre 6 y 7 SMMLV,Entre 6 y 9 SMMLV,1
2732-Fundación Universitaria Católica del Norte,9809-ADMINISTRACION DE EMPRESAS,Masculino,2010-1,2021,Dependiente,Administración pública y defensa; planes de seguridad social de afiliación obligatoria,Entre 8 y 9 SMMLV,Entre 6 y 9 SMMLV,1
2732-Fundación Universitaria Católica del Norte,9809-ADMINISTRACION DE EMPRESAS,Masculino,2010-1,2021,Dependiente,Comercio al por mayor y al por menor; reparación de vehículos automotores y motocicletas,"Entre 4,5 y 5 SMMLV",Entre 4 y 6 SMMLV,1
2732-Fundación Universitaria Católica del Norte,9809-ADMINISTRACION DE EMPRESAS,Masculino,2010-1,2021,Dependiente,Otras actividades de servicios,"Entre 4 y 4,5 SMMLV",Entre 4 y 6 SMMLV,1
2732-Fundación Universitaria Católica del Norte,9809-ADMINISTRACION DE EMPRESAS,Masculino,2010-1,2022,Dependiente,Administración pública y defensa; planes de seguridad social de afiliación obligatoria,Entre 8 y 9 SMMLV,Entre 6 y 9 SMMLV,1
2732-Fundación Universitaria Católica del Norte,9809-ADMINISTRACION DE EMPRESAS,Masculino,2010-1,2022,Dependiente,Comercio al por mayor y al por menor; reparación de vehículos automotores y motocicletas,"Entre 4,5 y 5 SMMLV",Entre 4 y 6 SMMLV,1
2732-Fundación Universitaria Católica del Norte,9809-ADMINISTRACION DE EMPRESAS,Masculino,2010-1,2022,Dependiente,Otras actividades de servicios,"Entre 4,5 y 5 SMMLV",Entre 4 y 6 SMMLV,1
2732-Fundación Universitaria Católica del Norte,9809-ADMINISTRACION DE EMPRESAS,Masculino,2010-1,2023,Dependiente,Administración pública y defensa; planes de seguridad social de afiliación obligatoria,Entre 8 y 9 SMMLV,Entre 6 y 9 SMMLV,1
2732-Fundación Universitaria Católica del Norte,9809-ADMINISTRACION DE EMPRESAS,Masculino,2010-1,2023,Dependiente,Comercio al por mayor y al por menor; reparación de vehículos automotores y motocicletas,"Entre 4,5 y 5 SMMLV",Entre 4 y 6 SMMLV,1
2732-Fundación Universitaria Católica del Norte,8958-COMUNICACION SOCIAL,Femenino,2010-1,2021,Dependiente,"Actividades profesionales, científicas y técnicas","Entre 1,5 y 2 SMMLV","Entre 1,5 y 2,5 SMMLV",1
2732-Fundación Universitaria Católica del Norte,8958-COMUNICACION SOCIAL,Femenino,2010-1,2022,Dependiente,"Actividades profesionales, científicas y técnicas","Entre 1,5 y 2 SMMLV","Entre 1,5 y 2,5 SMMLV",1
2732-Fundación Universitaria Católica del Norte,8958-COMUNICACION SOCIAL,Femenino,2010-1,2023,Dependiente,"Actividades profesionales, científicas y técnicas","Entre 1 y 1,5 SMMLV","Entre 1 y 1,5 SMMLV",1
2732-Fundación Universitaria Católica del Norte,19219-ESPECIALIZACION EN PEDAGOGIA DE LA VIRTUALIDAD,Femenino,2010-1,2016,Dependiente,Educación,Entre 6 y 7 SMMLV,Entre 6 y 9 SMMLV,1
2732-Fundación Universitaria Católica del Norte,19219-ESPECIALIZACION EN PEDAGOGIA DE LA VIRTUALIDAD,Femenino,2010-1,2017,Dependiente,Educación,Entre 5 y 6 SMMLV,Entre 4 y 6 SMMLV,1
2732-Fundación Universitaria Católica del Norte,19219-ESPECIALIZACION EN PEDAGOGIA DE LA VIRTUALIDAD,Femenino,2010-1,2018,Dependiente,Educación,Entre 5 y 6 SMMLV,Entre 4 y 6 SMMLV,1
2732-Fundación Universitaria Católica del Norte,19219-ESPECIALIZACION EN PEDAGOGIA DE LA VIRTUALIDAD,Femenino,2010-1,2019,Dependiente,Educación,Entre 5 y 6 SMMLV,Entre 4 y 6 SMMLV,1
2732-Fundación Universitaria Católica del Norte,19219-ESPECIALIZACION EN PEDAGOGIA DE LA VIRTUALIDAD,Femenino,2010-1,2020,Dependiente,Educación,Entre 5 y 6 SMMLV,Entre 4 y 6 SMMLV,1
2732-Fundación Universitaria Católica del Norte,19219-ESPECIALIZACION EN PEDAGOGIA DE LA VIRTUALIDAD,Femenino,2010-1,2021,Dependiente,Educación,Entre 5 y 6 SMMLV,Entre 4 y 6 SMMLV,1
2732-Fundación Universitaria Católica del Norte,19219-ESPECIALIZACION EN PEDAGOGIA DE LA VIRTUALIDAD,Masculino,2010-1,2016,Dependiente,Actividades financieras y de seguros,Entre 5 y 6 SMMLV,Entre 4 y 6 SMMLV,1
2732-Fundación Universitaria Católica del Norte,19219-ESPECIALIZACION EN PEDAGOGIA DE LA VIRTUALIDAD,Masculino,2010-1,2016,Dependiente,Educación,"Entre 2,5 y 3 SMMLV","Entre 2,5 y 4 SMMLV",1
2732-Fundación Universitaria Católica del Norte,19219-ESPECIALIZACION EN PEDAGOGIA DE LA VIRTUALIDAD,Masculino,2010-1,2016,Dependiente,Educación,Entre 6 y 7 SMMLV,Entre 6 y 9 SMMLV,1
2732-Fundación Universitaria Católica del Norte,19219-ESPECIALIZACION EN PEDAGOGIA DE LA VIRTUALIDAD,Masculino,2010-1,2016,Dependiente,Educación,Entre 9 y 11 SMMLV,Más de 9 SMMLV,1
2732-Fundación Universitaria Católica del Norte,19219-ESPECIALIZACION EN PEDAGOGIA DE LA VIRTUALIDAD,Masculino,2010-1,2016,Dependiente,Otras actividades de servicios,"Entre 2,5 y 3 SMMLV","Entre 2,5 y 4 SMMLV",1
2732-Fundación Universitaria Católica del Norte,19219-ESPECIALIZACION EN PEDAGOGIA DE LA VIRTUALIDAD,Masculino,2010-1,2017,Dependiente,Actividades de servicios administrativos y de apoyo,"Entre 4,5 y 5 SMMLV",Entre 4 y 6 SMMLV,1
2732-Fundación Universitaria Católica del Norte,19219-ESPECIALIZACION EN PEDAGOGIA DE LA VIRTUALIDAD,Masculino,2010-1,2017,Dependiente,"Actividades profesionales, científicas y técnicas","Entre 2,5 y 3 SMMLV","Entre 2,5 y 4 SMMLV",1
2732-Fundación Universitaria Católica del Norte,19219-ESPECIALIZACION EN PEDAGOGIA DE LA VIRTUALIDAD,Masculino,2010-1,2017,Dependiente,Educación,"Entre 4 y 4,5 SMMLV",Entre 4 y 6 SMMLV,1
2732-Fundación Universitaria Católica del Norte,19219-ESPECIALIZACION EN PEDAGOGIA DE LA VIRTUALIDAD,Masculino,2010-1,2017,Dependiente,Sin información,Entre 5 y 6 SMMLV,Entre 4 y 6 SMMLV,1
2732-Fundación Universitaria Católica del Norte,19219-ESPECIALIZACION EN PEDAGOGIA DE LA VIRTUALIDAD,Masculino,2010-1,2018,Dependiente,Actividades de organizaciones y entidades extraterritoriales,"Entre 3,5 y 4 SMMLV","Entre 2,5 y 4 SMMLV",1
2732-Fundación Universitaria Católica del Norte,19219-ESPECIALIZACION EN PEDAGOGIA DE LA VIRTUALIDAD,Masculino,2010-1,2018,Dependiente,Actividades de servicios administrativos y de apoyo,Entre 7 y 8 SMMLV,Entre 6 y 9 SMMLV,1
2732-Fundación Universitaria Católica del Norte,19219-ESPECIALIZACION EN PEDAGOGIA DE LA VIRTUALIDAD,Masculino,2010-1,2018,Dependiente,Educación,"Entre 4 y 4,5 SMMLV",Entre 4 y 6 SMMLV,1
2732-Fundación Universitaria Católica del Norte,19219-ESPECIALIZACION EN PEDAGOGIA DE LA VIRTUALIDAD,Masculino,2010-1,2018,Dependiente,Sin información,Entre 5 y 6 SMMLV,Entre 4 y 6 SMMLV,1
2732-Fundación Universitaria Católica del Norte,19219-ESPECIALIZACION EN PEDAGOGIA DE LA VIRTUALIDAD,Masculino,2010-1,2019,Dependiente,Actividades de organizaciones y entidades extraterritoriales,"Entre 4 y 4,5 SMMLV",Entre 4 y 6 SMMLV,1
2732-Fundación Universitaria Católica del Norte,19219-ESPECIALIZACION EN PEDAGOGIA DE LA VIRTUALIDAD,Masculino,2010-1,2019,Dependiente,Actividades financieras y de seguros,Entre 5 y 6 SMMLV,Entre 4 y 6 SMMLV,1
2732-Fundación Universitaria Católica del Norte,19219-ESPECIALIZACION EN PEDAGOGIA DE LA VIRTUALIDAD,Masculino,2010-1,2019,Dependiente,Administración pública y defensa; planes de seguridad social de afiliación obligatoria,Entre 5 y 6 SMMLV,Entre 4 y 6 SMMLV,1
2732-Fundación Universitaria Católica del Norte,19219-ESPECIALIZACION EN PEDAGOGIA DE LA VIRTUALIDAD,Masculino,2010-1,2019,Dependiente,Educación,"Entre 2,5 y 3 SMMLV","Entre 2,5 y 4 SMMLV",1
2732-Fundación Universitaria Católica del Norte,19219-ESPECIALIZACION EN PEDAGOGIA DE LA VIRTUALIDAD,Masculino,2010-1,2019,Dependiente,Educación,Entre 7 y 8 SMMLV,Entre 6 y 9 SMMLV,1
2732-Fundación Universitaria Católica del Norte,19219-ESPECIALIZACION EN PEDAGOGIA DE LA VIRTUALIDAD,Masculino,2010-1,2020,Dependiente,Actividades de organizaciones y entidades extraterritoriales,"Entre 3,5 y 4 SMMLV","Entre 2,5 y 4 SMMLV",1
2732-Fundación Universitaria Católica del Norte,19219-ESPECIALIZACION EN PEDAGOGIA DE LA VIRTUALIDAD,Masculino,2010-1,2020,Dependiente,Actividades de servicios administrativos y de apoyo,Entre 7 y 8 SMMLV,Entre 6 y 9 SMMLV,1
2732-Fundación Universitaria Católica del Norte,19219-ESPECIALIZACION EN PEDAGOGIA DE LA VIRTUALIDAD,Masculino,2010-1,2020,Dependiente,Actividades financieras y de seguros,Entre 5 y 6 SMMLV,Entre 4 y 6 SMMLV,1
2732-Fundación Universitaria Católica del Norte,19219-ESPECIALIZACION EN PEDAGOGIA DE LA VIRTUALIDAD,Masculino,2010-1,2020,Dependiente,Administración pública y defensa; planes de seguridad social de afiliación obligatoria,Entre 5 y 6 SMMLV,Entre 4 y 6 SMMLV,1
2732-Fundación Universitaria Católica del Norte,19219-ESPECIALIZACION EN PEDAGOGIA DE LA VIRTUALIDAD,Masculino,2010-1,2020,Dependiente,Educación,"Entre 2,5 y 3 SMMLV","Entre 2,5 y 4 SMMLV",1
2732-Fundación Universitaria Católica del Norte,19219-ESPECIALIZACION EN PEDAGOGIA DE LA VIRTUALIDAD,Masculino,2010-1,2021,Dependiente,Actividades de organizaciones y entidades extraterritoriales,"Entre 4 y 4,5 SMMLV",Entre 4 y 6 SMMLV,1
2732-Fundación Universitaria Católica del Norte,19219-ESPECIALIZACION EN PEDAGOGIA DE LA VIRTUALIDAD,Masculino,2010-1,2021,Dependiente,Actividades financieras y de seguros,"Entre 4 y 4,5 SMMLV",Entre 4 y 6 SMMLV,1
2732-Fundación Universitaria Católica del Norte,19219-ESPECIALIZACION EN PEDAGOGIA DE LA VIRTUALIDAD,Masculino,2010-1,2021,Dependiente,Administración pública y defensa; planes de seguridad social de afiliación obligatoria,Entre 5 y 6 SMMLV,Entre 4 y 6 SMMLV,1
2732-Fundación Universitaria Católica del Norte,19219-ESPECIALIZACION EN PEDAGOGIA DE LA VIRTUALIDAD,Masculino,2010-1,2021,Dependiente,Educación,"Entre 4,5 y 5 SMMLV",Entre 4 y 6 SMMLV,1
2732-Fundación Universitaria Católica del Norte,19219-ESPECIALIZACION EN PEDAGOGIA DE LA VIRTUALIDAD,Masculino,2010-1,2022,Dependiente,Actividades de organizaciones y entidades extraterritoriales,"Entre 4 y 4,5 SMMLV",Entre 4 y 6 SMMLV,1
2732-Fundación Universitaria Católica del Norte,19219-ESPECIALIZACION EN PEDAGOGIA DE LA VIRTUALIDAD,Masculino,2010-1,2022,Dependiente,Actividades financieras y de seguros,Entre 6 y 7 SMMLV,Entre 6 y 9 SMMLV,1
2732-Fundación Universitaria Católica del Norte,19219-ESPECIALIZACION EN PEDAGOGIA DE LA VIRTUALIDAD,Masculino,2010-1,2022,Dependiente,Administración pública y defensa; planes de seguridad social de afiliación obligatoria,Entre 5 y 6 SMMLV,Entre 4 y 6 SMMLV,1
2732-Fundación Universitaria Católica del Norte,19219-ESPECIALIZACION EN PEDAGOGIA DE LA VIRTUALIDAD,Masculino,2010-1,2022,Dependiente,Educación,"Entre 1,5 y 2 SMMLV","Entre 1,5 y 2,5 SMMLV",1
2732-Fundación Universitaria Católica del Norte,19219-ESPECIALIZACION EN PEDAGOGIA DE LA VIRTUALIDAD,Masculino,2010-1,2022,Dependiente,Educación,"Entre 4 y 4,5 SMMLV",Entre 4 y 6 SMMLV,1
2732-Fundación Universitaria Católica del Norte,19219-ESPECIALIZACION EN PEDAGOGIA DE LA VIRTUALIDAD,Masculino,2010-1,2023,Dependiente,Actividades de organizaciones y entidades extraterritoriales,"Entre 4 y 4,5 SMMLV",Entre 4 y 6 SMMLV,1
2732-Fundación Universitaria Católica del Norte,19219-ESPECIALIZACION EN PEDAGOGIA DE LA VIRTUALIDAD,Masculino,2010-1,2023,Dependiente,Actividades de servicios administrativos y de apoyo,Entre 9 y 11 SMMLV,Más de 9 SMMLV,1
2732-Fundación Universitaria Católica del Norte,19219-ESPECIALIZACION EN PEDAGOGIA DE LA VIRTUALIDAD,Masculino,2010-1,2023,Dependiente,Actividades financieras y de seguros,Entre 5 y 6 SMMLV,Entre 4 y 6 SMMLV,1
2732-Fundación Universitaria Católica del Norte,19219-ESPECIALIZACION EN PEDAGOGIA DE LA VIRTUALIDAD,Masculino,2010-1,2023,Dependiente,Administración pública y defensa; planes de seguridad social de afiliación obligatoria,"Entre 3,5 y 4 SMMLV","Entre 2,5 y 4 SMMLV",1
2732-Fundación Universitaria Católica del Norte,5097-INGENIERIA INFORMATICA,Femenino,2010-1,2016,Dependiente,Actividades inmobiliarias,"Entre 2 y 2 ,5 SMMLV","Entre 1,5 y 2,5 SMMLV",1
2732-Fundación Universitaria Católica del Norte,5097-INGENIERIA INFORMATICA,Femenino,2010-1,2016,Dependiente,Explotación de minas y canteras,"Entre 2 y 2 ,5 SMMLV","Entre 1,5 y 2,5 SMMLV",1
2732-Fundación Universitaria Católica del Norte,5097-INGENIERIA INFORMATICA,Femenino,2010-1,2016,Dependiente,Información y comunicaciones,"Entre 2,5 y 3 SMMLV","Entre 2,5 y 4 SMMLV",1
2732-Fundación Universitaria Católica del Norte,5097-INGENIERIA INFORMATICA,Femenino,2010-1,2016,Dependiente,Información y comunicaciones,"Entre 4 y 4,5 SMMLV",Entre 4 y 6 SMMLV,1
2732-Fundación Universitaria Católica del Norte,5097-INGENIERIA INFORMATICA,Femenino,2010-1,2016,Dependiente,Información y comunicaciones,Entre 5 y 6 SMMLV,Entre 4 y 6 SMMLV,2
2732-Fundación Universitaria Católica del Norte,5097-INGENIERIA INFORMATICA,Femenino,2010-1,2016,Dependiente,Sin información,"Entre 3 y 3,5 SMMLV","Entre 2,5 y 4 SMMLV",1
2732-Fundación Universitaria Católica del Norte,5097-INGENIERIA INFORMATICA,Femenino,2010-1,2016,Dependiente,Sin información,Entre 5 y 6 SMMLV,Entre 4 y 6 SMMLV,1
2732-Fundación Universitaria Católica del Norte,5097-INGENIERIA INFORMATICA,Femenino,2010-1,2016,Dependiente,Sin información,Más de 15 SMMLV,Más de 9 SMMLV,1
2732-Fundación Universitaria Católica del Norte,5097-INGENIERIA INFORMATICA,Femenino,2010-1,2017,Dependiente,Actividades de servicios administrativos y de apoyo,"Entre 2 y 2 ,5 SMMLV","Entre 1,5 y 2,5 SMMLV",1
2732-Fundación Universitaria Católica del Norte,5097-INGENIERIA INFORMATICA,Femenino,2010-1,2017,Dependiente,Actividades financieras y de seguros,"Entre 4,5 y 5 SMMLV",Entre 4 y 6 SMMLV,1
2732-Fundación Universitaria Católica del Norte,5097-INGENIERIA INFORMATICA,Femenino,2010-1,2017,Dependiente,"Actividades profesionales, científicas y técnicas","Entre 2 y 2 ,5 SMMLV","Entre 1,5 y 2,5 SMMLV",1
2732-Fundación Universitaria Católica del Norte,5097-INGENIERIA INFORMATICA,Femenino,2010-1,2017,Dependiente,"Actividades profesionales, científicas y técnicas","Entre 3 y 3,5 SMMLV","Entre 2,5 y 4 SMMLV",1
2732-Fundación Universitaria Católica del Norte,5097-INGENIERIA INFORMATICA,Femenino,2010-1,2017,Dependiente,"Actividades profesionales, científicas y técnicas","Entre 4,5 y 5 SMMLV",Entre 4 y 6 SMMLV,1
2732-Fundación Universitaria Católica del Norte,5097-INGENIERIA INFORMATICA,Femenino,2010-1,2017,Dependiente,Administración pública y defensa; planes de seguridad social de afiliación obligatoria,"Entre 1,5 y 2 SMMLV","Entre 1,5 y 2,5 SMMLV",1
2732-Fundación Universitaria Católica del Norte,5097-INGENIERIA INFORMATICA,Femenino,2010-1,2017,Dependiente,Comercio al por mayor y al por menor; reparación de vehículos automotores y motocicletas,"Entre 2 y 2 ,5 SMMLV","Entre 1,5 y 2,5 SMMLV",1
2732-Fundación Universitaria Católica del Norte,5097-INGENIERIA INFORMATICA,Femenino,2010-1,2017,Dependiente,Comercio al por mayor y al por menor; reparación de vehículos automotores y motocicletas,"Entre 4,5 y 5 SMMLV",Entre 4 y 6 SMMLV,1
2732-Fundación Universitaria Católica del Norte,5097-INGENIERIA INFORMATICA,Femenino,2010-1,2017,Dependiente,Información y comunicaciones,"Entre 3 y 3,5 SMMLV","Entre 2,5 y 4 SMMLV",1
2732-Fundación Universitaria Católica del Norte,5097-INGENIERIA INFORMATICA,Femenino,2010-1,2017,Dependiente,Sin información,"Entre 3 y 3,5 SMMLV","Entre 2,5 y 4 SMMLV",1
2732-Fundación Universitaria Católica del Norte,5097-INGENIERIA INFORMATICA,Femenino,2010-1,2017,Dependiente,Sin información,Entre 5 y 6 SMMLV,Entre 4 y 6 SMMLV,1
2732-Fundación Universitaria Católica del Norte,5097-INGENIERIA INFORMATICA,Femenino,2010-1,2018,Dependiente,Actividades de servicios administrativos y de apoyo,"Entre 3 y 3,5 SMMLV","Entre 2,5 y 4 SMMLV",1
2732-Fundación Universitaria Católica del Norte,5097-INGENIERIA INFORMATICA,Femenino,2010-1,2018,Dependiente,Actividades financieras y de seguros,"Entre 1,5 y 2 SMMLV","Entre 1,5 y 2,5 SMMLV",1
2732-Fundación Universitaria Católica del Norte,5097-INGENIERIA INFORMATICA,Femenino,2010-1,2018,Dependiente,"Actividades profesionales, científicas y técnicas","Entre 2 y 2 ,5 SMMLV","Entre 1,5 y 2,5 SMMLV",1
2732-Fundación Universitaria Católica del Norte,5097-INGENIERIA INFORMATICA,Femenino,2010-1,2018,Dependiente,"Actividades profesionales, científicas y técnicas","Entre 3 y 3,5 SMMLV","Entre 2,5 y 4 SMMLV",1
2732-Fundación Universitaria Católica del Norte,5097-INGENIERIA INFORMATICA,Femenino,2010-1,2018,Dependiente,"Actividades profesionales, científicas y técnicas","Entre 4 y 4,5 SMMLV",Entre 4 y 6 SMMLV,1
2732-Fundación Universitaria Católica del Norte,5097-INGENIERIA INFORMATICA,Femenino,2010-1,2018,Dependiente,Administración pública y defensa; planes de seguridad social de afiliación obligatoria,"Entre 1,5 y 2 SMMLV","Entre 1,5 y 2,5 SMMLV",1
2732-Fundación Universitaria Católica del Norte,5097-INGENIERIA INFORMATICA,Femenino,2010-1,2018,Dependiente,Comercio al por mayor y al por menor; reparación de vehículos automotores y motocicletas,"Entre 2 y 2 ,5 SMMLV","Entre 1,5 y 2,5 SMMLV",1
2732-Fundación Universitaria Católica del Norte,5097-INGENIERIA INFORMATICA,Femenino,2010-1,2018,Dependiente,Comercio al por mayor y al por menor; reparación de vehículos automotores y motocicletas,Entre 5 y 6 SMMLV,Entre 4 y 6 SMMLV,1
2732-Fundación Universitaria Católica del Norte,5097-INGENIERIA INFORMATICA,Femenino,2010-1,2018,Dependiente,Información y comunicaciones,"Entre 4,5 y 5 SMMLV",Entre 4 y 6 SMMLV,1
2732-Fundación Universitaria Católica del Norte,5097-INGENIERIA INFORMATICA,Femenino,2010-1,2018,Dependiente,Sin información,"Entre 3 y 3,5 SMMLV","Entre 2,5 y 4 SMMLV",1
2732-Fundación Universitaria Católica del Norte,5097-INGENIERIA INFORMATICA,Femenino,2010-1,2018,Dependiente,Sin información,Entre 9 y 11 SMMLV,Más de 9 SMMLV,1
2732-Fundación Universitaria Católica del Norte,5097-INGENIERIA INFORMATICA,Femenino,2010-1,2019,Dependiente,Actividades de servicios administrativos y de apoyo,"Entre 2,5 y 3 SMMLV","Entre 2,5 y 4 SMMLV",1
2732-Fundación Universitaria Católica del Norte,5097-INGENIERIA INFORMATICA,Femenino,2010-1,2019,Dependiente,Actividades de servicios administrativos y de apoyo,Entre 9 y 11 SMMLV,Más de 9 SMMLV,1
2732-Fundación Universitaria Católica del Norte,5097-INGENIERIA INFORMATICA,Femenino,2010-1,2019,Dependiente,Actividades financieras y de seguros,"Entre 2 y 2 ,5 SMMLV","Entre 1,5 y 2,5 SMMLV",1
2732-Fundación Universitaria Católica del Norte,5097-INGENIERIA INFORMATICA,Femenino,2010-1,2019,Dependiente,"Actividades profesionales, científicas y técnicas","Entre 3 y 3,5 SMMLV","Entre 2,5 y 4 SMMLV",1
2732-Fundación Universitaria Católica del Norte,5097-INGENIERIA INFORMATICA,Femenino,2010-1,2019,Dependiente,"Actividades profesionales, científicas y técnicas","Entre 4,5 y 5 SMMLV",Entre 4 y 6 SMMLV,2
2732-Fundación Universitaria Católica del Norte,5097-INGENIERIA INFORMATICA,Femenino,2010-1,2019,Dependiente,Comercio al por mayor y al por menor; reparación de vehículos automotores y motocicletas,"Entre 2 y 2 ,5 SMMLV","Entre 1,5 y 2,5 SMMLV",1
2732-Fundación Universitaria Católica del Norte,5097-INGENIERIA INFORMATICA,Femenino,2010-1,2019,Dependiente,Comercio al por mayor y al por menor; reparación de vehículos automotores y motocicletas,Entre 5 y 6 SMMLV,Entre 4 y 6 SMMLV,1
2732-Fundación Universitaria Católica del Norte,5097-INGENIERIA INFORMATICA,Femenino,2010-1,2019,Dependiente,Educación,1 SMMLV,1 SMMLV,1
2732-Fundación Universitaria Católica del Norte,5097-INGENIERIA INFORMATICA,Femenino,2010-1,2020,Dependiente,Actividades de servicios administrativos y de apoyo,"Entre 2,5 y 3 SMMLV","Entre 2,5 y 4 SMMLV",1
2732-Fundación Universitaria Católica del Norte,5097-INGENIERIA INFORMATICA,Femenino,2010-1,2020,Dependiente,Actividades de servicios administrativos y de apoyo,"Entre 3,5 y 4 SMMLV","Entre 2,5 y 4 SMMLV",1
2732-Fundación Universitaria Católica del Norte,5097-INGENIERIA INFORMATICA,Femenino,2010-1,2020,Dependiente,Actividades de servicios administrativos y de apoyo,Entre 5 y 6 SMMLV,Entre 4 y 6 SMMLV,1
2732-Fundación Universitaria Católica del Norte,5097-INGENIERIA INFORMATICA,Femenino,2010-1,2020,Dependiente,Actividades financieras y de seguros,"Entre 1,5 y 2 SMMLV","Entre 1,5 y 2,5 SMMLV",1
2732-Fundación Universitaria Católica del Norte,5097-INGENIERIA INFORMATICA,Femenino,2010-1,2020,Dependiente,"Actividades profesionales, científicas y técnicas","Entre 3 y 3,5 SMMLV","Entre 2,5 y 4 SMMLV",1
2732-Fundación Universitaria Católica del Norte,5097-INGENIERIA INFORMATICA,Femenino,2010-1,2020,Dependiente,"Actividades profesionales, científicas y técnicas","Entre 4,5 y 5 SMMLV",Entre 4 y 6 SMMLV,2
2732-Fundación Universitaria Católica del Norte,5097-INGENIERIA INFORMATICA,Femenino,2010-1,2020,Dependiente,Comercio al por mayor y al por menor; reparación de vehículos automotores y motocicletas,"Entre 2 y 2 ,5 SMMLV","Entre 1,5 y 2,5 SMMLV",1
2732-Fundación Universitaria Católica del Norte,5097-INGENIERIA INFORMATICA,Femenino,2010-1,2020,Dependiente,Comercio al por mayor y al por menor; reparación de vehículos automotores y motocicletas,"Entre 4 y 4,5 SMMLV",Entre 4 y 6 SMMLV,1
2732-Fundación Universitaria Católica del Norte,5097-INGENIERIA INFORMATICA,Femenino,2010-1,2021,Dependiente,Actividades de servicios administrativos y de apoyo,"Entre 2,5 y 3 SMMLV","Entre 2,5 y 4 SMMLV",1
2732-Fundación Universitaria Católica del Norte,5097-INGENIERIA INFORMATICA,Femenino,2010-1,2021,Dependiente,Actividades financieras y de seguros,"Entre 3,5 y 4 SMMLV","Entre 2,5 y 4 SMMLV",1
2732-Fundación Universitaria Católica del Norte,5097-INGENIERIA INFORMATICA,Femenino,2010-1,2021,Dependiente,Actividades financieras y de seguros,"Entre 4,5 y 5 SMMLV",Entre 4 y 6 SMMLV,1
2732-Fundación Universitaria Católica del Norte,5097-INGENIERIA INFORMATICA,Femenino,2010-1,2021,Dependiente,"Actividades profesionales, científicas y técnicas",Entre 5 y 6 SMMLV,Entre 4 y 6 SMMLV,2
2732-Fundación Universitaria Católica del Norte,5097-INGENIERIA INFORMATICA,Femenino,2010-1,2021,Dependiente,Comercio al por mayor y al por menor; reparación de vehículos automotores y motocicletas,"Entre 2 y 2 ,5 SMMLV","Entre 1,5 y 2,5 SMMLV",1
2732-Fundación Universitaria Católica del Norte,5097-INGENIERIA INFORMATICA,Femenino,2010-1,2021,Dependiente,Información y comunicaciones,"Entre 4,5 y 5 SMMLV",Entre 4 y 6 SMMLV,1
2732-Fundación Universitaria Católica del Norte,5097-INGENIERIA INFORMATICA,Femenino,2010-1,2022,Dependiente,Actividades de servicios administrativos y de apoyo,"Entre 2 y 2 ,5 SMMLV","Entre 1,5 y 2,5 SMMLV",1
2732-Fundación Universitaria Católica del Norte,5097-INGENIERIA INFORMATICA,Femenino,2010-1,2022,Dependiente,Actividades de servicios administrativos y de apoyo,Entre 5 y 6 SMMLV,Entre 4 y 6 SMMLV,1
2732-Fundación Universitaria Católica del Norte,5097-INGENIERIA INFORMATICA,Femenino,2010-1,2022,Dependiente,Actividades financieras y de seguros,"Entre 4 y 4,5 SMMLV",Entre 4 y 6 SMMLV,1
2732-Fundación Universitaria Católica del Norte,5097-INGENIERIA INFORMATICA,Femenino,2010-1,2022,Dependiente,"Actividades profesionales, científicas y técnicas","Entre 4,5 y 5 SMMLV",Entre 4 y 6 SMMLV,1
2732-Fundación Universitaria Católica del Norte,5097-INGENIERIA INFORMATICA,Femenino,2010-1,2022,Dependiente,"Actividades profesionales, científicas y técnicas",Entre 5 y 6 SMMLV,Entre 4 y 6 SMMLV,1
2732-Fundación Universitaria Católica del Norte,5097-INGENIERIA INFORMATICA,Femenino,2010-1,2022,Dependiente,"Actividades profesionales, científicas y técnicas",Entre 7 y 8 SMMLV,Entre 6 y 9 SMMLV,1
2732-Fundación Universitaria Católica del Norte,5097-INGENIERIA INFORMATICA,Femenino,2010-1,2022,Dependiente,Comercio al por mayor y al por menor; reparación de vehículos automotores y motocicletas,"Entre 2 y 2 ,5 SMMLV","Entre 1,5 y 2,5 SMMLV",1
2732-Fundación Universitaria Católica del Norte,5097-INGENIERIA INFORMATICA,Femenino,2010-1,2023,Dependiente,Actividades de servicios administrativos y de apoyo,"Entre 2,5 y 3 SMMLV","Entre 2,5 y 4 SMMLV",1
2732-Fundación Universitaria Católica del Norte,5097-INGENIERIA INFORMATICA,Femenino,2010-1,2023,Dependiente,Actividades financieras y de seguros,"Entre 4,5 y 5 SMMLV",Entre 4 y 6 SMMLV,1
2732-Fundación Universitaria Católica del Norte,5097-INGENIERIA INFORMATICA,Femenino,2010-1,2023,Dependiente,"Actividades profesionales, científicas y técnicas",Entre 6 y 7 SMMLV,Entre 6 y 9 SMMLV,3
2732-Fundación Universitaria Católica del Norte,5097-INGENIERIA INFORMATICA,Femenino,2010-1,2023,Dependiente,Comercio al por mayor y al por menor; reparación de vehículos automotores y motocicletas,"Entre 1,5 y 2 SMMLV","Entre 1,5 y 2,5 SMMLV",1
2732-Fundación Universitaria Católica del Norte,5097-INGENIERIA INFORMATICA,Femenino,2010-1,2023,Dependiente,Información y comunicaciones,Entre 7 y 8 SMMLV,Entre 6 y 9 SMMLV,1
2732-Fundación Universitaria Católica del Norte,5097-INGENIERIA INFORMATICA,Masculino,2010-1,2016,Dependiente,Actividades de servicios administrativos y de apoyo,1 SMMLV,1 SMMLV,1
2732-Fundación Universitaria Católica del Norte,5097-INGENIERIA INFORMATICA,Masculino,2010-1,2016,Dependiente,Actividades financieras y de seguros,Entre 7 y 8 SMMLV,Entre 6 y 9 SMMLV,1
2732-Fundación Universitaria Católica del Norte,5097-INGENIERIA INFORMATICA,Masculino,2010-1,2016,Dependiente,Administración pública y defensa; planes de seguridad social de afiliación obligatoria,"Entre 2 y 2 ,5 SMMLV","Entre 1,5 y 2,5 SMMLV",3
2732-Fundación Universitaria Católica del Norte,5097-INGENIERIA INFORMATICA,Masculino,2010-1,2016,Dependiente,Administración pública y defensa; planes de seguridad social de afiliación obligatoria,"Entre 3,5 y 4 SMMLV","Entre 2,5 y 4 SMMLV",1
2732-Fundación Universitaria Católica del Norte,5097-INGENIERIA INFORMATICA,Masculino,2010-1,2016,Dependiente,Comercio al por mayor y al por menor; reparación de vehículos automotores y motocicletas,"Entre 4 y 4,5 SMMLV",Entre 4 y 6 SMMLV,1
2732-Fundación Universitaria Católica del Norte,5097-INGENIERIA INFORMATICA,Masculino,2010-1,2016,Dependiente,Comercio al por mayor y al por menor; reparación de vehículos automotores y motocicletas,Entre 11 y 13 SMMLV,Más de 9 SMMLV,1
2732-Fundación Universitaria Católica del Norte,5097-INGENIERIA INFORMATICA,Masculino,2010-1,2016,Dependiente,"Distribución de agua; evacuación y tratamiento de aguas residuales, gestión de desechos y actividades de saneamiento ambiental",Entre 5 y 6 SMMLV,Entre 4 y 6 SMMLV,1
2732-Fundación Universitaria Católica del Norte,5097-INGENIERIA INFORMATICA,Masculino,2010-1,2016,Dependiente,Educación,"Entre 2 y 2 ,5 SMMLV","Entre 1,5 y 2,5 SMMLV",1
2732-Fundación Universitaria Católica del Norte,5097-INGENIERIA INFORMATICA,Masculino,2010-1,2016,Dependiente,Educación,"Entre 3,5 y 4 SMMLV","Entre 2,5 y 4 SMMLV",1
2732-Fundación Universitaria Católica del Norte,5097-INGENIERIA INFORMATICA,Masculino,2010-1,2016,Dependiente,Información y comunicaciones,"Entre 3,5 y 4 SMMLV","Entre 2,5 y 4 SMMLV",1
2732-Fundación Universitaria Católica del Norte,5097-INGENIERIA INFORMATICA,Masculino,2010-1,2016,Dependiente,Información y comunicaciones,"Entre 4 y 4,5 SMMLV",Entre 4 y 6 SMMLV,1
2732-Fundación Universitaria Católica del Norte,5097-INGENIERIA INFORMATICA,Masculino,2010-1,2016,Dependiente,Información y comunicaciones,Entre 6 y 7 SMMLV,Entre 6 y 9 SMMLV,1
2732-Fundación Universitaria Católica del Norte,5097-INGENIERIA INFORMATICA,Masculino,2010-1,2016,Dependiente,Información y comunicaciones,Entre 7 y 8 SMMLV,Entre 6 y 9 SMMLV,1
2732-Fundación Universitaria Católica del Norte,5097-INGENIERIA INFORMATICA,Masculino,2010-1,2016,Dependiente,Sin información,Entre 5 y 6 SMMLV,Entre 4 y 6 SMMLV,2
2732-Fundación Universitaria Católica del Norte,5097-INGENIERIA INFORMATICA,Masculino,2010-1,2016,Dependiente,Sin información,Entre 6 y 7 SMMLV,Entre 6 y 9 SMMLV,1
2732-Fundación Universitaria Católica del Norte,5097-INGENIERIA INFORMATICA,Masculino,2010-1,2017,Dependiente,Actividades de servicios administrativos y de apoyo,"Entre 2 y 2 ,5 SMMLV","Entre 1,5 y 2,5 SMMLV",1
2732-Fundación Universitaria Católica del Norte,5097-INGENIERIA INFORMATICA,Masculino,2010-1,2017,Dependiente,Actividades financieras y de seguros,Entre 6 y 7 SMMLV,Entre 6 y 9 SMMLV,1
2732-Fundación Universitaria Católica del Norte,5097-INGENIERIA INFORMATICA,Masculino,2010-1,2017,Dependiente,Administración pública y defensa; planes de seguridad social de afiliación obligatoria,"Entre 2 y 2 ,5 SMMLV","Entre 1,5 y 2,5 SMMLV",1
2732-Fundación Universitaria Católica del Norte,5097-INGENIERIA INFORMATICA,Masculino,2010-1,2017,Dependiente,Administración pública y defensa; planes de seguridad social de afiliación obligatoria,"Entre 3,5 y 4 SMMLV","Entre 2,5 y 4 SMMLV",1
2732-Fundación Universitaria Católica del Norte,5097-INGENIERIA INFORMATICA,Masculino,2010-1,2017,Dependiente,Comercio al por mayor y al por menor; reparación de vehículos automotores y motocicletas,"Entre 4 y 4,5 SMMLV",Entre 4 y 6 SMMLV,1
2732-Fundación Universitaria Católica del Norte,5097-INGENIERIA INFORMATICA,Masculino,2010-1,2017,Dependiente,Comercio al por mayor y al por menor; reparación de vehículos automotores y motocicletas,Entre 5 y 6 SMMLV,Entre 4 y 6 SMMLV,1
2732-Fundación Universitaria Católica del Norte,5097-INGENIERIA INFORMATICA,Masculino,2010-1,2017,Dependiente,Comercio al por mayor y al por menor; reparación de vehículos automotores y motocicletas,Entre 9 y 11 SMMLV,Más de 9 SMMLV,1
2732-Fundación Universitaria Católica del Norte,5097-INGENIERIA INFORMATICA,Masculino,2010-1,2017,Dependiente,Educación,"Entre 3,5 y 4 SMMLV","Entre 2,5 y 4 SMMLV",1
2732-Fundación Universitaria Católica del Norte,5097-INGENIERIA INFORMATICA,Masculino,2010-1,2017,Dependiente,Información y comunicaciones,"Entre 3 y 3,5 SMMLV","Entre 2,5 y 4 SMMLV",1
2732-Fundación Universitaria Católica del Norte,5097-INGENIERIA INFORMATICA,Masculino,2010-1,2017,Dependiente,Información y comunicaciones,"Entre 4,5 y 5 SMMLV",Entre 4 y 6 SMMLV,1
2732-Fundación Universitaria Católica del Norte,5097-INGENIERIA INFORMATICA,Masculino,2010-1,2017,Dependiente,Información y comunicaciones,Entre 5 y 6 SMMLV,Entre 4 y 6 SMMLV,1
2732-Fundación Universitaria Católica del Norte,5097-INGENIERIA INFORMATICA,Masculino,2010-1,2017,Dependiente,Información y comunicaciones,Entre 6 y 7 SMMLV,Entre 6 y 9 SMMLV,1
2732-Fundación Universitaria Católica del Norte,5097-INGENIERIA INFORMATICA,Masculino,2010-1,2017,Dependiente,Sin información,"Entre 1 y 1,5 SMMLV","Entre 1 y 1,5 SMMLV",1
2732-Fundación Universitaria Católica del Norte,5097-INGENIERIA INFORMATICA,Masculino,2010-1,2017,Dependiente,Sin información,"Entre 1,5 y 2 SMMLV","Entre 1,5 y 2,5 SMMLV",1
2732-Fundación Universitaria Católica del Norte,5097-INGENIERIA INFORMATICA,Masculino,2010-1,2017,Dependiente,Sin información,"Entre 2 y 2 ,5 SMMLV","Entre 1,5 y 2,5 SMMLV",1
2732-Fundación Universitaria Católica del Norte,5097-INGENIERIA INFORMATICA,Masculino,2010-1,2017,Dependiente,Sin información,Entre 6 y 7 SMMLV,Entre 6 y 9 SMMLV,1
2732-Fundación Universitaria Católica del Norte,5097-INGENIERIA INFORMATICA,Masculino,2010-1,2017,Dependiente,Sin información,Entre 7 y 8 SMMLV,Entre 6 y 9 SMMLV,1
2732-Fundación Universitaria Católica del Norte,5097-INGENIERIA INFORMATICA,Masculino,2010-1,2018,Dependiente,"Actividades profesionales, científicas y técnicas","Entre 1,5 y 2 SMMLV","Entre 1,5 y 2,5 SMMLV",1
2732-Fundación Universitaria Católica del Norte,5097-INGENIERIA INFORMATICA,Masculino,2010-1,2018,Dependiente,Administración pública y defensa; planes de seguridad social de afiliación obligatoria,"Entre 1 y 1,5 SMMLV","Entre 1 y 1,5 SMMLV",1
2732-Fundación Universitaria Católica del Norte,5097-INGENIERIA INFORMATICA,Masculino,2010-1,2018,Dependiente,Administración pública y defensa; planes de seguridad social de afiliación obligatoria,"Entre 3,5 y 4 SMMLV","Entre 2,5 y 4 SMMLV",1
2732-Fundación Universitaria Católica del Norte,5097-INGENIERIA INFORMATICA,Masculino,2010-1,2018,Dependiente,Comercio al por mayor y al por menor; reparación de vehículos automotores y motocicletas,Entre 5 y 6 SMMLV,Entre 4 y 6 SMMLV,1
2732-Fundación Universitaria Católica del Norte,5097-INGENIERIA INFORMATICA,Masculino,2010-1,2018,Dependiente,Educación,"Entre 4,5 y 5 SMMLV",Entre 4 y 6 SMMLV,1
2732-Fundación Universitaria Católica del Norte,5097-INGENIERIA INFORMATICA,Masculino,2010-1,2018,Dependiente,Información y comunicaciones,"Entre 3 y 3,5 SMMLV","Entre 2,5 y 4 SMMLV",1
2732-Fundación Universitaria Católica del Norte,5097-INGENIERIA INFORMATICA,Masculino,2010-1,2018,Dependiente,Información y comunicaciones,Entre 5 y 6 SMMLV,Entre 4 y 6 SMMLV,1
2732-Fundación Universitaria Católica del Norte,5097-INGENIERIA INFORMATICA,Masculino,2010-1,2018,Dependiente,Información y comunicaciones,Entre 6 y 7 SMMLV,Entre 6 y 9 SMMLV,1
2732-Fundación Universitaria Católica del Norte,5097-INGENIERIA INFORMATICA,Masculino,2010-1,2018,Dependiente,Información y comunicaciones,Entre 7 y 8 SMMLV,Entre 6 y 9 SMMLV,1
2732-Fundación Universitaria Católica del Norte,5097-INGENIERIA INFORMATICA,Masculino,2010-1,2018,Dependiente,Información y comunicaciones,Entre 8 y 9 SMMLV,Entre 6 y 9 SMMLV,1
2732-Fundación Universitaria Católica del Norte,5097-INGENIERIA INFORMATICA,Masculino,2010-1,2018,Dependiente,Sin información,1 SMMLV,1 SMMLV,1
2732-Fundación Universitaria Católica del Norte,5097-INGENIERIA INFORMATICA,Masculino,2010-1,2018,Dependiente,Sin información,"Entre 1 y 1,5 SMMLV","Entre 1 y 1,5 SMMLV",1
2732-Fundación Universitaria Católica del Norte,5097-INGENIERIA INFORMATICA,Masculino,2010-1,2018,Dependiente,Sin información,"Entre 2,5 y 3 SMMLV","Entre 2,5 y 4 SMMLV",1
2732-Fundación Universitaria Católica del Norte,5097-INGENIERIA INFORMATICA,Masculino,2010-1,2018,Dependiente,Sin información,"Entre 4 y 4,5 SMMLV",Entre 4 y 6 SMMLV,1
2732-Fundación Universitaria Católica del Norte,5097-INGENIERIA INFORMATICA,Masculino,2010-1,2018,Dependiente,Sin información,Entre 6 y 7 SMMLV,Entre 6 y 9 SMMLV,1
2732-Fundación Universitaria Católica del Norte,5097-INGENIERIA INFORMATICA,Masculino,2010-1,2018,Dependiente,Sin información,Entre 9 y 11 SMMLV,Más de 9 SMMLV,1
2732-Fundación Universitaria Católica del Norte,5097-INGENIERIA INFORMATICA,Masculino,2010-1,2018,Dependiente,"Suministro de electricidad, gas, vapor y aire acondicionado","Entre 2 y 2 ,5 SMMLV","Entre 1,5 y 2,5 SMMLV",1
2732-Fundación Universitaria Católica del Norte,5097-INGENIERIA INFORMATICA,Masculino,2010-1,2019,Dependiente,"Actividades profesionales, científicas y técnicas","Entre 3,5 y 4 SMMLV","Entre 2,5 y 4 SMMLV",1
2732-Fundación Universitaria Católica del Norte,5097-INGENIERIA INFORMATICA,Masculino,2010-1,2019,Dependiente,Administración pública y defensa; planes de seguridad social de afiliación obligatoria,"Entre 2,5 y 3 SMMLV","Entre 2,5 y 4 SMMLV",1
2732-Fundación Universitaria Católica del Norte,5097-INGENIERIA INFORMATICA,Masculino,2010-1,2019,Dependiente,Administración pública y defensa; planes de seguridad social de afiliación obligatoria,"Entre 4 y 4,5 SMMLV",Entre 4 y 6 SMMLV,1
2732-Fundación Universitaria Católica del Norte,5097-INGENIERIA INFORMATICA,Masculino,2010-1,2019,Dependiente,Comercio al por mayor y al por menor; reparación de vehículos automotores y motocicletas,1 SMMLV,1 SMMLV,1
2732-Fundación Universitaria Católica del Norte,5097-INGENIERIA INFORMATICA,Masculino,2010-1,2019,Dependiente,Comercio al por mayor y al por menor; reparación de vehículos automotores y motocicletas,Entre 9 y 11 SMMLV,Más de 9 SMMLV,1
2732-Fundación Universitaria Católica del Norte,5097-INGENIERIA INFORMATICA,Masculino,2010-1,2019,Dependiente,Construccion,"Entre 1 y 1,5 SMMLV","Entre 1 y 1,5 SMMLV",1
2732-Fundación Universitaria Católica del Norte,5097-INGENIERIA INFORMATICA,Masculino,2010-1,2019,Dependiente,Educación,"Entre 4,5 y 5 SMMLV",Entre 4 y 6 SMMLV,1
2732-Fundación Universitaria Católica del Norte,5097-INGENIERIA INFORMATICA,Masculino,2010-1,2019,Dependiente,Información y comunicaciones,"Entre 1,5 y 2 SMMLV","Entre 1,5 y 2,5 SMMLV",1
2732-Fundación Universitaria Católica del Norte,5097-INGENIERIA INFORMATICA,Masculino,2010-1,2019,Dependiente,Información y comunicaciones,"Entre 2,5 y 3 SMMLV","Entre 2,5 y 4 SMMLV",1
2732-Fundación Universitaria Católica del Norte,5097-INGENIERIA INFORMATICA,Masculino,2010-1,2019,Dependiente,Información y comunicaciones,"Entre 4,5 y 5 SMMLV",Entre 4 y 6 SMMLV,1
2732-Fundación Universitaria Católica del Norte,5097-INGENIERIA INFORMATICA,Masculino,2010-1,2019,Dependiente,Información y comunicaciones,Entre 6 y 7 SMMLV,Entre 6 y 9 SMMLV,2
2732-Fundación Universitaria Católica del Norte,5097-INGENIERIA INFORMATICA,Masculino,2010-1,2019,Dependiente,Información y comunicaciones,Entre 11 y 13 SMMLV,Más de 9 SMMLV,1
2732-Fundación Universitaria Católica del Norte,5097-INGENIERIA INFORMATICA,Masculino,2010-1,2019,Dependiente,Sin información,Entre 5 y 6 SMMLV,Entre 4 y 6 SMMLV,1
2732-Fundación Universitaria Católica del Norte,5097-INGENIERIA INFORMATICA,Masculino,2010-1,2019,Dependiente,Sin información,Entre 6 y 7 SMMLV,Entre 6 y 9 SMMLV,1
2732-Fundación Universitaria Católica del Norte,5097-INGENIERIA INFORMATICA,Masculino,2010-1,2019,Dependiente,"Suministro de electricidad, gas, vapor y aire acondicionado","Entre 2 y 2 ,5 SMMLV","Entre 1,5 y 2,5 SMMLV",1
2732-Fundación Universitaria Católica del Norte,5097-INGENIERIA INFORMATICA,Masculino,2010-1,2020,Dependiente,Actividades de servicios administrativos y de apoyo,Entre 6 y 7 SMMLV,Entre 6 y 9 SMMLV,1
2732-Fundación Universitaria Católica del Norte,5097-INGENIERIA INFORMATICA,Masculino,2010-1,2020,Dependiente,"Actividades profesionales, científicas y técnicas",Entre 9 y 11 SMMLV,Más de 9 SMMLV,1
2732-Fundación Universitaria Católica del Norte,5097-INGENIERIA INFORMATICA,Masculino,2010-1,2020,Dependiente,Administración pública y defensa; planes de seguridad social de afiliación obligatoria,"Entre 2,5 y 3 SMMLV","Entre 2,5 y 4 SMMLV",1
2732-Fundación Universitaria Católica del Norte,5097-INGENIERIA INFORMATICA,Masculino,2010-1,2020,Dependiente,Administración pública y defensa; planes de seguridad social de afiliación obligatoria,"Entre 4 y 4,5 SMMLV",Entre 4 y 6 SMMLV,1
2732-Fundación Universitaria Católica del Norte,5097-INGENIERIA INFORMATICA,Masculino,2010-1,2020,Dependiente,Comercio al por mayor y al por menor; reparación de vehículos automotores y motocicletas,"Entre 1 y 1,5 SMMLV","Entre 1 y 1,5 SMMLV",1
2732-Fundación Universitaria Católica del Norte,5097-INGENIERIA INFORMATICA,Masculino,2010-1,2020,Dependiente,Construccion,1 SMMLV,1 SMMLV,1
2732-Fundación Universitaria Católica del Norte,5097-INGENIERIA INFORMATICA,Masculino,2010-1,2020,Dependiente,Construccion,"Entre 2,5 y 3 SMMLV","Entre 2,5 y 4 SMMLV",1
2732-Fundación Universitaria Católica del Norte,5097-INGENIERIA INFORMATICA,Masculino,2010-1,2020,Dependiente,Educación,"Entre 4,5 y 5 SMMLV",Entre 4 y 6 SMMLV,1
2732-Fundación Universitaria Católica del Norte,5097-INGENIERIA INFORMATICA,Masculino,2010-1,2020,Dependiente,Información y comunicaciones,"Entre 3 y 3,5 SMMLV","Entre 2,5 y 4 SMMLV",1
2732-Fundación Universitaria Católica del Norte,5097-INGENIERIA INFORMATICA,Masculino,2010-1,2020,Dependiente,Información y comunicaciones,Entre 5 y 6 SMMLV,Entre 4 y 6 SMMLV,1
2732-Fundación Universitaria Católica del Norte,5097-INGENIERIA INFORMATICA,Masculino,2010-1,2020,Dependiente,Información y comunicaciones,Entre 7 y 8 SMMLV,Entre 6 y 9 SMMLV,1
2732-Fundación Universitaria Católica del Norte,5097-INGENIERIA INFORMATICA,Masculino,2010-1,2020,Dependiente,Información y comunicaciones,Entre 9 y 11 SMMLV,Más de 9 SMMLV,2
2732-Fundación Universitaria Católica del Norte,5097-INGENIERIA INFORMATICA,Masculino,2010-1,2020,Dependiente,"Suministro de electricidad, gas, vapor y aire acondicionado","Entre 2 y 2 ,5 SMMLV","Entre 1,5 y 2,5 SMMLV",1
2732-Fundación Universitaria Católica del Norte,5097-INGENIERIA INFORMATICA,Masculino,2010-1,2021,Dependiente,Actividades de servicios administrativos y de apoyo,Entre 6 y 7 SMMLV,Entre 6 y 9 SMMLV,1
2732-Fundación Universitaria Católica del Norte,5097-INGENIERIA INFORMATICA,Masculino,2010-1,2021,Dependiente,Administración pública y defensa; planes de seguridad social de afiliación obligatoria,"Entre 4 y 4,5 SMMLV",Entre 4 y 6 SMMLV,1
2732-Fundación Universitaria Católica del Norte,5097-INGENIERIA INFORMATICA,Masculino,2010-1,2021,Dependiente,Comercio al por mayor y al por menor; reparación de vehículos automotores y motocicletas,"Entre 1 y 1,5 SMMLV","Entre 1 y 1,5 SMMLV",1
2732-Fundación Universitaria Católica del Norte,5097-INGENIERIA INFORMATICA,Masculino,2010-1,2021,Dependiente,Comercio al por mayor y al por menor; reparación de vehículos automotores y motocicletas,Entre 9 y 11 SMMLV,Más de 9 SMMLV,1
2732-Fundación Universitaria Católica del Norte,5097-INGENIERIA INFORMATICA,Masculino,2010-1,2021,Dependiente,Educación,"Entre 4,5 y 5 SMMLV",Entre 4 y 6 SMMLV,1
2732-Fundación Universitaria Católica del Norte,5097-INGENIERIA INFORMATICA,Masculino,2010-1,2021,Dependiente,Explotación de minas y canteras,"Entre 1,5 y 2 SMMLV","Entre 1,5 y 2,5 SMMLV",1
2732-Fundación Universitaria Católica del Norte,5097-INGENIERIA INFORMATICA,Masculino,2010-1,2021,Dependiente,Información y comunicaciones,"Entre 3 y 3,5 SMMLV","Entre 2,5 y 4 SMMLV",1
2732-Fundación Universitaria Católica del Norte,5097-INGENIERIA INFORMATICA,Masculino,2010-1,2021,Dependiente,Información y comunicaciones,Entre 7 y 8 SMMLV,Entre 6 y 9 SMMLV,1
2732-Fundación Universitaria Católica del Norte,5097-INGENIERIA INFORMATICA,Masculino,2010-1,2021,Dependiente,Información y comunicaciones,Entre 8 y 9 SMMLV,Entre 6 y 9 SMMLV,2
2732-Fundación Universitaria Católica del Norte,5097-INGENIERIA INFORMATICA,Masculino,2010-1,2021,Dependiente,Información y comunicaciones,Entre 9 y 11 SMMLV,Más de 9 SMMLV,1
2732-Fundación Universitaria Católica del Norte,5097-INGENIERIA INFORMATICA,Masculino,2010-1,2021,Dependiente,"Suministro de electricidad, gas, vapor y aire acondicionado","Entre 2,5 y 3 SMMLV","Entre 2,5 y 4 SMMLV",1
2732-Fundación Universitaria Católica del Norte,5097-INGENIERIA INFORMATICA,Masculino,2010-1,2022,Dependiente,Actividades de servicios administrativos y de apoyo,Entre 6 y 7 SMMLV,Entre 6 y 9 SMMLV,1
2732-Fundación Universitaria Católica del Norte,5097-INGENIERIA INFORMATICA,Masculino,2010-1,2022,Dependiente,"Actividades profesionales, científicas y técnicas","Entre 2 y 2 ,5 SMMLV","Entre 1,5 y 2,5 SMMLV",1
2732-Fundación Universitaria Católica del Norte,5097-INGENIERIA INFORMATICA,Masculino,2010-1,2022,Dependiente,Administración pública y defensa; planes de seguridad social de afiliación obligatoria,"Entre 4,5 y 5 SMMLV",Entre 4 y 6 SMMLV,1
2732-Fundación Universitaria Católica del Norte,5097-INGENIERIA INFORMATICA,Masculino,2010-1,2022,Dependiente,Comercio al por mayor y al por menor; reparación de vehículos automotores y motocicletas,Entre 9 y 11 SMMLV,Más de 9 SMMLV,1
2732-Fundación Universitaria Católica del Norte,5097-INGENIERIA INFORMATICA,Masculino,2010-1,2022,Dependiente,Educación,"Entre 4 y 4,5 SMMLV",Entre 4 y 6 SMMLV,1
2732-Fundación Universitaria Católica del Norte,5097-INGENIERIA INFORMATICA,Masculino,2010-1,2022,Dependiente,Explotación de minas y canteras,"Entre 1,5 y 2 SMMLV","Entre 1,5 y 2,5 SMMLV",1
2732-Fundación Universitaria Católica del Norte,5097-INGENIERIA INFORMATICA,Masculino,2010-1,2022,Dependiente,Industrias manufactureras,1 SMMLV,1 SMMLV,1
2732-Fundación Universitaria Católica del Norte,5097-INGENIERIA INFORMATICA,Masculino,2010-1,2022,Dependiente,Información y comunicaciones,"Entre 2,5 y 3 SMMLV","Entre 2,5 y 4 SMMLV",1
2732-Fundación Universitaria Católica del Norte,5097-INGENIERIA INFORMATICA,Masculino,2010-1,2022,Dependiente,Información y comunicaciones,Entre 7 y 8 SMMLV,Entre 6 y 9 SMMLV,1
2732-Fundación Universitaria Católica del Norte,5097-INGENIERIA INFORMATICA,Masculino,2010-1,2022,Dependiente,Información y comunicaciones,Entre 9 y 11 SMMLV,Más de 9 SMMLV,2
2732-Fundación Universitaria Católica del Norte,5097-INGENIERIA INFORMATICA,Masculino,2010-1,2022,Dependiente,Información y comunicaciones,Entre 13 y 15 SMMLV,Más de 9 SMMLV,1
2732-Fundación Universitaria Católica del Norte,5097-INGENIERIA INFORMATICA,Masculino,2010-1,2022,Dependiente,Otras actividades de servicios,Entre 5 y 6 SMMLV,Entre 4 y 6 SMMLV,1
2732-Fundación Universitaria Católica del Norte,5097-INGENIERIA INFORMATICA,Masculino,2010-1,2022,Dependiente,"Suministro de electricidad, gas, vapor y aire acondicionado","Entre 4 y 4,5 SMMLV",Entre 4 y 6 SMMLV,1
2732-Fundación Universitaria Católica del Norte,5097-INGENIERIA INFORMATICA,Masculino,2010-1,2023,Dependiente,Actividades de servicios administrativos y de apoyo,Entre 6 y 7 SMMLV,Entre 6 y 9 SMMLV,1
2732-Fundación Universitaria Católica del Norte,5097-INGENIERIA INFORMATICA,Masculino,2010-1,2023,Dependiente,"Actividades profesionales, científicas y técnicas","Entre 1,5 y 2 SMMLV","Entre 1,5 y 2,5 SMMLV",1
2732-Fundación Universitaria Católica del Norte,5097-INGENIERIA INFORMATICA,Masculino,2010-1,2023,Dependiente,Administración pública y defensa; planes de seguridad social de afiliación obligatoria,"Entre 4,5 y 5 SMMLV",Entre 4 y 6 SMMLV,1
2732-Fundación Universitaria Católica del Norte,5097-INGENIERIA INFORMATICA,Masculino,2010-1,2023,Dependiente,Comercio al por mayor y al por menor; reparación de vehículos automotores y motocicletas,Entre 9 y 11 SMMLV,Más de 9 SMMLV,1
2732-Fundación Universitaria Católica del Norte,5097-INGENIERIA INFORMATICA,Masculino,2010-1,2023,Dependiente,Educación,"Entre 3 y 3,5 SMMLV","Entre 2,5 y 4 SMMLV",1
2732-Fundación Universitaria Católica del Norte,5097-INGENIERIA INFORMATICA,Masculino,2010-1,2023,Dependiente,Información y comunicaciones,"Entre 2,5 y 3 SMMLV","Entre 2,5 y 4 SMMLV",1
2732-Fundación Universitaria Católica del Norte,5097-INGENIERIA INFORMATICA,Masculino,2010-1,2023,Dependiente,Información y comunicaciones,Entre 7 y 8 SMMLV,Entre 6 y 9 SMMLV,2
2732-Fundación Universitaria Católica del Norte,5097-INGENIERIA INFORMATICA,Masculino,2010-1,2023,Dependiente,Información y comunicaciones,Entre 9 y 11 SMMLV,Más de 9 SMMLV,1
2732-Fundación Universitaria Católica del Norte,5097-INGENIERIA INFORMATICA,Masculino,2010-1,2023,Dependiente,Información y comunicaciones,Entre 13 y 15 SMMLV,Más de 9 SMMLV,1
2732-Fundación Universitaria Católica del Norte,5097-INGENIERIA INFORMATICA,Masculino,2010-1,2023,Dependiente,"Suministro de electricidad, gas, vapor y aire acondicionado",1 SMMLV,1 SMMLV,1
2732-Fundación Universitaria Católica del Norte,5097-INGENIERIA INFORMATICA,Masculino,2010-1,2023,Dependiente,Transporte y almacenamiento,"Entre 1 y 1,5 SMMLV","Entre 1 y 1,5 SMMLV",1
2732-Fundación Universitaria Católica del Norte,9570-LICENCIATURA EN FILOSOFIA Y EDUCACION RELIGIOSA,Femenino,2010-1,2016,Dependiente,Administración pública y defensa; planes de seguridad social de afiliación obligatoria,"Entre 2 y 2 ,5 SMMLV","Entre 1,5 y 2,5 SMMLV",2
2732-Fundación Universitaria Católica del Norte,9570-LICENCIATURA EN FILOSOFIA Y EDUCACION RELIGIOSA,Femenino,2010-1,2016,Dependiente,Administración pública y defensa; planes de seguridad social de afiliación obligatoria,"Entre 2,5 y 3 SMMLV","Entre 2,5 y 4 SMMLV",1
2732-Fundación Universitaria Católica del Norte,9570-LICENCIATURA EN FILOSOFIA Y EDUCACION RELIGIOSA,Femenino,2010-1,2016,Dependiente,Administración pública y defensa; planes de seguridad social de afiliación obligatoria,"Entre 3,5 y 4 SMMLV","Entre 2,5 y 4 SMMLV",1
2732-Fundación Universitaria Católica del Norte,9570-LICENCIATURA EN FILOSOFIA Y EDUCACION RELIGIOSA,Femenino,2010-1,2016,Dependiente,Educación,"Entre 2 y 2 ,5 SMMLV","Entre 1,5 y 2,5 SMMLV",1
2732-Fundación Universitaria Católica del Norte,9570-LICENCIATURA EN FILOSOFIA Y EDUCACION RELIGIOSA,Femenino,2010-1,2017,Dependiente,"Actividades profesionales, científicas y técnicas","Entre 2 y 2 ,5 SMMLV","Entre 1,5 y 2,5 SMMLV",1
2732-Fundación Universitaria Católica del Norte,9570-LICENCIATURA EN FILOSOFIA Y EDUCACION RELIGIOSA,Femenino,2010-1,2017,Dependiente,Administración pública y defensa; planes de seguridad social de afiliación obligatoria,"Entre 2 y 2 ,5 SMMLV","Entre 1,5 y 2,5 SMMLV",1
2732-Fundación Universitaria Católica del Norte,9570-LICENCIATURA EN FILOSOFIA Y EDUCACION RELIGIOSA,Femenino,2010-1,2017,Dependiente,Educación,"Entre 2 y 2 ,5 SMMLV","Entre 1,5 y 2,5 SMMLV",3
2732-Fundación Universitaria Católica del Norte,9570-LICENCIATURA EN FILOSOFIA Y EDUCACION RELIGIOSA,Femenino,2010-1,2017,Dependiente,Educación,"Entre 3 y 3,5 SMMLV","Entre 2,5 y 4 SMMLV",1
2732-Fundación Universitaria Católica del Norte,9570-LICENCIATURA EN FILOSOFIA Y EDUCACION RELIGIOSA,Femenino,2010-1,2018,Dependiente,"Actividades profesionales, científicas y técnicas","Entre 2 y 2 ,5 SMMLV","Entre 1,5 y 2,5 SMMLV",1
2732-Fundación Universitaria Católica del Norte,9570-LICENCIATURA EN FILOSOFIA Y EDUCACION RELIGIOSA,Femenino,2010-1,2018,Dependiente,Administración pública y defensa; planes de seguridad social de afiliación obligatoria,"Entre 2 y 2 ,5 SMMLV","Entre 1,5 y 2,5 SMMLV",1
2732-Fundación Universitaria Católica del Norte,9570-LICENCIATURA EN FILOSOFIA Y EDUCACION RELIGIOSA,Femenino,2010-1,2018,Dependiente,Educación,"Entre 1,5 y 2 SMMLV","Entre 1,5 y 2,5 SMMLV",1
2732-Fundación Universitaria Católica del Norte,9570-LICENCIATURA EN FILOSOFIA Y EDUCACION RELIGIOSA,Femenino,2010-1,2018,Dependiente,Educación,"Entre 2 y 2 ,5 SMMLV","Entre 1,5 y 2,5 SMMLV",2
2732-Fundación Universitaria Católica del Norte,9570-LICENCIATURA EN FILOSOFIA Y EDUCACION RELIGIOSA,Femenino,2010-1,2018,Dependiente,Educación,"Entre 4,5 y 5 SMMLV",Entre 4 y 6 SMMLV,1
2732-Fundación Universitaria Católica del Norte,9570-LICENCIATURA EN FILOSOFIA Y EDUCACION RELIGIOSA,Femenino,2010-1,2019,Dependiente,"Actividades profesionales, científicas y técnicas",1 SMMLV,1 SMMLV,1
2732-Fundación Universitaria Católica del Norte,9570-LICENCIATURA EN FILOSOFIA Y EDUCACION RELIGIOSA,Femenino,2010-1,2019,Dependiente,"Actividades profesionales, científicas y técnicas","Entre 2,5 y 3 SMMLV","Entre 2,5 y 4 SMMLV",1
2732-Fundación Universitaria Católica del Norte,9570-LICENCIATURA EN FILOSOFIA Y EDUCACION RELIGIOSA,Femenino,2010-1,2019,Dependiente,Administración pública y defensa; planes de seguridad social de afiliación obligatoria,"Entre 2,5 y 3 SMMLV","Entre 2,5 y 4 SMMLV",3
2732-Fundación Universitaria Católica del Norte,9570-LICENCIATURA EN FILOSOFIA Y EDUCACION RELIGIOSA,Femenino,2010-1,2019,Dependiente,Educación,"Entre 2 y 2 ,5 SMMLV","Entre 1,5 y 2,5 SMMLV",1
2732-Fundación Universitaria Católica del Norte,9570-LICENCIATURA EN FILOSOFIA Y EDUCACION RELIGIOSA,Femenino,2010-1,2020,Dependiente,"Actividades profesionales, científicas y técnicas","Entre 2,5 y 3 SMMLV","Entre 2,5 y 4 SMMLV",2
2732-Fundación Universitaria Católica del Norte,9570-LICENCIATURA EN FILOSOFIA Y EDUCACION RELIGIOSA,Femenino,2010-1,2020,Dependiente,Administración pública y defensa; planes de seguridad social de afiliación obligatoria,"Entre 2,5 y 3 SMMLV","Entre 2,5 y 4 SMMLV",1
2732-Fundación Universitaria Católica del Norte,9570-LICENCIATURA EN FILOSOFIA Y EDUCACION RELIGIOSA,Femenino,2010-1,2020,Dependiente,Administración pública y defensa; planes de seguridad social de afiliación obligatoria,"Entre 3 y 3,5 SMMLV","Entre 2,5 y 4 SMMLV",1
2732-Fundación Universitaria Católica del Norte,9570-LICENCIATURA EN FILOSOFIA Y EDUCACION RELIGIOSA,Femenino,2010-1,2020,Dependiente,Administración pública y defensa; planes de seguridad social de afiliación obligatoria,"Entre 3,5 y 4 SMMLV","Entre 2,5 y 4 SMMLV",1
2732-Fundación Universitaria Católica del Norte,9570-LICENCIATURA EN FILOSOFIA Y EDUCACION RELIGIOSA,Femenino,2010-1,2020,Dependiente,Educación,"Entre 2 y 2 ,5 SMMLV","Entre 1,5 y 2,5 SMMLV",1
2732-Fundación Universitaria Católica del Norte,9570-LICENCIATURA EN FILOSOFIA Y EDUCACION RELIGIOSA,Femenino,2010-1,2021,Dependiente,Actividades de servicios administrativos y de apoyo,"Entre 2 y 2 ,5 SMMLV","Entre 1,5 y 2,5 SMMLV",1
2732-Fundación Universitaria Católica del Norte,9570-LICENCIATURA EN FILOSOFIA Y EDUCACION RELIGIOSA,Femenino,2010-1,2021,Dependiente,Administración pública y defensa; planes de seguridad social de afiliación obligatoria,"Entre 2 y 2 ,5 SMMLV","Entre 1,5 y 2,5 SMMLV",1
2732-Fundación Universitaria Católica del Norte,9570-LICENCIATURA EN FILOSOFIA Y EDUCACION RELIGIOSA,Femenino,2010-1,2021,Dependiente,Administración pública y defensa; planes de seguridad social de afiliación obligatoria,"Entre 3 y 3,5 SMMLV","Entre 2,5 y 4 SMMLV",1
2732-Fundación Universitaria Católica del Norte,9570-LICENCIATURA EN FILOSOFIA Y EDUCACION RELIGIOSA,Femenino,2010-1,2021,Dependiente,Administración pública y defensa; planes de seguridad social de afiliación obligatoria,"Entre 3,5 y 4 SMMLV","Entre 2,5 y 4 SMMLV",1
2732-Fundación Universitaria Católica del Norte,9570-LICENCIATURA EN FILOSOFIA Y EDUCACION RELIGIOSA,Femenino,2010-1,2021,Dependiente,Educación,"Entre 2 y 2 ,5 SMMLV","Entre 1,5 y 2,5 SMMLV",1
2732-Fundación Universitaria Católica del Norte,9570-LICENCIATURA EN FILOSOFIA Y EDUCACION RELIGIOSA,Femenino,2010-1,2022,Dependiente,Actividades de servicios administrativos y de apoyo,"Entre 2,5 y 3 SMMLV","Entre 2,5 y 4 SMMLV",1
2732-Fundación Universitaria Católica del Norte,9570-LICENCIATURA EN FILOSOFIA Y EDUCACION RELIGIOSA,Femenino,2010-1,2022,Dependiente,Administración pública y defensa; planes de seguridad social de afiliación obligatoria,"Entre 2,5 y 3 SMMLV","Entre 2,5 y 4 SMMLV",1
2732-Fundación Universitaria Católica del Norte,9570-LICENCIATURA EN FILOSOFIA Y EDUCACION RELIGIOSA,Femenino,2010-1,2022,Dependiente,Administración pública y defensa; planes de seguridad social de afiliación obligatoria,"Entre 3 y 3,5 SMMLV","Entre 2,5 y 4 SMMLV",1
2732-Fundación Universitaria Católica del Norte,9570-LICENCIATURA EN FILOSOFIA Y EDUCACION RELIGIOSA,Femenino,2010-1,2022,Dependiente,Administración pública y defensa; planes de seguridad social de afiliación obligatoria,"Entre 4,5 y 5 SMMLV",Entre 4 y 6 SMMLV,1
2732-Fundación Universitaria Católica del Norte,9570-LICENCIATURA EN FILOSOFIA Y EDUCACION RELIGIOSA,Femenino,2010-1,2022,Dependiente,Educación,"Entre 1,5 y 2 SMMLV","Entre 1,5 y 2,5 SMMLV",1
2732-Fundación Universitaria Católica del Norte,9570-LICENCIATURA EN FILOSOFIA Y EDUCACION RELIGIOSA,Femenino,2010-1,2023,Dependiente,Actividades de servicios administrativos y de apoyo,"Entre 2,5 y 3 SMMLV","Entre 2,5 y 4 SMMLV",1
2732-Fundación Universitaria Católica del Norte,9570-LICENCIATURA EN FILOSOFIA Y EDUCACION RELIGIOSA,Femenino,2010-1,2023,Dependiente,Administración pública y defensa; planes de seguridad social de afiliación obligatoria,"Entre 2,5 y 3 SMMLV","Entre 2,5 y 4 SMMLV",1
2732-Fundación Universitaria Católica del Norte,9570-LICENCIATURA EN FILOSOFIA Y EDUCACION RELIGIOSA,Femenino,2010-1,2023,Dependiente,Administración pública y defensa; planes de seguridad social de afiliación obligatoria,"Entre 3 y 3,5 SMMLV","Entre 2,5 y 4 SMMLV",1
2732-Fundación Universitaria Católica del Norte,9570-LICENCIATURA EN FILOSOFIA Y EDUCACION RELIGIOSA,Femenino,2010-1,2023,Dependiente,Administración pública y defensa; planes de seguridad social de afiliación obligatoria,"Entre 4,5 y 5 SMMLV",Entre 4 y 6 SMMLV,1
2732-Fundación Universitaria Católica del Norte,9570-LICENCIATURA EN FILOSOFIA Y EDUCACION RELIGIOSA,Femenino,2010-1,2023,Dependiente,Educación,"Entre 1 y 1,5 SMMLV","Entre 1 y 1,5 SMMLV",1
2732-Fundación Universitaria Católica del Norte,9570-LICENCIATURA EN FILOSOFIA Y EDUCACION RELIGIOSA,Femenino,2010-1,2023,Dependiente,Otras actividades de servicios,"Entre 1 y 1,5 SMMLV","Entre 1 y 1,5 SMMLV",1
2732-Fundación Universitaria Católica del Norte,9570-LICENCIATURA EN FILOSOFIA Y EDUCACION RELIGIOSA,Masculino,2010-1,2016,Dependiente,Actividades financieras y de seguros,"Entre 1,5 y 2 SMMLV","Entre 1,5 y 2,5 SMMLV",1
2732-Fundación Universitaria Católica del Norte,9570-LICENCIATURA EN FILOSOFIA Y EDUCACION RELIGIOSA,Masculino,2010-1,2016,Dependiente,Administración pública y defensa; planes de seguridad social de afiliación obligatoria,"Entre 2 y 2 ,5 SMMLV","Entre 1,5 y 2,5 SMMLV",4
2732-Fundación Universitaria Católica del Norte,9570-LICENCIATURA EN FILOSOFIA Y EDUCACION RELIGIOSA,Masculino,2010-1,2016,Dependiente,Administración pública y defensa; planes de seguridad social de afiliación obligatoria,"Entre 2,5 y 3 SMMLV","Entre 2,5 y 4 SMMLV",2
2732-Fundación Universitaria Católica del Norte,9570-LICENCIATURA EN FILOSOFIA Y EDUCACION RELIGIOSA,Masculino,2010-1,2016,Dependiente,Administración pública y defensa; planes de seguridad social de afiliación obligatoria,"Entre 3,5 y 4 SMMLV","Entre 2,5 y 4 SMMLV",1
2732-Fundación Universitaria Católica del Norte,9570-LICENCIATURA EN FILOSOFIA Y EDUCACION RELIGIOSA,Masculino,2010-1,2016,Dependiente,Educación,"Entre 2,5 y 3 SMMLV","Entre 2,5 y 4 SMMLV",1
2732-Fundación Universitaria Católica del Norte,9570-LICENCIATURA EN FILOSOFIA Y EDUCACION RELIGIOSA,Masculino,2010-1,2016,Dependiente,Educación,"Entre 4 y 4,5 SMMLV",Entre 4 y 6 SMMLV,1
2732-Fundación Universitaria Católica del Norte,9570-LICENCIATURA EN FILOSOFIA Y EDUCACION RELIGIOSA,Masculino,2010-1,2016,Dependiente,Educación,Entre 5 y 6 SMMLV,Entre 4 y 6 SMMLV,2
2732-Fundación Universitaria Católica del Norte,9570-LICENCIATURA EN FILOSOFIA Y EDUCACION RELIGIOSA,Masculino,2010-1,2016,Dependiente,Otras actividades de servicios,"Entre 3,5 y 4 SMMLV","Entre 2,5 y 4 SMMLV",1
2732-Fundación Universitaria Católica del Norte,9570-LICENCIATURA EN FILOSOFIA Y EDUCACION RELIGIOSA,Masculino,2010-1,2017,Dependiente,Actividades de servicios administrativos y de apoyo,"Entre 4 y 4,5 SMMLV",Entre 4 y 6 SMMLV,1
2732-Fundación Universitaria Católica del Norte,9570-LICENCIATURA EN FILOSOFIA Y EDUCACION RELIGIOSA,Masculino,2010-1,2017,Dependiente,"Actividades profesionales, científicas y técnicas","Entre 2 y 2 ,5 SMMLV","Entre 1,5 y 2,5 SMMLV",1
2732-Fundación Universitaria Católica del Norte,9570-LICENCIATURA EN FILOSOFIA Y EDUCACION RELIGIOSA,Masculino,2010-1,2017,Dependiente,"Actividades profesionales, científicas y técnicas","Entre 4 y 4,5 SMMLV",Entre 4 y 6 SMMLV,1
2732-Fundación Universitaria Católica del Norte,9570-LICENCIATURA EN FILOSOFIA Y EDUCACION RELIGIOSA,Masculino,2010-1,2017,Dependiente,Administración pública y defensa; planes de seguridad social de afiliación obligatoria,"Entre 2 y 2 ,5 SMMLV","Entre 1,5 y 2,5 SMMLV",1
2732-Fundación Universitaria Católica del Norte,9570-LICENCIATURA EN FILOSOFIA Y EDUCACION RELIGIOSA,Masculino,2010-1,2017,Dependiente,Educación,"Entre 2 y 2 ,5 SMMLV","Entre 1,5 y 2,5 SMMLV",1
2732-Fundación Universitaria Católica del Norte,9570-LICENCIATURA EN FILOSOFIA Y EDUCACION RELIGIOSA,Masculino,2010-1,2017,Dependiente,Educación,"Entre 3 y 3,5 SMMLV","Entre 2,5 y 4 SMMLV",1
2732-Fundación Universitaria Católica del Norte,9570-LICENCIATURA EN FILOSOFIA Y EDUCACION RELIGIOSA,Masculino,2010-1,2017,Dependiente,Información y comunicaciones,"Entre 2 y 2 ,5 SMMLV","Entre 1,5 y 2,5 SMMLV",1
2732-Fundación Universitaria Católica del Norte,9570-LICENCIATURA EN FILOSOFIA Y EDUCACION RELIGIOSA,Masculino,2010-1,2017,Dependiente,Otras actividades de servicios,"Entre 3,5 y 4 SMMLV","Entre 2,5 y 4 SMMLV",1
2732-Fundación Universitaria Católica del Norte,9570-LICENCIATURA EN FILOSOFIA Y EDUCACION RELIGIOSA,Masculino,2010-1,2017,Dependiente,Sin información,"Entre 2 y 2 ,5 SMMLV","Entre 1,5 y 2,5 SMMLV",1
2732-Fundación Universitaria Católica del Norte,9570-LICENCIATURA EN FILOSOFIA Y EDUCACION RELIGIOSA,Masculino,2010-1,2017,Dependiente,Sin información,"Entre 2,5 y 3 SMMLV","Entre 2,5 y 4 SMMLV",1
2732-Fundación Universitaria Católica del Norte,9570-LICENCIATURA EN FILOSOFIA Y EDUCACION RELIGIOSA,Masculino,2010-1,2017,Dependiente,Sin información,"Entre 3 y 3,5 SMMLV","Entre 2,5 y 4 SMMLV",1
2732-Fundación Universitaria Católica del Norte,9570-LICENCIATURA EN FILOSOFIA Y EDUCACION RELIGIOSA,Masculino,2010-1,2017,Dependiente,Sin información,"Entre 3,5 y 4 SMMLV","Entre 2,5 y 4 SMMLV",1
2732-Fundación Universitaria Católica del Norte,9570-LICENCIATURA EN FILOSOFIA Y EDUCACION RELIGIOSA,Masculino,2010-1,2017,Dependiente,Sin información,"Entre 4,5 y 5 SMMLV",Entre 4 y 6 SMMLV,1
2732-Fundación Universitaria Católica del Norte,9570-LICENCIATURA EN FILOSOFIA Y EDUCACION RELIGIOSA,Masculino,2010-1,2018,Dependiente,Actividades de servicios administrativos y de apoyo,"Entre 4 y 4,5 SMMLV",Entre 4 y 6 SMMLV,1
2732-Fundación Universitaria Católica del Norte,9570-LICENCIATURA EN FILOSOFIA Y EDUCACION RELIGIOSA,Masculino,2010-1,2018,Dependiente,"Actividades profesionales, científicas y técnicas","Entre 2 y 2 ,5 SMMLV","Entre 1,5 y 2,5 SMMLV",1
2732-Fundación Universitaria Católica del Norte,9570-LICENCIATURA EN FILOSOFIA Y EDUCACION RELIGIOSA,Masculino,2010-1,2018,Dependiente,"Actividades profesionales, científicas y técnicas","Entre 4 y 4,5 SMMLV",Entre 4 y 6 SMMLV,1
2732-Fundación Universitaria Católica del Norte,9570-LICENCIATURA EN FILOSOFIA Y EDUCACION RELIGIOSA,Masculino,2010-1,2018,Dependiente,Educación,"Entre 1 y 1,5 SMMLV","Entre 1 y 1,5 SMMLV",1
2732-Fundación Universitaria Católica del Norte,9570-LICENCIATURA EN FILOSOFIA Y EDUCACION RELIGIOSA,Masculino,2010-1,2018,Dependiente,Educación,"Entre 2 y 2 ,5 SMMLV","Entre 1,5 y 2,5 SMMLV",2
2732-Fundación Universitaria Católica del Norte,9570-LICENCIATURA EN FILOSOFIA Y EDUCACION RELIGIOSA,Masculino,2010-1,2018,Dependiente,Información y comunicaciones,"Entre 1,5 y 2 SMMLV","Entre 1,5 y 2,5 SMMLV",1
2732-Fundación Universitaria Católica del Norte,9570-LICENCIATURA EN FILOSOFIA Y EDUCACION RELIGIOSA,Masculino,2010-1,2018,Dependiente,Otras actividades de servicios,"Entre 3,5 y 4 SMMLV","Entre 2,5 y 4 SMMLV",1
2732-Fundación Universitaria Católica del Norte,9570-LICENCIATURA EN FILOSOFIA Y EDUCACION RELIGIOSA,Masculino,2010-1,2018,Dependiente,Sin información,"Entre 2 y 2 ,5 SMMLV","Entre 1,5 y 2,5 SMMLV",2
2732-Fundación Universitaria Católica del Norte,9570-LICENCIATURA EN FILOSOFIA Y EDUCACION RELIGIOSA,Masculino,2010-1,2018,Dependiente,Sin información,"Entre 4 y 4,5 SMMLV",Entre 4 y 6 SMMLV,1
2732-Fundación Universitaria Católica del Norte,9570-LICENCIATURA EN FILOSOFIA Y EDUCACION RELIGIOSA,Masculino,2010-1,2018,Dependiente,Sin información,"Entre 4,5 y 5 SMMLV",Entre 4 y 6 SMMLV,1
2732-Fundación Universitaria Católica del Norte,9570-LICENCIATURA EN FILOSOFIA Y EDUCACION RELIGIOSA,Masculino,2010-1,2019,Dependiente,"Actividades profesionales, científicas y técnicas","Entre 2,5 y 3 SMMLV","Entre 2,5 y 4 SMMLV",1
2732-Fundación Universitaria Católica del Norte,9570-LICENCIATURA EN FILOSOFIA Y EDUCACION RELIGIOSA,Masculino,2010-1,2019,Dependiente,"Actividades profesionales, científicas y técnicas","Entre 4 y 4,5 SMMLV",Entre 4 y 6 SMMLV,1
2732-Fundación Universitaria Católica del Norte,9570-LICENCIATURA EN FILOSOFIA Y EDUCACION RELIGIOSA,Masculino,2010-1,2019,Dependiente,"Actividades profesionales, científicas y técnicas","Entre 4,5 y 5 SMMLV",Entre 4 y 6 SMMLV,1
2732-Fundación Universitaria Católica del Norte,9570-LICENCIATURA EN FILOSOFIA Y EDUCACION RELIGIOSA,Masculino,2010-1,2019,Dependiente,Administración pública y defensa; planes de seguridad social de afiliación obligatoria,"Entre 2,5 y 3 SMMLV","Entre 2,5 y 4 SMMLV",3
2732-Fundación Universitaria Católica del Norte,9570-LICENCIATURA EN FILOSOFIA Y EDUCACION RELIGIOSA,Masculino,2010-1,2019,Dependiente,Administración pública y defensa; planes de seguridad social de afiliación obligatoria,"Entre 3 y 3,5 SMMLV","Entre 2,5 y 4 SMMLV",1
2732-Fundación Universitaria Católica del Norte,9570-LICENCIATURA EN FILOSOFIA Y EDUCACION RELIGIOSA,Masculino,2010-1,2019,Dependiente,Administración pública y defensa; planes de seguridad social de afiliación obligatoria,"Entre 4,5 y 5 SMMLV",Entre 4 y 6 SMMLV,2
2732-Fundación Universitaria Católica del Norte,9570-LICENCIATURA EN FILOSOFIA Y EDUCACION RELIGIOSA,Masculino,2010-1,2019,Dependiente,Información y comunicaciones,"Entre 1,5 y 2 SMMLV","Entre 1,5 y 2,5 SMMLV",1
2732-Fundación Universitaria Católica del Norte,9570-LICENCIATURA EN FILOSOFIA Y EDUCACION RELIGIOSA,Masculino,2010-1,2019,Dependiente,Otras actividades de servicios,"Entre 3,5 y 4 SMMLV","Entre 2,5 y 4 SMMLV",1
2732-Fundación Universitaria Católica del Norte,9570-LICENCIATURA EN FILOSOFIA Y EDUCACION RELIGIOSA,Masculino,2010-1,2020,Dependiente,"Actividades profesionales, científicas y técnicas","Entre 2,5 y 3 SMMLV","Entre 2,5 y 4 SMMLV",1
2732-Fundación Universitaria Católica del Norte,9570-LICENCIATURA EN FILOSOFIA Y EDUCACION RELIGIOSA,Masculino,2010-1,2020,Dependiente,"Actividades profesionales, científicas y técnicas","Entre 4 y 4,5 SMMLV",Entre 4 y 6 SMMLV,1
2732-Fundación Universitaria Católica del Norte,9570-LICENCIATURA EN FILOSOFIA Y EDUCACION RELIGIOSA,Masculino,2010-1,2020,Dependiente,"Actividades profesionales, científicas y técnicas","Entre 4,5 y 5 SMMLV",Entre 4 y 6 SMMLV,1
2732-Fundación Universitaria Católica del Norte,9570-LICENCIATURA EN FILOSOFIA Y EDUCACION RELIGIOSA,Masculino,2010-1,2020,Dependiente,Administración pública y defensa; planes de seguridad social de afiliación obligatoria,"Entre 3 y 3,5 SMMLV","Entre 2,5 y 4 SMMLV",2
2732-Fundación Universitaria Católica del Norte,9570-LICENCIATURA EN FILOSOFIA Y EDUCACION RELIGIOSA,Masculino,2010-1,2020,Dependiente,Administración pública y defensa; planes de seguridad social de afiliación obligatoria,"Entre 4 y 4,5 SMMLV",Entre 4 y 6 SMMLV,1
2732-Fundación Universitaria Católica del Norte,9570-LICENCIATURA EN FILOSOFIA Y EDUCACION RELIGIOSA,Masculino,2010-1,2020,Dependiente,Administración pública y defensa; planes de seguridad social de afiliación obligatoria,"Entre 4,5 y 5 SMMLV",Entre 4 y 6 SMMLV,2
2732-Fundación Universitaria Católica del Norte,9570-LICENCIATURA EN FILOSOFIA Y EDUCACION RELIGIOSA,Masculino,2010-1,2020,Dependiente,Información y comunicaciones,"Entre 1,5 y 2 SMMLV","Entre 1,5 y 2,5 SMMLV",1
2732-Fundación Universitaria Católica del Norte,9570-LICENCIATURA EN FILOSOFIA Y EDUCACION RELIGIOSA,Masculino,2010-1,2020,Dependiente,Otras actividades de servicios,"Entre 3 y 3,5 SMMLV","Entre 2,5 y 4 SMMLV",1
2732-Fundación Universitaria Católica del Norte,9570-LICENCIATURA EN FILOSOFIA Y EDUCACION RELIGIOSA,Masculino,2010-1,2021,Dependiente,Actividades de servicios administrativos y de apoyo,"Entre 4 y 4,5 SMMLV",Entre 4 y 6 SMMLV,1
2732-Fundación Universitaria Católica del Norte,9570-LICENCIATURA EN FILOSOFIA Y EDUCACION RELIGIOSA,Masculino,2010-1,2021,Dependiente,Actividades de servicios administrativos y de apoyo,"Entre 4,5 y 5 SMMLV",Entre 4 y 6 SMMLV,1
2732-Fundación Universitaria Católica del Norte,9570-LICENCIATURA EN FILOSOFIA Y EDUCACION RELIGIOSA,Masculino,2010-1,2021,Dependiente,Administración pública y defensa; planes de seguridad social de afiliación obligatoria,"Entre 3 y 3,5 SMMLV","Entre 2,5 y 4 SMMLV",3
2732-Fundación Universitaria Católica del Norte,9570-LICENCIATURA EN FILOSOFIA Y EDUCACION RELIGIOSA,Masculino,2010-1,2021,Dependiente,Administración pública y defensa; planes de seguridad social de afiliación obligatoria,"Entre 4 y 4,5 SMMLV",Entre 4 y 6 SMMLV,1
2732-Fundación Universitaria Católica del Norte,9570-LICENCIATURA EN FILOSOFIA Y EDUCACION RELIGIOSA,Masculino,2010-1,2021,Dependiente,Administración pública y defensa; planes de seguridad social de afiliación obligatoria,"Entre 4,5 y 5 SMMLV",Entre 4 y 6 SMMLV,1
2732-Fundación Universitaria Católica del Norte,9570-LICENCIATURA EN FILOSOFIA Y EDUCACION RELIGIOSA,Masculino,2010-1,2021,Dependiente,Información y comunicaciones,"Entre 2 y 2 ,5 SMMLV","Entre 1,5 y 2,5 SMMLV",1
2732-Fundación Universitaria Católica del Norte,9570-LICENCIATURA EN FILOSOFIA Y EDUCACION RELIGIOSA,Masculino,2010-1,2021,Dependiente,Otras actividades de servicios,"Entre 3 y 3,5 SMMLV","Entre 2,5 y 4 SMMLV",1
2732-Fundación Universitaria Católica del Norte,9570-LICENCIATURA EN FILOSOFIA Y EDUCACION RELIGIOSA,Masculino,2010-1,2022,Dependiente,Actividades de servicios administrativos y de apoyo,"Entre 4 y 4,5 SMMLV",Entre 4 y 6 SMMLV,1
2732-Fundación Universitaria Católica del Norte,9570-LICENCIATURA EN FILOSOFIA Y EDUCACION RELIGIOSA,Masculino,2010-1,2022,Dependiente,Actividades de servicios administrativos y de apoyo,"Entre 4,5 y 5 SMMLV",Entre 4 y 6 SMMLV,1
2732-Fundación Universitaria Católica del Norte,9570-LICENCIATURA EN FILOSOFIA Y EDUCACION RELIGIOSA,Masculino,2010-1,2022,Dependiente,Administración pública y defensa; planes de seguridad social de afiliación obligatoria,"Entre 3 y 3,5 SMMLV","Entre 2,5 y 4 SMMLV",3
2732-Fundación Universitaria Católica del Norte,9570-LICENCIATURA EN FILOSOFIA Y EDUCACION RELIGIOSA,Masculino,2010-1,2022,Dependiente,Administración pública y defensa; planes de seguridad social de afiliación obligatoria,"Entre 4 y 4,5 SMMLV",Entre 4 y 6 SMMLV,1
2732-Fundación Universitaria Católica del Norte,9570-LICENCIATURA EN FILOSOFIA Y EDUCACION RELIGIOSA,Masculino,2010-1,2022,Dependiente,Administración pública y defensa; planes de seguridad social de afiliación obligatoria,"Entre 4,5 y 5 SMMLV",Entre 4 y 6 SMMLV,1
2732-Fundación Universitaria Católica del Norte,9570-LICENCIATURA EN FILOSOFIA Y EDUCACION RELIGIOSA,Masculino,2010-1,2022,Dependiente,Información y comunicaciones,"Entre 1,5 y 2 SMMLV","Entre 1,5 y 2,5 SMMLV",1
2732-Fundación Universitaria Católica del Norte,9570-LICENCIATURA EN FILOSOFIA Y EDUCACION RELIGIOSA,Masculino,2010-1,2022,Dependiente,Otras actividades de servicios,"Entre 3 y 3,5 SMMLV","Entre 2,5 y 4 SMMLV",1
2732-Fundación Universitaria Católica del Norte,9570-LICENCIATURA EN FILOSOFIA Y EDUCACION RELIGIOSA,Masculino,2010-1,2023,Dependiente,Actividades de servicios administrativos y de apoyo,"Entre 4 y 4,5 SMMLV",Entre 4 y 6 SMMLV,1
2732-Fundación Universitaria Católica del Norte,9570-LICENCIATURA EN FILOSOFIA Y EDUCACION RELIGIOSA,Masculino,2010-1,2023,Dependiente,Actividades de servicios administrativos y de apoyo,"Entre 4,5 y 5 SMMLV",Entre 4 y 6 SMMLV,1
2732-Fundación Universitaria Católica del Norte,9570-LICENCIATURA EN FILOSOFIA Y EDUCACION RELIGIOSA,Masculino,2010-1,2023,Dependiente,Administración pública y defensa; planes de seguridad social de afiliación obligatoria,"Entre 3 y 3,5 SMMLV","Entre 2,5 y 4 SMMLV",3
2732-Fundación Universitaria Católica del Norte,9570-LICENCIATURA EN FILOSOFIA Y EDUCACION RELIGIOSA,Masculino,2010-1,2023,Dependiente,Administración pública y defensa; planes de seguridad social de afiliación obligatoria,"Entre 4,5 y 5 SMMLV",Entre 4 y 6 SMMLV,1
2732-Fundación Universitaria Católica del Norte,9570-LICENCIATURA EN FILOSOFIA Y EDUCACION RELIGIOSA,Masculino,2010-1,2023,Dependiente,Administración pública y defensa; planes de seguridad social de afiliación obligatoria,Entre 5 y 6 SMMLV,Entre 4 y 6 SMMLV,1
2732-Fundación Universitaria Católica del Norte,9570-LICENCIATURA EN FILOSOFIA Y EDUCACION RELIGIOSA,Masculino,2010-1,2023,Dependiente,Otras actividades de servicios,"Entre 2,5 y 3 SMMLV","Entre 2,5 y 4 SMMLV",1
2732-Fundación Universitaria Católica del Norte,6687-PSICOLOGIA,Femenino,2010-1,2016,Dependiente,"Actividades profesionales, científicas y técnicas","Entre 3,5 y 4 SMMLV","Entre 2,5 y 4 SMMLV",1
2732-Fundación Universitaria Católica del Norte,6687-PSICOLOGIA,Femenino,2010-1,2016,Dependiente,Comercio al por mayor y al por menor; reparación de vehículos automotores y motocicletas,"Entre 1 y 1,5 SMMLV","Entre 1 y 1,5 SMMLV",1
2732-Fundación Universitaria Católica del Norte,6687-PSICOLOGIA,Femenino,2010-1,2016,Dependiente,Construccion,1 SMMLV,1 SMMLV,1
2732-Fundación Universitaria Católica del Norte,6687-PSICOLOGIA,Femenino,2010-1,2016,Dependiente,Industrias manufactureras,1 SMMLV,1 SMMLV,1
2732-Fundación Universitaria Católica del Norte,6687-PSICOLOGIA,Femenino,2010-1,2016,Dependiente,Otras actividades de servicios,"Entre 2 y 2 ,5 SMMLV","Entre 1,5 y 2,5 SMMLV",1
2732-Fundación Universitaria Católica del Norte,6687-PSICOLOGIA,Femenino,2010-1,2017,Dependiente,"Actividades profesionales, científicas y técnicas","Entre 3,5 y 4 SMMLV","Entre 2,5 y 4 SMMLV",1
2732-Fundación Universitaria Católica del Norte,6687-PSICOLOGIA,Femenino,2010-1,2017,Dependiente,Comercio al por mayor y al por menor; reparación de vehículos automotores y motocicletas,"Entre 1 y 1,5 SMMLV","Entre 1 y 1,5 SMMLV",1
2732-Fundación Universitaria Católica del Norte,6687-PSICOLOGIA,Femenino,2010-1,2017,Dependiente,Industrias manufactureras,"Entre 1 y 1,5 SMMLV","Entre 1 y 1,5 SMMLV",1
2732-Fundación Universitaria Católica del Norte,6687-PSICOLOGIA,Femenino,2010-1,2017,Dependiente,Otras actividades de servicios,"Entre 1,5 y 2 SMMLV","Entre 1,5 y 2,5 SMMLV",1
2732-Fundación Universitaria Católica del Norte,6687-PSICOLOGIA,Femenino,2010-1,2017,Dependiente,Otras actividades de servicios,"Entre 2 y 2 ,5 SMMLV","Entre 1,5 y 2,5 SMMLV",1
2732-Fundación Universitaria Católica del Norte,6687-PSICOLOGIA,Femenino,2010-1,2018,Dependiente,"Actividades profesionales, científicas y técnicas","Entre 3,5 y 4 SMMLV","Entre 2,5 y 4 SMMLV",1
2732-Fundación Universitaria Católica del Norte,6687-PSICOLOGIA,Femenino,2010-1,2018,Dependiente,Educación,"Entre 1 y 1,5 SMMLV","Entre 1 y 1,5 SMMLV",1
2732-Fundación Universitaria Católica del Norte,6687-PSICOLOGIA,Femenino,2010-1,2018,Dependiente,Industrias manufactureras,"Entre 1 y 1,5 SMMLV","Entre 1 y 1,5 SMMLV",1
2732-Fundación Universitaria Católica del Norte,6687-PSICOLOGIA,Femenino,2010-1,2018,Dependiente,Otras actividades de servicios,"Entre 2,5 y 3 SMMLV","Entre 2,5 y 4 SMMLV",1
2732-Fundación Universitaria Católica del Norte,6687-PSICOLOGIA,Femenino,2010-1,2019,Dependiente,"Actividades profesionales, científicas y técnicas","Entre 3,5 y 4 SMMLV","Entre 2,5 y 4 SMMLV",1
2732-Fundación Universitaria Católica del Norte,6687-PSICOLOGIA,Femenino,2010-1,2019,Dependiente,Industrias manufactureras,"Entre 1 y 1,5 SMMLV","Entre 1 y 1,5 SMMLV",1
2732-Fundación Universitaria Católica del Norte,6687-PSICOLOGIA,Femenino,2010-1,2019,Dependiente,Otras actividades de servicios,"Entre 2,5 y 3 SMMLV","Entre 2,5 y 4 SMMLV",1
2732-Fundación Universitaria Católica del Norte,6687-PSICOLOGIA,Femenino,2010-1,2019,Dependiente,Transporte y almacenamiento,1 SMMLV,1 SMMLV,1
2732-Fundación Universitaria Católica del Norte,6687-PSICOLOGIA,Femenino,2010-1,2020,Dependiente,"Actividades profesionales, científicas y técnicas","Entre 3,5 y 4 SMMLV","Entre 2,5 y 4 SMMLV",1
2732-Fundación Universitaria Católica del Norte,6687-PSICOLOGIA,Femenino,2010-1,2020,Dependiente,Construccion,"Entre 1,5 y 2 SMMLV","Entre 1,5 y 2,5 SMMLV",1
2732-Fundación Universitaria Católica del Norte,6687-PSICOLOGIA,Femenino,2010-1,2020,Dependiente,Industrias manufactureras,"Entre 1,5 y 2 SMMLV","Entre 1,5 y 2,5 SMMLV",1
2732-Fundación Universitaria Católica del Norte,6687-PSICOLOGIA,Femenino,2010-1,2020,Dependiente,Otras actividades de servicios,"Entre 2,5 y 3 SMMLV","Entre 2,5 y 4 SMMLV",1
2732-Fundación Universitaria Católica del Norte,6687-PSICOLOGIA,Femenino,2010-1,2021,Dependiente,Actividades inmobiliarias,Entre 6 y 7 SMMLV,Entre 6 y 9 SMMLV,1
2732-Fundación Universitaria Católica del Norte,6687-PSICOLOGIA,Femenino,2010-1,2021,Dependiente,"Actividades profesionales, científicas y técnicas","Entre 3,5 y 4 SMMLV","Entre 2,5 y 4 SMMLV",1
2732-Fundación Universitaria Católica del Norte,6687-PSICOLOGIA,Femenino,2010-1,2021,Dependiente,Construccion,1 SMMLV,1 SMMLV,1
2732-Fundación Universitaria Católica del Norte,6687-PSICOLOGIA,Femenino,2010-1,2021,Dependiente,Industrias manufactureras,"Entre 1,5 y 2 SMMLV","Entre 1,5 y 2,5 SMMLV",1
2732-Fundación Universitaria Católica del Norte,6687-PSICOLOGIA,Femenino,2010-1,2021,Dependiente,Otras actividades de servicios,"Entre 2,5 y 3 SMMLV","Entre 2,5 y 4 SMMLV",1
2732-Fundación Universitaria Católica del Norte,6687-PSICOLOGIA,Femenino,2010-1,2022,Dependiente,"Actividades profesionales, científicas y técnicas","Entre 3 y 3,5 SMMLV","Entre 2,5 y 4 SMMLV",1
2732-Fundación Universitaria Católica del Norte,6687-PSICOLOGIA,Femenino,2010-1,2022,Dependiente,Industrias manufactureras,"Entre 2,5 y 3 SMMLV","Entre 2,5 y 4 SMMLV",1
2732-Fundación Universitaria Católica del Norte,6687-PSICOLOGIA,Femenino,2010-1,2022,Dependiente,Otras actividades de servicios,"Entre 2 y 2 ,5 SMMLV","Entre 1,5 y 2,5 SMMLV",1
2732-Fundación Universitaria Católica del Norte,6687-PSICOLOGIA,Femenino,2010-1,2023,Dependiente,"Actividades profesionales, científicas y técnicas","Entre 4 y 4,5 SMMLV",Entre 4 y 6 SMMLV,1
2732-Fundación Universitaria Católica del Norte,6687-PSICOLOGIA,Femenino,2010-1,2023,Dependiente,Otras actividades de servicios,"Entre 2 y 2 ,5 SMMLV","Entre 1,5 y 2,5 SMMLV",1
2732-Fundación Universitaria Católica del Norte,6687-PSICOLOGIA,Masculino,2010-1,2016,Dependiente,"Actividades profesionales, científicas y técnicas","Entre 3,5 y 4 SMMLV","Entre 2,5 y 4 SMMLV",1
2732-Fundación Universitaria Católica del Norte,6687-PSICOLOGIA,Masculino,2010-1,2017,Dependiente,"Suministro de electricidad, gas, vapor y aire acondicionado","Entre 4 y 4,5 SMMLV",Entre 4 y 6 SMMLV,1
2732-Fundación Universitaria Católica del Norte,6687-PSICOLOGIA,Masculino,2010-1,2018,Dependiente,"Suministro de electricidad, gas, vapor y aire acondicionado","Entre 3,5 y 4 SMMLV","Entre 2,5 y 4 SMMLV",1
2732-Fundación Universitaria Católica del Norte,6687-PSICOLOGIA,Masculino,2010-1,2019,Dependiente,"Suministro de electricidad, gas, vapor y aire acondicionado","Entre 3,5 y 4 SMMLV","Entre 2,5 y 4 SMMLV",1
2732-Fundación Universitaria Católica del Norte,6687-PSICOLOGIA,Masculino,2010-1,2020,Dependiente,"Actividades profesionales, científicas y técnicas","Entre 3,5 y 4 SMMLV","Entre 2,5 y 4 SMMLV",1
2732-Fundación Universitaria Católica del Norte,6687-PSICOLOGIA,Masculino,2010-1,2021,Dependiente,"Suministro de electricidad, gas, vapor y aire acondicionado","Entre 3,5 y 4 SMMLV","Entre 2,5 y 4 SMMLV",1
2732-Fundación Universitaria Católica del Norte,6687-PSICOLOGIA,Masculino,2010-1,2022,Dependiente,"Actividades profesionales, científicas y técnicas","Entre 3,5 y 4 SMMLV","Entre 2,5 y 4 SMMLV",1
2732-Fundación Universitaria Católica del Norte,6687-PSICOLOGIA,Masculino,2010-1,2023,Dependiente,"Suministro de electricidad, gas, vapor y aire acondicionado",Entre 5 y 6 SMMLV,Entre 4 y 6 SMMLV,1
2732-Fundación Universitaria Católica del Norte,6574-ZOOTECNIA,Femenino,2010-1,2016,Dependiente,"Agricultura, ganadería, caza, silvicultura y pesca","Entre 3,5 y 4 SMMLV","Entre 2,5 y 4 SMMLV",1
2732-Fundación Universitaria Católica del Norte,6574-ZOOTECNIA,Femenino,2010-1,2016,Dependiente,Industrias manufactureras,1 SMMLV,1 SMMLV,1
2732-Fundación Universitaria Católica del Norte,6574-ZOOTECNIA,Femenino,2010-1,2017,Dependiente,"Agricultura, ganadería, caza, silvicultura y pesca","Entre 2 y 2 ,5 SMMLV","Entre 1,5 y 2,5 SMMLV",1
2732-Fundación Universitaria Católica del Norte,6574-ZOOTECNIA,Femenino,2010-1,2017,Dependiente,Industrias manufactureras,"Entre 1 y 1,5 SMMLV","Entre 1 y 1,5 SMMLV",1
2732-Fundación Universitaria Católica del Norte,6574-ZOOTECNIA,Femenino,2010-1,2018,Dependiente,"Agricultura, ganadería, caza, silvicultura y pesca","Entre 3 y 3,5 SMMLV","Entre 2,5 y 4 SMMLV",1
2732-Fundación Universitaria Católica del Norte,6574-ZOOTECNIA,Femenino,2010-1,2018,Dependiente,Industrias manufactureras,"Entre 1 y 1,5 SMMLV","Entre 1 y 1,5 SMMLV",1
2732-Fundación Universitaria Católica del Norte,6574-ZOOTECNIA,Femenino,2010-1,2019,Dependiente,"Agricultura, ganadería, caza, silvicultura y pesca","Entre 3 y 3,5 SMMLV","Entre 2,5 y 4 SMMLV",1
2732-Fundación Universitaria Católica del Norte,6574-ZOOTECNIA,Femenino,2010-1,2019,Dependiente,Industrias manufactureras,"Entre 1 y 1,5 SMMLV","Entre 1 y 1,5 SMMLV",1
2732-Fundación Universitaria Católica del Norte,6574-ZOOTECNIA,Femenino,2010-1,2020,Dependiente,"Agricultura, ganadería, caza, silvicultura y pesca","Entre 3 y 3,5 SMMLV","Entre 2,5 y 4 SMMLV",1
2732-Fundación Universitaria Católica del Norte,6574-ZOOTECNIA,Femenino,2010-1,2020,Dependiente,Construccion,"Entre 1 y 1,5 SMMLV","Entre 1 y 1,5 SMMLV",1
2732-Fundación Universitaria Católica del Norte,6574-ZOOTECNIA,Femenino,2010-1,2021,Dependiente,"Agricultura, ganadería, caza, silvicultura y pesca","Entre 2,5 y 3 SMMLV","Entre 2,5 y 4 SMMLV",1
2732-Fundación Universitaria Católica del Norte,6574-ZOOTECNIA,Femenino,2010-1,2021,Dependiente,Construccion,1 SMMLV,1 SMMLV,1
2732-Fundación Universitaria Católica del Norte,6574-ZOOTECNIA,Femenino,2010-1,2022,Dependiente,"Actividades profesionales, científicas y técnicas","Entre 1 y 1,5 SMMLV","Entre 1 y 1,5 SMMLV",1
2732-Fundación Universitaria Católica del Norte,6574-ZOOTECNIA,Femenino,2010-1,2022,Dependiente,"Agricultura, ganadería, caza, silvicultura y pesca","Entre 3 y 3,5 SMMLV","Entre 2,5 y 4 SMMLV",1
2732-Fundación Universitaria Católica del Norte,6574-ZOOTECNIA,Femenino,2010-1,2023,Dependiente,"Agricultura, ganadería, caza, silvicultura y pesca","Entre 3,5 y 4 SMMLV","Entre 2,5 y 4 SMMLV",1
2732-Fundación Universitaria Católica del Norte,6574-ZOOTECNIA,Femenino,2010-1,2023,Dependiente,Otras actividades de servicios,"Entre 1 y 1,5 SMMLV","Entre 1 y 1,5 SMMLV",1
2732-Fundación Universitaria Católica del Norte,6574-ZOOTECNIA,Masculino,2010-1,2022,Dependiente,Actividades de servicios administrativos y de apoyo,"Entre 3 y 3,5 SMMLV","Entre 2,5 y 4 SMMLV",1
2732-Fundación Universitaria Católica del Norte,6574-ZOOTECNIA,Masculino,2010-1,2023,Dependiente,Actividades de servicios administrativos y de apoyo,"Entre 3 y 3,5 SMMLV","Entre 2,5 y 4 SMMLV",1
2728-Fundación Universitaria del Área Andina,9757-ESPECIALIZACION EN AUDITORIA EN SALUD,Femenino,2010-1,2016,Dependiente,Actividades de atención de la salud humana y de asistencia social,"Entre 2,5 y 3 SMMLV","Entre 2,5 y 4 SMMLV",1
2728-Fundación Universitaria del Área Andina,9757-ESPECIALIZACION EN AUDITORIA EN SALUD,Femenino,2010-1,2016,Dependiente,Actividades de atención de la salud humana y de asistencia social,Entre 7 y 8 SMMLV,Entre 6 y 9 SMMLV,1
2728-Fundación Universitaria del Área Andina,9757-ESPECIALIZACION EN AUDITORIA EN SALUD,Femenino,2010-1,2016,Dependiente,Actividades de atención de la salud humana y de asistencia social,Más de 15 SMMLV,Más de 9 SMMLV,1
2728-Fundación Universitaria del Área Andina,9757-ESPECIALIZACION EN AUDITORIA EN SALUD,Femenino,2010-1,2016,Dependiente,"Actividades profesionales, científicas y técnicas","Entre 4 y 4,5 SMMLV",Entre 4 y 6 SMMLV,1
2728-Fundación Universitaria del Área Andina,9757-ESPECIALIZACION EN AUDITORIA EN SALUD,Femenino,2010-1,2016,Dependiente,Administración pública y defensa; planes de seguridad social de afiliación obligatoria,"Entre 4,5 y 5 SMMLV",Entre 4 y 6 SMMLV,1
2728-Fundación Universitaria del Área Andina,9757-ESPECIALIZACION EN AUDITORIA EN SALUD,Femenino,2010-1,2016,Dependiente,"Agricultura, ganadería, caza, silvicultura y pesca",Entre 5 y 6 SMMLV,Entre 4 y 6 SMMLV,1
2728-Fundación Universitaria del Área Andina,9757-ESPECIALIZACION EN AUDITORIA EN SALUD,Femenino,2010-1,2017,Dependiente,Actividades de atención de la salud humana y de asistencia social,"Entre 1,5 y 2 SMMLV","Entre 1,5 y 2,5 SMMLV",1
2728-Fundación Universitaria del Área Andina,9757-ESPECIALIZACION EN AUDITORIA EN SALUD,Femenino,2010-1,2017,Dependiente,Actividades de atención de la salud humana y de asistencia social,Entre 9 y 11 SMMLV,Más de 9 SMMLV,1
2728-Fundación Universitaria del Área Andina,9757-ESPECIALIZACION EN AUDITORIA EN SALUD,Femenino,2010-1,2017,Dependiente,"Actividades profesionales, científicas y técnicas","Entre 2,5 y 3 SMMLV","Entre 2,5 y 4 SMMLV",1
2728-Fundación Universitaria del Área Andina,9757-ESPECIALIZACION EN AUDITORIA EN SALUD,Femenino,2010-1,2017,Dependiente,Administración pública y defensa; planes de seguridad social de afiliación obligatoria,"Entre 4,5 y 5 SMMLV",Entre 4 y 6 SMMLV,1
2728-Fundación Universitaria del Área Andina,9757-ESPECIALIZACION EN AUDITORIA EN SALUD,Femenino,2010-1,2017,Dependiente,Educación,Entre 5 y 6 SMMLV,Entre 4 y 6 SMMLV,1
2728-Fundación Universitaria del Área Andina,9757-ESPECIALIZACION EN AUDITORIA EN SALUD,Femenino,2010-1,2017,Dependiente,Educación,Entre 6 y 7 SMMLV,Entre 6 y 9 SMMLV,1
2728-Fundación Universitaria del Área Andina,9757-ESPECIALIZACION EN AUDITORIA EN SALUD,Femenino,2010-1,2018,Dependiente,"Actividades profesionales, científicas y técnicas","Entre 1,5 y 2 SMMLV","Entre 1,5 y 2,5 SMMLV",1
2728-Fundación Universitaria del Área Andina,9757-ESPECIALIZACION EN AUDITORIA EN SALUD,Femenino,2010-1,2018,Dependiente,Administración pública y defensa; planes de seguridad social de afiliación obligatoria,"Entre 2 y 2 ,5 SMMLV","Entre 1,5 y 2,5 SMMLV",1
2728-Fundación Universitaria del Área Andina,9757-ESPECIALIZACION EN AUDITORIA EN SALUD,Femenino,2010-1,2018,Dependiente,Administración pública y defensa; planes de seguridad social de afiliación obligatoria,"Entre 4,5 y 5 SMMLV",Entre 4 y 6 SMMLV,1
2728-Fundación Universitaria del Área Andina,9757-ESPECIALIZACION EN AUDITORIA EN SALUD,Femenino,2010-1,2018,Dependiente,Educación,Entre 5 y 6 SMMLV,Entre 4 y 6 SMMLV,1
2728-Fundación Universitaria del Área Andina,9757-ESPECIALIZACION EN AUDITORIA EN SALUD,Femenino,2010-1,2018,Dependiente,Educación,Entre 6 y 7 SMMLV,Entre 6 y 9 SMMLV,1
2728-Fundación Universitaria del Área Andina,9757-ESPECIALIZACION EN AUDITORIA EN SALUD,Femenino,2010-1,2018,Dependiente,Educación,Entre 13 y 15 SMMLV,Más de 9 SMMLV,1
2728-Fundación Universitaria del Área Andina,9757-ESPECIALIZACION EN AUDITORIA EN SALUD,Femenino,2010-1,2019,Dependiente,Actividades de servicios administrativos y de apoyo,"Entre 1,5 y 2 SMMLV","Entre 1,5 y 2,5 SMMLV",1
2728-Fundación Universitaria del Área Andina,9757-ESPECIALIZACION EN AUDITORIA EN SALUD,Femenino,2010-1,2019,Dependiente,Administración pública y defensa; planes de seguridad social de afiliación obligatoria,"Entre 4,5 y 5 SMMLV",Entre 4 y 6 SMMLV,1
2728-Fundación Universitaria del Área Andina,9757-ESPECIALIZACION EN AUDITORIA EN SALUD,Femenino,2010-1,2019,Dependiente,Educación,Entre 5 y 6 SMMLV,Entre 4 y 6 SMMLV,1
2728-Fundación Universitaria del Área Andina,9757-ESPECIALIZACION EN AUDITORIA EN SALUD,Femenino,2010-1,2019,Dependiente,Educación,Entre 9 y 11 SMMLV,Más de 9 SMMLV,1
2728-Fundación Universitaria del Área Andina,9757-ESPECIALIZACION EN AUDITORIA EN SALUD,Femenino,2010-1,2019,Dependiente,Educación,Entre 13 y 15 SMMLV,Más de 9 SMMLV,1
2728-Fundación Universitaria del Área Andina,9757-ESPECIALIZACION EN AUDITORIA EN SALUD,Femenino,2010-1,2020,Dependiente,Actividades de atención de la salud humana y de asistencia social,"Entre 4,5 y 5 SMMLV",Entre 4 y 6 SMMLV,1
2728-Fundación Universitaria del Área Andina,9757-ESPECIALIZACION EN AUDITORIA EN SALUD,Femenino,2010-1,2020,Dependiente,Actividades de servicios administrativos y de apoyo,"Entre 2,5 y 3 SMMLV","Entre 2,5 y 4 SMMLV",1
2728-Fundación Universitaria del Área Andina,9757-ESPECIALIZACION EN AUDITORIA EN SALUD,Femenino,2010-1,2020,Dependiente,Administración pública y defensa; planes de seguridad social de afiliación obligatoria,Entre 5 y 6 SMMLV,Entre 4 y 6 SMMLV,1
2728-Fundación Universitaria del Área Andina,9757-ESPECIALIZACION EN AUDITORIA EN SALUD,Femenino,2010-1,2020,Dependiente,Educación,Entre 13 y 15 SMMLV,Más de 9 SMMLV,1
2728-Fundación Universitaria del Área Andina,9757-ESPECIALIZACION EN AUDITORIA EN SALUD,Femenino,2010-1,2021,Dependiente,Actividades de atención de la salud humana y de asistencia social,1 SMMLV,1 SMMLV,1
2728-Fundación Universitaria del Área Andina,9757-ESPECIALIZACION EN AUDITORIA EN SALUD,Femenino,2010-1,2021,Dependiente,Actividades de atención de la salud humana y de asistencia social,"Entre 3 y 3,5 SMMLV","Entre 2,5 y 4 SMMLV",1
2728-Fundación Universitaria del Área Andina,9757-ESPECIALIZACION EN AUDITORIA EN SALUD,Femenino,2010-1,2021,Dependiente,Actividades de atención de la salud humana y de asistencia social,"Entre 3,5 y 4 SMMLV","Entre 2,5 y 4 SMMLV",1
2728-Fundación Universitaria del Área Andina,9757-ESPECIALIZACION EN AUDITORIA EN SALUD,Femenino,2010-1,2021,Dependiente,Actividades de atención de la salud humana y de asistencia social,Más de 15 SMMLV,Más de 9 SMMLV,1
2728-Fundación Universitaria del Área Andina,9757-ESPECIALIZACION EN AUDITORIA EN SALUD,Femenino,2010-1,2021,Dependiente,"Actividades profesionales, científicas y técnicas","Entre 2,5 y 3 SMMLV","Entre 2,5 y 4 SMMLV",2
2728-Fundación Universitaria del Área Andina,9757-ESPECIALIZACION EN AUDITORIA EN SALUD,Femenino,2010-1,2021,Dependiente,Administración pública y defensa; planes de seguridad social de afiliación obligatoria,Entre 5 y 6 SMMLV,Entre 4 y 6 SMMLV,1
2728-Fundación Universitaria del Área Andina,9757-ESPECIALIZACION EN AUDITORIA EN SALUD,Femenino,2010-1,2022,Dependiente,Actividades de atención de la salud humana y de asistencia social,"Entre 2,5 y 3 SMMLV","Entre 2,5 y 4 SMMLV",1
2728-Fundación Universitaria del Área Andina,9757-ESPECIALIZACION EN AUDITORIA EN SALUD,Femenino,2010-1,2022,Dependiente,Actividades de atención de la salud humana y de asistencia social,"Entre 3,5 y 4 SMMLV","Entre 2,5 y 4 SMMLV",2
2728-Fundación Universitaria del Área Andina,9757-ESPECIALIZACION EN AUDITORIA EN SALUD,Femenino,2010-1,2022,Dependiente,Actividades de atención de la salud humana y de asistencia social,Entre 7 y 8 SMMLV,Entre 6 y 9 SMMLV,1
2728-Fundación Universitaria del Área Andina,9757-ESPECIALIZACION EN AUDITORIA EN SALUD,Femenino,2010-1,2022,Dependiente,Actividades de atención de la salud humana y de asistencia social,Más de 15 SMMLV,Más de 9 SMMLV,1
2728-Fundación Universitaria del Área Andina,9757-ESPECIALIZACION EN AUDITORIA EN SALUD,Femenino,2010-1,2022,Dependiente,Actividades financieras y de seguros,"Entre 3,5 y 4 SMMLV","Entre 2,5 y 4 SMMLV",1
2728-Fundación Universitaria del Área Andina,9757-ESPECIALIZACION EN AUDITORIA EN SALUD,Femenino,2010-1,2022,Dependiente,Administración pública y defensa; planes de seguridad social de afiliación obligatoria,Entre 5 y 6 SMMLV,Entre 4 y 6 SMMLV,1
2728-Fundación Universitaria del Área Andina,9757-ESPECIALIZACION EN AUDITORIA EN SALUD,Femenino,2010-1,2023,Dependiente,Actividades de atención de la salud humana y de asistencia social,"Entre 1 y 1,5 SMMLV","Entre 1 y 1,5 SMMLV",1
2728-Fundación Universitaria del Área Andina,9757-ESPECIALIZACION EN AUDITORIA EN SALUD,Femenino,2010-1,2023,Dependiente,Actividades de atención de la salud humana y de asistencia social,"Entre 2,5 y 3 SMMLV","Entre 2,5 y 4 SMMLV",1
2728-Fundación Universitaria del Área Andina,9757-ESPECIALIZACION EN AUDITORIA EN SALUD,Femenino,2010-1,2023,Dependiente,Actividades de atención de la salud humana y de asistencia social,"Entre 3 y 3,5 SMMLV","Entre 2,5 y 4 SMMLV",2
2728-Fundación Universitaria del Área Andina,9757-ESPECIALIZACION EN AUDITORIA EN SALUD,Femenino,2010-1,2023,Dependiente,Actividades financieras y de seguros,"Entre 1 y 1,5 SMMLV","Entre 1 y 1,5 SMMLV",1
2728-Fundación Universitaria del Área Andina,9757-ESPECIALIZACION EN AUDITORIA EN SALUD,Femenino,2010-1,2023,Dependiente,Administración pública y defensa; planes de seguridad social de afiliación obligatoria,Entre 5 y 6 SMMLV,Entre 4 y 6 SMMLV,1
2728-Fundación Universitaria del Área Andina,9757-ESPECIALIZACION EN AUDITORIA EN SALUD,Femenino,2010-1,2023,Dependiente,Educación,Más de 15 SMMLV,Más de 9 SMMLV,1
2728-Fundación Universitaria del Área Andina,9757-ESPECIALIZACION EN AUDITORIA EN SALUD,Masculino,2010-1,2016,Dependiente,Actividades de atención de la salud humana y de asistencia social,"Entre 3,5 y 4 SMMLV","Entre 2,5 y 4 SMMLV",1
2728-Fundación Universitaria del Área Andina,9757-ESPECIALIZACION EN AUDITORIA EN SALUD,Masculino,2010-1,2016,Dependiente,Actividades de atención de la salud humana y de asistencia social,Entre 6 y 7 SMMLV,Entre 6 y 9 SMMLV,1
2728-Fundación Universitaria del Área Andina,9757-ESPECIALIZACION EN AUDITORIA EN SALUD,Masculino,2010-1,2016,Dependiente,"Actividades profesionales, científicas y técnicas",Entre 7 y 8 SMMLV,Entre 6 y 9 SMMLV,1
2728-Fundación Universitaria del Área Andina,9757-ESPECIALIZACION EN AUDITORIA EN SALUD,Masculino,2010-1,2017,Dependiente,Actividades de atención de la salud humana y de asistencia social,"Entre 4 y 4,5 SMMLV",Entre 4 y 6 SMMLV,1
2728-Fundación Universitaria del Área Andina,9757-ESPECIALIZACION EN AUDITORIA EN SALUD,Masculino,2010-1,2017,Dependiente,Actividades de atención de la salud humana y de asistencia social,Entre 11 y 13 SMMLV,Más de 9 SMMLV,1
2728-Fundación Universitaria del Área Andina,9757-ESPECIALIZACION EN AUDITORIA EN SALUD,Masculino,2010-1,2017,Dependiente,"Actividades profesionales, científicas y técnicas",Entre 6 y 7 SMMLV,Entre 6 y 9 SMMLV,1
2728-Fundación Universitaria del Área Andina,9757-ESPECIALIZACION EN AUDITORIA EN SALUD,Masculino,2010-1,2018,Dependiente,Actividades de atención de la salud humana y de asistencia social,"Entre 4 y 4,5 SMMLV",Entre 4 y 6 SMMLV,1
2728-Fundación Universitaria del Área Andina,9757-ESPECIALIZACION EN AUDITORIA EN SALUD,Masculino,2010-1,2018,Dependiente,Actividades de atención de la salud humana y de asistencia social,Entre 8 y 9 SMMLV,Entre 6 y 9 SMMLV,1
2728-Fundación Universitaria del Área Andina,9757-ESPECIALIZACION EN AUDITORIA EN SALUD,Masculino,2010-1,2018,Dependiente,"Actividades profesionales, científicas y técnicas","Entre 4,5 y 5 SMMLV",Entre 4 y 6 SMMLV,1
2728-Fundación Universitaria del Área Andina,9757-ESPECIALIZACION EN AUDITORIA EN SALUD,Masculino,2010-1,2019,Dependiente,Actividades de atención de la salud humana y de asistencia social,"Entre 4,5 y 5 SMMLV",Entre 4 y 6 SMMLV,1
2728-Fundación Universitaria del Área Andina,9757-ESPECIALIZACION EN AUDITORIA EN SALUD,Masculino,2010-1,2019,Dependiente,Administración pública y defensa; planes de seguridad social de afiliación obligatoria,"Entre 1,5 y 2 SMMLV","Entre 1,5 y 2,5 SMMLV",1
2728-Fundación Universitaria del Área Andina,9757-ESPECIALIZACION EN AUDITORIA EN SALUD,Masculino,2010-1,2020,Dependiente,Actividades de atención de la salud humana y de asistencia social,"Entre 4,5 y 5 SMMLV",Entre 4 y 6 SMMLV,1
2728-Fundación Universitaria del Área Andina,9757-ESPECIALIZACION EN AUDITORIA EN SALUD,Masculino,2010-1,2020,Dependiente,"Actividades profesionales, científicas y técnicas","Entre 2 y 2 ,5 SMMLV","Entre 1,5 y 2,5 SMMLV",1
2728-Fundación Universitaria del Área Andina,9757-ESPECIALIZACION EN AUDITORIA EN SALUD,Masculino,2010-1,2020,Dependiente,Administración pública y defensa; planes de seguridad social de afiliación obligatoria,"Entre 1,5 y 2 SMMLV","Entre 1,5 y 2,5 SMMLV",1
2728-Fundación Universitaria del Área Andina,9757-ESPECIALIZACION EN AUDITORIA EN SALUD,Masculino,2010-1,2021,Dependiente,"Actividades profesionales, científicas y técnicas","Entre 2 y 2 ,5 SMMLV","Entre 1,5 y 2,5 SMMLV",1
2728-Fundación Universitaria del Área Andina,9757-ESPECIALIZACION EN AUDITORIA EN SALUD,Masculino,2010-1,2021,Dependiente,Administración pública y defensa; planes de seguridad social de afiliación obligatoria,"Entre 1,5 y 2 SMMLV","Entre 1,5 y 2,5 SMMLV",1
2728-Fundación Universitaria del Área Andina,9757-ESPECIALIZACION EN AUDITORIA EN SALUD,Masculino,2010-1,2022,Dependiente,Actividades de atención de la salud humana y de asistencia social,"Entre 2 y 2 ,5 SMMLV","Entre 1,5 y 2,5 SMMLV",1
2728-Fundación Universitaria del Área Andina,9757-ESPECIALIZACION EN AUDITORIA EN SALUD,Masculino,2010-1,2022,Dependiente,"Actividades profesionales, científicas y técnicas","Entre 3 y 3,5 SMMLV","Entre 2,5 y 4 SMMLV",1
2728-Fundación Universitaria del Área Andina,9757-ESPECIALIZACION EN AUDITORIA EN SALUD,Masculino,2010-1,2023,Dependiente,"Actividades profesionales, científicas y técnicas","Entre 3 y 3,5 SMMLV","Entre 2,5 y 4 SMMLV",1
2728-Fundación Universitaria del Área Andina,9757-ESPECIALIZACION EN AUDITORIA EN SALUD,Masculino,2010-1,2023,Dependiente,Administración pública y defensa; planes de seguridad social de afiliación obligatoria,"Entre 1,5 y 2 SMMLV","Entre 1,5 y 2,5 SMMLV",1
2728-Fundación Universitaria del Área Andina,9756-ESPECIALIZACION EN GERENCIA EN SALUD OCUPACIONAL,Femenino,2010-1,2016,Dependiente,Construccion,Entre 9 y 11 SMMLV,Más de 9 SMMLV,1
2728-Fundación Universitaria del Área Andina,9756-ESPECIALIZACION EN GERENCIA EN SALUD OCUPACIONAL,Femenino,2010-1,2016,Dependiente,Explotación de minas y canteras,"Entre 2,5 y 3 SMMLV","Entre 2,5 y 4 SMMLV",1
2728-Fundación Universitaria del Área Andina,9756-ESPECIALIZACION EN GERENCIA EN SALUD OCUPACIONAL,Femenino,2010-1,2016,Dependiente,Explotación de minas y canteras,Entre 5 y 6 SMMLV,Entre 4 y 6 SMMLV,1
2728-Fundación Universitaria del Área Andina,9756-ESPECIALIZACION EN GERENCIA EN SALUD OCUPACIONAL,Femenino,2010-1,2017,Dependiente,Actividades financieras y de seguros,"Entre 2,5 y 3 SMMLV","Entre 2,5 y 4 SMMLV",1
2728-Fundación Universitaria del Área Andina,9756-ESPECIALIZACION EN GERENCIA EN SALUD OCUPACIONAL,Femenino,2010-1,2017,Dependiente,"Actividades profesionales, científicas y técnicas",1 SMMLV,1 SMMLV,1
2728-Fundación Universitaria del Área Andina,9756-ESPECIALIZACION EN GERENCIA EN SALUD OCUPACIONAL,Femenino,2010-1,2017,Dependiente,"Actividades profesionales, científicas y técnicas","Entre 2 y 2 ,5 SMMLV","Entre 1,5 y 2,5 SMMLV",1
2728-Fundación Universitaria del Área Andina,9756-ESPECIALIZACION EN GERENCIA EN SALUD OCUPACIONAL,Femenino,2010-1,2017,Dependiente,"Actividades profesionales, científicas y técnicas","Entre 3 y 3,5 SMMLV","Entre 2,5 y 4 SMMLV",1
2728-Fundación Universitaria del Área Andina,9756-ESPECIALIZACION EN GERENCIA EN SALUD OCUPACIONAL,Femenino,2010-1,2017,Dependiente,Explotación de minas y canteras,"Entre 3 y 3,5 SMMLV","Entre 2,5 y 4 SMMLV",1
2728-Fundación Universitaria del Área Andina,9756-ESPECIALIZACION EN GERENCIA EN SALUD OCUPACIONAL,Femenino,2010-1,2018,Dependiente,Actividades de servicios administrativos y de apoyo,1 SMMLV,1 SMMLV,1
2728-Fundación Universitaria del Área Andina,9756-ESPECIALIZACION EN GERENCIA EN SALUD OCUPACIONAL,Femenino,2010-1,2018,Dependiente,Actividades financieras y de seguros,"Entre 2,5 y 3 SMMLV","Entre 2,5 y 4 SMMLV",1
2728-Fundación Universitaria del Área Andina,9756-ESPECIALIZACION EN GERENCIA EN SALUD OCUPACIONAL,Femenino,2010-1,2018,Dependiente,"Actividades profesionales, científicas y técnicas","Entre 2,5 y 3 SMMLV","Entre 2,5 y 4 SMMLV",2
2728-Fundación Universitaria del Área Andina,9756-ESPECIALIZACION EN GERENCIA EN SALUD OCUPACIONAL,Femenino,2010-1,2018,Dependiente,"Actividades profesionales, científicas y técnicas","Entre 3 y 3,5 SMMLV","Entre 2,5 y 4 SMMLV",1
2728-Fundación Universitaria del Área Andina,9756-ESPECIALIZACION EN GERENCIA EN SALUD OCUPACIONAL,Femenino,2010-1,2018,Dependiente,Otras actividades de servicios,"Entre 3 y 3,5 SMMLV","Entre 2,5 y 4 SMMLV",1
2728-Fundación Universitaria del Área Andina,9756-ESPECIALIZACION EN GERENCIA EN SALUD OCUPACIONAL,Femenino,2010-1,2018,Dependiente,Sin información,1 SMMLV,1 SMMLV,1
2728-Fundación Universitaria del Área Andina,9756-ESPECIALIZACION EN GERENCIA EN SALUD OCUPACIONAL,Femenino,2010-1,2019,Dependiente,Actividades de servicios administrativos y de apoyo,"Entre 1 y 1,5 SMMLV","Entre 1 y 1,5 SMMLV",1
2728-Fundación Universitaria del Área Andina,9756-ESPECIALIZACION EN GERENCIA EN SALUD OCUPACIONAL,Femenino,2010-1,2019,Dependiente,"Actividades profesionales, científicas y técnicas","Entre 3,5 y 4 SMMLV","Entre 2,5 y 4 SMMLV",1
2728-Fundación Universitaria del Área Andina,9756-ESPECIALIZACION EN GERENCIA EN SALUD OCUPACIONAL,Femenino,2010-1,2019,Dependiente,"Actividades profesionales, científicas y técnicas",Entre 5 y 6 SMMLV,Entre 4 y 6 SMMLV,1
2728-Fundación Universitaria del Área Andina,9756-ESPECIALIZACION EN GERENCIA EN SALUD OCUPACIONAL,Femenino,2010-1,2019,Dependiente,"Actividades profesionales, científicas y técnicas",Entre 6 y 7 SMMLV,Entre 6 y 9 SMMLV,1
2728-Fundación Universitaria del Área Andina,9756-ESPECIALIZACION EN GERENCIA EN SALUD OCUPACIONAL,Femenino,2010-1,2019,Dependiente,Comercio al por mayor y al por menor; reparación de vehículos automotores y motocicletas,1 SMMLV,1 SMMLV,1
2728-Fundación Universitaria del Área Andina,9756-ESPECIALIZACION EN GERENCIA EN SALUD OCUPACIONAL,Femenino,2010-1,2019,Dependiente,Construccion,"Entre 3,5 y 4 SMMLV","Entre 2,5 y 4 SMMLV",1
2728-Fundación Universitaria del Área Andina,9756-ESPECIALIZACION EN GERENCIA EN SALUD OCUPACIONAL,Femenino,2010-1,2019,Dependiente,Otras actividades de servicios,"Entre 3 y 3,5 SMMLV","Entre 2,5 y 4 SMMLV",1
2728-Fundación Universitaria del Área Andina,9756-ESPECIALIZACION EN GERENCIA EN SALUD OCUPACIONAL,Femenino,2010-1,2020,Dependiente,Actividades de atención de la salud humana y de asistencia social,"Entre 3 y 3,5 SMMLV","Entre 2,5 y 4 SMMLV",1
2728-Fundación Universitaria del Área Andina,9756-ESPECIALIZACION EN GERENCIA EN SALUD OCUPACIONAL,Femenino,2010-1,2020,Dependiente,Actividades de atención de la salud humana y de asistencia social,Entre 6 y 7 SMMLV,Entre 6 y 9 SMMLV,1
2728-Fundación Universitaria del Área Andina,9756-ESPECIALIZACION EN GERENCIA EN SALUD OCUPACIONAL,Femenino,2010-1,2020,Dependiente,"Actividades profesionales, científicas y técnicas","Entre 2 y 2 ,5 SMMLV","Entre 1,5 y 2,5 SMMLV",1
2728-Fundación Universitaria del Área Andina,9756-ESPECIALIZACION EN GERENCIA EN SALUD OCUPACIONAL,Femenino,2010-1,2020,Dependiente,"Actividades profesionales, científicas y técnicas","Entre 3 y 3,5 SMMLV","Entre 2,5 y 4 SMMLV",1
2728-Fundación Universitaria del Área Andina,9756-ESPECIALIZACION EN GERENCIA EN SALUD OCUPACIONAL,Femenino,2010-1,2020,Dependiente,"Actividades profesionales, científicas y técnicas",Entre 5 y 6 SMMLV,Entre 4 y 6 SMMLV,1
2728-Fundación Universitaria del Área Andina,9756-ESPECIALIZACION EN GERENCIA EN SALUD OCUPACIONAL,Femenino,2010-1,2020,Dependiente,Construccion,"Entre 2 y 2 ,5 SMMLV","Entre 1,5 y 2,5 SMMLV",1
2728-Fundación Universitaria del Área Andina,9756-ESPECIALIZACION EN GERENCIA EN SALUD OCUPACIONAL,Femenino,2010-1,2020,Dependiente,Industrias manufactureras,"Entre 3,5 y 4 SMMLV","Entre 2,5 y 4 SMMLV",1
2728-Fundación Universitaria del Área Andina,9756-ESPECIALIZACION EN GERENCIA EN SALUD OCUPACIONAL,Femenino,2010-1,2021,Dependiente,Actividades de atención de la salud humana y de asistencia social,Entre 6 y 7 SMMLV,Entre 6 y 9 SMMLV,1
2728-Fundación Universitaria del Área Andina,9756-ESPECIALIZACION EN GERENCIA EN SALUD OCUPACIONAL,Femenino,2010-1,2021,Dependiente,Actividades de servicios administrativos y de apoyo,Entre 5 y 6 SMMLV,Entre 4 y 6 SMMLV,2
2728-Fundación Universitaria del Área Andina,9756-ESPECIALIZACION EN GERENCIA EN SALUD OCUPACIONAL,Femenino,2010-1,2021,Dependiente,"Actividades profesionales, científicas y técnicas","Entre 3 y 3,5 SMMLV","Entre 2,5 y 4 SMMLV",1
2728-Fundación Universitaria del Área Andina,9756-ESPECIALIZACION EN GERENCIA EN SALUD OCUPACIONAL,Femenino,2010-1,2021,Dependiente,"Actividades profesionales, científicas y técnicas",Entre 5 y 6 SMMLV,Entre 4 y 6 SMMLV,1
2728-Fundación Universitaria del Área Andina,9756-ESPECIALIZACION EN GERENCIA EN SALUD OCUPACIONAL,Femenino,2010-1,2021,Dependiente,Construccion,"Entre 2,5 y 3 SMMLV","Entre 2,5 y 4 SMMLV",1
2728-Fundación Universitaria del Área Andina,9756-ESPECIALIZACION EN GERENCIA EN SALUD OCUPACIONAL,Femenino,2010-1,2021,Dependiente,Industrias manufactureras,Entre 5 y 6 SMMLV,Entre 4 y 6 SMMLV,1
2728-Fundación Universitaria del Área Andina,9756-ESPECIALIZACION EN GERENCIA EN SALUD OCUPACIONAL,Femenino,2010-1,2021,Dependiente,Otras actividades de servicios,"Entre 3 y 3,5 SMMLV","Entre 2,5 y 4 SMMLV",1
2728-Fundación Universitaria del Área Andina,9756-ESPECIALIZACION EN GERENCIA EN SALUD OCUPACIONAL,Femenino,2010-1,2022,Dependiente,Actividades de atención de la salud humana y de asistencia social,Entre 7 y 8 SMMLV,Entre 6 y 9 SMMLV,1
2728-Fundación Universitaria del Área Andina,9756-ESPECIALIZACION EN GERENCIA EN SALUD OCUPACIONAL,Femenino,2010-1,2022,Dependiente,Actividades de servicios administrativos y de apoyo,"Entre 4 y 4,5 SMMLV",Entre 4 y 6 SMMLV,1
2728-Fundación Universitaria del Área Andina,9756-ESPECIALIZACION EN GERENCIA EN SALUD OCUPACIONAL,Femenino,2010-1,2022,Dependiente,Actividades de servicios administrativos y de apoyo,"Entre 4,5 y 5 SMMLV",Entre 4 y 6 SMMLV,1
2728-Fundación Universitaria del Área Andina,9756-ESPECIALIZACION EN GERENCIA EN SALUD OCUPACIONAL,Femenino,2010-1,2022,Dependiente,"Actividades profesionales, científicas y técnicas",Entre 5 y 6 SMMLV,Entre 4 y 6 SMMLV,1
2728-Fundación Universitaria del Área Andina,9756-ESPECIALIZACION EN GERENCIA EN SALUD OCUPACIONAL,Femenino,2010-1,2022,Dependiente,"Actividades profesionales, científicas y técnicas",Entre 7 y 8 SMMLV,Entre 6 y 9 SMMLV,1
2728-Fundación Universitaria del Área Andina,9756-ESPECIALIZACION EN GERENCIA EN SALUD OCUPACIONAL,Femenino,2010-1,2022,Dependiente,"Actividades profesionales, científicas y técnicas",Entre 8 y 9 SMMLV,Entre 6 y 9 SMMLV,1
2728-Fundación Universitaria del Área Andina,9756-ESPECIALIZACION EN GERENCIA EN SALUD OCUPACIONAL,Femenino,2010-1,2022,Dependiente,Construccion,"Entre 3 y 3,5 SMMLV","Entre 2,5 y 4 SMMLV",1
2728-Fundación Universitaria del Área Andina,9756-ESPECIALIZACION EN GERENCIA EN SALUD OCUPACIONAL,Femenino,2010-1,2022,Dependiente,Otras actividades de servicios,"Entre 3 y 3,5 SMMLV","Entre 2,5 y 4 SMMLV",1
2728-Fundación Universitaria del Área Andina,9756-ESPECIALIZACION EN GERENCIA EN SALUD OCUPACIONAL,Femenino,2010-1,2023,Dependiente,Actividades de atención de la salud humana y de asistencia social,Entre 5 y 6 SMMLV,Entre 4 y 6 SMMLV,1
2728-Fundación Universitaria del Área Andina,9756-ESPECIALIZACION EN GERENCIA EN SALUD OCUPACIONAL,Femenino,2010-1,2023,Dependiente,Actividades de servicios administrativos y de apoyo,"Entre 4 y 4,5 SMMLV",Entre 4 y 6 SMMLV,1
2728-Fundación Universitaria del Área Andina,9756-ESPECIALIZACION EN GERENCIA EN SALUD OCUPACIONAL,Femenino,2010-1,2023,Dependiente,Actividades de servicios administrativos y de apoyo,Entre 5 y 6 SMMLV,Entre 4 y 6 SMMLV,1
2728-Fundación Universitaria del Área Andina,9756-ESPECIALIZACION EN GERENCIA EN SALUD OCUPACIONAL,Femenino,2010-1,2023,Dependiente,"Actividades profesionales, científicas y técnicas",Entre 5 y 6 SMMLV,Entre 4 y 6 SMMLV,1
2728-Fundación Universitaria del Área Andina,9756-ESPECIALIZACION EN GERENCIA EN SALUD OCUPACIONAL,Femenino,2010-1,2023,Dependiente,"Actividades profesionales, científicas y técnicas",Entre 6 y 7 SMMLV,Entre 6 y 9 SMMLV,1
2728-Fundación Universitaria del Área Andina,9756-ESPECIALIZACION EN GERENCIA EN SALUD OCUPACIONAL,Femenino,2010-1,2023,Dependiente,"Actividades profesionales, científicas y técnicas",Entre 7 y 8 SMMLV,Entre 6 y 9 SMMLV,1
2728-Fundación Universitaria del Área Andina,9756-ESPECIALIZACION EN GERENCIA EN SALUD OCUPACIONAL,Femenino,2010-1,2023,Dependiente,Construccion,"Entre 4 y 4,5 SMMLV",Entre 4 y 6 SMMLV,1
2728-Fundación Universitaria del Área Andina,9756-ESPECIALIZACION EN GERENCIA EN SALUD OCUPACIONAL,Femenino,2010-1,2023,Dependiente,Otras actividades de servicios,"Entre 3 y 3,5 SMMLV","Entre 2,5 y 4 SMMLV",1
2728-Fundación Universitaria del Área Andina,9756-ESPECIALIZACION EN GERENCIA EN SALUD OCUPACIONAL,Masculino,2010-1,2016,Dependiente,Actividades de atención de la salud humana y de asistencia social,"Entre 3 y 3,5 SMMLV","Entre 2,5 y 4 SMMLV",1
2728-Fundación Universitaria del Área Andina,9756-ESPECIALIZACION EN GERENCIA EN SALUD OCUPACIONAL,Masculino,2010-1,2016,Dependiente,Construccion,Entre 5 y 6 SMMLV,Entre 4 y 6 SMMLV,1
2728-Fundación Universitaria del Área Andina,9756-ESPECIALIZACION EN GERENCIA EN SALUD OCUPACIONAL,Masculino,2010-1,2016,Dependiente,Construccion,Entre 7 y 8 SMMLV,Entre 6 y 9 SMMLV,2
2728-Fundación Universitaria del Área Andina,9756-ESPECIALIZACION EN GERENCIA EN SALUD OCUPACIONAL,Masculino,2010-1,2016,Dependiente,Explotación de minas y canteras,Entre 6 y 7 SMMLV,Entre 6 y 9 SMMLV,1
2728-Fundación Universitaria del Área Andina,9756-ESPECIALIZACION EN GERENCIA EN SALUD OCUPACIONAL,Masculino,2010-1,2016,Dependiente,Sin información,Entre 8 y 9 SMMLV,Entre 6 y 9 SMMLV,1
2728-Fundación Universitaria del Área Andina,9756-ESPECIALIZACION EN GERENCIA EN SALUD OCUPACIONAL,Masculino,2010-1,2017,Dependiente,"Actividades profesionales, científicas y técnicas",1 SMMLV,1 SMMLV,1
2728-Fundación Universitaria del Área Andina,9756-ESPECIALIZACION EN GERENCIA EN SALUD OCUPACIONAL,Masculino,2010-1,2017,Dependiente,"Actividades profesionales, científicas y técnicas","Entre 4 y 4,5 SMMLV",Entre 4 y 6 SMMLV,1
2728-Fundación Universitaria del Área Andina,9756-ESPECIALIZACION EN GERENCIA EN SALUD OCUPACIONAL,Masculino,2010-1,2017,Dependiente,"Actividades profesionales, científicas y técnicas",Entre 7 y 8 SMMLV,Entre 6 y 9 SMMLV,1
2728-Fundación Universitaria del Área Andina,9756-ESPECIALIZACION EN GERENCIA EN SALUD OCUPACIONAL,Masculino,2010-1,2017,Dependiente,Comercio al por mayor y al por menor; reparación de vehículos automotores y motocicletas,Entre 6 y 7 SMMLV,Entre 6 y 9 SMMLV,1
2728-Fundación Universitaria del Área Andina,9756-ESPECIALIZACION EN GERENCIA EN SALUD OCUPACIONAL,Masculino,2010-1,2017,Dependiente,Construccion,"Entre 1,5 y 2 SMMLV","Entre 1,5 y 2,5 SMMLV",1
2728-Fundación Universitaria del Área Andina,9756-ESPECIALIZACION EN GERENCIA EN SALUD OCUPACIONAL,Masculino,2010-1,2017,Dependiente,Sin información,Entre 9 y 11 SMMLV,Más de 9 SMMLV,1
2728-Fundación Universitaria del Área Andina,9756-ESPECIALIZACION EN GERENCIA EN SALUD OCUPACIONAL,Masculino,2010-1,2018,Dependiente,Actividades de atención de la salud humana y de asistencia social,"Entre 3 y 3,5 SMMLV","Entre 2,5 y 4 SMMLV",1
2728-Fundación Universitaria del Área Andina,9756-ESPECIALIZACION EN GERENCIA EN SALUD OCUPACIONAL,Masculino,2010-1,2018,Dependiente,"Actividades profesionales, científicas y técnicas","Entre 3 y 3,5 SMMLV","Entre 2,5 y 4 SMMLV",1
2728-Fundación Universitaria del Área Andina,9756-ESPECIALIZACION EN GERENCIA EN SALUD OCUPACIONAL,Masculino,2010-1,2018,Dependiente,"Actividades profesionales, científicas y técnicas","Entre 4 y 4,5 SMMLV",Entre 4 y 6 SMMLV,1
2728-Fundación Universitaria del Área Andina,9756-ESPECIALIZACION EN GERENCIA EN SALUD OCUPACIONAL,Masculino,2010-1,2018,Dependiente,"Actividades profesionales, científicas y técnicas",Entre 8 y 9 SMMLV,Entre 6 y 9 SMMLV,1
2728-Fundación Universitaria del Área Andina,9756-ESPECIALIZACION EN GERENCIA EN SALUD OCUPACIONAL,Masculino,2010-1,2018,Dependiente,Construccion,Entre 6 y 7 SMMLV,Entre 6 y 9 SMMLV,1
2728-Fundación Universitaria del Área Andina,9756-ESPECIALIZACION EN GERENCIA EN SALUD OCUPACIONAL,Masculino,2010-1,2018,Dependiente,Educación,"Entre 1 y 1,5 SMMLV","Entre 1 y 1,5 SMMLV",1
2728-Fundación Universitaria del Área Andina,9756-ESPECIALIZACION EN GERENCIA EN SALUD OCUPACIONAL,Masculino,2010-1,2018,Dependiente,Sin información,Entre 9 y 11 SMMLV,Más de 9 SMMLV,1
2728-Fundación Universitaria del Área Andina,9756-ESPECIALIZACION EN GERENCIA EN SALUD OCUPACIONAL,Masculino,2010-1,2018,Dependiente,Transporte y almacenamiento,1 SMMLV,1 SMMLV,1
2728-Fundación Universitaria del Área Andina,9756-ESPECIALIZACION EN GERENCIA EN SALUD OCUPACIONAL,Masculino,2010-1,2019,Dependiente,Actividades de los hogares individuales en calidad de empleadores; actividades no diferenciadas de los hogares individuales como productores de bienes y servicios para uso propio,Entre 8 y 9 SMMLV,Entre 6 y 9 SMMLV,1
2728-Fundación Universitaria del Área Andina,9756-ESPECIALIZACION EN GERENCIA EN SALUD OCUPACIONAL,Masculino,2010-1,2019,Dependiente,"Actividades profesionales, científicas y técnicas",Entre 5 y 6 SMMLV,Entre 4 y 6 SMMLV,1
2728-Fundación Universitaria del Área Andina,9756-ESPECIALIZACION EN GERENCIA EN SALUD OCUPACIONAL,Masculino,2010-1,2019,Dependiente,Administración pública y defensa; planes de seguridad social de afiliación obligatoria,"Entre 2,5 y 3 SMMLV","Entre 2,5 y 4 SMMLV",1
2728-Fundación Universitaria del Área Andina,9756-ESPECIALIZACION EN GERENCIA EN SALUD OCUPACIONAL,Masculino,2010-1,2019,Dependiente,"Agricultura, ganadería, caza, silvicultura y pesca",Entre 11 y 13 SMMLV,Más de 9 SMMLV,1
2728-Fundación Universitaria del Área Andina,9756-ESPECIALIZACION EN GERENCIA EN SALUD OCUPACIONAL,Masculino,2010-1,2019,Dependiente,Construccion,"Entre 3 y 3,5 SMMLV","Entre 2,5 y 4 SMMLV",1
2728-Fundación Universitaria del Área Andina,9756-ESPECIALIZACION EN GERENCIA EN SALUD OCUPACIONAL,Masculino,2010-1,2019,Dependiente,Construccion,Entre 7 y 8 SMMLV,Entre 6 y 9 SMMLV,1
2728-Fundación Universitaria del Área Andina,9756-ESPECIALIZACION EN GERENCIA EN SALUD OCUPACIONAL,Masculino,2010-1,2019,Dependiente,Sin información,Entre 9 y 11 SMMLV,Más de 9 SMMLV,1
2728-Fundación Universitaria del Área Andina,9756-ESPECIALIZACION EN GERENCIA EN SALUD OCUPACIONAL,Masculino,2010-1,2020,Dependiente,Actividades de los hogares individuales en calidad de empleadores; actividades no diferenciadas de los hogares individuales como productores de bienes y servicios para uso propio,Más de 15 SMMLV,Más de 9 SMMLV,1
2728-Fundación Universitaria del Área Andina,9756-ESPECIALIZACION EN GERENCIA EN SALUD OCUPACIONAL,Masculino,2010-1,2020,Dependiente,"Actividades profesionales, científicas y técnicas","Entre 1 y 1,5 SMMLV","Entre 1 y 1,5 SMMLV",1
2728-Fundación Universitaria del Área Andina,9756-ESPECIALIZACION EN GERENCIA EN SALUD OCUPACIONAL,Masculino,2010-1,2020,Dependiente,"Actividades profesionales, científicas y técnicas","Entre 1,5 y 2 SMMLV","Entre 1,5 y 2,5 SMMLV",1
2728-Fundación Universitaria del Área Andina,9756-ESPECIALIZACION EN GERENCIA EN SALUD OCUPACIONAL,Masculino,2010-1,2020,Dependiente,"Actividades profesionales, científicas y técnicas",Entre 5 y 6 SMMLV,Entre 4 y 6 SMMLV,1
2728-Fundación Universitaria del Área Andina,9756-ESPECIALIZACION EN GERENCIA EN SALUD OCUPACIONAL,Masculino,2010-1,2020,Dependiente,"Agricultura, ganadería, caza, silvicultura y pesca",Entre 9 y 11 SMMLV,Más de 9 SMMLV,1
2728-Fundación Universitaria del Área Andina,9756-ESPECIALIZACION EN GERENCIA EN SALUD OCUPACIONAL,Masculino,2010-1,2020,Dependiente,Otras actividades de servicios,Entre 8 y 9 SMMLV,Entre 6 y 9 SMMLV,1
2728-Fundación Universitaria del Área Andina,9756-ESPECIALIZACION EN GERENCIA EN SALUD OCUPACIONAL,Masculino,2010-1,2021,Dependiente,Actividades de atención de la salud humana y de asistencia social,"Entre 3 y 3,5 SMMLV","Entre 2,5 y 4 SMMLV",1
2728-Fundación Universitaria del Área Andina,9756-ESPECIALIZACION EN GERENCIA EN SALUD OCUPACIONAL,Masculino,2010-1,2021,Dependiente,Actividades financieras y de seguros,Entre 5 y 6 SMMLV,Entre 4 y 6 SMMLV,1
2728-Fundación Universitaria del Área Andina,9756-ESPECIALIZACION EN GERENCIA EN SALUD OCUPACIONAL,Masculino,2010-1,2021,Dependiente,"Actividades profesionales, científicas y técnicas","Entre 2 y 2 ,5 SMMLV","Entre 1,5 y 2,5 SMMLV",1
2728-Fundación Universitaria del Área Andina,9756-ESPECIALIZACION EN GERENCIA EN SALUD OCUPACIONAL,Masculino,2010-1,2021,Dependiente,"Actividades profesionales, científicas y técnicas","Entre 3 y 3,5 SMMLV","Entre 2,5 y 4 SMMLV",1
2728-Fundación Universitaria del Área Andina,9756-ESPECIALIZACION EN GERENCIA EN SALUD OCUPACIONAL,Masculino,2010-1,2021,Dependiente,Explotación de minas y canteras,Entre 9 y 11 SMMLV,Más de 9 SMMLV,1
2728-Fundación Universitaria del Área Andina,9756-ESPECIALIZACION EN GERENCIA EN SALUD OCUPACIONAL,Masculino,2010-1,2021,Dependiente,Industrias manufactureras,"Entre 4,5 y 5 SMMLV",Entre 4 y 6 SMMLV,1
2728-Fundación Universitaria del Área Andina,9756-ESPECIALIZACION EN GERENCIA EN SALUD OCUPACIONAL,Masculino,2010-1,2021,Dependiente,Otras actividades de servicios,Entre 8 y 9 SMMLV,Entre 6 y 9 SMMLV,1
2728-Fundación Universitaria del Área Andina,9756-ESPECIALIZACION EN GERENCIA EN SALUD OCUPACIONAL,Masculino,2010-1,2022,Dependiente,Actividades de atención de la salud humana y de asistencia social,Entre 11 y 13 SMMLV,Más de 9 SMMLV,1
2728-Fundación Universitaria del Área Andina,9756-ESPECIALIZACION EN GERENCIA EN SALUD OCUPACIONAL,Masculino,2010-1,2022,Dependiente,Actividades financieras y de seguros,Entre 5 y 6 SMMLV,Entre 4 y 6 SMMLV,1
2728-Fundación Universitaria del Área Andina,9756-ESPECIALIZACION EN GERENCIA EN SALUD OCUPACIONAL,Masculino,2010-1,2022,Dependiente,"Actividades profesionales, científicas y técnicas","Entre 4 y 4,5 SMMLV",Entre 4 y 6 SMMLV,1
2728-Fundación Universitaria del Área Andina,9756-ESPECIALIZACION EN GERENCIA EN SALUD OCUPACIONAL,Masculino,2010-1,2022,Dependiente,Construccion,"Entre 4 y 4,5 SMMLV",Entre 4 y 6 SMMLV,1
2728-Fundación Universitaria del Área Andina,9756-ESPECIALIZACION EN GERENCIA EN SALUD OCUPACIONAL,Masculino,2010-1,2022,Dependiente,Educación,1 SMMLV,1 SMMLV,1
2728-Fundación Universitaria del Área Andina,9756-ESPECIALIZACION EN GERENCIA EN SALUD OCUPACIONAL,Masculino,2010-1,2022,Dependiente,Explotación de minas y canteras,Entre 8 y 9 SMMLV,Entre 6 y 9 SMMLV,1
2728-Fundación Universitaria del Área Andina,9756-ESPECIALIZACION EN GERENCIA EN SALUD OCUPACIONAL,Masculino,2010-1,2022,Dependiente,Explotación de minas y canteras,Entre 9 y 11 SMMLV,Más de 9 SMMLV,1
2728-Fundación Universitaria del Área Andina,9756-ESPECIALIZACION EN GERENCIA EN SALUD OCUPACIONAL,Masculino,2010-1,2023,Dependiente,Actividades de atención de la salud humana y de asistencia social,Entre 9 y 11 SMMLV,Más de 9 SMMLV,1
2728-Fundación Universitaria del Área Andina,9756-ESPECIALIZACION EN GERENCIA EN SALUD OCUPACIONAL,Masculino,2010-1,2023,Dependiente,Actividades de servicios administrativos y de apoyo,"Entre 2 y 2 ,5 SMMLV","Entre 1,5 y 2,5 SMMLV",1
2728-Fundación Universitaria del Área Andina,9756-ESPECIALIZACION EN GERENCIA EN SALUD OCUPACIONAL,Masculino,2010-1,2023,Dependiente,Actividades de servicios administrativos y de apoyo,Entre 6 y 7 SMMLV,Entre 6 y 9 SMMLV,1
2728-Fundación Universitaria del Área Andina,9756-ESPECIALIZACION EN GERENCIA EN SALUD OCUPACIONAL,Masculino,2010-1,2023,Dependiente,Construccion,1 SMMLV,1 SMMLV,1
2728-Fundación Universitaria del Área Andina,9756-ESPECIALIZACION EN GERENCIA EN SALUD OCUPACIONAL,Masculino,2010-1,2023,Dependiente,Construccion,"Entre 2,5 y 3 SMMLV","Entre 2,5 y 4 SMMLV",1
2728-Fundación Universitaria del Área Andina,9756-ESPECIALIZACION EN GERENCIA EN SALUD OCUPACIONAL,Masculino,2010-1,2023,Dependiente,Explotación de minas y canteras,Entre 11 y 13 SMMLV,Más de 9 SMMLV,1
2728-Fundación Universitaria del Área Andina,9756-ESPECIALIZACION EN GERENCIA EN SALUD OCUPACIONAL,Masculino,2010-1,2023,Dependiente,Otras actividades de servicios,Entre 8 y 9 SMMLV,Entre 6 y 9 SMMLV,1
2728-Fundación Universitaria del Área Andina,9794-ESPECIALIZACION EN GESTION AMBIENTAL,Femenino,2010-1,2017,Dependiente,Comercio al por mayor y al por menor; reparación de vehículos automotores y motocicletas,"Entre 1 y 1,5 SMMLV","Entre 1 y 1,5 SMMLV",1
2728-Fundación Universitaria del Área Andina,9794-ESPECIALIZACION EN GESTION AMBIENTAL,Femenino,2010-1,2018,Dependiente,Sin información,"Entre 1 y 1,5 SMMLV","Entre 1 y 1,5 SMMLV",1
2728-Fundación Universitaria del Área Andina,9794-ESPECIALIZACION EN GESTION AMBIENTAL,Femenino,2010-1,2019,Dependiente,Otras actividades de servicios,1 SMMLV,1 SMMLV,1
2728-Fundación Universitaria del Área Andina,9794-ESPECIALIZACION EN GESTION AMBIENTAL,Femenino,2010-1,2020,Dependiente,Comercio al por mayor y al por menor; reparación de vehículos automotores y motocicletas,1 SMMLV,1 SMMLV,1
2728-Fundación Universitaria del Área Andina,9794-ESPECIALIZACION EN GESTION AMBIENTAL,Masculino,2010-1,2017,Dependiente,"Suministro de electricidad, gas, vapor y aire acondicionado",Entre 5 y 6 SMMLV,Entre 4 y 6 SMMLV,1
2728-Fundación Universitaria del Área Andina,9794-ESPECIALIZACION EN GESTION AMBIENTAL,Masculino,2010-1,2018,Dependiente,"Suministro de electricidad, gas, vapor y aire acondicionado","Entre 3,5 y 4 SMMLV","Entre 2,5 y 4 SMMLV",1
2728-Fundación Universitaria del Área Andina,9794-ESPECIALIZACION EN GESTION AMBIENTAL,Masculino,2010-1,2019,Dependiente,"Suministro de electricidad, gas, vapor y aire acondicionado",Entre 5 y 6 SMMLV,Entre 4 y 6 SMMLV,1
2728-Fundación Universitaria del Área Andina,9794-ESPECIALIZACION EN GESTION AMBIENTAL,Masculino,2010-1,2020,Dependiente,"Suministro de electricidad, gas, vapor y aire acondicionado","Entre 4 y 4,5 SMMLV",Entre 4 y 6 SMMLV,1
2728-Fundación Universitaria del Área Andina,9794-ESPECIALIZACION EN GESTION AMBIENTAL,Masculino,2010-1,2021,Dependiente,"Suministro de electricidad, gas, vapor y aire acondicionado","Entre 4 y 4,5 SMMLV",Entre 4 y 6 SMMLV,1
2728-Fundación Universitaria del Área Andina,9794-ESPECIALIZACION EN GESTION AMBIENTAL,Masculino,2010-1,2022,Dependiente,"Suministro de electricidad, gas, vapor y aire acondicionado","Entre 3,5 y 4 SMMLV","Entre 2,5 y 4 SMMLV",1
2728-Fundación Universitaria del Área Andina,9794-ESPECIALIZACION EN GESTION AMBIENTAL,Masculino,2010-1,2023,Dependiente,"Actividades profesionales, científicas y técnicas","Entre 4 y 4,5 SMMLV",Entre 4 y 6 SMMLV,1
3716-Tecnológica FITEC,52483-TECNICA PROFESIONAL EN CONSTRUCCION DE SOFWARE,Femenino,2010-1,2016,Dependiente,"Actividades profesionales, científicas y técnicas",1 SMMLV,1 SMMLV,1
3716-Tecnológica FITEC,52483-TECNICA PROFESIONAL EN CONSTRUCCION DE SOFWARE,Femenino,2010-1,2016,Dependiente,Administración pública y defensa; planes de seguridad social de afiliación obligatoria,"Entre 1,5 y 2 SMMLV","Entre 1,5 y 2,5 SMMLV",1
3716-Tecnológica FITEC,52483-TECNICA PROFESIONAL EN CONSTRUCCION DE SOFWARE,Femenino,2010-1,2016,Dependiente,"Agricultura, ganadería, caza, silvicultura y pesca",1 SMMLV,1 SMMLV,1
3716-Tecnológica FITEC,52483-TECNICA PROFESIONAL EN CONSTRUCCION DE SOFWARE,Femenino,2010-1,2016,Dependiente,Comercio al por mayor y al por menor; reparación de vehículos automotores y motocicletas,1 SMMLV,1 SMMLV,1
3716-Tecnológica FITEC,52483-TECNICA PROFESIONAL EN CONSTRUCCION DE SOFWARE,Femenino,2010-1,2016,Dependiente,Educación,1 SMMLV,1 SMMLV,1
3716-Tecnológica FITEC,52483-TECNICA PROFESIONAL EN CONSTRUCCION DE SOFWARE,Femenino,2010-1,2016,Dependiente,Educación,"Entre 1 y 1,5 SMMLV","Entre 1 y 1,5 SMMLV",4
3716-Tecnológica FITEC,52483-TECNICA PROFESIONAL EN CONSTRUCCION DE SOFWARE,Femenino,2010-1,2016,Dependiente,Educación,"Entre 2,5 y 3 SMMLV","Entre 2,5 y 4 SMMLV",1
3716-Tecnológica FITEC,52483-TECNICA PROFESIONAL EN CONSTRUCCION DE SOFWARE,Femenino,2010-1,2016,Dependiente,Información y comunicaciones,"Entre 1 y 1,5 SMMLV","Entre 1 y 1,5 SMMLV",1
3716-Tecnológica FITEC,52483-TECNICA PROFESIONAL EN CONSTRUCCION DE SOFWARE,Femenino,2010-1,2016,Dependiente,Otras actividades de servicios,"Entre 1 y 1,5 SMMLV","Entre 1 y 1,5 SMMLV",1
3716-Tecnológica FITEC,52483-TECNICA PROFESIONAL EN CONSTRUCCION DE SOFWARE,Femenino,2010-1,2017,Dependiente,"Actividades artísticas, de entretenimiento y recreación","Entre 1 y 1,5 SMMLV","Entre 1 y 1,5 SMMLV",5
3716-Tecnológica FITEC,52483-TECNICA PROFESIONAL EN CONSTRUCCION DE SOFWARE,Femenino,2010-1,2017,Dependiente,"Actividades profesionales, científicas y técnicas","Entre 1 y 1,5 SMMLV","Entre 1 y 1,5 SMMLV",1
3716-Tecnológica FITEC,52483-TECNICA PROFESIONAL EN CONSTRUCCION DE SOFWARE,Femenino,2010-1,2017,Dependiente,Administración pública y defensa; planes de seguridad social de afiliación obligatoria,"Entre 1 y 1,5 SMMLV","Entre 1 y 1,5 SMMLV",1
3716-Tecnológica FITEC,52483-TECNICA PROFESIONAL EN CONSTRUCCION DE SOFWARE,Femenino,2010-1,2017,Dependiente,Administración pública y defensa; planes de seguridad social de afiliación obligatoria,"Entre 3 y 3,5 SMMLV","Entre 2,5 y 4 SMMLV",1
3716-Tecnológica FITEC,52483-TECNICA PROFESIONAL EN CONSTRUCCION DE SOFWARE,Femenino,2010-1,2017,Dependiente,Información y comunicaciones,"Entre 1,5 y 2 SMMLV","Entre 1,5 y 2,5 SMMLV",1
3716-Tecnológica FITEC,52483-TECNICA PROFESIONAL EN CONSTRUCCION DE SOFWARE,Femenino,2010-1,2017,Dependiente,Otras actividades de servicios,"Entre 1 y 1,5 SMMLV","Entre 1 y 1,5 SMMLV",2
3716-Tecnológica FITEC,52483-TECNICA PROFESIONAL EN CONSTRUCCION DE SOFWARE,Femenino,2010-1,2017,Dependiente,Transporte y almacenamiento,1 SMMLV,1 SMMLV,1
3716-Tecnológica FITEC,52483-TECNICA PROFESIONAL EN CONSTRUCCION DE SOFWARE,Femenino,2010-1,2018,Dependiente,"Actividades artísticas, de entretenimiento y recreación",1 SMMLV,1 SMMLV,1
3716-Tecnológica FITEC,52483-TECNICA PROFESIONAL EN CONSTRUCCION DE SOFWARE,Femenino,2010-1,2018,Dependiente,"Actividades artísticas, de entretenimiento y recreación","Entre 1 y 1,5 SMMLV","Entre 1 y 1,5 SMMLV",4
3716-Tecnológica FITEC,52483-TECNICA PROFESIONAL EN CONSTRUCCION DE SOFWARE,Femenino,2010-1,2018,Dependiente,Administración pública y defensa; planes de seguridad social de afiliación obligatoria,"Entre 1,5 y 2 SMMLV","Entre 1,5 y 2,5 SMMLV",1
3716-Tecnológica FITEC,52483-TECNICA PROFESIONAL EN CONSTRUCCION DE SOFWARE,Femenino,2010-1,2018,Dependiente,Industrias manufactureras,1 SMMLV,1 SMMLV,1
3716-Tecnológica FITEC,52483-TECNICA PROFESIONAL EN CONSTRUCCION DE SOFWARE,Femenino,2010-1,2018,Dependiente,Industrias manufactureras,"Entre 1 y 1,5 SMMLV","Entre 1 y 1,5 SMMLV",1
3716-Tecnológica FITEC,52483-TECNICA PROFESIONAL EN CONSTRUCCION DE SOFWARE,Femenino,2010-1,2018,Dependiente,Información y comunicaciones,"Entre 1 y 1,5 SMMLV","Entre 1 y 1,5 SMMLV",1
3716-Tecnológica FITEC,52483-TECNICA PROFESIONAL EN CONSTRUCCION DE SOFWARE,Femenino,2010-1,2018,Dependiente,Otras actividades de servicios,"Entre 1 y 1,5 SMMLV","Entre 1 y 1,5 SMMLV",1
3716-Tecnológica FITEC,52483-TECNICA PROFESIONAL EN CONSTRUCCION DE SOFWARE,Femenino,2010-1,2018,Dependiente,Otras actividades de servicios,"Entre 1,5 y 2 SMMLV","Entre 1,5 y 2,5 SMMLV",1
3716-Tecnológica FITEC,52483-TECNICA PROFESIONAL EN CONSTRUCCION DE SOFWARE,Femenino,2010-1,2018,Dependiente,Transporte y almacenamiento,"Entre 1 y 1,5 SMMLV","Entre 1 y 1,5 SMMLV",1
3716-Tecnológica FITEC,52483-TECNICA PROFESIONAL EN CONSTRUCCION DE SOFWARE,Femenino,2010-1,2019,Dependiente,"Actividades artísticas, de entretenimiento y recreación","Entre 1 y 1,5 SMMLV","Entre 1 y 1,5 SMMLV",5
3716-Tecnológica FITEC,52483-TECNICA PROFESIONAL EN CONSTRUCCION DE SOFWARE,Femenino,2010-1,2019,Dependiente,"Actividades profesionales, científicas y técnicas",1 SMMLV,1 SMMLV,1
3716-Tecnológica FITEC,52483-TECNICA PROFESIONAL EN CONSTRUCCION DE SOFWARE,Femenino,2010-1,2019,Dependiente,Administración pública y defensa; planes de seguridad social de afiliación obligatoria,"Entre 1 y 1,5 SMMLV","Entre 1 y 1,5 SMMLV",1
3716-Tecnológica FITEC,52483-TECNICA PROFESIONAL EN CONSTRUCCION DE SOFWARE,Femenino,2010-1,2019,Dependiente,Industrias manufactureras,1 SMMLV,1 SMMLV,1
3716-Tecnológica FITEC,52483-TECNICA PROFESIONAL EN CONSTRUCCION DE SOFWARE,Femenino,2010-1,2019,Dependiente,Información y comunicaciones,"Entre 1 y 1,5 SMMLV","Entre 1 y 1,5 SMMLV",1
3716-Tecnológica FITEC,52483-TECNICA PROFESIONAL EN CONSTRUCCION DE SOFWARE,Femenino,2010-1,2019,Dependiente,Otras actividades de servicios,"Entre 1 y 1,5 SMMLV","Entre 1 y 1,5 SMMLV",1
3716-Tecnológica FITEC,52483-TECNICA PROFESIONAL EN CONSTRUCCION DE SOFWARE,Femenino,2010-1,2019,Dependiente,Transporte y almacenamiento,"Entre 1 y 1,5 SMMLV","Entre 1 y 1,5 SMMLV",1
3716-Tecnológica FITEC,52483-TECNICA PROFESIONAL EN CONSTRUCCION DE SOFWARE,Femenino,2010-1,2020,Dependiente,"Actividades artísticas, de entretenimiento y recreación",1 SMMLV,1 SMMLV,1
3716-Tecnológica FITEC,52483-TECNICA PROFESIONAL EN CONSTRUCCION DE SOFWARE,Femenino,2010-1,2020,Dependiente,"Actividades artísticas, de entretenimiento y recreación","Entre 1 y 1,5 SMMLV","Entre 1 y 1,5 SMMLV",4
3716-Tecnológica FITEC,52483-TECNICA PROFESIONAL EN CONSTRUCCION DE SOFWARE,Femenino,2010-1,2020,Dependiente,Actividades de servicios administrativos y de apoyo,1 SMMLV,1 SMMLV,1
3716-Tecnológica FITEC,52483-TECNICA PROFESIONAL EN CONSTRUCCION DE SOFWARE,Femenino,2010-1,2020,Dependiente,Administración pública y defensa; planes de seguridad social de afiliación obligatoria,"Entre 1 y 1,5 SMMLV","Entre 1 y 1,5 SMMLV",1
3716-Tecnológica FITEC,52483-TECNICA PROFESIONAL EN CONSTRUCCION DE SOFWARE,Femenino,2010-1,2020,Dependiente,Información y comunicaciones,"Entre 1 y 1,5 SMMLV","Entre 1 y 1,5 SMMLV",1
3716-Tecnológica FITEC,52483-TECNICA PROFESIONAL EN CONSTRUCCION DE SOFWARE,Femenino,2010-1,2020,Dependiente,Otras actividades de servicios,"Entre 1 y 1,5 SMMLV","Entre 1 y 1,5 SMMLV",1
3716-Tecnológica FITEC,52483-TECNICA PROFESIONAL EN CONSTRUCCION DE SOFWARE,Femenino,2010-1,2020,Dependiente,Transporte y almacenamiento,"Entre 1 y 1,5 SMMLV","Entre 1 y 1,5 SMMLV",1
3716-Tecnológica FITEC,52483-TECNICA PROFESIONAL EN CONSTRUCCION DE SOFWARE,Femenino,2010-1,2021,Dependiente,"Actividades artísticas, de entretenimiento y recreación",1 SMMLV,1 SMMLV,1
3716-Tecnológica FITEC,52483-TECNICA PROFESIONAL EN CONSTRUCCION DE SOFWARE,Femenino,2010-1,2021,Dependiente,"Actividades artísticas, de entretenimiento y recreación","Entre 1 y 1,5 SMMLV","Entre 1 y 1,5 SMMLV",4
3716-Tecnológica FITEC,52483-TECNICA PROFESIONAL EN CONSTRUCCION DE SOFWARE,Femenino,2010-1,2021,Dependiente,Administración pública y defensa; planes de seguridad social de afiliación obligatoria,"Entre 1 y 1,5 SMMLV","Entre 1 y 1,5 SMMLV",1
3716-Tecnológica FITEC,52483-TECNICA PROFESIONAL EN CONSTRUCCION DE SOFWARE,Femenino,2010-1,2021,Dependiente,Información y comunicaciones,"Entre 1 y 1,5 SMMLV","Entre 1 y 1,5 SMMLV",1
3716-Tecnológica FITEC,52483-TECNICA PROFESIONAL EN CONSTRUCCION DE SOFWARE,Femenino,2010-1,2021,Dependiente,Otras actividades de servicios,"Entre 1 y 1,5 SMMLV","Entre 1 y 1,5 SMMLV",1
3716-Tecnológica FITEC,52483-TECNICA PROFESIONAL EN CONSTRUCCION DE SOFWARE,Femenino,2010-1,2021,Dependiente,Transporte y almacenamiento,"Entre 1 y 1,5 SMMLV","Entre 1 y 1,5 SMMLV",1
3716-Tecnológica FITEC,52483-TECNICA PROFESIONAL EN CONSTRUCCION DE SOFWARE,Femenino,2010-1,2022,Dependiente,"Actividades artísticas, de entretenimiento y recreación",1 SMMLV,1 SMMLV,1
3716-Tecnológica FITEC,52483-TECNICA PROFESIONAL EN CONSTRUCCION DE SOFWARE,Femenino,2010-1,2022,Dependiente,"Actividades artísticas, de entretenimiento y recreación","Entre 1 y 1,5 SMMLV","Entre 1 y 1,5 SMMLV",4
3716-Tecnológica FITEC,52483-TECNICA PROFESIONAL EN CONSTRUCCION DE SOFWARE,Femenino,2010-1,2022,Dependiente,Administración pública y defensa; planes de seguridad social de afiliación obligatoria,1 SMMLV,1 SMMLV,1
3716-Tecnológica FITEC,52483-TECNICA PROFESIONAL EN CONSTRUCCION DE SOFWARE,Femenino,2010-1,2022,Dependiente,Información y comunicaciones,"Entre 1 y 1,5 SMMLV","Entre 1 y 1,5 SMMLV",1
3716-Tecnológica FITEC,52483-TECNICA PROFESIONAL EN CONSTRUCCION DE SOFWARE,Femenino,2010-1,2022,Dependiente,Otras actividades de servicios,"Entre 1 y 1,5 SMMLV","Entre 1 y 1,5 SMMLV",1
3716-Tecnológica FITEC,52483-TECNICA PROFESIONAL EN CONSTRUCCION DE SOFWARE,Femenino,2010-1,2022,Dependiente,Transporte y almacenamiento,"Entre 1 y 1,5 SMMLV","Entre 1 y 1,5 SMMLV",1
3716-Tecnológica FITEC,52483-TECNICA PROFESIONAL EN CONSTRUCCION DE SOFWARE,Femenino,2010-1,2023,Dependiente,"Actividades artísticas, de entretenimiento y recreación",1 SMMLV,1 SMMLV,1
3716-Tecnológica FITEC,52483-TECNICA PROFESIONAL EN CONSTRUCCION DE SOFWARE,Femenino,2010-1,2023,Dependiente,"Actividades artísticas, de entretenimiento y recreación","Entre 1 y 1,5 SMMLV","Entre 1 y 1,5 SMMLV",4
3716-Tecnológica FITEC,52483-TECNICA PROFESIONAL EN CONSTRUCCION DE SOFWARE,Femenino,2010-1,2023,Dependiente,Administración pública y defensa; planes de seguridad social de afiliación obligatoria,1 SMMLV,1 SMMLV,1
3716-Tecnológica FITEC,52483-TECNICA PROFESIONAL EN CONSTRUCCION DE SOFWARE,Femenino,2010-1,2023,Dependiente,Información y comunicaciones,"Entre 1 y 1,5 SMMLV","Entre 1 y 1,5 SMMLV",1
3716-Tecnológica FITEC,52483-TECNICA PROFESIONAL EN CONSTRUCCION DE SOFWARE,Femenino,2010-1,2023,Dependiente,Otras actividades de servicios,"Entre 1,5 y 2 SMMLV","Entre 1,5 y 2,5 SMMLV",1
3716-Tecnológica FITEC,52483-TECNICA PROFESIONAL EN CONSTRUCCION DE SOFWARE,Femenino,2010-1,2023,Dependiente,Transporte y almacenamiento,1 SMMLV,1 SMMLV,1
3716-Tecnológica FITEC,52483-TECNICA PROFESIONAL EN CONSTRUCCION DE SOFWARE,Masculino,2010-1,2016,Dependiente,Alojamiento y servicios de comida,"Entre 1,5 y 2 SMMLV","Entre 1,5 y 2,5 SMMLV",1
3716-Tecnológica FITEC,52483-TECNICA PROFESIONAL EN CONSTRUCCION DE SOFWARE,Masculino,2010-1,2016,Dependiente,Comercio al por mayor y al por menor; reparación de vehículos automotores y motocicletas,1 SMMLV,1 SMMLV,1
3716-Tecnológica FITEC,52483-TECNICA PROFESIONAL EN CONSTRUCCION DE SOFWARE,Masculino,2010-1,2016,Dependiente,Construccion,1 SMMLV,1 SMMLV,1
3716-Tecnológica FITEC,52483-TECNICA PROFESIONAL EN CONSTRUCCION DE SOFWARE,Masculino,2010-1,2016,Dependiente,Construccion,"Entre 1 y 1,5 SMMLV","Entre 1 y 1,5 SMMLV",1
3716-Tecnológica FITEC,52483-TECNICA PROFESIONAL EN CONSTRUCCION DE SOFWARE,Masculino,2010-1,2016,Dependiente,Educación,"Entre 1 y 1,5 SMMLV","Entre 1 y 1,5 SMMLV",2
3716-Tecnológica FITEC,52483-TECNICA PROFESIONAL EN CONSTRUCCION DE SOFWARE,Masculino,2010-1,2016,Dependiente,Explotación de minas y canteras,1 SMMLV,1 SMMLV,1
3716-Tecnológica FITEC,52483-TECNICA PROFESIONAL EN CONSTRUCCION DE SOFWARE,Masculino,2010-1,2016,Dependiente,Industrias manufactureras,"Entre 1 y 1,5 SMMLV","Entre 1 y 1,5 SMMLV",1
3716-Tecnológica FITEC,52483-TECNICA PROFESIONAL EN CONSTRUCCION DE SOFWARE,Masculino,2010-1,2016,Dependiente,Industrias manufactureras,"Entre 1,5 y 2 SMMLV","Entre 1,5 y 2,5 SMMLV",1
3716-Tecnológica FITEC,52483-TECNICA PROFESIONAL EN CONSTRUCCION DE SOFWARE,Masculino,2010-1,2016,Dependiente,Industrias manufactureras,"Entre 2 y 2 ,5 SMMLV","Entre 1,5 y 2,5 SMMLV",1
3716-Tecnológica FITEC,52483-TECNICA PROFESIONAL EN CONSTRUCCION DE SOFWARE,Masculino,2010-1,2016,Dependiente,Información y comunicaciones,"Entre 1 y 1,5 SMMLV","Entre 1 y 1,5 SMMLV",1
3716-Tecnológica FITEC,52483-TECNICA PROFESIONAL EN CONSTRUCCION DE SOFWARE,Masculino,2010-1,2016,Dependiente,Otras actividades de servicios,"Entre 1 y 1,5 SMMLV","Entre 1 y 1,5 SMMLV",1
3716-Tecnológica FITEC,52483-TECNICA PROFESIONAL EN CONSTRUCCION DE SOFWARE,Masculino,2010-1,2016,Dependiente,Otras actividades de servicios,"Entre 1,5 y 2 SMMLV","Entre 1,5 y 2,5 SMMLV",1
3716-Tecnológica FITEC,52483-TECNICA PROFESIONAL EN CONSTRUCCION DE SOFWARE,Masculino,2010-1,2016,Dependiente,Sin información,1 SMMLV,1 SMMLV,2
3716-Tecnológica FITEC,52483-TECNICA PROFESIONAL EN CONSTRUCCION DE SOFWARE,Masculino,2010-1,2016,Dependiente,Sin información,"Entre 1 y 1,5 SMMLV","Entre 1 y 1,5 SMMLV",1
3716-Tecnológica FITEC,52483-TECNICA PROFESIONAL EN CONSTRUCCION DE SOFWARE,Masculino,2010-1,2017,Dependiente,"Actividades artísticas, de entretenimiento y recreación","Entre 1 y 1,5 SMMLV","Entre 1 y 1,5 SMMLV",2
3716-Tecnológica FITEC,52483-TECNICA PROFESIONAL EN CONSTRUCCION DE SOFWARE,Masculino,2010-1,2017,Dependiente,Actividades de servicios administrativos y de apoyo,"Entre 1 y 1,5 SMMLV","Entre 1 y 1,5 SMMLV",1
3716-Tecnológica FITEC,52483-TECNICA PROFESIONAL EN CONSTRUCCION DE SOFWARE,Masculino,2010-1,2017,Dependiente,"Actividades profesionales, científicas y técnicas","Entre 1 y 1,5 SMMLV","Entre 1 y 1,5 SMMLV",1
3716-Tecnológica FITEC,52483-TECNICA PROFESIONAL EN CONSTRUCCION DE SOFWARE,Masculino,2010-1,2017,Dependiente,Alojamiento y servicios de comida,"Entre 1 y 1,5 SMMLV","Entre 1 y 1,5 SMMLV",1
3716-Tecnológica FITEC,52483-TECNICA PROFESIONAL EN CONSTRUCCION DE SOFWARE,Masculino,2010-1,2017,Dependiente,Alojamiento y servicios de comida,"Entre 1,5 y 2 SMMLV","Entre 1,5 y 2,5 SMMLV",1
3716-Tecnológica FITEC,52483-TECNICA PROFESIONAL EN CONSTRUCCION DE SOFWARE,Masculino,2010-1,2017,Dependiente,Comercio al por mayor y al por menor; reparación de vehículos automotores y motocicletas,"Entre 1 y 1,5 SMMLV","Entre 1 y 1,5 SMMLV",2
3716-Tecnológica FITEC,52483-TECNICA PROFESIONAL EN CONSTRUCCION DE SOFWARE,Masculino,2010-1,2017,Dependiente,"Distribución de agua; evacuación y tratamiento de aguas residuales, gestión de desechos y actividades de saneamiento ambiental","Entre 1 y 1,5 SMMLV","Entre 1 y 1,5 SMMLV",1
3716-Tecnológica FITEC,52483-TECNICA PROFESIONAL EN CONSTRUCCION DE SOFWARE,Masculino,2010-1,2017,Dependiente,Industrias manufactureras,"Entre 1 y 1,5 SMMLV","Entre 1 y 1,5 SMMLV",2
3716-Tecnológica FITEC,52483-TECNICA PROFESIONAL EN CONSTRUCCION DE SOFWARE,Masculino,2010-1,2017,Dependiente,Industrias manufactureras,"Entre 2 y 2 ,5 SMMLV","Entre 1,5 y 2,5 SMMLV",1
3716-Tecnológica FITEC,52483-TECNICA PROFESIONAL EN CONSTRUCCION DE SOFWARE,Masculino,2010-1,2017,Dependiente,Sin información,"Entre 1 y 1,5 SMMLV","Entre 1 y 1,5 SMMLV",4
3716-Tecnológica FITEC,52483-TECNICA PROFESIONAL EN CONSTRUCCION DE SOFWARE,Masculino,2010-1,2018,Dependiente,"Actividades artísticas, de entretenimiento y recreación","Entre 1 y 1,5 SMMLV","Entre 1 y 1,5 SMMLV",2
3716-Tecnológica FITEC,52483-TECNICA PROFESIONAL EN CONSTRUCCION DE SOFWARE,Masculino,2010-1,2018,Dependiente,Actividades de servicios administrativos y de apoyo,"Entre 1 y 1,5 SMMLV","Entre 1 y 1,5 SMMLV",1
3716-Tecnológica FITEC,52483-TECNICA PROFESIONAL EN CONSTRUCCION DE SOFWARE,Masculino,2010-1,2018,Dependiente,Actividades de servicios administrativos y de apoyo,"Entre 2 y 2 ,5 SMMLV","Entre 1,5 y 2,5 SMMLV",1
3716-Tecnológica FITEC,52483-TECNICA PROFESIONAL EN CONSTRUCCION DE SOFWARE,Masculino,2010-1,2018,Dependiente,"Actividades profesionales, científicas y técnicas",1 SMMLV,1 SMMLV,1
3716-Tecnológica FITEC,52483-TECNICA PROFESIONAL EN CONSTRUCCION DE SOFWARE,Masculino,2010-1,2018,Dependiente,Alojamiento y servicios de comida,"Entre 1 y 1,5 SMMLV","Entre 1 y 1,5 SMMLV",1
3716-Tecnológica FITEC,52483-TECNICA PROFESIONAL EN CONSTRUCCION DE SOFWARE,Masculino,2010-1,2018,Dependiente,Alojamiento y servicios de comida,"Entre 1,5 y 2 SMMLV","Entre 1,5 y 2,5 SMMLV",1
3716-Tecnológica FITEC,52483-TECNICA PROFESIONAL EN CONSTRUCCION DE SOFWARE,Masculino,2010-1,2018,Dependiente,Comercio al por mayor y al por menor; reparación de vehículos automotores y motocicletas,"Entre 1 y 1,5 SMMLV","Entre 1 y 1,5 SMMLV",2
3716-Tecnológica FITEC,52483-TECNICA PROFESIONAL EN CONSTRUCCION DE SOFWARE,Masculino,2010-1,2018,Dependiente,"Distribución de agua; evacuación y tratamiento de aguas residuales, gestión de desechos y actividades de saneamiento ambiental","Entre 1 y 1,5 SMMLV","Entre 1 y 1,5 SMMLV",1
3716-Tecnológica FITEC,52483-TECNICA PROFESIONAL EN CONSTRUCCION DE SOFWARE,Masculino,2010-1,2018,Dependiente,Industrias manufactureras,1 SMMLV,1 SMMLV,1
3716-Tecnológica FITEC,52483-TECNICA PROFESIONAL EN CONSTRUCCION DE SOFWARE,Masculino,2010-1,2018,Dependiente,Industrias manufactureras,"Entre 1 y 1,5 SMMLV","Entre 1 y 1,5 SMMLV",1
3716-Tecnológica FITEC,52483-TECNICA PROFESIONAL EN CONSTRUCCION DE SOFWARE,Masculino,2010-1,2018,Dependiente,Otras actividades de servicios,"Entre 1 y 1,5 SMMLV","Entre 1 y 1,5 SMMLV",1
3716-Tecnológica FITEC,52483-TECNICA PROFESIONAL EN CONSTRUCCION DE SOFWARE,Masculino,2010-1,2018,Dependiente,Sin información,"Entre 1 y 1,5 SMMLV","Entre 1 y 1,5 SMMLV",3
3716-Tecnológica FITEC,52483-TECNICA PROFESIONAL EN CONSTRUCCION DE SOFWARE,Masculino,2010-1,2019,Dependiente,"Actividades artísticas, de entretenimiento y recreación","Entre 1 y 1,5 SMMLV","Entre 1 y 1,5 SMMLV",2
3716-Tecnológica FITEC,52483-TECNICA PROFESIONAL EN CONSTRUCCION DE SOFWARE,Masculino,2010-1,2019,Dependiente,Administración pública y defensa; planes de seguridad social de afiliación obligatoria,"Entre 1 y 1,5 SMMLV","Entre 1 y 1,5 SMMLV",1
3716-Tecnológica FITEC,52483-TECNICA PROFESIONAL EN CONSTRUCCION DE SOFWARE,Masculino,2010-1,2019,Dependiente,Alojamiento y servicios de comida,"Entre 1 y 1,5 SMMLV","Entre 1 y 1,5 SMMLV",1
3716-Tecnológica FITEC,52483-TECNICA PROFESIONAL EN CONSTRUCCION DE SOFWARE,Masculino,2010-1,2019,Dependiente,Comercio al por mayor y al por menor; reparación de vehículos automotores y motocicletas,1 SMMLV,1 SMMLV,1
3716-Tecnológica FITEC,52483-TECNICA PROFESIONAL EN CONSTRUCCION DE SOFWARE,Masculino,2010-1,2019,Dependiente,Comercio al por mayor y al por menor; reparación de vehículos automotores y motocicletas,"Entre 1,5 y 2 SMMLV","Entre 1,5 y 2,5 SMMLV",1
3716-Tecnológica FITEC,52483-TECNICA PROFESIONAL EN CONSTRUCCION DE SOFWARE,Masculino,2010-1,2019,Dependiente,Construccion,"Entre 1 y 1,5 SMMLV","Entre 1 y 1,5 SMMLV",4
3716-Tecnológica FITEC,52483-TECNICA PROFESIONAL EN CONSTRUCCION DE SOFWARE,Masculino,2010-1,2019,Dependiente,"Distribución de agua; evacuación y tratamiento de aguas residuales, gestión de desechos y actividades de saneamiento ambiental","Entre 1 y 1,5 SMMLV","Entre 1 y 1,5 SMMLV",1
3716-Tecnológica FITEC,52483-TECNICA PROFESIONAL EN CONSTRUCCION DE SOFWARE,Masculino,2010-1,2019,Dependiente,Industrias manufactureras,"Entre 1 y 1,5 SMMLV","Entre 1 y 1,5 SMMLV",3
3716-Tecnológica FITEC,52483-TECNICA PROFESIONAL EN CONSTRUCCION DE SOFWARE,Masculino,2010-1,2019,Dependiente,Información y comunicaciones,"Entre 1 y 1,5 SMMLV","Entre 1 y 1,5 SMMLV",1
3716-Tecnológica FITEC,52483-TECNICA PROFESIONAL EN CONSTRUCCION DE SOFWARE,Masculino,2010-1,2019,Dependiente,Otras actividades de servicios,"Entre 1 y 1,5 SMMLV","Entre 1 y 1,5 SMMLV",1
3716-Tecnológica FITEC,52483-TECNICA PROFESIONAL EN CONSTRUCCION DE SOFWARE,Masculino,2010-1,2020,Dependiente,"Actividades artísticas, de entretenimiento y recreación","Entre 1 y 1,5 SMMLV","Entre 1 y 1,5 SMMLV",2
3716-Tecnológica FITEC,52483-TECNICA PROFESIONAL EN CONSTRUCCION DE SOFWARE,Masculino,2010-1,2020,Dependiente,"Actividades profesionales, científicas y técnicas","Entre 1 y 1,5 SMMLV","Entre 1 y 1,5 SMMLV",3
3716-Tecnológica FITEC,52483-TECNICA PROFESIONAL EN CONSTRUCCION DE SOFWARE,Masculino,2010-1,2020,Dependiente,"Actividades profesionales, científicas y técnicas","Entre 1,5 y 2 SMMLV","Entre 1,5 y 2,5 SMMLV",1
3716-Tecnológica FITEC,52483-TECNICA PROFESIONAL EN CONSTRUCCION DE SOFWARE,Masculino,2010-1,2020,Dependiente,Administración pública y defensa; planes de seguridad social de afiliación obligatoria,"Entre 1 y 1,5 SMMLV","Entre 1 y 1,5 SMMLV",1
3716-Tecnológica FITEC,52483-TECNICA PROFESIONAL EN CONSTRUCCION DE SOFWARE,Masculino,2010-1,2020,Dependiente,Alojamiento y servicios de comida,"Entre 1 y 1,5 SMMLV","Entre 1 y 1,5 SMMLV",2
3716-Tecnológica FITEC,52483-TECNICA PROFESIONAL EN CONSTRUCCION DE SOFWARE,Masculino,2010-1,2020,Dependiente,Comercio al por mayor y al por menor; reparación de vehículos automotores y motocicletas,1 SMMLV,1 SMMLV,1
3716-Tecnológica FITEC,52483-TECNICA PROFESIONAL EN CONSTRUCCION DE SOFWARE,Masculino,2010-1,2020,Dependiente,Construccion,"Entre 1 y 1,5 SMMLV","Entre 1 y 1,5 SMMLV",1
3716-Tecnológica FITEC,52483-TECNICA PROFESIONAL EN CONSTRUCCION DE SOFWARE,Masculino,2010-1,2020,Dependiente,Construccion,"Entre 2 y 2 ,5 SMMLV","Entre 1,5 y 2,5 SMMLV",1
3716-Tecnológica FITEC,52483-TECNICA PROFESIONAL EN CONSTRUCCION DE SOFWARE,Masculino,2010-1,2020,Dependiente,"Distribución de agua; evacuación y tratamiento de aguas residuales, gestión de desechos y actividades de saneamiento ambiental","Entre 1 y 1,5 SMMLV","Entre 1 y 1,5 SMMLV",1
3716-Tecnológica FITEC,52483-TECNICA PROFESIONAL EN CONSTRUCCION DE SOFWARE,Masculino,2010-1,2020,Dependiente,Industrias manufactureras,1 SMMLV,1 SMMLV,1
3716-Tecnológica FITEC,52483-TECNICA PROFESIONAL EN CONSTRUCCION DE SOFWARE,Masculino,2010-1,2020,Dependiente,Industrias manufactureras,"Entre 1 y 1,5 SMMLV","Entre 1 y 1,5 SMMLV",3
3716-Tecnológica FITEC,52483-TECNICA PROFESIONAL EN CONSTRUCCION DE SOFWARE,Masculino,2010-1,2020,Dependiente,Información y comunicaciones,"Entre 1 y 1,5 SMMLV","Entre 1 y 1,5 SMMLV",1
3716-Tecnológica FITEC,52483-TECNICA PROFESIONAL EN CONSTRUCCION DE SOFWARE,Masculino,2010-1,2021,Dependiente,"Actividades artísticas, de entretenimiento y recreación","Entre 1 y 1,5 SMMLV","Entre 1 y 1,5 SMMLV",2
3716-Tecnológica FITEC,52483-TECNICA PROFESIONAL EN CONSTRUCCION DE SOFWARE,Masculino,2010-1,2021,Dependiente,Actividades de servicios administrativos y de apoyo,"Entre 1 y 1,5 SMMLV","Entre 1 y 1,5 SMMLV",1
3716-Tecnológica FITEC,52483-TECNICA PROFESIONAL EN CONSTRUCCION DE SOFWARE,Masculino,2010-1,2021,Dependiente,"Actividades profesionales, científicas y técnicas","Entre 1 y 1,5 SMMLV","Entre 1 y 1,5 SMMLV",4
3716-Tecnológica FITEC,52483-TECNICA PROFESIONAL EN CONSTRUCCION DE SOFWARE,Masculino,2010-1,2021,Dependiente,Administración pública y defensa; planes de seguridad social de afiliación obligatoria,"Entre 1 y 1,5 SMMLV","Entre 1 y 1,5 SMMLV",2
3716-Tecnológica FITEC,52483-TECNICA PROFESIONAL EN CONSTRUCCION DE SOFWARE,Masculino,2010-1,2021,Dependiente,Alojamiento y servicios de comida,1 SMMLV,1 SMMLV,1
3716-Tecnológica FITEC,52483-TECNICA PROFESIONAL EN CONSTRUCCION DE SOFWARE,Masculino,2010-1,2021,Dependiente,Construccion,"Entre 1 y 1,5 SMMLV","Entre 1 y 1,5 SMMLV",1
3716-Tecnológica FITEC,52483-TECNICA PROFESIONAL EN CONSTRUCCION DE SOFWARE,Masculino,2010-1,2021,Dependiente,"Distribución de agua; evacuación y tratamiento de aguas residuales, gestión de desechos y actividades de saneamiento ambiental","Entre 1 y 1,5 SMMLV","Entre 1 y 1,5 SMMLV",1
3716-Tecnológica FITEC,52483-TECNICA PROFESIONAL EN CONSTRUCCION DE SOFWARE,Masculino,2010-1,2021,Dependiente,Industrias manufactureras,"Entre 1 y 1,5 SMMLV","Entre 1 y 1,5 SMMLV",2
3716-Tecnológica FITEC,52483-TECNICA PROFESIONAL EN CONSTRUCCION DE SOFWARE,Masculino,2010-1,2021,Dependiente,Industrias manufactureras,"Entre 1,5 y 2 SMMLV","Entre 1,5 y 2,5 SMMLV",1
3716-Tecnológica FITEC,52483-TECNICA PROFESIONAL EN CONSTRUCCION DE SOFWARE,Masculino,2010-1,2021,Dependiente,Información y comunicaciones,1 SMMLV,1 SMMLV,1
3716-Tecnológica FITEC,52483-TECNICA PROFESIONAL EN CONSTRUCCION DE SOFWARE,Masculino,2010-1,2021,Dependiente,Otras actividades de servicios,"Entre 1 y 1,5 SMMLV","Entre 1 y 1,5 SMMLV",1
3716-Tecnológica FITEC,52483-TECNICA PROFESIONAL EN CONSTRUCCION DE SOFWARE,Masculino,2010-1,2022,Dependiente,"Actividades artísticas, de entretenimiento y recreación","Entre 1 y 1,5 SMMLV","Entre 1 y 1,5 SMMLV",2
3716-Tecnológica FITEC,52483-TECNICA PROFESIONAL EN CONSTRUCCION DE SOFWARE,Masculino,2010-1,2022,Dependiente,Actividades de servicios administrativos y de apoyo,"Entre 1 y 1,5 SMMLV","Entre 1 y 1,5 SMMLV",1
3716-Tecnológica FITEC,52483-TECNICA PROFESIONAL EN CONSTRUCCION DE SOFWARE,Masculino,2010-1,2022,Dependiente,"Actividades profesionales, científicas y técnicas",1 SMMLV,1 SMMLV,1
3716-Tecnológica FITEC,52483-TECNICA PROFESIONAL EN CONSTRUCCION DE SOFWARE,Masculino,2010-1,2022,Dependiente,"Actividades profesionales, científicas y técnicas","Entre 1 y 1,5 SMMLV","Entre 1 y 1,5 SMMLV",2
3716-Tecnológica FITEC,52483-TECNICA PROFESIONAL EN CONSTRUCCION DE SOFWARE,Masculino,2010-1,2022,Dependiente,Administración pública y defensa; planes de seguridad social de afiliación obligatoria,"Entre 1 y 1,5 SMMLV","Entre 1 y 1,5 SMMLV",2
3716-Tecnológica FITEC,52483-TECNICA PROFESIONAL EN CONSTRUCCION DE SOFWARE,Masculino,2010-1,2022,Dependiente,Comercio al por mayor y al por menor; reparación de vehículos automotores y motocicletas,"Entre 1 y 1,5 SMMLV","Entre 1 y 1,5 SMMLV",3
3716-Tecnológica FITEC,52483-TECNICA PROFESIONAL EN CONSTRUCCION DE SOFWARE,Masculino,2010-1,2022,Dependiente,Construccion,1 SMMLV,1 SMMLV,1
3716-Tecnológica FITEC,52483-TECNICA PROFESIONAL EN CONSTRUCCION DE SOFWARE,Masculino,2010-1,2022,Dependiente,"Distribución de agua; evacuación y tratamiento de aguas residuales, gestión de desechos y actividades de saneamiento ambiental","Entre 1 y 1,5 SMMLV","Entre 1 y 1,5 SMMLV",1
3716-Tecnológica FITEC,52483-TECNICA PROFESIONAL EN CONSTRUCCION DE SOFWARE,Masculino,2010-1,2022,Dependiente,Industrias manufactureras,1 SMMLV,1 SMMLV,1
3716-Tecnológica FITEC,52483-TECNICA PROFESIONAL EN CONSTRUCCION DE SOFWARE,Masculino,2010-1,2022,Dependiente,Industrias manufactureras,"Entre 1 y 1,5 SMMLV","Entre 1 y 1,5 SMMLV",2
3716-Tecnológica FITEC,52483-TECNICA PROFESIONAL EN CONSTRUCCION DE SOFWARE,Masculino,2010-1,2022,Dependiente,Información y comunicaciones,1 SMMLV,1 SMMLV,1
3716-Tecnológica FITEC,52483-TECNICA PROFESIONAL EN CONSTRUCCION DE SOFWARE,Masculino,2010-1,2023,Dependiente,"Actividades artísticas, de entretenimiento y recreación","Entre 1 y 1,5 SMMLV","Entre 1 y 1,5 SMMLV",2
3716-Tecnológica FITEC,52483-TECNICA PROFESIONAL EN CONSTRUCCION DE SOFWARE,Masculino,2010-1,2023,Dependiente,"Actividades profesionales, científicas y técnicas","Entre 1 y 1,5 SMMLV","Entre 1 y 1,5 SMMLV",3
3716-Tecnológica FITEC,52483-TECNICA PROFESIONAL EN CONSTRUCCION DE SOFWARE,Masculino,2010-1,2023,Dependiente,Administración pública y defensa; planes de seguridad social de afiliación obligatoria,"Entre 1 y 1,5 SMMLV","Entre 1 y 1,5 SMMLV",2
3716-Tecnológica FITEC,52483-TECNICA PROFESIONAL EN CONSTRUCCION DE SOFWARE,Masculino,2010-1,2023,Dependiente,"Agricultura, ganadería, caza, silvicultura y pesca","Entre 1,5 y 2 SMMLV","Entre 1,5 y 2,5 SMMLV",1
3716-Tecnológica FITEC,52483-TECNICA PROFESIONAL EN CONSTRUCCION DE SOFWARE,Masculino,2010-1,2023,Dependiente,Comercio al por mayor y al por menor; reparación de vehículos automotores y motocicletas,1 SMMLV,1 SMMLV,1
3716-Tecnológica FITEC,52483-TECNICA PROFESIONAL EN CONSTRUCCION DE SOFWARE,Masculino,2010-1,2023,Dependiente,Construccion,"Entre 1,5 y 2 SMMLV","Entre 1,5 y 2,5 SMMLV",2
3716-Tecnológica FITEC,52483-TECNICA PROFESIONAL EN CONSTRUCCION DE SOFWARE,Masculino,2010-1,2023,Dependiente,"Distribución de agua; evacuación y tratamiento de aguas residuales, gestión de desechos y actividades de saneamiento ambiental",1 SMMLV,1 SMMLV,1
3716-Tecnológica FITEC,52483-TECNICA PROFESIONAL EN CONSTRUCCION DE SOFWARE,Masculino,2010-1,2023,Dependiente,Industrias manufactureras,1 SMMLV,1 SMMLV,1
3716-Tecnológica FITEC,52483-TECNICA PROFESIONAL EN CONSTRUCCION DE SOFWARE,Masculino,2010-1,2023,Dependiente,Industrias manufactureras,"Entre 1 y 1,5 SMMLV","Entre 1 y 1,5 SMMLV",1
3716-Tecnológica FITEC,52483-TECNICA PROFESIONAL EN CONSTRUCCION DE SOFWARE,Masculino,2010-1,2023,Dependiente,Información y comunicaciones,1 SMMLV,1 SMMLV,1
3716-Tecnológica FITEC,52483-TECNICA PROFESIONAL EN CONSTRUCCION DE SOFWARE,Masculino,2010-1,2023,Dependiente,"Suministro de electricidad, gas, vapor y aire acondicionado","Entre 1 y 1,5 SMMLV","Entre 1 y 1,5 SMMLV",1
3716-Tecnológica FITEC,53167-TECNICA PROFESIONAL EN GESTION AGROPECUARIA,Femenino,2010-1,2016,Dependiente,Actividades de atención de la salud humana y de asistencia social,"Entre 1,5 y 2 SMMLV","Entre 1,5 y 2,5 SMMLV",2
3716-Tecnológica FITEC,53167-TECNICA PROFESIONAL EN GESTION AGROPECUARIA,Femenino,2010-1,2016,Dependiente,Actividades de servicios administrativos y de apoyo,"Entre 1 y 1,5 SMMLV","Entre 1 y 1,5 SMMLV",4
3716-Tecnológica FITEC,53167-TECNICA PROFESIONAL EN GESTION AGROPECUARIA,Femenino,2010-1,2016,Dependiente,"Actividades profesionales, científicas y técnicas","Entre 1 y 1,5 SMMLV","Entre 1 y 1,5 SMMLV",1
3716-Tecnológica FITEC,53167-TECNICA PROFESIONAL EN GESTION AGROPECUARIA,Femenino,2010-1,2016,Dependiente,Alojamiento y servicios de comida,"Entre 1 y 1,5 SMMLV","Entre 1 y 1,5 SMMLV",1
3716-Tecnológica FITEC,53167-TECNICA PROFESIONAL EN GESTION AGROPECUARIA,Femenino,2010-1,2016,Dependiente,Comercio al por mayor y al por menor; reparación de vehículos automotores y motocicletas,1 SMMLV,1 SMMLV,1
3716-Tecnológica FITEC,53167-TECNICA PROFESIONAL EN GESTION AGROPECUARIA,Femenino,2010-1,2016,Dependiente,Educación,"Entre 1 y 1,5 SMMLV","Entre 1 y 1,5 SMMLV",1
3716-Tecnológica FITEC,53167-TECNICA PROFESIONAL EN GESTION AGROPECUARIA,Femenino,2010-1,2016,Dependiente,Industrias manufactureras,1 SMMLV,1 SMMLV,2
3716-Tecnológica FITEC,53167-TECNICA PROFESIONAL EN GESTION AGROPECUARIA,Femenino,2010-1,2016,Dependiente,Industrias manufactureras,"Entre 1 y 1,5 SMMLV","Entre 1 y 1,5 SMMLV",3
3716-Tecnológica FITEC,53167-TECNICA PROFESIONAL EN GESTION AGROPECUARIA,Femenino,2010-1,2017,Dependiente,Actividades de atención de la salud humana y de asistencia social,"Entre 1,5 y 2 SMMLV","Entre 1,5 y 2,5 SMMLV",2
3716-Tecnológica FITEC,53167-TECNICA PROFESIONAL EN GESTION AGROPECUARIA,Femenino,2010-1,2017,Dependiente,Actividades de servicios administrativos y de apoyo,"Entre 1 y 1,5 SMMLV","Entre 1 y 1,5 SMMLV",2
3716-Tecnológica FITEC,53167-TECNICA PROFESIONAL EN GESTION AGROPECUARIA,Femenino,2010-1,2017,Dependiente,"Actividades profesionales, científicas y técnicas",1 SMMLV,1 SMMLV,1
3716-Tecnológica FITEC,53167-TECNICA PROFESIONAL EN GESTION AGROPECUARIA,Femenino,2010-1,2017,Dependiente,"Actividades profesionales, científicas y técnicas","Entre 1 y 1,5 SMMLV","Entre 1 y 1,5 SMMLV",2
3716-Tecnológica FITEC,53167-TECNICA PROFESIONAL EN GESTION AGROPECUARIA,Femenino,2010-1,2017,Dependiente,"Actividades profesionales, científicas y técnicas","Entre 1,5 y 2 SMMLV","Entre 1,5 y 2,5 SMMLV",1
3716-Tecnológica FITEC,53167-TECNICA PROFESIONAL EN GESTION AGROPECUARIA,Femenino,2010-1,2017,Dependiente,Alojamiento y servicios de comida,"Entre 1 y 1,5 SMMLV","Entre 1 y 1,5 SMMLV",1
3716-Tecnológica FITEC,53167-TECNICA PROFESIONAL EN GESTION AGROPECUARIA,Femenino,2010-1,2017,Dependiente,Comercio al por mayor y al por menor; reparación de vehículos automotores y motocicletas,"Entre 1 y 1,5 SMMLV","Entre 1 y 1,5 SMMLV",1
3716-Tecnológica FITEC,53167-TECNICA PROFESIONAL EN GESTION AGROPECUARIA,Femenino,2010-1,2017,Dependiente,Educación,"Entre 1 y 1,5 SMMLV","Entre 1 y 1,5 SMMLV",1
3716-Tecnológica FITEC,53167-TECNICA PROFESIONAL EN GESTION AGROPECUARIA,Femenino,2010-1,2017,Dependiente,Industrias manufactureras,1 SMMLV,1 SMMLV,1
3716-Tecnológica FITEC,53167-TECNICA PROFESIONAL EN GESTION AGROPECUARIA,Femenino,2010-1,2017,Dependiente,Industrias manufactureras,"Entre 1 y 1,5 SMMLV","Entre 1 y 1,5 SMMLV",1
3716-Tecnológica FITEC,53167-TECNICA PROFESIONAL EN GESTION AGROPECUARIA,Femenino,2010-1,2017,Dependiente,Transporte y almacenamiento,"Entre 1 y 1,5 SMMLV","Entre 1 y 1,5 SMMLV",1
3716-Tecnológica FITEC,53167-TECNICA PROFESIONAL EN GESTION AGROPECUARIA,Femenino,2010-1,2018,Dependiente,Actividades de atención de la salud humana y de asistencia social,"Entre 1 y 1,5 SMMLV","Entre 1 y 1,5 SMMLV",1
3716-Tecnológica FITEC,53167-TECNICA PROFESIONAL EN GESTION AGROPECUARIA,Femenino,2010-1,2018,Dependiente,Actividades de atención de la salud humana y de asistencia social,"Entre 1,5 y 2 SMMLV","Entre 1,5 y 2,5 SMMLV",1
3716-Tecnológica FITEC,53167-TECNICA PROFESIONAL EN GESTION AGROPECUARIA,Femenino,2010-1,2018,Dependiente,Actividades de servicios administrativos y de apoyo,"Entre 1 y 1,5 SMMLV","Entre 1 y 1,5 SMMLV",2
3716-Tecnológica FITEC,53167-TECNICA PROFESIONAL EN GESTION AGROPECUARIA,Femenino,2010-1,2018,Dependiente,Actividades financieras y de seguros,"Entre 2 y 2 ,5 SMMLV","Entre 1,5 y 2,5 SMMLV",1
3716-Tecnológica FITEC,53167-TECNICA PROFESIONAL EN GESTION AGROPECUARIA,Femenino,2010-1,2018,Dependiente,"Actividades profesionales, científicas y técnicas","Entre 2 y 2 ,5 SMMLV","Entre 1,5 y 2,5 SMMLV",1
3716-Tecnológica FITEC,53167-TECNICA PROFESIONAL EN GESTION AGROPECUARIA,Femenino,2010-1,2018,Dependiente,Alojamiento y servicios de comida,"Entre 1 y 1,5 SMMLV","Entre 1 y 1,5 SMMLV",1
3716-Tecnológica FITEC,53167-TECNICA PROFESIONAL EN GESTION AGROPECUARIA,Femenino,2010-1,2018,Dependiente,Comercio al por mayor y al por menor; reparación de vehículos automotores y motocicletas,"Entre 1 y 1,5 SMMLV","Entre 1 y 1,5 SMMLV",1
3716-Tecnológica FITEC,53167-TECNICA PROFESIONAL EN GESTION AGROPECUARIA,Femenino,2010-1,2018,Dependiente,Educación,"Entre 1 y 1,5 SMMLV","Entre 1 y 1,5 SMMLV",1
3716-Tecnológica FITEC,53167-TECNICA PROFESIONAL EN GESTION AGROPECUARIA,Femenino,2010-1,2018,Dependiente,Industrias manufactureras,"Entre 1 y 1,5 SMMLV","Entre 1 y 1,5 SMMLV",2
3716-Tecnológica FITEC,53167-TECNICA PROFESIONAL EN GESTION AGROPECUARIA,Femenino,2010-1,2018,Dependiente,Transporte y almacenamiento,"Entre 1 y 1,5 SMMLV","Entre 1 y 1,5 SMMLV",1
3716-Tecnológica FITEC,53167-TECNICA PROFESIONAL EN GESTION AGROPECUARIA,Femenino,2010-1,2019,Dependiente,Actividades de atención de la salud humana y de asistencia social,"Entre 1 y 1,5 SMMLV","Entre 1 y 1,5 SMMLV",1
3716-Tecnológica FITEC,53167-TECNICA PROFESIONAL EN GESTION AGROPECUARIA,Femenino,2010-1,2019,Dependiente,Actividades de atención de la salud humana y de asistencia social,"Entre 1,5 y 2 SMMLV","Entre 1,5 y 2,5 SMMLV",1
3716-Tecnológica FITEC,53167-TECNICA PROFESIONAL EN GESTION AGROPECUARIA,Femenino,2010-1,2019,Dependiente,Actividades de servicios administrativos y de apoyo,"Entre 1 y 1,5 SMMLV","Entre 1 y 1,5 SMMLV",2
3716-Tecnológica FITEC,53167-TECNICA PROFESIONAL EN GESTION AGROPECUARIA,Femenino,2010-1,2019,Dependiente,"Agricultura, ganadería, caza, silvicultura y pesca","Entre 1 y 1,5 SMMLV","Entre 1 y 1,5 SMMLV",1
3716-Tecnológica FITEC,53167-TECNICA PROFESIONAL EN GESTION AGROPECUARIA,Femenino,2010-1,2019,Dependiente,Alojamiento y servicios de comida,"Entre 1 y 1,5 SMMLV","Entre 1 y 1,5 SMMLV",1
3716-Tecnológica FITEC,53167-TECNICA PROFESIONAL EN GESTION AGROPECUARIA,Femenino,2010-1,2019,Dependiente,Educación,"Entre 1 y 1,5 SMMLV","Entre 1 y 1,5 SMMLV",1
3716-Tecnológica FITEC,53167-TECNICA PROFESIONAL EN GESTION AGROPECUARIA,Femenino,2010-1,2019,Dependiente,Industrias manufactureras,1 SMMLV,1 SMMLV,1
3716-Tecnológica FITEC,53167-TECNICA PROFESIONAL EN GESTION AGROPECUARIA,Femenino,2010-1,2019,Dependiente,Industrias manufactureras,"Entre 1 y 1,5 SMMLV","Entre 1 y 1,5 SMMLV",2
3716-Tecnológica FITEC,53167-TECNICA PROFESIONAL EN GESTION AGROPECUARIA,Femenino,2010-1,2019,Dependiente,Industrias manufactureras,"Entre 2,5 y 3 SMMLV","Entre 2,5 y 4 SMMLV",1
3716-Tecnológica FITEC,53167-TECNICA PROFESIONAL EN GESTION AGROPECUARIA,Femenino,2010-1,2020,Dependiente,Actividades de atención de la salud humana y de asistencia social,"Entre 1,5 y 2 SMMLV","Entre 1,5 y 2,5 SMMLV",2
3716-Tecnológica FITEC,53167-TECNICA PROFESIONAL EN GESTION AGROPECUARIA,Femenino,2010-1,2020,Dependiente,Actividades de servicios administrativos y de apoyo,"Entre 1 y 1,5 SMMLV","Entre 1 y 1,5 SMMLV",1
3716-Tecnológica FITEC,53167-TECNICA PROFESIONAL EN GESTION AGROPECUARIA,Femenino,2010-1,2020,Dependiente,Actividades de servicios administrativos y de apoyo,"Entre 1,5 y 2 SMMLV","Entre 1,5 y 2,5 SMMLV",1
3716-Tecnológica FITEC,53167-TECNICA PROFESIONAL EN GESTION AGROPECUARIA,Femenino,2010-1,2020,Dependiente,"Agricultura, ganadería, caza, silvicultura y pesca",1 SMMLV,1 SMMLV,1
3716-Tecnológica FITEC,53167-TECNICA PROFESIONAL EN GESTION AGROPECUARIA,Femenino,2010-1,2020,Dependiente,Alojamiento y servicios de comida,"Entre 1 y 1,5 SMMLV","Entre 1 y 1,5 SMMLV",1
3716-Tecnológica FITEC,53167-TECNICA PROFESIONAL EN GESTION AGROPECUARIA,Femenino,2010-1,2020,Dependiente,Educación,"Entre 1 y 1,5 SMMLV","Entre 1 y 1,5 SMMLV",1
3716-Tecnológica FITEC,53167-TECNICA PROFESIONAL EN GESTION AGROPECUARIA,Femenino,2010-1,2020,Dependiente,Industrias manufactureras,"Entre 1 y 1,5 SMMLV","Entre 1 y 1,5 SMMLV",1
3716-Tecnológica FITEC,53167-TECNICA PROFESIONAL EN GESTION AGROPECUARIA,Femenino,2010-1,2020,Dependiente,Industrias manufactureras,"Entre 2,5 y 3 SMMLV","Entre 2,5 y 4 SMMLV",1
3716-Tecnológica FITEC,53167-TECNICA PROFESIONAL EN GESTION AGROPECUARIA,Femenino,2010-1,2021,Dependiente,Actividades de atención de la salud humana y de asistencia social,"Entre 1,5 y 2 SMMLV","Entre 1,5 y 2,5 SMMLV",1
3716-Tecnológica FITEC,53167-TECNICA PROFESIONAL EN GESTION AGROPECUARIA,Femenino,2010-1,2021,Dependiente,Actividades de atención de la salud humana y de asistencia social,"Entre 2 y 2 ,5 SMMLV","Entre 1,5 y 2,5 SMMLV",1
3716-Tecnológica FITEC,53167-TECNICA PROFESIONAL EN GESTION AGROPECUARIA,Femenino,2010-1,2021,Dependiente,Actividades de servicios administrativos y de apoyo,"Entre 1 y 1,5 SMMLV","Entre 1 y 1,5 SMMLV",2
3716-Tecnológica FITEC,53167-TECNICA PROFESIONAL EN GESTION AGROPECUARIA,Femenino,2010-1,2021,Dependiente,Comercio al por mayor y al por menor; reparación de vehículos automotores y motocicletas,"Entre 1 y 1,5 SMMLV","Entre 1 y 1,5 SMMLV",1
3716-Tecnológica FITEC,53167-TECNICA PROFESIONAL EN GESTION AGROPECUARIA,Femenino,2010-1,2021,Dependiente,Industrias manufactureras,"Entre 1 y 1,5 SMMLV","Entre 1 y 1,5 SMMLV",1
3716-Tecnológica FITEC,53167-TECNICA PROFESIONAL EN GESTION AGROPECUARIA,Femenino,2010-1,2022,Dependiente,Actividades de atención de la salud humana y de asistencia social,"Entre 1,5 y 2 SMMLV","Entre 1,5 y 2,5 SMMLV",2
3716-Tecnológica FITEC,53167-TECNICA PROFESIONAL EN GESTION AGROPECUARIA,Femenino,2010-1,2022,Dependiente,Actividades de los hogares individuales en calidad de empleadores; actividades no diferenciadas de los hogares individuales como productores de bienes y servicios para uso propio,"Entre 1 y 1,5 SMMLV","Entre 1 y 1,5 SMMLV",1
3716-Tecnológica FITEC,53167-TECNICA PROFESIONAL EN GESTION AGROPECUARIA,Femenino,2010-1,2022,Dependiente,Actividades de servicios administrativos y de apoyo,1 SMMLV,1 SMMLV,1
3716-Tecnológica FITEC,53167-TECNICA PROFESIONAL EN GESTION AGROPECUARIA,Femenino,2010-1,2022,Dependiente,Actividades de servicios administrativos y de apoyo,"Entre 1 y 1,5 SMMLV","Entre 1 y 1,5 SMMLV",1
3716-Tecnológica FITEC,53167-TECNICA PROFESIONAL EN GESTION AGROPECUARIA,Femenino,2010-1,2022,Dependiente,Administración pública y defensa; planes de seguridad social de afiliación obligatoria,"Entre 1,5 y 2 SMMLV","Entre 1,5 y 2,5 SMMLV",1
3716-Tecnológica FITEC,53167-TECNICA PROFESIONAL EN GESTION AGROPECUARIA,Femenino,2010-1,2022,Dependiente,Comercio al por mayor y al por menor; reparación de vehículos automotores y motocicletas,"Entre 1 y 1,5 SMMLV","Entre 1 y 1,5 SMMLV",1
3716-Tecnológica FITEC,53167-TECNICA PROFESIONAL EN GESTION AGROPECUARIA,Femenino,2010-1,2022,Dependiente,Industrias manufactureras,1 SMMLV,1 SMMLV,1
3716-Tecnológica FITEC,53167-TECNICA PROFESIONAL EN GESTION AGROPECUARIA,Femenino,2010-1,2023,Dependiente,Actividades de atención de la salud humana y de asistencia social,"Entre 1 y 1,5 SMMLV","Entre 1 y 1,5 SMMLV",1
3716-Tecnológica FITEC,53167-TECNICA PROFESIONAL EN GESTION AGROPECUARIA,Femenino,2010-1,2023,Dependiente,Actividades de servicios administrativos y de apoyo,"Entre 1 y 1,5 SMMLV","Entre 1 y 1,5 SMMLV",1
3716-Tecnológica FITEC,53167-TECNICA PROFESIONAL EN GESTION AGROPECUARIA,Femenino,2010-1,2023,Dependiente,Administración pública y defensa; planes de seguridad social de afiliación obligatoria,"Entre 1,5 y 2 SMMLV","Entre 1,5 y 2,5 SMMLV",1
3716-Tecnológica FITEC,53167-TECNICA PROFESIONAL EN GESTION AGROPECUARIA,Femenino,2010-1,2023,Dependiente,Comercio al por mayor y al por menor; reparación de vehículos automotores y motocicletas,1 SMMLV,1 SMMLV,1
3716-Tecnológica FITEC,53167-TECNICA PROFESIONAL EN GESTION AGROPECUARIA,Femenino,2010-1,2023,Dependiente,Comercio al por mayor y al por menor; reparación de vehículos automotores y motocicletas,"Entre 1 y 1,5 SMMLV","Entre 1 y 1,5 SMMLV",1
3716-Tecnológica FITEC,53167-TECNICA PROFESIONAL EN GESTION AGROPECUARIA,Masculino,2010-1,2016,Dependiente,"Actividades profesionales, científicas y técnicas","Entre 1 y 1,5 SMMLV","Entre 1 y 1,5 SMMLV",1
3716-Tecnológica FITEC,53167-TECNICA PROFESIONAL EN GESTION AGROPECUARIA,Masculino,2010-1,2016,Dependiente,Comercio al por mayor y al por menor; reparación de vehículos automotores y motocicletas,"Entre 1 y 1,5 SMMLV","Entre 1 y 1,5 SMMLV",1
3716-Tecnológica FITEC,53167-TECNICA PROFESIONAL EN GESTION AGROPECUARIA,Masculino,2010-1,2016,Dependiente,Construccion,"Entre 1 y 1,5 SMMLV","Entre 1 y 1,5 SMMLV",1
3716-Tecnológica FITEC,53167-TECNICA PROFESIONAL EN GESTION AGROPECUARIA,Masculino,2010-1,2016,Dependiente,Información y comunicaciones,"Entre 1 y 1,5 SMMLV","Entre 1 y 1,5 SMMLV",1
3716-Tecnológica FITEC,53167-TECNICA PROFESIONAL EN GESTION AGROPECUARIA,Masculino,2010-1,2016,Dependiente,Sin información,1 SMMLV,1 SMMLV,1
3716-Tecnológica FITEC,53167-TECNICA PROFESIONAL EN GESTION AGROPECUARIA,Masculino,2010-1,2016,Dependiente,Sin información,"Entre 1 y 1,5 SMMLV","Entre 1 y 1,5 SMMLV",1
3716-Tecnológica FITEC,53167-TECNICA PROFESIONAL EN GESTION AGROPECUARIA,Masculino,2010-1,2017,Dependiente,Actividades de servicios administrativos y de apoyo,"Entre 1 y 1,5 SMMLV","Entre 1 y 1,5 SMMLV",1
3716-Tecnológica FITEC,53167-TECNICA PROFESIONAL EN GESTION AGROPECUARIA,Masculino,2010-1,2017,Dependiente,"Actividades profesionales, científicas y técnicas",1 SMMLV,1 SMMLV,1
3716-Tecnológica FITEC,53167-TECNICA PROFESIONAL EN GESTION AGROPECUARIA,Masculino,2010-1,2017,Dependiente,"Actividades profesionales, científicas y técnicas","Entre 1,5 y 2 SMMLV","Entre 1,5 y 2,5 SMMLV",1
3716-Tecnológica FITEC,53167-TECNICA PROFESIONAL EN GESTION AGROPECUARIA,Masculino,2010-1,2017,Dependiente,Construccion,1 SMMLV,1 SMMLV,1
3716-Tecnológica FITEC,53167-TECNICA PROFESIONAL EN GESTION AGROPECUARIA,Masculino,2010-1,2017,Dependiente,Explotación de minas y canteras,"Entre 1 y 1,5 SMMLV","Entre 1 y 1,5 SMMLV",1
3716-Tecnológica FITEC,53167-TECNICA PROFESIONAL EN GESTION AGROPECUARIA,Masculino,2010-1,2017,Dependiente,Industrias manufactureras,1 SMMLV,1 SMMLV,1
3716-Tecnológica FITEC,53167-TECNICA PROFESIONAL EN GESTION AGROPECUARIA,Masculino,2010-1,2017,Dependiente,Sin información,"Entre 1 y 1,5 SMMLV","Entre 1 y 1,5 SMMLV",1
3716-Tecnológica FITEC,53167-TECNICA PROFESIONAL EN GESTION AGROPECUARIA,Masculino,2010-1,2018,Dependiente,Actividades de servicios administrativos y de apoyo,"Entre 1 y 1,5 SMMLV","Entre 1 y 1,5 SMMLV",3
3716-Tecnológica FITEC,53167-TECNICA PROFESIONAL EN GESTION AGROPECUARIA,Masculino,2010-1,2018,Dependiente,"Actividades profesionales, científicas y técnicas","Entre 1 y 1,5 SMMLV","Entre 1 y 1,5 SMMLV",1
3716-Tecnológica FITEC,53167-TECNICA PROFESIONAL EN GESTION AGROPECUARIA,Masculino,2010-1,2018,Dependiente,Comercio al por mayor y al por menor; reparación de vehículos automotores y motocicletas,"Entre 1 y 1,5 SMMLV","Entre 1 y 1,5 SMMLV",1
3716-Tecnológica FITEC,53167-TECNICA PROFESIONAL EN GESTION AGROPECUARIA,Masculino,2010-1,2018,Dependiente,Industrias manufactureras,"Entre 1 y 1,5 SMMLV","Entre 1 y 1,5 SMMLV",1
3716-Tecnológica FITEC,53167-TECNICA PROFESIONAL EN GESTION AGROPECUARIA,Masculino,2010-1,2018,Dependiente,Sin información,"Entre 1 y 1,5 SMMLV","Entre 1 y 1,5 SMMLV",1
3716-Tecnológica FITEC,53167-TECNICA PROFESIONAL EN GESTION AGROPECUARIA,Masculino,2010-1,2018,Dependiente,Sin información,"Entre 1,5 y 2 SMMLV","Entre 1,5 y 2,5 SMMLV",1
3716-Tecnológica FITEC,53167-TECNICA PROFESIONAL EN GESTION AGROPECUARIA,Masculino,2010-1,2019,Dependiente,Actividades de atención de la salud humana y de asistencia social,"Entre 1 y 1,5 SMMLV","Entre 1 y 1,5 SMMLV",1
3716-Tecnológica FITEC,53167-TECNICA PROFESIONAL EN GESTION AGROPECUARIA,Masculino,2010-1,2019,Dependiente,Actividades de servicios administrativos y de apoyo,"Entre 1 y 1,5 SMMLV","Entre 1 y 1,5 SMMLV",2
3716-Tecnológica FITEC,53167-TECNICA PROFESIONAL EN GESTION AGROPECUARIA,Masculino,2010-1,2019,Dependiente,Actividades de servicios administrativos y de apoyo,"Entre 1,5 y 2 SMMLV","Entre 1,5 y 2,5 SMMLV",1
3716-Tecnológica FITEC,53167-TECNICA PROFESIONAL EN GESTION AGROPECUARIA,Masculino,2010-1,2019,Dependiente,Construccion,"Entre 1 y 1,5 SMMLV","Entre 1 y 1,5 SMMLV",1
3716-Tecnológica FITEC,53167-TECNICA PROFESIONAL EN GESTION AGROPECUARIA,Masculino,2010-1,2019,Dependiente,Sin información,"Entre 1 y 1,5 SMMLV","Entre 1 y 1,5 SMMLV",1
3716-Tecnológica FITEC,53167-TECNICA PROFESIONAL EN GESTION AGROPECUARIA,Masculino,2010-1,2020,Dependiente,Actividades de servicios administrativos y de apoyo,"Entre 1 y 1,5 SMMLV","Entre 1 y 1,5 SMMLV",2
3716-Tecnológica FITEC,53167-TECNICA PROFESIONAL EN GESTION AGROPECUARIA,Masculino,2010-1,2020,Dependiente,Actividades de servicios administrativos y de apoyo,"Entre 1,5 y 2 SMMLV","Entre 1,5 y 2,5 SMMLV",1
3716-Tecnológica FITEC,53167-TECNICA PROFESIONAL EN GESTION AGROPECUARIA,Masculino,2010-1,2020,Dependiente,"Actividades profesionales, científicas y técnicas",1 SMMLV,1 SMMLV,1
3716-Tecnológica FITEC,53167-TECNICA PROFESIONAL EN GESTION AGROPECUARIA,Masculino,2010-1,2020,Dependiente,Industrias manufactureras,1 SMMLV,1 SMMLV,1
3716-Tecnológica FITEC,53167-TECNICA PROFESIONAL EN GESTION AGROPECUARIA,Masculino,2010-1,2020,Dependiente,Otras actividades de servicios,"Entre 1 y 1,5 SMMLV","Entre 1 y 1,5 SMMLV",1
3716-Tecnológica FITEC,53167-TECNICA PROFESIONAL EN GESTION AGROPECUARIA,Masculino,2010-1,2021,Dependiente,Actividades de servicios administrativos y de apoyo,"Entre 1 y 1,5 SMMLV","Entre 1 y 1,5 SMMLV",1
3716-Tecnológica FITEC,53167-TECNICA PROFESIONAL EN GESTION AGROPECUARIA,Masculino,2010-1,2021,Dependiente,Actividades de servicios administrativos y de apoyo,"Entre 1,5 y 2 SMMLV","Entre 1,5 y 2,5 SMMLV",1
3716-Tecnológica FITEC,53167-TECNICA PROFESIONAL EN GESTION AGROPECUARIA,Masculino,2010-1,2021,Dependiente,"Actividades profesionales, científicas y técnicas","Entre 1 y 1,5 SMMLV","Entre 1 y 1,5 SMMLV",1
3716-Tecnológica FITEC,53167-TECNICA PROFESIONAL EN GESTION AGROPECUARIA,Masculino,2010-1,2021,Dependiente,Construccion,"Entre 1 y 1,5 SMMLV","Entre 1 y 1,5 SMMLV",1
3716-Tecnológica FITEC,53167-TECNICA PROFESIONAL EN GESTION AGROPECUARIA,Masculino,2010-1,2021,Dependiente,Construccion,"Entre 3 y 3,5 SMMLV","Entre 2,5 y 4 SMMLV",1
3716-Tecnológica FITEC,53167-TECNICA PROFESIONAL EN GESTION AGROPECUARIA,Masculino,2010-1,2021,Dependiente,Sin información,"Entre 1 y 1,5 SMMLV","Entre 1 y 1,5 SMMLV",1
3716-Tecnológica FITEC,53167-TECNICA PROFESIONAL EN GESTION AGROPECUARIA,Masculino,2010-1,2022,Dependiente,Actividades de atención de la salud humana y de asistencia social,"Entre 1,5 y 2 SMMLV","Entre 1,5 y 2,5 SMMLV",1
3716-Tecnológica FITEC,53167-TECNICA PROFESIONAL EN GESTION AGROPECUARIA,Masculino,2010-1,2022,Dependiente,"Actividades profesionales, científicas y técnicas","Entre 1 y 1,5 SMMLV","Entre 1 y 1,5 SMMLV",1
3716-Tecnológica FITEC,53167-TECNICA PROFESIONAL EN GESTION AGROPECUARIA,Masculino,2010-1,2022,Dependiente,Construccion,"Entre 1 y 1,5 SMMLV","Entre 1 y 1,5 SMMLV",1
3716-Tecnológica FITEC,53167-TECNICA PROFESIONAL EN GESTION AGROPECUARIA,Masculino,2010-1,2022,Dependiente,Construccion,"Entre 3 y 3,5 SMMLV","Entre 2,5 y 4 SMMLV",1
3716-Tecnológica FITEC,53167-TECNICA PROFESIONAL EN GESTION AGROPECUARIA,Masculino,2010-1,2022,Dependiente,Industrias manufactureras,"Entre 1 y 1,5 SMMLV","Entre 1 y 1,5 SMMLV",1
3716-Tecnológica FITEC,53167-TECNICA PROFESIONAL EN GESTION AGROPECUARIA,Masculino,2010-1,2022,Dependiente,Otras actividades de servicios,"Entre 1,5 y 2 SMMLV","Entre 1,5 y 2,5 SMMLV",1
3716-Tecnológica FITEC,53167-TECNICA PROFESIONAL EN GESTION AGROPECUARIA,Masculino,2010-1,2023,Dependiente,Actividades de atención de la salud humana y de asistencia social,"Entre 2,5 y 3 SMMLV","Entre 2,5 y 4 SMMLV",1
3716-Tecnológica FITEC,53167-TECNICA PROFESIONAL EN GESTION AGROPECUARIA,Masculino,2010-1,2023,Dependiente,Comercio al por mayor y al por menor; reparación de vehículos automotores y motocicletas,"Entre 1 y 1,5 SMMLV","Entre 1 y 1,5 SMMLV",1
3716-Tecnológica FITEC,53167-TECNICA PROFESIONAL EN GESTION AGROPECUARIA,Masculino,2010-1,2023,Dependiente,Construccion,"Entre 1 y 1,5 SMMLV","Entre 1 y 1,5 SMMLV",1
3716-Tecnológica FITEC,53167-TECNICA PROFESIONAL EN GESTION AGROPECUARIA,Masculino,2010-1,2023,Dependiente,Construccion,"Entre 2 y 2 ,5 SMMLV","Entre 1,5 y 2,5 SMMLV",1
3716-Tecnológica FITEC,53167-TECNICA PROFESIONAL EN GESTION AGROPECUARIA,Masculino,2010-1,2023,Dependiente,Industrias manufactureras,"Entre 1 y 1,5 SMMLV","Entre 1 y 1,5 SMMLV",1
3716-Tecnológica FITEC,53167-TECNICA PROFESIONAL EN GESTION AGROPECUARIA,Masculino,2010-1,2023,Dependiente,Otras actividades de servicios,"Entre 1,5 y 2 SMMLV","Entre 1,5 y 2,5 SMMLV",1
3716-Tecnológica FITEC,53526-TECNICA PROFESIONAL EN PROCESOS EMPRESARIALES PARA MIPYMES,Femenino,2010-1,2016,Dependiente,Actividades de atención de la salud humana y de asistencia social,1 SMMLV,1 SMMLV,1
3716-Tecnológica FITEC,53526-TECNICA PROFESIONAL EN PROCESOS EMPRESARIALES PARA MIPYMES,Femenino,2010-1,2016,Dependiente,Actividades de atención de la salud humana y de asistencia social,"Entre 1 y 1,5 SMMLV","Entre 1 y 1,5 SMMLV",2
3716-Tecnológica FITEC,53526-TECNICA PROFESIONAL EN PROCESOS EMPRESARIALES PARA MIPYMES,Femenino,2010-1,2016,Dependiente,Actividades de servicios administrativos y de apoyo,1 SMMLV,1 SMMLV,1
3716-Tecnológica FITEC,53526-TECNICA PROFESIONAL EN PROCESOS EMPRESARIALES PARA MIPYMES,Femenino,2010-1,2016,Dependiente,Actividades financieras y de seguros,"Entre 2 y 2 ,5 SMMLV","Entre 1,5 y 2,5 SMMLV",1
3716-Tecnológica FITEC,53526-TECNICA PROFESIONAL EN PROCESOS EMPRESARIALES PARA MIPYMES,Femenino,2010-1,2016,Dependiente,Actividades inmobiliarias,"Entre 1 y 1,5 SMMLV","Entre 1 y 1,5 SMMLV",1
3716-Tecnológica FITEC,53526-TECNICA PROFESIONAL EN PROCESOS EMPRESARIALES PARA MIPYMES,Femenino,2010-1,2016,Dependiente,Comercio al por mayor y al por menor; reparación de vehículos automotores y motocicletas,"Entre 1 y 1,5 SMMLV","Entre 1 y 1,5 SMMLV",1
3716-Tecnológica FITEC,53526-TECNICA PROFESIONAL EN PROCESOS EMPRESARIALES PARA MIPYMES,Femenino,2010-1,2016,Dependiente,Industrias manufactureras,"Entre 1 y 1,5 SMMLV","Entre 1 y 1,5 SMMLV",1
3716-Tecnológica FITEC,53526-TECNICA PROFESIONAL EN PROCESOS EMPRESARIALES PARA MIPYMES,Femenino,2010-1,2016,Dependiente,Industrias manufactureras,"Entre 3 y 3,5 SMMLV","Entre 2,5 y 4 SMMLV",1
3716-Tecnológica FITEC,53526-TECNICA PROFESIONAL EN PROCESOS EMPRESARIALES PARA MIPYMES,Femenino,2010-1,2016,Dependiente,Información y comunicaciones,"Entre 1 y 1,5 SMMLV","Entre 1 y 1,5 SMMLV",1
3716-Tecnológica FITEC,53526-TECNICA PROFESIONAL EN PROCESOS EMPRESARIALES PARA MIPYMES,Femenino,2010-1,2016,Dependiente,Información y comunicaciones,"Entre 1,5 y 2 SMMLV","Entre 1,5 y 2,5 SMMLV",1
3716-Tecnológica FITEC,53526-TECNICA PROFESIONAL EN PROCESOS EMPRESARIALES PARA MIPYMES,Femenino,2010-1,2016,Dependiente,Otras actividades de servicios,1 SMMLV,1 SMMLV,1
3716-Tecnológica FITEC,53526-TECNICA PROFESIONAL EN PROCESOS EMPRESARIALES PARA MIPYMES,Femenino,2010-1,2016,Dependiente,Transporte y almacenamiento,"Entre 1 y 1,5 SMMLV","Entre 1 y 1,5 SMMLV",1
3716-Tecnológica FITEC,53526-TECNICA PROFESIONAL EN PROCESOS EMPRESARIALES PARA MIPYMES,Femenino,2010-1,2017,Dependiente,Actividades de atención de la salud humana y de asistencia social,"Entre 1 y 1,5 SMMLV","Entre 1 y 1,5 SMMLV",1
3716-Tecnológica FITEC,53526-TECNICA PROFESIONAL EN PROCESOS EMPRESARIALES PARA MIPYMES,Femenino,2010-1,2017,Dependiente,Actividades de servicios administrativos y de apoyo,"Entre 1 y 1,5 SMMLV","Entre 1 y 1,5 SMMLV",1
3716-Tecnológica FITEC,53526-TECNICA PROFESIONAL EN PROCESOS EMPRESARIALES PARA MIPYMES,Femenino,2010-1,2017,Dependiente,"Actividades profesionales, científicas y técnicas","Entre 1 y 1,5 SMMLV","Entre 1 y 1,5 SMMLV",3
3716-Tecnológica FITEC,53526-TECNICA PROFESIONAL EN PROCESOS EMPRESARIALES PARA MIPYMES,Femenino,2010-1,2017,Dependiente,"Actividades profesionales, científicas y técnicas","Entre 1,5 y 2 SMMLV","Entre 1,5 y 2,5 SMMLV",1
3716-Tecnológica FITEC,53526-TECNICA PROFESIONAL EN PROCESOS EMPRESARIALES PARA MIPYMES,Femenino,2010-1,2017,Dependiente,"Actividades profesionales, científicas y técnicas","Entre 3,5 y 4 SMMLV","Entre 2,5 y 4 SMMLV",1
3716-Tecnológica FITEC,53526-TECNICA PROFESIONAL EN PROCESOS EMPRESARIALES PARA MIPYMES,Femenino,2010-1,2017,Dependiente,"Agricultura, ganadería, caza, silvicultura y pesca","Entre 1 y 1,5 SMMLV","Entre 1 y 1,5 SMMLV",1
3716-Tecnológica FITEC,53526-TECNICA PROFESIONAL EN PROCESOS EMPRESARIALES PARA MIPYMES,Femenino,2010-1,2017,Dependiente,Comercio al por mayor y al por menor; reparación de vehículos automotores y motocicletas,"Entre 1 y 1,5 SMMLV","Entre 1 y 1,5 SMMLV",1
3716-Tecnológica FITEC,53526-TECNICA PROFESIONAL EN PROCESOS EMPRESARIALES PARA MIPYMES,Femenino,2010-1,2017,Dependiente,Educación,"Entre 1 y 1,5 SMMLV","Entre 1 y 1,5 SMMLV",1
3716-Tecnológica FITEC,53526-TECNICA PROFESIONAL EN PROCESOS EMPRESARIALES PARA MIPYMES,Femenino,2010-1,2017,Dependiente,Industrias manufactureras,"Entre 1 y 1,5 SMMLV","Entre 1 y 1,5 SMMLV",1
3716-Tecnológica FITEC,53526-TECNICA PROFESIONAL EN PROCESOS EMPRESARIALES PARA MIPYMES,Femenino,2010-1,2017,Dependiente,Otras actividades de servicios,"Entre 1 y 1,5 SMMLV","Entre 1 y 1,5 SMMLV",2
3716-Tecnológica FITEC,53526-TECNICA PROFESIONAL EN PROCESOS EMPRESARIALES PARA MIPYMES,Femenino,2010-1,2017,Dependiente,Otras actividades de servicios,"Entre 2,5 y 3 SMMLV","Entre 2,5 y 4 SMMLV",1
3716-Tecnológica FITEC,53526-TECNICA PROFESIONAL EN PROCESOS EMPRESARIALES PARA MIPYMES,Femenino,2010-1,2017,Dependiente,Sin información,1 SMMLV,1 SMMLV,1
3716-Tecnológica FITEC,53526-TECNICA PROFESIONAL EN PROCESOS EMPRESARIALES PARA MIPYMES,Femenino,2010-1,2017,Dependiente,Sin información,"Entre 1 y 1,5 SMMLV","Entre 1 y 1,5 SMMLV",1
3716-Tecnológica FITEC,53526-TECNICA PROFESIONAL EN PROCESOS EMPRESARIALES PARA MIPYMES,Femenino,2010-1,2017,Dependiente,Transporte y almacenamiento,"Entre 1 y 1,5 SMMLV","Entre 1 y 1,5 SMMLV",1
3716-Tecnológica FITEC,53526-TECNICA PROFESIONAL EN PROCESOS EMPRESARIALES PARA MIPYMES,Femenino,2010-1,2018,Dependiente,Actividades de atención de la salud humana y de asistencia social,"Entre 1 y 1,5 SMMLV","Entre 1 y 1,5 SMMLV",2
3716-Tecnológica FITEC,53526-TECNICA PROFESIONAL EN PROCESOS EMPRESARIALES PARA MIPYMES,Femenino,2010-1,2018,Dependiente,Actividades de servicios administrativos y de apoyo,1 SMMLV,1 SMMLV,1
3716-Tecnológica FITEC,53526-TECNICA PROFESIONAL EN PROCESOS EMPRESARIALES PARA MIPYMES,Femenino,2010-1,2018,Dependiente,Actividades de servicios administrativos y de apoyo,"Entre 1 y 1,5 SMMLV","Entre 1 y 1,5 SMMLV",1
3716-Tecnológica FITEC,53526-TECNICA PROFESIONAL EN PROCESOS EMPRESARIALES PARA MIPYMES,Femenino,2010-1,2018,Dependiente,"Actividades profesionales, científicas y técnicas",1 SMMLV,1 SMMLV,1
3716-Tecnológica FITEC,53526-TECNICA PROFESIONAL EN PROCESOS EMPRESARIALES PARA MIPYMES,Femenino,2010-1,2018,Dependiente,"Actividades profesionales, científicas y técnicas","Entre 1 y 1,5 SMMLV","Entre 1 y 1,5 SMMLV",2
3716-Tecnológica FITEC,53526-TECNICA PROFESIONAL EN PROCESOS EMPRESARIALES PARA MIPYMES,Femenino,2010-1,2018,Dependiente,"Actividades profesionales, científicas y técnicas","Entre 3,5 y 4 SMMLV","Entre 2,5 y 4 SMMLV",1
3716-Tecnológica FITEC,53526-TECNICA PROFESIONAL EN PROCESOS EMPRESARIALES PARA MIPYMES,Femenino,2010-1,2018,Dependiente,"Agricultura, ganadería, caza, silvicultura y pesca",1 SMMLV,1 SMMLV,1
3716-Tecnológica FITEC,53526-TECNICA PROFESIONAL EN PROCESOS EMPRESARIALES PARA MIPYMES,Femenino,2010-1,2018,Dependiente,Comercio al por mayor y al por menor; reparación de vehículos automotores y motocicletas,"Entre 1 y 1,5 SMMLV","Entre 1 y 1,5 SMMLV",1
3716-Tecnológica FITEC,53526-TECNICA PROFESIONAL EN PROCESOS EMPRESARIALES PARA MIPYMES,Femenino,2010-1,2018,Dependiente,Construccion,"Entre 2,5 y 3 SMMLV","Entre 2,5 y 4 SMMLV",1
3716-Tecnológica FITEC,53526-TECNICA PROFESIONAL EN PROCESOS EMPRESARIALES PARA MIPYMES,Femenino,2010-1,2018,Dependiente,Educación,1 SMMLV,1 SMMLV,1
3716-Tecnológica FITEC,53526-TECNICA PROFESIONAL EN PROCESOS EMPRESARIALES PARA MIPYMES,Femenino,2010-1,2018,Dependiente,Educación,"Entre 1 y 1,5 SMMLV","Entre 1 y 1,5 SMMLV",1
3716-Tecnológica FITEC,53526-TECNICA PROFESIONAL EN PROCESOS EMPRESARIALES PARA MIPYMES,Femenino,2010-1,2018,Dependiente,Industrias manufactureras,1 SMMLV,1 SMMLV,1
3716-Tecnológica FITEC,53526-TECNICA PROFESIONAL EN PROCESOS EMPRESARIALES PARA MIPYMES,Femenino,2010-1,2018,Dependiente,Industrias manufactureras,"Entre 1 y 1,5 SMMLV","Entre 1 y 1,5 SMMLV",1
3716-Tecnológica FITEC,53526-TECNICA PROFESIONAL EN PROCESOS EMPRESARIALES PARA MIPYMES,Femenino,2010-1,2018,Dependiente,Información y comunicaciones,"Entre 1,5 y 2 SMMLV","Entre 1,5 y 2,5 SMMLV",1
3716-Tecnológica FITEC,53526-TECNICA PROFESIONAL EN PROCESOS EMPRESARIALES PARA MIPYMES,Femenino,2010-1,2018,Dependiente,Otras actividades de servicios,"Entre 2,5 y 3 SMMLV","Entre 2,5 y 4 SMMLV",1
3716-Tecnológica FITEC,53526-TECNICA PROFESIONAL EN PROCESOS EMPRESARIALES PARA MIPYMES,Femenino,2010-1,2018,Dependiente,Transporte y almacenamiento,"Entre 1 y 1,5 SMMLV","Entre 1 y 1,5 SMMLV",1
3716-Tecnológica FITEC,53526-TECNICA PROFESIONAL EN PROCESOS EMPRESARIALES PARA MIPYMES,Femenino,2010-1,2019,Dependiente,Actividades de atención de la salud humana y de asistencia social,"Entre 1 y 1,5 SMMLV","Entre 1 y 1,5 SMMLV",2
3716-Tecnológica FITEC,53526-TECNICA PROFESIONAL EN PROCESOS EMPRESARIALES PARA MIPYMES,Femenino,2010-1,2019,Dependiente,Actividades de servicios administrativos y de apoyo,"Entre 1 y 1,5 SMMLV","Entre 1 y 1,5 SMMLV",2
3716-Tecnológica FITEC,53526-TECNICA PROFESIONAL EN PROCESOS EMPRESARIALES PARA MIPYMES,Femenino,2010-1,2019,Dependiente,Actividades financieras y de seguros,"Entre 2 y 2 ,5 SMMLV","Entre 1,5 y 2,5 SMMLV",1
3716-Tecnológica FITEC,53526-TECNICA PROFESIONAL EN PROCESOS EMPRESARIALES PARA MIPYMES,Femenino,2010-1,2019,Dependiente,"Actividades profesionales, científicas y técnicas","Entre 1 y 1,5 SMMLV","Entre 1 y 1,5 SMMLV",4
3716-Tecnológica FITEC,53526-TECNICA PROFESIONAL EN PROCESOS EMPRESARIALES PARA MIPYMES,Femenino,2010-1,2019,Dependiente,"Agricultura, ganadería, caza, silvicultura y pesca","Entre 1 y 1,5 SMMLV","Entre 1 y 1,5 SMMLV",1
3716-Tecnológica FITEC,53526-TECNICA PROFESIONAL EN PROCESOS EMPRESARIALES PARA MIPYMES,Femenino,2010-1,2019,Dependiente,Educación,"Entre 1 y 1,5 SMMLV","Entre 1 y 1,5 SMMLV",2
3716-Tecnológica FITEC,53526-TECNICA PROFESIONAL EN PROCESOS EMPRESARIALES PARA MIPYMES,Femenino,2010-1,2019,Dependiente,Industrias manufactureras,"Entre 1 y 1,5 SMMLV","Entre 1 y 1,5 SMMLV",1
3716-Tecnológica FITEC,53526-TECNICA PROFESIONAL EN PROCESOS EMPRESARIALES PARA MIPYMES,Femenino,2010-1,2019,Dependiente,Industrias manufactureras,"Entre 4 y 4,5 SMMLV",Entre 4 y 6 SMMLV,1
3716-Tecnológica FITEC,53526-TECNICA PROFESIONAL EN PROCESOS EMPRESARIALES PARA MIPYMES,Femenino,2010-1,2019,Dependiente,Información y comunicaciones,"Entre 1 y 1,5 SMMLV","Entre 1 y 1,5 SMMLV",1
3716-Tecnológica FITEC,53526-TECNICA PROFESIONAL EN PROCESOS EMPRESARIALES PARA MIPYMES,Femenino,2010-1,2019,Dependiente,Información y comunicaciones,"Entre 1,5 y 2 SMMLV","Entre 1,5 y 2,5 SMMLV",1
3716-Tecnológica FITEC,53526-TECNICA PROFESIONAL EN PROCESOS EMPRESARIALES PARA MIPYMES,Femenino,2010-1,2019,Dependiente,Otras actividades de servicios,"Entre 1,5 y 2 SMMLV","Entre 1,5 y 2,5 SMMLV",1
3716-Tecnológica FITEC,53526-TECNICA PROFESIONAL EN PROCESOS EMPRESARIALES PARA MIPYMES,Femenino,2010-1,2019,Dependiente,Transporte y almacenamiento,1 SMMLV,1 SMMLV,1
3716-Tecnológica FITEC,53526-TECNICA PROFESIONAL EN PROCESOS EMPRESARIALES PARA MIPYMES,Femenino,2010-1,2020,Dependiente,Actividades de atención de la salud humana y de asistencia social,"Entre 1 y 1,5 SMMLV","Entre 1 y 1,5 SMMLV",2
3716-Tecnológica FITEC,53526-TECNICA PROFESIONAL EN PROCESOS EMPRESARIALES PARA MIPYMES,Femenino,2010-1,2020,Dependiente,Actividades de servicios administrativos y de apoyo,1 SMMLV,1 SMMLV,1
3716-Tecnológica FITEC,53526-TECNICA PROFESIONAL EN PROCESOS EMPRESARIALES PARA MIPYMES,Femenino,2010-1,2020,Dependiente,Actividades de servicios administrativos y de apoyo,"Entre 1 y 1,5 SMMLV","Entre 1 y 1,5 SMMLV",1
3716-Tecnológica FITEC,53526-TECNICA PROFESIONAL EN PROCESOS EMPRESARIALES PARA MIPYMES,Femenino,2010-1,2020,Dependiente,Actividades de servicios administrativos y de apoyo,"Entre 3,5 y 4 SMMLV","Entre 2,5 y 4 SMMLV",1
3716-Tecnológica FITEC,53526-TECNICA PROFESIONAL EN PROCESOS EMPRESARIALES PARA MIPYMES,Femenino,2010-1,2020,Dependiente,Actividades financieras y de seguros,"Entre 1,5 y 2 SMMLV","Entre 1,5 y 2,5 SMMLV",1
3716-Tecnológica FITEC,53526-TECNICA PROFESIONAL EN PROCESOS EMPRESARIALES PARA MIPYMES,Femenino,2010-1,2020,Dependiente,"Actividades profesionales, científicas y técnicas","Entre 1 y 1,5 SMMLV","Entre 1 y 1,5 SMMLV",1
3716-Tecnológica FITEC,53526-TECNICA PROFESIONAL EN PROCESOS EMPRESARIALES PARA MIPYMES,Femenino,2010-1,2020,Dependiente,Educación,"Entre 1 y 1,5 SMMLV","Entre 1 y 1,5 SMMLV",3
3716-Tecnológica FITEC,53526-TECNICA PROFESIONAL EN PROCESOS EMPRESARIALES PARA MIPYMES,Femenino,2010-1,2020,Dependiente,Industrias manufactureras,"Entre 1,5 y 2 SMMLV","Entre 1,5 y 2,5 SMMLV",1
3716-Tecnológica FITEC,53526-TECNICA PROFESIONAL EN PROCESOS EMPRESARIALES PARA MIPYMES,Femenino,2010-1,2020,Dependiente,Información y comunicaciones,"Entre 3,5 y 4 SMMLV","Entre 2,5 y 4 SMMLV",1
3716-Tecnológica FITEC,53526-TECNICA PROFESIONAL EN PROCESOS EMPRESARIALES PARA MIPYMES,Femenino,2010-1,2020,Dependiente,Transporte y almacenamiento,"Entre 1 y 1,5 SMMLV","Entre 1 y 1,5 SMMLV",1
3716-Tecnológica FITEC,53526-TECNICA PROFESIONAL EN PROCESOS EMPRESARIALES PARA MIPYMES,Femenino,2010-1,2021,Dependiente,Actividades de atención de la salud humana y de asistencia social,"Entre 1 y 1,5 SMMLV","Entre 1 y 1,5 SMMLV",2
3716-Tecnológica FITEC,53526-TECNICA PROFESIONAL EN PROCESOS EMPRESARIALES PARA MIPYMES,Femenino,2010-1,2021,Dependiente,Actividades de servicios administrativos y de apoyo,"Entre 1,5 y 2 SMMLV","Entre 1,5 y 2,5 SMMLV",1
3716-Tecnológica FITEC,53526-TECNICA PROFESIONAL EN PROCESOS EMPRESARIALES PARA MIPYMES,Femenino,2010-1,2021,Dependiente,Actividades financieras y de seguros,"Entre 2,5 y 3 SMMLV","Entre 2,5 y 4 SMMLV",1
3716-Tecnológica FITEC,53526-TECNICA PROFESIONAL EN PROCESOS EMPRESARIALES PARA MIPYMES,Femenino,2010-1,2021,Dependiente,Educación,"Entre 1 y 1,5 SMMLV","Entre 1 y 1,5 SMMLV",1
3716-Tecnológica FITEC,53526-TECNICA PROFESIONAL EN PROCESOS EMPRESARIALES PARA MIPYMES,Femenino,2010-1,2021,Dependiente,Industrias manufactureras,1 SMMLV,1 SMMLV,1
3716-Tecnológica FITEC,53526-TECNICA PROFESIONAL EN PROCESOS EMPRESARIALES PARA MIPYMES,Femenino,2010-1,2021,Dependiente,Industrias manufactureras,"Entre 2 y 2 ,5 SMMLV","Entre 1,5 y 2,5 SMMLV",1
3716-Tecnológica FITEC,53526-TECNICA PROFESIONAL EN PROCESOS EMPRESARIALES PARA MIPYMES,Femenino,2010-1,2021,Dependiente,Información y comunicaciones,"Entre 2 y 2 ,5 SMMLV","Entre 1,5 y 2,5 SMMLV",1
3716-Tecnológica FITEC,53526-TECNICA PROFESIONAL EN PROCESOS EMPRESARIALES PARA MIPYMES,Femenino,2010-1,2021,Dependiente,Información y comunicaciones,"Entre 3,5 y 4 SMMLV","Entre 2,5 y 4 SMMLV",1
3716-Tecnológica FITEC,53526-TECNICA PROFESIONAL EN PROCESOS EMPRESARIALES PARA MIPYMES,Femenino,2010-1,2021,Dependiente,Transporte y almacenamiento,1 SMMLV,1 SMMLV,1
3716-Tecnológica FITEC,53526-TECNICA PROFESIONAL EN PROCESOS EMPRESARIALES PARA MIPYMES,Femenino,2010-1,2022,Dependiente,Actividades de atención de la salud humana y de asistencia social,1 SMMLV,1 SMMLV,1
3716-Tecnológica FITEC,53526-TECNICA PROFESIONAL EN PROCESOS EMPRESARIALES PARA MIPYMES,Femenino,2010-1,2022,Dependiente,Actividades de atención de la salud humana y de asistencia social,"Entre 1 y 1,5 SMMLV","Entre 1 y 1,5 SMMLV",1
3716-Tecnológica FITEC,53526-TECNICA PROFESIONAL EN PROCESOS EMPRESARIALES PARA MIPYMES,Femenino,2010-1,2022,Dependiente,Actividades financieras y de seguros,"Entre 1 y 1,5 SMMLV","Entre 1 y 1,5 SMMLV",1
3716-Tecnológica FITEC,53526-TECNICA PROFESIONAL EN PROCESOS EMPRESARIALES PARA MIPYMES,Femenino,2010-1,2022,Dependiente,"Actividades profesionales, científicas y técnicas",1 SMMLV,1 SMMLV,1
3716-Tecnológica FITEC,53526-TECNICA PROFESIONAL EN PROCESOS EMPRESARIALES PARA MIPYMES,Femenino,2010-1,2022,Dependiente,"Actividades profesionales, científicas y técnicas","Entre 1 y 1,5 SMMLV","Entre 1 y 1,5 SMMLV",1
3716-Tecnológica FITEC,53526-TECNICA PROFESIONAL EN PROCESOS EMPRESARIALES PARA MIPYMES,Femenino,2010-1,2022,Dependiente,Comercio al por mayor y al por menor; reparación de vehículos automotores y motocicletas,1 SMMLV,1 SMMLV,1
3716-Tecnológica FITEC,53526-TECNICA PROFESIONAL EN PROCESOS EMPRESARIALES PARA MIPYMES,Femenino,2010-1,2022,Dependiente,Comercio al por mayor y al por menor; reparación de vehículos automotores y motocicletas,"Entre 1 y 1,5 SMMLV","Entre 1 y 1,5 SMMLV",1
3716-Tecnológica FITEC,53526-TECNICA PROFESIONAL EN PROCESOS EMPRESARIALES PARA MIPYMES,Femenino,2010-1,2022,Dependiente,Educación,"Entre 1 y 1,5 SMMLV","Entre 1 y 1,5 SMMLV",2
3716-Tecnológica FITEC,53526-TECNICA PROFESIONAL EN PROCESOS EMPRESARIALES PARA MIPYMES,Femenino,2010-1,2022,Dependiente,Industrias manufactureras,1 SMMLV,1 SMMLV,1
3716-Tecnológica FITEC,53526-TECNICA PROFESIONAL EN PROCESOS EMPRESARIALES PARA MIPYMES,Femenino,2010-1,2022,Dependiente,Industrias manufactureras,"Entre 2 y 2 ,5 SMMLV","Entre 1,5 y 2,5 SMMLV",1
3716-Tecnológica FITEC,53526-TECNICA PROFESIONAL EN PROCESOS EMPRESARIALES PARA MIPYMES,Femenino,2010-1,2022,Dependiente,Información y comunicaciones,"Entre 2,5 y 3 SMMLV","Entre 2,5 y 4 SMMLV",1
3716-Tecnológica FITEC,53526-TECNICA PROFESIONAL EN PROCESOS EMPRESARIALES PARA MIPYMES,Femenino,2010-1,2022,Dependiente,Información y comunicaciones,"Entre 3 y 3,5 SMMLV","Entre 2,5 y 4 SMMLV",1
3716-Tecnológica FITEC,53526-TECNICA PROFESIONAL EN PROCESOS EMPRESARIALES PARA MIPYMES,Femenino,2010-1,2022,Dependiente,Otras actividades de servicios,"Entre 1 y 1,5 SMMLV","Entre 1 y 1,5 SMMLV",1
3716-Tecnológica FITEC,53526-TECNICA PROFESIONAL EN PROCESOS EMPRESARIALES PARA MIPYMES,Femenino,2010-1,2023,Dependiente,Actividades financieras y de seguros,"Entre 1 y 1,5 SMMLV","Entre 1 y 1,5 SMMLV",2
3716-Tecnológica FITEC,53526-TECNICA PROFESIONAL EN PROCESOS EMPRESARIALES PARA MIPYMES,Femenino,2010-1,2023,Dependiente,"Agricultura, ganadería, caza, silvicultura y pesca","Entre 1 y 1,5 SMMLV","Entre 1 y 1,5 SMMLV",1
3716-Tecnológica FITEC,53526-TECNICA PROFESIONAL EN PROCESOS EMPRESARIALES PARA MIPYMES,Femenino,2010-1,2023,Dependiente,Comercio al por mayor y al por menor; reparación de vehículos automotores y motocicletas,1 SMMLV,1 SMMLV,1
3716-Tecnológica FITEC,53526-TECNICA PROFESIONAL EN PROCESOS EMPRESARIALES PARA MIPYMES,Femenino,2010-1,2023,Dependiente,Comercio al por mayor y al por menor; reparación de vehículos automotores y motocicletas,"Entre 1 y 1,5 SMMLV","Entre 1 y 1,5 SMMLV",1
3716-Tecnológica FITEC,53526-TECNICA PROFESIONAL EN PROCESOS EMPRESARIALES PARA MIPYMES,Femenino,2010-1,2023,Dependiente,Educación,"Entre 1 y 1,5 SMMLV","Entre 1 y 1,5 SMMLV",2
3716-Tecnológica FITEC,53526-TECNICA PROFESIONAL EN PROCESOS EMPRESARIALES PARA MIPYMES,Femenino,2010-1,2023,Dependiente,Industrias manufactureras,"Entre 1 y 1,5 SMMLV","Entre 1 y 1,5 SMMLV",1
3716-Tecnológica FITEC,53526-TECNICA PROFESIONAL EN PROCESOS EMPRESARIALES PARA MIPYMES,Femenino,2010-1,2023,Dependiente,Industrias manufactureras,"Entre 1,5 y 2 SMMLV","Entre 1,5 y 2,5 SMMLV",1
3716-Tecnológica FITEC,53526-TECNICA PROFESIONAL EN PROCESOS EMPRESARIALES PARA MIPYMES,Femenino,2010-1,2023,Dependiente,Información y comunicaciones,"Entre 3,5 y 4 SMMLV","Entre 2,5 y 4 SMMLV",1
3716-Tecnológica FITEC,53526-TECNICA PROFESIONAL EN PROCESOS EMPRESARIALES PARA MIPYMES,Femenino,2010-1,2023,Dependiente,Otras actividades de servicios,"Entre 1 y 1,5 SMMLV","Entre 1 y 1,5 SMMLV",1
3716-Tecnológica FITEC,53526-TECNICA PROFESIONAL EN PROCESOS EMPRESARIALES PARA MIPYMES,Masculino,2010-1,2016,Dependiente,Actividades de servicios administrativos y de apoyo,"Entre 1 y 1,5 SMMLV","Entre 1 y 1,5 SMMLV",1
3716-Tecnológica FITEC,53526-TECNICA PROFESIONAL EN PROCESOS EMPRESARIALES PARA MIPYMES,Masculino,2010-1,2016,Dependiente,Comercio al por mayor y al por menor; reparación de vehículos automotores y motocicletas,"Entre 1,5 y 2 SMMLV","Entre 1,5 y 2,5 SMMLV",1
3716-Tecnológica FITEC,53526-TECNICA PROFESIONAL EN PROCESOS EMPRESARIALES PARA MIPYMES,Masculino,2010-1,2016,Dependiente,Industrias manufactureras,1 SMMLV,1 SMMLV,1
3716-Tecnológica FITEC,53526-TECNICA PROFESIONAL EN PROCESOS EMPRESARIALES PARA MIPYMES,Masculino,2010-1,2017,Dependiente,Comercio al por mayor y al por menor; reparación de vehículos automotores y motocicletas,"Entre 1 y 1,5 SMMLV","Entre 1 y 1,5 SMMLV",2
3716-Tecnológica FITEC,53526-TECNICA PROFESIONAL EN PROCESOS EMPRESARIALES PARA MIPYMES,Masculino,2010-1,2017,Dependiente,Industrias manufactureras,"Entre 4,5 y 5 SMMLV",Entre 4 y 6 SMMLV,1
3716-Tecnológica FITEC,53526-TECNICA PROFESIONAL EN PROCESOS EMPRESARIALES PARA MIPYMES,Masculino,2010-1,2017,Dependiente,Otras actividades de servicios,"Entre 1 y 1,5 SMMLV","Entre 1 y 1,5 SMMLV",1
3716-Tecnológica FITEC,53526-TECNICA PROFESIONAL EN PROCESOS EMPRESARIALES PARA MIPYMES,Masculino,2010-1,2018,Dependiente,"Actividades profesionales, científicas y técnicas",1 SMMLV,1 SMMLV,1
3716-Tecnológica FITEC,53526-TECNICA PROFESIONAL EN PROCESOS EMPRESARIALES PARA MIPYMES,Masculino,2010-1,2018,Dependiente,"Actividades profesionales, científicas y técnicas","Entre 1 y 1,5 SMMLV","Entre 1 y 1,5 SMMLV",1
3716-Tecnológica FITEC,53526-TECNICA PROFESIONAL EN PROCESOS EMPRESARIALES PARA MIPYMES,Masculino,2010-1,2018,Dependiente,Comercio al por mayor y al por menor; reparación de vehículos automotores y motocicletas,1 SMMLV,1 SMMLV,1
3716-Tecnológica FITEC,53526-TECNICA PROFESIONAL EN PROCESOS EMPRESARIALES PARA MIPYMES,Masculino,2010-1,2018,Dependiente,Comercio al por mayor y al por menor; reparación de vehículos automotores y motocicletas,"Entre 1 y 1,5 SMMLV","Entre 1 y 1,5 SMMLV",1
3716-Tecnológica FITEC,53526-TECNICA PROFESIONAL EN PROCESOS EMPRESARIALES PARA MIPYMES,Masculino,2010-1,2018,Dependiente,Educación,1 SMMLV,1 SMMLV,1
3716-Tecnológica FITEC,53526-TECNICA PROFESIONAL EN PROCESOS EMPRESARIALES PARA MIPYMES,Masculino,2010-1,2018,Dependiente,Otras actividades de servicios,"Entre 1 y 1,5 SMMLV","Entre 1 y 1,5 SMMLV",1
3716-Tecnológica FITEC,53526-TECNICA PROFESIONAL EN PROCESOS EMPRESARIALES PARA MIPYMES,Masculino,2010-1,2019,Dependiente,Actividades de servicios administrativos y de apoyo,"Entre 1 y 1,5 SMMLV","Entre 1 y 1,5 SMMLV",1
3716-Tecnológica FITEC,53526-TECNICA PROFESIONAL EN PROCESOS EMPRESARIALES PARA MIPYMES,Masculino,2010-1,2019,Dependiente,Comercio al por mayor y al por menor; reparación de vehículos automotores y motocicletas,"Entre 1 y 1,5 SMMLV","Entre 1 y 1,5 SMMLV",1
3716-Tecnológica FITEC,53526-TECNICA PROFESIONAL EN PROCESOS EMPRESARIALES PARA MIPYMES,Masculino,2010-1,2019,Dependiente,Otras actividades de servicios,"Entre 1 y 1,5 SMMLV","Entre 1 y 1,5 SMMLV",1
3716-Tecnológica FITEC,53526-TECNICA PROFESIONAL EN PROCESOS EMPRESARIALES PARA MIPYMES,Masculino,2010-1,2020,Dependiente,Actividades de servicios administrativos y de apoyo,"Entre 1 y 1,5 SMMLV","Entre 1 y 1,5 SMMLV",2
3716-Tecnológica FITEC,53526-TECNICA PROFESIONAL EN PROCESOS EMPRESARIALES PARA MIPYMES,Masculino,2010-1,2020,Dependiente,Comercio al por mayor y al por menor; reparación de vehículos automotores y motocicletas,"Entre 1 y 1,5 SMMLV","Entre 1 y 1,5 SMMLV",1
3716-Tecnológica FITEC,53526-TECNICA PROFESIONAL EN PROCESOS EMPRESARIALES PARA MIPYMES,Masculino,2010-1,2021,Dependiente,Actividades de servicios administrativos y de apoyo,"Entre 1 y 1,5 SMMLV","Entre 1 y 1,5 SMMLV",1
3716-Tecnológica FITEC,53526-TECNICA PROFESIONAL EN PROCESOS EMPRESARIALES PARA MIPYMES,Masculino,2010-1,2021,Dependiente,"Agricultura, ganadería, caza, silvicultura y pesca","Entre 1 y 1,5 SMMLV","Entre 1 y 1,5 SMMLV",1
3716-Tecnológica FITEC,53526-TECNICA PROFESIONAL EN PROCESOS EMPRESARIALES PARA MIPYMES,Masculino,2010-1,2021,Dependiente,Comercio al por mayor y al por menor; reparación de vehículos automotores y motocicletas,"Entre 1 y 1,5 SMMLV","Entre 1 y 1,5 SMMLV",1
3716-Tecnológica FITEC,53526-TECNICA PROFESIONAL EN PROCESOS EMPRESARIALES PARA MIPYMES,Masculino,2010-1,2022,Dependiente,Actividades de servicios administrativos y de apoyo,1 SMMLV,1 SMMLV,1
3716-Tecnológica FITEC,53526-TECNICA PROFESIONAL EN PROCESOS EMPRESARIALES PARA MIPYMES,Masculino,2010-1,2022,Dependiente,Actividades de servicios administrativos y de apoyo,"Entre 1 y 1,5 SMMLV","Entre 1 y 1,5 SMMLV",1
3716-Tecnológica FITEC,53526-TECNICA PROFESIONAL EN PROCESOS EMPRESARIALES PARA MIPYMES,Masculino,2010-1,2022,Dependiente,"Agricultura, ganadería, caza, silvicultura y pesca","Entre 2,5 y 3 SMMLV","Entre 2,5 y 4 SMMLV",1
3716-Tecnológica FITEC,53526-TECNICA PROFESIONAL EN PROCESOS EMPRESARIALES PARA MIPYMES,Masculino,2010-1,2022,Dependiente,Comercio al por mayor y al por menor; reparación de vehículos automotores y motocicletas,1 SMMLV,1 SMMLV,1
3716-Tecnológica FITEC,53526-TECNICA PROFESIONAL EN PROCESOS EMPRESARIALES PARA MIPYMES,Masculino,2010-1,2023,Dependiente,Comercio al por mayor y al por menor; reparación de vehículos automotores y motocicletas,1 SMMLV,1 SMMLV,1
3716-Tecnológica FITEC,53526-TECNICA PROFESIONAL EN PROCESOS EMPRESARIALES PARA MIPYMES,Masculino,2010-1,2023,Dependiente,Comercio al por mayor y al por menor; reparación de vehículos automotores y motocicletas,"Entre 1 y 1,5 SMMLV","Entre 1 y 1,5 SMMLV",1
3716-Tecnológica FITEC,53526-TECNICA PROFESIONAL EN PROCESOS EMPRESARIALES PARA MIPYMES,Masculino,2010-1,2023,Dependiente,Transporte y almacenamiento,"Entre 1 y 1,5 SMMLV","Entre 1 y 1,5 SMMLV",1
1826-Universidad Antonio Nariño,9874-ESPECIALIZACION EN ADMINISTRACION PUBLICA,Femenino,2010-1,2016,Dependiente,Actividades de atención de la salud humana y de asistencia social,"Entre 3,5 y 4 SMMLV","Entre 2,5 y 4 SMMLV",1
1826-Universidad Antonio Nariño,9874-ESPECIALIZACION EN ADMINISTRACION PUBLICA,Femenino,2010-1,2016,Dependiente,Administración pública y defensa; planes de seguridad social de afiliación obligatoria,Entre 5 y 6 SMMLV,Entre 4 y 6 SMMLV,1
1826-Universidad Antonio Nariño,9874-ESPECIALIZACION EN ADMINISTRACION PUBLICA,Femenino,2010-1,2016,Dependiente,Administración pública y defensa; planes de seguridad social de afiliación obligatoria,Entre 13 y 15 SMMLV,Más de 9 SMMLV,1
1826-Universidad Antonio Nariño,9874-ESPECIALIZACION EN ADMINISTRACION PUBLICA,Femenino,2010-1,2016,Dependiente,Otras actividades de servicios,"Entre 3,5 y 4 SMMLV","Entre 2,5 y 4 SMMLV",1
1826-Universidad Antonio Nariño,9874-ESPECIALIZACION EN ADMINISTRACION PUBLICA,Femenino,2010-1,2017,Dependiente,Actividades de atención de la salud humana y de asistencia social,"Entre 3,5 y 4 SMMLV","Entre 2,5 y 4 SMMLV",1
1826-Universidad Antonio Nariño,9874-ESPECIALIZACION EN ADMINISTRACION PUBLICA,Femenino,2010-1,2017,Dependiente,Administración pública y defensa; planes de seguridad social de afiliación obligatoria,Entre 13 y 15 SMMLV,Más de 9 SMMLV,1
1826-Universidad Antonio Nariño,9874-ESPECIALIZACION EN ADMINISTRACION PUBLICA,Femenino,2010-1,2017,Dependiente,Sin información,Entre 5 y 6 SMMLV,Entre 4 y 6 SMMLV,1
1826-Universidad Antonio Nariño,9874-ESPECIALIZACION EN ADMINISTRACION PUBLICA,Femenino,2010-1,2018,Dependiente,Actividades de atención de la salud humana y de asistencia social,"Entre 3,5 y 4 SMMLV","Entre 2,5 y 4 SMMLV",1
1826-Universidad Antonio Nariño,9874-ESPECIALIZACION EN ADMINISTRACION PUBLICA,Femenino,2010-1,2018,Dependiente,Administración pública y defensa; planes de seguridad social de afiliación obligatoria,Entre 13 y 15 SMMLV,Más de 9 SMMLV,1
1826-Universidad Antonio Nariño,9874-ESPECIALIZACION EN ADMINISTRACION PUBLICA,Femenino,2010-1,2018,Dependiente,Sin información,Entre 5 y 6 SMMLV,Entre 4 y 6 SMMLV,1
1826-Universidad Antonio Nariño,9874-ESPECIALIZACION EN ADMINISTRACION PUBLICA,Femenino,2010-1,2019,Dependiente,Actividades de atención de la salud humana y de asistencia social,"Entre 1,5 y 2 SMMLV","Entre 1,5 y 2,5 SMMLV",1
1826-Universidad Antonio Nariño,9874-ESPECIALIZACION EN ADMINISTRACION PUBLICA,Femenino,2010-1,2019,Dependiente,Administración pública y defensa; planes de seguridad social de afiliación obligatoria,Entre 5 y 6 SMMLV,Entre 4 y 6 SMMLV,1
1826-Universidad Antonio Nariño,9874-ESPECIALIZACION EN ADMINISTRACION PUBLICA,Femenino,2010-1,2019,Dependiente,Administración pública y defensa; planes de seguridad social de afiliación obligatoria,Entre 13 y 15 SMMLV,Más de 9 SMMLV,1
1826-Universidad Antonio Nariño,9874-ESPECIALIZACION EN ADMINISTRACION PUBLICA,Femenino,2010-1,2020,Dependiente,Actividades de atención de la salud humana y de asistencia social,"Entre 1,5 y 2 SMMLV","Entre 1,5 y 2,5 SMMLV",1
1826-Universidad Antonio Nariño,9874-ESPECIALIZACION EN ADMINISTRACION PUBLICA,Femenino,2010-1,2020,Dependiente,Administración pública y defensa; planes de seguridad social de afiliación obligatoria,Entre 5 y 6 SMMLV,Entre 4 y 6 SMMLV,1
1826-Universidad Antonio Nariño,9874-ESPECIALIZACION EN ADMINISTRACION PUBLICA,Femenino,2010-1,2020,Dependiente,Administración pública y defensa; planes de seguridad social de afiliación obligatoria,Entre 13 y 15 SMMLV,Más de 9 SMMLV,1
1826-Universidad Antonio Nariño,9874-ESPECIALIZACION EN ADMINISTRACION PUBLICA,Femenino,2010-1,2021,Dependiente,Actividades de atención de la salud humana y de asistencia social,"Entre 1 y 1,5 SMMLV","Entre 1 y 1,5 SMMLV",1
1826-Universidad Antonio Nariño,9874-ESPECIALIZACION EN ADMINISTRACION PUBLICA,Femenino,2010-1,2021,Dependiente,Administración pública y defensa; planes de seguridad social de afiliación obligatoria,Entre 5 y 6 SMMLV,Entre 4 y 6 SMMLV,1
1826-Universidad Antonio Nariño,9874-ESPECIALIZACION EN ADMINISTRACION PUBLICA,Femenino,2010-1,2021,Dependiente,Administración pública y defensa; planes de seguridad social de afiliación obligatoria,Más de 15 SMMLV,Más de 9 SMMLV,1
1826-Universidad Antonio Nariño,9874-ESPECIALIZACION EN ADMINISTRACION PUBLICA,Femenino,2010-1,2021,Dependiente,Construccion,"Entre 1 y 1,5 SMMLV","Entre 1 y 1,5 SMMLV",1
1826-Universidad Antonio Nariño,9874-ESPECIALIZACION EN ADMINISTRACION PUBLICA,Femenino,2010-1,2022,Dependiente,Actividades de atención de la salud humana y de asistencia social,"Entre 1,5 y 2 SMMLV","Entre 1,5 y 2,5 SMMLV",1
1826-Universidad Antonio Nariño,9874-ESPECIALIZACION EN ADMINISTRACION PUBLICA,Femenino,2010-1,2022,Dependiente,Administración pública y defensa; planes de seguridad social de afiliación obligatoria,"Entre 3 y 3,5 SMMLV","Entre 2,5 y 4 SMMLV",1
1826-Universidad Antonio Nariño,9874-ESPECIALIZACION EN ADMINISTRACION PUBLICA,Femenino,2010-1,2022,Dependiente,Administración pública y defensa; planes de seguridad social de afiliación obligatoria,Entre 5 y 6 SMMLV,Entre 4 y 6 SMMLV,1
1826-Universidad Antonio Nariño,9874-ESPECIALIZACION EN ADMINISTRACION PUBLICA,Femenino,2010-1,2022,Dependiente,Administración pública y defensa; planes de seguridad social de afiliación obligatoria,Más de 15 SMMLV,Más de 9 SMMLV,1
1826-Universidad Antonio Nariño,9874-ESPECIALIZACION EN ADMINISTRACION PUBLICA,Femenino,2010-1,2023,Dependiente,Actividades de atención de la salud humana y de asistencia social,"Entre 1,5 y 2 SMMLV","Entre 1,5 y 2,5 SMMLV",1
1826-Universidad Antonio Nariño,9874-ESPECIALIZACION EN ADMINISTRACION PUBLICA,Femenino,2010-1,2023,Dependiente,Administración pública y defensa; planes de seguridad social de afiliación obligatoria,"Entre 3 y 3,5 SMMLV","Entre 2,5 y 4 SMMLV",1
1826-Universidad Antonio Nariño,9874-ESPECIALIZACION EN ADMINISTRACION PUBLICA,Femenino,2010-1,2023,Dependiente,Administración pública y defensa; planes de seguridad social de afiliación obligatoria,Entre 5 y 6 SMMLV,Entre 4 y 6 SMMLV,1
1826-Universidad Antonio Nariño,9874-ESPECIALIZACION EN ADMINISTRACION PUBLICA,Femenino,2010-1,2023,Dependiente,Administración pública y defensa; planes de seguridad social de afiliación obligatoria,Más de 15 SMMLV,Más de 9 SMMLV,1
1826-Universidad Antonio Nariño,9874-ESPECIALIZACION EN ADMINISTRACION PUBLICA,Masculino,2010-1,2016,Dependiente,"Actividades profesionales, científicas y técnicas",Entre 13 y 15 SMMLV,Más de 9 SMMLV,1
1826-Universidad Antonio Nariño,9874-ESPECIALIZACION EN ADMINISTRACION PUBLICA,Masculino,2010-1,2016,Dependiente,Educación,Entre 5 y 6 SMMLV,Entre 4 y 6 SMMLV,1
1826-Universidad Antonio Nariño,9874-ESPECIALIZACION EN ADMINISTRACION PUBLICA,Masculino,2010-1,2016,Dependiente,Sin información,Entre 13 y 15 SMMLV,Más de 9 SMMLV,1
1826-Universidad Antonio Nariño,9874-ESPECIALIZACION EN ADMINISTRACION PUBLICA,Masculino,2010-1,2017,Dependiente,"Actividades profesionales, científicas y técnicas",Entre 13 y 15 SMMLV,Más de 9 SMMLV,1
1826-Universidad Antonio Nariño,9874-ESPECIALIZACION EN ADMINISTRACION PUBLICA,Masculino,2010-1,2017,Dependiente,Educación,Entre 6 y 7 SMMLV,Entre 6 y 9 SMMLV,1
1826-Universidad Antonio Nariño,9874-ESPECIALIZACION EN ADMINISTRACION PUBLICA,Masculino,2010-1,2017,Dependiente,Sin información,Entre 13 y 15 SMMLV,Más de 9 SMMLV,1
1826-Universidad Antonio Nariño,9874-ESPECIALIZACION EN ADMINISTRACION PUBLICA,Masculino,2010-1,2018,Dependiente,"Actividades profesionales, científicas y técnicas",Entre 13 y 15 SMMLV,Más de 9 SMMLV,1
1826-Universidad Antonio Nariño,9874-ESPECIALIZACION EN ADMINISTRACION PUBLICA,Masculino,2010-1,2018,Dependiente,Sin información,Más de 15 SMMLV,Más de 9 SMMLV,1
1826-Universidad Antonio Nariño,9874-ESPECIALIZACION EN ADMINISTRACION PUBLICA,Masculino,2010-1,2019,Dependiente,"Actividades profesionales, científicas y técnicas",Entre 11 y 13 SMMLV,Más de 9 SMMLV,1
1826-Universidad Antonio Nariño,9874-ESPECIALIZACION EN ADMINISTRACION PUBLICA,Masculino,2010-1,2019,Dependiente,"Actividades profesionales, científicas y técnicas",Más de 15 SMMLV,Más de 9 SMMLV,1
1826-Universidad Antonio Nariño,9874-ESPECIALIZACION EN ADMINISTRACION PUBLICA,Masculino,2010-1,2020,Dependiente,"Actividades profesionales, científicas y técnicas",Entre 11 y 13 SMMLV,Más de 9 SMMLV,1
1826-Universidad Antonio Nariño,9874-ESPECIALIZACION EN ADMINISTRACION PUBLICA,Masculino,2010-1,2020,Dependiente,Administración pública y defensa; planes de seguridad social de afiliación obligatoria,Entre 7 y 8 SMMLV,Entre 6 y 9 SMMLV,1
1826-Universidad Antonio Nariño,9874-ESPECIALIZACION EN ADMINISTRACION PUBLICA,Masculino,2010-1,2021,Dependiente,"Actividades profesionales, científicas y técnicas",Entre 11 y 13 SMMLV,Más de 9 SMMLV,1
1826-Universidad Antonio Nariño,9874-ESPECIALIZACION EN ADMINISTRACION PUBLICA,Masculino,2010-1,2021,Dependiente,"Agricultura, ganadería, caza, silvicultura y pesca",Entre 7 y 8 SMMLV,Entre 6 y 9 SMMLV,1
1826-Universidad Antonio Nariño,9874-ESPECIALIZACION EN ADMINISTRACION PUBLICA,Masculino,2010-1,2022,Dependiente,"Actividades profesionales, científicas y técnicas",Entre 11 y 13 SMMLV,Más de 9 SMMLV,1
1826-Universidad Antonio Nariño,9874-ESPECIALIZACION EN ADMINISTRACION PUBLICA,Masculino,2010-1,2022,Dependiente,Administración pública y defensa; planes de seguridad social de afiliación obligatoria,Entre 6 y 7 SMMLV,Entre 6 y 9 SMMLV,1
1826-Universidad Antonio Nariño,9874-ESPECIALIZACION EN ADMINISTRACION PUBLICA,Masculino,2010-1,2023,Dependiente,Comercio al por mayor y al por menor; reparación de vehículos automotores y motocicletas,Entre 11 y 13 SMMLV,Más de 9 SMMLV,1
1826-Universidad Antonio Nariño,2538-ESPECIALIZACION EN AUDITORIA DE SISTEMAS,Femenino,2010-1,2016,Dependiente,Administración pública y defensa; planes de seguridad social de afiliación obligatoria,Entre 5 y 6 SMMLV,Entre 4 y 6 SMMLV,2
1826-Universidad Antonio Nariño,2538-ESPECIALIZACION EN AUDITORIA DE SISTEMAS,Femenino,2010-1,2016,Dependiente,Administración pública y defensa; planes de seguridad social de afiliación obligatoria,Entre 6 y 7 SMMLV,Entre 6 y 9 SMMLV,2
1826-Universidad Antonio Nariño,2538-ESPECIALIZACION EN AUDITORIA DE SISTEMAS,Femenino,2010-1,2016,Dependiente,Información y comunicaciones,"Entre 2,5 y 3 SMMLV","Entre 2,5 y 4 SMMLV",1
1826-Universidad Antonio Nariño,2538-ESPECIALIZACION EN AUDITORIA DE SISTEMAS,Femenino,2010-1,2017,Dependiente,"Actividades artísticas, de entretenimiento y recreación","Entre 2,5 y 3 SMMLV","Entre 2,5 y 4 SMMLV",1
1826-Universidad Antonio Nariño,2538-ESPECIALIZACION EN AUDITORIA DE SISTEMAS,Femenino,2010-1,2017,Dependiente,Administración pública y defensa; planes de seguridad social de afiliación obligatoria,"Entre 4,5 y 5 SMMLV",Entre 4 y 6 SMMLV,1
1826-Universidad Antonio Nariño,2538-ESPECIALIZACION EN AUDITORIA DE SISTEMAS,Femenino,2010-1,2017,Dependiente,Administración pública y defensa; planes de seguridad social de afiliación obligatoria,Entre 5 y 6 SMMLV,Entre 4 y 6 SMMLV,2
1826-Universidad Antonio Nariño,2538-ESPECIALIZACION EN AUDITORIA DE SISTEMAS,Femenino,2010-1,2017,Dependiente,Administración pública y defensa; planes de seguridad social de afiliación obligatoria,Entre 6 y 7 SMMLV,Entre 6 y 9 SMMLV,1
1826-Universidad Antonio Nariño,2538-ESPECIALIZACION EN AUDITORIA DE SISTEMAS,Femenino,2010-1,2018,Dependiente,"Actividades artísticas, de entretenimiento y recreación","Entre 3,5 y 4 SMMLV","Entre 2,5 y 4 SMMLV",1
1826-Universidad Antonio Nariño,2538-ESPECIALIZACION EN AUDITORIA DE SISTEMAS,Femenino,2010-1,2018,Dependiente,Administración pública y defensa; planes de seguridad social de afiliación obligatoria,Entre 5 y 6 SMMLV,Entre 4 y 6 SMMLV,3
1826-Universidad Antonio Nariño,2538-ESPECIALIZACION EN AUDITORIA DE SISTEMAS,Femenino,2010-1,2018,Dependiente,Administración pública y defensa; planes de seguridad social de afiliación obligatoria,Entre 7 y 8 SMMLV,Entre 6 y 9 SMMLV,1
1826-Universidad Antonio Nariño,2538-ESPECIALIZACION EN AUDITORIA DE SISTEMAS,Femenino,2010-1,2019,Dependiente,"Actividades artísticas, de entretenimiento y recreación","Entre 3,5 y 4 SMMLV","Entre 2,5 y 4 SMMLV",1
1826-Universidad Antonio Nariño,2538-ESPECIALIZACION EN AUDITORIA DE SISTEMAS,Femenino,2010-1,2019,Dependiente,Administración pública y defensa; planes de seguridad social de afiliación obligatoria,Entre 5 y 6 SMMLV,Entre 4 y 6 SMMLV,3
1826-Universidad Antonio Nariño,2538-ESPECIALIZACION EN AUDITORIA DE SISTEMAS,Femenino,2010-1,2019,Dependiente,Administración pública y defensa; planes de seguridad social de afiliación obligatoria,Entre 7 y 8 SMMLV,Entre 6 y 9 SMMLV,1
1826-Universidad Antonio Nariño,2538-ESPECIALIZACION EN AUDITORIA DE SISTEMAS,Femenino,2010-1,2020,Dependiente,"Actividades artísticas, de entretenimiento y recreación","Entre 3,5 y 4 SMMLV","Entre 2,5 y 4 SMMLV",1
1826-Universidad Antonio Nariño,2538-ESPECIALIZACION EN AUDITORIA DE SISTEMAS,Femenino,2010-1,2020,Dependiente,Administración pública y defensa; planes de seguridad social de afiliación obligatoria,Entre 5 y 6 SMMLV,Entre 4 y 6 SMMLV,3
1826-Universidad Antonio Nariño,2538-ESPECIALIZACION EN AUDITORIA DE SISTEMAS,Femenino,2010-1,2020,Dependiente,Administración pública y defensa; planes de seguridad social de afiliación obligatoria,Entre 7 y 8 SMMLV,Entre 6 y 9 SMMLV,1
1826-Universidad Antonio Nariño,2538-ESPECIALIZACION EN AUDITORIA DE SISTEMAS,Femenino,2010-1,2021,Dependiente,"Actividades artísticas, de entretenimiento y recreación","Entre 3,5 y 4 SMMLV","Entre 2,5 y 4 SMMLV",1
1826-Universidad Antonio Nariño,2538-ESPECIALIZACION EN AUDITORIA DE SISTEMAS,Femenino,2010-1,2021,Dependiente,Administración pública y defensa; planes de seguridad social de afiliación obligatoria,Entre 5 y 6 SMMLV,Entre 4 y 6 SMMLV,2
1826-Universidad Antonio Nariño,2538-ESPECIALIZACION EN AUDITORIA DE SISTEMAS,Femenino,2010-1,2021,Dependiente,Administración pública y defensa; planes de seguridad social de afiliación obligatoria,Entre 6 y 7 SMMLV,Entre 6 y 9 SMMLV,1
1826-Universidad Antonio Nariño,2538-ESPECIALIZACION EN AUDITORIA DE SISTEMAS,Femenino,2010-1,2022,Dependiente,"Actividades artísticas, de entretenimiento y recreación",Entre 5 y 6 SMMLV,Entre 4 y 6 SMMLV,1
1826-Universidad Antonio Nariño,2538-ESPECIALIZACION EN AUDITORIA DE SISTEMAS,Femenino,2010-1,2022,Dependiente,Administración pública y defensa; planes de seguridad social de afiliación obligatoria,Entre 6 y 7 SMMLV,Entre 6 y 9 SMMLV,3
1826-Universidad Antonio Nariño,2538-ESPECIALIZACION EN AUDITORIA DE SISTEMAS,Femenino,2010-1,2023,Dependiente,"Actividades artísticas, de entretenimiento y recreación",Entre 5 y 6 SMMLV,Entre 4 y 6 SMMLV,1
1826-Universidad Antonio Nariño,2538-ESPECIALIZACION EN AUDITORIA DE SISTEMAS,Femenino,2010-1,2023,Dependiente,Administración pública y defensa; planes de seguridad social de afiliación obligatoria,Entre 6 y 7 SMMLV,Entre 6 y 9 SMMLV,3
1826-Universidad Antonio Nariño,2538-ESPECIALIZACION EN AUDITORIA DE SISTEMAS,Masculino,2010-1,2016,Dependiente,Actividades de servicios administrativos y de apoyo,"Entre 2,5 y 3 SMMLV","Entre 2,5 y 4 SMMLV",1
1826-Universidad Antonio Nariño,2538-ESPECIALIZACION EN AUDITORIA DE SISTEMAS,Masculino,2010-1,2016,Dependiente,Actividades inmobiliarias,Entre 8 y 9 SMMLV,Entre 6 y 9 SMMLV,1
1826-Universidad Antonio Nariño,2538-ESPECIALIZACION EN AUDITORIA DE SISTEMAS,Masculino,2010-1,2016,Dependiente,Administración pública y defensa; planes de seguridad social de afiliación obligatoria,"Entre 4 y 4,5 SMMLV",Entre 4 y 6 SMMLV,1
1826-Universidad Antonio Nariño,2538-ESPECIALIZACION EN AUDITORIA DE SISTEMAS,Masculino,2010-1,2016,Dependiente,Administración pública y defensa; planes de seguridad social de afiliación obligatoria,Entre 5 y 6 SMMLV,Entre 4 y 6 SMMLV,1
1826-Universidad Antonio Nariño,2538-ESPECIALIZACION EN AUDITORIA DE SISTEMAS,Masculino,2010-1,2016,Dependiente,Industrias manufactureras,"Entre 4 y 4,5 SMMLV",Entre 4 y 6 SMMLV,1
1826-Universidad Antonio Nariño,2538-ESPECIALIZACION EN AUDITORIA DE SISTEMAS,Masculino,2010-1,2016,Dependiente,Información y comunicaciones,"Entre 4,5 y 5 SMMLV",Entre 4 y 6 SMMLV,1
1826-Universidad Antonio Nariño,2538-ESPECIALIZACION EN AUDITORIA DE SISTEMAS,Masculino,2010-1,2016,Dependiente,Sin información,"Entre 3,5 y 4 SMMLV","Entre 2,5 y 4 SMMLV",1
1826-Universidad Antonio Nariño,2538-ESPECIALIZACION EN AUDITORIA DE SISTEMAS,Masculino,2010-1,2016,Dependiente,Sin información,Entre 5 y 6 SMMLV,Entre 4 y 6 SMMLV,1
1826-Universidad Antonio Nariño,2538-ESPECIALIZACION EN AUDITORIA DE SISTEMAS,Masculino,2010-1,2017,Dependiente,Actividades de organizaciones y entidades extraterritoriales,"Entre 2 y 2 ,5 SMMLV","Entre 1,5 y 2,5 SMMLV",1
1826-Universidad Antonio Nariño,2538-ESPECIALIZACION EN AUDITORIA DE SISTEMAS,Masculino,2010-1,2017,Dependiente,"Actividades profesionales, científicas y técnicas","Entre 3,5 y 4 SMMLV","Entre 2,5 y 4 SMMLV",1
1826-Universidad Antonio Nariño,2538-ESPECIALIZACION EN AUDITORIA DE SISTEMAS,Masculino,2010-1,2017,Dependiente,"Actividades profesionales, científicas y técnicas",Entre 5 y 6 SMMLV,Entre 4 y 6 SMMLV,1
1826-Universidad Antonio Nariño,2538-ESPECIALIZACION EN AUDITORIA DE SISTEMAS,Masculino,2010-1,2017,Dependiente,Administración pública y defensa; planes de seguridad social de afiliación obligatoria,Entre 5 y 6 SMMLV,Entre 4 y 6 SMMLV,1
1826-Universidad Antonio Nariño,2538-ESPECIALIZACION EN AUDITORIA DE SISTEMAS,Masculino,2010-1,2017,Dependiente,Información y comunicaciones,"Entre 1,5 y 2 SMMLV","Entre 1,5 y 2,5 SMMLV",1
1826-Universidad Antonio Nariño,2538-ESPECIALIZACION EN AUDITORIA DE SISTEMAS,Masculino,2010-1,2017,Dependiente,Sin información,"Entre 4,5 y 5 SMMLV",Entre 4 y 6 SMMLV,1
1826-Universidad Antonio Nariño,2538-ESPECIALIZACION EN AUDITORIA DE SISTEMAS,Masculino,2010-1,2017,Dependiente,"Suministro de electricidad, gas, vapor y aire acondicionado","Entre 3,5 y 4 SMMLV","Entre 2,5 y 4 SMMLV",1
1826-Universidad Antonio Nariño,2538-ESPECIALIZACION EN AUDITORIA DE SISTEMAS,Masculino,2010-1,2018,Dependiente,Actividades de organizaciones y entidades extraterritoriales,"Entre 4 y 4,5 SMMLV",Entre 4 y 6 SMMLV,1
1826-Universidad Antonio Nariño,2538-ESPECIALIZACION EN AUDITORIA DE SISTEMAS,Masculino,2010-1,2018,Dependiente,"Actividades profesionales, científicas y técnicas","Entre 3,5 y 4 SMMLV","Entre 2,5 y 4 SMMLV",1
1826-Universidad Antonio Nariño,2538-ESPECIALIZACION EN AUDITORIA DE SISTEMAS,Masculino,2010-1,2018,Dependiente,"Actividades profesionales, científicas y técnicas",Entre 5 y 6 SMMLV,Entre 4 y 6 SMMLV,2
1826-Universidad Antonio Nariño,2538-ESPECIALIZACION EN AUDITORIA DE SISTEMAS,Masculino,2010-1,2018,Dependiente,Administración pública y defensa; planes de seguridad social de afiliación obligatoria,Entre 5 y 6 SMMLV,Entre 4 y 6 SMMLV,1
1826-Universidad Antonio Nariño,2538-ESPECIALIZACION EN AUDITORIA DE SISTEMAS,Masculino,2010-1,2018,Dependiente,Sin información,"Entre 4,5 y 5 SMMLV",Entre 4 y 6 SMMLV,1
1826-Universidad Antonio Nariño,2538-ESPECIALIZACION EN AUDITORIA DE SISTEMAS,Masculino,2010-1,2018,Dependiente,"Suministro de electricidad, gas, vapor y aire acondicionado","Entre 4 y 4,5 SMMLV",Entre 4 y 6 SMMLV,1
1826-Universidad Antonio Nariño,2538-ESPECIALIZACION EN AUDITORIA DE SISTEMAS,Masculino,2010-1,2019,Dependiente,Actividades de organizaciones y entidades extraterritoriales,"Entre 4 y 4,5 SMMLV",Entre 4 y 6 SMMLV,1
1826-Universidad Antonio Nariño,2538-ESPECIALIZACION EN AUDITORIA DE SISTEMAS,Masculino,2010-1,2019,Dependiente,"Actividades profesionales, científicas y técnicas","Entre 3,5 y 4 SMMLV","Entre 2,5 y 4 SMMLV",1
1826-Universidad Antonio Nariño,2538-ESPECIALIZACION EN AUDITORIA DE SISTEMAS,Masculino,2010-1,2019,Dependiente,"Actividades profesionales, científicas y técnicas","Entre 4,5 y 5 SMMLV",Entre 4 y 6 SMMLV,1
1826-Universidad Antonio Nariño,2538-ESPECIALIZACION EN AUDITORIA DE SISTEMAS,Masculino,2010-1,2019,Dependiente,Administración pública y defensa; planes de seguridad social de afiliación obligatoria,Entre 5 y 6 SMMLV,Entre 4 y 6 SMMLV,1
1826-Universidad Antonio Nariño,2538-ESPECIALIZACION EN AUDITORIA DE SISTEMAS,Masculino,2010-1,2019,Dependiente,Construccion,"Entre 4,5 y 5 SMMLV",Entre 4 y 6 SMMLV,1
1826-Universidad Antonio Nariño,2538-ESPECIALIZACION EN AUDITORIA DE SISTEMAS,Masculino,2010-1,2019,Dependiente,Educación,"Entre 1 y 1,5 SMMLV","Entre 1 y 1,5 SMMLV",1
1826-Universidad Antonio Nariño,2538-ESPECIALIZACION EN AUDITORIA DE SISTEMAS,Masculino,2010-1,2019,Dependiente,Educación,"Entre 1,5 y 2 SMMLV","Entre 1,5 y 2,5 SMMLV",1
1826-Universidad Antonio Nariño,2538-ESPECIALIZACION EN AUDITORIA DE SISTEMAS,Masculino,2010-1,2019,Dependiente,Información y comunicaciones,"Entre 4 y 4,5 SMMLV",Entre 4 y 6 SMMLV,1
1826-Universidad Antonio Nariño,2538-ESPECIALIZACION EN AUDITORIA DE SISTEMAS,Masculino,2010-1,2019,Dependiente,"Suministro de electricidad, gas, vapor y aire acondicionado","Entre 4 y 4,5 SMMLV",Entre 4 y 6 SMMLV,1
1826-Universidad Antonio Nariño,2538-ESPECIALIZACION EN AUDITORIA DE SISTEMAS,Masculino,2010-1,2020,Dependiente,Actividades de organizaciones y entidades extraterritoriales,"Entre 4 y 4,5 SMMLV",Entre 4 y 6 SMMLV,1
1826-Universidad Antonio Nariño,2538-ESPECIALIZACION EN AUDITORIA DE SISTEMAS,Masculino,2010-1,2020,Dependiente,"Actividades profesionales, científicas y técnicas","Entre 3,5 y 4 SMMLV","Entre 2,5 y 4 SMMLV",1
1826-Universidad Antonio Nariño,2538-ESPECIALIZACION EN AUDITORIA DE SISTEMAS,Masculino,2010-1,2020,Dependiente,"Actividades profesionales, científicas y técnicas",Entre 5 y 6 SMMLV,Entre 4 y 6 SMMLV,1
1826-Universidad Antonio Nariño,2538-ESPECIALIZACION EN AUDITORIA DE SISTEMAS,Masculino,2010-1,2020,Dependiente,Administración pública y defensa; planes de seguridad social de afiliación obligatoria,Entre 5 y 6 SMMLV,Entre 4 y 6 SMMLV,1
1826-Universidad Antonio Nariño,2538-ESPECIALIZACION EN AUDITORIA DE SISTEMAS,Masculino,2010-1,2020,Dependiente,Educación,"Entre 1,5 y 2 SMMLV","Entre 1,5 y 2,5 SMMLV",1
1826-Universidad Antonio Nariño,2538-ESPECIALIZACION EN AUDITORIA DE SISTEMAS,Masculino,2010-1,2020,Dependiente,Industrias manufactureras,"Entre 4,5 y 5 SMMLV",Entre 4 y 6 SMMLV,1
1826-Universidad Antonio Nariño,2538-ESPECIALIZACION EN AUDITORIA DE SISTEMAS,Masculino,2010-1,2020,Dependiente,Información y comunicaciones,"Entre 4 y 4,5 SMMLV",Entre 4 y 6 SMMLV,1
1826-Universidad Antonio Nariño,2538-ESPECIALIZACION EN AUDITORIA DE SISTEMAS,Masculino,2010-1,2020,Dependiente,"Suministro de electricidad, gas, vapor y aire acondicionado","Entre 3,5 y 4 SMMLV","Entre 2,5 y 4 SMMLV",1
1826-Universidad Antonio Nariño,2538-ESPECIALIZACION EN AUDITORIA DE SISTEMAS,Masculino,2010-1,2021,Dependiente,Actividades de organizaciones y entidades extraterritoriales,"Entre 4 y 4,5 SMMLV",Entre 4 y 6 SMMLV,1
1826-Universidad Antonio Nariño,2538-ESPECIALIZACION EN AUDITORIA DE SISTEMAS,Masculino,2010-1,2021,Dependiente,"Actividades profesionales, científicas y técnicas","Entre 3 y 3,5 SMMLV","Entre 2,5 y 4 SMMLV",1
1826-Universidad Antonio Nariño,2538-ESPECIALIZACION EN AUDITORIA DE SISTEMAS,Masculino,2010-1,2021,Dependiente,Administración pública y defensa; planes de seguridad social de afiliación obligatoria,Entre 6 y 7 SMMLV,Entre 6 y 9 SMMLV,1
1826-Universidad Antonio Nariño,2538-ESPECIALIZACION EN AUDITORIA DE SISTEMAS,Masculino,2010-1,2021,Dependiente,Educación,"Entre 2 y 2 ,5 SMMLV","Entre 1,5 y 2,5 SMMLV",1
1826-Universidad Antonio Nariño,2538-ESPECIALIZACION EN AUDITORIA DE SISTEMAS,Masculino,2010-1,2021,Dependiente,Industrias manufactureras,"Entre 4,5 y 5 SMMLV",Entre 4 y 6 SMMLV,1
1826-Universidad Antonio Nariño,2538-ESPECIALIZACION EN AUDITORIA DE SISTEMAS,Masculino,2010-1,2021,Dependiente,Información y comunicaciones,"Entre 3 y 3,5 SMMLV","Entre 2,5 y 4 SMMLV",1
1826-Universidad Antonio Nariño,2538-ESPECIALIZACION EN AUDITORIA DE SISTEMAS,Masculino,2010-1,2021,Dependiente,Información y comunicaciones,"Entre 4 y 4,5 SMMLV",Entre 4 y 6 SMMLV,1
1826-Universidad Antonio Nariño,2538-ESPECIALIZACION EN AUDITORIA DE SISTEMAS,Masculino,2010-1,2021,Dependiente,"Suministro de electricidad, gas, vapor y aire acondicionado","Entre 4 y 4,5 SMMLV",Entre 4 y 6 SMMLV,1
1826-Universidad Antonio Nariño,2538-ESPECIALIZACION EN AUDITORIA DE SISTEMAS,Masculino,2010-1,2022,Dependiente,Actividades de organizaciones y entidades extraterritoriales,"Entre 4 y 4,5 SMMLV",Entre 4 y 6 SMMLV,1
1826-Universidad Antonio Nariño,2538-ESPECIALIZACION EN AUDITORIA DE SISTEMAS,Masculino,2010-1,2022,Dependiente,"Actividades profesionales, científicas y técnicas","Entre 3,5 y 4 SMMLV","Entre 2,5 y 4 SMMLV",1
1826-Universidad Antonio Nariño,2538-ESPECIALIZACION EN AUDITORIA DE SISTEMAS,Masculino,2010-1,2022,Dependiente,Administración pública y defensa; planes de seguridad social de afiliación obligatoria,Entre 6 y 7 SMMLV,Entre 6 y 9 SMMLV,1
1826-Universidad Antonio Nariño,2538-ESPECIALIZACION EN AUDITORIA DE SISTEMAS,Masculino,2010-1,2022,Dependiente,Construccion,"Entre 4 y 4,5 SMMLV",Entre 4 y 6 SMMLV,1
1826-Universidad Antonio Nariño,2538-ESPECIALIZACION EN AUDITORIA DE SISTEMAS,Masculino,2010-1,2022,Dependiente,Educación,"Entre 2 y 2 ,5 SMMLV","Entre 1,5 y 2,5 SMMLV",1
1826-Universidad Antonio Nariño,2538-ESPECIALIZACION EN AUDITORIA DE SISTEMAS,Masculino,2010-1,2022,Dependiente,Industrias manufactureras,"Entre 4 y 4,5 SMMLV",Entre 4 y 6 SMMLV,1
1826-Universidad Antonio Nariño,2538-ESPECIALIZACION EN AUDITORIA DE SISTEMAS,Masculino,2010-1,2022,Dependiente,Información y comunicaciones,"Entre 4,5 y 5 SMMLV",Entre 4 y 6 SMMLV,1
1826-Universidad Antonio Nariño,2538-ESPECIALIZACION EN AUDITORIA DE SISTEMAS,Masculino,2010-1,2022,Dependiente,"Suministro de electricidad, gas, vapor y aire acondicionado","Entre 3 y 3,5 SMMLV","Entre 2,5 y 4 SMMLV",1
1826-Universidad Antonio Nariño,2538-ESPECIALIZACION EN AUDITORIA DE SISTEMAS,Masculino,2010-1,2023,Dependiente,Actividades de organizaciones y entidades extraterritoriales,"Entre 3,5 y 4 SMMLV","Entre 2,5 y 4 SMMLV",1
1826-Universidad Antonio Nariño,2538-ESPECIALIZACION EN AUDITORIA DE SISTEMAS,Masculino,2010-1,2023,Dependiente,Administración pública y defensa; planes de seguridad social de afiliación obligatoria,Entre 6 y 7 SMMLV,Entre 6 y 9 SMMLV,1
1826-Universidad Antonio Nariño,2538-ESPECIALIZACION EN AUDITORIA DE SISTEMAS,Masculino,2010-1,2023,Dependiente,Educación,"Entre 2 y 2 ,5 SMMLV","Entre 1,5 y 2,5 SMMLV",1
1826-Universidad Antonio Nariño,2538-ESPECIALIZACION EN AUDITORIA DE SISTEMAS,Masculino,2010-1,2023,Dependiente,Industrias manufactureras,Entre 6 y 7 SMMLV,Entre 6 y 9 SMMLV,1
1826-Universidad Antonio Nariño,2538-ESPECIALIZACION EN AUDITORIA DE SISTEMAS,Masculino,2010-1,2023,Dependiente,Información y comunicaciones,"Entre 4 y 4,5 SMMLV",Entre 4 y 6 SMMLV,1
1826-Universidad Antonio Nariño,2538-ESPECIALIZACION EN AUDITORIA DE SISTEMAS,Masculino,2010-1,2023,Dependiente,"Suministro de electricidad, gas, vapor y aire acondicionado",Entre 13 y 15 SMMLV,Más de 9 SMMLV,1
1826-Universidad Antonio Nariño,2538-ESPECIALIZACION EN AUDITORIA DE SISTEMAS,Masculino,2010-1,2023,Dependiente,Transporte y almacenamiento,"Entre 3,5 y 4 SMMLV","Entre 2,5 y 4 SMMLV",1
1826-Universidad Antonio Nariño,16116-ESPECIALIZACION EN COMPUTACION PARA LA DOCENCIA,Femenino,2010-1,2016,Dependiente,Administración pública y defensa; planes de seguridad social de afiliación obligatoria,"Entre 2,5 y 3 SMMLV","Entre 2,5 y 4 SMMLV",1
1826-Universidad Antonio Nariño,16116-ESPECIALIZACION EN COMPUTACION PARA LA DOCENCIA,Femenino,2010-1,2016,Dependiente,Administración pública y defensa; planes de seguridad social de afiliación obligatoria,"Entre 4 y 4,5 SMMLV",Entre 4 y 6 SMMLV,1
1826-Universidad Antonio Nariño,16116-ESPECIALIZACION EN COMPUTACION PARA LA DOCENCIA,Femenino,2010-1,2016,Dependiente,Administración pública y defensa; planes de seguridad social de afiliación obligatoria,"Entre 4,5 y 5 SMMLV",Entre 4 y 6 SMMLV,12
1826-Universidad Antonio Nariño,16116-ESPECIALIZACION EN COMPUTACION PARA LA DOCENCIA,Femenino,2010-1,2016,Dependiente,Administración pública y defensa; planes de seguridad social de afiliación obligatoria,Entre 5 y 6 SMMLV,Entre 4 y 6 SMMLV,1
1826-Universidad Antonio Nariño,16116-ESPECIALIZACION EN COMPUTACION PARA LA DOCENCIA,Femenino,2010-1,2016,Dependiente,Administración pública y defensa; planes de seguridad social de afiliación obligatoria,Entre 7 y 8 SMMLV,Entre 6 y 9 SMMLV,1
1826-Universidad Antonio Nariño,16116-ESPECIALIZACION EN COMPUTACION PARA LA DOCENCIA,Femenino,2010-1,2016,Dependiente,Educación,"Entre 2 y 2 ,5 SMMLV","Entre 1,5 y 2,5 SMMLV",1
1826-Universidad Antonio Nariño,16116-ESPECIALIZACION EN COMPUTACION PARA LA DOCENCIA,Femenino,2010-1,2016,Dependiente,Sin información,"Entre 2 y 2 ,5 SMMLV","Entre 1,5 y 2,5 SMMLV",1
1826-Universidad Antonio Nariño,16116-ESPECIALIZACION EN COMPUTACION PARA LA DOCENCIA,Femenino,2010-1,2017,Dependiente,"Actividades profesionales, científicas y técnicas",1 SMMLV,1 SMMLV,1
1826-Universidad Antonio Nariño,16116-ESPECIALIZACION EN COMPUTACION PARA LA DOCENCIA,Femenino,2010-1,2017,Dependiente,Administración pública y defensa; planes de seguridad social de afiliación obligatoria,Entre 7 y 8 SMMLV,Entre 6 y 9 SMMLV,1
1826-Universidad Antonio Nariño,16116-ESPECIALIZACION EN COMPUTACION PARA LA DOCENCIA,Femenino,2010-1,2017,Dependiente,Educación,"Entre 2 y 2 ,5 SMMLV","Entre 1,5 y 2,5 SMMLV",1
1826-Universidad Antonio Nariño,16116-ESPECIALIZACION EN COMPUTACION PARA LA DOCENCIA,Femenino,2010-1,2017,Dependiente,Sin información,"Entre 2,5 y 3 SMMLV","Entre 2,5 y 4 SMMLV",1
1826-Universidad Antonio Nariño,16116-ESPECIALIZACION EN COMPUTACION PARA LA DOCENCIA,Femenino,2010-1,2017,Dependiente,Sin información,"Entre 4,5 y 5 SMMLV",Entre 4 y 6 SMMLV,12
1826-Universidad Antonio Nariño,16116-ESPECIALIZACION EN COMPUTACION PARA LA DOCENCIA,Femenino,2010-1,2017,Dependiente,Sin información,Entre 5 y 6 SMMLV,Entre 4 y 6 SMMLV,1
1826-Universidad Antonio Nariño,16116-ESPECIALIZACION EN COMPUTACION PARA LA DOCENCIA,Femenino,2010-1,2018,Dependiente,"Actividades profesionales, científicas y técnicas","Entre 4,5 y 5 SMMLV",Entre 4 y 6 SMMLV,1
1826-Universidad Antonio Nariño,16116-ESPECIALIZACION EN COMPUTACION PARA LA DOCENCIA,Femenino,2010-1,2018,Dependiente,Administración pública y defensa; planes de seguridad social de afiliación obligatoria,Entre 6 y 7 SMMLV,Entre 6 y 9 SMMLV,1
1826-Universidad Antonio Nariño,16116-ESPECIALIZACION EN COMPUTACION PARA LA DOCENCIA,Femenino,2010-1,2018,Dependiente,Educación,"Entre 2 y 2 ,5 SMMLV","Entre 1,5 y 2,5 SMMLV",1
1826-Universidad Antonio Nariño,16116-ESPECIALIZACION EN COMPUTACION PARA LA DOCENCIA,Femenino,2010-1,2018,Dependiente,Sin información,"Entre 1,5 y 2 SMMLV","Entre 1,5 y 2,5 SMMLV",4
1826-Universidad Antonio Nariño,16116-ESPECIALIZACION EN COMPUTACION PARA LA DOCENCIA,Femenino,2010-1,2018,Dependiente,Sin información,"Entre 2 y 2 ,5 SMMLV","Entre 1,5 y 2,5 SMMLV",2
1826-Universidad Antonio Nariño,16116-ESPECIALIZACION EN COMPUTACION PARA LA DOCENCIA,Femenino,2010-1,2018,Dependiente,Sin información,"Entre 2,5 y 3 SMMLV","Entre 2,5 y 4 SMMLV",2
1826-Universidad Antonio Nariño,16116-ESPECIALIZACION EN COMPUTACION PARA LA DOCENCIA,Femenino,2010-1,2018,Dependiente,Sin información,"Entre 3 y 3,5 SMMLV","Entre 2,5 y 4 SMMLV",1
1826-Universidad Antonio Nariño,16116-ESPECIALIZACION EN COMPUTACION PARA LA DOCENCIA,Femenino,2010-1,2018,Dependiente,Sin información,"Entre 4,5 y 5 SMMLV",Entre 4 y 6 SMMLV,8
1826-Universidad Antonio Nariño,16116-ESPECIALIZACION EN COMPUTACION PARA LA DOCENCIA,Femenino,2010-1,2018,Dependiente,Sin información,Entre 5 y 6 SMMLV,Entre 4 y 6 SMMLV,2
1826-Universidad Antonio Nariño,16116-ESPECIALIZACION EN COMPUTACION PARA LA DOCENCIA,Femenino,2010-1,2019,Dependiente,"Actividades profesionales, científicas y técnicas","Entre 4,5 y 5 SMMLV",Entre 4 y 6 SMMLV,1
1826-Universidad Antonio Nariño,16116-ESPECIALIZACION EN COMPUTACION PARA LA DOCENCIA,Femenino,2010-1,2019,Dependiente,Administración pública y defensa; planes de seguridad social de afiliación obligatoria,Entre 5 y 6 SMMLV,Entre 4 y 6 SMMLV,5
1826-Universidad Antonio Nariño,16116-ESPECIALIZACION EN COMPUTACION PARA LA DOCENCIA,Femenino,2010-1,2019,Dependiente,Administración pública y defensa; planes de seguridad social de afiliación obligatoria,Entre 6 y 7 SMMLV,Entre 6 y 9 SMMLV,3
1826-Universidad Antonio Nariño,16116-ESPECIALIZACION EN COMPUTACION PARA LA DOCENCIA,Femenino,2010-1,2019,Dependiente,Educación,1 SMMLV,1 SMMLV,1
1826-Universidad Antonio Nariño,16116-ESPECIALIZACION EN COMPUTACION PARA LA DOCENCIA,Femenino,2010-1,2019,Dependiente,Educación,"Entre 1,5 y 2 SMMLV","Entre 1,5 y 2,5 SMMLV",1
1826-Universidad Antonio Nariño,16116-ESPECIALIZACION EN COMPUTACION PARA LA DOCENCIA,Femenino,2010-1,2019,Dependiente,Sin información,"Entre 2,5 y 3 SMMLV","Entre 2,5 y 4 SMMLV",2
1826-Universidad Antonio Nariño,16116-ESPECIALIZACION EN COMPUTACION PARA LA DOCENCIA,Femenino,2010-1,2019,Dependiente,Sin información,"Entre 3 y 3,5 SMMLV","Entre 2,5 y 4 SMMLV",3
1826-Universidad Antonio Nariño,16116-ESPECIALIZACION EN COMPUTACION PARA LA DOCENCIA,Femenino,2010-1,2019,Dependiente,Sin información,"Entre 3,5 y 4 SMMLV","Entre 2,5 y 4 SMMLV",1
1826-Universidad Antonio Nariño,16116-ESPECIALIZACION EN COMPUTACION PARA LA DOCENCIA,Femenino,2010-1,2019,Dependiente,Sin información,"Entre 4,5 y 5 SMMLV",Entre 4 y 6 SMMLV,3
1826-Universidad Antonio Nariño,16116-ESPECIALIZACION EN COMPUTACION PARA LA DOCENCIA,Femenino,2010-1,2020,Dependiente,"Actividades profesionales, científicas y técnicas",1 SMMLV,1 SMMLV,7
1826-Universidad Antonio Nariño,16116-ESPECIALIZACION EN COMPUTACION PARA LA DOCENCIA,Femenino,2010-1,2020,Dependiente,Administración pública y defensa; planes de seguridad social de afiliación obligatoria,"Entre 3,5 y 4 SMMLV","Entre 2,5 y 4 SMMLV",2
1826-Universidad Antonio Nariño,16116-ESPECIALIZACION EN COMPUTACION PARA LA DOCENCIA,Femenino,2010-1,2020,Dependiente,Administración pública y defensa; planes de seguridad social de afiliación obligatoria,"Entre 4,5 y 5 SMMLV",Entre 4 y 6 SMMLV,4
1826-Universidad Antonio Nariño,16116-ESPECIALIZACION EN COMPUTACION PARA LA DOCENCIA,Femenino,2010-1,2020,Dependiente,Educación,"Entre 1 y 1,5 SMMLV","Entre 1 y 1,5 SMMLV",1
1826-Universidad Antonio Nariño,16116-ESPECIALIZACION EN COMPUTACION PARA LA DOCENCIA,Femenino,2010-1,2020,Dependiente,Educación,"Entre 2 y 2 ,5 SMMLV","Entre 1,5 y 2,5 SMMLV",1
1826-Universidad Antonio Nariño,16116-ESPECIALIZACION EN COMPUTACION PARA LA DOCENCIA,Femenino,2010-1,2021,Dependiente,Administración pública y defensa; planes de seguridad social de afiliación obligatoria,"Entre 3 y 3,5 SMMLV","Entre 2,5 y 4 SMMLV",1
1826-Universidad Antonio Nariño,16116-ESPECIALIZACION EN COMPUTACION PARA LA DOCENCIA,Femenino,2010-1,2021,Dependiente,Administración pública y defensa; planes de seguridad social de afiliación obligatoria,"Entre 4,5 y 5 SMMLV",Entre 4 y 6 SMMLV,11
1826-Universidad Antonio Nariño,16116-ESPECIALIZACION EN COMPUTACION PARA LA DOCENCIA,Femenino,2010-1,2021,Dependiente,Educación,"Entre 1 y 1,5 SMMLV","Entre 1 y 1,5 SMMLV",1
1826-Universidad Antonio Nariño,16116-ESPECIALIZACION EN COMPUTACION PARA LA DOCENCIA,Femenino,2010-1,2021,Dependiente,Educación,"Entre 2 y 2 ,5 SMMLV","Entre 1,5 y 2,5 SMMLV",1
1826-Universidad Antonio Nariño,16116-ESPECIALIZACION EN COMPUTACION PARA LA DOCENCIA,Femenino,2010-1,2022,Dependiente,"Actividades profesionales, científicas y técnicas","Entre 4,5 y 5 SMMLV",Entre 4 y 6 SMMLV,1
1826-Universidad Antonio Nariño,16116-ESPECIALIZACION EN COMPUTACION PARA LA DOCENCIA,Femenino,2010-1,2022,Dependiente,Administración pública y defensa; planes de seguridad social de afiliación obligatoria,"Entre 3,5 y 4 SMMLV","Entre 2,5 y 4 SMMLV",2
1826-Universidad Antonio Nariño,16116-ESPECIALIZACION EN COMPUTACION PARA LA DOCENCIA,Femenino,2010-1,2022,Dependiente,Administración pública y defensa; planes de seguridad social de afiliación obligatoria,"Entre 4,5 y 5 SMMLV",Entre 4 y 6 SMMLV,8
1826-Universidad Antonio Nariño,16116-ESPECIALIZACION EN COMPUTACION PARA LA DOCENCIA,Femenino,2010-1,2022,Dependiente,Administración pública y defensa; planes de seguridad social de afiliación obligatoria,Entre 5 y 6 SMMLV,Entre 4 y 6 SMMLV,1
1826-Universidad Antonio Nariño,16116-ESPECIALIZACION EN COMPUTACION PARA LA DOCENCIA,Femenino,2010-1,2022,Dependiente,Educación,"Entre 2 y 2 ,5 SMMLV","Entre 1,5 y 2,5 SMMLV",1
1826-Universidad Antonio Nariño,16116-ESPECIALIZACION EN COMPUTACION PARA LA DOCENCIA,Femenino,2010-1,2022,Dependiente,Educación,"Entre 2,5 y 3 SMMLV","Entre 2,5 y 4 SMMLV",1
1826-Universidad Antonio Nariño,16116-ESPECIALIZACION EN COMPUTACION PARA LA DOCENCIA,Femenino,2010-1,2023,Dependiente,Actividades financieras y de seguros,"Entre 3,5 y 4 SMMLV","Entre 2,5 y 4 SMMLV",1
1826-Universidad Antonio Nariño,16116-ESPECIALIZACION EN COMPUTACION PARA LA DOCENCIA,Femenino,2010-1,2023,Dependiente,Actividades financieras y de seguros,"Entre 4,5 y 5 SMMLV",Entre 4 y 6 SMMLV,2
1826-Universidad Antonio Nariño,16116-ESPECIALIZACION EN COMPUTACION PARA LA DOCENCIA,Femenino,2010-1,2023,Dependiente,Administración pública y defensa; planes de seguridad social de afiliación obligatoria,"Entre 3,5 y 4 SMMLV","Entre 2,5 y 4 SMMLV",1
1826-Universidad Antonio Nariño,16116-ESPECIALIZACION EN COMPUTACION PARA LA DOCENCIA,Femenino,2010-1,2023,Dependiente,Administración pública y defensa; planes de seguridad social de afiliación obligatoria,"Entre 4,5 y 5 SMMLV",Entre 4 y 6 SMMLV,5
1826-Universidad Antonio Nariño,16116-ESPECIALIZACION EN COMPUTACION PARA LA DOCENCIA,Femenino,2010-1,2023,Dependiente,Administración pública y defensa; planes de seguridad social de afiliación obligatoria,Entre 5 y 6 SMMLV,Entre 4 y 6 SMMLV,2
1826-Universidad Antonio Nariño,16116-ESPECIALIZACION EN COMPUTACION PARA LA DOCENCIA,Femenino,2010-1,2023,Dependiente,Administración pública y defensa; planes de seguridad social de afiliación obligatoria,Entre 6 y 7 SMMLV,Entre 6 y 9 SMMLV,1
1826-Universidad Antonio Nariño,16116-ESPECIALIZACION EN COMPUTACION PARA LA DOCENCIA,Femenino,2010-1,2023,Dependiente,Educación,"Entre 2 y 2 ,5 SMMLV","Entre 1,5 y 2,5 SMMLV",1
1826-Universidad Antonio Nariño,16116-ESPECIALIZACION EN COMPUTACION PARA LA DOCENCIA,Femenino,2010-1,2023,Dependiente,Educación,"Entre 2,5 y 3 SMMLV","Entre 2,5 y 4 SMMLV",1
1826-Universidad Antonio Nariño,16116-ESPECIALIZACION EN COMPUTACION PARA LA DOCENCIA,Masculino,2010-1,2016,Dependiente,"Actividades profesionales, científicas y técnicas","Entre 4,5 y 5 SMMLV",Entre 4 y 6 SMMLV,1
1826-Universidad Antonio Nariño,16116-ESPECIALIZACION EN COMPUTACION PARA LA DOCENCIA,Masculino,2010-1,2016,Dependiente,"Actividades profesionales, científicas y técnicas",Entre 5 y 6 SMMLV,Entre 4 y 6 SMMLV,1
1826-Universidad Antonio Nariño,16116-ESPECIALIZACION EN COMPUTACION PARA LA DOCENCIA,Masculino,2010-1,2016,Dependiente,Administración pública y defensa; planes de seguridad social de afiliación obligatoria,"Entre 2,5 y 3 SMMLV","Entre 2,5 y 4 SMMLV",1
1826-Universidad Antonio Nariño,16116-ESPECIALIZACION EN COMPUTACION PARA LA DOCENCIA,Masculino,2010-1,2016,Dependiente,Administración pública y defensa; planes de seguridad social de afiliación obligatoria,"Entre 3,5 y 4 SMMLV","Entre 2,5 y 4 SMMLV",1
1826-Universidad Antonio Nariño,16116-ESPECIALIZACION EN COMPUTACION PARA LA DOCENCIA,Masculino,2010-1,2016,Dependiente,Administración pública y defensa; planes de seguridad social de afiliación obligatoria,"Entre 4 y 4,5 SMMLV",Entre 4 y 6 SMMLV,1
1826-Universidad Antonio Nariño,16116-ESPECIALIZACION EN COMPUTACION PARA LA DOCENCIA,Masculino,2010-1,2016,Dependiente,Administración pública y defensa; planes de seguridad social de afiliación obligatoria,"Entre 4,5 y 5 SMMLV",Entre 4 y 6 SMMLV,5
1826-Universidad Antonio Nariño,16116-ESPECIALIZACION EN COMPUTACION PARA LA DOCENCIA,Masculino,2010-1,2016,Dependiente,Administración pública y defensa; planes de seguridad social de afiliación obligatoria,Entre 6 y 7 SMMLV,Entre 6 y 9 SMMLV,1
1826-Universidad Antonio Nariño,16116-ESPECIALIZACION EN COMPUTACION PARA LA DOCENCIA,Masculino,2010-1,2017,Dependiente,"Actividades profesionales, científicas y técnicas","Entre 4,5 y 5 SMMLV",Entre 4 y 6 SMMLV,1
1826-Universidad Antonio Nariño,16116-ESPECIALIZACION EN COMPUTACION PARA LA DOCENCIA,Masculino,2010-1,2017,Dependiente,"Actividades profesionales, científicas y técnicas",Entre 5 y 6 SMMLV,Entre 4 y 6 SMMLV,1
1826-Universidad Antonio Nariño,16116-ESPECIALIZACION EN COMPUTACION PARA LA DOCENCIA,Masculino,2010-1,2017,Dependiente,Administración pública y defensa; planes de seguridad social de afiliación obligatoria,"Entre 3,5 y 4 SMMLV","Entre 2,5 y 4 SMMLV",1
1826-Universidad Antonio Nariño,16116-ESPECIALIZACION EN COMPUTACION PARA LA DOCENCIA,Masculino,2010-1,2017,Dependiente,Sin información,"Entre 3 y 3,5 SMMLV","Entre 2,5 y 4 SMMLV",1
1826-Universidad Antonio Nariño,16116-ESPECIALIZACION EN COMPUTACION PARA LA DOCENCIA,Masculino,2010-1,2017,Dependiente,Sin información,"Entre 4,5 y 5 SMMLV",Entre 4 y 6 SMMLV,5
1826-Universidad Antonio Nariño,16116-ESPECIALIZACION EN COMPUTACION PARA LA DOCENCIA,Masculino,2010-1,2017,Dependiente,Sin información,Entre 5 y 6 SMMLV,Entre 4 y 6 SMMLV,1
1826-Universidad Antonio Nariño,16116-ESPECIALIZACION EN COMPUTACION PARA LA DOCENCIA,Masculino,2010-1,2017,Dependiente,Sin información,Entre 6 y 7 SMMLV,Entre 6 y 9 SMMLV,1
1826-Universidad Antonio Nariño,16116-ESPECIALIZACION EN COMPUTACION PARA LA DOCENCIA,Masculino,2010-1,2018,Dependiente,"Actividades profesionales, científicas y técnicas","Entre 4,5 y 5 SMMLV",Entre 4 y 6 SMMLV,1
1826-Universidad Antonio Nariño,16116-ESPECIALIZACION EN COMPUTACION PARA LA DOCENCIA,Masculino,2010-1,2018,Dependiente,"Actividades profesionales, científicas y técnicas",Entre 5 y 6 SMMLV,Entre 4 y 6 SMMLV,1
1826-Universidad Antonio Nariño,16116-ESPECIALIZACION EN COMPUTACION PARA LA DOCENCIA,Masculino,2010-1,2018,Dependiente,Administración pública y defensa; planes de seguridad social de afiliación obligatoria,"Entre 4,5 y 5 SMMLV",Entre 4 y 6 SMMLV,1
1826-Universidad Antonio Nariño,16116-ESPECIALIZACION EN COMPUTACION PARA LA DOCENCIA,Masculino,2010-1,2018,Dependiente,Sin información,"Entre 1,5 y 2 SMMLV","Entre 1,5 y 2,5 SMMLV",2
1826-Universidad Antonio Nariño,16116-ESPECIALIZACION EN COMPUTACION PARA LA DOCENCIA,Masculino,2010-1,2018,Dependiente,Sin información,"Entre 2 y 2 ,5 SMMLV","Entre 1,5 y 2,5 SMMLV",1
1826-Universidad Antonio Nariño,16116-ESPECIALIZACION EN COMPUTACION PARA LA DOCENCIA,Masculino,2010-1,2018,Dependiente,Sin información,"Entre 3 y 3,5 SMMLV","Entre 2,5 y 4 SMMLV",1
1826-Universidad Antonio Nariño,16116-ESPECIALIZACION EN COMPUTACION PARA LA DOCENCIA,Masculino,2010-1,2018,Dependiente,Sin información,"Entre 4,5 y 5 SMMLV",Entre 4 y 6 SMMLV,4
1826-Universidad Antonio Nariño,16116-ESPECIALIZACION EN COMPUTACION PARA LA DOCENCIA,Masculino,2010-1,2018,Dependiente,Sin información,Entre 5 y 6 SMMLV,Entre 4 y 6 SMMLV,2
1826-Universidad Antonio Nariño,16116-ESPECIALIZACION EN COMPUTACION PARA LA DOCENCIA,Masculino,2010-1,2019,Dependiente,"Actividades profesionales, científicas y técnicas","Entre 4,5 y 5 SMMLV",Entre 4 y 6 SMMLV,1
1826-Universidad Antonio Nariño,16116-ESPECIALIZACION EN COMPUTACION PARA LA DOCENCIA,Masculino,2010-1,2019,Dependiente,"Actividades profesionales, científicas y técnicas",Entre 5 y 6 SMMLV,Entre 4 y 6 SMMLV,1
1826-Universidad Antonio Nariño,16116-ESPECIALIZACION EN COMPUTACION PARA LA DOCENCIA,Masculino,2010-1,2019,Dependiente,Administración pública y defensa; planes de seguridad social de afiliación obligatoria,Entre 5 y 6 SMMLV,Entre 4 y 6 SMMLV,3
1826-Universidad Antonio Nariño,16116-ESPECIALIZACION EN COMPUTACION PARA LA DOCENCIA,Masculino,2010-1,2019,Dependiente,Administración pública y defensa; planes de seguridad social de afiliación obligatoria,Entre 6 y 7 SMMLV,Entre 6 y 9 SMMLV,3
1826-Universidad Antonio Nariño,16116-ESPECIALIZACION EN COMPUTACION PARA LA DOCENCIA,Masculino,2010-1,2019,Dependiente,Sin información,"Entre 3 y 3,5 SMMLV","Entre 2,5 y 4 SMMLV",1
1826-Universidad Antonio Nariño,16116-ESPECIALIZACION EN COMPUTACION PARA LA DOCENCIA,Masculino,2010-1,2019,Dependiente,Sin información,"Entre 3,5 y 4 SMMLV","Entre 2,5 y 4 SMMLV",1
1826-Universidad Antonio Nariño,16116-ESPECIALIZACION EN COMPUTACION PARA LA DOCENCIA,Masculino,2010-1,2019,Dependiente,Sin información,Entre 5 y 6 SMMLV,Entre 4 y 6 SMMLV,1
1826-Universidad Antonio Nariño,16116-ESPECIALIZACION EN COMPUTACION PARA LA DOCENCIA,Masculino,2010-1,2020,Dependiente,"Actividades profesionales, científicas y técnicas",1 SMMLV,1 SMMLV,4
1826-Universidad Antonio Nariño,16116-ESPECIALIZACION EN COMPUTACION PARA LA DOCENCIA,Masculino,2010-1,2020,Dependiente,"Actividades profesionales, científicas y técnicas","Entre 1,5 y 2 SMMLV","Entre 1,5 y 2,5 SMMLV",1
1826-Universidad Antonio Nariño,16116-ESPECIALIZACION EN COMPUTACION PARA LA DOCENCIA,Masculino,2010-1,2020,Dependiente,"Actividades profesionales, científicas y técnicas","Entre 4,5 y 5 SMMLV",Entre 4 y 6 SMMLV,1
1826-Universidad Antonio Nariño,16116-ESPECIALIZACION EN COMPUTACION PARA LA DOCENCIA,Masculino,2010-1,2020,Dependiente,"Actividades profesionales, científicas y técnicas",Entre 5 y 6 SMMLV,Entre 4 y 6 SMMLV,1
1826-Universidad Antonio Nariño,16116-ESPECIALIZACION EN COMPUTACION PARA LA DOCENCIA,Masculino,2010-1,2020,Dependiente,Administración pública y defensa; planes de seguridad social de afiliación obligatoria,"Entre 4,5 y 5 SMMLV",Entre 4 y 6 SMMLV,1
1826-Universidad Antonio Nariño,16116-ESPECIALIZACION EN COMPUTACION PARA LA DOCENCIA,Masculino,2010-1,2020,Dependiente,Administración pública y defensa; planes de seguridad social de afiliación obligatoria,Entre 5 y 6 SMMLV,Entre 4 y 6 SMMLV,1
1826-Universidad Antonio Nariño,16116-ESPECIALIZACION EN COMPUTACION PARA LA DOCENCIA,Masculino,2010-1,2021,Dependiente,"Actividades profesionales, científicas y técnicas","Entre 4,5 y 5 SMMLV",Entre 4 y 6 SMMLV,1
1826-Universidad Antonio Nariño,16116-ESPECIALIZACION EN COMPUTACION PARA LA DOCENCIA,Masculino,2010-1,2021,Dependiente,"Actividades profesionales, científicas y técnicas",Entre 5 y 6 SMMLV,Entre 4 y 6 SMMLV,1
1826-Universidad Antonio Nariño,16116-ESPECIALIZACION EN COMPUTACION PARA LA DOCENCIA,Masculino,2010-1,2021,Dependiente,Administración pública y defensa; planes de seguridad social de afiliación obligatoria,"Entre 4,5 y 5 SMMLV",Entre 4 y 6 SMMLV,5
1826-Universidad Antonio Nariño,16116-ESPECIALIZACION EN COMPUTACION PARA LA DOCENCIA,Masculino,2010-1,2021,Dependiente,Administración pública y defensa; planes de seguridad social de afiliación obligatoria,Entre 5 y 6 SMMLV,Entre 4 y 6 SMMLV,1
1826-Universidad Antonio Nariño,16116-ESPECIALIZACION EN COMPUTACION PARA LA DOCENCIA,Masculino,2010-1,2021,Dependiente,Administración pública y defensa; planes de seguridad social de afiliación obligatoria,Entre 6 y 7 SMMLV,Entre 6 y 9 SMMLV,1
1826-Universidad Antonio Nariño,16116-ESPECIALIZACION EN COMPUTACION PARA LA DOCENCIA,Masculino,2010-1,2022,Dependiente,Administración pública y defensa; planes de seguridad social de afiliación obligatoria,"Entre 4,5 y 5 SMMLV",Entre 4 y 6 SMMLV,5
1826-Universidad Antonio Nariño,16116-ESPECIALIZACION EN COMPUTACION PARA LA DOCENCIA,Masculino,2010-1,2022,Dependiente,Administración pública y defensa; planes de seguridad social de afiliación obligatoria,Entre 5 y 6 SMMLV,Entre 4 y 6 SMMLV,3
1826-Universidad Antonio Nariño,16116-ESPECIALIZACION EN COMPUTACION PARA LA DOCENCIA,Masculino,2010-1,2022,Dependiente,Administración pública y defensa; planes de seguridad social de afiliación obligatoria,Entre 6 y 7 SMMLV,Entre 6 y 9 SMMLV,1
1826-Universidad Antonio Nariño,16116-ESPECIALIZACION EN COMPUTACION PARA LA DOCENCIA,Masculino,2010-1,2023,Dependiente,Actividades financieras y de seguros,"Entre 4,5 y 5 SMMLV",Entre 4 y 6 SMMLV,1
1826-Universidad Antonio Nariño,16116-ESPECIALIZACION EN COMPUTACION PARA LA DOCENCIA,Masculino,2010-1,2023,Dependiente,Administración pública y defensa; planes de seguridad social de afiliación obligatoria,"Entre 4,5 y 5 SMMLV",Entre 4 y 6 SMMLV,5
1826-Universidad Antonio Nariño,16116-ESPECIALIZACION EN COMPUTACION PARA LA DOCENCIA,Masculino,2010-1,2023,Dependiente,Administración pública y defensa; planes de seguridad social de afiliación obligatoria,Entre 5 y 6 SMMLV,Entre 4 y 6 SMMLV,2
1826-Universidad Antonio Nariño,16116-ESPECIALIZACION EN COMPUTACION PARA LA DOCENCIA,Masculino,2010-1,2023,Dependiente,Administración pública y defensa; planes de seguridad social de afiliación obligatoria,Entre 6 y 7 SMMLV,Entre 6 y 9 SMMLV,1
1826-Universidad Antonio Nariño,9716-ESPECIALIZACION EN FINANZAS,Femenino,2010-1,2016,Dependiente,"Actividades profesionales, científicas y técnicas",Entre 5 y 6 SMMLV,Entre 4 y 6 SMMLV,2
1826-Universidad Antonio Nariño,9716-ESPECIALIZACION EN FINANZAS,Femenino,2010-1,2017,Dependiente,"Suministro de electricidad, gas, vapor y aire acondicionado",Entre 5 y 6 SMMLV,Entre 4 y 6 SMMLV,2
1826-Universidad Antonio Nariño,9716-ESPECIALIZACION EN FINANZAS,Femenino,2010-1,2018,Dependiente,"Suministro de electricidad, gas, vapor y aire acondicionado",Entre 7 y 8 SMMLV,Entre 6 y 9 SMMLV,2
1826-Universidad Antonio Nariño,9716-ESPECIALIZACION EN FINANZAS,Femenino,2010-1,2019,Dependiente,"Suministro de electricidad, gas, vapor y aire acondicionado",Entre 7 y 8 SMMLV,Entre 6 y 9 SMMLV,2
1826-Universidad Antonio Nariño,9716-ESPECIALIZACION EN FINANZAS,Femenino,2010-1,2020,Dependiente,"Actividades profesionales, científicas y técnicas",Entre 7 y 8 SMMLV,Entre 6 y 9 SMMLV,2
1826-Universidad Antonio Nariño,9716-ESPECIALIZACION EN FINANZAS,Femenino,2010-1,2021,Dependiente,"Suministro de electricidad, gas, vapor y aire acondicionado",Entre 6 y 7 SMMLV,Entre 6 y 9 SMMLV,1
1826-Universidad Antonio Nariño,9716-ESPECIALIZACION EN FINANZAS,Femenino,2010-1,2021,Dependiente,"Suministro de electricidad, gas, vapor y aire acondicionado",Entre 7 y 8 SMMLV,Entre 6 y 9 SMMLV,1
1826-Universidad Antonio Nariño,9716-ESPECIALIZACION EN FINANZAS,Femenino,2010-1,2022,Dependiente,"Actividades profesionales, científicas y técnicas",Entre 7 y 8 SMMLV,Entre 6 y 9 SMMLV,2
1826-Universidad Antonio Nariño,9716-ESPECIALIZACION EN FINANZAS,Femenino,2010-1,2023,Dependiente,"Suministro de electricidad, gas, vapor y aire acondicionado",Entre 7 y 8 SMMLV,Entre 6 y 9 SMMLV,2
1823-Universidad Autónoma de Bucaramanga - UNAB,51809-ADMINISTRACION DE EMPRESAS,Masculino,2010-1,2016,Dependiente,"Agricultura, ganadería, caza, silvicultura y pesca","Entre 1 y 1,5 SMMLV","Entre 1 y 1,5 SMMLV",1
1823-Universidad Autónoma de Bucaramanga - UNAB,51809-ADMINISTRACION DE EMPRESAS,Masculino,2010-1,2017,Dependiente,"Agricultura, ganadería, caza, silvicultura y pesca","Entre 1 y 1,5 SMMLV","Entre 1 y 1,5 SMMLV",1
1823-Universidad Autónoma de Bucaramanga - UNAB,51809-ADMINISTRACION DE EMPRESAS,Masculino,2010-1,2018,Dependiente,"Agricultura, ganadería, caza, silvicultura y pesca","Entre 1 y 1,5 SMMLV","Entre 1 y 1,5 SMMLV",1
1823-Universidad Autónoma de Bucaramanga - UNAB,51809-ADMINISTRACION DE EMPRESAS,Masculino,2010-1,2019,Dependiente,"Agricultura, ganadería, caza, silvicultura y pesca","Entre 1 y 1,5 SMMLV","Entre 1 y 1,5 SMMLV",1
1823-Universidad Autónoma de Bucaramanga - UNAB,51809-ADMINISTRACION DE EMPRESAS,Masculino,2010-1,2020,Dependiente,"Agricultura, ganadería, caza, silvicultura y pesca","Entre 1 y 1,5 SMMLV","Entre 1 y 1,5 SMMLV",1
1823-Universidad Autónoma de Bucaramanga - UNAB,51809-ADMINISTRACION DE EMPRESAS,Masculino,2010-1,2021,Dependiente,"Agricultura, ganadería, caza, silvicultura y pesca","Entre 1 y 1,5 SMMLV","Entre 1 y 1,5 SMMLV",1
1823-Universidad Autónoma de Bucaramanga - UNAB,51809-ADMINISTRACION DE EMPRESAS,Masculino,2010-1,2022,Dependiente,"Agricultura, ganadería, caza, silvicultura y pesca","Entre 1 y 1,5 SMMLV","Entre 1 y 1,5 SMMLV",1
1823-Universidad Autónoma de Bucaramanga - UNAB,51809-ADMINISTRACION DE EMPRESAS,Masculino,2010-1,2023,Dependiente,"Actividades profesionales, científicas y técnicas","Entre 1 y 1,5 SMMLV","Entre 1 y 1,5 SMMLV",1
1823-Universidad Autónoma de Bucaramanga - UNAB,15441-CONTADURIA PUBLICA,Femenino,2010-1,2016,Dependiente,Educación,1 SMMLV,1 SMMLV,1
1823-Universidad Autónoma de Bucaramanga - UNAB,15441-CONTADURIA PUBLICA,Femenino,2010-1,2017,Dependiente,Sin información,"Entre 1 y 1,5 SMMLV","Entre 1 y 1,5 SMMLV",1
1823-Universidad Autónoma de Bucaramanga - UNAB,15441-CONTADURIA PUBLICA,Femenino,2010-1,2018,Dependiente,Sin información,"Entre 1 y 1,5 SMMLV","Entre 1 y 1,5 SMMLV",1
1823-Universidad Autónoma de Bucaramanga - UNAB,15441-CONTADURIA PUBLICA,Femenino,2010-1,2019,Dependiente,Administración pública y defensa; planes de seguridad social de afiliación obligatoria,"Entre 1 y 1,5 SMMLV","Entre 1 y 1,5 SMMLV",1
1823-Universidad Autónoma de Bucaramanga - UNAB,15441-CONTADURIA PUBLICA,Femenino,2010-1,2020,Dependiente,Administración pública y defensa; planes de seguridad social de afiliación obligatoria,"Entre 1 y 1,5 SMMLV","Entre 1 y 1,5 SMMLV",1
1823-Universidad Autónoma de Bucaramanga - UNAB,15441-CONTADURIA PUBLICA,Femenino,2010-1,2021,Dependiente,Administración pública y defensa; planes de seguridad social de afiliación obligatoria,"Entre 1 y 1,5 SMMLV","Entre 1 y 1,5 SMMLV",1
1823-Universidad Autónoma de Bucaramanga - UNAB,15441-CONTADURIA PUBLICA,Femenino,2010-1,2022,Dependiente,Administración pública y defensa; planes de seguridad social de afiliación obligatoria,"Entre 1 y 1,5 SMMLV","Entre 1 y 1,5 SMMLV",1
1823-Universidad Autónoma de Bucaramanga - UNAB,15441-CONTADURIA PUBLICA,Femenino,2010-1,2023,Dependiente,Administración pública y defensa; planes de seguridad social de afiliación obligatoria,"Entre 1 y 1,5 SMMLV","Entre 1 y 1,5 SMMLV",1
1823-Universidad Autónoma de Bucaramanga - UNAB,10363-ESPECIALIZACION EN EDUCACION CON NUEVAS TECNOLOGIAS,Femenino,2010-1,2016,Dependiente,Sin información,"Entre 2 y 2 ,5 SMMLV","Entre 1,5 y 2,5 SMMLV",1
1823-Universidad Autónoma de Bucaramanga - UNAB,52419-MAESTRIA EN E-LEARNING,Femenino,2010-1,2012,Dependiente,Sin información,"Entre 4,5 y 5 SMMLV",Entre 4 y 6 SMMLV,1
1823-Universidad Autónoma de Bucaramanga - UNAB,52419-MAESTRIA EN E-LEARNING,Femenino,2010-1,2012,Dependiente,Sin información,Entre 6 y 7 SMMLV,Entre 6 y 9 SMMLV,1
1823-Universidad Autónoma de Bucaramanga - UNAB,52419-MAESTRIA EN E-LEARNING,Femenino,2010-1,2013,Dependiente,Sin información,"Entre 4,5 y 5 SMMLV",Entre 4 y 6 SMMLV,1
1823-Universidad Autónoma de Bucaramanga - UNAB,52419-MAESTRIA EN E-LEARNING,Femenino,2010-1,2013,Dependiente,Sin información,Entre 8 y 9 SMMLV,Entre 6 y 9 SMMLV,1
1823-Universidad Autónoma de Bucaramanga - UNAB,52419-MAESTRIA EN E-LEARNING,Femenino,2010-1,2014,Dependiente,Información y comunicaciones,"Entre 4,5 y 5 SMMLV",Entre 4 y 6 SMMLV,1
1823-Universidad Autónoma de Bucaramanga - UNAB,52419-MAESTRIA EN E-LEARNING,Femenino,2010-1,2014,Dependiente,Información y comunicaciones,Entre 7 y 8 SMMLV,Entre 6 y 9 SMMLV,1
1823-Universidad Autónoma de Bucaramanga - UNAB,52419-MAESTRIA EN E-LEARNING,Femenino,2010-1,2015,Dependiente,Administración pública y defensa; planes de seguridad social de afiliación obligatoria,Entre 8 y 9 SMMLV,Entre 6 y 9 SMMLV,1
1823-Universidad Autónoma de Bucaramanga - UNAB,52419-MAESTRIA EN E-LEARNING,Femenino,2010-1,2015,Dependiente,Información y comunicaciones,Entre 7 y 8 SMMLV,Entre 6 y 9 SMMLV,1
1823-Universidad Autónoma de Bucaramanga - UNAB,52419-MAESTRIA EN E-LEARNING,Femenino,2010-1,2016,Dependiente,Administración pública y defensa; planes de seguridad social de afiliación obligatoria,Entre 5 y 6 SMMLV,Entre 4 y 6 SMMLV,1
1823-Universidad Autónoma de Bucaramanga - UNAB,52419-MAESTRIA EN E-LEARNING,Femenino,2010-1,2016,Dependiente,Información y comunicaciones,Entre 7 y 8 SMMLV,Entre 6 y 9 SMMLV,1
1823-Universidad Autónoma de Bucaramanga - UNAB,52419-MAESTRIA EN E-LEARNING,Femenino,2010-1,2017,Dependiente,Actividades de servicios administrativos y de apoyo,Entre 7 y 8 SMMLV,Entre 6 y 9 SMMLV,1
1823-Universidad Autónoma de Bucaramanga - UNAB,52419-MAESTRIA EN E-LEARNING,Femenino,2010-1,2017,Dependiente,Sin información,Entre 7 y 8 SMMLV,Entre 6 y 9 SMMLV,1
1823-Universidad Autónoma de Bucaramanga - UNAB,52419-MAESTRIA EN E-LEARNING,Femenino,2010-1,2018,Dependiente,Actividades de servicios administrativos y de apoyo,Entre 7 y 8 SMMLV,Entre 6 y 9 SMMLV,1
1823-Universidad Autónoma de Bucaramanga - UNAB,52419-MAESTRIA EN E-LEARNING,Femenino,2010-1,2018,Dependiente,Sin información,Entre 7 y 8 SMMLV,Entre 6 y 9 SMMLV,1
1823-Universidad Autónoma de Bucaramanga - UNAB,52419-MAESTRIA EN E-LEARNING,Femenino,2010-1,2019,Dependiente,Actividades de servicios administrativos y de apoyo,Entre 7 y 8 SMMLV,Entre 6 y 9 SMMLV,1
1823-Universidad Autónoma de Bucaramanga - UNAB,52419-MAESTRIA EN E-LEARNING,Femenino,2010-1,2019,Dependiente,Administración pública y defensa; planes de seguridad social de afiliación obligatoria,Entre 6 y 7 SMMLV,Entre 6 y 9 SMMLV,1
1823-Universidad Autónoma de Bucaramanga - UNAB,52419-MAESTRIA EN E-LEARNING,Femenino,2010-1,2020,Dependiente,Actividades de servicios administrativos y de apoyo,Entre 6 y 7 SMMLV,Entre 6 y 9 SMMLV,1
1823-Universidad Autónoma de Bucaramanga - UNAB,52419-MAESTRIA EN E-LEARNING,Femenino,2010-1,2020,Dependiente,Administración pública y defensa; planes de seguridad social de afiliación obligatoria,Entre 7 y 8 SMMLV,Entre 6 y 9 SMMLV,1
1823-Universidad Autónoma de Bucaramanga - UNAB,52419-MAESTRIA EN E-LEARNING,Femenino,2010-1,2021,Dependiente,Actividades de servicios administrativos y de apoyo,Entre 7 y 8 SMMLV,Entre 6 y 9 SMMLV,1
1823-Universidad Autónoma de Bucaramanga - UNAB,52419-MAESTRIA EN E-LEARNING,Femenino,2010-1,2021,Dependiente,Administración pública y defensa; planes de seguridad social de afiliación obligatoria,Entre 8 y 9 SMMLV,Entre 6 y 9 SMMLV,1
1823-Universidad Autónoma de Bucaramanga - UNAB,52419-MAESTRIA EN E-LEARNING,Femenino,2010-1,2022,Dependiente,Actividades de servicios administrativos y de apoyo,Entre 6 y 7 SMMLV,Entre 6 y 9 SMMLV,1
1823-Universidad Autónoma de Bucaramanga - UNAB,52419-MAESTRIA EN E-LEARNING,Femenino,2010-1,2022,Dependiente,Administración pública y defensa; planes de seguridad social de afiliación obligatoria,Entre 7 y 8 SMMLV,Entre 6 y 9 SMMLV,1
1823-Universidad Autónoma de Bucaramanga - UNAB,52419-MAESTRIA EN E-LEARNING,Femenino,2010-1,2023,Dependiente,"Actividades profesionales, científicas y técnicas","Entre 1,5 y 2 SMMLV","Entre 1,5 y 2,5 SMMLV",1
1823-Universidad Autónoma de Bucaramanga - UNAB,52419-MAESTRIA EN E-LEARNING,Femenino,2010-1,2023,Dependiente,Administración pública y defensa; planes de seguridad social de afiliación obligatoria,Entre 8 y 9 SMMLV,Entre 6 y 9 SMMLV,1
1823-Universidad Autónoma de Bucaramanga - UNAB,52419-MAESTRIA EN E-LEARNING,Masculino,2010-1,2012,Dependiente,Sin información,Entre 8 y 9 SMMLV,Entre 6 y 9 SMMLV,1
1823-Universidad Autónoma de Bucaramanga - UNAB,52419-MAESTRIA EN E-LEARNING,Masculino,2010-1,2012,Dependiente,Sin información,Entre 11 y 13 SMMLV,Más de 9 SMMLV,1
1823-Universidad Autónoma de Bucaramanga - UNAB,52419-MAESTRIA EN E-LEARNING,Masculino,2010-1,2013,Dependiente,Sin información,Entre 7 y 8 SMMLV,Entre 6 y 9 SMMLV,1
1823-Universidad Autónoma de Bucaramanga - UNAB,52419-MAESTRIA EN E-LEARNING,Masculino,2010-1,2013,Dependiente,Sin información,Entre 8 y 9 SMMLV,Entre 6 y 9 SMMLV,1
1823-Universidad Autónoma de Bucaramanga - UNAB,52419-MAESTRIA EN E-LEARNING,Masculino,2010-1,2014,Dependiente,Administración pública y defensa; planes de seguridad social de afiliación obligatoria,Entre 7 y 8 SMMLV,Entre 6 y 9 SMMLV,1
1823-Universidad Autónoma de Bucaramanga - UNAB,52419-MAESTRIA EN E-LEARNING,Masculino,2010-1,2014,Dependiente,Educación,Entre 8 y 9 SMMLV,Entre 6 y 9 SMMLV,1
1823-Universidad Autónoma de Bucaramanga - UNAB,52419-MAESTRIA EN E-LEARNING,Masculino,2010-1,2015,Dependiente,Educación,Entre 8 y 9 SMMLV,Entre 6 y 9 SMMLV,1
1823-Universidad Autónoma de Bucaramanga - UNAB,52419-MAESTRIA EN E-LEARNING,Masculino,2010-1,2015,Dependiente,Información y comunicaciones,Entre 6 y 7 SMMLV,Entre 6 y 9 SMMLV,1
1823-Universidad Autónoma de Bucaramanga - UNAB,52419-MAESTRIA EN E-LEARNING,Masculino,2010-1,2016,Dependiente,"Actividades profesionales, científicas y técnicas",Entre 6 y 7 SMMLV,Entre 6 y 9 SMMLV,1
1823-Universidad Autónoma de Bucaramanga - UNAB,52419-MAESTRIA EN E-LEARNING,Masculino,2010-1,2016,Dependiente,Administración pública y defensa; planes de seguridad social de afiliación obligatoria,Entre 9 y 11 SMMLV,Más de 9 SMMLV,1
1823-Universidad Autónoma de Bucaramanga - UNAB,52419-MAESTRIA EN E-LEARNING,Masculino,2010-1,2017,Dependiente,Educación,"Entre 4 y 4,5 SMMLV",Entre 4 y 6 SMMLV,1
1823-Universidad Autónoma de Bucaramanga - UNAB,52419-MAESTRIA EN E-LEARNING,Masculino,2010-1,2017,Dependiente,Educación,Entre 11 y 13 SMMLV,Más de 9 SMMLV,1
1823-Universidad Autónoma de Bucaramanga - UNAB,52419-MAESTRIA EN E-LEARNING,Masculino,2010-1,2018,Dependiente,"Actividades profesionales, científicas y técnicas",Entre 6 y 7 SMMLV,Entre 6 y 9 SMMLV,1
1823-Universidad Autónoma de Bucaramanga - UNAB,52419-MAESTRIA EN E-LEARNING,Masculino,2010-1,2018,Dependiente,Educación,Entre 9 y 11 SMMLV,Más de 9 SMMLV,1
1823-Universidad Autónoma de Bucaramanga - UNAB,52419-MAESTRIA EN E-LEARNING,Masculino,2010-1,2019,Dependiente,"Actividades profesionales, científicas y técnicas","Entre 4 y 4,5 SMMLV",Entre 4 y 6 SMMLV,1
1823-Universidad Autónoma de Bucaramanga - UNAB,52419-MAESTRIA EN E-LEARNING,Masculino,2010-1,2019,Dependiente,Educación,Entre 11 y 13 SMMLV,Más de 9 SMMLV,1
1823-Universidad Autónoma de Bucaramanga - UNAB,52419-MAESTRIA EN E-LEARNING,Masculino,2010-1,2020,Dependiente,"Actividades artísticas, de entretenimiento y recreación","Entre 2 y 2 ,5 SMMLV","Entre 1,5 y 2,5 SMMLV",1
1823-Universidad Autónoma de Bucaramanga - UNAB,52419-MAESTRIA EN E-LEARNING,Masculino,2010-1,2020,Dependiente,Educación,Entre 11 y 13 SMMLV,Más de 9 SMMLV,1
1823-Universidad Autónoma de Bucaramanga - UNAB,52419-MAESTRIA EN E-LEARNING,Masculino,2010-1,2021,Dependiente,Educación,Entre 13 y 15 SMMLV,Más de 9 SMMLV,1
1823-Universidad Autónoma de Bucaramanga - UNAB,52419-MAESTRIA EN E-LEARNING,Masculino,2010-1,2022,Dependiente,Educación,Entre 11 y 13 SMMLV,Más de 9 SMMLV,1
1823-Universidad Autónoma de Bucaramanga - UNAB,52419-MAESTRIA EN E-LEARNING,Masculino,2010-1,2023,Dependiente,Educación,Entre 11 y 13 SMMLV,Más de 9 SMMLV,1
1823-Universidad Autónoma de Bucaramanga - UNAB,20845-MAESTRIA EN SOFTWARE LIBRE,Masculino,2010-1,2017,Dependiente,"Actividades profesionales, científicas y técnicas",Más de 15 SMMLV,Más de 9 SMMLV,1
1823-Universidad Autónoma de Bucaramanga - UNAB,20845-MAESTRIA EN SOFTWARE LIBRE,Masculino,2010-1,2017,Dependiente,Administración pública y defensa; planes de seguridad social de afiliación obligatoria,"Entre 4,5 y 5 SMMLV",Entre 4 y 6 SMMLV,1
1823-Universidad Autónoma de Bucaramanga - UNAB,20845-MAESTRIA EN SOFTWARE LIBRE,Masculino,2010-1,2017,Dependiente,Educación,"Entre 3 y 3,5 SMMLV","Entre 2,5 y 4 SMMLV",1
1823-Universidad Autónoma de Bucaramanga - UNAB,20845-MAESTRIA EN SOFTWARE LIBRE,Masculino,2010-1,2017,Dependiente,Educación,Entre 7 y 8 SMMLV,Entre 6 y 9 SMMLV,2
1823-Universidad Autónoma de Bucaramanga - UNAB,20845-MAESTRIA EN SOFTWARE LIBRE,Masculino,2010-1,2017,Dependiente,Educación,Entre 11 y 13 SMMLV,Más de 9 SMMLV,1
1823-Universidad Autónoma de Bucaramanga - UNAB,20845-MAESTRIA EN SOFTWARE LIBRE,Masculino,2010-1,2017,Dependiente,Sin información,Entre 6 y 7 SMMLV,Entre 6 y 9 SMMLV,1
1823-Universidad Autónoma de Bucaramanga - UNAB,20845-MAESTRIA EN SOFTWARE LIBRE,Masculino,2010-1,2018,Dependiente,"Actividades profesionales, científicas y técnicas",Más de 15 SMMLV,Más de 9 SMMLV,1
1823-Universidad Autónoma de Bucaramanga - UNAB,20845-MAESTRIA EN SOFTWARE LIBRE,Masculino,2010-1,2018,Dependiente,Educación,"Entre 1,5 y 2 SMMLV","Entre 1,5 y 2,5 SMMLV",1
1823-Universidad Autónoma de Bucaramanga - UNAB,20845-MAESTRIA EN SOFTWARE LIBRE,Masculino,2010-1,2018,Dependiente,Educación,"Entre 3 y 3,5 SMMLV","Entre 2,5 y 4 SMMLV",1
1823-Universidad Autónoma de Bucaramanga - UNAB,20845-MAESTRIA EN SOFTWARE LIBRE,Masculino,2010-1,2018,Dependiente,Educación,Entre 5 y 6 SMMLV,Entre 4 y 6 SMMLV,1
1823-Universidad Autónoma de Bucaramanga - UNAB,20845-MAESTRIA EN SOFTWARE LIBRE,Masculino,2010-1,2018,Dependiente,Educación,Entre 8 y 9 SMMLV,Entre 6 y 9 SMMLV,1
1823-Universidad Autónoma de Bucaramanga - UNAB,20845-MAESTRIA EN SOFTWARE LIBRE,Masculino,2010-1,2018,Dependiente,Educación,Entre 9 y 11 SMMLV,Más de 9 SMMLV,1
1823-Universidad Autónoma de Bucaramanga - UNAB,20845-MAESTRIA EN SOFTWARE LIBRE,Masculino,2010-1,2018,Dependiente,Educación,Entre 11 y 13 SMMLV,Más de 9 SMMLV,1
1823-Universidad Autónoma de Bucaramanga - UNAB,20845-MAESTRIA EN SOFTWARE LIBRE,Masculino,2010-1,2018,Dependiente,Sin información,Entre 7 y 8 SMMLV,Entre 6 y 9 SMMLV,1
1823-Universidad Autónoma de Bucaramanga - UNAB,20845-MAESTRIA EN SOFTWARE LIBRE,Masculino,2010-1,2019,Dependiente,"Actividades profesionales, científicas y técnicas",Más de 15 SMMLV,Más de 9 SMMLV,1
1823-Universidad Autónoma de Bucaramanga - UNAB,20845-MAESTRIA EN SOFTWARE LIBRE,Masculino,2010-1,2019,Dependiente,Administración pública y defensa; planes de seguridad social de afiliación obligatoria,Entre 6 y 7 SMMLV,Entre 6 y 9 SMMLV,1
1823-Universidad Autónoma de Bucaramanga - UNAB,20845-MAESTRIA EN SOFTWARE LIBRE,Masculino,2010-1,2019,Dependiente,Educación,"Entre 1 y 1,5 SMMLV","Entre 1 y 1,5 SMMLV",1
1823-Universidad Autónoma de Bucaramanga - UNAB,20845-MAESTRIA EN SOFTWARE LIBRE,Masculino,2010-1,2019,Dependiente,Educación,"Entre 2,5 y 3 SMMLV","Entre 2,5 y 4 SMMLV",1
1823-Universidad Autónoma de Bucaramanga - UNAB,20845-MAESTRIA EN SOFTWARE LIBRE,Masculino,2010-1,2019,Dependiente,Educación,"Entre 4,5 y 5 SMMLV",Entre 4 y 6 SMMLV,1
1823-Universidad Autónoma de Bucaramanga - UNAB,20845-MAESTRIA EN SOFTWARE LIBRE,Masculino,2010-1,2019,Dependiente,Educación,Entre 9 y 11 SMMLV,Más de 9 SMMLV,2
1823-Universidad Autónoma de Bucaramanga - UNAB,20845-MAESTRIA EN SOFTWARE LIBRE,Masculino,2010-1,2019,Dependiente,Educación,Entre 11 y 13 SMMLV,Más de 9 SMMLV,1
1823-Universidad Autónoma de Bucaramanga - UNAB,20845-MAESTRIA EN SOFTWARE LIBRE,Masculino,2010-1,2020,Dependiente,Actividades de servicios administrativos y de apoyo,Entre 11 y 13 SMMLV,Más de 9 SMMLV,1
1823-Universidad Autónoma de Bucaramanga - UNAB,20845-MAESTRIA EN SOFTWARE LIBRE,Masculino,2010-1,2020,Dependiente,"Actividades profesionales, científicas y técnicas",Entre 5 y 6 SMMLV,Entre 4 y 6 SMMLV,1
1823-Universidad Autónoma de Bucaramanga - UNAB,20845-MAESTRIA EN SOFTWARE LIBRE,Masculino,2010-1,2020,Dependiente,Administración pública y defensa; planes de seguridad social de afiliación obligatoria,Entre 7 y 8 SMMLV,Entre 6 y 9 SMMLV,1
1823-Universidad Autónoma de Bucaramanga - UNAB,20845-MAESTRIA EN SOFTWARE LIBRE,Masculino,2010-1,2020,Dependiente,Comercio al por mayor y al por menor; reparación de vehículos automotores y motocicletas,Entre 13 y 15 SMMLV,Más de 9 SMMLV,1
1823-Universidad Autónoma de Bucaramanga - UNAB,20845-MAESTRIA EN SOFTWARE LIBRE,Masculino,2010-1,2020,Dependiente,Educación,"Entre 3 y 3,5 SMMLV","Entre 2,5 y 4 SMMLV",1
1823-Universidad Autónoma de Bucaramanga - UNAB,20845-MAESTRIA EN SOFTWARE LIBRE,Masculino,2010-1,2020,Dependiente,Educación,"Entre 3,5 y 4 SMMLV","Entre 2,5 y 4 SMMLV",1
1823-Universidad Autónoma de Bucaramanga - UNAB,20845-MAESTRIA EN SOFTWARE LIBRE,Masculino,2010-1,2020,Dependiente,Educación,Entre 9 y 11 SMMLV,Más de 9 SMMLV,1
1823-Universidad Autónoma de Bucaramanga - UNAB,20845-MAESTRIA EN SOFTWARE LIBRE,Masculino,2010-1,2020,Dependiente,Educación,Entre 11 y 13 SMMLV,Más de 9 SMMLV,1
1823-Universidad Autónoma de Bucaramanga - UNAB,20845-MAESTRIA EN SOFTWARE LIBRE,Masculino,2010-1,2021,Dependiente,"Actividades profesionales, científicas y técnicas",Entre 5 y 6 SMMLV,Entre 4 y 6 SMMLV,1
1823-Universidad Autónoma de Bucaramanga - UNAB,20845-MAESTRIA EN SOFTWARE LIBRE,Masculino,2010-1,2021,Dependiente,"Actividades profesionales, científicas y técnicas",Entre 11 y 13 SMMLV,Más de 9 SMMLV,1
1823-Universidad Autónoma de Bucaramanga - UNAB,20845-MAESTRIA EN SOFTWARE LIBRE,Masculino,2010-1,2021,Dependiente,Administración pública y defensa; planes de seguridad social de afiliación obligatoria,Entre 7 y 8 SMMLV,Entre 6 y 9 SMMLV,1
1823-Universidad Autónoma de Bucaramanga - UNAB,20845-MAESTRIA EN SOFTWARE LIBRE,Masculino,2010-1,2021,Dependiente,Educación,"Entre 3 y 3,5 SMMLV","Entre 2,5 y 4 SMMLV",1
1823-Universidad Autónoma de Bucaramanga - UNAB,20845-MAESTRIA EN SOFTWARE LIBRE,Masculino,2010-1,2021,Dependiente,Educación,Entre 9 y 11 SMMLV,Más de 9 SMMLV,2
1823-Universidad Autónoma de Bucaramanga - UNAB,20845-MAESTRIA EN SOFTWARE LIBRE,Masculino,2010-1,2021,Dependiente,Educación,Entre 11 y 13 SMMLV,Más de 9 SMMLV,1
1823-Universidad Autónoma de Bucaramanga - UNAB,20845-MAESTRIA EN SOFTWARE LIBRE,Masculino,2010-1,2021,Dependiente,Información y comunicaciones,"Entre 4,5 y 5 SMMLV",Entre 4 y 6 SMMLV,1
1823-Universidad Autónoma de Bucaramanga - UNAB,20845-MAESTRIA EN SOFTWARE LIBRE,Masculino,2010-1,2022,Dependiente,"Actividades profesionales, científicas y técnicas",Entre 5 y 6 SMMLV,Entre 4 y 6 SMMLV,1
1823-Universidad Autónoma de Bucaramanga - UNAB,20845-MAESTRIA EN SOFTWARE LIBRE,Masculino,2010-1,2022,Dependiente,Administración pública y defensa; planes de seguridad social de afiliación obligatoria,Entre 5 y 6 SMMLV,Entre 4 y 6 SMMLV,1
1823-Universidad Autónoma de Bucaramanga - UNAB,20845-MAESTRIA EN SOFTWARE LIBRE,Masculino,2010-1,2022,Dependiente,Educación,1 SMMLV,1 SMMLV,1
1823-Universidad Autónoma de Bucaramanga - UNAB,20845-MAESTRIA EN SOFTWARE LIBRE,Masculino,2010-1,2022,Dependiente,Educación,Entre 9 y 11 SMMLV,Más de 9 SMMLV,2
1823-Universidad Autónoma de Bucaramanga - UNAB,20845-MAESTRIA EN SOFTWARE LIBRE,Masculino,2010-1,2022,Dependiente,Educación,Entre 11 y 13 SMMLV,Más de 9 SMMLV,1
1823-Universidad Autónoma de Bucaramanga - UNAB,20845-MAESTRIA EN SOFTWARE LIBRE,Masculino,2010-1,2022,Dependiente,Información y comunicaciones,Entre 5 y 6 SMMLV,Entre 4 y 6 SMMLV,1
1823-Universidad Autónoma de Bucaramanga - UNAB,20845-MAESTRIA EN SOFTWARE LIBRE,Masculino,2010-1,2022,Dependiente,Información y comunicaciones,Más de 15 SMMLV,Más de 9 SMMLV,1
1823-Universidad Autónoma de Bucaramanga - UNAB,20845-MAESTRIA EN SOFTWARE LIBRE,Masculino,2010-1,2023,Dependiente,Actividades de servicios administrativos y de apoyo,Entre 5 y 6 SMMLV,Entre 4 y 6 SMMLV,1
1823-Universidad Autónoma de Bucaramanga - UNAB,20845-MAESTRIA EN SOFTWARE LIBRE,Masculino,2010-1,2023,Dependiente,Administración pública y defensa; planes de seguridad social de afiliación obligatoria,"Entre 4,5 y 5 SMMLV",Entre 4 y 6 SMMLV,1
1823-Universidad Autónoma de Bucaramanga - UNAB,20845-MAESTRIA EN SOFTWARE LIBRE,Masculino,2010-1,2023,Dependiente,Administración pública y defensa; planes de seguridad social de afiliación obligatoria,Entre 6 y 7 SMMLV,Entre 6 y 9 SMMLV,1
1823-Universidad Autónoma de Bucaramanga - UNAB,20845-MAESTRIA EN SOFTWARE LIBRE,Masculino,2010-1,2023,Dependiente,Educación,Entre 9 y 11 SMMLV,Más de 9 SMMLV,2
1823-Universidad Autónoma de Bucaramanga - UNAB,20845-MAESTRIA EN SOFTWARE LIBRE,Masculino,2010-1,2023,Dependiente,Educación,Entre 11 y 13 SMMLV,Más de 9 SMMLV,1
1823-Universidad Autónoma de Bucaramanga - UNAB,20845-MAESTRIA EN SOFTWARE LIBRE,Masculino,2010-1,2023,Dependiente,Información y comunicaciones,Entre 6 y 7 SMMLV,Entre 6 y 9 SMMLV,1
1823-Universidad Autónoma de Bucaramanga - UNAB,20845-MAESTRIA EN SOFTWARE LIBRE,Masculino,2010-1,2023,Dependiente,Información y comunicaciones,Más de 15 SMMLV,Más de 9 SMMLV,1
1719-Universidad Católica de Colombia,55037-ESPECIALIZACION EN INVESTIGACION CRIMINAL  Y JUZGAMIENTO EN EL SISTEMA PENAL ACUSATORIO,Femenino,2010-1,2017,Dependiente,"Actividades artísticas, de entretenimiento y recreación",Entre 9 y 11 SMMLV,Más de 9 SMMLV,1
1719-Universidad Católica de Colombia,55037-ESPECIALIZACION EN INVESTIGACION CRIMINAL  Y JUZGAMIENTO EN EL SISTEMA PENAL ACUSATORIO,Femenino,2010-1,2017,Dependiente,Actividades de los hogares individuales en calidad de empleadores; actividades no diferenciadas de los hogares individuales como productores de bienes y servicios para uso propio,"Entre 4,5 y 5 SMMLV",Entre 4 y 6 SMMLV,1
1719-Universidad Católica de Colombia,55037-ESPECIALIZACION EN INVESTIGACION CRIMINAL  Y JUZGAMIENTO EN EL SISTEMA PENAL ACUSATORIO,Femenino,2010-1,2017,Dependiente,Actividades de servicios administrativos y de apoyo,"Entre 1 y 1,5 SMMLV","Entre 1 y 1,5 SMMLV",1
1719-Universidad Católica de Colombia,55037-ESPECIALIZACION EN INVESTIGACION CRIMINAL  Y JUZGAMIENTO EN EL SISTEMA PENAL ACUSATORIO,Femenino,2010-1,2017,Dependiente,Actividades de servicios administrativos y de apoyo,"Entre 1,5 y 2 SMMLV","Entre 1,5 y 2,5 SMMLV",1
1719-Universidad Católica de Colombia,55037-ESPECIALIZACION EN INVESTIGACION CRIMINAL  Y JUZGAMIENTO EN EL SISTEMA PENAL ACUSATORIO,Femenino,2010-1,2017,Dependiente,Actividades de servicios administrativos y de apoyo,"Entre 2,5 y 3 SMMLV","Entre 2,5 y 4 SMMLV",1
1719-Universidad Católica de Colombia,55037-ESPECIALIZACION EN INVESTIGACION CRIMINAL  Y JUZGAMIENTO EN EL SISTEMA PENAL ACUSATORIO,Femenino,2010-1,2017,Dependiente,Actividades financieras y de seguros,Entre 9 y 11 SMMLV,Más de 9 SMMLV,1
1719-Universidad Católica de Colombia,55037-ESPECIALIZACION EN INVESTIGACION CRIMINAL  Y JUZGAMIENTO EN EL SISTEMA PENAL ACUSATORIO,Femenino,2010-1,2017,Dependiente,"Actividades profesionales, científicas y técnicas","Entre 1 y 1,5 SMMLV","Entre 1 y 1,5 SMMLV",1
1719-Universidad Católica de Colombia,55037-ESPECIALIZACION EN INVESTIGACION CRIMINAL  Y JUZGAMIENTO EN EL SISTEMA PENAL ACUSATORIO,Femenino,2010-1,2017,Dependiente,"Actividades profesionales, científicas y técnicas","Entre 4 y 4,5 SMMLV",Entre 4 y 6 SMMLV,1
1719-Universidad Católica de Colombia,55037-ESPECIALIZACION EN INVESTIGACION CRIMINAL  Y JUZGAMIENTO EN EL SISTEMA PENAL ACUSATORIO,Femenino,2010-1,2017,Dependiente,"Actividades profesionales, científicas y técnicas",Entre 5 y 6 SMMLV,Entre 4 y 6 SMMLV,1
1719-Universidad Católica de Colombia,55037-ESPECIALIZACION EN INVESTIGACION CRIMINAL  Y JUZGAMIENTO EN EL SISTEMA PENAL ACUSATORIO,Femenino,2010-1,2017,Dependiente,"Actividades profesionales, científicas y técnicas",Entre 7 y 8 SMMLV,Entre 6 y 9 SMMLV,2
1719-Universidad Católica de Colombia,55037-ESPECIALIZACION EN INVESTIGACION CRIMINAL  Y JUZGAMIENTO EN EL SISTEMA PENAL ACUSATORIO,Femenino,2010-1,2017,Dependiente,"Actividades profesionales, científicas y técnicas",Entre 8 y 9 SMMLV,Entre 6 y 9 SMMLV,12
1719-Universidad Católica de Colombia,55037-ESPECIALIZACION EN INVESTIGACION CRIMINAL  Y JUZGAMIENTO EN EL SISTEMA PENAL ACUSATORIO,Femenino,2010-1,2017,Dependiente,"Actividades profesionales, científicas y técnicas",Entre 9 y 11 SMMLV,Más de 9 SMMLV,1
1719-Universidad Católica de Colombia,55037-ESPECIALIZACION EN INVESTIGACION CRIMINAL  Y JUZGAMIENTO EN EL SISTEMA PENAL ACUSATORIO,Femenino,2010-1,2017,Dependiente,"Actividades profesionales, científicas y técnicas",Entre 11 y 13 SMMLV,Más de 9 SMMLV,1
1719-Universidad Católica de Colombia,55037-ESPECIALIZACION EN INVESTIGACION CRIMINAL  Y JUZGAMIENTO EN EL SISTEMA PENAL ACUSATORIO,Femenino,2010-1,2017,Dependiente,"Actividades profesionales, científicas y técnicas",Entre 13 y 15 SMMLV,Más de 9 SMMLV,1
1719-Universidad Católica de Colombia,55037-ESPECIALIZACION EN INVESTIGACION CRIMINAL  Y JUZGAMIENTO EN EL SISTEMA PENAL ACUSATORIO,Femenino,2010-1,2017,Dependiente,"Actividades profesionales, científicas y técnicas",Más de 15 SMMLV,Más de 9 SMMLV,2
1719-Universidad Católica de Colombia,55037-ESPECIALIZACION EN INVESTIGACION CRIMINAL  Y JUZGAMIENTO EN EL SISTEMA PENAL ACUSATORIO,Femenino,2010-1,2017,Dependiente,Administración pública y defensa; planes de seguridad social de afiliación obligatoria,"Entre 3,5 y 4 SMMLV","Entre 2,5 y 4 SMMLV",1
1719-Universidad Católica de Colombia,55037-ESPECIALIZACION EN INVESTIGACION CRIMINAL  Y JUZGAMIENTO EN EL SISTEMA PENAL ACUSATORIO,Femenino,2010-1,2017,Dependiente,Administración pública y defensa; planes de seguridad social de afiliación obligatoria,Entre 11 y 13 SMMLV,Más de 9 SMMLV,6
1719-Universidad Católica de Colombia,55037-ESPECIALIZACION EN INVESTIGACION CRIMINAL  Y JUZGAMIENTO EN EL SISTEMA PENAL ACUSATORIO,Femenino,2010-1,2017,Dependiente,Administración pública y defensa; planes de seguridad social de afiliación obligatoria,Entre 13 y 15 SMMLV,Más de 9 SMMLV,1
1719-Universidad Católica de Colombia,55037-ESPECIALIZACION EN INVESTIGACION CRIMINAL  Y JUZGAMIENTO EN EL SISTEMA PENAL ACUSATORIO,Femenino,2010-1,2017,Dependiente,Administración pública y defensa; planes de seguridad social de afiliación obligatoria,Más de 15 SMMLV,Más de 9 SMMLV,2
1719-Universidad Católica de Colombia,55037-ESPECIALIZACION EN INVESTIGACION CRIMINAL  Y JUZGAMIENTO EN EL SISTEMA PENAL ACUSATORIO,Femenino,2010-1,2017,Dependiente,Educación,"Entre 1,5 y 2 SMMLV","Entre 1,5 y 2,5 SMMLV",1
1719-Universidad Católica de Colombia,55037-ESPECIALIZACION EN INVESTIGACION CRIMINAL  Y JUZGAMIENTO EN EL SISTEMA PENAL ACUSATORIO,Femenino,2010-1,2017,Dependiente,Educación,"Entre 2,5 y 3 SMMLV","Entre 2,5 y 4 SMMLV",1
1719-Universidad Católica de Colombia,55037-ESPECIALIZACION EN INVESTIGACION CRIMINAL  Y JUZGAMIENTO EN EL SISTEMA PENAL ACUSATORIO,Femenino,2010-1,2017,Dependiente,Educación,"Entre 3 y 3,5 SMMLV","Entre 2,5 y 4 SMMLV",2
1719-Universidad Católica de Colombia,55037-ESPECIALIZACION EN INVESTIGACION CRIMINAL  Y JUZGAMIENTO EN EL SISTEMA PENAL ACUSATORIO,Femenino,2010-1,2017,Dependiente,Educación,Entre 6 y 7 SMMLV,Entre 6 y 9 SMMLV,1
1719-Universidad Católica de Colombia,55037-ESPECIALIZACION EN INVESTIGACION CRIMINAL  Y JUZGAMIENTO EN EL SISTEMA PENAL ACUSATORIO,Femenino,2010-1,2017,Dependiente,Sin información,Entre 6 y 7 SMMLV,Entre 6 y 9 SMMLV,1
1719-Universidad Católica de Colombia,55037-ESPECIALIZACION EN INVESTIGACION CRIMINAL  Y JUZGAMIENTO EN EL SISTEMA PENAL ACUSATORIO,Femenino,2010-1,2017,Dependiente,Sin información,Más de 15 SMMLV,Más de 9 SMMLV,1
1719-Universidad Católica de Colombia,55037-ESPECIALIZACION EN INVESTIGACION CRIMINAL  Y JUZGAMIENTO EN EL SISTEMA PENAL ACUSATORIO,Femenino,2010-1,2018,Dependiente,Actividades de los hogares individuales en calidad de empleadores; actividades no diferenciadas de los hogares individuales como productores de bienes y servicios para uso propio,Entre 5 y 6 SMMLV,Entre 4 y 6 SMMLV,1
1719-Universidad Católica de Colombia,55037-ESPECIALIZACION EN INVESTIGACION CRIMINAL  Y JUZGAMIENTO EN EL SISTEMA PENAL ACUSATORIO,Femenino,2010-1,2018,Dependiente,Actividades de servicios administrativos y de apoyo,"Entre 1,5 y 2 SMMLV","Entre 1,5 y 2,5 SMMLV",2
1719-Universidad Católica de Colombia,55037-ESPECIALIZACION EN INVESTIGACION CRIMINAL  Y JUZGAMIENTO EN EL SISTEMA PENAL ACUSATORIO,Femenino,2010-1,2018,Dependiente,Actividades financieras y de seguros,Entre 7 y 8 SMMLV,Entre 6 y 9 SMMLV,1
1719-Universidad Católica de Colombia,55037-ESPECIALIZACION EN INVESTIGACION CRIMINAL  Y JUZGAMIENTO EN EL SISTEMA PENAL ACUSATORIO,Femenino,2010-1,2018,Dependiente,"Actividades profesionales, científicas y técnicas","Entre 4 y 4,5 SMMLV",Entre 4 y 6 SMMLV,1
1719-Universidad Católica de Colombia,55037-ESPECIALIZACION EN INVESTIGACION CRIMINAL  Y JUZGAMIENTO EN EL SISTEMA PENAL ACUSATORIO,Femenino,2010-1,2018,Dependiente,"Actividades profesionales, científicas y técnicas",Entre 5 y 6 SMMLV,Entre 4 y 6 SMMLV,1
1719-Universidad Católica de Colombia,55037-ESPECIALIZACION EN INVESTIGACION CRIMINAL  Y JUZGAMIENTO EN EL SISTEMA PENAL ACUSATORIO,Femenino,2010-1,2018,Dependiente,"Actividades profesionales, científicas y técnicas",Entre 6 y 7 SMMLV,Entre 6 y 9 SMMLV,4
1719-Universidad Católica de Colombia,55037-ESPECIALIZACION EN INVESTIGACION CRIMINAL  Y JUZGAMIENTO EN EL SISTEMA PENAL ACUSATORIO,Femenino,2010-1,2018,Dependiente,"Actividades profesionales, científicas y técnicas",Entre 7 y 8 SMMLV,Entre 6 y 9 SMMLV,1
1719-Universidad Católica de Colombia,55037-ESPECIALIZACION EN INVESTIGACION CRIMINAL  Y JUZGAMIENTO EN EL SISTEMA PENAL ACUSATORIO,Femenino,2010-1,2018,Dependiente,"Actividades profesionales, científicas y técnicas",Entre 8 y 9 SMMLV,Entre 6 y 9 SMMLV,9
1719-Universidad Católica de Colombia,55037-ESPECIALIZACION EN INVESTIGACION CRIMINAL  Y JUZGAMIENTO EN EL SISTEMA PENAL ACUSATORIO,Femenino,2010-1,2018,Dependiente,"Actividades profesionales, científicas y técnicas",Entre 11 y 13 SMMLV,Más de 9 SMMLV,1
1719-Universidad Católica de Colombia,55037-ESPECIALIZACION EN INVESTIGACION CRIMINAL  Y JUZGAMIENTO EN EL SISTEMA PENAL ACUSATORIO,Femenino,2010-1,2018,Dependiente,"Actividades profesionales, científicas y técnicas",Entre 13 y 15 SMMLV,Más de 9 SMMLV,2
1719-Universidad Católica de Colombia,55037-ESPECIALIZACION EN INVESTIGACION CRIMINAL  Y JUZGAMIENTO EN EL SISTEMA PENAL ACUSATORIO,Femenino,2010-1,2018,Dependiente,"Actividades profesionales, científicas y técnicas",Más de 15 SMMLV,Más de 9 SMMLV,1
1719-Universidad Católica de Colombia,55037-ESPECIALIZACION EN INVESTIGACION CRIMINAL  Y JUZGAMIENTO EN EL SISTEMA PENAL ACUSATORIO,Femenino,2010-1,2018,Dependiente,Administración pública y defensa; planes de seguridad social de afiliación obligatoria,Entre 8 y 9 SMMLV,Entre 6 y 9 SMMLV,1
1719-Universidad Católica de Colombia,55037-ESPECIALIZACION EN INVESTIGACION CRIMINAL  Y JUZGAMIENTO EN EL SISTEMA PENAL ACUSATORIO,Femenino,2010-1,2018,Dependiente,Administración pública y defensa; planes de seguridad social de afiliación obligatoria,Entre 11 y 13 SMMLV,Más de 9 SMMLV,4
1719-Universidad Católica de Colombia,55037-ESPECIALIZACION EN INVESTIGACION CRIMINAL  Y JUZGAMIENTO EN EL SISTEMA PENAL ACUSATORIO,Femenino,2010-1,2018,Dependiente,Administración pública y defensa; planes de seguridad social de afiliación obligatoria,Entre 13 y 15 SMMLV,Más de 9 SMMLV,1
1719-Universidad Católica de Colombia,55037-ESPECIALIZACION EN INVESTIGACION CRIMINAL  Y JUZGAMIENTO EN EL SISTEMA PENAL ACUSATORIO,Femenino,2010-1,2018,Dependiente,Administración pública y defensa; planes de seguridad social de afiliación obligatoria,Más de 15 SMMLV,Más de 9 SMMLV,3
1719-Universidad Católica de Colombia,55037-ESPECIALIZACION EN INVESTIGACION CRIMINAL  Y JUZGAMIENTO EN EL SISTEMA PENAL ACUSATORIO,Femenino,2010-1,2018,Dependiente,Educación,"Entre 1,5 y 2 SMMLV","Entre 1,5 y 2,5 SMMLV",2
1719-Universidad Católica de Colombia,55037-ESPECIALIZACION EN INVESTIGACION CRIMINAL  Y JUZGAMIENTO EN EL SISTEMA PENAL ACUSATORIO,Femenino,2010-1,2018,Dependiente,Educación,"Entre 2,5 y 3 SMMLV","Entre 2,5 y 4 SMMLV",2
1719-Universidad Católica de Colombia,55037-ESPECIALIZACION EN INVESTIGACION CRIMINAL  Y JUZGAMIENTO EN EL SISTEMA PENAL ACUSATORIO,Femenino,2010-1,2018,Dependiente,Educación,Entre 6 y 7 SMMLV,Entre 6 y 9 SMMLV,1
1719-Universidad Católica de Colombia,55037-ESPECIALIZACION EN INVESTIGACION CRIMINAL  Y JUZGAMIENTO EN EL SISTEMA PENAL ACUSATORIO,Femenino,2010-1,2018,Dependiente,Sin información,1 SMMLV,1 SMMLV,1
1719-Universidad Católica de Colombia,55037-ESPECIALIZACION EN INVESTIGACION CRIMINAL  Y JUZGAMIENTO EN EL SISTEMA PENAL ACUSATORIO,Femenino,2010-1,2018,Dependiente,Sin información,"Entre 4,5 y 5 SMMLV",Entre 4 y 6 SMMLV,1
1719-Universidad Católica de Colombia,55037-ESPECIALIZACION EN INVESTIGACION CRIMINAL  Y JUZGAMIENTO EN EL SISTEMA PENAL ACUSATORIO,Femenino,2010-1,2018,Dependiente,Sin información,Entre 9 y 11 SMMLV,Más de 9 SMMLV,1
1719-Universidad Católica de Colombia,55037-ESPECIALIZACION EN INVESTIGACION CRIMINAL  Y JUZGAMIENTO EN EL SISTEMA PENAL ACUSATORIO,Femenino,2010-1,2018,Dependiente,Sin información,Más de 15 SMMLV,Más de 9 SMMLV,1
1719-Universidad Católica de Colombia,55037-ESPECIALIZACION EN INVESTIGACION CRIMINAL  Y JUZGAMIENTO EN EL SISTEMA PENAL ACUSATORIO,Femenino,2010-1,2018,Dependiente,Transporte y almacenamiento,1 SMMLV,1 SMMLV,1
1719-Universidad Católica de Colombia,55037-ESPECIALIZACION EN INVESTIGACION CRIMINAL  Y JUZGAMIENTO EN EL SISTEMA PENAL ACUSATORIO,Femenino,2010-1,2019,Dependiente,Actividades de los hogares individuales en calidad de empleadores; actividades no diferenciadas de los hogares individuales como productores de bienes y servicios para uso propio,Entre 5 y 6 SMMLV,Entre 4 y 6 SMMLV,1
1719-Universidad Católica de Colombia,55037-ESPECIALIZACION EN INVESTIGACION CRIMINAL  Y JUZGAMIENTO EN EL SISTEMA PENAL ACUSATORIO,Femenino,2010-1,2019,Dependiente,Actividades de servicios administrativos y de apoyo,"Entre 2 y 2 ,5 SMMLV","Entre 1,5 y 2,5 SMMLV",2
1719-Universidad Católica de Colombia,55037-ESPECIALIZACION EN INVESTIGACION CRIMINAL  Y JUZGAMIENTO EN EL SISTEMA PENAL ACUSATORIO,Femenino,2010-1,2019,Dependiente,Actividades financieras y de seguros,Entre 9 y 11 SMMLV,Más de 9 SMMLV,1
1719-Universidad Católica de Colombia,55037-ESPECIALIZACION EN INVESTIGACION CRIMINAL  Y JUZGAMIENTO EN EL SISTEMA PENAL ACUSATORIO,Femenino,2010-1,2019,Dependiente,"Actividades profesionales, científicas y técnicas","Entre 3 y 3,5 SMMLV","Entre 2,5 y 4 SMMLV",1
1719-Universidad Católica de Colombia,55037-ESPECIALIZACION EN INVESTIGACION CRIMINAL  Y JUZGAMIENTO EN EL SISTEMA PENAL ACUSATORIO,Femenino,2010-1,2019,Dependiente,"Actividades profesionales, científicas y técnicas",Entre 6 y 7 SMMLV,Entre 6 y 9 SMMLV,2
1719-Universidad Católica de Colombia,55037-ESPECIALIZACION EN INVESTIGACION CRIMINAL  Y JUZGAMIENTO EN EL SISTEMA PENAL ACUSATORIO,Femenino,2010-1,2019,Dependiente,"Actividades profesionales, científicas y técnicas",Entre 7 y 8 SMMLV,Entre 6 y 9 SMMLV,9
1719-Universidad Católica de Colombia,55037-ESPECIALIZACION EN INVESTIGACION CRIMINAL  Y JUZGAMIENTO EN EL SISTEMA PENAL ACUSATORIO,Femenino,2010-1,2019,Dependiente,"Actividades profesionales, científicas y técnicas",Entre 8 y 9 SMMLV,Entre 6 y 9 SMMLV,2
1719-Universidad Católica de Colombia,55037-ESPECIALIZACION EN INVESTIGACION CRIMINAL  Y JUZGAMIENTO EN EL SISTEMA PENAL ACUSATORIO,Femenino,2010-1,2019,Dependiente,"Actividades profesionales, científicas y técnicas",Entre 11 y 13 SMMLV,Más de 9 SMMLV,1
1719-Universidad Católica de Colombia,55037-ESPECIALIZACION EN INVESTIGACION CRIMINAL  Y JUZGAMIENTO EN EL SISTEMA PENAL ACUSATORIO,Femenino,2010-1,2019,Dependiente,"Actividades profesionales, científicas y técnicas",Entre 13 y 15 SMMLV,Más de 9 SMMLV,1
1719-Universidad Católica de Colombia,55037-ESPECIALIZACION EN INVESTIGACION CRIMINAL  Y JUZGAMIENTO EN EL SISTEMA PENAL ACUSATORIO,Femenino,2010-1,2019,Dependiente,"Actividades profesionales, científicas y técnicas",Más de 15 SMMLV,Más de 9 SMMLV,2
1719-Universidad Católica de Colombia,55037-ESPECIALIZACION EN INVESTIGACION CRIMINAL  Y JUZGAMIENTO EN EL SISTEMA PENAL ACUSATORIO,Femenino,2010-1,2019,Dependiente,Administración pública y defensa; planes de seguridad social de afiliación obligatoria,1 SMMLV,1 SMMLV,1
1719-Universidad Católica de Colombia,55037-ESPECIALIZACION EN INVESTIGACION CRIMINAL  Y JUZGAMIENTO EN EL SISTEMA PENAL ACUSATORIO,Femenino,2010-1,2019,Dependiente,Administración pública y defensa; planes de seguridad social de afiliación obligatoria,Entre 9 y 11 SMMLV,Más de 9 SMMLV,2
1719-Universidad Católica de Colombia,55037-ESPECIALIZACION EN INVESTIGACION CRIMINAL  Y JUZGAMIENTO EN EL SISTEMA PENAL ACUSATORIO,Femenino,2010-1,2019,Dependiente,Administración pública y defensa; planes de seguridad social de afiliación obligatoria,Entre 11 y 13 SMMLV,Más de 9 SMMLV,4
1719-Universidad Católica de Colombia,55037-ESPECIALIZACION EN INVESTIGACION CRIMINAL  Y JUZGAMIENTO EN EL SISTEMA PENAL ACUSATORIO,Femenino,2010-1,2019,Dependiente,Administración pública y defensa; planes de seguridad social de afiliación obligatoria,Entre 13 y 15 SMMLV,Más de 9 SMMLV,1
1719-Universidad Católica de Colombia,55037-ESPECIALIZACION EN INVESTIGACION CRIMINAL  Y JUZGAMIENTO EN EL SISTEMA PENAL ACUSATORIO,Femenino,2010-1,2019,Dependiente,Administración pública y defensa; planes de seguridad social de afiliación obligatoria,Más de 15 SMMLV,Más de 9 SMMLV,3
1719-Universidad Católica de Colombia,55037-ESPECIALIZACION EN INVESTIGACION CRIMINAL  Y JUZGAMIENTO EN EL SISTEMA PENAL ACUSATORIO,Femenino,2010-1,2019,Dependiente,Educación,"Entre 1 y 1,5 SMMLV","Entre 1 y 1,5 SMMLV",2
1719-Universidad Católica de Colombia,55037-ESPECIALIZACION EN INVESTIGACION CRIMINAL  Y JUZGAMIENTO EN EL SISTEMA PENAL ACUSATORIO,Femenino,2010-1,2019,Dependiente,Educación,"Entre 1,5 y 2 SMMLV","Entre 1,5 y 2,5 SMMLV",1
1719-Universidad Católica de Colombia,55037-ESPECIALIZACION EN INVESTIGACION CRIMINAL  Y JUZGAMIENTO EN EL SISTEMA PENAL ACUSATORIO,Femenino,2010-1,2019,Dependiente,Educación,Entre 7 y 8 SMMLV,Entre 6 y 9 SMMLV,1
1719-Universidad Católica de Colombia,55037-ESPECIALIZACION EN INVESTIGACION CRIMINAL  Y JUZGAMIENTO EN EL SISTEMA PENAL ACUSATORIO,Femenino,2010-1,2019,Dependiente,Sin información,Más de 15 SMMLV,Más de 9 SMMLV,1
1719-Universidad Católica de Colombia,55037-ESPECIALIZACION EN INVESTIGACION CRIMINAL  Y JUZGAMIENTO EN EL SISTEMA PENAL ACUSATORIO,Femenino,2010-1,2020,Dependiente,Actividades de los hogares individuales en calidad de empleadores; actividades no diferenciadas de los hogares individuales como productores de bienes y servicios para uso propio,"Entre 4,5 y 5 SMMLV",Entre 4 y 6 SMMLV,1
1719-Universidad Católica de Colombia,55037-ESPECIALIZACION EN INVESTIGACION CRIMINAL  Y JUZGAMIENTO EN EL SISTEMA PENAL ACUSATORIO,Femenino,2010-1,2020,Dependiente,Actividades de servicios administrativos y de apoyo,"Entre 1,5 y 2 SMMLV","Entre 1,5 y 2,5 SMMLV",2
1719-Universidad Católica de Colombia,55037-ESPECIALIZACION EN INVESTIGACION CRIMINAL  Y JUZGAMIENTO EN EL SISTEMA PENAL ACUSATORIO,Femenino,2010-1,2020,Dependiente,"Actividades profesionales, científicas y técnicas","Entre 2 y 2 ,5 SMMLV","Entre 1,5 y 2,5 SMMLV",1
1719-Universidad Católica de Colombia,55037-ESPECIALIZACION EN INVESTIGACION CRIMINAL  Y JUZGAMIENTO EN EL SISTEMA PENAL ACUSATORIO,Femenino,2010-1,2020,Dependiente,"Actividades profesionales, científicas y técnicas",Entre 6 y 7 SMMLV,Entre 6 y 9 SMMLV,2
1719-Universidad Católica de Colombia,55037-ESPECIALIZACION EN INVESTIGACION CRIMINAL  Y JUZGAMIENTO EN EL SISTEMA PENAL ACUSATORIO,Femenino,2010-1,2020,Dependiente,"Actividades profesionales, científicas y técnicas",Entre 7 y 8 SMMLV,Entre 6 y 9 SMMLV,10
1719-Universidad Católica de Colombia,55037-ESPECIALIZACION EN INVESTIGACION CRIMINAL  Y JUZGAMIENTO EN EL SISTEMA PENAL ACUSATORIO,Femenino,2010-1,2020,Dependiente,"Actividades profesionales, científicas y técnicas",Entre 8 y 9 SMMLV,Entre 6 y 9 SMMLV,1
1719-Universidad Católica de Colombia,55037-ESPECIALIZACION EN INVESTIGACION CRIMINAL  Y JUZGAMIENTO EN EL SISTEMA PENAL ACUSATORIO,Femenino,2010-1,2020,Dependiente,"Actividades profesionales, científicas y técnicas",Entre 11 y 13 SMMLV,Más de 9 SMMLV,4
1719-Universidad Católica de Colombia,55037-ESPECIALIZACION EN INVESTIGACION CRIMINAL  Y JUZGAMIENTO EN EL SISTEMA PENAL ACUSATORIO,Femenino,2010-1,2020,Dependiente,"Actividades profesionales, científicas y técnicas",Entre 13 y 15 SMMLV,Más de 9 SMMLV,2
1719-Universidad Católica de Colombia,55037-ESPECIALIZACION EN INVESTIGACION CRIMINAL  Y JUZGAMIENTO EN EL SISTEMA PENAL ACUSATORIO,Femenino,2010-1,2020,Dependiente,"Actividades profesionales, científicas y técnicas",Más de 15 SMMLV,Más de 9 SMMLV,2
1719-Universidad Católica de Colombia,55037-ESPECIALIZACION EN INVESTIGACION CRIMINAL  Y JUZGAMIENTO EN EL SISTEMA PENAL ACUSATORIO,Femenino,2010-1,2020,Dependiente,Administración pública y defensa; planes de seguridad social de afiliación obligatoria,1 SMMLV,1 SMMLV,1
1719-Universidad Católica de Colombia,55037-ESPECIALIZACION EN INVESTIGACION CRIMINAL  Y JUZGAMIENTO EN EL SISTEMA PENAL ACUSATORIO,Femenino,2010-1,2020,Dependiente,Administración pública y defensa; planes de seguridad social de afiliación obligatoria,"Entre 4,5 y 5 SMMLV",Entre 4 y 6 SMMLV,1
1719-Universidad Católica de Colombia,55037-ESPECIALIZACION EN INVESTIGACION CRIMINAL  Y JUZGAMIENTO EN EL SISTEMA PENAL ACUSATORIO,Femenino,2010-1,2020,Dependiente,Administración pública y defensa; planes de seguridad social de afiliación obligatoria,Entre 11 y 13 SMMLV,Más de 9 SMMLV,3
1719-Universidad Católica de Colombia,55037-ESPECIALIZACION EN INVESTIGACION CRIMINAL  Y JUZGAMIENTO EN EL SISTEMA PENAL ACUSATORIO,Femenino,2010-1,2020,Dependiente,Administración pública y defensa; planes de seguridad social de afiliación obligatoria,Entre 13 y 15 SMMLV,Más de 9 SMMLV,1
1719-Universidad Católica de Colombia,55037-ESPECIALIZACION EN INVESTIGACION CRIMINAL  Y JUZGAMIENTO EN EL SISTEMA PENAL ACUSATORIO,Femenino,2010-1,2020,Dependiente,Administración pública y defensa; planes de seguridad social de afiliación obligatoria,Más de 15 SMMLV,Más de 9 SMMLV,2
1719-Universidad Católica de Colombia,55037-ESPECIALIZACION EN INVESTIGACION CRIMINAL  Y JUZGAMIENTO EN EL SISTEMA PENAL ACUSATORIO,Femenino,2010-1,2020,Dependiente,Educación,1 SMMLV,1 SMMLV,2
1719-Universidad Católica de Colombia,55037-ESPECIALIZACION EN INVESTIGACION CRIMINAL  Y JUZGAMIENTO EN EL SISTEMA PENAL ACUSATORIO,Femenino,2010-1,2020,Dependiente,Educación,"Entre 1,5 y 2 SMMLV","Entre 1,5 y 2,5 SMMLV",1
1719-Universidad Católica de Colombia,55037-ESPECIALIZACION EN INVESTIGACION CRIMINAL  Y JUZGAMIENTO EN EL SISTEMA PENAL ACUSATORIO,Femenino,2010-1,2020,Dependiente,Educación,Entre 5 y 6 SMMLV,Entre 4 y 6 SMMLV,1
1719-Universidad Católica de Colombia,55037-ESPECIALIZACION EN INVESTIGACION CRIMINAL  Y JUZGAMIENTO EN EL SISTEMA PENAL ACUSATORIO,Femenino,2010-1,2021,Dependiente,Actividades de servicios administrativos y de apoyo,1 SMMLV,1 SMMLV,1
1719-Universidad Católica de Colombia,55037-ESPECIALIZACION EN INVESTIGACION CRIMINAL  Y JUZGAMIENTO EN EL SISTEMA PENAL ACUSATORIO,Femenino,2010-1,2021,Dependiente,"Actividades profesionales, científicas y técnicas","Entre 2 y 2 ,5 SMMLV","Entre 1,5 y 2,5 SMMLV",1
1719-Universidad Católica de Colombia,55037-ESPECIALIZACION EN INVESTIGACION CRIMINAL  Y JUZGAMIENTO EN EL SISTEMA PENAL ACUSATORIO,Femenino,2010-1,2021,Dependiente,"Actividades profesionales, científicas y técnicas","Entre 4 y 4,5 SMMLV",Entre 4 y 6 SMMLV,1
1719-Universidad Católica de Colombia,55037-ESPECIALIZACION EN INVESTIGACION CRIMINAL  Y JUZGAMIENTO EN EL SISTEMA PENAL ACUSATORIO,Femenino,2010-1,2021,Dependiente,"Actividades profesionales, científicas y técnicas",Entre 6 y 7 SMMLV,Entre 6 y 9 SMMLV,1
1719-Universidad Católica de Colombia,55037-ESPECIALIZACION EN INVESTIGACION CRIMINAL  Y JUZGAMIENTO EN EL SISTEMA PENAL ACUSATORIO,Femenino,2010-1,2021,Dependiente,"Actividades profesionales, científicas y técnicas",Entre 7 y 8 SMMLV,Entre 6 y 9 SMMLV,11
1719-Universidad Católica de Colombia,55037-ESPECIALIZACION EN INVESTIGACION CRIMINAL  Y JUZGAMIENTO EN EL SISTEMA PENAL ACUSATORIO,Femenino,2010-1,2021,Dependiente,"Actividades profesionales, científicas y técnicas",Entre 8 y 9 SMMLV,Entre 6 y 9 SMMLV,2
1719-Universidad Católica de Colombia,55037-ESPECIALIZACION EN INVESTIGACION CRIMINAL  Y JUZGAMIENTO EN EL SISTEMA PENAL ACUSATORIO,Femenino,2010-1,2021,Dependiente,"Actividades profesionales, científicas y técnicas",Entre 11 y 13 SMMLV,Más de 9 SMMLV,1
1719-Universidad Católica de Colombia,55037-ESPECIALIZACION EN INVESTIGACION CRIMINAL  Y JUZGAMIENTO EN EL SISTEMA PENAL ACUSATORIO,Femenino,2010-1,2021,Dependiente,"Actividades profesionales, científicas y técnicas",Entre 13 y 15 SMMLV,Más de 9 SMMLV,3
1719-Universidad Católica de Colombia,55037-ESPECIALIZACION EN INVESTIGACION CRIMINAL  Y JUZGAMIENTO EN EL SISTEMA PENAL ACUSATORIO,Femenino,2010-1,2021,Dependiente,"Actividades profesionales, científicas y técnicas",Más de 15 SMMLV,Más de 9 SMMLV,3
1719-Universidad Católica de Colombia,55037-ESPECIALIZACION EN INVESTIGACION CRIMINAL  Y JUZGAMIENTO EN EL SISTEMA PENAL ACUSATORIO,Femenino,2010-1,2021,Dependiente,Administración pública y defensa; planes de seguridad social de afiliación obligatoria,1 SMMLV,1 SMMLV,1
1719-Universidad Católica de Colombia,55037-ESPECIALIZACION EN INVESTIGACION CRIMINAL  Y JUZGAMIENTO EN EL SISTEMA PENAL ACUSATORIO,Femenino,2010-1,2021,Dependiente,Administración pública y defensa; planes de seguridad social de afiliación obligatoria,"Entre 4 y 4,5 SMMLV",Entre 4 y 6 SMMLV,1
1719-Universidad Católica de Colombia,55037-ESPECIALIZACION EN INVESTIGACION CRIMINAL  Y JUZGAMIENTO EN EL SISTEMA PENAL ACUSATORIO,Femenino,2010-1,2021,Dependiente,Administración pública y defensa; planes de seguridad social de afiliación obligatoria,Entre 6 y 7 SMMLV,Entre 6 y 9 SMMLV,1
1719-Universidad Católica de Colombia,55037-ESPECIALIZACION EN INVESTIGACION CRIMINAL  Y JUZGAMIENTO EN EL SISTEMA PENAL ACUSATORIO,Femenino,2010-1,2021,Dependiente,Administración pública y defensa; planes de seguridad social de afiliación obligatoria,Entre 11 y 13 SMMLV,Más de 9 SMMLV,1
1719-Universidad Católica de Colombia,55037-ESPECIALIZACION EN INVESTIGACION CRIMINAL  Y JUZGAMIENTO EN EL SISTEMA PENAL ACUSATORIO,Femenino,2010-1,2021,Dependiente,Administración pública y defensa; planes de seguridad social de afiliación obligatoria,Entre 13 y 15 SMMLV,Más de 9 SMMLV,2
1719-Universidad Católica de Colombia,55037-ESPECIALIZACION EN INVESTIGACION CRIMINAL  Y JUZGAMIENTO EN EL SISTEMA PENAL ACUSATORIO,Femenino,2010-1,2021,Dependiente,Administración pública y defensa; planes de seguridad social de afiliación obligatoria,Más de 15 SMMLV,Más de 9 SMMLV,3
1719-Universidad Católica de Colombia,55037-ESPECIALIZACION EN INVESTIGACION CRIMINAL  Y JUZGAMIENTO EN EL SISTEMA PENAL ACUSATORIO,Femenino,2010-1,2021,Dependiente,Educación,1 SMMLV,1 SMMLV,1
1719-Universidad Católica de Colombia,55037-ESPECIALIZACION EN INVESTIGACION CRIMINAL  Y JUZGAMIENTO EN EL SISTEMA PENAL ACUSATORIO,Femenino,2010-1,2021,Dependiente,Educación,"Entre 1 y 1,5 SMMLV","Entre 1 y 1,5 SMMLV",2
1719-Universidad Católica de Colombia,55037-ESPECIALIZACION EN INVESTIGACION CRIMINAL  Y JUZGAMIENTO EN EL SISTEMA PENAL ACUSATORIO,Femenino,2010-1,2021,Dependiente,Educación,"Entre 1,5 y 2 SMMLV","Entre 1,5 y 2,5 SMMLV",1
1719-Universidad Católica de Colombia,55037-ESPECIALIZACION EN INVESTIGACION CRIMINAL  Y JUZGAMIENTO EN EL SISTEMA PENAL ACUSATORIO,Femenino,2010-1,2022,Dependiente,Actividades de servicios administrativos y de apoyo,"Entre 2,5 y 3 SMMLV","Entre 2,5 y 4 SMMLV",1
1719-Universidad Católica de Colombia,55037-ESPECIALIZACION EN INVESTIGACION CRIMINAL  Y JUZGAMIENTO EN EL SISTEMA PENAL ACUSATORIO,Femenino,2010-1,2022,Dependiente,"Actividades profesionales, científicas y técnicas","Entre 2 y 2 ,5 SMMLV","Entre 1,5 y 2,5 SMMLV",1
1719-Universidad Católica de Colombia,55037-ESPECIALIZACION EN INVESTIGACION CRIMINAL  Y JUZGAMIENTO EN EL SISTEMA PENAL ACUSATORIO,Femenino,2010-1,2022,Dependiente,"Actividades profesionales, científicas y técnicas",Entre 5 y 6 SMMLV,Entre 4 y 6 SMMLV,1
1719-Universidad Católica de Colombia,55037-ESPECIALIZACION EN INVESTIGACION CRIMINAL  Y JUZGAMIENTO EN EL SISTEMA PENAL ACUSATORIO,Femenino,2010-1,2022,Dependiente,"Actividades profesionales, científicas y técnicas",Entre 6 y 7 SMMLV,Entre 6 y 9 SMMLV,2
1719-Universidad Católica de Colombia,55037-ESPECIALIZACION EN INVESTIGACION CRIMINAL  Y JUZGAMIENTO EN EL SISTEMA PENAL ACUSATORIO,Femenino,2010-1,2022,Dependiente,"Actividades profesionales, científicas y técnicas",Entre 7 y 8 SMMLV,Entre 6 y 9 SMMLV,9
1719-Universidad Católica de Colombia,55037-ESPECIALIZACION EN INVESTIGACION CRIMINAL  Y JUZGAMIENTO EN EL SISTEMA PENAL ACUSATORIO,Femenino,2010-1,2022,Dependiente,"Actividades profesionales, científicas y técnicas",Entre 8 y 9 SMMLV,Entre 6 y 9 SMMLV,2
1719-Universidad Católica de Colombia,55037-ESPECIALIZACION EN INVESTIGACION CRIMINAL  Y JUZGAMIENTO EN EL SISTEMA PENAL ACUSATORIO,Femenino,2010-1,2022,Dependiente,"Actividades profesionales, científicas y técnicas",Entre 11 y 13 SMMLV,Más de 9 SMMLV,1
1719-Universidad Católica de Colombia,55037-ESPECIALIZACION EN INVESTIGACION CRIMINAL  Y JUZGAMIENTO EN EL SISTEMA PENAL ACUSATORIO,Femenino,2010-1,2022,Dependiente,"Actividades profesionales, científicas y técnicas",Entre 13 y 15 SMMLV,Más de 9 SMMLV,2
1719-Universidad Católica de Colombia,55037-ESPECIALIZACION EN INVESTIGACION CRIMINAL  Y JUZGAMIENTO EN EL SISTEMA PENAL ACUSATORIO,Femenino,2010-1,2022,Dependiente,"Actividades profesionales, científicas y técnicas",Más de 15 SMMLV,Más de 9 SMMLV,3
1719-Universidad Católica de Colombia,55037-ESPECIALIZACION EN INVESTIGACION CRIMINAL  Y JUZGAMIENTO EN EL SISTEMA PENAL ACUSATORIO,Femenino,2010-1,2022,Dependiente,Administración pública y defensa; planes de seguridad social de afiliación obligatoria,"Entre 4 y 4,5 SMMLV",Entre 4 y 6 SMMLV,1
1719-Universidad Católica de Colombia,55037-ESPECIALIZACION EN INVESTIGACION CRIMINAL  Y JUZGAMIENTO EN EL SISTEMA PENAL ACUSATORIO,Femenino,2010-1,2022,Dependiente,Administración pública y defensa; planes de seguridad social de afiliación obligatoria,Entre 5 y 6 SMMLV,Entre 4 y 6 SMMLV,1
1719-Universidad Católica de Colombia,55037-ESPECIALIZACION EN INVESTIGACION CRIMINAL  Y JUZGAMIENTO EN EL SISTEMA PENAL ACUSATORIO,Femenino,2010-1,2022,Dependiente,Administración pública y defensa; planes de seguridad social de afiliación obligatoria,Entre 11 y 13 SMMLV,Más de 9 SMMLV,1
1719-Universidad Católica de Colombia,55037-ESPECIALIZACION EN INVESTIGACION CRIMINAL  Y JUZGAMIENTO EN EL SISTEMA PENAL ACUSATORIO,Femenino,2010-1,2022,Dependiente,Administración pública y defensa; planes de seguridad social de afiliación obligatoria,Entre 13 y 15 SMMLV,Más de 9 SMMLV,3
1719-Universidad Católica de Colombia,55037-ESPECIALIZACION EN INVESTIGACION CRIMINAL  Y JUZGAMIENTO EN EL SISTEMA PENAL ACUSATORIO,Femenino,2010-1,2022,Dependiente,Administración pública y defensa; planes de seguridad social de afiliación obligatoria,Más de 15 SMMLV,Más de 9 SMMLV,3
1719-Universidad Católica de Colombia,55037-ESPECIALIZACION EN INVESTIGACION CRIMINAL  Y JUZGAMIENTO EN EL SISTEMA PENAL ACUSATORIO,Femenino,2010-1,2022,Dependiente,Educación,"Entre 1 y 1,5 SMMLV","Entre 1 y 1,5 SMMLV",2
1719-Universidad Católica de Colombia,55037-ESPECIALIZACION EN INVESTIGACION CRIMINAL  Y JUZGAMIENTO EN EL SISTEMA PENAL ACUSATORIO,Femenino,2010-1,2022,Dependiente,Educación,"Entre 3 y 3,5 SMMLV","Entre 2,5 y 4 SMMLV",1
1719-Universidad Católica de Colombia,55037-ESPECIALIZACION EN INVESTIGACION CRIMINAL  Y JUZGAMIENTO EN EL SISTEMA PENAL ACUSATORIO,Femenino,2010-1,2022,Dependiente,Educación,Entre 6 y 7 SMMLV,Entre 6 y 9 SMMLV,1
1719-Universidad Católica de Colombia,55037-ESPECIALIZACION EN INVESTIGACION CRIMINAL  Y JUZGAMIENTO EN EL SISTEMA PENAL ACUSATORIO,Femenino,2010-1,2023,Dependiente,"Actividades profesionales, científicas y técnicas","Entre 2 y 2 ,5 SMMLV","Entre 1,5 y 2,5 SMMLV",1
1719-Universidad Católica de Colombia,55037-ESPECIALIZACION EN INVESTIGACION CRIMINAL  Y JUZGAMIENTO EN EL SISTEMA PENAL ACUSATORIO,Femenino,2010-1,2023,Dependiente,"Actividades profesionales, científicas y técnicas",Entre 6 y 7 SMMLV,Entre 6 y 9 SMMLV,1
1719-Universidad Católica de Colombia,55037-ESPECIALIZACION EN INVESTIGACION CRIMINAL  Y JUZGAMIENTO EN EL SISTEMA PENAL ACUSATORIO,Femenino,2010-1,2023,Dependiente,"Actividades profesionales, científicas y técnicas",Entre 13 y 15 SMMLV,Más de 9 SMMLV,2
1719-Universidad Católica de Colombia,55037-ESPECIALIZACION EN INVESTIGACION CRIMINAL  Y JUZGAMIENTO EN EL SISTEMA PENAL ACUSATORIO,Femenino,2010-1,2023,Dependiente,"Actividades profesionales, científicas y técnicas",Más de 15 SMMLV,Más de 9 SMMLV,3
1719-Universidad Católica de Colombia,55037-ESPECIALIZACION EN INVESTIGACION CRIMINAL  Y JUZGAMIENTO EN EL SISTEMA PENAL ACUSATORIO,Femenino,2010-1,2023,Dependiente,Administración pública y defensa; planes de seguridad social de afiliación obligatoria,"Entre 4 y 4,5 SMMLV",Entre 4 y 6 SMMLV,1
1719-Universidad Católica de Colombia,55037-ESPECIALIZACION EN INVESTIGACION CRIMINAL  Y JUZGAMIENTO EN EL SISTEMA PENAL ACUSATORIO,Femenino,2010-1,2023,Dependiente,Administración pública y defensa; planes de seguridad social de afiliación obligatoria,"Entre 4,5 y 5 SMMLV",Entre 4 y 6 SMMLV,1
1719-Universidad Católica de Colombia,55037-ESPECIALIZACION EN INVESTIGACION CRIMINAL  Y JUZGAMIENTO EN EL SISTEMA PENAL ACUSATORIO,Femenino,2010-1,2023,Dependiente,Administración pública y defensa; planes de seguridad social de afiliación obligatoria,Entre 5 y 6 SMMLV,Entre 4 y 6 SMMLV,2
1719-Universidad Católica de Colombia,55037-ESPECIALIZACION EN INVESTIGACION CRIMINAL  Y JUZGAMIENTO EN EL SISTEMA PENAL ACUSATORIO,Femenino,2010-1,2023,Dependiente,Administración pública y defensa; planes de seguridad social de afiliación obligatoria,Entre 7 y 8 SMMLV,Entre 6 y 9 SMMLV,8
1719-Universidad Católica de Colombia,55037-ESPECIALIZACION EN INVESTIGACION CRIMINAL  Y JUZGAMIENTO EN EL SISTEMA PENAL ACUSATORIO,Femenino,2010-1,2023,Dependiente,Administración pública y defensa; planes de seguridad social de afiliación obligatoria,Entre 8 y 9 SMMLV,Entre 6 y 9 SMMLV,1
1719-Universidad Católica de Colombia,55037-ESPECIALIZACION EN INVESTIGACION CRIMINAL  Y JUZGAMIENTO EN EL SISTEMA PENAL ACUSATORIO,Femenino,2010-1,2023,Dependiente,Administración pública y defensa; planes de seguridad social de afiliación obligatoria,Entre 11 y 13 SMMLV,Más de 9 SMMLV,1
1719-Universidad Católica de Colombia,55037-ESPECIALIZACION EN INVESTIGACION CRIMINAL  Y JUZGAMIENTO EN EL SISTEMA PENAL ACUSATORIO,Femenino,2010-1,2023,Dependiente,Administración pública y defensa; planes de seguridad social de afiliación obligatoria,Entre 13 y 15 SMMLV,Más de 9 SMMLV,4
1719-Universidad Católica de Colombia,55037-ESPECIALIZACION EN INVESTIGACION CRIMINAL  Y JUZGAMIENTO EN EL SISTEMA PENAL ACUSATORIO,Femenino,2010-1,2023,Dependiente,Administración pública y defensa; planes de seguridad social de afiliación obligatoria,Más de 15 SMMLV,Más de 9 SMMLV,4
1719-Universidad Católica de Colombia,55037-ESPECIALIZACION EN INVESTIGACION CRIMINAL  Y JUZGAMIENTO EN EL SISTEMA PENAL ACUSATORIO,Femenino,2010-1,2023,Dependiente,Educación,"Entre 1 y 1,5 SMMLV","Entre 1 y 1,5 SMMLV",1
1719-Universidad Católica de Colombia,55037-ESPECIALIZACION EN INVESTIGACION CRIMINAL  Y JUZGAMIENTO EN EL SISTEMA PENAL ACUSATORIO,Femenino,2010-1,2023,Dependiente,Educación,"Entre 2 y 2 ,5 SMMLV","Entre 1,5 y 2,5 SMMLV",1
1719-Universidad Católica de Colombia,55037-ESPECIALIZACION EN INVESTIGACION CRIMINAL  Y JUZGAMIENTO EN EL SISTEMA PENAL ACUSATORIO,Femenino,2010-1,2023,Dependiente,Educación,"Entre 3,5 y 4 SMMLV","Entre 2,5 y 4 SMMLV",1
1719-Universidad Católica de Colombia,55037-ESPECIALIZACION EN INVESTIGACION CRIMINAL  Y JUZGAMIENTO EN EL SISTEMA PENAL ACUSATORIO,Masculino,2010-1,2017,Dependiente,Actividades de servicios administrativos y de apoyo,"Entre 1 y 1,5 SMMLV","Entre 1 y 1,5 SMMLV",1
1719-Universidad Católica de Colombia,55037-ESPECIALIZACION EN INVESTIGACION CRIMINAL  Y JUZGAMIENTO EN EL SISTEMA PENAL ACUSATORIO,Masculino,2010-1,2017,Dependiente,Actividades de servicios administrativos y de apoyo,"Entre 2 y 2 ,5 SMMLV","Entre 1,5 y 2,5 SMMLV",1
1719-Universidad Católica de Colombia,55037-ESPECIALIZACION EN INVESTIGACION CRIMINAL  Y JUZGAMIENTO EN EL SISTEMA PENAL ACUSATORIO,Masculino,2010-1,2017,Dependiente,Actividades de servicios administrativos y de apoyo,"Entre 3,5 y 4 SMMLV","Entre 2,5 y 4 SMMLV",1
1719-Universidad Católica de Colombia,55037-ESPECIALIZACION EN INVESTIGACION CRIMINAL  Y JUZGAMIENTO EN EL SISTEMA PENAL ACUSATORIO,Masculino,2010-1,2017,Dependiente,Actividades de servicios administrativos y de apoyo,"Entre 4 y 4,5 SMMLV",Entre 4 y 6 SMMLV,1
1719-Universidad Católica de Colombia,55037-ESPECIALIZACION EN INVESTIGACION CRIMINAL  Y JUZGAMIENTO EN EL SISTEMA PENAL ACUSATORIO,Masculino,2010-1,2017,Dependiente,"Actividades profesionales, científicas y técnicas","Entre 2,5 y 3 SMMLV","Entre 2,5 y 4 SMMLV",1
1719-Universidad Católica de Colombia,55037-ESPECIALIZACION EN INVESTIGACION CRIMINAL  Y JUZGAMIENTO EN EL SISTEMA PENAL ACUSATORIO,Masculino,2010-1,2017,Dependiente,"Actividades profesionales, científicas y técnicas",Entre 5 y 6 SMMLV,Entre 4 y 6 SMMLV,1
1719-Universidad Católica de Colombia,55037-ESPECIALIZACION EN INVESTIGACION CRIMINAL  Y JUZGAMIENTO EN EL SISTEMA PENAL ACUSATORIO,Masculino,2010-1,2017,Dependiente,"Actividades profesionales, científicas y técnicas",Entre 7 y 8 SMMLV,Entre 6 y 9 SMMLV,6
1719-Universidad Católica de Colombia,55037-ESPECIALIZACION EN INVESTIGACION CRIMINAL  Y JUZGAMIENTO EN EL SISTEMA PENAL ACUSATORIO,Masculino,2010-1,2017,Dependiente,"Actividades profesionales, científicas y técnicas",Entre 8 y 9 SMMLV,Entre 6 y 9 SMMLV,7
1719-Universidad Católica de Colombia,55037-ESPECIALIZACION EN INVESTIGACION CRIMINAL  Y JUZGAMIENTO EN EL SISTEMA PENAL ACUSATORIO,Masculino,2010-1,2017,Dependiente,"Actividades profesionales, científicas y técnicas",Entre 9 y 11 SMMLV,Más de 9 SMMLV,1
1719-Universidad Católica de Colombia,55037-ESPECIALIZACION EN INVESTIGACION CRIMINAL  Y JUZGAMIENTO EN EL SISTEMA PENAL ACUSATORIO,Masculino,2010-1,2017,Dependiente,"Actividades profesionales, científicas y técnicas",Entre 11 y 13 SMMLV,Más de 9 SMMLV,5
1719-Universidad Católica de Colombia,55037-ESPECIALIZACION EN INVESTIGACION CRIMINAL  Y JUZGAMIENTO EN EL SISTEMA PENAL ACUSATORIO,Masculino,2010-1,2017,Dependiente,"Actividades profesionales, científicas y técnicas",Entre 13 y 15 SMMLV,Más de 9 SMMLV,4
1719-Universidad Católica de Colombia,55037-ESPECIALIZACION EN INVESTIGACION CRIMINAL  Y JUZGAMIENTO EN EL SISTEMA PENAL ACUSATORIO,Masculino,2010-1,2017,Dependiente,"Actividades profesionales, científicas y técnicas",Más de 15 SMMLV,Más de 9 SMMLV,3
1719-Universidad Católica de Colombia,55037-ESPECIALIZACION EN INVESTIGACION CRIMINAL  Y JUZGAMIENTO EN EL SISTEMA PENAL ACUSATORIO,Masculino,2010-1,2017,Dependiente,Administración pública y defensa; planes de seguridad social de afiliación obligatoria,1 SMMLV,1 SMMLV,1
1719-Universidad Católica de Colombia,55037-ESPECIALIZACION EN INVESTIGACION CRIMINAL  Y JUZGAMIENTO EN EL SISTEMA PENAL ACUSATORIO,Masculino,2010-1,2017,Dependiente,Administración pública y defensa; planes de seguridad social de afiliación obligatoria,Entre 5 y 6 SMMLV,Entre 4 y 6 SMMLV,1
1719-Universidad Católica de Colombia,55037-ESPECIALIZACION EN INVESTIGACION CRIMINAL  Y JUZGAMIENTO EN EL SISTEMA PENAL ACUSATORIO,Masculino,2010-1,2017,Dependiente,Administración pública y defensa; planes de seguridad social de afiliación obligatoria,Entre 11 y 13 SMMLV,Más de 9 SMMLV,2
1719-Universidad Católica de Colombia,55037-ESPECIALIZACION EN INVESTIGACION CRIMINAL  Y JUZGAMIENTO EN EL SISTEMA PENAL ACUSATORIO,Masculino,2010-1,2017,Dependiente,Administración pública y defensa; planes de seguridad social de afiliación obligatoria,Entre 13 y 15 SMMLV,Más de 9 SMMLV,4
1719-Universidad Católica de Colombia,55037-ESPECIALIZACION EN INVESTIGACION CRIMINAL  Y JUZGAMIENTO EN EL SISTEMA PENAL ACUSATORIO,Masculino,2010-1,2017,Dependiente,Administración pública y defensa; planes de seguridad social de afiliación obligatoria,Más de 15 SMMLV,Más de 9 SMMLV,1
1719-Universidad Católica de Colombia,55037-ESPECIALIZACION EN INVESTIGACION CRIMINAL  Y JUZGAMIENTO EN EL SISTEMA PENAL ACUSATORIO,Masculino,2010-1,2017,Dependiente,Educación,"Entre 1 y 1,5 SMMLV","Entre 1 y 1,5 SMMLV",2
1719-Universidad Católica de Colombia,55037-ESPECIALIZACION EN INVESTIGACION CRIMINAL  Y JUZGAMIENTO EN EL SISTEMA PENAL ACUSATORIO,Masculino,2010-1,2017,Dependiente,Educación,"Entre 1,5 y 2 SMMLV","Entre 1,5 y 2,5 SMMLV",1
1719-Universidad Católica de Colombia,55037-ESPECIALIZACION EN INVESTIGACION CRIMINAL  Y JUZGAMIENTO EN EL SISTEMA PENAL ACUSATORIO,Masculino,2010-1,2017,Dependiente,Educación,"Entre 2 y 2 ,5 SMMLV","Entre 1,5 y 2,5 SMMLV",1
1719-Universidad Católica de Colombia,55037-ESPECIALIZACION EN INVESTIGACION CRIMINAL  Y JUZGAMIENTO EN EL SISTEMA PENAL ACUSATORIO,Masculino,2010-1,2017,Dependiente,Educación,"Entre 3,5 y 4 SMMLV","Entre 2,5 y 4 SMMLV",1
1719-Universidad Católica de Colombia,55037-ESPECIALIZACION EN INVESTIGACION CRIMINAL  Y JUZGAMIENTO EN EL SISTEMA PENAL ACUSATORIO,Masculino,2010-1,2017,Dependiente,Educación,Entre 7 y 8 SMMLV,Entre 6 y 9 SMMLV,1
1719-Universidad Católica de Colombia,55037-ESPECIALIZACION EN INVESTIGACION CRIMINAL  Y JUZGAMIENTO EN EL SISTEMA PENAL ACUSATORIO,Masculino,2010-1,2017,Dependiente,Sin información,"Entre 4 y 4,5 SMMLV",Entre 4 y 6 SMMLV,1
1719-Universidad Católica de Colombia,55037-ESPECIALIZACION EN INVESTIGACION CRIMINAL  Y JUZGAMIENTO EN EL SISTEMA PENAL ACUSATORIO,Masculino,2010-1,2018,Dependiente,Actividades de servicios administrativos y de apoyo,"Entre 1 y 1,5 SMMLV","Entre 1 y 1,5 SMMLV",2
1719-Universidad Católica de Colombia,55037-ESPECIALIZACION EN INVESTIGACION CRIMINAL  Y JUZGAMIENTO EN EL SISTEMA PENAL ACUSATORIO,Masculino,2010-1,2018,Dependiente,Actividades de servicios administrativos y de apoyo,"Entre 1,5 y 2 SMMLV","Entre 1,5 y 2,5 SMMLV",1
1719-Universidad Católica de Colombia,55037-ESPECIALIZACION EN INVESTIGACION CRIMINAL  Y JUZGAMIENTO EN EL SISTEMA PENAL ACUSATORIO,Masculino,2010-1,2018,Dependiente,Actividades de servicios administrativos y de apoyo,"Entre 3,5 y 4 SMMLV","Entre 2,5 y 4 SMMLV",1
1719-Universidad Católica de Colombia,55037-ESPECIALIZACION EN INVESTIGACION CRIMINAL  Y JUZGAMIENTO EN EL SISTEMA PENAL ACUSATORIO,Masculino,2010-1,2018,Dependiente,"Actividades profesionales, científicas y técnicas","Entre 3,5 y 4 SMMLV","Entre 2,5 y 4 SMMLV",1
1719-Universidad Católica de Colombia,55037-ESPECIALIZACION EN INVESTIGACION CRIMINAL  Y JUZGAMIENTO EN EL SISTEMA PENAL ACUSATORIO,Masculino,2010-1,2018,Dependiente,"Actividades profesionales, científicas y técnicas",Entre 6 y 7 SMMLV,Entre 6 y 9 SMMLV,4
1719-Universidad Católica de Colombia,55037-ESPECIALIZACION EN INVESTIGACION CRIMINAL  Y JUZGAMIENTO EN EL SISTEMA PENAL ACUSATORIO,Masculino,2010-1,2018,Dependiente,"Actividades profesionales, científicas y técnicas",Entre 7 y 8 SMMLV,Entre 6 y 9 SMMLV,3
1719-Universidad Católica de Colombia,55037-ESPECIALIZACION EN INVESTIGACION CRIMINAL  Y JUZGAMIENTO EN EL SISTEMA PENAL ACUSATORIO,Masculino,2010-1,2018,Dependiente,"Actividades profesionales, científicas y técnicas",Entre 8 y 9 SMMLV,Entre 6 y 9 SMMLV,6
1719-Universidad Católica de Colombia,55037-ESPECIALIZACION EN INVESTIGACION CRIMINAL  Y JUZGAMIENTO EN EL SISTEMA PENAL ACUSATORIO,Masculino,2010-1,2018,Dependiente,"Actividades profesionales, científicas y técnicas",Entre 9 y 11 SMMLV,Más de 9 SMMLV,2
1719-Universidad Católica de Colombia,55037-ESPECIALIZACION EN INVESTIGACION CRIMINAL  Y JUZGAMIENTO EN EL SISTEMA PENAL ACUSATORIO,Masculino,2010-1,2018,Dependiente,"Actividades profesionales, científicas y técnicas",Entre 11 y 13 SMMLV,Más de 9 SMMLV,4
1719-Universidad Católica de Colombia,55037-ESPECIALIZACION EN INVESTIGACION CRIMINAL  Y JUZGAMIENTO EN EL SISTEMA PENAL ACUSATORIO,Masculino,2010-1,2018,Dependiente,"Actividades profesionales, científicas y técnicas",Entre 13 y 15 SMMLV,Más de 9 SMMLV,2
1719-Universidad Católica de Colombia,55037-ESPECIALIZACION EN INVESTIGACION CRIMINAL  Y JUZGAMIENTO EN EL SISTEMA PENAL ACUSATORIO,Masculino,2010-1,2018,Dependiente,"Actividades profesionales, científicas y técnicas",Más de 15 SMMLV,Más de 9 SMMLV,6
1719-Universidad Católica de Colombia,55037-ESPECIALIZACION EN INVESTIGACION CRIMINAL  Y JUZGAMIENTO EN EL SISTEMA PENAL ACUSATORIO,Masculino,2010-1,2018,Dependiente,Administración pública y defensa; planes de seguridad social de afiliación obligatoria,"Entre 4,5 y 5 SMMLV",Entre 4 y 6 SMMLV,1
1719-Universidad Católica de Colombia,55037-ESPECIALIZACION EN INVESTIGACION CRIMINAL  Y JUZGAMIENTO EN EL SISTEMA PENAL ACUSATORIO,Masculino,2010-1,2018,Dependiente,Administración pública y defensa; planes de seguridad social de afiliación obligatoria,Entre 11 y 13 SMMLV,Más de 9 SMMLV,2
1719-Universidad Católica de Colombia,55037-ESPECIALIZACION EN INVESTIGACION CRIMINAL  Y JUZGAMIENTO EN EL SISTEMA PENAL ACUSATORIO,Masculino,2010-1,2018,Dependiente,Administración pública y defensa; planes de seguridad social de afiliación obligatoria,Entre 13 y 15 SMMLV,Más de 9 SMMLV,4
1719-Universidad Católica de Colombia,55037-ESPECIALIZACION EN INVESTIGACION CRIMINAL  Y JUZGAMIENTO EN EL SISTEMA PENAL ACUSATORIO,Masculino,2010-1,2018,Dependiente,Administración pública y defensa; planes de seguridad social de afiliación obligatoria,Más de 15 SMMLV,Más de 9 SMMLV,1
1719-Universidad Católica de Colombia,55037-ESPECIALIZACION EN INVESTIGACION CRIMINAL  Y JUZGAMIENTO EN EL SISTEMA PENAL ACUSATORIO,Masculino,2010-1,2018,Dependiente,Educación,"Entre 1 y 1,5 SMMLV","Entre 1 y 1,5 SMMLV",3
1719-Universidad Católica de Colombia,55037-ESPECIALIZACION EN INVESTIGACION CRIMINAL  Y JUZGAMIENTO EN EL SISTEMA PENAL ACUSATORIO,Masculino,2010-1,2018,Dependiente,Educación,"Entre 1,5 y 2 SMMLV","Entre 1,5 y 2,5 SMMLV",1
1719-Universidad Católica de Colombia,55037-ESPECIALIZACION EN INVESTIGACION CRIMINAL  Y JUZGAMIENTO EN EL SISTEMA PENAL ACUSATORIO,Masculino,2010-1,2018,Dependiente,Educación,"Entre 2,5 y 3 SMMLV","Entre 2,5 y 4 SMMLV",1
1719-Universidad Católica de Colombia,55037-ESPECIALIZACION EN INVESTIGACION CRIMINAL  Y JUZGAMIENTO EN EL SISTEMA PENAL ACUSATORIO,Masculino,2010-1,2018,Dependiente,Educación,"Entre 3,5 y 4 SMMLV","Entre 2,5 y 4 SMMLV",1
1719-Universidad Católica de Colombia,55037-ESPECIALIZACION EN INVESTIGACION CRIMINAL  Y JUZGAMIENTO EN EL SISTEMA PENAL ACUSATORIO,Masculino,2010-1,2018,Dependiente,Educación,"Entre 4 y 4,5 SMMLV",Entre 4 y 6 SMMLV,1
1719-Universidad Católica de Colombia,55037-ESPECIALIZACION EN INVESTIGACION CRIMINAL  Y JUZGAMIENTO EN EL SISTEMA PENAL ACUSATORIO,Masculino,2010-1,2018,Dependiente,Educación,Entre 5 y 6 SMMLV,Entre 4 y 6 SMMLV,1
1719-Universidad Católica de Colombia,55037-ESPECIALIZACION EN INVESTIGACION CRIMINAL  Y JUZGAMIENTO EN EL SISTEMA PENAL ACUSATORIO,Masculino,2010-1,2018,Dependiente,Sin información,"Entre 2 y 2 ,5 SMMLV","Entre 1,5 y 2,5 SMMLV",1
1719-Universidad Católica de Colombia,55037-ESPECIALIZACION EN INVESTIGACION CRIMINAL  Y JUZGAMIENTO EN EL SISTEMA PENAL ACUSATORIO,Masculino,2010-1,2019,Dependiente,Actividades de servicios administrativos y de apoyo,"Entre 1 y 1,5 SMMLV","Entre 1 y 1,5 SMMLV",1
1719-Universidad Católica de Colombia,55037-ESPECIALIZACION EN INVESTIGACION CRIMINAL  Y JUZGAMIENTO EN EL SISTEMA PENAL ACUSATORIO,Masculino,2010-1,2019,Dependiente,Actividades de servicios administrativos y de apoyo,"Entre 1,5 y 2 SMMLV","Entre 1,5 y 2,5 SMMLV",2
1719-Universidad Católica de Colombia,55037-ESPECIALIZACION EN INVESTIGACION CRIMINAL  Y JUZGAMIENTO EN EL SISTEMA PENAL ACUSATORIO,Masculino,2010-1,2019,Dependiente,Actividades de servicios administrativos y de apoyo,"Entre 2 y 2 ,5 SMMLV","Entre 1,5 y 2,5 SMMLV",1
1719-Universidad Católica de Colombia,55037-ESPECIALIZACION EN INVESTIGACION CRIMINAL  Y JUZGAMIENTO EN EL SISTEMA PENAL ACUSATORIO,Masculino,2010-1,2019,Dependiente,Actividades de servicios administrativos y de apoyo,"Entre 3 y 3,5 SMMLV","Entre 2,5 y 4 SMMLV",1
1719-Universidad Católica de Colombia,55037-ESPECIALIZACION EN INVESTIGACION CRIMINAL  Y JUZGAMIENTO EN EL SISTEMA PENAL ACUSATORIO,Masculino,2010-1,2019,Dependiente,Actividades de servicios administrativos y de apoyo,"Entre 4 y 4,5 SMMLV",Entre 4 y 6 SMMLV,1
1719-Universidad Católica de Colombia,55037-ESPECIALIZACION EN INVESTIGACION CRIMINAL  Y JUZGAMIENTO EN EL SISTEMA PENAL ACUSATORIO,Masculino,2010-1,2019,Dependiente,Actividades de servicios administrativos y de apoyo,Entre 5 y 6 SMMLV,Entre 4 y 6 SMMLV,1
1719-Universidad Católica de Colombia,55037-ESPECIALIZACION EN INVESTIGACION CRIMINAL  Y JUZGAMIENTO EN EL SISTEMA PENAL ACUSATORIO,Masculino,2010-1,2019,Dependiente,"Actividades profesionales, científicas y técnicas","Entre 3,5 y 4 SMMLV","Entre 2,5 y 4 SMMLV",1
1719-Universidad Católica de Colombia,55037-ESPECIALIZACION EN INVESTIGACION CRIMINAL  Y JUZGAMIENTO EN EL SISTEMA PENAL ACUSATORIO,Masculino,2010-1,2019,Dependiente,"Actividades profesionales, científicas y técnicas",Entre 5 y 6 SMMLV,Entre 4 y 6 SMMLV,1
1719-Universidad Católica de Colombia,55037-ESPECIALIZACION EN INVESTIGACION CRIMINAL  Y JUZGAMIENTO EN EL SISTEMA PENAL ACUSATORIO,Masculino,2010-1,2019,Dependiente,"Actividades profesionales, científicas y técnicas",Entre 6 y 7 SMMLV,Entre 6 y 9 SMMLV,5
1719-Universidad Católica de Colombia,55037-ESPECIALIZACION EN INVESTIGACION CRIMINAL  Y JUZGAMIENTO EN EL SISTEMA PENAL ACUSATORIO,Masculino,2010-1,2019,Dependiente,"Actividades profesionales, científicas y técnicas",Entre 7 y 8 SMMLV,Entre 6 y 9 SMMLV,7
1719-Universidad Católica de Colombia,55037-ESPECIALIZACION EN INVESTIGACION CRIMINAL  Y JUZGAMIENTO EN EL SISTEMA PENAL ACUSATORIO,Masculino,2010-1,2019,Dependiente,"Actividades profesionales, científicas y técnicas",Entre 8 y 9 SMMLV,Entre 6 y 9 SMMLV,2
1719-Universidad Católica de Colombia,55037-ESPECIALIZACION EN INVESTIGACION CRIMINAL  Y JUZGAMIENTO EN EL SISTEMA PENAL ACUSATORIO,Masculino,2010-1,2019,Dependiente,"Actividades profesionales, científicas y técnicas",Entre 11 y 13 SMMLV,Más de 9 SMMLV,4
1719-Universidad Católica de Colombia,55037-ESPECIALIZACION EN INVESTIGACION CRIMINAL  Y JUZGAMIENTO EN EL SISTEMA PENAL ACUSATORIO,Masculino,2010-1,2019,Dependiente,"Actividades profesionales, científicas y técnicas",Entre 13 y 15 SMMLV,Más de 9 SMMLV,5
1719-Universidad Católica de Colombia,55037-ESPECIALIZACION EN INVESTIGACION CRIMINAL  Y JUZGAMIENTO EN EL SISTEMA PENAL ACUSATORIO,Masculino,2010-1,2019,Dependiente,"Actividades profesionales, científicas y técnicas",Más de 15 SMMLV,Más de 9 SMMLV,4
1719-Universidad Católica de Colombia,55037-ESPECIALIZACION EN INVESTIGACION CRIMINAL  Y JUZGAMIENTO EN EL SISTEMA PENAL ACUSATORIO,Masculino,2010-1,2019,Dependiente,Administración pública y defensa; planes de seguridad social de afiliación obligatoria,1 SMMLV,1 SMMLV,1
1719-Universidad Católica de Colombia,55037-ESPECIALIZACION EN INVESTIGACION CRIMINAL  Y JUZGAMIENTO EN EL SISTEMA PENAL ACUSATORIO,Masculino,2010-1,2019,Dependiente,Administración pública y defensa; planes de seguridad social de afiliación obligatoria,"Entre 4,5 y 5 SMMLV",Entre 4 y 6 SMMLV,1
1719-Universidad Católica de Colombia,55037-ESPECIALIZACION EN INVESTIGACION CRIMINAL  Y JUZGAMIENTO EN EL SISTEMA PENAL ACUSATORIO,Masculino,2010-1,2019,Dependiente,Administración pública y defensa; planes de seguridad social de afiliación obligatoria,Entre 11 y 13 SMMLV,Más de 9 SMMLV,3
1719-Universidad Católica de Colombia,55037-ESPECIALIZACION EN INVESTIGACION CRIMINAL  Y JUZGAMIENTO EN EL SISTEMA PENAL ACUSATORIO,Masculino,2010-1,2019,Dependiente,Administración pública y defensa; planes de seguridad social de afiliación obligatoria,Entre 13 y 15 SMMLV,Más de 9 SMMLV,5
1719-Universidad Católica de Colombia,55037-ESPECIALIZACION EN INVESTIGACION CRIMINAL  Y JUZGAMIENTO EN EL SISTEMA PENAL ACUSATORIO,Masculino,2010-1,2019,Dependiente,Educación,"Entre 1 y 1,5 SMMLV","Entre 1 y 1,5 SMMLV",2
1719-Universidad Católica de Colombia,55037-ESPECIALIZACION EN INVESTIGACION CRIMINAL  Y JUZGAMIENTO EN EL SISTEMA PENAL ACUSATORIO,Masculino,2010-1,2019,Dependiente,Educación,"Entre 1,5 y 2 SMMLV","Entre 1,5 y 2,5 SMMLV",2
1719-Universidad Católica de Colombia,55037-ESPECIALIZACION EN INVESTIGACION CRIMINAL  Y JUZGAMIENTO EN EL SISTEMA PENAL ACUSATORIO,Masculino,2010-1,2019,Dependiente,Educación,"Entre 3 y 3,5 SMMLV","Entre 2,5 y 4 SMMLV",1
1719-Universidad Católica de Colombia,55037-ESPECIALIZACION EN INVESTIGACION CRIMINAL  Y JUZGAMIENTO EN EL SISTEMA PENAL ACUSATORIO,Masculino,2010-1,2019,Dependiente,Educación,Entre 5 y 6 SMMLV,Entre 4 y 6 SMMLV,1
1719-Universidad Católica de Colombia,55037-ESPECIALIZACION EN INVESTIGACION CRIMINAL  Y JUZGAMIENTO EN EL SISTEMA PENAL ACUSATORIO,Masculino,2010-1,2020,Dependiente,Actividades de servicios administrativos y de apoyo,"Entre 3,5 y 4 SMMLV","Entre 2,5 y 4 SMMLV",1
1719-Universidad Católica de Colombia,55037-ESPECIALIZACION EN INVESTIGACION CRIMINAL  Y JUZGAMIENTO EN EL SISTEMA PENAL ACUSATORIO,Masculino,2010-1,2020,Dependiente,Actividades de servicios administrativos y de apoyo,Entre 5 y 6 SMMLV,Entre 4 y 6 SMMLV,1
1719-Universidad Católica de Colombia,55037-ESPECIALIZACION EN INVESTIGACION CRIMINAL  Y JUZGAMIENTO EN EL SISTEMA PENAL ACUSATORIO,Masculino,2010-1,2020,Dependiente,Actividades financieras y de seguros,1 SMMLV,1 SMMLV,1
1719-Universidad Católica de Colombia,55037-ESPECIALIZACION EN INVESTIGACION CRIMINAL  Y JUZGAMIENTO EN EL SISTEMA PENAL ACUSATORIO,Masculino,2010-1,2020,Dependiente,"Actividades profesionales, científicas y técnicas","Entre 1 y 1,5 SMMLV","Entre 1 y 1,5 SMMLV",1
1719-Universidad Católica de Colombia,55037-ESPECIALIZACION EN INVESTIGACION CRIMINAL  Y JUZGAMIENTO EN EL SISTEMA PENAL ACUSATORIO,Masculino,2010-1,2020,Dependiente,"Actividades profesionales, científicas y técnicas","Entre 2 y 2 ,5 SMMLV","Entre 1,5 y 2,5 SMMLV",1
1719-Universidad Católica de Colombia,55037-ESPECIALIZACION EN INVESTIGACION CRIMINAL  Y JUZGAMIENTO EN EL SISTEMA PENAL ACUSATORIO,Masculino,2010-1,2020,Dependiente,"Actividades profesionales, científicas y técnicas","Entre 3 y 3,5 SMMLV","Entre 2,5 y 4 SMMLV",1
1719-Universidad Católica de Colombia,55037-ESPECIALIZACION EN INVESTIGACION CRIMINAL  Y JUZGAMIENTO EN EL SISTEMA PENAL ACUSATORIO,Masculino,2010-1,2020,Dependiente,"Actividades profesionales, científicas y técnicas",Entre 6 y 7 SMMLV,Entre 6 y 9 SMMLV,3
1719-Universidad Católica de Colombia,55037-ESPECIALIZACION EN INVESTIGACION CRIMINAL  Y JUZGAMIENTO EN EL SISTEMA PENAL ACUSATORIO,Masculino,2010-1,2020,Dependiente,"Actividades profesionales, científicas y técnicas",Entre 7 y 8 SMMLV,Entre 6 y 9 SMMLV,9
1719-Universidad Católica de Colombia,55037-ESPECIALIZACION EN INVESTIGACION CRIMINAL  Y JUZGAMIENTO EN EL SISTEMA PENAL ACUSATORIO,Masculino,2010-1,2020,Dependiente,"Actividades profesionales, científicas y técnicas",Entre 8 y 9 SMMLV,Entre 6 y 9 SMMLV,2
1719-Universidad Católica de Colombia,55037-ESPECIALIZACION EN INVESTIGACION CRIMINAL  Y JUZGAMIENTO EN EL SISTEMA PENAL ACUSATORIO,Masculino,2010-1,2020,Dependiente,"Actividades profesionales, científicas y técnicas",Entre 11 y 13 SMMLV,Más de 9 SMMLV,6
1719-Universidad Católica de Colombia,55037-ESPECIALIZACION EN INVESTIGACION CRIMINAL  Y JUZGAMIENTO EN EL SISTEMA PENAL ACUSATORIO,Masculino,2010-1,2020,Dependiente,"Actividades profesionales, científicas y técnicas",Entre 13 y 15 SMMLV,Más de 9 SMMLV,6
1719-Universidad Católica de Colombia,55037-ESPECIALIZACION EN INVESTIGACION CRIMINAL  Y JUZGAMIENTO EN EL SISTEMA PENAL ACUSATORIO,Masculino,2010-1,2020,Dependiente,"Actividades profesionales, científicas y técnicas",Más de 15 SMMLV,Más de 9 SMMLV,5
1719-Universidad Católica de Colombia,55037-ESPECIALIZACION EN INVESTIGACION CRIMINAL  Y JUZGAMIENTO EN EL SISTEMA PENAL ACUSATORIO,Masculino,2010-1,2020,Dependiente,Administración pública y defensa; planes de seguridad social de afiliación obligatoria,1 SMMLV,1 SMMLV,1
1719-Universidad Católica de Colombia,55037-ESPECIALIZACION EN INVESTIGACION CRIMINAL  Y JUZGAMIENTO EN EL SISTEMA PENAL ACUSATORIO,Masculino,2010-1,2020,Dependiente,Administración pública y defensa; planes de seguridad social de afiliación obligatoria,Entre 11 y 13 SMMLV,Más de 9 SMMLV,2
1719-Universidad Católica de Colombia,55037-ESPECIALIZACION EN INVESTIGACION CRIMINAL  Y JUZGAMIENTO EN EL SISTEMA PENAL ACUSATORIO,Masculino,2010-1,2020,Dependiente,Administración pública y defensa; planes de seguridad social de afiliación obligatoria,Entre 13 y 15 SMMLV,Más de 9 SMMLV,2
1719-Universidad Católica de Colombia,55037-ESPECIALIZACION EN INVESTIGACION CRIMINAL  Y JUZGAMIENTO EN EL SISTEMA PENAL ACUSATORIO,Masculino,2010-1,2020,Dependiente,Educación,1 SMMLV,1 SMMLV,1
1719-Universidad Católica de Colombia,55037-ESPECIALIZACION EN INVESTIGACION CRIMINAL  Y JUZGAMIENTO EN EL SISTEMA PENAL ACUSATORIO,Masculino,2010-1,2020,Dependiente,Educación,"Entre 1 y 1,5 SMMLV","Entre 1 y 1,5 SMMLV",3
1719-Universidad Católica de Colombia,55037-ESPECIALIZACION EN INVESTIGACION CRIMINAL  Y JUZGAMIENTO EN EL SISTEMA PENAL ACUSATORIO,Masculino,2010-1,2020,Dependiente,Educación,Entre 5 y 6 SMMLV,Entre 4 y 6 SMMLV,1
1719-Universidad Católica de Colombia,55037-ESPECIALIZACION EN INVESTIGACION CRIMINAL  Y JUZGAMIENTO EN EL SISTEMA PENAL ACUSATORIO,Masculino,2010-1,2020,Dependiente,Educación,Entre 9 y 11 SMMLV,Más de 9 SMMLV,1
1719-Universidad Católica de Colombia,55037-ESPECIALIZACION EN INVESTIGACION CRIMINAL  Y JUZGAMIENTO EN EL SISTEMA PENAL ACUSATORIO,Masculino,2010-1,2021,Dependiente,Actividades de servicios administrativos y de apoyo,1 SMMLV,1 SMMLV,1
1719-Universidad Católica de Colombia,55037-ESPECIALIZACION EN INVESTIGACION CRIMINAL  Y JUZGAMIENTO EN EL SISTEMA PENAL ACUSATORIO,Masculino,2010-1,2021,Dependiente,Actividades de servicios administrativos y de apoyo,"Entre 1,5 y 2 SMMLV","Entre 1,5 y 2,5 SMMLV",2
1719-Universidad Católica de Colombia,55037-ESPECIALIZACION EN INVESTIGACION CRIMINAL  Y JUZGAMIENTO EN EL SISTEMA PENAL ACUSATORIO,Masculino,2010-1,2021,Dependiente,Actividades de servicios administrativos y de apoyo,"Entre 3,5 y 4 SMMLV","Entre 2,5 y 4 SMMLV",1
1719-Universidad Católica de Colombia,55037-ESPECIALIZACION EN INVESTIGACION CRIMINAL  Y JUZGAMIENTO EN EL SISTEMA PENAL ACUSATORIO,Masculino,2010-1,2021,Dependiente,"Actividades profesionales, científicas y técnicas","Entre 2 y 2 ,5 SMMLV","Entre 1,5 y 2,5 SMMLV",1
1719-Universidad Católica de Colombia,55037-ESPECIALIZACION EN INVESTIGACION CRIMINAL  Y JUZGAMIENTO EN EL SISTEMA PENAL ACUSATORIO,Masculino,2010-1,2021,Dependiente,"Actividades profesionales, científicas y técnicas","Entre 2,5 y 3 SMMLV","Entre 2,5 y 4 SMMLV",1
1719-Universidad Católica de Colombia,55037-ESPECIALIZACION EN INVESTIGACION CRIMINAL  Y JUZGAMIENTO EN EL SISTEMA PENAL ACUSATORIO,Masculino,2010-1,2021,Dependiente,"Actividades profesionales, científicas y técnicas",Entre 6 y 7 SMMLV,Entre 6 y 9 SMMLV,4
1719-Universidad Católica de Colombia,55037-ESPECIALIZACION EN INVESTIGACION CRIMINAL  Y JUZGAMIENTO EN EL SISTEMA PENAL ACUSATORIO,Masculino,2010-1,2021,Dependiente,"Actividades profesionales, científicas y técnicas",Entre 7 y 8 SMMLV,Entre 6 y 9 SMMLV,9
1719-Universidad Católica de Colombia,55037-ESPECIALIZACION EN INVESTIGACION CRIMINAL  Y JUZGAMIENTO EN EL SISTEMA PENAL ACUSATORIO,Masculino,2010-1,2021,Dependiente,"Actividades profesionales, científicas y técnicas",Entre 8 y 9 SMMLV,Entre 6 y 9 SMMLV,1
1719-Universidad Católica de Colombia,55037-ESPECIALIZACION EN INVESTIGACION CRIMINAL  Y JUZGAMIENTO EN EL SISTEMA PENAL ACUSATORIO,Masculino,2010-1,2021,Dependiente,"Actividades profesionales, científicas y técnicas",Entre 9 y 11 SMMLV,Más de 9 SMMLV,1
1719-Universidad Católica de Colombia,55037-ESPECIALIZACION EN INVESTIGACION CRIMINAL  Y JUZGAMIENTO EN EL SISTEMA PENAL ACUSATORIO,Masculino,2010-1,2021,Dependiente,"Actividades profesionales, científicas y técnicas",Entre 13 y 15 SMMLV,Más de 9 SMMLV,5
1719-Universidad Católica de Colombia,55037-ESPECIALIZACION EN INVESTIGACION CRIMINAL  Y JUZGAMIENTO EN EL SISTEMA PENAL ACUSATORIO,Masculino,2010-1,2021,Dependiente,"Actividades profesionales, científicas y técnicas",Más de 15 SMMLV,Más de 9 SMMLV,10
1719-Universidad Católica de Colombia,55037-ESPECIALIZACION EN INVESTIGACION CRIMINAL  Y JUZGAMIENTO EN EL SISTEMA PENAL ACUSATORIO,Masculino,2010-1,2021,Dependiente,Administración pública y defensa; planes de seguridad social de afiliación obligatoria,"Entre 2 y 2 ,5 SMMLV","Entre 1,5 y 2,5 SMMLV",1
1719-Universidad Católica de Colombia,55037-ESPECIALIZACION EN INVESTIGACION CRIMINAL  Y JUZGAMIENTO EN EL SISTEMA PENAL ACUSATORIO,Masculino,2010-1,2021,Dependiente,Administración pública y defensa; planes de seguridad social de afiliación obligatoria,Entre 5 y 6 SMMLV,Entre 4 y 6 SMMLV,1
1719-Universidad Católica de Colombia,55037-ESPECIALIZACION EN INVESTIGACION CRIMINAL  Y JUZGAMIENTO EN EL SISTEMA PENAL ACUSATORIO,Masculino,2010-1,2021,Dependiente,Administración pública y defensa; planes de seguridad social de afiliación obligatoria,Entre 13 y 15 SMMLV,Más de 9 SMMLV,1
1719-Universidad Católica de Colombia,55037-ESPECIALIZACION EN INVESTIGACION CRIMINAL  Y JUZGAMIENTO EN EL SISTEMA PENAL ACUSATORIO,Masculino,2010-1,2021,Dependiente,Administración pública y defensa; planes de seguridad social de afiliación obligatoria,Más de 15 SMMLV,Más de 9 SMMLV,2
1719-Universidad Católica de Colombia,55037-ESPECIALIZACION EN INVESTIGACION CRIMINAL  Y JUZGAMIENTO EN EL SISTEMA PENAL ACUSATORIO,Masculino,2010-1,2021,Dependiente,Educación,1 SMMLV,1 SMMLV,1
1719-Universidad Católica de Colombia,55037-ESPECIALIZACION EN INVESTIGACION CRIMINAL  Y JUZGAMIENTO EN EL SISTEMA PENAL ACUSATORIO,Masculino,2010-1,2021,Dependiente,Educación,"Entre 1 y 1,5 SMMLV","Entre 1 y 1,5 SMMLV",2
1719-Universidad Católica de Colombia,55037-ESPECIALIZACION EN INVESTIGACION CRIMINAL  Y JUZGAMIENTO EN EL SISTEMA PENAL ACUSATORIO,Masculino,2010-1,2021,Dependiente,Educación,"Entre 4,5 y 5 SMMLV",Entre 4 y 6 SMMLV,1
1719-Universidad Católica de Colombia,55037-ESPECIALIZACION EN INVESTIGACION CRIMINAL  Y JUZGAMIENTO EN EL SISTEMA PENAL ACUSATORIO,Masculino,2010-1,2021,Dependiente,Educación,Entre 11 y 13 SMMLV,Más de 9 SMMLV,1
1719-Universidad Católica de Colombia,55037-ESPECIALIZACION EN INVESTIGACION CRIMINAL  Y JUZGAMIENTO EN EL SISTEMA PENAL ACUSATORIO,Masculino,2010-1,2022,Dependiente,Actividades de servicios administrativos y de apoyo,"Entre 1 y 1,5 SMMLV","Entre 1 y 1,5 SMMLV",1
1719-Universidad Católica de Colombia,55037-ESPECIALIZACION EN INVESTIGACION CRIMINAL  Y JUZGAMIENTO EN EL SISTEMA PENAL ACUSATORIO,Masculino,2010-1,2022,Dependiente,Actividades de servicios administrativos y de apoyo,"Entre 2 y 2 ,5 SMMLV","Entre 1,5 y 2,5 SMMLV",1
1719-Universidad Católica de Colombia,55037-ESPECIALIZACION EN INVESTIGACION CRIMINAL  Y JUZGAMIENTO EN EL SISTEMA PENAL ACUSATORIO,Masculino,2010-1,2022,Dependiente,Actividades de servicios administrativos y de apoyo,Entre 5 y 6 SMMLV,Entre 4 y 6 SMMLV,1
1719-Universidad Católica de Colombia,55037-ESPECIALIZACION EN INVESTIGACION CRIMINAL  Y JUZGAMIENTO EN EL SISTEMA PENAL ACUSATORIO,Masculino,2010-1,2022,Dependiente,"Actividades profesionales, científicas y técnicas",1 SMMLV,1 SMMLV,1
1719-Universidad Católica de Colombia,55037-ESPECIALIZACION EN INVESTIGACION CRIMINAL  Y JUZGAMIENTO EN EL SISTEMA PENAL ACUSATORIO,Masculino,2010-1,2022,Dependiente,"Actividades profesionales, científicas y técnicas","Entre 2,5 y 3 SMMLV","Entre 2,5 y 4 SMMLV",1
1719-Universidad Católica de Colombia,55037-ESPECIALIZACION EN INVESTIGACION CRIMINAL  Y JUZGAMIENTO EN EL SISTEMA PENAL ACUSATORIO,Masculino,2010-1,2022,Dependiente,"Actividades profesionales, científicas y técnicas","Entre 4,5 y 5 SMMLV",Entre 4 y 6 SMMLV,1
1719-Universidad Católica de Colombia,55037-ESPECIALIZACION EN INVESTIGACION CRIMINAL  Y JUZGAMIENTO EN EL SISTEMA PENAL ACUSATORIO,Masculino,2010-1,2022,Dependiente,"Actividades profesionales, científicas y técnicas",Entre 6 y 7 SMMLV,Entre 6 y 9 SMMLV,2
1719-Universidad Católica de Colombia,55037-ESPECIALIZACION EN INVESTIGACION CRIMINAL  Y JUZGAMIENTO EN EL SISTEMA PENAL ACUSATORIO,Masculino,2010-1,2022,Dependiente,"Actividades profesionales, científicas y técnicas",Entre 7 y 8 SMMLV,Entre 6 y 9 SMMLV,8
1719-Universidad Católica de Colombia,55037-ESPECIALIZACION EN INVESTIGACION CRIMINAL  Y JUZGAMIENTO EN EL SISTEMA PENAL ACUSATORIO,Masculino,2010-1,2022,Dependiente,"Actividades profesionales, científicas y técnicas",Entre 8 y 9 SMMLV,Entre 6 y 9 SMMLV,2
1719-Universidad Católica de Colombia,55037-ESPECIALIZACION EN INVESTIGACION CRIMINAL  Y JUZGAMIENTO EN EL SISTEMA PENAL ACUSATORIO,Masculino,2010-1,2022,Dependiente,"Actividades profesionales, científicas y técnicas",Entre 13 y 15 SMMLV,Más de 9 SMMLV,5
1719-Universidad Católica de Colombia,55037-ESPECIALIZACION EN INVESTIGACION CRIMINAL  Y JUZGAMIENTO EN EL SISTEMA PENAL ACUSATORIO,Masculino,2010-1,2022,Dependiente,"Actividades profesionales, científicas y técnicas",Más de 15 SMMLV,Más de 9 SMMLV,10
1719-Universidad Católica de Colombia,55037-ESPECIALIZACION EN INVESTIGACION CRIMINAL  Y JUZGAMIENTO EN EL SISTEMA PENAL ACUSATORIO,Masculino,2010-1,2022,Dependiente,Administración pública y defensa; planes de seguridad social de afiliación obligatoria,"Entre 4 y 4,5 SMMLV",Entre 4 y 6 SMMLV,1
1719-Universidad Católica de Colombia,55037-ESPECIALIZACION EN INVESTIGACION CRIMINAL  Y JUZGAMIENTO EN EL SISTEMA PENAL ACUSATORIO,Masculino,2010-1,2022,Dependiente,Administración pública y defensa; planes de seguridad social de afiliación obligatoria,Entre 5 y 6 SMMLV,Entre 4 y 6 SMMLV,1
1719-Universidad Católica de Colombia,55037-ESPECIALIZACION EN INVESTIGACION CRIMINAL  Y JUZGAMIENTO EN EL SISTEMA PENAL ACUSATORIO,Masculino,2010-1,2022,Dependiente,Administración pública y defensa; planes de seguridad social de afiliación obligatoria,Entre 13 y 15 SMMLV,Más de 9 SMMLV,1
1719-Universidad Católica de Colombia,55037-ESPECIALIZACION EN INVESTIGACION CRIMINAL  Y JUZGAMIENTO EN EL SISTEMA PENAL ACUSATORIO,Masculino,2010-1,2022,Dependiente,Administración pública y defensa; planes de seguridad social de afiliación obligatoria,Más de 15 SMMLV,Más de 9 SMMLV,2
1719-Universidad Católica de Colombia,55037-ESPECIALIZACION EN INVESTIGACION CRIMINAL  Y JUZGAMIENTO EN EL SISTEMA PENAL ACUSATORIO,Masculino,2010-1,2022,Dependiente,Alojamiento y servicios de comida,"Entre 2 y 2 ,5 SMMLV","Entre 1,5 y 2,5 SMMLV",1
1719-Universidad Católica de Colombia,55037-ESPECIALIZACION EN INVESTIGACION CRIMINAL  Y JUZGAMIENTO EN EL SISTEMA PENAL ACUSATORIO,Masculino,2010-1,2022,Dependiente,Educación,"Entre 1 y 1,5 SMMLV","Entre 1 y 1,5 SMMLV",2
1719-Universidad Católica de Colombia,55037-ESPECIALIZACION EN INVESTIGACION CRIMINAL  Y JUZGAMIENTO EN EL SISTEMA PENAL ACUSATORIO,Masculino,2010-1,2022,Dependiente,Educación,"Entre 2 y 2 ,5 SMMLV","Entre 1,5 y 2,5 SMMLV",1
1719-Universidad Católica de Colombia,55037-ESPECIALIZACION EN INVESTIGACION CRIMINAL  Y JUZGAMIENTO EN EL SISTEMA PENAL ACUSATORIO,Masculino,2010-1,2022,Dependiente,Educación,Entre 11 y 13 SMMLV,Más de 9 SMMLV,1
1719-Universidad Católica de Colombia,55037-ESPECIALIZACION EN INVESTIGACION CRIMINAL  Y JUZGAMIENTO EN EL SISTEMA PENAL ACUSATORIO,Masculino,2010-1,2022,Dependiente,Otras actividades de servicios,"Entre 1 y 1,5 SMMLV","Entre 1 y 1,5 SMMLV",1
1719-Universidad Católica de Colombia,55037-ESPECIALIZACION EN INVESTIGACION CRIMINAL  Y JUZGAMIENTO EN EL SISTEMA PENAL ACUSATORIO,Masculino,2010-1,2023,Dependiente,Actividades de servicios administrativos y de apoyo,Entre 5 y 6 SMMLV,Entre 4 y 6 SMMLV,1
1719-Universidad Católica de Colombia,55037-ESPECIALIZACION EN INVESTIGACION CRIMINAL  Y JUZGAMIENTO EN EL SISTEMA PENAL ACUSATORIO,Masculino,2010-1,2023,Dependiente,"Actividades profesionales, científicas y técnicas","Entre 2 y 2 ,5 SMMLV","Entre 1,5 y 2,5 SMMLV",1
1719-Universidad Católica de Colombia,55037-ESPECIALIZACION EN INVESTIGACION CRIMINAL  Y JUZGAMIENTO EN EL SISTEMA PENAL ACUSATORIO,Masculino,2010-1,2023,Dependiente,"Actividades profesionales, científicas y técnicas","Entre 2,5 y 3 SMMLV","Entre 2,5 y 4 SMMLV",1
1719-Universidad Católica de Colombia,55037-ESPECIALIZACION EN INVESTIGACION CRIMINAL  Y JUZGAMIENTO EN EL SISTEMA PENAL ACUSATORIO,Masculino,2010-1,2023,Dependiente,"Actividades profesionales, científicas y técnicas",Entre 13 y 15 SMMLV,Más de 9 SMMLV,3
1719-Universidad Católica de Colombia,55037-ESPECIALIZACION EN INVESTIGACION CRIMINAL  Y JUZGAMIENTO EN EL SISTEMA PENAL ACUSATORIO,Masculino,2010-1,2023,Dependiente,"Actividades profesionales, científicas y técnicas",Más de 15 SMMLV,Más de 9 SMMLV,7
1719-Universidad Católica de Colombia,55037-ESPECIALIZACION EN INVESTIGACION CRIMINAL  Y JUZGAMIENTO EN EL SISTEMA PENAL ACUSATORIO,Masculino,2010-1,2023,Dependiente,Administración pública y defensa; planes de seguridad social de afiliación obligatoria,"Entre 3 y 3,5 SMMLV","Entre 2,5 y 4 SMMLV",1
1719-Universidad Católica de Colombia,55037-ESPECIALIZACION EN INVESTIGACION CRIMINAL  Y JUZGAMIENTO EN EL SISTEMA PENAL ACUSATORIO,Masculino,2010-1,2023,Dependiente,Administración pública y defensa; planes de seguridad social de afiliación obligatoria,Entre 5 y 6 SMMLV,Entre 4 y 6 SMMLV,1
1719-Universidad Católica de Colombia,55037-ESPECIALIZACION EN INVESTIGACION CRIMINAL  Y JUZGAMIENTO EN EL SISTEMA PENAL ACUSATORIO,Masculino,2010-1,2023,Dependiente,Administración pública y defensa; planes de seguridad social de afiliación obligatoria,Entre 6 y 7 SMMLV,Entre 6 y 9 SMMLV,1
1719-Universidad Católica de Colombia,55037-ESPECIALIZACION EN INVESTIGACION CRIMINAL  Y JUZGAMIENTO EN EL SISTEMA PENAL ACUSATORIO,Masculino,2010-1,2023,Dependiente,Administración pública y defensa; planes de seguridad social de afiliación obligatoria,Entre 7 y 8 SMMLV,Entre 6 y 9 SMMLV,8
1719-Universidad Católica de Colombia,55037-ESPECIALIZACION EN INVESTIGACION CRIMINAL  Y JUZGAMIENTO EN EL SISTEMA PENAL ACUSATORIO,Masculino,2010-1,2023,Dependiente,Administración pública y defensa; planes de seguridad social de afiliación obligatoria,Entre 8 y 9 SMMLV,Entre 6 y 9 SMMLV,1
1719-Universidad Católica de Colombia,55037-ESPECIALIZACION EN INVESTIGACION CRIMINAL  Y JUZGAMIENTO EN EL SISTEMA PENAL ACUSATORIO,Masculino,2010-1,2023,Dependiente,Administración pública y defensa; planes de seguridad social de afiliación obligatoria,Entre 9 y 11 SMMLV,Más de 9 SMMLV,1
1719-Universidad Católica de Colombia,55037-ESPECIALIZACION EN INVESTIGACION CRIMINAL  Y JUZGAMIENTO EN EL SISTEMA PENAL ACUSATORIO,Masculino,2010-1,2023,Dependiente,Administración pública y defensa; planes de seguridad social de afiliación obligatoria,Entre 13 y 15 SMMLV,Más de 9 SMMLV,4
1719-Universidad Católica de Colombia,55037-ESPECIALIZACION EN INVESTIGACION CRIMINAL  Y JUZGAMIENTO EN EL SISTEMA PENAL ACUSATORIO,Masculino,2010-1,2023,Dependiente,Alojamiento y servicios de comida,"Entre 4,5 y 5 SMMLV",Entre 4 y 6 SMMLV,1
1719-Universidad Católica de Colombia,55037-ESPECIALIZACION EN INVESTIGACION CRIMINAL  Y JUZGAMIENTO EN EL SISTEMA PENAL ACUSATORIO,Masculino,2010-1,2023,Dependiente,Comercio al por mayor y al por menor; reparación de vehículos automotores y motocicletas,Entre 8 y 9 SMMLV,Entre 6 y 9 SMMLV,1
1719-Universidad Católica de Colombia,55037-ESPECIALIZACION EN INVESTIGACION CRIMINAL  Y JUZGAMIENTO EN EL SISTEMA PENAL ACUSATORIO,Masculino,2010-1,2023,Dependiente,Comercio al por mayor y al por menor; reparación de vehículos automotores y motocicletas,Entre 13 y 15 SMMLV,Más de 9 SMMLV,2
1719-Universidad Católica de Colombia,55037-ESPECIALIZACION EN INVESTIGACION CRIMINAL  Y JUZGAMIENTO EN EL SISTEMA PENAL ACUSATORIO,Masculino,2010-1,2023,Dependiente,Comercio al por mayor y al por menor; reparación de vehículos automotores y motocicletas,Más de 15 SMMLV,Más de 9 SMMLV,3
1719-Universidad Católica de Colombia,55037-ESPECIALIZACION EN INVESTIGACION CRIMINAL  Y JUZGAMIENTO EN EL SISTEMA PENAL ACUSATORIO,Masculino,2010-1,2023,Dependiente,Construccion,1 SMMLV,1 SMMLV,1
1719-Universidad Católica de Colombia,55037-ESPECIALIZACION EN INVESTIGACION CRIMINAL  Y JUZGAMIENTO EN EL SISTEMA PENAL ACUSATORIO,Masculino,2010-1,2023,Dependiente,Educación,1 SMMLV,1 SMMLV,1
1719-Universidad Católica de Colombia,55037-ESPECIALIZACION EN INVESTIGACION CRIMINAL  Y JUZGAMIENTO EN EL SISTEMA PENAL ACUSATORIO,Masculino,2010-1,2023,Dependiente,Educación,"Entre 1 y 1,5 SMMLV","Entre 1 y 1,5 SMMLV",1
1719-Universidad Católica de Colombia,55037-ESPECIALIZACION EN INVESTIGACION CRIMINAL  Y JUZGAMIENTO EN EL SISTEMA PENAL ACUSATORIO,Masculino,2010-1,2023,Dependiente,Educación,"Entre 2,5 y 3 SMMLV","Entre 2,5 y 4 SMMLV",1
1719-Universidad Católica de Colombia,55037-ESPECIALIZACION EN INVESTIGACION CRIMINAL  Y JUZGAMIENTO EN EL SISTEMA PENAL ACUSATORIO,Masculino,2010-1,2023,Dependiente,Educación,"Entre 3 y 3,5 SMMLV","Entre 2,5 y 4 SMMLV",1
1719-Universidad Católica de Colombia,55037-ESPECIALIZACION EN INVESTIGACION CRIMINAL  Y JUZGAMIENTO EN EL SISTEMA PENAL ACUSATORIO,Masculino,2010-1,2023,Dependiente,Educación,"Entre 4,5 y 5 SMMLV",Entre 4 y 6 SMMLV,1
1818-Universidad Cooperativa de Colombia,19937-ESPECIALIZACION EN DOCENCIA UNIVERSITARIA,Femenino,2010-1,2016,Dependiente,Actividades de atención de la salud humana y de asistencia social,"Entre 2,5 y 3 SMMLV","Entre 2,5 y 4 SMMLV",1
1818-Universidad Cooperativa de Colombia,19937-ESPECIALIZACION EN DOCENCIA UNIVERSITARIA,Femenino,2010-1,2016,Dependiente,Administración pública y defensa; planes de seguridad social de afiliación obligatoria,"Entre 4 y 4,5 SMMLV",Entre 4 y 6 SMMLV,1
1818-Universidad Cooperativa de Colombia,19937-ESPECIALIZACION EN DOCENCIA UNIVERSITARIA,Femenino,2010-1,2016,Dependiente,Administración pública y defensa; planes de seguridad social de afiliación obligatoria,"Entre 4,5 y 5 SMMLV",Entre 4 y 6 SMMLV,4
1818-Universidad Cooperativa de Colombia,19937-ESPECIALIZACION EN DOCENCIA UNIVERSITARIA,Femenino,2010-1,2016,Dependiente,Educación,"Entre 2 y 2 ,5 SMMLV","Entre 1,5 y 2,5 SMMLV",1
1818-Universidad Cooperativa de Colombia,19937-ESPECIALIZACION EN DOCENCIA UNIVERSITARIA,Femenino,2010-1,2016,Dependiente,Educación,"Entre 4 y 4,5 SMMLV",Entre 4 y 6 SMMLV,1
1818-Universidad Cooperativa de Colombia,19937-ESPECIALIZACION EN DOCENCIA UNIVERSITARIA,Femenino,2010-1,2016,Dependiente,Educación,Entre 5 y 6 SMMLV,Entre 4 y 6 SMMLV,2
1818-Universidad Cooperativa de Colombia,19937-ESPECIALIZACION EN DOCENCIA UNIVERSITARIA,Femenino,2010-1,2016,Dependiente,Educación,Entre 11 y 13 SMMLV,Más de 9 SMMLV,1
1818-Universidad Cooperativa de Colombia,19937-ESPECIALIZACION EN DOCENCIA UNIVERSITARIA,Femenino,2010-1,2016,Dependiente,Información y comunicaciones,"Entre 1 y 1,5 SMMLV","Entre 1 y 1,5 SMMLV",1
1818-Universidad Cooperativa de Colombia,19937-ESPECIALIZACION EN DOCENCIA UNIVERSITARIA,Femenino,2010-1,2017,Dependiente,Actividades de servicios administrativos y de apoyo,Entre 6 y 7 SMMLV,Entre 6 y 9 SMMLV,1
1818-Universidad Cooperativa de Colombia,19937-ESPECIALIZACION EN DOCENCIA UNIVERSITARIA,Femenino,2010-1,2017,Dependiente,Administración pública y defensa; planes de seguridad social de afiliación obligatoria,"Entre 2 y 2 ,5 SMMLV","Entre 1,5 y 2,5 SMMLV",1
1818-Universidad Cooperativa de Colombia,19937-ESPECIALIZACION EN DOCENCIA UNIVERSITARIA,Femenino,2010-1,2017,Dependiente,Administración pública y defensa; planes de seguridad social de afiliación obligatoria,"Entre 4 y 4,5 SMMLV",Entre 4 y 6 SMMLV,3
1818-Universidad Cooperativa de Colombia,19937-ESPECIALIZACION EN DOCENCIA UNIVERSITARIA,Femenino,2010-1,2017,Dependiente,Construccion,"Entre 1 y 1,5 SMMLV","Entre 1 y 1,5 SMMLV",1
1818-Universidad Cooperativa de Colombia,19937-ESPECIALIZACION EN DOCENCIA UNIVERSITARIA,Femenino,2010-1,2017,Dependiente,Educación,1 SMMLV,1 SMMLV,1
1818-Universidad Cooperativa de Colombia,19937-ESPECIALIZACION EN DOCENCIA UNIVERSITARIA,Femenino,2010-1,2017,Dependiente,Educación,"Entre 3 y 3,5 SMMLV","Entre 2,5 y 4 SMMLV",1
1818-Universidad Cooperativa de Colombia,19937-ESPECIALIZACION EN DOCENCIA UNIVERSITARIA,Femenino,2010-1,2017,Dependiente,Información y comunicaciones,"Entre 1 y 1,5 SMMLV","Entre 1 y 1,5 SMMLV",1
1818-Universidad Cooperativa de Colombia,19937-ESPECIALIZACION EN DOCENCIA UNIVERSITARIA,Femenino,2010-1,2017,Dependiente,Sin información,Entre 5 y 6 SMMLV,Entre 4 y 6 SMMLV,2
1818-Universidad Cooperativa de Colombia,19937-ESPECIALIZACION EN DOCENCIA UNIVERSITARIA,Femenino,2010-1,2018,Dependiente,Actividades de servicios administrativos y de apoyo,Entre 5 y 6 SMMLV,Entre 4 y 6 SMMLV,1
1818-Universidad Cooperativa de Colombia,19937-ESPECIALIZACION EN DOCENCIA UNIVERSITARIA,Femenino,2010-1,2018,Dependiente,"Actividades profesionales, científicas y técnicas","Entre 3,5 y 4 SMMLV","Entre 2,5 y 4 SMMLV",1
1818-Universidad Cooperativa de Colombia,19937-ESPECIALIZACION EN DOCENCIA UNIVERSITARIA,Femenino,2010-1,2018,Dependiente,"Actividades profesionales, científicas y técnicas","Entre 4,5 y 5 SMMLV",Entre 4 y 6 SMMLV,2
1818-Universidad Cooperativa de Colombia,19937-ESPECIALIZACION EN DOCENCIA UNIVERSITARIA,Femenino,2010-1,2018,Dependiente,"Actividades profesionales, científicas y técnicas",Entre 6 y 7 SMMLV,Entre 6 y 9 SMMLV,1
1818-Universidad Cooperativa de Colombia,19937-ESPECIALIZACION EN DOCENCIA UNIVERSITARIA,Femenino,2010-1,2018,Dependiente,Administración pública y defensa; planes de seguridad social de afiliación obligatoria,"Entre 2 y 2 ,5 SMMLV","Entre 1,5 y 2,5 SMMLV",1
1818-Universidad Cooperativa de Colombia,19937-ESPECIALIZACION EN DOCENCIA UNIVERSITARIA,Femenino,2010-1,2018,Dependiente,Construccion,1 SMMLV,1 SMMLV,1
1818-Universidad Cooperativa de Colombia,19937-ESPECIALIZACION EN DOCENCIA UNIVERSITARIA,Femenino,2010-1,2018,Dependiente,Educación,Entre 7 y 8 SMMLV,Entre 6 y 9 SMMLV,1
1818-Universidad Cooperativa de Colombia,19937-ESPECIALIZACION EN DOCENCIA UNIVERSITARIA,Femenino,2010-1,2018,Dependiente,Sin información,Entre 5 y 6 SMMLV,Entre 4 y 6 SMMLV,1
1818-Universidad Cooperativa de Colombia,19937-ESPECIALIZACION EN DOCENCIA UNIVERSITARIA,Femenino,2010-1,2019,Dependiente,Actividades de atención de la salud humana y de asistencia social,"Entre 2,5 y 3 SMMLV","Entre 2,5 y 4 SMMLV",1
1818-Universidad Cooperativa de Colombia,19937-ESPECIALIZACION EN DOCENCIA UNIVERSITARIA,Femenino,2010-1,2019,Dependiente,"Actividades profesionales, científicas y técnicas",1 SMMLV,1 SMMLV,1
1818-Universidad Cooperativa de Colombia,19937-ESPECIALIZACION EN DOCENCIA UNIVERSITARIA,Femenino,2010-1,2019,Dependiente,"Actividades profesionales, científicas y técnicas","Entre 4,5 y 5 SMMLV",Entre 4 y 6 SMMLV,3
1818-Universidad Cooperativa de Colombia,19937-ESPECIALIZACION EN DOCENCIA UNIVERSITARIA,Femenino,2010-1,2019,Dependiente,Administración pública y defensa; planes de seguridad social de afiliación obligatoria,"Entre 2,5 y 3 SMMLV","Entre 2,5 y 4 SMMLV",1
1818-Universidad Cooperativa de Colombia,19937-ESPECIALIZACION EN DOCENCIA UNIVERSITARIA,Femenino,2010-1,2019,Dependiente,Administración pública y defensa; planes de seguridad social de afiliación obligatoria,"Entre 4,5 y 5 SMMLV",Entre 4 y 6 SMMLV,1
1818-Universidad Cooperativa de Colombia,19937-ESPECIALIZACION EN DOCENCIA UNIVERSITARIA,Femenino,2010-1,2019,Dependiente,Educación,Entre 5 y 6 SMMLV,Entre 4 y 6 SMMLV,1
1818-Universidad Cooperativa de Colombia,19937-ESPECIALIZACION EN DOCENCIA UNIVERSITARIA,Femenino,2010-1,2019,Dependiente,Educación,Entre 8 y 9 SMMLV,Entre 6 y 9 SMMLV,1
1818-Universidad Cooperativa de Colombia,19937-ESPECIALIZACION EN DOCENCIA UNIVERSITARIA,Femenino,2010-1,2019,Dependiente,Sin información,"Entre 3,5 y 4 SMMLV","Entre 2,5 y 4 SMMLV",1
1818-Universidad Cooperativa de Colombia,19937-ESPECIALIZACION EN DOCENCIA UNIVERSITARIA,Femenino,2010-1,2020,Dependiente,Actividades de atención de la salud humana y de asistencia social,"Entre 1 y 1,5 SMMLV","Entre 1 y 1,5 SMMLV",1
1818-Universidad Cooperativa de Colombia,19937-ESPECIALIZACION EN DOCENCIA UNIVERSITARIA,Femenino,2010-1,2020,Dependiente,Administración pública y defensa; planes de seguridad social de afiliación obligatoria,"Entre 4,5 y 5 SMMLV",Entre 4 y 6 SMMLV,3
1818-Universidad Cooperativa de Colombia,19937-ESPECIALIZACION EN DOCENCIA UNIVERSITARIA,Femenino,2010-1,2020,Dependiente,Administración pública y defensa; planes de seguridad social de afiliación obligatoria,Entre 5 y 6 SMMLV,Entre 4 y 6 SMMLV,1
1818-Universidad Cooperativa de Colombia,19937-ESPECIALIZACION EN DOCENCIA UNIVERSITARIA,Femenino,2010-1,2020,Dependiente,Educación,"Entre 2,5 y 3 SMMLV","Entre 2,5 y 4 SMMLV",1
1818-Universidad Cooperativa de Colombia,19937-ESPECIALIZACION EN DOCENCIA UNIVERSITARIA,Femenino,2010-1,2020,Dependiente,Educación,Entre 8 y 9 SMMLV,Entre 6 y 9 SMMLV,1
1818-Universidad Cooperativa de Colombia,19937-ESPECIALIZACION EN DOCENCIA UNIVERSITARIA,Femenino,2010-1,2020,Dependiente,Otras actividades de servicios,"Entre 2,5 y 3 SMMLV","Entre 2,5 y 4 SMMLV",1
1818-Universidad Cooperativa de Colombia,19937-ESPECIALIZACION EN DOCENCIA UNIVERSITARIA,Femenino,2010-1,2021,Dependiente,Actividades de atención de la salud humana y de asistencia social,"Entre 2,5 y 3 SMMLV","Entre 2,5 y 4 SMMLV",1
1818-Universidad Cooperativa de Colombia,19937-ESPECIALIZACION EN DOCENCIA UNIVERSITARIA,Femenino,2010-1,2021,Dependiente,Administración pública y defensa; planes de seguridad social de afiliación obligatoria,"Entre 4,5 y 5 SMMLV",Entre 4 y 6 SMMLV,3
1818-Universidad Cooperativa de Colombia,19937-ESPECIALIZACION EN DOCENCIA UNIVERSITARIA,Femenino,2010-1,2021,Dependiente,Administración pública y defensa; planes de seguridad social de afiliación obligatoria,Entre 5 y 6 SMMLV,Entre 4 y 6 SMMLV,1
1818-Universidad Cooperativa de Colombia,19937-ESPECIALIZACION EN DOCENCIA UNIVERSITARIA,Femenino,2010-1,2021,Dependiente,Educación,"Entre 4,5 y 5 SMMLV",Entre 4 y 6 SMMLV,1
1818-Universidad Cooperativa de Colombia,19937-ESPECIALIZACION EN DOCENCIA UNIVERSITARIA,Femenino,2010-1,2021,Dependiente,Industrias manufactureras,Entre 7 y 8 SMMLV,Entre 6 y 9 SMMLV,1
1818-Universidad Cooperativa de Colombia,19937-ESPECIALIZACION EN DOCENCIA UNIVERSITARIA,Femenino,2010-1,2022,Dependiente,Actividades de atención de la salud humana y de asistencia social,"Entre 2,5 y 3 SMMLV","Entre 2,5 y 4 SMMLV",1
1818-Universidad Cooperativa de Colombia,19937-ESPECIALIZACION EN DOCENCIA UNIVERSITARIA,Femenino,2010-1,2022,Dependiente,"Actividades profesionales, científicas y técnicas","Entre 4 y 4,5 SMMLV",Entre 4 y 6 SMMLV,2
1818-Universidad Cooperativa de Colombia,19937-ESPECIALIZACION EN DOCENCIA UNIVERSITARIA,Femenino,2010-1,2022,Dependiente,"Actividades profesionales, científicas y técnicas",Entre 5 y 6 SMMLV,Entre 4 y 6 SMMLV,1
1818-Universidad Cooperativa de Colombia,19937-ESPECIALIZACION EN DOCENCIA UNIVERSITARIA,Femenino,2010-1,2022,Dependiente,Administración pública y defensa; planes de seguridad social de afiliación obligatoria,"Entre 4,5 y 5 SMMLV",Entre 4 y 6 SMMLV,1
1818-Universidad Cooperativa de Colombia,19937-ESPECIALIZACION EN DOCENCIA UNIVERSITARIA,Femenino,2010-1,2022,Dependiente,Educación,Entre 5 y 6 SMMLV,Entre 4 y 6 SMMLV,1
1818-Universidad Cooperativa de Colombia,19937-ESPECIALIZACION EN DOCENCIA UNIVERSITARIA,Femenino,2010-1,2022,Dependiente,Industrias manufactureras,Entre 6 y 7 SMMLV,Entre 6 y 9 SMMLV,1
1818-Universidad Cooperativa de Colombia,19937-ESPECIALIZACION EN DOCENCIA UNIVERSITARIA,Femenino,2010-1,2023,Dependiente,Actividades financieras y de seguros,"Entre 2,5 y 3 SMMLV","Entre 2,5 y 4 SMMLV",1
1818-Universidad Cooperativa de Colombia,19937-ESPECIALIZACION EN DOCENCIA UNIVERSITARIA,Femenino,2010-1,2023,Dependiente,Administración pública y defensa; planes de seguridad social de afiliación obligatoria,"Entre 1,5 y 2 SMMLV","Entre 1,5 y 2,5 SMMLV",1
1818-Universidad Cooperativa de Colombia,19937-ESPECIALIZACION EN DOCENCIA UNIVERSITARIA,Femenino,2010-1,2023,Dependiente,Administración pública y defensa; planes de seguridad social de afiliación obligatoria,"Entre 4,5 y 5 SMMLV",Entre 4 y 6 SMMLV,2
1818-Universidad Cooperativa de Colombia,19937-ESPECIALIZACION EN DOCENCIA UNIVERSITARIA,Femenino,2010-1,2023,Dependiente,Administración pública y defensa; planes de seguridad social de afiliación obligatoria,Entre 5 y 6 SMMLV,Entre 4 y 6 SMMLV,1
1818-Universidad Cooperativa de Colombia,19937-ESPECIALIZACION EN DOCENCIA UNIVERSITARIA,Femenino,2010-1,2023,Dependiente,Educación,Entre 9 y 11 SMMLV,Más de 9 SMMLV,1
1818-Universidad Cooperativa de Colombia,19937-ESPECIALIZACION EN DOCENCIA UNIVERSITARIA,Femenino,2010-1,2023,Dependiente,Industrias manufactureras,Entre 5 y 6 SMMLV,Entre 4 y 6 SMMLV,1
1818-Universidad Cooperativa de Colombia,19937-ESPECIALIZACION EN DOCENCIA UNIVERSITARIA,Masculino,2010-1,2016,Dependiente,Actividades financieras y de seguros,Entre 5 y 6 SMMLV,Entre 4 y 6 SMMLV,1
1818-Universidad Cooperativa de Colombia,19937-ESPECIALIZACION EN DOCENCIA UNIVERSITARIA,Masculino,2010-1,2016,Dependiente,Administración pública y defensa; planes de seguridad social de afiliación obligatoria,"Entre 3,5 y 4 SMMLV","Entre 2,5 y 4 SMMLV",1
1818-Universidad Cooperativa de Colombia,19937-ESPECIALIZACION EN DOCENCIA UNIVERSITARIA,Masculino,2010-1,2016,Dependiente,Administración pública y defensa; planes de seguridad social de afiliación obligatoria,"Entre 4,5 y 5 SMMLV",Entre 4 y 6 SMMLV,1
1818-Universidad Cooperativa de Colombia,19937-ESPECIALIZACION EN DOCENCIA UNIVERSITARIA,Masculino,2010-1,2016,Dependiente,Administración pública y defensa; planes de seguridad social de afiliación obligatoria,Entre 7 y 8 SMMLV,Entre 6 y 9 SMMLV,1
1818-Universidad Cooperativa de Colombia,19937-ESPECIALIZACION EN DOCENCIA UNIVERSITARIA,Masculino,2010-1,2016,Dependiente,Administración pública y defensa; planes de seguridad social de afiliación obligatoria,Entre 8 y 9 SMMLV,Entre 6 y 9 SMMLV,1
1818-Universidad Cooperativa de Colombia,19937-ESPECIALIZACION EN DOCENCIA UNIVERSITARIA,Masculino,2010-1,2016,Dependiente,Educación,"Entre 1,5 y 2 SMMLV","Entre 1,5 y 2,5 SMMLV",1
1818-Universidad Cooperativa de Colombia,19937-ESPECIALIZACION EN DOCENCIA UNIVERSITARIA,Masculino,2010-1,2016,Dependiente,Educación,Entre 6 y 7 SMMLV,Entre 6 y 9 SMMLV,1
1818-Universidad Cooperativa de Colombia,19937-ESPECIALIZACION EN DOCENCIA UNIVERSITARIA,Masculino,2010-1,2017,Dependiente,Administración pública y defensa; planes de seguridad social de afiliación obligatoria,"Entre 3,5 y 4 SMMLV","Entre 2,5 y 4 SMMLV",1
1818-Universidad Cooperativa de Colombia,19937-ESPECIALIZACION EN DOCENCIA UNIVERSITARIA,Masculino,2010-1,2017,Dependiente,Administración pública y defensa; planes de seguridad social de afiliación obligatoria,"Entre 4 y 4,5 SMMLV",Entre 4 y 6 SMMLV,1
1818-Universidad Cooperativa de Colombia,19937-ESPECIALIZACION EN DOCENCIA UNIVERSITARIA,Masculino,2010-1,2017,Dependiente,Administración pública y defensa; planes de seguridad social de afiliación obligatoria,Entre 7 y 8 SMMLV,Entre 6 y 9 SMMLV,1
1818-Universidad Cooperativa de Colombia,19937-ESPECIALIZACION EN DOCENCIA UNIVERSITARIA,Masculino,2010-1,2017,Dependiente,"Agricultura, ganadería, caza, silvicultura y pesca",Entre 5 y 6 SMMLV,Entre 4 y 6 SMMLV,1
1818-Universidad Cooperativa de Colombia,19937-ESPECIALIZACION EN DOCENCIA UNIVERSITARIA,Masculino,2010-1,2017,Dependiente,Educación,"Entre 1 y 1,5 SMMLV","Entre 1 y 1,5 SMMLV",1
1818-Universidad Cooperativa de Colombia,19937-ESPECIALIZACION EN DOCENCIA UNIVERSITARIA,Masculino,2010-1,2017,Dependiente,Sin información,Entre 7 y 8 SMMLV,Entre 6 y 9 SMMLV,1
1818-Universidad Cooperativa de Colombia,19937-ESPECIALIZACION EN DOCENCIA UNIVERSITARIA,Masculino,2010-1,2018,Dependiente,Actividades de atención de la salud humana y de asistencia social,Entre 13 y 15 SMMLV,Más de 9 SMMLV,1
1818-Universidad Cooperativa de Colombia,19937-ESPECIALIZACION EN DOCENCIA UNIVERSITARIA,Masculino,2010-1,2018,Dependiente,"Actividades profesionales, científicas y técnicas","Entre 4,5 y 5 SMMLV",Entre 4 y 6 SMMLV,1
1818-Universidad Cooperativa de Colombia,19937-ESPECIALIZACION EN DOCENCIA UNIVERSITARIA,Masculino,2010-1,2018,Dependiente,Administración pública y defensa; planes de seguridad social de afiliación obligatoria,"Entre 3,5 y 4 SMMLV","Entre 2,5 y 4 SMMLV",1
1818-Universidad Cooperativa de Colombia,19937-ESPECIALIZACION EN DOCENCIA UNIVERSITARIA,Masculino,2010-1,2018,Dependiente,Administración pública y defensa; planes de seguridad social de afiliación obligatoria,Más de 15 SMMLV,Más de 9 SMMLV,1
1818-Universidad Cooperativa de Colombia,19937-ESPECIALIZACION EN DOCENCIA UNIVERSITARIA,Masculino,2010-1,2018,Dependiente,"Agricultura, ganadería, caza, silvicultura y pesca",Entre 5 y 6 SMMLV,Entre 4 y 6 SMMLV,1
1818-Universidad Cooperativa de Colombia,19937-ESPECIALIZACION EN DOCENCIA UNIVERSITARIA,Masculino,2010-1,2018,Dependiente,Educación,"Entre 1 y 1,5 SMMLV","Entre 1 y 1,5 SMMLV",1
1818-Universidad Cooperativa de Colombia,19937-ESPECIALIZACION EN DOCENCIA UNIVERSITARIA,Masculino,2010-1,2018,Dependiente,Sin información,Entre 8 y 9 SMMLV,Entre 6 y 9 SMMLV,1
1818-Universidad Cooperativa de Colombia,19937-ESPECIALIZACION EN DOCENCIA UNIVERSITARIA,Masculino,2010-1,2019,Dependiente,Actividades de atención de la salud humana y de asistencia social,Entre 13 y 15 SMMLV,Más de 9 SMMLV,1
1818-Universidad Cooperativa de Colombia,19937-ESPECIALIZACION EN DOCENCIA UNIVERSITARIA,Masculino,2010-1,2019,Dependiente,"Actividades profesionales, científicas y técnicas","Entre 4,5 y 5 SMMLV",Entre 4 y 6 SMMLV,1
1818-Universidad Cooperativa de Colombia,19937-ESPECIALIZACION EN DOCENCIA UNIVERSITARIA,Masculino,2010-1,2019,Dependiente,Administración pública y defensa; planes de seguridad social de afiliación obligatoria,"Entre 2,5 y 3 SMMLV","Entre 2,5 y 4 SMMLV",1
1818-Universidad Cooperativa de Colombia,19937-ESPECIALIZACION EN DOCENCIA UNIVERSITARIA,Masculino,2010-1,2019,Dependiente,Administración pública y defensa; planes de seguridad social de afiliación obligatoria,Entre 8 y 9 SMMLV,Entre 6 y 9 SMMLV,1
1818-Universidad Cooperativa de Colombia,19937-ESPECIALIZACION EN DOCENCIA UNIVERSITARIA,Masculino,2010-1,2019,Dependiente,Administración pública y defensa; planes de seguridad social de afiliación obligatoria,Entre 13 y 15 SMMLV,Más de 9 SMMLV,1
1818-Universidad Cooperativa de Colombia,19937-ESPECIALIZACION EN DOCENCIA UNIVERSITARIA,Masculino,2010-1,2019,Dependiente,"Agricultura, ganadería, caza, silvicultura y pesca",Entre 5 y 6 SMMLV,Entre 4 y 6 SMMLV,1
1818-Universidad Cooperativa de Colombia,19937-ESPECIALIZACION EN DOCENCIA UNIVERSITARIA,Masculino,2010-1,2019,Dependiente,Educación,"Entre 1 y 1,5 SMMLV","Entre 1 y 1,5 SMMLV",1
1818-Universidad Cooperativa de Colombia,19937-ESPECIALIZACION EN DOCENCIA UNIVERSITARIA,Masculino,2010-1,2020,Dependiente,Actividades de servicios administrativos y de apoyo,"Entre 1 y 1,5 SMMLV","Entre 1 y 1,5 SMMLV",1
1818-Universidad Cooperativa de Colombia,19937-ESPECIALIZACION EN DOCENCIA UNIVERSITARIA,Masculino,2010-1,2020,Dependiente,Actividades de servicios administrativos y de apoyo,Más de 15 SMMLV,Más de 9 SMMLV,1
1818-Universidad Cooperativa de Colombia,19937-ESPECIALIZACION EN DOCENCIA UNIVERSITARIA,Masculino,2010-1,2020,Dependiente,Administración pública y defensa; planes de seguridad social de afiliación obligatoria,"Entre 2,5 y 3 SMMLV","Entre 2,5 y 4 SMMLV",1
1818-Universidad Cooperativa de Colombia,19937-ESPECIALIZACION EN DOCENCIA UNIVERSITARIA,Masculino,2010-1,2020,Dependiente,Administración pública y defensa; planes de seguridad social de afiliación obligatoria,"Entre 4,5 y 5 SMMLV",Entre 4 y 6 SMMLV,1
1818-Universidad Cooperativa de Colombia,19937-ESPECIALIZACION EN DOCENCIA UNIVERSITARIA,Masculino,2010-1,2020,Dependiente,"Agricultura, ganadería, caza, silvicultura y pesca","Entre 4,5 y 5 SMMLV",Entre 4 y 6 SMMLV,1
1818-Universidad Cooperativa de Colombia,19937-ESPECIALIZACION EN DOCENCIA UNIVERSITARIA,Masculino,2010-1,2021,Dependiente,Actividades de atención de la salud humana y de asistencia social,Entre 8 y 9 SMMLV,Entre 6 y 9 SMMLV,1
1818-Universidad Cooperativa de Colombia,19937-ESPECIALIZACION EN DOCENCIA UNIVERSITARIA,Masculino,2010-1,2021,Dependiente,"Actividades profesionales, científicas y técnicas","Entre 3 y 3,5 SMMLV","Entre 2,5 y 4 SMMLV",1
1818-Universidad Cooperativa de Colombia,19937-ESPECIALIZACION EN DOCENCIA UNIVERSITARIA,Masculino,2010-1,2021,Dependiente,Administración pública y defensa; planes de seguridad social de afiliación obligatoria,"Entre 4,5 y 5 SMMLV",Entre 4 y 6 SMMLV,1
1818-Universidad Cooperativa de Colombia,19937-ESPECIALIZACION EN DOCENCIA UNIVERSITARIA,Masculino,2010-1,2021,Dependiente,"Agricultura, ganadería, caza, silvicultura y pesca",Entre 5 y 6 SMMLV,Entre 4 y 6 SMMLV,1
1818-Universidad Cooperativa de Colombia,19937-ESPECIALIZACION EN DOCENCIA UNIVERSITARIA,Masculino,2010-1,2021,Dependiente,Educación,1 SMMLV,1 SMMLV,1
1818-Universidad Cooperativa de Colombia,19937-ESPECIALIZACION EN DOCENCIA UNIVERSITARIA,Masculino,2010-1,2021,Dependiente,Educación,"Entre 1 y 1,5 SMMLV","Entre 1 y 1,5 SMMLV",1
1818-Universidad Cooperativa de Colombia,19937-ESPECIALIZACION EN DOCENCIA UNIVERSITARIA,Masculino,2010-1,2022,Dependiente,Actividades de atención de la salud humana y de asistencia social,Entre 11 y 13 SMMLV,Más de 9 SMMLV,1
1818-Universidad Cooperativa de Colombia,19937-ESPECIALIZACION EN DOCENCIA UNIVERSITARIA,Masculino,2010-1,2022,Dependiente,"Actividades profesionales, científicas y técnicas","Entre 4 y 4,5 SMMLV",Entre 4 y 6 SMMLV,1
1818-Universidad Cooperativa de Colombia,19937-ESPECIALIZACION EN DOCENCIA UNIVERSITARIA,Masculino,2010-1,2022,Dependiente,"Actividades profesionales, científicas y técnicas","Entre 4,5 y 5 SMMLV",Entre 4 y 6 SMMLV,1
1818-Universidad Cooperativa de Colombia,19937-ESPECIALIZACION EN DOCENCIA UNIVERSITARIA,Masculino,2010-1,2022,Dependiente,"Agricultura, ganadería, caza, silvicultura y pesca",Entre 5 y 6 SMMLV,Entre 4 y 6 SMMLV,1
1818-Universidad Cooperativa de Colombia,19937-ESPECIALIZACION EN DOCENCIA UNIVERSITARIA,Masculino,2010-1,2022,Dependiente,Educación,"Entre 3 y 3,5 SMMLV","Entre 2,5 y 4 SMMLV",1
1818-Universidad Cooperativa de Colombia,19937-ESPECIALIZACION EN DOCENCIA UNIVERSITARIA,Masculino,2010-1,2023,Dependiente,Actividades de atención de la salud humana y de asistencia social,Entre 11 y 13 SMMLV,Más de 9 SMMLV,1
1818-Universidad Cooperativa de Colombia,19937-ESPECIALIZACION EN DOCENCIA UNIVERSITARIA,Masculino,2010-1,2023,Dependiente,Administración pública y defensa; planes de seguridad social de afiliación obligatoria,"Entre 2,5 y 3 SMMLV","Entre 2,5 y 4 SMMLV",1
1818-Universidad Cooperativa de Colombia,19937-ESPECIALIZACION EN DOCENCIA UNIVERSITARIA,Masculino,2010-1,2023,Dependiente,Administración pública y defensa; planes de seguridad social de afiliación obligatoria,"Entre 4,5 y 5 SMMLV",Entre 4 y 6 SMMLV,1
1818-Universidad Cooperativa de Colombia,19937-ESPECIALIZACION EN DOCENCIA UNIVERSITARIA,Masculino,2010-1,2023,Dependiente,"Agricultura, ganadería, caza, silvicultura y pesca",Entre 5 y 6 SMMLV,Entre 4 y 6 SMMLV,1
1818-Universidad Cooperativa de Colombia,19937-ESPECIALIZACION EN DOCENCIA UNIVERSITARIA,Masculino,2010-1,2023,Dependiente,Educación,"Entre 1,5 y 2 SMMLV","Entre 1,5 y 2,5 SMMLV",1
2812-Universidad EAN,9517-ADMINISTRACION DE EMPRESAS,Femenino,2010-1,2016,Dependiente,Actividades de los hogares individuales en calidad de empleadores; actividades no diferenciadas de los hogares individuales como productores de bienes y servicios para uso propio,1 SMMLV,1 SMMLV,1
2812-Universidad EAN,9517-ADMINISTRACION DE EMPRESAS,Femenino,2010-1,2016,Dependiente,Actividades financieras y de seguros,Entre 5 y 6 SMMLV,Entre 4 y 6 SMMLV,1
2812-Universidad EAN,9517-ADMINISTRACION DE EMPRESAS,Femenino,2010-1,2016,Dependiente,Actividades financieras y de seguros,Entre 6 y 7 SMMLV,Entre 6 y 9 SMMLV,1
2812-Universidad EAN,9517-ADMINISTRACION DE EMPRESAS,Femenino,2010-1,2016,Dependiente,Comercio al por mayor y al por menor; reparación de vehículos automotores y motocicletas,1 SMMLV,1 SMMLV,1
2812-Universidad EAN,9517-ADMINISTRACION DE EMPRESAS,Femenino,2010-1,2016,Dependiente,Comercio al por mayor y al por menor; reparación de vehículos automotores y motocicletas,"Entre 2,5 y 3 SMMLV","Entre 2,5 y 4 SMMLV",1
2812-Universidad EAN,9517-ADMINISTRACION DE EMPRESAS,Femenino,2010-1,2016,Dependiente,Comercio al por mayor y al por menor; reparación de vehículos automotores y motocicletas,Entre 6 y 7 SMMLV,Entre 6 y 9 SMMLV,1
2812-Universidad EAN,9517-ADMINISTRACION DE EMPRESAS,Femenino,2010-1,2016,Dependiente,Comercio al por mayor y al por menor; reparación de vehículos automotores y motocicletas,Entre 8 y 9 SMMLV,Entre 6 y 9 SMMLV,1
2812-Universidad EAN,9517-ADMINISTRACION DE EMPRESAS,Femenino,2010-1,2016,Dependiente,Educación,"Entre 2,5 y 3 SMMLV","Entre 2,5 y 4 SMMLV",1
2812-Universidad EAN,9517-ADMINISTRACION DE EMPRESAS,Femenino,2010-1,2016,Dependiente,Información y comunicaciones,1 SMMLV,1 SMMLV,1
2812-Universidad EAN,9517-ADMINISTRACION DE EMPRESAS,Femenino,2010-1,2016,Dependiente,Información y comunicaciones,"Entre 1,5 y 2 SMMLV","Entre 1,5 y 2,5 SMMLV",1
2812-Universidad EAN,9517-ADMINISTRACION DE EMPRESAS,Femenino,2010-1,2016,Dependiente,Información y comunicaciones,Entre 9 y 11 SMMLV,Más de 9 SMMLV,2
2812-Universidad EAN,9517-ADMINISTRACION DE EMPRESAS,Femenino,2010-1,2016,Dependiente,Sin información,"Entre 2 y 2 ,5 SMMLV","Entre 1,5 y 2,5 SMMLV",1
2812-Universidad EAN,9517-ADMINISTRACION DE EMPRESAS,Femenino,2010-1,2016,Dependiente,Sin información,Entre 9 y 11 SMMLV,Más de 9 SMMLV,1
2812-Universidad EAN,9517-ADMINISTRACION DE EMPRESAS,Femenino,2010-1,2017,Dependiente,"Actividades profesionales, científicas y técnicas","Entre 2 y 2 ,5 SMMLV","Entre 1,5 y 2,5 SMMLV",1
2812-Universidad EAN,9517-ADMINISTRACION DE EMPRESAS,Femenino,2010-1,2017,Dependiente,Comercio al por mayor y al por menor; reparación de vehículos automotores y motocicletas,"Entre 1 y 1,5 SMMLV","Entre 1 y 1,5 SMMLV",2
2812-Universidad EAN,9517-ADMINISTRACION DE EMPRESAS,Femenino,2010-1,2017,Dependiente,Comercio al por mayor y al por menor; reparación de vehículos automotores y motocicletas,Entre 6 y 7 SMMLV,Entre 6 y 9 SMMLV,1
2812-Universidad EAN,9517-ADMINISTRACION DE EMPRESAS,Femenino,2010-1,2017,Dependiente,Comercio al por mayor y al por menor; reparación de vehículos automotores y motocicletas,Entre 7 y 8 SMMLV,Entre 6 y 9 SMMLV,1
2812-Universidad EAN,9517-ADMINISTRACION DE EMPRESAS,Femenino,2010-1,2017,Dependiente,Educación,"Entre 2,5 y 3 SMMLV","Entre 2,5 y 4 SMMLV",1
2812-Universidad EAN,9517-ADMINISTRACION DE EMPRESAS,Femenino,2010-1,2017,Dependiente,Industrias manufactureras,"Entre 1,5 y 2 SMMLV","Entre 1,5 y 2,5 SMMLV",1
2812-Universidad EAN,9517-ADMINISTRACION DE EMPRESAS,Femenino,2010-1,2017,Dependiente,Información y comunicaciones,"Entre 2,5 y 3 SMMLV","Entre 2,5 y 4 SMMLV",1
2812-Universidad EAN,9517-ADMINISTRACION DE EMPRESAS,Femenino,2010-1,2017,Dependiente,Información y comunicaciones,Entre 9 y 11 SMMLV,Más de 9 SMMLV,1
2812-Universidad EAN,9517-ADMINISTRACION DE EMPRESAS,Femenino,2010-1,2017,Dependiente,Sin información,1 SMMLV,1 SMMLV,1
2812-Universidad EAN,9517-ADMINISTRACION DE EMPRESAS,Femenino,2010-1,2017,Dependiente,Sin información,"Entre 1 y 1,5 SMMLV","Entre 1 y 1,5 SMMLV",1
2812-Universidad EAN,9517-ADMINISTRACION DE EMPRESAS,Femenino,2010-1,2017,Dependiente,Sin información,"Entre 3 y 3,5 SMMLV","Entre 2,5 y 4 SMMLV",1
2812-Universidad EAN,9517-ADMINISTRACION DE EMPRESAS,Femenino,2010-1,2017,Dependiente,Sin información,Entre 5 y 6 SMMLV,Entre 4 y 6 SMMLV,1
2812-Universidad EAN,9517-ADMINISTRACION DE EMPRESAS,Femenino,2010-1,2017,Dependiente,Sin información,Entre 7 y 8 SMMLV,Entre 6 y 9 SMMLV,2
2812-Universidad EAN,9517-ADMINISTRACION DE EMPRESAS,Femenino,2010-1,2018,Dependiente,"Actividades profesionales, científicas y técnicas","Entre 2 y 2 ,5 SMMLV","Entre 1,5 y 2,5 SMMLV",1
2812-Universidad EAN,9517-ADMINISTRACION DE EMPRESAS,Femenino,2010-1,2018,Dependiente,Comercio al por mayor y al por menor; reparación de vehículos automotores y motocicletas,"Entre 1 y 1,5 SMMLV","Entre 1 y 1,5 SMMLV",1
2812-Universidad EAN,9517-ADMINISTRACION DE EMPRESAS,Femenino,2010-1,2018,Dependiente,Comercio al por mayor y al por menor; reparación de vehículos automotores y motocicletas,Entre 6 y 7 SMMLV,Entre 6 y 9 SMMLV,1
2812-Universidad EAN,9517-ADMINISTRACION DE EMPRESAS,Femenino,2010-1,2018,Dependiente,Comercio al por mayor y al por menor; reparación de vehículos automotores y motocicletas,Entre 8 y 9 SMMLV,Entre 6 y 9 SMMLV,1
2812-Universidad EAN,9517-ADMINISTRACION DE EMPRESAS,Femenino,2010-1,2018,Dependiente,Educación,"Entre 2,5 y 3 SMMLV","Entre 2,5 y 4 SMMLV",1
2812-Universidad EAN,9517-ADMINISTRACION DE EMPRESAS,Femenino,2010-1,2018,Dependiente,Explotación de minas y canteras,Entre 9 y 11 SMMLV,Más de 9 SMMLV,1
2812-Universidad EAN,9517-ADMINISTRACION DE EMPRESAS,Femenino,2010-1,2018,Dependiente,Industrias manufactureras,"Entre 1 y 1,5 SMMLV","Entre 1 y 1,5 SMMLV",1
2812-Universidad EAN,9517-ADMINISTRACION DE EMPRESAS,Femenino,2010-1,2018,Dependiente,Información y comunicaciones,"Entre 2 y 2 ,5 SMMLV","Entre 1,5 y 2,5 SMMLV",1
2812-Universidad EAN,9517-ADMINISTRACION DE EMPRESAS,Femenino,2010-1,2018,Dependiente,Información y comunicaciones,Entre 9 y 11 SMMLV,Más de 9 SMMLV,1
2812-Universidad EAN,9517-ADMINISTRACION DE EMPRESAS,Femenino,2010-1,2018,Dependiente,Sin información,"Entre 1 y 1,5 SMMLV","Entre 1 y 1,5 SMMLV",1
2812-Universidad EAN,9517-ADMINISTRACION DE EMPRESAS,Femenino,2010-1,2018,Dependiente,Sin información,Entre 5 y 6 SMMLV,Entre 4 y 6 SMMLV,2
2812-Universidad EAN,9517-ADMINISTRACION DE EMPRESAS,Femenino,2010-1,2018,Dependiente,Sin información,Entre 7 y 8 SMMLV,Entre 6 y 9 SMMLV,1
2812-Universidad EAN,9517-ADMINISTRACION DE EMPRESAS,Femenino,2010-1,2019,Dependiente,Actividades de servicios administrativos y de apoyo,"Entre 2 y 2 ,5 SMMLV","Entre 1,5 y 2,5 SMMLV",1
2812-Universidad EAN,9517-ADMINISTRACION DE EMPRESAS,Femenino,2010-1,2019,Dependiente,"Actividades profesionales, científicas y técnicas",1 SMMLV,1 SMMLV,1
2812-Universidad EAN,9517-ADMINISTRACION DE EMPRESAS,Femenino,2010-1,2019,Dependiente,"Actividades profesionales, científicas y técnicas",Entre 8 y 9 SMMLV,Entre 6 y 9 SMMLV,1
2812-Universidad EAN,9517-ADMINISTRACION DE EMPRESAS,Femenino,2010-1,2019,Dependiente,Administración pública y defensa; planes de seguridad social de afiliación obligatoria,"Entre 4,5 y 5 SMMLV",Entre 4 y 6 SMMLV,1
2812-Universidad EAN,9517-ADMINISTRACION DE EMPRESAS,Femenino,2010-1,2019,Dependiente,Administración pública y defensa; planes de seguridad social de afiliación obligatoria,Entre 5 y 6 SMMLV,Entre 4 y 6 SMMLV,1
2812-Universidad EAN,9517-ADMINISTRACION DE EMPRESAS,Femenino,2010-1,2019,Dependiente,Comercio al por mayor y al por menor; reparación de vehículos automotores y motocicletas,"Entre 1 y 1,5 SMMLV","Entre 1 y 1,5 SMMLV",1
2812-Universidad EAN,9517-ADMINISTRACION DE EMPRESAS,Femenino,2010-1,2019,Dependiente,Comercio al por mayor y al por menor; reparación de vehículos automotores y motocicletas,"Entre 3,5 y 4 SMMLV","Entre 2,5 y 4 SMMLV",1
2812-Universidad EAN,9517-ADMINISTRACION DE EMPRESAS,Femenino,2010-1,2019,Dependiente,Comercio al por mayor y al por menor; reparación de vehículos automotores y motocicletas,Entre 5 y 6 SMMLV,Entre 4 y 6 SMMLV,1
2812-Universidad EAN,9517-ADMINISTRACION DE EMPRESAS,Femenino,2010-1,2019,Dependiente,Comercio al por mayor y al por menor; reparación de vehículos automotores y motocicletas,Entre 6 y 7 SMMLV,Entre 6 y 9 SMMLV,1
2812-Universidad EAN,9517-ADMINISTRACION DE EMPRESAS,Femenino,2010-1,2019,Dependiente,Educación,"Entre 2,5 y 3 SMMLV","Entre 2,5 y 4 SMMLV",1
2812-Universidad EAN,9517-ADMINISTRACION DE EMPRESAS,Femenino,2010-1,2019,Dependiente,Explotación de minas y canteras,Entre 9 y 11 SMMLV,Más de 9 SMMLV,1
2812-Universidad EAN,9517-ADMINISTRACION DE EMPRESAS,Femenino,2010-1,2019,Dependiente,Información y comunicaciones,"Entre 2 y 2 ,5 SMMLV","Entre 1,5 y 2,5 SMMLV",1
2812-Universidad EAN,9517-ADMINISTRACION DE EMPRESAS,Femenino,2010-1,2019,Dependiente,Información y comunicaciones,Entre 9 y 11 SMMLV,Más de 9 SMMLV,1
2812-Universidad EAN,9517-ADMINISTRACION DE EMPRESAS,Femenino,2010-1,2020,Dependiente,Actividades financieras y de seguros,Entre 7 y 8 SMMLV,Entre 6 y 9 SMMLV,1
2812-Universidad EAN,9517-ADMINISTRACION DE EMPRESAS,Femenino,2010-1,2020,Dependiente,Administración pública y defensa; planes de seguridad social de afiliación obligatoria,"Entre 4,5 y 5 SMMLV",Entre 4 y 6 SMMLV,1
2812-Universidad EAN,9517-ADMINISTRACION DE EMPRESAS,Femenino,2010-1,2020,Dependiente,Administración pública y defensa; planes de seguridad social de afiliación obligatoria,Entre 6 y 7 SMMLV,Entre 6 y 9 SMMLV,1
2812-Universidad EAN,9517-ADMINISTRACION DE EMPRESAS,Femenino,2010-1,2020,Dependiente,Comercio al por mayor y al por menor; reparación de vehículos automotores y motocicletas,"Entre 1 y 1,5 SMMLV","Entre 1 y 1,5 SMMLV",2
2812-Universidad EAN,9517-ADMINISTRACION DE EMPRESAS,Femenino,2010-1,2020,Dependiente,Comercio al por mayor y al por menor; reparación de vehículos automotores y motocicletas,"Entre 3,5 y 4 SMMLV","Entre 2,5 y 4 SMMLV",1
2812-Universidad EAN,9517-ADMINISTRACION DE EMPRESAS,Femenino,2010-1,2020,Dependiente,Comercio al por mayor y al por menor; reparación de vehículos automotores y motocicletas,Entre 5 y 6 SMMLV,Entre 4 y 6 SMMLV,1
2812-Universidad EAN,9517-ADMINISTRACION DE EMPRESAS,Femenino,2010-1,2020,Dependiente,Comercio al por mayor y al por menor; reparación de vehículos automotores y motocicletas,Entre 9 y 11 SMMLV,Más de 9 SMMLV,1
2812-Universidad EAN,9517-ADMINISTRACION DE EMPRESAS,Femenino,2010-1,2020,Dependiente,Construccion,"Entre 1 y 1,5 SMMLV","Entre 1 y 1,5 SMMLV",1
2812-Universidad EAN,9517-ADMINISTRACION DE EMPRESAS,Femenino,2010-1,2020,Dependiente,Educación,"Entre 1,5 y 2 SMMLV","Entre 1,5 y 2,5 SMMLV",1
2812-Universidad EAN,9517-ADMINISTRACION DE EMPRESAS,Femenino,2010-1,2020,Dependiente,Explotación de minas y canteras,Entre 7 y 8 SMMLV,Entre 6 y 9 SMMLV,1
2812-Universidad EAN,9517-ADMINISTRACION DE EMPRESAS,Femenino,2010-1,2020,Dependiente,Información y comunicaciones,"Entre 2 y 2 ,5 SMMLV","Entre 1,5 y 2,5 SMMLV",1
2812-Universidad EAN,9517-ADMINISTRACION DE EMPRESAS,Femenino,2010-1,2020,Dependiente,Información y comunicaciones,Entre 9 y 11 SMMLV,Más de 9 SMMLV,1
2812-Universidad EAN,9517-ADMINISTRACION DE EMPRESAS,Femenino,2010-1,2021,Dependiente,Actividades de servicios administrativos y de apoyo,Entre 7 y 8 SMMLV,Entre 6 y 9 SMMLV,1
2812-Universidad EAN,9517-ADMINISTRACION DE EMPRESAS,Femenino,2010-1,2021,Dependiente,"Actividades profesionales, científicas y técnicas",Entre 7 y 8 SMMLV,Entre 6 y 9 SMMLV,1
2812-Universidad EAN,9517-ADMINISTRACION DE EMPRESAS,Femenino,2010-1,2021,Dependiente,Administración pública y defensa; planes de seguridad social de afiliación obligatoria,"Entre 4,5 y 5 SMMLV",Entre 4 y 6 SMMLV,1
2812-Universidad EAN,9517-ADMINISTRACION DE EMPRESAS,Femenino,2010-1,2021,Dependiente,Administración pública y defensa; planes de seguridad social de afiliación obligatoria,Entre 5 y 6 SMMLV,Entre 4 y 6 SMMLV,1
2812-Universidad EAN,9517-ADMINISTRACION DE EMPRESAS,Femenino,2010-1,2021,Dependiente,Comercio al por mayor y al por menor; reparación de vehículos automotores y motocicletas,"Entre 1 y 1,5 SMMLV","Entre 1 y 1,5 SMMLV",1
2812-Universidad EAN,9517-ADMINISTRACION DE EMPRESAS,Femenino,2010-1,2021,Dependiente,Comercio al por mayor y al por menor; reparación de vehículos automotores y motocicletas,"Entre 1,5 y 2 SMMLV","Entre 1,5 y 2,5 SMMLV",1
2812-Universidad EAN,9517-ADMINISTRACION DE EMPRESAS,Femenino,2010-1,2021,Dependiente,Comercio al por mayor y al por menor; reparación de vehículos automotores y motocicletas,"Entre 2 y 2 ,5 SMMLV","Entre 1,5 y 2,5 SMMLV",1
2812-Universidad EAN,9517-ADMINISTRACION DE EMPRESAS,Femenino,2010-1,2021,Dependiente,Comercio al por mayor y al por menor; reparación de vehículos automotores y motocicletas,Entre 8 y 9 SMMLV,Entre 6 y 9 SMMLV,1
2812-Universidad EAN,9517-ADMINISTRACION DE EMPRESAS,Femenino,2010-1,2021,Dependiente,Construccion,"Entre 2 y 2 ,5 SMMLV","Entre 1,5 y 2,5 SMMLV",1
2812-Universidad EAN,9517-ADMINISTRACION DE EMPRESAS,Femenino,2010-1,2021,Dependiente,Educación,"Entre 3,5 y 4 SMMLV","Entre 2,5 y 4 SMMLV",1
2812-Universidad EAN,9517-ADMINISTRACION DE EMPRESAS,Femenino,2010-1,2021,Dependiente,Explotación de minas y canteras,Entre 9 y 11 SMMLV,Más de 9 SMMLV,1
2812-Universidad EAN,9517-ADMINISTRACION DE EMPRESAS,Femenino,2010-1,2021,Dependiente,Información y comunicaciones,"Entre 2 y 2 ,5 SMMLV","Entre 1,5 y 2,5 SMMLV",1
2812-Universidad EAN,9517-ADMINISTRACION DE EMPRESAS,Femenino,2010-1,2021,Dependiente,Información y comunicaciones,Entre 9 y 11 SMMLV,Más de 9 SMMLV,1
2812-Universidad EAN,9517-ADMINISTRACION DE EMPRESAS,Femenino,2010-1,2022,Dependiente,Actividades de servicios administrativos y de apoyo,Entre 7 y 8 SMMLV,Entre 6 y 9 SMMLV,1
2812-Universidad EAN,9517-ADMINISTRACION DE EMPRESAS,Femenino,2010-1,2022,Dependiente,"Actividades profesionales, científicas y técnicas",Entre 7 y 8 SMMLV,Entre 6 y 9 SMMLV,1
2812-Universidad EAN,9517-ADMINISTRACION DE EMPRESAS,Femenino,2010-1,2022,Dependiente,"Actividades profesionales, científicas y técnicas",Más de 15 SMMLV,Más de 9 SMMLV,2
2812-Universidad EAN,9517-ADMINISTRACION DE EMPRESAS,Femenino,2010-1,2022,Dependiente,Administración pública y defensa; planes de seguridad social de afiliación obligatoria,"Entre 4,5 y 5 SMMLV",Entre 4 y 6 SMMLV,1
2812-Universidad EAN,9517-ADMINISTRACION DE EMPRESAS,Femenino,2010-1,2022,Dependiente,Administración pública y defensa; planes de seguridad social de afiliación obligatoria,Entre 5 y 6 SMMLV,Entre 4 y 6 SMMLV,1
2812-Universidad EAN,9517-ADMINISTRACION DE EMPRESAS,Femenino,2010-1,2022,Dependiente,"Agricultura, ganadería, caza, silvicultura y pesca","Entre 1,5 y 2 SMMLV","Entre 1,5 y 2,5 SMMLV",1
2812-Universidad EAN,9517-ADMINISTRACION DE EMPRESAS,Femenino,2010-1,2022,Dependiente,Comercio al por mayor y al por menor; reparación de vehículos automotores y motocicletas,"Entre 1 y 1,5 SMMLV","Entre 1 y 1,5 SMMLV",1
2812-Universidad EAN,9517-ADMINISTRACION DE EMPRESAS,Femenino,2010-1,2022,Dependiente,Comercio al por mayor y al por menor; reparación de vehículos automotores y motocicletas,"Entre 2,5 y 3 SMMLV","Entre 2,5 y 4 SMMLV",1
2812-Universidad EAN,9517-ADMINISTRACION DE EMPRESAS,Femenino,2010-1,2022,Dependiente,Comercio al por mayor y al por menor; reparación de vehículos automotores y motocicletas,Entre 5 y 6 SMMLV,Entre 4 y 6 SMMLV,1
2812-Universidad EAN,9517-ADMINISTRACION DE EMPRESAS,Femenino,2010-1,2022,Dependiente,Construccion,"Entre 2 y 2 ,5 SMMLV","Entre 1,5 y 2,5 SMMLV",1
2812-Universidad EAN,9517-ADMINISTRACION DE EMPRESAS,Femenino,2010-1,2022,Dependiente,Educación,"Entre 3 y 3,5 SMMLV","Entre 2,5 y 4 SMMLV",1
2812-Universidad EAN,9517-ADMINISTRACION DE EMPRESAS,Femenino,2010-1,2022,Dependiente,Información y comunicaciones,"Entre 1,5 y 2 SMMLV","Entre 1,5 y 2,5 SMMLV",1
2812-Universidad EAN,9517-ADMINISTRACION DE EMPRESAS,Femenino,2010-1,2023,Dependiente,Actividades de servicios administrativos y de apoyo,1 SMMLV,1 SMMLV,1
2812-Universidad EAN,9517-ADMINISTRACION DE EMPRESAS,Femenino,2010-1,2023,Dependiente,"Actividades profesionales, científicas y técnicas","Entre 4 y 4,5 SMMLV",Entre 4 y 6 SMMLV,1
2812-Universidad EAN,9517-ADMINISTRACION DE EMPRESAS,Femenino,2010-1,2023,Dependiente,"Actividades profesionales, científicas y técnicas",Entre 7 y 8 SMMLV,Entre 6 y 9 SMMLV,1
2812-Universidad EAN,9517-ADMINISTRACION DE EMPRESAS,Femenino,2010-1,2023,Dependiente,Administración pública y defensa; planes de seguridad social de afiliación obligatoria,"Entre 4,5 y 5 SMMLV",Entre 4 y 6 SMMLV,1
2812-Universidad EAN,9517-ADMINISTRACION DE EMPRESAS,Femenino,2010-1,2023,Dependiente,Administración pública y defensa; planes de seguridad social de afiliación obligatoria,Entre 6 y 7 SMMLV,Entre 6 y 9 SMMLV,1
2812-Universidad EAN,9517-ADMINISTRACION DE EMPRESAS,Femenino,2010-1,2023,Dependiente,Comercio al por mayor y al por menor; reparación de vehículos automotores y motocicletas,"Entre 1 y 1,5 SMMLV","Entre 1 y 1,5 SMMLV",1
2812-Universidad EAN,9517-ADMINISTRACION DE EMPRESAS,Femenino,2010-1,2023,Dependiente,Comercio al por mayor y al por menor; reparación de vehículos automotores y motocicletas,"Entre 1,5 y 2 SMMLV","Entre 1,5 y 2,5 SMMLV",1
2812-Universidad EAN,9517-ADMINISTRACION DE EMPRESAS,Femenino,2010-1,2023,Dependiente,Comercio al por mayor y al por menor; reparación de vehículos automotores y motocicletas,"Entre 2 y 2 ,5 SMMLV","Entre 1,5 y 2,5 SMMLV",1
2812-Universidad EAN,9517-ADMINISTRACION DE EMPRESAS,Femenino,2010-1,2023,Dependiente,Construccion,"Entre 1,5 y 2 SMMLV","Entre 1,5 y 2,5 SMMLV",1
2812-Universidad EAN,9517-ADMINISTRACION DE EMPRESAS,Femenino,2010-1,2023,Dependiente,Educación,"Entre 2,5 y 3 SMMLV","Entre 2,5 y 4 SMMLV",1
2812-Universidad EAN,9517-ADMINISTRACION DE EMPRESAS,Femenino,2010-1,2023,Dependiente,Industrias manufactureras,Más de 15 SMMLV,Más de 9 SMMLV,1
2812-Universidad EAN,9517-ADMINISTRACION DE EMPRESAS,Femenino,2010-1,2023,Dependiente,Información y comunicaciones,"Entre 1,5 y 2 SMMLV","Entre 1,5 y 2,5 SMMLV",1
2812-Universidad EAN,9517-ADMINISTRACION DE EMPRESAS,Masculino,2010-1,2016,Dependiente,Actividades financieras y de seguros,"Entre 3 y 3,5 SMMLV","Entre 2,5 y 4 SMMLV",1
2812-Universidad EAN,9517-ADMINISTRACION DE EMPRESAS,Masculino,2010-1,2016,Dependiente,Actividades financieras y de seguros,Entre 9 y 11 SMMLV,Más de 9 SMMLV,1
2812-Universidad EAN,9517-ADMINISTRACION DE EMPRESAS,Masculino,2010-1,2016,Dependiente,"Actividades profesionales, científicas y técnicas","Entre 2 y 2 ,5 SMMLV","Entre 1,5 y 2,5 SMMLV",1
2812-Universidad EAN,9517-ADMINISTRACION DE EMPRESAS,Masculino,2010-1,2016,Dependiente,"Actividades profesionales, científicas y técnicas",Entre 5 y 6 SMMLV,Entre 4 y 6 SMMLV,1
2812-Universidad EAN,9517-ADMINISTRACION DE EMPRESAS,Masculino,2010-1,2016,Dependiente,"Actividades profesionales, científicas y técnicas",Entre 7 y 8 SMMLV,Entre 6 y 9 SMMLV,1
2812-Universidad EAN,9517-ADMINISTRACION DE EMPRESAS,Masculino,2010-1,2016,Dependiente,"Actividades profesionales, científicas y técnicas",Entre 8 y 9 SMMLV,Entre 6 y 9 SMMLV,1
2812-Universidad EAN,9517-ADMINISTRACION DE EMPRESAS,Masculino,2010-1,2016,Dependiente,Construccion,"Entre 4 y 4,5 SMMLV",Entre 4 y 6 SMMLV,1
2812-Universidad EAN,9517-ADMINISTRACION DE EMPRESAS,Masculino,2010-1,2016,Dependiente,Sin información,Entre 5 y 6 SMMLV,Entre 4 y 6 SMMLV,1
2812-Universidad EAN,9517-ADMINISTRACION DE EMPRESAS,Masculino,2010-1,2017,Dependiente,Actividades de servicios administrativos y de apoyo,"Entre 3,5 y 4 SMMLV","Entre 2,5 y 4 SMMLV",1
2812-Universidad EAN,9517-ADMINISTRACION DE EMPRESAS,Masculino,2010-1,2017,Dependiente,Actividades financieras y de seguros,"Entre 3 y 3,5 SMMLV","Entre 2,5 y 4 SMMLV",1
2812-Universidad EAN,9517-ADMINISTRACION DE EMPRESAS,Masculino,2010-1,2017,Dependiente,"Actividades profesionales, científicas y técnicas",Entre 5 y 6 SMMLV,Entre 4 y 6 SMMLV,1
2812-Universidad EAN,9517-ADMINISTRACION DE EMPRESAS,Masculino,2010-1,2017,Dependiente,"Actividades profesionales, científicas y técnicas",Más de 15 SMMLV,Más de 9 SMMLV,1
2812-Universidad EAN,9517-ADMINISTRACION DE EMPRESAS,Masculino,2010-1,2017,Dependiente,Comercio al por mayor y al por menor; reparación de vehículos automotores y motocicletas,"Entre 3 y 3,5 SMMLV","Entre 2,5 y 4 SMMLV",1
2812-Universidad EAN,9517-ADMINISTRACION DE EMPRESAS,Masculino,2010-1,2017,Dependiente,Sin información,Entre 5 y 6 SMMLV,Entre 4 y 6 SMMLV,1
2812-Universidad EAN,9517-ADMINISTRACION DE EMPRESAS,Masculino,2010-1,2017,Dependiente,Sin información,Entre 9 y 11 SMMLV,Más de 9 SMMLV,1
2812-Universidad EAN,9517-ADMINISTRACION DE EMPRESAS,Masculino,2010-1,2018,Dependiente,Actividades financieras y de seguros,"Entre 3 y 3,5 SMMLV","Entre 2,5 y 4 SMMLV",1
2812-Universidad EAN,9517-ADMINISTRACION DE EMPRESAS,Masculino,2010-1,2018,Dependiente,"Actividades profesionales, científicas y técnicas",1 SMMLV,1 SMMLV,1
2812-Universidad EAN,9517-ADMINISTRACION DE EMPRESAS,Masculino,2010-1,2018,Dependiente,"Actividades profesionales, científicas y técnicas",Entre 8 y 9 SMMLV,Entre 6 y 9 SMMLV,1
2812-Universidad EAN,9517-ADMINISTRACION DE EMPRESAS,Masculino,2010-1,2018,Dependiente,Comercio al por mayor y al por menor; reparación de vehículos automotores y motocicletas,"Entre 3,5 y 4 SMMLV","Entre 2,5 y 4 SMMLV",1
2812-Universidad EAN,9517-ADMINISTRACION DE EMPRESAS,Masculino,2010-1,2018,Dependiente,Sin información,"Entre 2,5 y 3 SMMLV","Entre 2,5 y 4 SMMLV",1
2812-Universidad EAN,9517-ADMINISTRACION DE EMPRESAS,Masculino,2010-1,2018,Dependiente,Sin información,"Entre 4,5 y 5 SMMLV",Entre 4 y 6 SMMLV,1
2812-Universidad EAN,9517-ADMINISTRACION DE EMPRESAS,Masculino,2010-1,2018,Dependiente,Sin información,Entre 9 y 11 SMMLV,Más de 9 SMMLV,1
2812-Universidad EAN,9517-ADMINISTRACION DE EMPRESAS,Masculino,2010-1,2018,Dependiente,Transporte y almacenamiento,"Entre 3 y 3,5 SMMLV","Entre 2,5 y 4 SMMLV",1
2812-Universidad EAN,9517-ADMINISTRACION DE EMPRESAS,Masculino,2010-1,2019,Dependiente,Actividades de servicios administrativos y de apoyo,"Entre 2,5 y 3 SMMLV","Entre 2,5 y 4 SMMLV",1
2812-Universidad EAN,9517-ADMINISTRACION DE EMPRESAS,Masculino,2010-1,2019,Dependiente,Actividades financieras y de seguros,"Entre 4 y 4,5 SMMLV",Entre 4 y 6 SMMLV,1
2812-Universidad EAN,9517-ADMINISTRACION DE EMPRESAS,Masculino,2010-1,2019,Dependiente,Actividades financieras y de seguros,Entre 9 y 11 SMMLV,Más de 9 SMMLV,1
2812-Universidad EAN,9517-ADMINISTRACION DE EMPRESAS,Masculino,2010-1,2019,Dependiente,"Actividades profesionales, científicas y técnicas","Entre 1,5 y 2 SMMLV","Entre 1,5 y 2,5 SMMLV",1
2812-Universidad EAN,9517-ADMINISTRACION DE EMPRESAS,Masculino,2010-1,2019,Dependiente,"Actividades profesionales, científicas y técnicas",Entre 8 y 9 SMMLV,Entre 6 y 9 SMMLV,1
2812-Universidad EAN,9517-ADMINISTRACION DE EMPRESAS,Masculino,2010-1,2019,Dependiente,Comercio al por mayor y al por menor; reparación de vehículos automotores y motocicletas,"Entre 3,5 y 4 SMMLV","Entre 2,5 y 4 SMMLV",1
2812-Universidad EAN,9517-ADMINISTRACION DE EMPRESAS,Masculino,2010-1,2020,Dependiente,Actividades financieras y de seguros,"Entre 4,5 y 5 SMMLV",Entre 4 y 6 SMMLV,1
2812-Universidad EAN,9517-ADMINISTRACION DE EMPRESAS,Masculino,2010-1,2020,Dependiente,Actividades financieras y de seguros,Entre 11 y 13 SMMLV,Más de 9 SMMLV,1
2812-Universidad EAN,9517-ADMINISTRACION DE EMPRESAS,Masculino,2010-1,2020,Dependiente,"Actividades profesionales, científicas y técnicas","Entre 2,5 y 3 SMMLV","Entre 2,5 y 4 SMMLV",1
2812-Universidad EAN,9517-ADMINISTRACION DE EMPRESAS,Masculino,2010-1,2020,Dependiente,"Actividades profesionales, científicas y técnicas",Entre 8 y 9 SMMLV,Entre 6 y 9 SMMLV,1
2812-Universidad EAN,9517-ADMINISTRACION DE EMPRESAS,Masculino,2010-1,2020,Dependiente,Comercio al por mayor y al por menor; reparación de vehículos automotores y motocicletas,"Entre 2,5 y 3 SMMLV","Entre 2,5 y 4 SMMLV",1
2812-Universidad EAN,9517-ADMINISTRACION DE EMPRESAS,Masculino,2010-1,2020,Dependiente,Transporte y almacenamiento,Entre 5 y 6 SMMLV,Entre 4 y 6 SMMLV,1
2812-Universidad EAN,9517-ADMINISTRACION DE EMPRESAS,Masculino,2010-1,2021,Dependiente,Actividades financieras y de seguros,"Entre 4 y 4,5 SMMLV",Entre 4 y 6 SMMLV,1
2812-Universidad EAN,9517-ADMINISTRACION DE EMPRESAS,Masculino,2010-1,2021,Dependiente,Actividades financieras y de seguros,Entre 6 y 7 SMMLV,Entre 6 y 9 SMMLV,1
2812-Universidad EAN,9517-ADMINISTRACION DE EMPRESAS,Masculino,2010-1,2021,Dependiente,"Actividades profesionales, científicas y técnicas",Entre 7 y 8 SMMLV,Entre 6 y 9 SMMLV,1
2812-Universidad EAN,9517-ADMINISTRACION DE EMPRESAS,Masculino,2010-1,2021,Dependiente,Comercio al por mayor y al por menor; reparación de vehículos automotores y motocicletas,"Entre 3 y 3,5 SMMLV","Entre 2,5 y 4 SMMLV",1
2812-Universidad EAN,9517-ADMINISTRACION DE EMPRESAS,Masculino,2010-1,2021,Dependiente,Transporte y almacenamiento,"Entre 4,5 y 5 SMMLV",Entre 4 y 6 SMMLV,1
2812-Universidad EAN,9517-ADMINISTRACION DE EMPRESAS,Masculino,2010-1,2022,Dependiente,Actividades financieras y de seguros,"Entre 2,5 y 3 SMMLV","Entre 2,5 y 4 SMMLV",1
2812-Universidad EAN,9517-ADMINISTRACION DE EMPRESAS,Masculino,2010-1,2022,Dependiente,Actividades financieras y de seguros,Entre 8 y 9 SMMLV,Entre 6 y 9 SMMLV,1
2812-Universidad EAN,9517-ADMINISTRACION DE EMPRESAS,Masculino,2010-1,2022,Dependiente,"Actividades profesionales, científicas y técnicas",Más de 15 SMMLV,Más de 9 SMMLV,1
2812-Universidad EAN,9517-ADMINISTRACION DE EMPRESAS,Masculino,2010-1,2022,Dependiente,Comercio al por mayor y al por menor; reparación de vehículos automotores y motocicletas,"Entre 4,5 y 5 SMMLV",Entre 4 y 6 SMMLV,1
2812-Universidad EAN,9517-ADMINISTRACION DE EMPRESAS,Masculino,2010-1,2022,Dependiente,Transporte y almacenamiento,"Entre 3 y 3,5 SMMLV","Entre 2,5 y 4 SMMLV",1
2812-Universidad EAN,9517-ADMINISTRACION DE EMPRESAS,Masculino,2010-1,2023,Dependiente,Actividades financieras y de seguros,"Entre 2,5 y 3 SMMLV","Entre 2,5 y 4 SMMLV",1
2812-Universidad EAN,9517-ADMINISTRACION DE EMPRESAS,Masculino,2010-1,2023,Dependiente,Actividades financieras y de seguros,Entre 8 y 9 SMMLV,Entre 6 y 9 SMMLV,1
2812-Universidad EAN,9517-ADMINISTRACION DE EMPRESAS,Masculino,2010-1,2023,Dependiente,Comercio al por mayor y al por menor; reparación de vehículos automotores y motocicletas,"Entre 3,5 y 4 SMMLV","Entre 2,5 y 4 SMMLV",1
2812-Universidad EAN,9517-ADMINISTRACION DE EMPRESAS,Masculino,2010-1,2023,Dependiente,Industrias manufactureras,Entre 7 y 8 SMMLV,Entre 6 y 9 SMMLV,1
2812-Universidad EAN,9517-ADMINISTRACION DE EMPRESAS,Masculino,2010-1,2023,Dependiente,Información y comunicaciones,"Entre 1 y 1,5 SMMLV","Entre 1 y 1,5 SMMLV",1
2812-Universidad EAN,9517-ADMINISTRACION DE EMPRESAS,Masculino,2010-1,2023,Dependiente,Transporte y almacenamiento,Entre 6 y 7 SMMLV,Entre 6 y 9 SMMLV,1
2812-Universidad EAN,8322-ESPECIALIZACION EN ADMINISTRACION DE EMPRESAS,Femenino,2010-1,2016,Dependiente,"Actividades profesionales, científicas y técnicas",Entre 9 y 11 SMMLV,Más de 9 SMMLV,1
2812-Universidad EAN,8322-ESPECIALIZACION EN ADMINISTRACION DE EMPRESAS,Femenino,2010-1,2016,Dependiente,Explotación de minas y canteras,Entre 7 y 8 SMMLV,Entre 6 y 9 SMMLV,1
2812-Universidad EAN,8322-ESPECIALIZACION EN ADMINISTRACION DE EMPRESAS,Femenino,2010-1,2017,Dependiente,"Actividades profesionales, científicas y técnicas",Entre 8 y 9 SMMLV,Entre 6 y 9 SMMLV,1
2812-Universidad EAN,8322-ESPECIALIZACION EN ADMINISTRACION DE EMPRESAS,Femenino,2010-1,2017,Dependiente,Sin información,Entre 9 y 11 SMMLV,Más de 9 SMMLV,1
2812-Universidad EAN,8322-ESPECIALIZACION EN ADMINISTRACION DE EMPRESAS,Femenino,2010-1,2018,Dependiente,"Actividades profesionales, científicas y técnicas",Entre 9 y 11 SMMLV,Más de 9 SMMLV,1
2812-Universidad EAN,8322-ESPECIALIZACION EN ADMINISTRACION DE EMPRESAS,Femenino,2010-1,2018,Dependiente,Sin información,Entre 9 y 11 SMMLV,Más de 9 SMMLV,1
2812-Universidad EAN,8322-ESPECIALIZACION EN ADMINISTRACION DE EMPRESAS,Femenino,2010-1,2019,Dependiente,Actividades de servicios administrativos y de apoyo,Entre 8 y 9 SMMLV,Entre 6 y 9 SMMLV,1
2812-Universidad EAN,8322-ESPECIALIZACION EN ADMINISTRACION DE EMPRESAS,Femenino,2010-1,2019,Dependiente,"Actividades profesionales, científicas y técnicas",Entre 9 y 11 SMMLV,Más de 9 SMMLV,1
2812-Universidad EAN,8322-ESPECIALIZACION EN ADMINISTRACION DE EMPRESAS,Femenino,2010-1,2020,Dependiente,Actividades de servicios administrativos y de apoyo,Entre 8 y 9 SMMLV,Entre 6 y 9 SMMLV,1
2812-Universidad EAN,8322-ESPECIALIZACION EN ADMINISTRACION DE EMPRESAS,Femenino,2010-1,2020,Dependiente,"Actividades profesionales, científicas y técnicas",Entre 9 y 11 SMMLV,Más de 9 SMMLV,1
2812-Universidad EAN,8322-ESPECIALIZACION EN ADMINISTRACION DE EMPRESAS,Femenino,2010-1,2021,Dependiente,Actividades de servicios administrativos y de apoyo,Entre 8 y 9 SMMLV,Entre 6 y 9 SMMLV,1
2812-Universidad EAN,8322-ESPECIALIZACION EN ADMINISTRACION DE EMPRESAS,Femenino,2010-1,2021,Dependiente,"Actividades profesionales, científicas y técnicas",Entre 9 y 11 SMMLV,Más de 9 SMMLV,1
2812-Universidad EAN,8322-ESPECIALIZACION EN ADMINISTRACION DE EMPRESAS,Femenino,2010-1,2022,Dependiente,"Actividades profesionales, científicas y técnicas",Entre 9 y 11 SMMLV,Más de 9 SMMLV,1
2812-Universidad EAN,8322-ESPECIALIZACION EN ADMINISTRACION DE EMPRESAS,Femenino,2010-1,2023,Dependiente,Transporte y almacenamiento,Entre 9 y 11 SMMLV,Más de 9 SMMLV,1
2812-Universidad EAN,8322-ESPECIALIZACION EN ADMINISTRACION DE EMPRESAS,Masculino,2010-1,2016,Dependiente,Administración pública y defensa; planes de seguridad social de afiliación obligatoria,Entre 9 y 11 SMMLV,Más de 9 SMMLV,1
2812-Universidad EAN,8322-ESPECIALIZACION EN ADMINISTRACION DE EMPRESAS,Masculino,2010-1,2016,Dependiente,Comercio al por mayor y al por menor; reparación de vehículos automotores y motocicletas,Más de 15 SMMLV,Más de 9 SMMLV,1
2812-Universidad EAN,8322-ESPECIALIZACION EN ADMINISTRACION DE EMPRESAS,Masculino,2010-1,2016,Dependiente,Construccion,Entre 9 y 11 SMMLV,Más de 9 SMMLV,1
2812-Universidad EAN,8322-ESPECIALIZACION EN ADMINISTRACION DE EMPRESAS,Masculino,2010-1,2016,Dependiente,Construccion,Entre 11 y 13 SMMLV,Más de 9 SMMLV,1
2812-Universidad EAN,8322-ESPECIALIZACION EN ADMINISTRACION DE EMPRESAS,Masculino,2010-1,2016,Dependiente,Explotación de minas y canteras,Entre 13 y 15 SMMLV,Más de 9 SMMLV,1
2812-Universidad EAN,8322-ESPECIALIZACION EN ADMINISTRACION DE EMPRESAS,Masculino,2010-1,2016,Dependiente,Información y comunicaciones,Entre 9 y 11 SMMLV,Más de 9 SMMLV,1
2812-Universidad EAN,8322-ESPECIALIZACION EN ADMINISTRACION DE EMPRESAS,Masculino,2010-1,2016,Dependiente,Sin información,1 SMMLV,1 SMMLV,1
2812-Universidad EAN,8322-ESPECIALIZACION EN ADMINISTRACION DE EMPRESAS,Masculino,2010-1,2017,Dependiente,"Actividades profesionales, científicas y técnicas",Entre 9 y 11 SMMLV,Más de 9 SMMLV,1
2812-Universidad EAN,8322-ESPECIALIZACION EN ADMINISTRACION DE EMPRESAS,Masculino,2010-1,2017,Dependiente,Administración pública y defensa; planes de seguridad social de afiliación obligatoria,Entre 13 y 15 SMMLV,Más de 9 SMMLV,1
2812-Universidad EAN,8322-ESPECIALIZACION EN ADMINISTRACION DE EMPRESAS,Masculino,2010-1,2017,Dependiente,Construccion,Entre 11 y 13 SMMLV,Más de 9 SMMLV,1
2812-Universidad EAN,8322-ESPECIALIZACION EN ADMINISTRACION DE EMPRESAS,Masculino,2010-1,2017,Dependiente,Explotación de minas y canteras,Entre 13 y 15 SMMLV,Más de 9 SMMLV,1
2812-Universidad EAN,8322-ESPECIALIZACION EN ADMINISTRACION DE EMPRESAS,Masculino,2010-1,2017,Dependiente,Sin información,"Entre 2 y 2 ,5 SMMLV","Entre 1,5 y 2,5 SMMLV",1
2812-Universidad EAN,8322-ESPECIALIZACION EN ADMINISTRACION DE EMPRESAS,Masculino,2010-1,2017,Dependiente,Sin información,Entre 9 y 11 SMMLV,Más de 9 SMMLV,1
2812-Universidad EAN,8322-ESPECIALIZACION EN ADMINISTRACION DE EMPRESAS,Masculino,2010-1,2018,Dependiente,"Actividades profesionales, científicas y técnicas",Entre 9 y 11 SMMLV,Más de 9 SMMLV,1
2812-Universidad EAN,8322-ESPECIALIZACION EN ADMINISTRACION DE EMPRESAS,Masculino,2010-1,2018,Dependiente,Administración pública y defensa; planes de seguridad social de afiliación obligatoria,Entre 13 y 15 SMMLV,Más de 9 SMMLV,1
2812-Universidad EAN,8322-ESPECIALIZACION EN ADMINISTRACION DE EMPRESAS,Masculino,2010-1,2018,Dependiente,Construccion,Entre 11 y 13 SMMLV,Más de 9 SMMLV,1
2812-Universidad EAN,8322-ESPECIALIZACION EN ADMINISTRACION DE EMPRESAS,Masculino,2010-1,2018,Dependiente,Explotación de minas y canteras,Entre 13 y 15 SMMLV,Más de 9 SMMLV,1
2812-Universidad EAN,8322-ESPECIALIZACION EN ADMINISTRACION DE EMPRESAS,Masculino,2010-1,2018,Dependiente,Sin información,"Entre 2,5 y 3 SMMLV","Entre 2,5 y 4 SMMLV",1
2812-Universidad EAN,8322-ESPECIALIZACION EN ADMINISTRACION DE EMPRESAS,Masculino,2010-1,2018,Dependiente,Sin información,Entre 9 y 11 SMMLV,Más de 9 SMMLV,1
2812-Universidad EAN,8322-ESPECIALIZACION EN ADMINISTRACION DE EMPRESAS,Masculino,2010-1,2019,Dependiente,"Actividades profesionales, científicas y técnicas",Entre 9 y 11 SMMLV,Más de 9 SMMLV,2
2812-Universidad EAN,8322-ESPECIALIZACION EN ADMINISTRACION DE EMPRESAS,Masculino,2010-1,2019,Dependiente,"Actividades profesionales, científicas y técnicas",Entre 11 y 13 SMMLV,Más de 9 SMMLV,1
2812-Universidad EAN,8322-ESPECIALIZACION EN ADMINISTRACION DE EMPRESAS,Masculino,2010-1,2019,Dependiente,Administración pública y defensa; planes de seguridad social de afiliación obligatoria,Entre 13 y 15 SMMLV,Más de 9 SMMLV,1
2812-Universidad EAN,8322-ESPECIALIZACION EN ADMINISTRACION DE EMPRESAS,Masculino,2010-1,2019,Dependiente,Explotación de minas y canteras,Entre 9 y 11 SMMLV,Más de 9 SMMLV,1
2812-Universidad EAN,8322-ESPECIALIZACION EN ADMINISTRACION DE EMPRESAS,Masculino,2010-1,2019,Dependiente,Sin información,"Entre 2,5 y 3 SMMLV","Entre 2,5 y 4 SMMLV",1
2812-Universidad EAN,8322-ESPECIALIZACION EN ADMINISTRACION DE EMPRESAS,Masculino,2010-1,2020,Dependiente,"Actividades profesionales, científicas y técnicas",Entre 7 y 8 SMMLV,Entre 6 y 9 SMMLV,1
2812-Universidad EAN,8322-ESPECIALIZACION EN ADMINISTRACION DE EMPRESAS,Masculino,2010-1,2020,Dependiente,"Actividades profesionales, científicas y técnicas",Entre 8 y 9 SMMLV,Entre 6 y 9 SMMLV,1
2812-Universidad EAN,8322-ESPECIALIZACION EN ADMINISTRACION DE EMPRESAS,Masculino,2010-1,2020,Dependiente,"Actividades profesionales, científicas y técnicas",Entre 11 y 13 SMMLV,Más de 9 SMMLV,1
2812-Universidad EAN,8322-ESPECIALIZACION EN ADMINISTRACION DE EMPRESAS,Masculino,2010-1,2020,Dependiente,Administración pública y defensa; planes de seguridad social de afiliación obligatoria,Entre 13 y 15 SMMLV,Más de 9 SMMLV,1
2812-Universidad EAN,8322-ESPECIALIZACION EN ADMINISTRACION DE EMPRESAS,Masculino,2010-1,2020,Dependiente,Explotación de minas y canteras,Entre 13 y 15 SMMLV,Más de 9 SMMLV,1
2812-Universidad EAN,8322-ESPECIALIZACION EN ADMINISTRACION DE EMPRESAS,Masculino,2010-1,2020,Dependiente,Otras actividades de servicios,"Entre 2 y 2 ,5 SMMLV","Entre 1,5 y 2,5 SMMLV",1
2812-Universidad EAN,8322-ESPECIALIZACION EN ADMINISTRACION DE EMPRESAS,Masculino,2010-1,2021,Dependiente,Actividades de servicios administrativos y de apoyo,Entre 8 y 9 SMMLV,Entre 6 y 9 SMMLV,1
2812-Universidad EAN,8322-ESPECIALIZACION EN ADMINISTRACION DE EMPRESAS,Masculino,2010-1,2021,Dependiente,Actividades de servicios administrativos y de apoyo,Entre 13 y 15 SMMLV,Más de 9 SMMLV,1
2812-Universidad EAN,8322-ESPECIALIZACION EN ADMINISTRACION DE EMPRESAS,Masculino,2010-1,2021,Dependiente,"Actividades profesionales, científicas y técnicas",Entre 8 y 9 SMMLV,Entre 6 y 9 SMMLV,1
2812-Universidad EAN,8322-ESPECIALIZACION EN ADMINISTRACION DE EMPRESAS,Masculino,2010-1,2021,Dependiente,Industrias manufactureras,Entre 9 y 11 SMMLV,Más de 9 SMMLV,1
2812-Universidad EAN,8322-ESPECIALIZACION EN ADMINISTRACION DE EMPRESAS,Masculino,2010-1,2021,Dependiente,Otras actividades de servicios,"Entre 2 y 2 ,5 SMMLV","Entre 1,5 y 2,5 SMMLV",1
2812-Universidad EAN,8322-ESPECIALIZACION EN ADMINISTRACION DE EMPRESAS,Masculino,2010-1,2022,Dependiente,Actividades de servicios administrativos y de apoyo,Entre 9 y 11 SMMLV,Más de 9 SMMLV,1
2812-Universidad EAN,8322-ESPECIALIZACION EN ADMINISTRACION DE EMPRESAS,Masculino,2010-1,2022,Dependiente,"Actividades profesionales, científicas y técnicas",Entre 9 y 11 SMMLV,Más de 9 SMMLV,1
2812-Universidad EAN,8322-ESPECIALIZACION EN ADMINISTRACION DE EMPRESAS,Masculino,2010-1,2022,Dependiente,Industrias manufactureras,Entre 11 y 13 SMMLV,Más de 9 SMMLV,1
2812-Universidad EAN,8322-ESPECIALIZACION EN ADMINISTRACION DE EMPRESAS,Masculino,2010-1,2022,Dependiente,Otras actividades de servicios,"Entre 2 y 2 ,5 SMMLV","Entre 1,5 y 2,5 SMMLV",1
2812-Universidad EAN,8322-ESPECIALIZACION EN ADMINISTRACION DE EMPRESAS,Masculino,2010-1,2023,Dependiente,Actividades de servicios administrativos y de apoyo,Entre 9 y 11 SMMLV,Más de 9 SMMLV,1
2812-Universidad EAN,8322-ESPECIALIZACION EN ADMINISTRACION DE EMPRESAS,Masculino,2010-1,2023,Dependiente,"Actividades profesionales, científicas y técnicas",Entre 8 y 9 SMMLV,Entre 6 y 9 SMMLV,1
2812-Universidad EAN,8322-ESPECIALIZACION EN ADMINISTRACION DE EMPRESAS,Masculino,2010-1,2023,Dependiente,Industrias manufactureras,Entre 6 y 7 SMMLV,Entre 6 y 9 SMMLV,1
2812-Universidad EAN,8979-ESPECIALIZACION EN GERENCIA DE PROCESOS DE CALIDAD E INNOVACION,Femenino,2010-1,2016,Dependiente,Actividades financieras y de seguros,"Entre 4,5 y 5 SMMLV",Entre 4 y 6 SMMLV,1
2812-Universidad EAN,8979-ESPECIALIZACION EN GERENCIA DE PROCESOS DE CALIDAD E INNOVACION,Femenino,2010-1,2016,Dependiente,"Actividades profesionales, científicas y técnicas","Entre 3 y 3,5 SMMLV","Entre 2,5 y 4 SMMLV",1
2812-Universidad EAN,8979-ESPECIALIZACION EN GERENCIA DE PROCESOS DE CALIDAD E INNOVACION,Femenino,2010-1,2016,Dependiente,"Actividades profesionales, científicas y técnicas","Entre 4 y 4,5 SMMLV",Entre 4 y 6 SMMLV,1
2812-Universidad EAN,8979-ESPECIALIZACION EN GERENCIA DE PROCESOS DE CALIDAD E INNOVACION,Femenino,2010-1,2016,Dependiente,Comercio al por mayor y al por menor; reparación de vehículos automotores y motocicletas,"Entre 4,5 y 5 SMMLV",Entre 4 y 6 SMMLV,1
2812-Universidad EAN,8979-ESPECIALIZACION EN GERENCIA DE PROCESOS DE CALIDAD E INNOVACION,Femenino,2010-1,2016,Dependiente,Educación,"Entre 3,5 y 4 SMMLV","Entre 2,5 y 4 SMMLV",1
2812-Universidad EAN,8979-ESPECIALIZACION EN GERENCIA DE PROCESOS DE CALIDAD E INNOVACION,Femenino,2010-1,2016,Dependiente,Información y comunicaciones,"Entre 1 y 1,5 SMMLV","Entre 1 y 1,5 SMMLV",1
2812-Universidad EAN,8979-ESPECIALIZACION EN GERENCIA DE PROCESOS DE CALIDAD E INNOVACION,Femenino,2010-1,2017,Dependiente,Actividades financieras y de seguros,"Entre 4 y 4,5 SMMLV",Entre 4 y 6 SMMLV,1
2812-Universidad EAN,8979-ESPECIALIZACION EN GERENCIA DE PROCESOS DE CALIDAD E INNOVACION,Femenino,2010-1,2017,Dependiente,"Actividades profesionales, científicas y técnicas","Entre 1 y 1,5 SMMLV","Entre 1 y 1,5 SMMLV",1
2812-Universidad EAN,8979-ESPECIALIZACION EN GERENCIA DE PROCESOS DE CALIDAD E INNOVACION,Femenino,2010-1,2017,Dependiente,Industrias manufactureras,"Entre 3 y 3,5 SMMLV","Entre 2,5 y 4 SMMLV",1
2812-Universidad EAN,8979-ESPECIALIZACION EN GERENCIA DE PROCESOS DE CALIDAD E INNOVACION,Femenino,2010-1,2017,Dependiente,Sin información,"Entre 3 y 3,5 SMMLV","Entre 2,5 y 4 SMMLV",1
2812-Universidad EAN,8979-ESPECIALIZACION EN GERENCIA DE PROCESOS DE CALIDAD E INNOVACION,Femenino,2010-1,2017,Dependiente,Sin información,"Entre 3,5 y 4 SMMLV","Entre 2,5 y 4 SMMLV",1
2812-Universidad EAN,8979-ESPECIALIZACION EN GERENCIA DE PROCESOS DE CALIDAD E INNOVACION,Femenino,2010-1,2017,Dependiente,Sin información,"Entre 4 y 4,5 SMMLV",Entre 4 y 6 SMMLV,1
2812-Universidad EAN,8979-ESPECIALIZACION EN GERENCIA DE PROCESOS DE CALIDAD E INNOVACION,Femenino,2010-1,2018,Dependiente,Actividades financieras y de seguros,"Entre 3,5 y 4 SMMLV","Entre 2,5 y 4 SMMLV",1
2812-Universidad EAN,8979-ESPECIALIZACION EN GERENCIA DE PROCESOS DE CALIDAD E INNOVACION,Femenino,2010-1,2018,Dependiente,"Actividades profesionales, científicas y técnicas","Entre 1 y 1,5 SMMLV","Entre 1 y 1,5 SMMLV",1
2812-Universidad EAN,8979-ESPECIALIZACION EN GERENCIA DE PROCESOS DE CALIDAD E INNOVACION,Femenino,2010-1,2018,Dependiente,Industrias manufactureras,"Entre 2,5 y 3 SMMLV","Entre 2,5 y 4 SMMLV",1
2812-Universidad EAN,8979-ESPECIALIZACION EN GERENCIA DE PROCESOS DE CALIDAD E INNOVACION,Femenino,2010-1,2018,Dependiente,Sin información,"Entre 3 y 3,5 SMMLV","Entre 2,5 y 4 SMMLV",1
2812-Universidad EAN,8979-ESPECIALIZACION EN GERENCIA DE PROCESOS DE CALIDAD E INNOVACION,Femenino,2010-1,2018,Dependiente,Sin información,"Entre 3,5 y 4 SMMLV","Entre 2,5 y 4 SMMLV",1
2812-Universidad EAN,8979-ESPECIALIZACION EN GERENCIA DE PROCESOS DE CALIDAD E INNOVACION,Femenino,2010-1,2018,Dependiente,Sin información,"Entre 4,5 y 5 SMMLV",Entre 4 y 6 SMMLV,1
2812-Universidad EAN,8979-ESPECIALIZACION EN GERENCIA DE PROCESOS DE CALIDAD E INNOVACION,Femenino,2010-1,2019,Dependiente,"Actividades profesionales, científicas y técnicas","Entre 2 y 2 ,5 SMMLV","Entre 1,5 y 2,5 SMMLV",1
2812-Universidad EAN,8979-ESPECIALIZACION EN GERENCIA DE PROCESOS DE CALIDAD E INNOVACION,Femenino,2010-1,2019,Dependiente,"Actividades profesionales, científicas y técnicas","Entre 3 y 3,5 SMMLV","Entre 2,5 y 4 SMMLV",1
2812-Universidad EAN,8979-ESPECIALIZACION EN GERENCIA DE PROCESOS DE CALIDAD E INNOVACION,Femenino,2010-1,2019,Dependiente,"Actividades profesionales, científicas y técnicas","Entre 3,5 y 4 SMMLV","Entre 2,5 y 4 SMMLV",1
2812-Universidad EAN,8979-ESPECIALIZACION EN GERENCIA DE PROCESOS DE CALIDAD E INNOVACION,Femenino,2010-1,2019,Dependiente,Administración pública y defensa; planes de seguridad social de afiliación obligatoria,"Entre 4 y 4,5 SMMLV",Entre 4 y 6 SMMLV,1
2812-Universidad EAN,8979-ESPECIALIZACION EN GERENCIA DE PROCESOS DE CALIDAD E INNOVACION,Femenino,2010-1,2019,Dependiente,Administración pública y defensa; planes de seguridad social de afiliación obligatoria,"Entre 4,5 y 5 SMMLV",Entre 4 y 6 SMMLV,1
2812-Universidad EAN,8979-ESPECIALIZACION EN GERENCIA DE PROCESOS DE CALIDAD E INNOVACION,Femenino,2010-1,2020,Dependiente,"Actividades profesionales, científicas y técnicas","Entre 1,5 y 2 SMMLV","Entre 1,5 y 2,5 SMMLV",1
2812-Universidad EAN,8979-ESPECIALIZACION EN GERENCIA DE PROCESOS DE CALIDAD E INNOVACION,Femenino,2010-1,2020,Dependiente,"Actividades profesionales, científicas y técnicas","Entre 2,5 y 3 SMMLV","Entre 2,5 y 4 SMMLV",1
2812-Universidad EAN,8979-ESPECIALIZACION EN GERENCIA DE PROCESOS DE CALIDAD E INNOVACION,Femenino,2010-1,2020,Dependiente,"Actividades profesionales, científicas y técnicas","Entre 3 y 3,5 SMMLV","Entre 2,5 y 4 SMMLV",1
2812-Universidad EAN,8979-ESPECIALIZACION EN GERENCIA DE PROCESOS DE CALIDAD E INNOVACION,Femenino,2010-1,2020,Dependiente,Administración pública y defensa; planes de seguridad social de afiliación obligatoria,"Entre 3,5 y 4 SMMLV","Entre 2,5 y 4 SMMLV",1
2812-Universidad EAN,8979-ESPECIALIZACION EN GERENCIA DE PROCESOS DE CALIDAD E INNOVACION,Femenino,2010-1,2020,Dependiente,Educación,"Entre 4 y 4,5 SMMLV",Entre 4 y 6 SMMLV,1
2812-Universidad EAN,8979-ESPECIALIZACION EN GERENCIA DE PROCESOS DE CALIDAD E INNOVACION,Femenino,2010-1,2021,Dependiente,"Actividades profesionales, científicas y técnicas","Entre 1,5 y 2 SMMLV","Entre 1,5 y 2,5 SMMLV",1
2812-Universidad EAN,8979-ESPECIALIZACION EN GERENCIA DE PROCESOS DE CALIDAD E INNOVACION,Femenino,2010-1,2021,Dependiente,"Actividades profesionales, científicas y técnicas","Entre 2,5 y 3 SMMLV","Entre 2,5 y 4 SMMLV",1
2812-Universidad EAN,8979-ESPECIALIZACION EN GERENCIA DE PROCESOS DE CALIDAD E INNOVACION,Femenino,2010-1,2021,Dependiente,"Actividades profesionales, científicas y técnicas","Entre 3,5 y 4 SMMLV","Entre 2,5 y 4 SMMLV",1
2812-Universidad EAN,8979-ESPECIALIZACION EN GERENCIA DE PROCESOS DE CALIDAD E INNOVACION,Femenino,2010-1,2021,Dependiente,Administración pública y defensa; planes de seguridad social de afiliación obligatoria,"Entre 4,5 y 5 SMMLV",Entre 4 y 6 SMMLV,1
2812-Universidad EAN,8979-ESPECIALIZACION EN GERENCIA DE PROCESOS DE CALIDAD E INNOVACION,Femenino,2010-1,2021,Dependiente,Educación,"Entre 4 y 4,5 SMMLV",Entre 4 y 6 SMMLV,1
2812-Universidad EAN,8979-ESPECIALIZACION EN GERENCIA DE PROCESOS DE CALIDAD E INNOVACION,Femenino,2010-1,2021,Dependiente,Industrias manufactureras,"Entre 1 y 1,5 SMMLV","Entre 1 y 1,5 SMMLV",1
2812-Universidad EAN,8979-ESPECIALIZACION EN GERENCIA DE PROCESOS DE CALIDAD E INNOVACION,Femenino,2010-1,2021,Dependiente,Industrias manufactureras,Entre 6 y 7 SMMLV,Entre 6 y 9 SMMLV,1
2812-Universidad EAN,8979-ESPECIALIZACION EN GERENCIA DE PROCESOS DE CALIDAD E INNOVACION,Femenino,2010-1,2022,Dependiente,"Actividades artísticas, de entretenimiento y recreación","Entre 4 y 4,5 SMMLV",Entre 4 y 6 SMMLV,1
2812-Universidad EAN,8979-ESPECIALIZACION EN GERENCIA DE PROCESOS DE CALIDAD E INNOVACION,Femenino,2010-1,2022,Dependiente,"Actividades profesionales, científicas y técnicas","Entre 1,5 y 2 SMMLV","Entre 1,5 y 2,5 SMMLV",1
2812-Universidad EAN,8979-ESPECIALIZACION EN GERENCIA DE PROCESOS DE CALIDAD E INNOVACION,Femenino,2010-1,2022,Dependiente,"Actividades profesionales, científicas y técnicas","Entre 2,5 y 3 SMMLV","Entre 2,5 y 4 SMMLV",1
2812-Universidad EAN,8979-ESPECIALIZACION EN GERENCIA DE PROCESOS DE CALIDAD E INNOVACION,Femenino,2010-1,2022,Dependiente,"Actividades profesionales, científicas y técnicas","Entre 3,5 y 4 SMMLV","Entre 2,5 y 4 SMMLV",1
2812-Universidad EAN,8979-ESPECIALIZACION EN GERENCIA DE PROCESOS DE CALIDAD E INNOVACION,Femenino,2010-1,2022,Dependiente,Administración pública y defensa; planes de seguridad social de afiliación obligatoria,"Entre 3,5 y 4 SMMLV","Entre 2,5 y 4 SMMLV",1
2812-Universidad EAN,8979-ESPECIALIZACION EN GERENCIA DE PROCESOS DE CALIDAD E INNOVACION,Femenino,2010-1,2022,Dependiente,Industrias manufactureras,Entre 6 y 7 SMMLV,Entre 6 y 9 SMMLV,1
2812-Universidad EAN,8979-ESPECIALIZACION EN GERENCIA DE PROCESOS DE CALIDAD E INNOVACION,Femenino,2010-1,2023,Dependiente,"Actividades profesionales, científicas y técnicas","Entre 1,5 y 2 SMMLV","Entre 1,5 y 2,5 SMMLV",1
2812-Universidad EAN,8979-ESPECIALIZACION EN GERENCIA DE PROCESOS DE CALIDAD E INNOVACION,Femenino,2010-1,2023,Dependiente,"Actividades profesionales, científicas y técnicas","Entre 2,5 y 3 SMMLV","Entre 2,5 y 4 SMMLV",1
2812-Universidad EAN,8979-ESPECIALIZACION EN GERENCIA DE PROCESOS DE CALIDAD E INNOVACION,Femenino,2010-1,2023,Dependiente,"Actividades profesionales, científicas y técnicas","Entre 3 y 3,5 SMMLV","Entre 2,5 y 4 SMMLV",1
2812-Universidad EAN,8979-ESPECIALIZACION EN GERENCIA DE PROCESOS DE CALIDAD E INNOVACION,Femenino,2010-1,2023,Dependiente,Educación,"Entre 3,5 y 4 SMMLV","Entre 2,5 y 4 SMMLV",1
2812-Universidad EAN,8979-ESPECIALIZACION EN GERENCIA DE PROCESOS DE CALIDAD E INNOVACION,Femenino,2010-1,2023,Dependiente,Industrias manufactureras,Entre 5 y 6 SMMLV,Entre 4 y 6 SMMLV,1
2812-Universidad EAN,8979-ESPECIALIZACION EN GERENCIA DE PROCESOS DE CALIDAD E INNOVACION,Masculino,2010-1,2016,Dependiente,Educación,"Entre 4 y 4,5 SMMLV",Entre 4 y 6 SMMLV,1
2812-Universidad EAN,8979-ESPECIALIZACION EN GERENCIA DE PROCESOS DE CALIDAD E INNOVACION,Masculino,2010-1,2016,Dependiente,Educación,Entre 5 y 6 SMMLV,Entre 4 y 6 SMMLV,1
2812-Universidad EAN,8979-ESPECIALIZACION EN GERENCIA DE PROCESOS DE CALIDAD E INNOVACION,Masculino,2010-1,2017,Dependiente,Actividades de servicios administrativos y de apoyo,Entre 5 y 6 SMMLV,Entre 4 y 6 SMMLV,1
2812-Universidad EAN,8979-ESPECIALIZACION EN GERENCIA DE PROCESOS DE CALIDAD E INNOVACION,Masculino,2010-1,2017,Dependiente,Educación,Entre 5 y 6 SMMLV,Entre 4 y 6 SMMLV,1
2812-Universidad EAN,8979-ESPECIALIZACION EN GERENCIA DE PROCESOS DE CALIDAD E INNOVACION,Masculino,2010-1,2018,Dependiente,Educación,Entre 5 y 6 SMMLV,Entre 4 y 6 SMMLV,2
2812-Universidad EAN,8979-ESPECIALIZACION EN GERENCIA DE PROCESOS DE CALIDAD E INNOVACION,Masculino,2010-1,2019,Dependiente,Educación,Entre 5 y 6 SMMLV,Entre 4 y 6 SMMLV,2
2812-Universidad EAN,8979-ESPECIALIZACION EN GERENCIA DE PROCESOS DE CALIDAD E INNOVACION,Masculino,2010-1,2020,Dependiente,Educación,1 SMMLV,1 SMMLV,1
2812-Universidad EAN,8979-ESPECIALIZACION EN GERENCIA DE PROCESOS DE CALIDAD E INNOVACION,Masculino,2010-1,2020,Dependiente,Educación,Entre 5 y 6 SMMLV,Entre 4 y 6 SMMLV,1
2812-Universidad EAN,8979-ESPECIALIZACION EN GERENCIA DE PROCESOS DE CALIDAD E INNOVACION,Masculino,2010-1,2021,Dependiente,Educación,"Entre 3 y 3,5 SMMLV","Entre 2,5 y 4 SMMLV",1
2812-Universidad EAN,8979-ESPECIALIZACION EN GERENCIA DE PROCESOS DE CALIDAD E INNOVACION,Masculino,2010-1,2021,Dependiente,Educación,Entre 5 y 6 SMMLV,Entre 4 y 6 SMMLV,1
2812-Universidad EAN,8979-ESPECIALIZACION EN GERENCIA DE PROCESOS DE CALIDAD E INNOVACION,Masculino,2010-1,2022,Dependiente,Educación,"Entre 3,5 y 4 SMMLV","Entre 2,5 y 4 SMMLV",1
2812-Universidad EAN,8979-ESPECIALIZACION EN GERENCIA DE PROCESOS DE CALIDAD E INNOVACION,Masculino,2010-1,2022,Dependiente,Educación,Entre 5 y 6 SMMLV,Entre 4 y 6 SMMLV,1
2812-Universidad EAN,8979-ESPECIALIZACION EN GERENCIA DE PROCESOS DE CALIDAD E INNOVACION,Masculino,2010-1,2023,Dependiente,Administración pública y defensa; planes de seguridad social de afiliación obligatoria,Entre 6 y 7 SMMLV,Entre 6 y 9 SMMLV,1
2812-Universidad EAN,8979-ESPECIALIZACION EN GERENCIA DE PROCESOS DE CALIDAD E INNOVACION,Masculino,2010-1,2023,Dependiente,Educación,Entre 5 y 6 SMMLV,Entre 4 y 6 SMMLV,1
2812-Universidad EAN,7514-ESPECIALIZACION EN GESTION HUMANA,Femenino,2010-1,2016,Dependiente,Alojamiento y servicios de comida,"Entre 4 y 4,5 SMMLV",Entre 4 y 6 SMMLV,1
2812-Universidad EAN,52891-ESPECIALIZACION EN GOBIERNO Y GERENCIA PUBLICA,Femenino,2010-1,2016,Dependiente,Actividades de atención de la salud humana y de asistencia social,Entre 5 y 6 SMMLV,Entre 4 y 6 SMMLV,2
2812-Universidad EAN,52891-ESPECIALIZACION EN GOBIERNO Y GERENCIA PUBLICA,Femenino,2010-1,2016,Dependiente,Administración pública y defensa; planes de seguridad social de afiliación obligatoria,Entre 9 y 11 SMMLV,Más de 9 SMMLV,1
2812-Universidad EAN,52891-ESPECIALIZACION EN GOBIERNO Y GERENCIA PUBLICA,Femenino,2010-1,2017,Dependiente,Actividades de atención de la salud humana y de asistencia social,"Entre 4,5 y 5 SMMLV",Entre 4 y 6 SMMLV,2
2812-Universidad EAN,52891-ESPECIALIZACION EN GOBIERNO Y GERENCIA PUBLICA,Femenino,2010-1,2017,Dependiente,Administración pública y defensa; planes de seguridad social de afiliación obligatoria,Entre 5 y 6 SMMLV,Entre 4 y 6 SMMLV,1
2812-Universidad EAN,52891-ESPECIALIZACION EN GOBIERNO Y GERENCIA PUBLICA,Femenino,2010-1,2018,Dependiente,Actividades de atención de la salud humana y de asistencia social,"Entre 4,5 y 5 SMMLV",Entre 4 y 6 SMMLV,1
2812-Universidad EAN,52891-ESPECIALIZACION EN GOBIERNO Y GERENCIA PUBLICA,Femenino,2010-1,2019,Dependiente,Actividades de atención de la salud humana y de asistencia social,"Entre 4 y 4,5 SMMLV",Entre 4 y 6 SMMLV,1
2812-Universidad EAN,52891-ESPECIALIZACION EN GOBIERNO Y GERENCIA PUBLICA,Femenino,2010-1,2022,Dependiente,"Actividades profesionales, científicas y técnicas",Entre 9 y 11 SMMLV,Más de 9 SMMLV,1
2812-Universidad EAN,52891-ESPECIALIZACION EN GOBIERNO Y GERENCIA PUBLICA,Femenino,2010-1,2023,Dependiente,Administración pública y defensa; planes de seguridad social de afiliación obligatoria,Entre 9 y 11 SMMLV,Más de 9 SMMLV,1
2812-Universidad EAN,52891-ESPECIALIZACION EN GOBIERNO Y GERENCIA PUBLICA,Masculino,2010-1,2016,Dependiente,Administración pública y defensa; planes de seguridad social de afiliación obligatoria,"Entre 2,5 y 3 SMMLV","Entre 2,5 y 4 SMMLV",1
2812-Universidad EAN,52891-ESPECIALIZACION EN GOBIERNO Y GERENCIA PUBLICA,Masculino,2010-1,2016,Dependiente,Administración pública y defensa; planes de seguridad social de afiliación obligatoria,"Entre 4 y 4,5 SMMLV",Entre 4 y 6 SMMLV,1
2812-Universidad EAN,52891-ESPECIALIZACION EN GOBIERNO Y GERENCIA PUBLICA,Masculino,2010-1,2017,Dependiente,Educación,"Entre 2,5 y 3 SMMLV","Entre 2,5 y 4 SMMLV",1
2812-Universidad EAN,52891-ESPECIALIZACION EN GOBIERNO Y GERENCIA PUBLICA,Masculino,2010-1,2017,Dependiente,Sin información,Entre 8 y 9 SMMLV,Entre 6 y 9 SMMLV,1
2812-Universidad EAN,52891-ESPECIALIZACION EN GOBIERNO Y GERENCIA PUBLICA,Masculino,2010-1,2018,Dependiente,Educación,"Entre 2,5 y 3 SMMLV","Entre 2,5 y 4 SMMLV",1
2812-Universidad EAN,52891-ESPECIALIZACION EN GOBIERNO Y GERENCIA PUBLICA,Masculino,2010-1,2018,Dependiente,Sin información,Entre 8 y 9 SMMLV,Entre 6 y 9 SMMLV,1
2812-Universidad EAN,52891-ESPECIALIZACION EN GOBIERNO Y GERENCIA PUBLICA,Masculino,2010-1,2019,Dependiente,Administración pública y defensa; planes de seguridad social de afiliación obligatoria,Entre 7 y 8 SMMLV,Entre 6 y 9 SMMLV,1
2812-Universidad EAN,52891-ESPECIALIZACION EN GOBIERNO Y GERENCIA PUBLICA,Masculino,2010-1,2019,Dependiente,Administración pública y defensa; planes de seguridad social de afiliación obligatoria,Entre 13 y 15 SMMLV,Más de 9 SMMLV,1
2812-Universidad EAN,52891-ESPECIALIZACION EN GOBIERNO Y GERENCIA PUBLICA,Masculino,2010-1,2020,Dependiente,Administración pública y defensa; planes de seguridad social de afiliación obligatoria,Entre 6 y 7 SMMLV,Entre 6 y 9 SMMLV,1
2812-Universidad EAN,52891-ESPECIALIZACION EN GOBIERNO Y GERENCIA PUBLICA,Masculino,2010-1,2020,Dependiente,Administración pública y defensa; planes de seguridad social de afiliación obligatoria,Entre 13 y 15 SMMLV,Más de 9 SMMLV,1
2812-Universidad EAN,52891-ESPECIALIZACION EN GOBIERNO Y GERENCIA PUBLICA,Masculino,2010-1,2021,Dependiente,Administración pública y defensa; planes de seguridad social de afiliación obligatoria,Entre 11 y 13 SMMLV,Más de 9 SMMLV,1
2812-Universidad EAN,52891-ESPECIALIZACION EN GOBIERNO Y GERENCIA PUBLICA,Masculino,2010-1,2022,Dependiente,Administración pública y defensa; planes de seguridad social de afiliación obligatoria,Entre 11 y 13 SMMLV,Más de 9 SMMLV,1
1204-Universidad Industrial de Santander,683-TECNOLOGIA EMPRESARIAL,Femenino,2010-1,2016,Dependiente,Actividades de atención de la salud humana y de asistencia social,"Entre 1 y 1,5 SMMLV","Entre 1 y 1,5 SMMLV",2
1204-Universidad Industrial de Santander,683-TECNOLOGIA EMPRESARIAL,Femenino,2010-1,2016,Dependiente,Actividades financieras y de seguros,"Entre 4,5 y 5 SMMLV",Entre 4 y 6 SMMLV,1
1204-Universidad Industrial de Santander,683-TECNOLOGIA EMPRESARIAL,Femenino,2010-1,2016,Dependiente,Construccion,1 SMMLV,1 SMMLV,1
1204-Universidad Industrial de Santander,683-TECNOLOGIA EMPRESARIAL,Femenino,2010-1,2016,Dependiente,Construccion,"Entre 1 y 1,5 SMMLV","Entre 1 y 1,5 SMMLV",1
1204-Universidad Industrial de Santander,683-TECNOLOGIA EMPRESARIAL,Femenino,2010-1,2016,Dependiente,Sin información,1 SMMLV,1 SMMLV,1
1204-Universidad Industrial de Santander,683-TECNOLOGIA EMPRESARIAL,Femenino,2010-1,2017,Dependiente,Actividades de atención de la salud humana y de asistencia social,"Entre 1 y 1,5 SMMLV","Entre 1 y 1,5 SMMLV",1
1204-Universidad Industrial de Santander,683-TECNOLOGIA EMPRESARIAL,Femenino,2010-1,2017,Dependiente,Actividades financieras y de seguros,"Entre 2 y 2 ,5 SMMLV","Entre 1,5 y 2,5 SMMLV",1
1204-Universidad Industrial de Santander,683-TECNOLOGIA EMPRESARIAL,Femenino,2010-1,2017,Dependiente,"Actividades profesionales, científicas y técnicas","Entre 1 y 1,5 SMMLV","Entre 1 y 1,5 SMMLV",1
1204-Universidad Industrial de Santander,683-TECNOLOGIA EMPRESARIAL,Femenino,2010-1,2017,Dependiente,"Actividades profesionales, científicas y técnicas","Entre 4 y 4,5 SMMLV",Entre 4 y 6 SMMLV,1
1204-Universidad Industrial de Santander,683-TECNOLOGIA EMPRESARIAL,Femenino,2010-1,2017,Dependiente,Educación,"Entre 1,5 y 2 SMMLV","Entre 1,5 y 2,5 SMMLV",1
1204-Universidad Industrial de Santander,683-TECNOLOGIA EMPRESARIAL,Femenino,2010-1,2017,Dependiente,Sin información,"Entre 1 y 1,5 SMMLV","Entre 1 y 1,5 SMMLV",2
1204-Universidad Industrial de Santander,683-TECNOLOGIA EMPRESARIAL,Femenino,2010-1,2017,Dependiente,Sin información,"Entre 2 y 2 ,5 SMMLV","Entre 1,5 y 2,5 SMMLV",1
1204-Universidad Industrial de Santander,683-TECNOLOGIA EMPRESARIAL,Femenino,2010-1,2018,Dependiente,Actividades de atención de la salud humana y de asistencia social,"Entre 1 y 1,5 SMMLV","Entre 1 y 1,5 SMMLV",1
1204-Universidad Industrial de Santander,683-TECNOLOGIA EMPRESARIAL,Femenino,2010-1,2018,Dependiente,Actividades financieras y de seguros,"Entre 2 y 2 ,5 SMMLV","Entre 1,5 y 2,5 SMMLV",1
1204-Universidad Industrial de Santander,683-TECNOLOGIA EMPRESARIAL,Femenino,2010-1,2018,Dependiente,"Actividades profesionales, científicas y técnicas","Entre 1 y 1,5 SMMLV","Entre 1 y 1,5 SMMLV",1
1204-Universidad Industrial de Santander,683-TECNOLOGIA EMPRESARIAL,Femenino,2010-1,2018,Dependiente,Otras actividades de servicios,"Entre 1 y 1,5 SMMLV","Entre 1 y 1,5 SMMLV",1
1204-Universidad Industrial de Santander,683-TECNOLOGIA EMPRESARIAL,Femenino,2010-1,2018,Dependiente,Sin información,"Entre 1 y 1,5 SMMLV","Entre 1 y 1,5 SMMLV",1
1204-Universidad Industrial de Santander,683-TECNOLOGIA EMPRESARIAL,Femenino,2010-1,2018,Dependiente,Sin información,"Entre 2 y 2 ,5 SMMLV","Entre 1,5 y 2,5 SMMLV",1
1204-Universidad Industrial de Santander,683-TECNOLOGIA EMPRESARIAL,Femenino,2010-1,2019,Dependiente,Actividades de atención de la salud humana y de asistencia social,"Entre 1 y 1,5 SMMLV","Entre 1 y 1,5 SMMLV",1
1204-Universidad Industrial de Santander,683-TECNOLOGIA EMPRESARIAL,Femenino,2010-1,2019,Dependiente,Actividades de servicios administrativos y de apoyo,"Entre 1 y 1,5 SMMLV","Entre 1 y 1,5 SMMLV",1
1204-Universidad Industrial de Santander,683-TECNOLOGIA EMPRESARIAL,Femenino,2010-1,2019,Dependiente,Actividades financieras y de seguros,"Entre 2 y 2 ,5 SMMLV","Entre 1,5 y 2,5 SMMLV",1
1204-Universidad Industrial de Santander,683-TECNOLOGIA EMPRESARIAL,Femenino,2010-1,2019,Dependiente,Administración pública y defensa; planes de seguridad social de afiliación obligatoria,"Entre 2 y 2 ,5 SMMLV","Entre 1,5 y 2,5 SMMLV",1
1204-Universidad Industrial de Santander,683-TECNOLOGIA EMPRESARIAL,Femenino,2010-1,2019,Dependiente,Alojamiento y servicios de comida,"Entre 1 y 1,5 SMMLV","Entre 1 y 1,5 SMMLV",1
1204-Universidad Industrial de Santander,683-TECNOLOGIA EMPRESARIAL,Femenino,2010-1,2019,Dependiente,Construccion,"Entre 1 y 1,5 SMMLV","Entre 1 y 1,5 SMMLV",1
1204-Universidad Industrial de Santander,683-TECNOLOGIA EMPRESARIAL,Femenino,2010-1,2019,Dependiente,Otras actividades de servicios,"Entre 1 y 1,5 SMMLV","Entre 1 y 1,5 SMMLV",1
1204-Universidad Industrial de Santander,683-TECNOLOGIA EMPRESARIAL,Femenino,2010-1,2020,Dependiente,Actividades de atención de la salud humana y de asistencia social,1 SMMLV,1 SMMLV,1
1204-Universidad Industrial de Santander,683-TECNOLOGIA EMPRESARIAL,Femenino,2010-1,2020,Dependiente,Actividades financieras y de seguros,"Entre 2 y 2 ,5 SMMLV","Entre 1,5 y 2,5 SMMLV",1
1204-Universidad Industrial de Santander,683-TECNOLOGIA EMPRESARIAL,Femenino,2010-1,2020,Dependiente,Administración pública y defensa; planes de seguridad social de afiliación obligatoria,"Entre 2 y 2 ,5 SMMLV","Entre 1,5 y 2,5 SMMLV",1
1204-Universidad Industrial de Santander,683-TECNOLOGIA EMPRESARIAL,Femenino,2010-1,2020,Dependiente,Alojamiento y servicios de comida,1 SMMLV,1 SMMLV,1
1204-Universidad Industrial de Santander,683-TECNOLOGIA EMPRESARIAL,Femenino,2010-1,2020,Dependiente,Comercio al por mayor y al por menor; reparación de vehículos automotores y motocicletas,"Entre 1 y 1,5 SMMLV","Entre 1 y 1,5 SMMLV",1
1204-Universidad Industrial de Santander,683-TECNOLOGIA EMPRESARIAL,Femenino,2010-1,2020,Dependiente,Industrias manufactureras,"Entre 1 y 1,5 SMMLV","Entre 1 y 1,5 SMMLV",1
1204-Universidad Industrial de Santander,683-TECNOLOGIA EMPRESARIAL,Femenino,2010-1,2020,Dependiente,Otras actividades de servicios,"Entre 1 y 1,5 SMMLV","Entre 1 y 1,5 SMMLV",1
1204-Universidad Industrial de Santander,683-TECNOLOGIA EMPRESARIAL,Femenino,2010-1,2021,Dependiente,Actividades de atención de la salud humana y de asistencia social,"Entre 1 y 1,5 SMMLV","Entre 1 y 1,5 SMMLV",1
1204-Universidad Industrial de Santander,683-TECNOLOGIA EMPRESARIAL,Femenino,2010-1,2021,Dependiente,Actividades de atención de la salud humana y de asistencia social,"Entre 1,5 y 2 SMMLV","Entre 1,5 y 2,5 SMMLV",1
1204-Universidad Industrial de Santander,683-TECNOLOGIA EMPRESARIAL,Femenino,2010-1,2021,Dependiente,Actividades financieras y de seguros,"Entre 1 y 1,5 SMMLV","Entre 1 y 1,5 SMMLV",1
1204-Universidad Industrial de Santander,683-TECNOLOGIA EMPRESARIAL,Femenino,2010-1,2021,Dependiente,Actividades financieras y de seguros,"Entre 2 y 2 ,5 SMMLV","Entre 1,5 y 2,5 SMMLV",1
1204-Universidad Industrial de Santander,683-TECNOLOGIA EMPRESARIAL,Femenino,2010-1,2021,Dependiente,"Actividades profesionales, científicas y técnicas","Entre 1 y 1,5 SMMLV","Entre 1 y 1,5 SMMLV",2
1204-Universidad Industrial de Santander,683-TECNOLOGIA EMPRESARIAL,Femenino,2010-1,2021,Dependiente,Administración pública y defensa; planes de seguridad social de afiliación obligatoria,"Entre 3 y 3,5 SMMLV","Entre 2,5 y 4 SMMLV",2
1204-Universidad Industrial de Santander,683-TECNOLOGIA EMPRESARIAL,Femenino,2010-1,2021,Dependiente,Alojamiento y servicios de comida,"Entre 1 y 1,5 SMMLV","Entre 1 y 1,5 SMMLV",1
1204-Universidad Industrial de Santander,683-TECNOLOGIA EMPRESARIAL,Femenino,2010-1,2021,Dependiente,Alojamiento y servicios de comida,"Entre 4,5 y 5 SMMLV",Entre 4 y 6 SMMLV,1
1204-Universidad Industrial de Santander,683-TECNOLOGIA EMPRESARIAL,Femenino,2010-1,2021,Dependiente,Comercio al por mayor y al por menor; reparación de vehículos automotores y motocicletas,"Entre 1 y 1,5 SMMLV","Entre 1 y 1,5 SMMLV",3
1204-Universidad Industrial de Santander,683-TECNOLOGIA EMPRESARIAL,Femenino,2010-1,2021,Dependiente,Comercio al por mayor y al por menor; reparación de vehículos automotores y motocicletas,"Entre 1,5 y 2 SMMLV","Entre 1,5 y 2,5 SMMLV",1
1204-Universidad Industrial de Santander,683-TECNOLOGIA EMPRESARIAL,Femenino,2010-1,2021,Dependiente,Construccion,"Entre 1,5 y 2 SMMLV","Entre 1,5 y 2,5 SMMLV",1
1204-Universidad Industrial de Santander,683-TECNOLOGIA EMPRESARIAL,Femenino,2010-1,2021,Dependiente,"Distribución de agua; evacuación y tratamiento de aguas residuales, gestión de desechos y actividades de saneamiento ambiental","Entre 1 y 1,5 SMMLV","Entre 1 y 1,5 SMMLV",1
1204-Universidad Industrial de Santander,683-TECNOLOGIA EMPRESARIAL,Femenino,2010-1,2021,Dependiente,Otras actividades de servicios,"Entre 1 y 1,5 SMMLV","Entre 1 y 1,5 SMMLV",1
1204-Universidad Industrial de Santander,683-TECNOLOGIA EMPRESARIAL,Femenino,2010-1,2021,Dependiente,Otras actividades de servicios,"Entre 1,5 y 2 SMMLV","Entre 1,5 y 2,5 SMMLV",1
1204-Universidad Industrial de Santander,683-TECNOLOGIA EMPRESARIAL,Femenino,2010-1,2022,Dependiente,Actividades de atención de la salud humana y de asistencia social,"Entre 1 y 1,5 SMMLV","Entre 1 y 1,5 SMMLV",1
1204-Universidad Industrial de Santander,683-TECNOLOGIA EMPRESARIAL,Femenino,2010-1,2022,Dependiente,Actividades de servicios administrativos y de apoyo,"Entre 1 y 1,5 SMMLV","Entre 1 y 1,5 SMMLV",1
1204-Universidad Industrial de Santander,683-TECNOLOGIA EMPRESARIAL,Femenino,2010-1,2022,Dependiente,Actividades financieras y de seguros,"Entre 1 y 1,5 SMMLV","Entre 1 y 1,5 SMMLV",1
1204-Universidad Industrial de Santander,683-TECNOLOGIA EMPRESARIAL,Femenino,2010-1,2022,Dependiente,Actividades financieras y de seguros,"Entre 2 y 2 ,5 SMMLV","Entre 1,5 y 2,5 SMMLV",1
1204-Universidad Industrial de Santander,683-TECNOLOGIA EMPRESARIAL,Femenino,2010-1,2022,Dependiente,Administración pública y defensa; planes de seguridad social de afiliación obligatoria,"Entre 3 y 3,5 SMMLV","Entre 2,5 y 4 SMMLV",2
1204-Universidad Industrial de Santander,683-TECNOLOGIA EMPRESARIAL,Femenino,2010-1,2022,Dependiente,Alojamiento y servicios de comida,"Entre 4,5 y 5 SMMLV",Entre 4 y 6 SMMLV,1
1204-Universidad Industrial de Santander,683-TECNOLOGIA EMPRESARIAL,Femenino,2010-1,2022,Dependiente,Comercio al por mayor y al por menor; reparación de vehículos automotores y motocicletas,"Entre 1 y 1,5 SMMLV","Entre 1 y 1,5 SMMLV",3
1204-Universidad Industrial de Santander,683-TECNOLOGIA EMPRESARIAL,Femenino,2010-1,2022,Dependiente,Comercio al por mayor y al por menor; reparación de vehículos automotores y motocicletas,"Entre 1,5 y 2 SMMLV","Entre 1,5 y 2,5 SMMLV",1
1204-Universidad Industrial de Santander,683-TECNOLOGIA EMPRESARIAL,Femenino,2010-1,2022,Dependiente,Construccion,"Entre 2,5 y 3 SMMLV","Entre 2,5 y 4 SMMLV",1
1204-Universidad Industrial de Santander,683-TECNOLOGIA EMPRESARIAL,Femenino,2010-1,2022,Dependiente,"Distribución de agua; evacuación y tratamiento de aguas residuales, gestión de desechos y actividades de saneamiento ambiental","Entre 1 y 1,5 SMMLV","Entre 1 y 1,5 SMMLV",1
1204-Universidad Industrial de Santander,683-TECNOLOGIA EMPRESARIAL,Femenino,2010-1,2022,Dependiente,Otras actividades de servicios,"Entre 1,5 y 2 SMMLV","Entre 1,5 y 2,5 SMMLV",1
1204-Universidad Industrial de Santander,683-TECNOLOGIA EMPRESARIAL,Femenino,2010-1,2023,Dependiente,Actividades de atención de la salud humana y de asistencia social,"Entre 1 y 1,5 SMMLV","Entre 1 y 1,5 SMMLV",1
1204-Universidad Industrial de Santander,683-TECNOLOGIA EMPRESARIAL,Femenino,2010-1,2023,Dependiente,Actividades de servicios administrativos y de apoyo,"Entre 1 y 1,5 SMMLV","Entre 1 y 1,5 SMMLV",1
1204-Universidad Industrial de Santander,683-TECNOLOGIA EMPRESARIAL,Femenino,2010-1,2023,Dependiente,Actividades de servicios administrativos y de apoyo,"Entre 2,5 y 3 SMMLV","Entre 2,5 y 4 SMMLV",1
1204-Universidad Industrial de Santander,683-TECNOLOGIA EMPRESARIAL,Femenino,2010-1,2023,Dependiente,Actividades financieras y de seguros,"Entre 1 y 1,5 SMMLV","Entre 1 y 1,5 SMMLV",1
1204-Universidad Industrial de Santander,683-TECNOLOGIA EMPRESARIAL,Femenino,2010-1,2023,Dependiente,Actividades financieras y de seguros,"Entre 2 y 2 ,5 SMMLV","Entre 1,5 y 2,5 SMMLV",1
1204-Universidad Industrial de Santander,683-TECNOLOGIA EMPRESARIAL,Femenino,2010-1,2023,Dependiente,Administración pública y defensa; planes de seguridad social de afiliación obligatoria,"Entre 3 y 3,5 SMMLV","Entre 2,5 y 4 SMMLV",2
1204-Universidad Industrial de Santander,683-TECNOLOGIA EMPRESARIAL,Femenino,2010-1,2023,Dependiente,Alojamiento y servicios de comida,"Entre 4,5 y 5 SMMLV",Entre 4 y 6 SMMLV,1
1204-Universidad Industrial de Santander,683-TECNOLOGIA EMPRESARIAL,Femenino,2010-1,2023,Dependiente,Comercio al por mayor y al por menor; reparación de vehículos automotores y motocicletas,"Entre 1 y 1,5 SMMLV","Entre 1 y 1,5 SMMLV",2
1204-Universidad Industrial de Santander,683-TECNOLOGIA EMPRESARIAL,Femenino,2010-1,2023,Dependiente,Comercio al por mayor y al por menor; reparación de vehículos automotores y motocicletas,"Entre 1,5 y 2 SMMLV","Entre 1,5 y 2,5 SMMLV",1
1204-Universidad Industrial de Santander,683-TECNOLOGIA EMPRESARIAL,Femenino,2010-1,2023,Dependiente,Otras actividades de servicios,"Entre 1 y 1,5 SMMLV","Entre 1 y 1,5 SMMLV",1
1204-Universidad Industrial de Santander,683-TECNOLOGIA EMPRESARIAL,Masculino,2010-1,2016,Dependiente,Construccion,"Entre 4,5 y 5 SMMLV",Entre 4 y 6 SMMLV,1
1204-Universidad Industrial de Santander,683-TECNOLOGIA EMPRESARIAL,Masculino,2010-1,2016,Dependiente,Sin información,1 SMMLV,1 SMMLV,1
1204-Universidad Industrial de Santander,683-TECNOLOGIA EMPRESARIAL,Masculino,2010-1,2017,Dependiente,"Actividades profesionales, científicas y técnicas","Entre 2 y 2 ,5 SMMLV","Entre 1,5 y 2,5 SMMLV",1
1204-Universidad Industrial de Santander,683-TECNOLOGIA EMPRESARIAL,Masculino,2010-1,2017,Dependiente,Comercio al por mayor y al por menor; reparación de vehículos automotores y motocicletas,"Entre 4,5 y 5 SMMLV",Entre 4 y 6 SMMLV,1
1204-Universidad Industrial de Santander,683-TECNOLOGIA EMPRESARIAL,Masculino,2010-1,2017,Dependiente,Otras actividades de servicios,"Entre 1 y 1,5 SMMLV","Entre 1 y 1,5 SMMLV",1
1204-Universidad Industrial de Santander,683-TECNOLOGIA EMPRESARIAL,Masculino,2010-1,2018,Dependiente,"Actividades profesionales, científicas y técnicas","Entre 2 y 2 ,5 SMMLV","Entre 1,5 y 2,5 SMMLV",1
1204-Universidad Industrial de Santander,683-TECNOLOGIA EMPRESARIAL,Masculino,2010-1,2018,Dependiente,Comercio al por mayor y al por menor; reparación de vehículos automotores y motocicletas,"Entre 4,5 y 5 SMMLV",Entre 4 y 6 SMMLV,1
1204-Universidad Industrial de Santander,683-TECNOLOGIA EMPRESARIAL,Masculino,2010-1,2018,Dependiente,Otras actividades de servicios,"Entre 1 y 1,5 SMMLV","Entre 1 y 1,5 SMMLV",1
1204-Universidad Industrial de Santander,683-TECNOLOGIA EMPRESARIAL,Masculino,2010-1,2019,Dependiente,"Actividades profesionales, científicas y técnicas","Entre 1,5 y 2 SMMLV","Entre 1,5 y 2,5 SMMLV",1
1204-Universidad Industrial de Santander,683-TECNOLOGIA EMPRESARIAL,Masculino,2010-1,2019,Dependiente,Comercio al por mayor y al por menor; reparación de vehículos automotores y motocicletas,Entre 5 y 6 SMMLV,Entre 4 y 6 SMMLV,1
1204-Universidad Industrial de Santander,683-TECNOLOGIA EMPRESARIAL,Masculino,2010-1,2019,Dependiente,Construccion,"Entre 1 y 1,5 SMMLV","Entre 1 y 1,5 SMMLV",1
1204-Universidad Industrial de Santander,683-TECNOLOGIA EMPRESARIAL,Masculino,2010-1,2020,Dependiente,Comercio al por mayor y al por menor; reparación de vehículos automotores y motocicletas,"Entre 1 y 1,5 SMMLV","Entre 1 y 1,5 SMMLV",1
1204-Universidad Industrial de Santander,683-TECNOLOGIA EMPRESARIAL,Masculino,2010-1,2020,Dependiente,Comercio al por mayor y al por menor; reparación de vehículos automotores y motocicletas,"Entre 3 y 3,5 SMMLV","Entre 2,5 y 4 SMMLV",1
1204-Universidad Industrial de Santander,683-TECNOLOGIA EMPRESARIAL,Masculino,2010-1,2020,Dependiente,Otras actividades de servicios,"Entre 2 y 2 ,5 SMMLV","Entre 1,5 y 2,5 SMMLV",1
1204-Universidad Industrial de Santander,683-TECNOLOGIA EMPRESARIAL,Masculino,2010-1,2021,Dependiente,"Actividades profesionales, científicas y técnicas","Entre 1 y 1,5 SMMLV","Entre 1 y 1,5 SMMLV",1
1204-Universidad Industrial de Santander,683-TECNOLOGIA EMPRESARIAL,Masculino,2010-1,2021,Dependiente,Administración pública y defensa; planes de seguridad social de afiliación obligatoria,"Entre 1,5 y 2 SMMLV","Entre 1,5 y 2,5 SMMLV",1
1204-Universidad Industrial de Santander,683-TECNOLOGIA EMPRESARIAL,Masculino,2010-1,2021,Dependiente,Educación,"Entre 1 y 1,5 SMMLV","Entre 1 y 1,5 SMMLV",1
1204-Universidad Industrial de Santander,683-TECNOLOGIA EMPRESARIAL,Masculino,2010-1,2021,Dependiente,Información y comunicaciones,"Entre 1 y 1,5 SMMLV","Entre 1 y 1,5 SMMLV",1
1204-Universidad Industrial de Santander,683-TECNOLOGIA EMPRESARIAL,Masculino,2010-1,2022,Dependiente,"Actividades profesionales, científicas y técnicas",1 SMMLV,1 SMMLV,1
1204-Universidad Industrial de Santander,683-TECNOLOGIA EMPRESARIAL,Masculino,2010-1,2022,Dependiente,"Actividades profesionales, científicas y técnicas","Entre 1 y 1,5 SMMLV","Entre 1 y 1,5 SMMLV",1
1204-Universidad Industrial de Santander,683-TECNOLOGIA EMPRESARIAL,Masculino,2010-1,2022,Dependiente,Administración pública y defensa; planes de seguridad social de afiliación obligatoria,"Entre 1,5 y 2 SMMLV","Entre 1,5 y 2,5 SMMLV",1
1204-Universidad Industrial de Santander,683-TECNOLOGIA EMPRESARIAL,Masculino,2010-1,2022,Dependiente,Educación,"Entre 1 y 1,5 SMMLV","Entre 1 y 1,5 SMMLV",1
1204-Universidad Industrial de Santander,683-TECNOLOGIA EMPRESARIAL,Masculino,2010-1,2022,Dependiente,Información y comunicaciones,"Entre 1 y 1,5 SMMLV","Entre 1 y 1,5 SMMLV",1
1204-Universidad Industrial de Santander,683-TECNOLOGIA EMPRESARIAL,Masculino,2010-1,2023,Dependiente,"Actividades profesionales, científicas y técnicas",1 SMMLV,1 SMMLV,1
1204-Universidad Industrial de Santander,683-TECNOLOGIA EMPRESARIAL,Masculino,2010-1,2023,Dependiente,Administración pública y defensa; planes de seguridad social de afiliación obligatoria,"Entre 1,5 y 2 SMMLV","Entre 1,5 y 2,5 SMMLV",1
1204-Universidad Industrial de Santander,683-TECNOLOGIA EMPRESARIAL,Masculino,2010-1,2023,Dependiente,Educación,"Entre 1 y 1,5 SMMLV","Entre 1 y 1,5 SMMLV",1
1204-Universidad Industrial de Santander,683-TECNOLOGIA EMPRESARIAL,Masculino,2010-1,2023,Dependiente,Industrias manufactureras,"Entre 1 y 1,5 SMMLV","Entre 1 y 1,5 SMMLV",1
1735-Universidad Manuela Beltrán - UMB,103645-PSICOLOGIA,Femenino,2010-1,2017,Dependiente,Actividades de atención de la salud humana y de asistencia social,"Entre 2,5 y 3 SMMLV","Entre 2,5 y 4 SMMLV",1
1735-Universidad Manuela Beltrán - UMB,103645-PSICOLOGIA,Femenino,2010-1,2017,Dependiente,"Actividades profesionales, científicas y técnicas","Entre 4 y 4,5 SMMLV",Entre 4 y 6 SMMLV,1
1735-Universidad Manuela Beltrán - UMB,103645-PSICOLOGIA,Femenino,2010-1,2018,Dependiente,Actividades de atención de la salud humana y de asistencia social,"Entre 2,5 y 3 SMMLV","Entre 2,5 y 4 SMMLV",1
1735-Universidad Manuela Beltrán - UMB,103645-PSICOLOGIA,Femenino,2010-1,2018,Dependiente,Actividades de servicios administrativos y de apoyo,"Entre 3 y 3,5 SMMLV","Entre 2,5 y 4 SMMLV",1
1735-Universidad Manuela Beltrán - UMB,103645-PSICOLOGIA,Femenino,2010-1,2019,Dependiente,Actividades de atención de la salud humana y de asistencia social,"Entre 2 y 2 ,5 SMMLV","Entre 1,5 y 2,5 SMMLV",1
1735-Universidad Manuela Beltrán - UMB,103645-PSICOLOGIA,Femenino,2010-1,2019,Dependiente,Actividades de servicios administrativos y de apoyo,"Entre 3 y 3,5 SMMLV","Entre 2,5 y 4 SMMLV",1
1735-Universidad Manuela Beltrán - UMB,103645-PSICOLOGIA,Femenino,2010-1,2020,Dependiente,Actividades de servicios administrativos y de apoyo,"Entre 3 y 3,5 SMMLV","Entre 2,5 y 4 SMMLV",1
1735-Universidad Manuela Beltrán - UMB,103645-PSICOLOGIA,Femenino,2010-1,2021,Dependiente,Actividades de servicios administrativos y de apoyo,"Entre 3 y 3,5 SMMLV","Entre 2,5 y 4 SMMLV",1
1735-Universidad Manuela Beltrán - UMB,103645-PSICOLOGIA,Femenino,2010-1,2021,Dependiente,Administración pública y defensa; planes de seguridad social de afiliación obligatoria,"Entre 4 y 4,5 SMMLV",Entre 4 y 6 SMMLV,1
1735-Universidad Manuela Beltrán - UMB,103645-PSICOLOGIA,Femenino,2010-1,2022,Dependiente,Actividades de servicios administrativos y de apoyo,"Entre 2,5 y 3 SMMLV","Entre 2,5 y 4 SMMLV",1
1735-Universidad Manuela Beltrán - UMB,103645-PSICOLOGIA,Femenino,2010-1,2023,Dependiente,Actividades de servicios administrativos y de apoyo,"Entre 2,5 y 3 SMMLV","Entre 2,5 y 4 SMMLV",1
1735-Universidad Manuela Beltrán - UMB,103645-PSICOLOGIA,Femenino,2010-1,2023,Dependiente,Administración pública y defensa; planes de seguridad social de afiliación obligatoria,"Entre 3 y 3,5 SMMLV","Entre 2,5 y 4 SMMLV",1
1117-Universidad Militar - Nueva Granada,10963-RELACIONES INTERNACIONALES Y ESTUDIOS POLITICOS,Femenino,2010-1,2016,Dependiente,Administración pública y defensa; planes de seguridad social de afiliación obligatoria,Entre 5 y 6 SMMLV,Entre 4 y 6 SMMLV,1
1117-Universidad Militar - Nueva Granada,10963-RELACIONES INTERNACIONALES Y ESTUDIOS POLITICOS,Femenino,2010-1,2016,Dependiente,"Agricultura, ganadería, caza, silvicultura y pesca","Entre 4 y 4,5 SMMLV",Entre 4 y 6 SMMLV,1
1117-Universidad Militar - Nueva Granada,10963-RELACIONES INTERNACIONALES Y ESTUDIOS POLITICOS,Femenino,2010-1,2016,Dependiente,Comercio al por mayor y al por menor; reparación de vehículos automotores y motocicletas,"Entre 4,5 y 5 SMMLV",Entre 4 y 6 SMMLV,1
1117-Universidad Militar - Nueva Granada,10963-RELACIONES INTERNACIONALES Y ESTUDIOS POLITICOS,Femenino,2010-1,2016,Dependiente,Educación,"Entre 1,5 y 2 SMMLV","Entre 1,5 y 2,5 SMMLV",1
1117-Universidad Militar - Nueva Granada,10963-RELACIONES INTERNACIONALES Y ESTUDIOS POLITICOS,Femenino,2010-1,2017,Dependiente,Administración pública y defensa; planes de seguridad social de afiliación obligatoria,Entre 5 y 6 SMMLV,Entre 4 y 6 SMMLV,1
1117-Universidad Militar - Nueva Granada,10963-RELACIONES INTERNACIONALES Y ESTUDIOS POLITICOS,Femenino,2010-1,2017,Dependiente,Comercio al por mayor y al por menor; reparación de vehículos automotores y motocicletas,"Entre 4 y 4,5 SMMLV",Entre 4 y 6 SMMLV,1
1117-Universidad Militar - Nueva Granada,10963-RELACIONES INTERNACIONALES Y ESTUDIOS POLITICOS,Femenino,2010-1,2017,Dependiente,Comercio al por mayor y al por menor; reparación de vehículos automotores y motocicletas,"Entre 4,5 y 5 SMMLV",Entre 4 y 6 SMMLV,1
1117-Universidad Militar - Nueva Granada,10963-RELACIONES INTERNACIONALES Y ESTUDIOS POLITICOS,Femenino,2010-1,2017,Dependiente,Educación,"Entre 1 y 1,5 SMMLV","Entre 1 y 1,5 SMMLV",1
1117-Universidad Militar - Nueva Granada,10963-RELACIONES INTERNACIONALES Y ESTUDIOS POLITICOS,Femenino,2010-1,2018,Dependiente,Actividades de servicios administrativos y de apoyo,1 SMMLV,1 SMMLV,1
1117-Universidad Militar - Nueva Granada,10963-RELACIONES INTERNACIONALES Y ESTUDIOS POLITICOS,Femenino,2010-1,2018,Dependiente,Administración pública y defensa; planes de seguridad social de afiliación obligatoria,Entre 5 y 6 SMMLV,Entre 4 y 6 SMMLV,1
1117-Universidad Militar - Nueva Granada,10963-RELACIONES INTERNACIONALES Y ESTUDIOS POLITICOS,Femenino,2010-1,2018,Dependiente,Comercio al por mayor y al por menor; reparación de vehículos automotores y motocicletas,"Entre 3,5 y 4 SMMLV","Entre 2,5 y 4 SMMLV",1
1117-Universidad Militar - Nueva Granada,10963-RELACIONES INTERNACIONALES Y ESTUDIOS POLITICOS,Femenino,2010-1,2018,Dependiente,Educación,"Entre 1,5 y 2 SMMLV","Entre 1,5 y 2,5 SMMLV",1
1117-Universidad Militar - Nueva Granada,10963-RELACIONES INTERNACIONALES Y ESTUDIOS POLITICOS,Femenino,2010-1,2018,Dependiente,Transporte y almacenamiento,"Entre 3,5 y 4 SMMLV","Entre 2,5 y 4 SMMLV",1
1117-Universidad Militar - Nueva Granada,10963-RELACIONES INTERNACIONALES Y ESTUDIOS POLITICOS,Femenino,2010-1,2019,Dependiente,Actividades de servicios administrativos y de apoyo,1 SMMLV,1 SMMLV,1
1117-Universidad Militar - Nueva Granada,10963-RELACIONES INTERNACIONALES Y ESTUDIOS POLITICOS,Femenino,2010-1,2019,Dependiente,Comercio al por mayor y al por menor; reparación de vehículos automotores y motocicletas,"Entre 4,5 y 5 SMMLV",Entre 4 y 6 SMMLV,1
1117-Universidad Militar - Nueva Granada,10963-RELACIONES INTERNACIONALES Y ESTUDIOS POLITICOS,Femenino,2010-1,2019,Dependiente,Educación,"Entre 1,5 y 2 SMMLV","Entre 1,5 y 2,5 SMMLV",1
1117-Universidad Militar - Nueva Granada,10963-RELACIONES INTERNACIONALES Y ESTUDIOS POLITICOS,Femenino,2010-1,2019,Dependiente,Transporte y almacenamiento,Entre 6 y 7 SMMLV,Entre 6 y 9 SMMLV,1
1117-Universidad Militar - Nueva Granada,10963-RELACIONES INTERNACIONALES Y ESTUDIOS POLITICOS,Femenino,2010-1,2020,Dependiente,Comercio al por mayor y al por menor; reparación de vehículos automotores y motocicletas,Entre 5 y 6 SMMLV,Entre 4 y 6 SMMLV,1
1117-Universidad Militar - Nueva Granada,10963-RELACIONES INTERNACIONALES Y ESTUDIOS POLITICOS,Femenino,2010-1,2020,Dependiente,Educación,"Entre 1,5 y 2 SMMLV","Entre 1,5 y 2,5 SMMLV",1
1117-Universidad Militar - Nueva Granada,10963-RELACIONES INTERNACIONALES Y ESTUDIOS POLITICOS,Femenino,2010-1,2020,Dependiente,Transporte y almacenamiento,Entre 7 y 8 SMMLV,Entre 6 y 9 SMMLV,1
1117-Universidad Militar - Nueva Granada,10963-RELACIONES INTERNACIONALES Y ESTUDIOS POLITICOS,Femenino,2010-1,2021,Dependiente,Comercio al por mayor y al por menor; reparación de vehículos automotores y motocicletas,"Entre 4,5 y 5 SMMLV",Entre 4 y 6 SMMLV,1
1117-Universidad Militar - Nueva Granada,10963-RELACIONES INTERNACIONALES Y ESTUDIOS POLITICOS,Femenino,2010-1,2021,Dependiente,Educación,"Entre 1,5 y 2 SMMLV","Entre 1,5 y 2,5 SMMLV",1
1117-Universidad Militar - Nueva Granada,10963-RELACIONES INTERNACIONALES Y ESTUDIOS POLITICOS,Femenino,2010-1,2021,Dependiente,Transporte y almacenamiento,Entre 6 y 7 SMMLV,Entre 6 y 9 SMMLV,1
1117-Universidad Militar - Nueva Granada,10963-RELACIONES INTERNACIONALES Y ESTUDIOS POLITICOS,Femenino,2010-1,2022,Dependiente,"Agricultura, ganadería, caza, silvicultura y pesca",1 SMMLV,1 SMMLV,1
1117-Universidad Militar - Nueva Granada,10963-RELACIONES INTERNACIONALES Y ESTUDIOS POLITICOS,Femenino,2010-1,2022,Dependiente,Educación,"Entre 1,5 y 2 SMMLV","Entre 1,5 y 2,5 SMMLV",1
1117-Universidad Militar - Nueva Granada,10963-RELACIONES INTERNACIONALES Y ESTUDIOS POLITICOS,Femenino,2010-1,2023,Dependiente,Educación,"Entre 1,5 y 2 SMMLV","Entre 1,5 y 2,5 SMMLV",1
1117-Universidad Militar - Nueva Granada,10963-RELACIONES INTERNACIONALES Y ESTUDIOS POLITICOS,Masculino,2010-1,2016,Dependiente,"Actividades profesionales, científicas y técnicas",Entre 6 y 7 SMMLV,Entre 6 y 9 SMMLV,1
1117-Universidad Militar - Nueva Granada,10963-RELACIONES INTERNACIONALES Y ESTUDIOS POLITICOS,Masculino,2010-1,2016,Dependiente,"Actividades profesionales, científicas y técnicas",Más de 15 SMMLV,Más de 9 SMMLV,1
1117-Universidad Militar - Nueva Granada,10963-RELACIONES INTERNACIONALES Y ESTUDIOS POLITICOS,Masculino,2010-1,2016,Dependiente,Administración pública y defensa; planes de seguridad social de afiliación obligatoria,Entre 5 y 6 SMMLV,Entre 4 y 6 SMMLV,2
1117-Universidad Militar - Nueva Granada,10963-RELACIONES INTERNACIONALES Y ESTUDIOS POLITICOS,Masculino,2010-1,2017,Dependiente,"Actividades profesionales, científicas y técnicas",Entre 6 y 7 SMMLV,Entre 6 y 9 SMMLV,1
1117-Universidad Militar - Nueva Granada,10963-RELACIONES INTERNACIONALES Y ESTUDIOS POLITICOS,Masculino,2010-1,2017,Dependiente,Administración pública y defensa; planes de seguridad social de afiliación obligatoria,"Entre 2,5 y 3 SMMLV","Entre 2,5 y 4 SMMLV",1
1117-Universidad Militar - Nueva Granada,10963-RELACIONES INTERNACIONALES Y ESTUDIOS POLITICOS,Masculino,2010-1,2017,Dependiente,Administración pública y defensa; planes de seguridad social de afiliación obligatoria,Entre 5 y 6 SMMLV,Entre 4 y 6 SMMLV,1
1117-Universidad Militar - Nueva Granada,10963-RELACIONES INTERNACIONALES Y ESTUDIOS POLITICOS,Masculino,2010-1,2017,Dependiente,Administración pública y defensa; planes de seguridad social de afiliación obligatoria,Más de 15 SMMLV,Más de 9 SMMLV,1
1117-Universidad Militar - Nueva Granada,10963-RELACIONES INTERNACIONALES Y ESTUDIOS POLITICOS,Masculino,2010-1,2018,Dependiente,Administración pública y defensa; planes de seguridad social de afiliación obligatoria,Entre 5 y 6 SMMLV,Entre 4 y 6 SMMLV,1
1117-Universidad Militar - Nueva Granada,10963-RELACIONES INTERNACIONALES Y ESTUDIOS POLITICOS,Masculino,2010-1,2018,Dependiente,Administración pública y defensa; planes de seguridad social de afiliación obligatoria,Más de 15 SMMLV,Más de 9 SMMLV,1
1117-Universidad Militar - Nueva Granada,10963-RELACIONES INTERNACIONALES Y ESTUDIOS POLITICOS,Masculino,2010-1,2019,Dependiente,Administración pública y defensa; planes de seguridad social de afiliación obligatoria,Entre 9 y 11 SMMLV,Más de 9 SMMLV,1
1117-Universidad Militar - Nueva Granada,10963-RELACIONES INTERNACIONALES Y ESTUDIOS POLITICOS,Masculino,2010-1,2019,Dependiente,Administración pública y defensa; planes de seguridad social de afiliación obligatoria,Entre 13 y 15 SMMLV,Más de 9 SMMLV,1
1117-Universidad Militar - Nueva Granada,10963-RELACIONES INTERNACIONALES Y ESTUDIOS POLITICOS,Masculino,2010-1,2020,Dependiente,Actividades de atención de la salud humana y de asistencia social,Entre 9 y 11 SMMLV,Más de 9 SMMLV,1
1117-Universidad Militar - Nueva Granada,10963-RELACIONES INTERNACIONALES Y ESTUDIOS POLITICOS,Masculino,2010-1,2020,Dependiente,Administración pública y defensa; planes de seguridad social de afiliación obligatoria,Entre 11 y 13 SMMLV,Más de 9 SMMLV,1
1117-Universidad Militar - Nueva Granada,10963-RELACIONES INTERNACIONALES Y ESTUDIOS POLITICOS,Masculino,2010-1,2020,Dependiente,Administración pública y defensa; planes de seguridad social de afiliación obligatoria,Más de 15 SMMLV,Más de 9 SMMLV,1
1117-Universidad Militar - Nueva Granada,10963-RELACIONES INTERNACIONALES Y ESTUDIOS POLITICOS,Masculino,2010-1,2021,Dependiente,Administración pública y defensa; planes de seguridad social de afiliación obligatoria,Entre 13 y 15 SMMLV,Más de 9 SMMLV,1
1117-Universidad Militar - Nueva Granada,10963-RELACIONES INTERNACIONALES Y ESTUDIOS POLITICOS,Masculino,2010-1,2021,Dependiente,Comercio al por mayor y al por menor; reparación de vehículos automotores y motocicletas,"Entre 2 y 2 ,5 SMMLV","Entre 1,5 y 2,5 SMMLV",1
1117-Universidad Militar - Nueva Granada,10963-RELACIONES INTERNACIONALES Y ESTUDIOS POLITICOS,Masculino,2010-1,2022,Dependiente,Administración pública y defensa; planes de seguridad social de afiliación obligatoria,Entre 13 y 15 SMMLV,Más de 9 SMMLV,1
1117-Universidad Militar - Nueva Granada,10963-RELACIONES INTERNACIONALES Y ESTUDIOS POLITICOS,Masculino,2010-1,2023,Dependiente,Administración pública y defensa; planes de seguridad social de afiliación obligatoria,Entre 13 y 15 SMMLV,Más de 9 SMMLV,1
2102-Universidad Nacional Abierta y a Distancia - UNAD,1688-ADMINISTRACION DE EMPRESAS,Femenino,2010-1,2020,Dependiente,"Actividades artísticas, de entretenimiento y recreación","Entre 1 y 1,5 SMMLV","Entre 1 y 1,5 SMMLV",1
2102-Universidad Nacional Abierta y a Distancia - UNAD,1688-ADMINISTRACION DE EMPRESAS,Femenino,2010-1,2020,Dependiente,"Actividades artísticas, de entretenimiento y recreación","Entre 4 y 4,5 SMMLV",Entre 4 y 6 SMMLV,1
2102-Universidad Nacional Abierta y a Distancia - UNAD,1688-ADMINISTRACION DE EMPRESAS,Femenino,2010-1,2020,Dependiente,Actividades de atención de la salud humana y de asistencia social,1 SMMLV,1 SMMLV,1
2102-Universidad Nacional Abierta y a Distancia - UNAD,1688-ADMINISTRACION DE EMPRESAS,Femenino,2010-1,2020,Dependiente,Actividades de atención de la salud humana y de asistencia social,"Entre 1 y 1,5 SMMLV","Entre 1 y 1,5 SMMLV",1
2102-Universidad Nacional Abierta y a Distancia - UNAD,1688-ADMINISTRACION DE EMPRESAS,Femenino,2010-1,2020,Dependiente,Actividades de atención de la salud humana y de asistencia social,"Entre 2 y 2 ,5 SMMLV","Entre 1,5 y 2,5 SMMLV",1
2102-Universidad Nacional Abierta y a Distancia - UNAD,1688-ADMINISTRACION DE EMPRESAS,Femenino,2010-1,2020,Dependiente,Actividades de atención de la salud humana y de asistencia social,"Entre 2,5 y 3 SMMLV","Entre 2,5 y 4 SMMLV",1
2102-Universidad Nacional Abierta y a Distancia - UNAD,1688-ADMINISTRACION DE EMPRESAS,Femenino,2010-1,2020,Dependiente,Actividades de atención de la salud humana y de asistencia social,"Entre 3,5 y 4 SMMLV","Entre 2,5 y 4 SMMLV",1
2102-Universidad Nacional Abierta y a Distancia - UNAD,1688-ADMINISTRACION DE EMPRESAS,Femenino,2010-1,2020,Dependiente,Actividades de atención de la salud humana y de asistencia social,Entre 9 y 11 SMMLV,Más de 9 SMMLV,1
2102-Universidad Nacional Abierta y a Distancia - UNAD,1688-ADMINISTRACION DE EMPRESAS,Femenino,2010-1,2020,Dependiente,Actividades de organizaciones y entidades extraterritoriales,"Entre 3 y 3,5 SMMLV","Entre 2,5 y 4 SMMLV",1
2102-Universidad Nacional Abierta y a Distancia - UNAD,1688-ADMINISTRACION DE EMPRESAS,Femenino,2010-1,2020,Dependiente,Actividades de servicios administrativos y de apoyo,"Entre 1 y 1,5 SMMLV","Entre 1 y 1,5 SMMLV",1
2102-Universidad Nacional Abierta y a Distancia - UNAD,1688-ADMINISTRACION DE EMPRESAS,Femenino,2010-1,2020,Dependiente,Actividades de servicios administrativos y de apoyo,"Entre 1,5 y 2 SMMLV","Entre 1,5 y 2,5 SMMLV",2
2102-Universidad Nacional Abierta y a Distancia - UNAD,1688-ADMINISTRACION DE EMPRESAS,Femenino,2010-1,2020,Dependiente,Actividades de servicios administrativos y de apoyo,"Entre 3 y 3,5 SMMLV","Entre 2,5 y 4 SMMLV",1
2102-Universidad Nacional Abierta y a Distancia - UNAD,1688-ADMINISTRACION DE EMPRESAS,Femenino,2010-1,2020,Dependiente,Actividades financieras y de seguros,"Entre 1 y 1,5 SMMLV","Entre 1 y 1,5 SMMLV",1
2102-Universidad Nacional Abierta y a Distancia - UNAD,1688-ADMINISTRACION DE EMPRESAS,Femenino,2010-1,2020,Dependiente,Actividades financieras y de seguros,"Entre 1,5 y 2 SMMLV","Entre 1,5 y 2,5 SMMLV",2
2102-Universidad Nacional Abierta y a Distancia - UNAD,1688-ADMINISTRACION DE EMPRESAS,Femenino,2010-1,2020,Dependiente,Actividades financieras y de seguros,"Entre 3 y 3,5 SMMLV","Entre 2,5 y 4 SMMLV",1
2102-Universidad Nacional Abierta y a Distancia - UNAD,1688-ADMINISTRACION DE EMPRESAS,Femenino,2010-1,2020,Dependiente,Actividades inmobiliarias,"Entre 1 y 1,5 SMMLV","Entre 1 y 1,5 SMMLV",1
2102-Universidad Nacional Abierta y a Distancia - UNAD,1688-ADMINISTRACION DE EMPRESAS,Femenino,2010-1,2020,Dependiente,"Actividades profesionales, científicas y técnicas","Entre 1 y 1,5 SMMLV","Entre 1 y 1,5 SMMLV",3
2102-Universidad Nacional Abierta y a Distancia - UNAD,1688-ADMINISTRACION DE EMPRESAS,Femenino,2010-1,2020,Dependiente,"Actividades profesionales, científicas y técnicas","Entre 1,5 y 2 SMMLV","Entre 1,5 y 2,5 SMMLV",1
2102-Universidad Nacional Abierta y a Distancia - UNAD,1688-ADMINISTRACION DE EMPRESAS,Femenino,2010-1,2020,Dependiente,"Actividades profesionales, científicas y técnicas","Entre 2 y 2 ,5 SMMLV","Entre 1,5 y 2,5 SMMLV",2
2102-Universidad Nacional Abierta y a Distancia - UNAD,1688-ADMINISTRACION DE EMPRESAS,Femenino,2010-1,2020,Dependiente,"Actividades profesionales, científicas y técnicas","Entre 2,5 y 3 SMMLV","Entre 2,5 y 4 SMMLV",2
2102-Universidad Nacional Abierta y a Distancia - UNAD,1688-ADMINISTRACION DE EMPRESAS,Femenino,2010-1,2020,Dependiente,"Actividades profesionales, científicas y técnicas","Entre 3 y 3,5 SMMLV","Entre 2,5 y 4 SMMLV",1
2102-Universidad Nacional Abierta y a Distancia - UNAD,1688-ADMINISTRACION DE EMPRESAS,Femenino,2010-1,2020,Dependiente,"Actividades profesionales, científicas y técnicas","Entre 4 y 4,5 SMMLV",Entre 4 y 6 SMMLV,1
2102-Universidad Nacional Abierta y a Distancia - UNAD,1688-ADMINISTRACION DE EMPRESAS,Femenino,2010-1,2020,Dependiente,"Actividades profesionales, científicas y técnicas",Entre 5 y 6 SMMLV,Entre 4 y 6 SMMLV,2
2102-Universidad Nacional Abierta y a Distancia - UNAD,1688-ADMINISTRACION DE EMPRESAS,Femenino,2010-1,2020,Dependiente,"Actividades profesionales, científicas y técnicas",Entre 6 y 7 SMMLV,Entre 6 y 9 SMMLV,1
2102-Universidad Nacional Abierta y a Distancia - UNAD,1688-ADMINISTRACION DE EMPRESAS,Femenino,2010-1,2020,Dependiente,"Actividades profesionales, científicas y técnicas",Más de 15 SMMLV,Más de 9 SMMLV,1
2102-Universidad Nacional Abierta y a Distancia - UNAD,1688-ADMINISTRACION DE EMPRESAS,Femenino,2010-1,2020,Dependiente,Administración pública y defensa; planes de seguridad social de afiliación obligatoria,"Entre 1 y 1,5 SMMLV","Entre 1 y 1,5 SMMLV",5
2102-Universidad Nacional Abierta y a Distancia - UNAD,1688-ADMINISTRACION DE EMPRESAS,Femenino,2010-1,2020,Dependiente,Administración pública y defensa; planes de seguridad social de afiliación obligatoria,"Entre 1,5 y 2 SMMLV","Entre 1,5 y 2,5 SMMLV",1
2102-Universidad Nacional Abierta y a Distancia - UNAD,1688-ADMINISTRACION DE EMPRESAS,Femenino,2010-1,2020,Dependiente,Administración pública y defensa; planes de seguridad social de afiliación obligatoria,"Entre 2 y 2 ,5 SMMLV","Entre 1,5 y 2,5 SMMLV",3
2102-Universidad Nacional Abierta y a Distancia - UNAD,1688-ADMINISTRACION DE EMPRESAS,Femenino,2010-1,2020,Dependiente,Administración pública y defensa; planes de seguridad social de afiliación obligatoria,"Entre 3 y 3,5 SMMLV","Entre 2,5 y 4 SMMLV",6
2102-Universidad Nacional Abierta y a Distancia - UNAD,1688-ADMINISTRACION DE EMPRESAS,Femenino,2010-1,2020,Dependiente,Administración pública y defensa; planes de seguridad social de afiliación obligatoria,"Entre 3,5 y 4 SMMLV","Entre 2,5 y 4 SMMLV",1
2102-Universidad Nacional Abierta y a Distancia - UNAD,1688-ADMINISTRACION DE EMPRESAS,Femenino,2010-1,2020,Dependiente,Administración pública y defensa; planes de seguridad social de afiliación obligatoria,"Entre 4 y 4,5 SMMLV",Entre 4 y 6 SMMLV,1
2102-Universidad Nacional Abierta y a Distancia - UNAD,1688-ADMINISTRACION DE EMPRESAS,Femenino,2010-1,2020,Dependiente,Administración pública y defensa; planes de seguridad social de afiliación obligatoria,"Entre 4,5 y 5 SMMLV",Entre 4 y 6 SMMLV,1
2102-Universidad Nacional Abierta y a Distancia - UNAD,1688-ADMINISTRACION DE EMPRESAS,Femenino,2010-1,2020,Dependiente,Administración pública y defensa; planes de seguridad social de afiliación obligatoria,Entre 5 y 6 SMMLV,Entre 4 y 6 SMMLV,1
2102-Universidad Nacional Abierta y a Distancia - UNAD,1688-ADMINISTRACION DE EMPRESAS,Femenino,2010-1,2020,Dependiente,Administración pública y defensa; planes de seguridad social de afiliación obligatoria,Entre 8 y 9 SMMLV,Entre 6 y 9 SMMLV,1
2102-Universidad Nacional Abierta y a Distancia - UNAD,1688-ADMINISTRACION DE EMPRESAS,Femenino,2010-1,2020,Dependiente,Alojamiento y servicios de comida,1 SMMLV,1 SMMLV,1
2102-Universidad Nacional Abierta y a Distancia - UNAD,1688-ADMINISTRACION DE EMPRESAS,Femenino,2010-1,2020,Dependiente,Comercio al por mayor y al por menor; reparación de vehículos automotores y motocicletas,1 SMMLV,1 SMMLV,1
2102-Universidad Nacional Abierta y a Distancia - UNAD,1688-ADMINISTRACION DE EMPRESAS,Femenino,2010-1,2020,Dependiente,Comercio al por mayor y al por menor; reparación de vehículos automotores y motocicletas,"Entre 1 y 1,5 SMMLV","Entre 1 y 1,5 SMMLV",8
2102-Universidad Nacional Abierta y a Distancia - UNAD,1688-ADMINISTRACION DE EMPRESAS,Femenino,2010-1,2020,Dependiente,Comercio al por mayor y al por menor; reparación de vehículos automotores y motocicletas,"Entre 1,5 y 2 SMMLV","Entre 1,5 y 2,5 SMMLV",2
2102-Universidad Nacional Abierta y a Distancia - UNAD,1688-ADMINISTRACION DE EMPRESAS,Femenino,2010-1,2020,Dependiente,Comercio al por mayor y al por menor; reparación de vehículos automotores y motocicletas,"Entre 2 y 2 ,5 SMMLV","Entre 1,5 y 2,5 SMMLV",2
2102-Universidad Nacional Abierta y a Distancia - UNAD,1688-ADMINISTRACION DE EMPRESAS,Femenino,2010-1,2020,Dependiente,Comercio al por mayor y al por menor; reparación de vehículos automotores y motocicletas,"Entre 3 y 3,5 SMMLV","Entre 2,5 y 4 SMMLV",1
2102-Universidad Nacional Abierta y a Distancia - UNAD,1688-ADMINISTRACION DE EMPRESAS,Femenino,2010-1,2020,Dependiente,Comercio al por mayor y al por menor; reparación de vehículos automotores y motocicletas,"Entre 4 y 4,5 SMMLV",Entre 4 y 6 SMMLV,1
2102-Universidad Nacional Abierta y a Distancia - UNAD,1688-ADMINISTRACION DE EMPRESAS,Femenino,2010-1,2020,Dependiente,Comercio al por mayor y al por menor; reparación de vehículos automotores y motocicletas,Entre 6 y 7 SMMLV,Entre 6 y 9 SMMLV,1
2102-Universidad Nacional Abierta y a Distancia - UNAD,1688-ADMINISTRACION DE EMPRESAS,Femenino,2010-1,2020,Dependiente,Comercio al por mayor y al por menor; reparación de vehículos automotores y motocicletas,Entre 7 y 8 SMMLV,Entre 6 y 9 SMMLV,1
2102-Universidad Nacional Abierta y a Distancia - UNAD,1688-ADMINISTRACION DE EMPRESAS,Femenino,2010-1,2020,Dependiente,Comercio al por mayor y al por menor; reparación de vehículos automotores y motocicletas,Más de 15 SMMLV,Más de 9 SMMLV,1
2102-Universidad Nacional Abierta y a Distancia - UNAD,1688-ADMINISTRACION DE EMPRESAS,Femenino,2010-1,2020,Dependiente,Construccion,1 SMMLV,1 SMMLV,1
2102-Universidad Nacional Abierta y a Distancia - UNAD,1688-ADMINISTRACION DE EMPRESAS,Femenino,2010-1,2020,Dependiente,Construccion,"Entre 1,5 y 2 SMMLV","Entre 1,5 y 2,5 SMMLV",2
2102-Universidad Nacional Abierta y a Distancia - UNAD,1688-ADMINISTRACION DE EMPRESAS,Femenino,2010-1,2020,Dependiente,Construccion,"Entre 3,5 y 4 SMMLV","Entre 2,5 y 4 SMMLV",2
2102-Universidad Nacional Abierta y a Distancia - UNAD,1688-ADMINISTRACION DE EMPRESAS,Femenino,2010-1,2020,Dependiente,"Distribución de agua; evacuación y tratamiento de aguas residuales, gestión de desechos y actividades de saneamiento ambiental","Entre 1,5 y 2 SMMLV","Entre 1,5 y 2,5 SMMLV",1
2102-Universidad Nacional Abierta y a Distancia - UNAD,1688-ADMINISTRACION DE EMPRESAS,Femenino,2010-1,2020,Dependiente,"Distribución de agua; evacuación y tratamiento de aguas residuales, gestión de desechos y actividades de saneamiento ambiental",Entre 5 y 6 SMMLV,Entre 4 y 6 SMMLV,1
2102-Universidad Nacional Abierta y a Distancia - UNAD,1688-ADMINISTRACION DE EMPRESAS,Femenino,2010-1,2020,Dependiente,Educación,"Entre 1 y 1,5 SMMLV","Entre 1 y 1,5 SMMLV",1
2102-Universidad Nacional Abierta y a Distancia - UNAD,1688-ADMINISTRACION DE EMPRESAS,Femenino,2010-1,2020,Dependiente,Educación,"Entre 2 y 2 ,5 SMMLV","Entre 1,5 y 2,5 SMMLV",1
2102-Universidad Nacional Abierta y a Distancia - UNAD,1688-ADMINISTRACION DE EMPRESAS,Femenino,2010-1,2020,Dependiente,Explotación de minas y canteras,"Entre 1 y 1,5 SMMLV","Entre 1 y 1,5 SMMLV",1
2102-Universidad Nacional Abierta y a Distancia - UNAD,1688-ADMINISTRACION DE EMPRESAS,Femenino,2010-1,2020,Dependiente,Explotación de minas y canteras,"Entre 2 y 2 ,5 SMMLV","Entre 1,5 y 2,5 SMMLV",1
2102-Universidad Nacional Abierta y a Distancia - UNAD,1688-ADMINISTRACION DE EMPRESAS,Femenino,2010-1,2020,Dependiente,Industrias manufactureras,"Entre 1 y 1,5 SMMLV","Entre 1 y 1,5 SMMLV",1
2102-Universidad Nacional Abierta y a Distancia - UNAD,1688-ADMINISTRACION DE EMPRESAS,Femenino,2010-1,2020,Dependiente,Industrias manufactureras,"Entre 1,5 y 2 SMMLV","Entre 1,5 y 2,5 SMMLV",1
2102-Universidad Nacional Abierta y a Distancia - UNAD,1688-ADMINISTRACION DE EMPRESAS,Femenino,2010-1,2020,Dependiente,Industrias manufactureras,"Entre 2 y 2 ,5 SMMLV","Entre 1,5 y 2,5 SMMLV",1
2102-Universidad Nacional Abierta y a Distancia - UNAD,1688-ADMINISTRACION DE EMPRESAS,Femenino,2010-1,2020,Dependiente,Industrias manufactureras,"Entre 2,5 y 3 SMMLV","Entre 2,5 y 4 SMMLV",2
2102-Universidad Nacional Abierta y a Distancia - UNAD,1688-ADMINISTRACION DE EMPRESAS,Femenino,2010-1,2020,Dependiente,Industrias manufactureras,"Entre 3 y 3,5 SMMLV","Entre 2,5 y 4 SMMLV",2
2102-Universidad Nacional Abierta y a Distancia - UNAD,1688-ADMINISTRACION DE EMPRESAS,Femenino,2010-1,2020,Dependiente,Industrias manufactureras,"Entre 3,5 y 4 SMMLV","Entre 2,5 y 4 SMMLV",1
2102-Universidad Nacional Abierta y a Distancia - UNAD,1688-ADMINISTRACION DE EMPRESAS,Femenino,2010-1,2020,Dependiente,Información y comunicaciones,"Entre 1 y 1,5 SMMLV","Entre 1 y 1,5 SMMLV",1
2102-Universidad Nacional Abierta y a Distancia - UNAD,1688-ADMINISTRACION DE EMPRESAS,Femenino,2010-1,2020,Dependiente,Información y comunicaciones,"Entre 1,5 y 2 SMMLV","Entre 1,5 y 2,5 SMMLV",1
2102-Universidad Nacional Abierta y a Distancia - UNAD,1688-ADMINISTRACION DE EMPRESAS,Femenino,2010-1,2020,Dependiente,Información y comunicaciones,"Entre 3 y 3,5 SMMLV","Entre 2,5 y 4 SMMLV",1
2102-Universidad Nacional Abierta y a Distancia - UNAD,1688-ADMINISTRACION DE EMPRESAS,Femenino,2010-1,2020,Dependiente,Información y comunicaciones,Entre 6 y 7 SMMLV,Entre 6 y 9 SMMLV,1
2102-Universidad Nacional Abierta y a Distancia - UNAD,1688-ADMINISTRACION DE EMPRESAS,Femenino,2010-1,2020,Dependiente,Otras actividades de servicios,"Entre 1 y 1,5 SMMLV","Entre 1 y 1,5 SMMLV",1
2102-Universidad Nacional Abierta y a Distancia - UNAD,1688-ADMINISTRACION DE EMPRESAS,Femenino,2010-1,2020,Dependiente,Otras actividades de servicios,"Entre 2 y 2 ,5 SMMLV","Entre 1,5 y 2,5 SMMLV",2
2102-Universidad Nacional Abierta y a Distancia - UNAD,1688-ADMINISTRACION DE EMPRESAS,Femenino,2010-1,2020,Dependiente,Otras actividades de servicios,"Entre 3 y 3,5 SMMLV","Entre 2,5 y 4 SMMLV",1
2102-Universidad Nacional Abierta y a Distancia - UNAD,1688-ADMINISTRACION DE EMPRESAS,Femenino,2010-1,2020,Dependiente,Otras actividades de servicios,"Entre 4 y 4,5 SMMLV",Entre 4 y 6 SMMLV,1
2102-Universidad Nacional Abierta y a Distancia - UNAD,1688-ADMINISTRACION DE EMPRESAS,Femenino,2010-1,2020,Dependiente,Otras actividades de servicios,Entre 5 y 6 SMMLV,Entre 4 y 6 SMMLV,2
2102-Universidad Nacional Abierta y a Distancia - UNAD,1688-ADMINISTRACION DE EMPRESAS,Femenino,2010-1,2020,Dependiente,Transporte y almacenamiento,"Entre 1 y 1,5 SMMLV","Entre 1 y 1,5 SMMLV",1
2102-Universidad Nacional Abierta y a Distancia - UNAD,1688-ADMINISTRACION DE EMPRESAS,Femenino,2010-1,2020,Dependiente,Transporte y almacenamiento,"Entre 2,5 y 3 SMMLV","Entre 2,5 y 4 SMMLV",1
2102-Universidad Nacional Abierta y a Distancia - UNAD,1688-ADMINISTRACION DE EMPRESAS,Femenino,2010-1,2020,Dependiente,Transporte y almacenamiento,"Entre 3 y 3,5 SMMLV","Entre 2,5 y 4 SMMLV",1
2102-Universidad Nacional Abierta y a Distancia - UNAD,1688-ADMINISTRACION DE EMPRESAS,Masculino,2010-1,2020,Dependiente,"Actividades artísticas, de entretenimiento y recreación","Entre 2 y 2 ,5 SMMLV","Entre 1,5 y 2,5 SMMLV",1
2102-Universidad Nacional Abierta y a Distancia - UNAD,1688-ADMINISTRACION DE EMPRESAS,Masculino,2010-1,2020,Dependiente,Actividades de atención de la salud humana y de asistencia social,"Entre 1 y 1,5 SMMLV","Entre 1 y 1,5 SMMLV",1
2102-Universidad Nacional Abierta y a Distancia - UNAD,1688-ADMINISTRACION DE EMPRESAS,Masculino,2010-1,2020,Dependiente,Actividades de atención de la salud humana y de asistencia social,"Entre 3 y 3,5 SMMLV","Entre 2,5 y 4 SMMLV",1
2102-Universidad Nacional Abierta y a Distancia - UNAD,1688-ADMINISTRACION DE EMPRESAS,Masculino,2010-1,2020,Dependiente,Actividades de servicios administrativos y de apoyo,"Entre 1,5 y 2 SMMLV","Entre 1,5 y 2,5 SMMLV",1
2102-Universidad Nacional Abierta y a Distancia - UNAD,1688-ADMINISTRACION DE EMPRESAS,Masculino,2010-1,2020,Dependiente,Actividades de servicios administrativos y de apoyo,"Entre 2 y 2 ,5 SMMLV","Entre 1,5 y 2,5 SMMLV",1
2102-Universidad Nacional Abierta y a Distancia - UNAD,1688-ADMINISTRACION DE EMPRESAS,Masculino,2010-1,2020,Dependiente,Actividades de servicios administrativos y de apoyo,"Entre 2,5 y 3 SMMLV","Entre 2,5 y 4 SMMLV",1
2102-Universidad Nacional Abierta y a Distancia - UNAD,1688-ADMINISTRACION DE EMPRESAS,Masculino,2010-1,2020,Dependiente,Actividades de servicios administrativos y de apoyo,Más de 15 SMMLV,Más de 9 SMMLV,1
2102-Universidad Nacional Abierta y a Distancia - UNAD,1688-ADMINISTRACION DE EMPRESAS,Masculino,2010-1,2020,Dependiente,Actividades financieras y de seguros,"Entre 2,5 y 3 SMMLV","Entre 2,5 y 4 SMMLV",1
2102-Universidad Nacional Abierta y a Distancia - UNAD,1688-ADMINISTRACION DE EMPRESAS,Masculino,2010-1,2020,Dependiente,Actividades financieras y de seguros,Entre 5 y 6 SMMLV,Entre 4 y 6 SMMLV,1
2102-Universidad Nacional Abierta y a Distancia - UNAD,1688-ADMINISTRACION DE EMPRESAS,Masculino,2010-1,2020,Dependiente,"Actividades profesionales, científicas y técnicas","Entre 1 y 1,5 SMMLV","Entre 1 y 1,5 SMMLV",2
2102-Universidad Nacional Abierta y a Distancia - UNAD,1688-ADMINISTRACION DE EMPRESAS,Masculino,2010-1,2020,Dependiente,"Actividades profesionales, científicas y técnicas","Entre 3 y 3,5 SMMLV","Entre 2,5 y 4 SMMLV",1
2102-Universidad Nacional Abierta y a Distancia - UNAD,1688-ADMINISTRACION DE EMPRESAS,Masculino,2010-1,2020,Dependiente,"Actividades profesionales, científicas y técnicas",Entre 5 y 6 SMMLV,Entre 4 y 6 SMMLV,1
2102-Universidad Nacional Abierta y a Distancia - UNAD,1688-ADMINISTRACION DE EMPRESAS,Masculino,2010-1,2020,Dependiente,"Actividades profesionales, científicas y técnicas",Entre 6 y 7 SMMLV,Entre 6 y 9 SMMLV,1
2102-Universidad Nacional Abierta y a Distancia - UNAD,1688-ADMINISTRACION DE EMPRESAS,Masculino,2010-1,2020,Dependiente,Administración pública y defensa; planes de seguridad social de afiliación obligatoria,"Entre 1 y 1,5 SMMLV","Entre 1 y 1,5 SMMLV",1
2102-Universidad Nacional Abierta y a Distancia - UNAD,1688-ADMINISTRACION DE EMPRESAS,Masculino,2010-1,2020,Dependiente,Administración pública y defensa; planes de seguridad social de afiliación obligatoria,"Entre 1,5 y 2 SMMLV","Entre 1,5 y 2,5 SMMLV",1
2102-Universidad Nacional Abierta y a Distancia - UNAD,1688-ADMINISTRACION DE EMPRESAS,Masculino,2010-1,2020,Dependiente,Administración pública y defensa; planes de seguridad social de afiliación obligatoria,"Entre 2,5 y 3 SMMLV","Entre 2,5 y 4 SMMLV",5
2102-Universidad Nacional Abierta y a Distancia - UNAD,1688-ADMINISTRACION DE EMPRESAS,Masculino,2010-1,2020,Dependiente,Administración pública y defensa; planes de seguridad social de afiliación obligatoria,"Entre 3 y 3,5 SMMLV","Entre 2,5 y 4 SMMLV",2
2102-Universidad Nacional Abierta y a Distancia - UNAD,1688-ADMINISTRACION DE EMPRESAS,Masculino,2010-1,2020,Dependiente,Administración pública y defensa; planes de seguridad social de afiliación obligatoria,"Entre 3,5 y 4 SMMLV","Entre 2,5 y 4 SMMLV",1
2102-Universidad Nacional Abierta y a Distancia - UNAD,1688-ADMINISTRACION DE EMPRESAS,Masculino,2010-1,2020,Dependiente,Administración pública y defensa; planes de seguridad social de afiliación obligatoria,Entre 5 y 6 SMMLV,Entre 4 y 6 SMMLV,2
2102-Universidad Nacional Abierta y a Distancia - UNAD,1688-ADMINISTRACION DE EMPRESAS,Masculino,2010-1,2020,Dependiente,Administración pública y defensa; planes de seguridad social de afiliación obligatoria,Entre 6 y 7 SMMLV,Entre 6 y 9 SMMLV,1
2102-Universidad Nacional Abierta y a Distancia - UNAD,1688-ADMINISTRACION DE EMPRESAS,Masculino,2010-1,2020,Dependiente,Administración pública y defensa; planes de seguridad social de afiliación obligatoria,Entre 9 y 11 SMMLV,Más de 9 SMMLV,1
2102-Universidad Nacional Abierta y a Distancia - UNAD,1688-ADMINISTRACION DE EMPRESAS,Masculino,2010-1,2020,Dependiente,"Agricultura, ganadería, caza, silvicultura y pesca","Entre 1 y 1,5 SMMLV","Entre 1 y 1,5 SMMLV",1
2102-Universidad Nacional Abierta y a Distancia - UNAD,1688-ADMINISTRACION DE EMPRESAS,Masculino,2010-1,2020,Dependiente,Comercio al por mayor y al por menor; reparación de vehículos automotores y motocicletas,"Entre 1 y 1,5 SMMLV","Entre 1 y 1,5 SMMLV",4
2102-Universidad Nacional Abierta y a Distancia - UNAD,1688-ADMINISTRACION DE EMPRESAS,Masculino,2010-1,2020,Dependiente,Comercio al por mayor y al por menor; reparación de vehículos automotores y motocicletas,"Entre 2,5 y 3 SMMLV","Entre 2,5 y 4 SMMLV",1
2102-Universidad Nacional Abierta y a Distancia - UNAD,1688-ADMINISTRACION DE EMPRESAS,Masculino,2010-1,2020,Dependiente,Construccion,"Entre 1 y 1,5 SMMLV","Entre 1 y 1,5 SMMLV",1
2102-Universidad Nacional Abierta y a Distancia - UNAD,1688-ADMINISTRACION DE EMPRESAS,Masculino,2010-1,2020,Dependiente,Construccion,"Entre 2 y 2 ,5 SMMLV","Entre 1,5 y 2,5 SMMLV",1
2102-Universidad Nacional Abierta y a Distancia - UNAD,1688-ADMINISTRACION DE EMPRESAS,Masculino,2010-1,2020,Dependiente,Explotación de minas y canteras,"Entre 1,5 y 2 SMMLV","Entre 1,5 y 2,5 SMMLV",1
2102-Universidad Nacional Abierta y a Distancia - UNAD,1688-ADMINISTRACION DE EMPRESAS,Masculino,2010-1,2020,Dependiente,Industrias manufactureras,"Entre 1 y 1,5 SMMLV","Entre 1 y 1,5 SMMLV",2
2102-Universidad Nacional Abierta y a Distancia - UNAD,1688-ADMINISTRACION DE EMPRESAS,Masculino,2010-1,2020,Dependiente,Industrias manufactureras,"Entre 2 y 2 ,5 SMMLV","Entre 1,5 y 2,5 SMMLV",1
2102-Universidad Nacional Abierta y a Distancia - UNAD,1688-ADMINISTRACION DE EMPRESAS,Masculino,2010-1,2020,Dependiente,Industrias manufactureras,"Entre 3,5 y 4 SMMLV","Entre 2,5 y 4 SMMLV",2
2102-Universidad Nacional Abierta y a Distancia - UNAD,1688-ADMINISTRACION DE EMPRESAS,Masculino,2010-1,2020,Dependiente,Industrias manufactureras,"Entre 4,5 y 5 SMMLV",Entre 4 y 6 SMMLV,1
2102-Universidad Nacional Abierta y a Distancia - UNAD,1688-ADMINISTRACION DE EMPRESAS,Masculino,2010-1,2020,Dependiente,Industrias manufactureras,Entre 6 y 7 SMMLV,Entre 6 y 9 SMMLV,1
2102-Universidad Nacional Abierta y a Distancia - UNAD,1688-ADMINISTRACION DE EMPRESAS,Masculino,2010-1,2020,Dependiente,Información y comunicaciones,1 SMMLV,1 SMMLV,1
2102-Universidad Nacional Abierta y a Distancia - UNAD,1688-ADMINISTRACION DE EMPRESAS,Masculino,2010-1,2020,Dependiente,Información y comunicaciones,Entre 5 y 6 SMMLV,Entre 4 y 6 SMMLV,1
2102-Universidad Nacional Abierta y a Distancia - UNAD,1688-ADMINISTRACION DE EMPRESAS,Masculino,2010-1,2020,Dependiente,Otras actividades de servicios,"Entre 2 y 2 ,5 SMMLV","Entre 1,5 y 2,5 SMMLV",1
2102-Universidad Nacional Abierta y a Distancia - UNAD,1688-ADMINISTRACION DE EMPRESAS,Masculino,2010-1,2020,Dependiente,Otras actividades de servicios,Entre 6 y 7 SMMLV,Entre 6 y 9 SMMLV,1
2102-Universidad Nacional Abierta y a Distancia - UNAD,1688-ADMINISTRACION DE EMPRESAS,Masculino,2010-1,2020,Dependiente,Transporte y almacenamiento,"Entre 2 y 2 ,5 SMMLV","Entre 1,5 y 2,5 SMMLV",1
2102-Universidad Nacional Abierta y a Distancia - UNAD,1688-ADMINISTRACION DE EMPRESAS,Masculino,2010-1,2020,Dependiente,Transporte y almacenamiento,"Entre 2,5 y 3 SMMLV","Entre 2,5 y 4 SMMLV",1
2102-Universidad Nacional Abierta y a Distancia - UNAD,1688-ADMINISTRACION DE EMPRESAS,Masculino,2010-1,2020,Dependiente,Transporte y almacenamiento,Entre 9 y 11 SMMLV,Más de 9 SMMLV,1
2102-Universidad Nacional Abierta y a Distancia - UNAD,3425-COMUNICACION SOCIAL,Femenino,2010-1,2020,Dependiente,"Actividades profesionales, científicas y técnicas","Entre 1 y 1,5 SMMLV","Entre 1 y 1,5 SMMLV",1
2102-Universidad Nacional Abierta y a Distancia - UNAD,3425-COMUNICACION SOCIAL,Femenino,2010-1,2020,Dependiente,"Actividades profesionales, científicas y técnicas",Entre 5 y 6 SMMLV,Entre 4 y 6 SMMLV,1
2102-Universidad Nacional Abierta y a Distancia - UNAD,3425-COMUNICACION SOCIAL,Femenino,2010-1,2020,Dependiente,Administración pública y defensa; planes de seguridad social de afiliación obligatoria,"Entre 2 y 2 ,5 SMMLV","Entre 1,5 y 2,5 SMMLV",2
2102-Universidad Nacional Abierta y a Distancia - UNAD,3425-COMUNICACION SOCIAL,Femenino,2010-1,2020,Dependiente,Administración pública y defensa; planes de seguridad social de afiliación obligatoria,Entre 5 y 6 SMMLV,Entre 4 y 6 SMMLV,1
2102-Universidad Nacional Abierta y a Distancia - UNAD,3425-COMUNICACION SOCIAL,Femenino,2010-1,2020,Dependiente,Comercio al por mayor y al por menor; reparación de vehículos automotores y motocicletas,"Entre 2,5 y 3 SMMLV","Entre 2,5 y 4 SMMLV",1
2102-Universidad Nacional Abierta y a Distancia - UNAD,3425-COMUNICACION SOCIAL,Femenino,2010-1,2020,Dependiente,Información y comunicaciones,"Entre 1 y 1,5 SMMLV","Entre 1 y 1,5 SMMLV",1
2102-Universidad Nacional Abierta y a Distancia - UNAD,3425-COMUNICACION SOCIAL,Femenino,2010-1,2020,Dependiente,Otras actividades de servicios,"Entre 4 y 4,5 SMMLV",Entre 4 y 6 SMMLV,1
2102-Universidad Nacional Abierta y a Distancia - UNAD,3425-COMUNICACION SOCIAL,Masculino,2010-1,2020,Dependiente,Actividades financieras y de seguros,"Entre 2,5 y 3 SMMLV","Entre 2,5 y 4 SMMLV",1
2102-Universidad Nacional Abierta y a Distancia - UNAD,3425-COMUNICACION SOCIAL,Masculino,2010-1,2020,Dependiente,"Actividades profesionales, científicas y técnicas","Entre 4 y 4,5 SMMLV",Entre 4 y 6 SMMLV,1
2102-Universidad Nacional Abierta y a Distancia - UNAD,3425-COMUNICACION SOCIAL,Masculino,2010-1,2020,Dependiente,Administración pública y defensa; planes de seguridad social de afiliación obligatoria,"Entre 4 y 4,5 SMMLV",Entre 4 y 6 SMMLV,1
2102-Universidad Nacional Abierta y a Distancia - UNAD,3425-COMUNICACION SOCIAL,Masculino,2010-1,2020,Dependiente,"Agricultura, ganadería, caza, silvicultura y pesca","Entre 2 y 2 ,5 SMMLV","Entre 1,5 y 2,5 SMMLV",1
2102-Universidad Nacional Abierta y a Distancia - UNAD,3425-COMUNICACION SOCIAL,Masculino,2010-1,2020,Dependiente,Educación,Entre 5 y 6 SMMLV,Entre 4 y 6 SMMLV,1
2102-Universidad Nacional Abierta y a Distancia - UNAD,3425-COMUNICACION SOCIAL,Masculino,2010-1,2020,Dependiente,Otras actividades de servicios,Entre 7 y 8 SMMLV,Entre 6 y 9 SMMLV,1
2102-Universidad Nacional Abierta y a Distancia - UNAD,10673-ESPECIALIZACION EN EDUCACION SUPERIOR A DISTANCIA,Femenino,2010-1,2017,Dependiente,Educación,"Entre 3 y 3,5 SMMLV","Entre 2,5 y 4 SMMLV",1
2102-Universidad Nacional Abierta y a Distancia - UNAD,10673-ESPECIALIZACION EN EDUCACION SUPERIOR A DISTANCIA,Femenino,2010-1,2017,Dependiente,Educación,Entre 6 y 7 SMMLV,Entre 6 y 9 SMMLV,2
2102-Universidad Nacional Abierta y a Distancia - UNAD,10673-ESPECIALIZACION EN EDUCACION SUPERIOR A DISTANCIA,Femenino,2010-1,2017,Dependiente,Sin información,"Entre 4 y 4,5 SMMLV",Entre 4 y 6 SMMLV,1
2102-Universidad Nacional Abierta y a Distancia - UNAD,10673-ESPECIALIZACION EN EDUCACION SUPERIOR A DISTANCIA,Femenino,2010-1,2017,Dependiente,Transporte y almacenamiento,"Entre 1 y 1,5 SMMLV","Entre 1 y 1,5 SMMLV",1
2102-Universidad Nacional Abierta y a Distancia - UNAD,10673-ESPECIALIZACION EN EDUCACION SUPERIOR A DISTANCIA,Femenino,2010-1,2018,Dependiente,Educación,"Entre 3 y 3,5 SMMLV","Entre 2,5 y 4 SMMLV",1
2102-Universidad Nacional Abierta y a Distancia - UNAD,10673-ESPECIALIZACION EN EDUCACION SUPERIOR A DISTANCIA,Femenino,2010-1,2018,Dependiente,Educación,Entre 6 y 7 SMMLV,Entre 6 y 9 SMMLV,2
2102-Universidad Nacional Abierta y a Distancia - UNAD,10673-ESPECIALIZACION EN EDUCACION SUPERIOR A DISTANCIA,Femenino,2010-1,2018,Dependiente,Sin información,"Entre 4,5 y 5 SMMLV",Entre 4 y 6 SMMLV,1
2102-Universidad Nacional Abierta y a Distancia - UNAD,10673-ESPECIALIZACION EN EDUCACION SUPERIOR A DISTANCIA,Femenino,2010-1,2018,Dependiente,Transporte y almacenamiento,"Entre 1 y 1,5 SMMLV","Entre 1 y 1,5 SMMLV",1
2102-Universidad Nacional Abierta y a Distancia - UNAD,10673-ESPECIALIZACION EN EDUCACION SUPERIOR A DISTANCIA,Femenino,2010-1,2019,Dependiente,Administración pública y defensa; planes de seguridad social de afiliación obligatoria,Entre 5 y 6 SMMLV,Entre 4 y 6 SMMLV,1
2102-Universidad Nacional Abierta y a Distancia - UNAD,10673-ESPECIALIZACION EN EDUCACION SUPERIOR A DISTANCIA,Femenino,2010-1,2019,Dependiente,Educación,Entre 5 y 6 SMMLV,Entre 4 y 6 SMMLV,2
2102-Universidad Nacional Abierta y a Distancia - UNAD,10673-ESPECIALIZACION EN EDUCACION SUPERIOR A DISTANCIA,Femenino,2010-1,2019,Dependiente,Transporte y almacenamiento,"Entre 1 y 1,5 SMMLV","Entre 1 y 1,5 SMMLV",1
2102-Universidad Nacional Abierta y a Distancia - UNAD,10673-ESPECIALIZACION EN EDUCACION SUPERIOR A DISTANCIA,Femenino,2010-1,2020,Dependiente,"Actividades profesionales, científicas y técnicas",1 SMMLV,1 SMMLV,1
2102-Universidad Nacional Abierta y a Distancia - UNAD,10673-ESPECIALIZACION EN EDUCACION SUPERIOR A DISTANCIA,Femenino,2010-1,2020,Dependiente,Educación,Entre 5 y 6 SMMLV,Entre 4 y 6 SMMLV,2
2102-Universidad Nacional Abierta y a Distancia - UNAD,10673-ESPECIALIZACION EN EDUCACION SUPERIOR A DISTANCIA,Femenino,2010-1,2020,Dependiente,Transporte y almacenamiento,"Entre 1 y 1,5 SMMLV","Entre 1 y 1,5 SMMLV",1
2102-Universidad Nacional Abierta y a Distancia - UNAD,10673-ESPECIALIZACION EN EDUCACION SUPERIOR A DISTANCIA,Femenino,2010-1,2021,Dependiente,Administración pública y defensa; planes de seguridad social de afiliación obligatoria,"Entre 4,5 y 5 SMMLV",Entre 4 y 6 SMMLV,1
2102-Universidad Nacional Abierta y a Distancia - UNAD,10673-ESPECIALIZACION EN EDUCACION SUPERIOR A DISTANCIA,Femenino,2010-1,2021,Dependiente,Educación,Entre 5 y 6 SMMLV,Entre 4 y 6 SMMLV,2
2102-Universidad Nacional Abierta y a Distancia - UNAD,10673-ESPECIALIZACION EN EDUCACION SUPERIOR A DISTANCIA,Femenino,2010-1,2021,Dependiente,Transporte y almacenamiento,"Entre 1 y 1,5 SMMLV","Entre 1 y 1,5 SMMLV",1
2102-Universidad Nacional Abierta y a Distancia - UNAD,10673-ESPECIALIZACION EN EDUCACION SUPERIOR A DISTANCIA,Femenino,2010-1,2022,Dependiente,Administración pública y defensa; planes de seguridad social de afiliación obligatoria,"Entre 4,5 y 5 SMMLV",Entre 4 y 6 SMMLV,1
2102-Universidad Nacional Abierta y a Distancia - UNAD,10673-ESPECIALIZACION EN EDUCACION SUPERIOR A DISTANCIA,Femenino,2010-1,2022,Dependiente,Educación,"Entre 4,5 y 5 SMMLV",Entre 4 y 6 SMMLV,1
2102-Universidad Nacional Abierta y a Distancia - UNAD,10673-ESPECIALIZACION EN EDUCACION SUPERIOR A DISTANCIA,Femenino,2010-1,2022,Dependiente,Educación,Entre 5 y 6 SMMLV,Entre 4 y 6 SMMLV,1
2102-Universidad Nacional Abierta y a Distancia - UNAD,10673-ESPECIALIZACION EN EDUCACION SUPERIOR A DISTANCIA,Femenino,2010-1,2022,Dependiente,Transporte y almacenamiento,"Entre 1 y 1,5 SMMLV","Entre 1 y 1,5 SMMLV",1
2102-Universidad Nacional Abierta y a Distancia - UNAD,10673-ESPECIALIZACION EN EDUCACION SUPERIOR A DISTANCIA,Femenino,2010-1,2023,Dependiente,Administración pública y defensa; planes de seguridad social de afiliación obligatoria,"Entre 4,5 y 5 SMMLV",Entre 4 y 6 SMMLV,1
2102-Universidad Nacional Abierta y a Distancia - UNAD,10673-ESPECIALIZACION EN EDUCACION SUPERIOR A DISTANCIA,Femenino,2010-1,2023,Dependiente,Educación,Entre 5 y 6 SMMLV,Entre 4 y 6 SMMLV,2
2102-Universidad Nacional Abierta y a Distancia - UNAD,10673-ESPECIALIZACION EN EDUCACION SUPERIOR A DISTANCIA,Femenino,2010-1,2023,Dependiente,Transporte y almacenamiento,"Entre 1 y 1,5 SMMLV","Entre 1 y 1,5 SMMLV",1
2102-Universidad Nacional Abierta y a Distancia - UNAD,10673-ESPECIALIZACION EN EDUCACION SUPERIOR A DISTANCIA,Masculino,2010-1,2017,Dependiente,Actividades de organizaciones y entidades extraterritoriales,"Entre 3 y 3,5 SMMLV","Entre 2,5 y 4 SMMLV",1
2102-Universidad Nacional Abierta y a Distancia - UNAD,10673-ESPECIALIZACION EN EDUCACION SUPERIOR A DISTANCIA,Masculino,2010-1,2017,Dependiente,Actividades de servicios administrativos y de apoyo,Entre 6 y 7 SMMLV,Entre 6 y 9 SMMLV,1
2102-Universidad Nacional Abierta y a Distancia - UNAD,10673-ESPECIALIZACION EN EDUCACION SUPERIOR A DISTANCIA,Masculino,2010-1,2017,Dependiente,Administración pública y defensa; planes de seguridad social de afiliación obligatoria,"Entre 2,5 y 3 SMMLV","Entre 2,5 y 4 SMMLV",2
2102-Universidad Nacional Abierta y a Distancia - UNAD,10673-ESPECIALIZACION EN EDUCACION SUPERIOR A DISTANCIA,Masculino,2010-1,2017,Dependiente,Educación,Entre 5 y 6 SMMLV,Entre 4 y 6 SMMLV,3
2102-Universidad Nacional Abierta y a Distancia - UNAD,10673-ESPECIALIZACION EN EDUCACION SUPERIOR A DISTANCIA,Masculino,2010-1,2017,Dependiente,Educación,Entre 6 y 7 SMMLV,Entre 6 y 9 SMMLV,1
2102-Universidad Nacional Abierta y a Distancia - UNAD,10673-ESPECIALIZACION EN EDUCACION SUPERIOR A DISTANCIA,Masculino,2010-1,2017,Dependiente,Sin información,Entre 5 y 6 SMMLV,Entre 4 y 6 SMMLV,1
2102-Universidad Nacional Abierta y a Distancia - UNAD,10673-ESPECIALIZACION EN EDUCACION SUPERIOR A DISTANCIA,Masculino,2010-1,2018,Dependiente,Actividades de organizaciones y entidades extraterritoriales,"Entre 3 y 3,5 SMMLV","Entre 2,5 y 4 SMMLV",1
2102-Universidad Nacional Abierta y a Distancia - UNAD,10673-ESPECIALIZACION EN EDUCACION SUPERIOR A DISTANCIA,Masculino,2010-1,2018,Dependiente,Actividades de servicios administrativos y de apoyo,Entre 9 y 11 SMMLV,Más de 9 SMMLV,1
2102-Universidad Nacional Abierta y a Distancia - UNAD,10673-ESPECIALIZACION EN EDUCACION SUPERIOR A DISTANCIA,Masculino,2010-1,2018,Dependiente,Administración pública y defensa; planes de seguridad social de afiliación obligatoria,"Entre 2,5 y 3 SMMLV","Entre 2,5 y 4 SMMLV",2
2102-Universidad Nacional Abierta y a Distancia - UNAD,10673-ESPECIALIZACION EN EDUCACION SUPERIOR A DISTANCIA,Masculino,2010-1,2018,Dependiente,Educación,"Entre 3,5 y 4 SMMLV","Entre 2,5 y 4 SMMLV",1
2102-Universidad Nacional Abierta y a Distancia - UNAD,10673-ESPECIALIZACION EN EDUCACION SUPERIOR A DISTANCIA,Masculino,2010-1,2018,Dependiente,Educación,Entre 6 y 7 SMMLV,Entre 6 y 9 SMMLV,1
2102-Universidad Nacional Abierta y a Distancia - UNAD,10673-ESPECIALIZACION EN EDUCACION SUPERIOR A DISTANCIA,Masculino,2010-1,2018,Dependiente,Sin información,Entre 5 y 6 SMMLV,Entre 4 y 6 SMMLV,1
2102-Universidad Nacional Abierta y a Distancia - UNAD,10673-ESPECIALIZACION EN EDUCACION SUPERIOR A DISTANCIA,Masculino,2010-1,2019,Dependiente,Actividades de organizaciones y entidades extraterritoriales,"Entre 3 y 3,5 SMMLV","Entre 2,5 y 4 SMMLV",1
2102-Universidad Nacional Abierta y a Distancia - UNAD,10673-ESPECIALIZACION EN EDUCACION SUPERIOR A DISTANCIA,Masculino,2010-1,2019,Dependiente,Actividades de servicios administrativos y de apoyo,"Entre 1,5 y 2 SMMLV","Entre 1,5 y 2,5 SMMLV",1
2102-Universidad Nacional Abierta y a Distancia - UNAD,10673-ESPECIALIZACION EN EDUCACION SUPERIOR A DISTANCIA,Masculino,2010-1,2019,Dependiente,Actividades de servicios administrativos y de apoyo,Entre 11 y 13 SMMLV,Más de 9 SMMLV,1
2102-Universidad Nacional Abierta y a Distancia - UNAD,10673-ESPECIALIZACION EN EDUCACION SUPERIOR A DISTANCIA,Masculino,2010-1,2019,Dependiente,Administración pública y defensa; planes de seguridad social de afiliación obligatoria,"Entre 2,5 y 3 SMMLV","Entre 2,5 y 4 SMMLV",1
2102-Universidad Nacional Abierta y a Distancia - UNAD,10673-ESPECIALIZACION EN EDUCACION SUPERIOR A DISTANCIA,Masculino,2010-1,2019,Dependiente,Administración pública y defensa; planes de seguridad social de afiliación obligatoria,"Entre 3 y 3,5 SMMLV","Entre 2,5 y 4 SMMLV",1
2102-Universidad Nacional Abierta y a Distancia - UNAD,10673-ESPECIALIZACION EN EDUCACION SUPERIOR A DISTANCIA,Masculino,2010-1,2019,Dependiente,Administración pública y defensa; planes de seguridad social de afiliación obligatoria,Entre 5 y 6 SMMLV,Entre 4 y 6 SMMLV,1
2102-Universidad Nacional Abierta y a Distancia - UNAD,10673-ESPECIALIZACION EN EDUCACION SUPERIOR A DISTANCIA,Masculino,2010-1,2019,Dependiente,Educación,"Entre 4,5 y 5 SMMLV",Entre 4 y 6 SMMLV,1
2102-Universidad Nacional Abierta y a Distancia - UNAD,10673-ESPECIALIZACION EN EDUCACION SUPERIOR A DISTANCIA,Masculino,2010-1,2020,Dependiente,Actividades de organizaciones y entidades extraterritoriales,"Entre 3 y 3,5 SMMLV","Entre 2,5 y 4 SMMLV",1
2102-Universidad Nacional Abierta y a Distancia - UNAD,10673-ESPECIALIZACION EN EDUCACION SUPERIOR A DISTANCIA,Masculino,2010-1,2020,Dependiente,Actividades de servicios administrativos y de apoyo,Entre 11 y 13 SMMLV,Más de 9 SMMLV,1
2102-Universidad Nacional Abierta y a Distancia - UNAD,10673-ESPECIALIZACION EN EDUCACION SUPERIOR A DISTANCIA,Masculino,2010-1,2020,Dependiente,Administración pública y defensa; planes de seguridad social de afiliación obligatoria,"Entre 4 y 4,5 SMMLV",Entre 4 y 6 SMMLV,2
2102-Universidad Nacional Abierta y a Distancia - UNAD,10673-ESPECIALIZACION EN EDUCACION SUPERIOR A DISTANCIA,Masculino,2010-1,2020,Dependiente,Administración pública y defensa; planes de seguridad social de afiliación obligatoria,Entre 5 y 6 SMMLV,Entre 4 y 6 SMMLV,1
2102-Universidad Nacional Abierta y a Distancia - UNAD,10673-ESPECIALIZACION EN EDUCACION SUPERIOR A DISTANCIA,Masculino,2010-1,2020,Dependiente,Educación,"Entre 4 y 4,5 SMMLV",Entre 4 y 6 SMMLV,1
2102-Universidad Nacional Abierta y a Distancia - UNAD,10673-ESPECIALIZACION EN EDUCACION SUPERIOR A DISTANCIA,Masculino,2010-1,2020,Dependiente,Educación,"Entre 4,5 y 5 SMMLV",Entre 4 y 6 SMMLV,1
2102-Universidad Nacional Abierta y a Distancia - UNAD,10673-ESPECIALIZACION EN EDUCACION SUPERIOR A DISTANCIA,Masculino,2010-1,2021,Dependiente,Actividades de organizaciones y entidades extraterritoriales,"Entre 2,5 y 3 SMMLV","Entre 2,5 y 4 SMMLV",1
2102-Universidad Nacional Abierta y a Distancia - UNAD,10673-ESPECIALIZACION EN EDUCACION SUPERIOR A DISTANCIA,Masculino,2010-1,2021,Dependiente,Actividades de servicios administrativos y de apoyo,"Entre 4 y 4,5 SMMLV",Entre 4 y 6 SMMLV,1
2102-Universidad Nacional Abierta y a Distancia - UNAD,10673-ESPECIALIZACION EN EDUCACION SUPERIOR A DISTANCIA,Masculino,2010-1,2021,Dependiente,Actividades de servicios administrativos y de apoyo,Entre 11 y 13 SMMLV,Más de 9 SMMLV,1
2102-Universidad Nacional Abierta y a Distancia - UNAD,10673-ESPECIALIZACION EN EDUCACION SUPERIOR A DISTANCIA,Masculino,2010-1,2021,Dependiente,"Actividades profesionales, científicas y técnicas","Entre 3,5 y 4 SMMLV","Entre 2,5 y 4 SMMLV",1
2102-Universidad Nacional Abierta y a Distancia - UNAD,10673-ESPECIALIZACION EN EDUCACION SUPERIOR A DISTANCIA,Masculino,2010-1,2021,Dependiente,Administración pública y defensa; planes de seguridad social de afiliación obligatoria,"Entre 4 y 4,5 SMMLV",Entre 4 y 6 SMMLV,1
2102-Universidad Nacional Abierta y a Distancia - UNAD,10673-ESPECIALIZACION EN EDUCACION SUPERIOR A DISTANCIA,Masculino,2010-1,2021,Dependiente,Administración pública y defensa; planes de seguridad social de afiliación obligatoria,Entre 5 y 6 SMMLV,Entre 4 y 6 SMMLV,1
2102-Universidad Nacional Abierta y a Distancia - UNAD,10673-ESPECIALIZACION EN EDUCACION SUPERIOR A DISTANCIA,Masculino,2010-1,2021,Dependiente,Educación,Entre 5 y 6 SMMLV,Entre 4 y 6 SMMLV,1
2102-Universidad Nacional Abierta y a Distancia - UNAD,10673-ESPECIALIZACION EN EDUCACION SUPERIOR A DISTANCIA,Masculino,2010-1,2022,Dependiente,Actividades de atención de la salud humana y de asistencia social,"Entre 4 y 4,5 SMMLV",Entre 4 y 6 SMMLV,1
2102-Universidad Nacional Abierta y a Distancia - UNAD,10673-ESPECIALIZACION EN EDUCACION SUPERIOR A DISTANCIA,Masculino,2010-1,2022,Dependiente,Actividades de servicios administrativos y de apoyo,Entre 9 y 11 SMMLV,Más de 9 SMMLV,1
2102-Universidad Nacional Abierta y a Distancia - UNAD,10673-ESPECIALIZACION EN EDUCACION SUPERIOR A DISTANCIA,Masculino,2010-1,2022,Dependiente,"Actividades profesionales, científicas y técnicas","Entre 3,5 y 4 SMMLV","Entre 2,5 y 4 SMMLV",1
2102-Universidad Nacional Abierta y a Distancia - UNAD,10673-ESPECIALIZACION EN EDUCACION SUPERIOR A DISTANCIA,Masculino,2010-1,2022,Dependiente,Administración pública y defensa; planes de seguridad social de afiliación obligatoria,"Entre 2,5 y 3 SMMLV","Entre 2,5 y 4 SMMLV",1
2102-Universidad Nacional Abierta y a Distancia - UNAD,10673-ESPECIALIZACION EN EDUCACION SUPERIOR A DISTANCIA,Masculino,2010-1,2022,Dependiente,Administración pública y defensa; planes de seguridad social de afiliación obligatoria,Entre 5 y 6 SMMLV,Entre 4 y 6 SMMLV,1
2102-Universidad Nacional Abierta y a Distancia - UNAD,10673-ESPECIALIZACION EN EDUCACION SUPERIOR A DISTANCIA,Masculino,2010-1,2022,Dependiente,Educación,"Entre 4 y 4,5 SMMLV",Entre 4 y 6 SMMLV,1
2102-Universidad Nacional Abierta y a Distancia - UNAD,10673-ESPECIALIZACION EN EDUCACION SUPERIOR A DISTANCIA,Masculino,2010-1,2023,Dependiente,Actividades de atención de la salud humana y de asistencia social,"Entre 4 y 4,5 SMMLV",Entre 4 y 6 SMMLV,1
2102-Universidad Nacional Abierta y a Distancia - UNAD,10673-ESPECIALIZACION EN EDUCACION SUPERIOR A DISTANCIA,Masculino,2010-1,2023,Dependiente,Actividades de servicios administrativos y de apoyo,Entre 9 y 11 SMMLV,Más de 9 SMMLV,1
2102-Universidad Nacional Abierta y a Distancia - UNAD,10673-ESPECIALIZACION EN EDUCACION SUPERIOR A DISTANCIA,Masculino,2010-1,2023,Dependiente,Administración pública y defensa; planes de seguridad social de afiliación obligatoria,"Entre 2,5 y 3 SMMLV","Entre 2,5 y 4 SMMLV",1
2102-Universidad Nacional Abierta y a Distancia - UNAD,10673-ESPECIALIZACION EN EDUCACION SUPERIOR A DISTANCIA,Masculino,2010-1,2023,Dependiente,Administración pública y defensa; planes de seguridad social de afiliación obligatoria,"Entre 3,5 y 4 SMMLV","Entre 2,5 y 4 SMMLV",1
2102-Universidad Nacional Abierta y a Distancia - UNAD,10673-ESPECIALIZACION EN EDUCACION SUPERIOR A DISTANCIA,Masculino,2010-1,2023,Dependiente,Administración pública y defensa; planes de seguridad social de afiliación obligatoria,Entre 5 y 6 SMMLV,Entre 4 y 6 SMMLV,1
2102-Universidad Nacional Abierta y a Distancia - UNAD,10673-ESPECIALIZACION EN EDUCACION SUPERIOR A DISTANCIA,Masculino,2010-1,2023,Dependiente,Educación,"Entre 4 y 4,5 SMMLV",Entre 4 y 6 SMMLV,1
2102-Universidad Nacional Abierta y a Distancia - UNAD,"10674-ESPECIALIZACION EN EDUCACION, CULTURA Y POLITICA",Femenino,2010-1,2017,Dependiente,Actividades financieras y de seguros,"Entre 2,5 y 3 SMMLV","Entre 2,5 y 4 SMMLV",1
2102-Universidad Nacional Abierta y a Distancia - UNAD,"10674-ESPECIALIZACION EN EDUCACION, CULTURA Y POLITICA",Femenino,2010-1,2017,Dependiente,Educación,1 SMMLV,1 SMMLV,1
2102-Universidad Nacional Abierta y a Distancia - UNAD,"10674-ESPECIALIZACION EN EDUCACION, CULTURA Y POLITICA",Femenino,2010-1,2018,Dependiente,Actividades financieras y de seguros,"Entre 2,5 y 3 SMMLV","Entre 2,5 y 4 SMMLV",1
2102-Universidad Nacional Abierta y a Distancia - UNAD,"10674-ESPECIALIZACION EN EDUCACION, CULTURA Y POLITICA",Femenino,2010-1,2018,Dependiente,Educación,"Entre 3 y 3,5 SMMLV","Entre 2,5 y 4 SMMLV",1
2102-Universidad Nacional Abierta y a Distancia - UNAD,"10674-ESPECIALIZACION EN EDUCACION, CULTURA Y POLITICA",Femenino,2010-1,2018,Dependiente,Sin información,"Entre 4 y 4,5 SMMLV",Entre 4 y 6 SMMLV,1
2102-Universidad Nacional Abierta y a Distancia - UNAD,"10674-ESPECIALIZACION EN EDUCACION, CULTURA Y POLITICA",Femenino,2010-1,2019,Dependiente,Administración pública y defensa; planes de seguridad social de afiliación obligatoria,"Entre 2,5 y 3 SMMLV","Entre 2,5 y 4 SMMLV",1
2102-Universidad Nacional Abierta y a Distancia - UNAD,"10674-ESPECIALIZACION EN EDUCACION, CULTURA Y POLITICA",Femenino,2010-1,2019,Dependiente,Educación,"Entre 3 y 3,5 SMMLV","Entre 2,5 y 4 SMMLV",1
2102-Universidad Nacional Abierta y a Distancia - UNAD,"10674-ESPECIALIZACION EN EDUCACION, CULTURA Y POLITICA",Femenino,2010-1,2020,Dependiente,Actividades financieras y de seguros,"Entre 2,5 y 3 SMMLV","Entre 2,5 y 4 SMMLV",1
2102-Universidad Nacional Abierta y a Distancia - UNAD,"10674-ESPECIALIZACION EN EDUCACION, CULTURA Y POLITICA",Femenino,2010-1,2020,Dependiente,Educación,1 SMMLV,1 SMMLV,1
2102-Universidad Nacional Abierta y a Distancia - UNAD,"10674-ESPECIALIZACION EN EDUCACION, CULTURA Y POLITICA",Femenino,2010-1,2021,Dependiente,Educación,"Entre 1 y 1,5 SMMLV","Entre 1 y 1,5 SMMLV",1
2102-Universidad Nacional Abierta y a Distancia - UNAD,"10674-ESPECIALIZACION EN EDUCACION, CULTURA Y POLITICA",Femenino,2010-1,2022,Dependiente,Educación,Entre 5 y 6 SMMLV,Entre 4 y 6 SMMLV,1
2102-Universidad Nacional Abierta y a Distancia - UNAD,"10674-ESPECIALIZACION EN EDUCACION, CULTURA Y POLITICA",Femenino,2010-1,2023,Dependiente,Educación,Entre 5 y 6 SMMLV,Entre 4 y 6 SMMLV,1
2102-Universidad Nacional Abierta y a Distancia - UNAD,"10674-ESPECIALIZACION EN EDUCACION, CULTURA Y POLITICA",Masculino,2010-1,2017,Dependiente,"Actividades profesionales, científicas y técnicas","Entre 1 y 1,5 SMMLV","Entre 1 y 1,5 SMMLV",1
2102-Universidad Nacional Abierta y a Distancia - UNAD,"10674-ESPECIALIZACION EN EDUCACION, CULTURA Y POLITICA",Masculino,2010-1,2017,Dependiente,"Actividades profesionales, científicas y técnicas",Entre 9 y 11 SMMLV,Más de 9 SMMLV,1
2102-Universidad Nacional Abierta y a Distancia - UNAD,"10674-ESPECIALIZACION EN EDUCACION, CULTURA Y POLITICA",Masculino,2010-1,2017,Dependiente,Educación,"Entre 1,5 y 2 SMMLV","Entre 1,5 y 2,5 SMMLV",1
2102-Universidad Nacional Abierta y a Distancia - UNAD,"10674-ESPECIALIZACION EN EDUCACION, CULTURA Y POLITICA",Masculino,2010-1,2017,Dependiente,Educación,"Entre 3,5 y 4 SMMLV","Entre 2,5 y 4 SMMLV",1
2102-Universidad Nacional Abierta y a Distancia - UNAD,"10674-ESPECIALIZACION EN EDUCACION, CULTURA Y POLITICA",Masculino,2010-1,2017,Dependiente,Educación,Entre 5 y 6 SMMLV,Entre 4 y 6 SMMLV,1
2102-Universidad Nacional Abierta y a Distancia - UNAD,"10674-ESPECIALIZACION EN EDUCACION, CULTURA Y POLITICA",Masculino,2010-1,2017,Dependiente,Educación,Entre 6 y 7 SMMLV,Entre 6 y 9 SMMLV,2
2102-Universidad Nacional Abierta y a Distancia - UNAD,"10674-ESPECIALIZACION EN EDUCACION, CULTURA Y POLITICA",Masculino,2010-1,2017,Dependiente,Sin información,"Entre 3,5 y 4 SMMLV","Entre 2,5 y 4 SMMLV",1
2102-Universidad Nacional Abierta y a Distancia - UNAD,"10674-ESPECIALIZACION EN EDUCACION, CULTURA Y POLITICA",Masculino,2010-1,2018,Dependiente,"Actividades profesionales, científicas y técnicas","Entre 1 y 1,5 SMMLV","Entre 1 y 1,5 SMMLV",1
2102-Universidad Nacional Abierta y a Distancia - UNAD,"10674-ESPECIALIZACION EN EDUCACION, CULTURA Y POLITICA",Masculino,2010-1,2018,Dependiente,"Actividades profesionales, científicas y técnicas",Entre 9 y 11 SMMLV,Más de 9 SMMLV,1
2102-Universidad Nacional Abierta y a Distancia - UNAD,"10674-ESPECIALIZACION EN EDUCACION, CULTURA Y POLITICA",Masculino,2010-1,2018,Dependiente,Educación,"Entre 4,5 y 5 SMMLV",Entre 4 y 6 SMMLV,3
2102-Universidad Nacional Abierta y a Distancia - UNAD,"10674-ESPECIALIZACION EN EDUCACION, CULTURA Y POLITICA",Masculino,2010-1,2018,Dependiente,Educación,Entre 6 y 7 SMMLV,Entre 6 y 9 SMMLV,1
2102-Universidad Nacional Abierta y a Distancia - UNAD,"10674-ESPECIALIZACION EN EDUCACION, CULTURA Y POLITICA",Masculino,2010-1,2018,Dependiente,Educación,Entre 8 y 9 SMMLV,Entre 6 y 9 SMMLV,1
2102-Universidad Nacional Abierta y a Distancia - UNAD,"10674-ESPECIALIZACION EN EDUCACION, CULTURA Y POLITICA",Masculino,2010-1,2018,Dependiente,Sin información,"Entre 3,5 y 4 SMMLV","Entre 2,5 y 4 SMMLV",1
2102-Universidad Nacional Abierta y a Distancia - UNAD,"10674-ESPECIALIZACION EN EDUCACION, CULTURA Y POLITICA",Masculino,2010-1,2019,Dependiente,"Actividades profesionales, científicas y técnicas",Entre 9 y 11 SMMLV,Más de 9 SMMLV,1
2102-Universidad Nacional Abierta y a Distancia - UNAD,"10674-ESPECIALIZACION EN EDUCACION, CULTURA Y POLITICA",Masculino,2010-1,2019,Dependiente,Administración pública y defensa; planes de seguridad social de afiliación obligatoria,"Entre 3,5 y 4 SMMLV","Entre 2,5 y 4 SMMLV",1
2102-Universidad Nacional Abierta y a Distancia - UNAD,"10674-ESPECIALIZACION EN EDUCACION, CULTURA Y POLITICA",Masculino,2010-1,2019,Dependiente,Educación,"Entre 1 y 1,5 SMMLV","Entre 1 y 1,5 SMMLV",1
2102-Universidad Nacional Abierta y a Distancia - UNAD,"10674-ESPECIALIZACION EN EDUCACION, CULTURA Y POLITICA",Masculino,2010-1,2019,Dependiente,Educación,"Entre 3,5 y 4 SMMLV","Entre 2,5 y 4 SMMLV",1
2102-Universidad Nacional Abierta y a Distancia - UNAD,"10674-ESPECIALIZACION EN EDUCACION, CULTURA Y POLITICA",Masculino,2010-1,2019,Dependiente,Educación,"Entre 4 y 4,5 SMMLV",Entre 4 y 6 SMMLV,1
2102-Universidad Nacional Abierta y a Distancia - UNAD,"10674-ESPECIALIZACION EN EDUCACION, CULTURA Y POLITICA",Masculino,2010-1,2019,Dependiente,Educación,"Entre 4,5 y 5 SMMLV",Entre 4 y 6 SMMLV,1
2102-Universidad Nacional Abierta y a Distancia - UNAD,"10674-ESPECIALIZACION EN EDUCACION, CULTURA Y POLITICA",Masculino,2010-1,2019,Dependiente,Educación,Entre 5 y 6 SMMLV,Entre 4 y 6 SMMLV,1
2102-Universidad Nacional Abierta y a Distancia - UNAD,"10674-ESPECIALIZACION EN EDUCACION, CULTURA Y POLITICA",Masculino,2010-1,2020,Dependiente,"Actividades profesionales, científicas y técnicas","Entre 4,5 y 5 SMMLV",Entre 4 y 6 SMMLV,1
2102-Universidad Nacional Abierta y a Distancia - UNAD,"10674-ESPECIALIZACION EN EDUCACION, CULTURA Y POLITICA",Masculino,2010-1,2020,Dependiente,Administración pública y defensa; planes de seguridad social de afiliación obligatoria,"Entre 3 y 3,5 SMMLV","Entre 2,5 y 4 SMMLV",1
2102-Universidad Nacional Abierta y a Distancia - UNAD,"10674-ESPECIALIZACION EN EDUCACION, CULTURA Y POLITICA",Masculino,2010-1,2020,Dependiente,Educación,"Entre 3,5 y 4 SMMLV","Entre 2,5 y 4 SMMLV",1
2102-Universidad Nacional Abierta y a Distancia - UNAD,"10674-ESPECIALIZACION EN EDUCACION, CULTURA Y POLITICA",Masculino,2010-1,2020,Dependiente,Educación,"Entre 4,5 y 5 SMMLV",Entre 4 y 6 SMMLV,2
2102-Universidad Nacional Abierta y a Distancia - UNAD,"10674-ESPECIALIZACION EN EDUCACION, CULTURA Y POLITICA",Masculino,2010-1,2020,Dependiente,Educación,Entre 5 y 6 SMMLV,Entre 4 y 6 SMMLV,1
2102-Universidad Nacional Abierta y a Distancia - UNAD,"10674-ESPECIALIZACION EN EDUCACION, CULTURA Y POLITICA",Masculino,2010-1,2020,Dependiente,Otras actividades de servicios,Entre 6 y 7 SMMLV,Entre 6 y 9 SMMLV,1
2102-Universidad Nacional Abierta y a Distancia - UNAD,"10674-ESPECIALIZACION EN EDUCACION, CULTURA Y POLITICA",Masculino,2010-1,2021,Dependiente,"Actividades profesionales, científicas y técnicas",Entre 7 y 8 SMMLV,Entre 6 y 9 SMMLV,1
2102-Universidad Nacional Abierta y a Distancia - UNAD,"10674-ESPECIALIZACION EN EDUCACION, CULTURA Y POLITICA",Masculino,2010-1,2021,Dependiente,Administración pública y defensa; planes de seguridad social de afiliación obligatoria,"Entre 3 y 3,5 SMMLV","Entre 2,5 y 4 SMMLV",1
2102-Universidad Nacional Abierta y a Distancia - UNAD,"10674-ESPECIALIZACION EN EDUCACION, CULTURA Y POLITICA",Masculino,2010-1,2021,Dependiente,Educación,"Entre 3 y 3,5 SMMLV","Entre 2,5 y 4 SMMLV",1
2102-Universidad Nacional Abierta y a Distancia - UNAD,"10674-ESPECIALIZACION EN EDUCACION, CULTURA Y POLITICA",Masculino,2010-1,2021,Dependiente,Educación,"Entre 4,5 y 5 SMMLV",Entre 4 y 6 SMMLV,2
2102-Universidad Nacional Abierta y a Distancia - UNAD,"10674-ESPECIALIZACION EN EDUCACION, CULTURA Y POLITICA",Masculino,2010-1,2021,Dependiente,Educación,Entre 5 y 6 SMMLV,Entre 4 y 6 SMMLV,1
2102-Universidad Nacional Abierta y a Distancia - UNAD,"10674-ESPECIALIZACION EN EDUCACION, CULTURA Y POLITICA",Masculino,2010-1,2021,Dependiente,Educación,Entre 7 y 8 SMMLV,Entre 6 y 9 SMMLV,1
2102-Universidad Nacional Abierta y a Distancia - UNAD,"10674-ESPECIALIZACION EN EDUCACION, CULTURA Y POLITICA",Masculino,2010-1,2022,Dependiente,"Actividades profesionales, científicas y técnicas",Entre 8 y 9 SMMLV,Entre 6 y 9 SMMLV,1
2102-Universidad Nacional Abierta y a Distancia - UNAD,"10674-ESPECIALIZACION EN EDUCACION, CULTURA Y POLITICA",Masculino,2010-1,2022,Dependiente,Administración pública y defensa; planes de seguridad social de afiliación obligatoria,"Entre 3 y 3,5 SMMLV","Entre 2,5 y 4 SMMLV",1
2102-Universidad Nacional Abierta y a Distancia - UNAD,"10674-ESPECIALIZACION EN EDUCACION, CULTURA Y POLITICA",Masculino,2010-1,2022,Dependiente,Educación,"Entre 3 y 3,5 SMMLV","Entre 2,5 y 4 SMMLV",1
2102-Universidad Nacional Abierta y a Distancia - UNAD,"10674-ESPECIALIZACION EN EDUCACION, CULTURA Y POLITICA",Masculino,2010-1,2022,Dependiente,Educación,"Entre 4 y 4,5 SMMLV",Entre 4 y 6 SMMLV,2
2102-Universidad Nacional Abierta y a Distancia - UNAD,"10674-ESPECIALIZACION EN EDUCACION, CULTURA Y POLITICA",Masculino,2010-1,2022,Dependiente,Educación,Entre 5 y 6 SMMLV,Entre 4 y 6 SMMLV,1
2102-Universidad Nacional Abierta y a Distancia - UNAD,"10674-ESPECIALIZACION EN EDUCACION, CULTURA Y POLITICA",Masculino,2010-1,2022,Dependiente,Educación,Entre 7 y 8 SMMLV,Entre 6 y 9 SMMLV,1
2102-Universidad Nacional Abierta y a Distancia - UNAD,"10674-ESPECIALIZACION EN EDUCACION, CULTURA Y POLITICA",Masculino,2010-1,2023,Dependiente,"Actividades profesionales, científicas y técnicas",Entre 8 y 9 SMMLV,Entre 6 y 9 SMMLV,1
2102-Universidad Nacional Abierta y a Distancia - UNAD,"10674-ESPECIALIZACION EN EDUCACION, CULTURA Y POLITICA",Masculino,2010-1,2023,Dependiente,Administración pública y defensa; planes de seguridad social de afiliación obligatoria,"Entre 3 y 3,5 SMMLV","Entre 2,5 y 4 SMMLV",1
2102-Universidad Nacional Abierta y a Distancia - UNAD,"10674-ESPECIALIZACION EN EDUCACION, CULTURA Y POLITICA",Masculino,2010-1,2023,Dependiente,Educación,"Entre 2,5 y 3 SMMLV","Entre 2,5 y 4 SMMLV",1
2102-Universidad Nacional Abierta y a Distancia - UNAD,"10674-ESPECIALIZACION EN EDUCACION, CULTURA Y POLITICA",Masculino,2010-1,2023,Dependiente,Educación,"Entre 4 y 4,5 SMMLV",Entre 4 y 6 SMMLV,1
2102-Universidad Nacional Abierta y a Distancia - UNAD,"10674-ESPECIALIZACION EN EDUCACION, CULTURA Y POLITICA",Masculino,2010-1,2023,Dependiente,Educación,Entre 5 y 6 SMMLV,Entre 4 y 6 SMMLV,1
2102-Universidad Nacional Abierta y a Distancia - UNAD,"10674-ESPECIALIZACION EN EDUCACION, CULTURA Y POLITICA",Masculino,2010-1,2023,Dependiente,Educación,Entre 6 y 7 SMMLV,Entre 6 y 9 SMMLV,2
2102-Universidad Nacional Abierta y a Distancia - UNAD,10675-ESPECIALIZACION EN PEDAGOGIA PARA EL DESARROLLO DEL APRENDIZAJE AUTONOMO,Femenino,2010-1,2017,Dependiente,"Actividades profesionales, científicas y técnicas","Entre 3 y 3,5 SMMLV","Entre 2,5 y 4 SMMLV",1
2102-Universidad Nacional Abierta y a Distancia - UNAD,10675-ESPECIALIZACION EN PEDAGOGIA PARA EL DESARROLLO DEL APRENDIZAJE AUTONOMO,Femenino,2010-1,2017,Dependiente,"Actividades profesionales, científicas y técnicas","Entre 4 y 4,5 SMMLV",Entre 4 y 6 SMMLV,1
2102-Universidad Nacional Abierta y a Distancia - UNAD,10675-ESPECIALIZACION EN PEDAGOGIA PARA EL DESARROLLO DEL APRENDIZAJE AUTONOMO,Femenino,2010-1,2017,Dependiente,Administración pública y defensa; planes de seguridad social de afiliación obligatoria,"Entre 3,5 y 4 SMMLV","Entre 2,5 y 4 SMMLV",1
2102-Universidad Nacional Abierta y a Distancia - UNAD,10675-ESPECIALIZACION EN PEDAGOGIA PARA EL DESARROLLO DEL APRENDIZAJE AUTONOMO,Femenino,2010-1,2017,Dependiente,Administración pública y defensa; planes de seguridad social de afiliación obligatoria,"Entre 4 y 4,5 SMMLV",Entre 4 y 6 SMMLV,2
2102-Universidad Nacional Abierta y a Distancia - UNAD,10675-ESPECIALIZACION EN PEDAGOGIA PARA EL DESARROLLO DEL APRENDIZAJE AUTONOMO,Femenino,2010-1,2017,Dependiente,Administración pública y defensa; planes de seguridad social de afiliación obligatoria,Entre 5 y 6 SMMLV,Entre 4 y 6 SMMLV,1
2102-Universidad Nacional Abierta y a Distancia - UNAD,10675-ESPECIALIZACION EN PEDAGOGIA PARA EL DESARROLLO DEL APRENDIZAJE AUTONOMO,Femenino,2010-1,2017,Dependiente,Educación,"Entre 1 y 1,5 SMMLV","Entre 1 y 1,5 SMMLV",1
2102-Universidad Nacional Abierta y a Distancia - UNAD,10675-ESPECIALIZACION EN PEDAGOGIA PARA EL DESARROLLO DEL APRENDIZAJE AUTONOMO,Femenino,2010-1,2017,Dependiente,Educación,"Entre 1,5 y 2 SMMLV","Entre 1,5 y 2,5 SMMLV",2
2102-Universidad Nacional Abierta y a Distancia - UNAD,10675-ESPECIALIZACION EN PEDAGOGIA PARA EL DESARROLLO DEL APRENDIZAJE AUTONOMO,Femenino,2010-1,2017,Dependiente,Educación,"Entre 3,5 y 4 SMMLV","Entre 2,5 y 4 SMMLV",1
2102-Universidad Nacional Abierta y a Distancia - UNAD,10675-ESPECIALIZACION EN PEDAGOGIA PARA EL DESARROLLO DEL APRENDIZAJE AUTONOMO,Femenino,2010-1,2017,Dependiente,Educación,Entre 5 y 6 SMMLV,Entre 4 y 6 SMMLV,5
2102-Universidad Nacional Abierta y a Distancia - UNAD,10675-ESPECIALIZACION EN PEDAGOGIA PARA EL DESARROLLO DEL APRENDIZAJE AUTONOMO,Femenino,2010-1,2017,Dependiente,Educación,Entre 6 y 7 SMMLV,Entre 6 y 9 SMMLV,3
2102-Universidad Nacional Abierta y a Distancia - UNAD,10675-ESPECIALIZACION EN PEDAGOGIA PARA EL DESARROLLO DEL APRENDIZAJE AUTONOMO,Femenino,2010-1,2017,Dependiente,Sin información,"Entre 3,5 y 4 SMMLV","Entre 2,5 y 4 SMMLV",1
2102-Universidad Nacional Abierta y a Distancia - UNAD,10675-ESPECIALIZACION EN PEDAGOGIA PARA EL DESARROLLO DEL APRENDIZAJE AUTONOMO,Femenino,2010-1,2017,Dependiente,Sin información,Entre 5 y 6 SMMLV,Entre 4 y 6 SMMLV,1
2102-Universidad Nacional Abierta y a Distancia - UNAD,10675-ESPECIALIZACION EN PEDAGOGIA PARA EL DESARROLLO DEL APRENDIZAJE AUTONOMO,Femenino,2010-1,2018,Dependiente,"Actividades artísticas, de entretenimiento y recreación",Entre 7 y 8 SMMLV,Entre 6 y 9 SMMLV,1
2102-Universidad Nacional Abierta y a Distancia - UNAD,10675-ESPECIALIZACION EN PEDAGOGIA PARA EL DESARROLLO DEL APRENDIZAJE AUTONOMO,Femenino,2010-1,2018,Dependiente,"Actividades profesionales, científicas y técnicas","Entre 3 y 3,5 SMMLV","Entre 2,5 y 4 SMMLV",1
2102-Universidad Nacional Abierta y a Distancia - UNAD,10675-ESPECIALIZACION EN PEDAGOGIA PARA EL DESARROLLO DEL APRENDIZAJE AUTONOMO,Femenino,2010-1,2018,Dependiente,"Actividades profesionales, científicas y técnicas","Entre 4 y 4,5 SMMLV",Entre 4 y 6 SMMLV,1
2102-Universidad Nacional Abierta y a Distancia - UNAD,10675-ESPECIALIZACION EN PEDAGOGIA PARA EL DESARROLLO DEL APRENDIZAJE AUTONOMO,Femenino,2010-1,2018,Dependiente,"Actividades profesionales, científicas y técnicas","Entre 4,5 y 5 SMMLV",Entre 4 y 6 SMMLV,1
2102-Universidad Nacional Abierta y a Distancia - UNAD,10675-ESPECIALIZACION EN PEDAGOGIA PARA EL DESARROLLO DEL APRENDIZAJE AUTONOMO,Femenino,2010-1,2018,Dependiente,"Actividades profesionales, científicas y técnicas",Entre 5 y 6 SMMLV,Entre 4 y 6 SMMLV,1
2102-Universidad Nacional Abierta y a Distancia - UNAD,10675-ESPECIALIZACION EN PEDAGOGIA PARA EL DESARROLLO DEL APRENDIZAJE AUTONOMO,Femenino,2010-1,2018,Dependiente,Administración pública y defensa; planes de seguridad social de afiliación obligatoria,"Entre 3,5 y 4 SMMLV","Entre 2,5 y 4 SMMLV",1
2102-Universidad Nacional Abierta y a Distancia - UNAD,10675-ESPECIALIZACION EN PEDAGOGIA PARA EL DESARROLLO DEL APRENDIZAJE AUTONOMO,Femenino,2010-1,2018,Dependiente,Administración pública y defensa; planes de seguridad social de afiliación obligatoria,Entre 5 y 6 SMMLV,Entre 4 y 6 SMMLV,1
2102-Universidad Nacional Abierta y a Distancia - UNAD,10675-ESPECIALIZACION EN PEDAGOGIA PARA EL DESARROLLO DEL APRENDIZAJE AUTONOMO,Femenino,2010-1,2018,Dependiente,Educación,"Entre 1 y 1,5 SMMLV","Entre 1 y 1,5 SMMLV",1
2102-Universidad Nacional Abierta y a Distancia - UNAD,10675-ESPECIALIZACION EN PEDAGOGIA PARA EL DESARROLLO DEL APRENDIZAJE AUTONOMO,Femenino,2010-1,2018,Dependiente,Educación,"Entre 1,5 y 2 SMMLV","Entre 1,5 y 2,5 SMMLV",2
2102-Universidad Nacional Abierta y a Distancia - UNAD,10675-ESPECIALIZACION EN PEDAGOGIA PARA EL DESARROLLO DEL APRENDIZAJE AUTONOMO,Femenino,2010-1,2018,Dependiente,Educación,"Entre 4 y 4,5 SMMLV",Entre 4 y 6 SMMLV,1
2102-Universidad Nacional Abierta y a Distancia - UNAD,10675-ESPECIALIZACION EN PEDAGOGIA PARA EL DESARROLLO DEL APRENDIZAJE AUTONOMO,Femenino,2010-1,2018,Dependiente,Educación,"Entre 4,5 y 5 SMMLV",Entre 4 y 6 SMMLV,2
2102-Universidad Nacional Abierta y a Distancia - UNAD,10675-ESPECIALIZACION EN PEDAGOGIA PARA EL DESARROLLO DEL APRENDIZAJE AUTONOMO,Femenino,2010-1,2018,Dependiente,Educación,Entre 5 y 6 SMMLV,Entre 4 y 6 SMMLV,2
2102-Universidad Nacional Abierta y a Distancia - UNAD,10675-ESPECIALIZACION EN PEDAGOGIA PARA EL DESARROLLO DEL APRENDIZAJE AUTONOMO,Femenino,2010-1,2018,Dependiente,Educación,Entre 6 y 7 SMMLV,Entre 6 y 9 SMMLV,3
2102-Universidad Nacional Abierta y a Distancia - UNAD,10675-ESPECIALIZACION EN PEDAGOGIA PARA EL DESARROLLO DEL APRENDIZAJE AUTONOMO,Femenino,2010-1,2018,Dependiente,Sin información,"Entre 2 y 2 ,5 SMMLV","Entre 1,5 y 2,5 SMMLV",1
2102-Universidad Nacional Abierta y a Distancia - UNAD,10675-ESPECIALIZACION EN PEDAGOGIA PARA EL DESARROLLO DEL APRENDIZAJE AUTONOMO,Femenino,2010-1,2018,Dependiente,Sin información,"Entre 3,5 y 4 SMMLV","Entre 2,5 y 4 SMMLV",1
2102-Universidad Nacional Abierta y a Distancia - UNAD,10675-ESPECIALIZACION EN PEDAGOGIA PARA EL DESARROLLO DEL APRENDIZAJE AUTONOMO,Femenino,2010-1,2019,Dependiente,Actividades de servicios administrativos y de apoyo,Entre 7 y 8 SMMLV,Entre 6 y 9 SMMLV,1
2102-Universidad Nacional Abierta y a Distancia - UNAD,10675-ESPECIALIZACION EN PEDAGOGIA PARA EL DESARROLLO DEL APRENDIZAJE AUTONOMO,Femenino,2010-1,2019,Dependiente,"Actividades profesionales, científicas y técnicas","Entre 4 y 4,5 SMMLV",Entre 4 y 6 SMMLV,2
2102-Universidad Nacional Abierta y a Distancia - UNAD,10675-ESPECIALIZACION EN PEDAGOGIA PARA EL DESARROLLO DEL APRENDIZAJE AUTONOMO,Femenino,2010-1,2019,Dependiente,"Actividades profesionales, científicas y técnicas",Entre 5 y 6 SMMLV,Entre 4 y 6 SMMLV,1
2102-Universidad Nacional Abierta y a Distancia - UNAD,10675-ESPECIALIZACION EN PEDAGOGIA PARA EL DESARROLLO DEL APRENDIZAJE AUTONOMO,Femenino,2010-1,2019,Dependiente,Administración pública y defensa; planes de seguridad social de afiliación obligatoria,"Entre 3 y 3,5 SMMLV","Entre 2,5 y 4 SMMLV",2
2102-Universidad Nacional Abierta y a Distancia - UNAD,10675-ESPECIALIZACION EN PEDAGOGIA PARA EL DESARROLLO DEL APRENDIZAJE AUTONOMO,Femenino,2010-1,2019,Dependiente,Administración pública y defensa; planes de seguridad social de afiliación obligatoria,"Entre 4,5 y 5 SMMLV",Entre 4 y 6 SMMLV,1
2102-Universidad Nacional Abierta y a Distancia - UNAD,10675-ESPECIALIZACION EN PEDAGOGIA PARA EL DESARROLLO DEL APRENDIZAJE AUTONOMO,Femenino,2010-1,2019,Dependiente,Administración pública y defensa; planes de seguridad social de afiliación obligatoria,Entre 5 y 6 SMMLV,Entre 4 y 6 SMMLV,1
2102-Universidad Nacional Abierta y a Distancia - UNAD,10675-ESPECIALIZACION EN PEDAGOGIA PARA EL DESARROLLO DEL APRENDIZAJE AUTONOMO,Femenino,2010-1,2019,Dependiente,Educación,"Entre 1 y 1,5 SMMLV","Entre 1 y 1,5 SMMLV",1
2102-Universidad Nacional Abierta y a Distancia - UNAD,10675-ESPECIALIZACION EN PEDAGOGIA PARA EL DESARROLLO DEL APRENDIZAJE AUTONOMO,Femenino,2010-1,2019,Dependiente,Educación,"Entre 1,5 y 2 SMMLV","Entre 1,5 y 2,5 SMMLV",1
2102-Universidad Nacional Abierta y a Distancia - UNAD,10675-ESPECIALIZACION EN PEDAGOGIA PARA EL DESARROLLO DEL APRENDIZAJE AUTONOMO,Femenino,2010-1,2019,Dependiente,Educación,"Entre 4,5 y 5 SMMLV",Entre 4 y 6 SMMLV,2
2102-Universidad Nacional Abierta y a Distancia - UNAD,10675-ESPECIALIZACION EN PEDAGOGIA PARA EL DESARROLLO DEL APRENDIZAJE AUTONOMO,Femenino,2010-1,2019,Dependiente,Educación,Entre 5 y 6 SMMLV,Entre 4 y 6 SMMLV,6
2102-Universidad Nacional Abierta y a Distancia - UNAD,10675-ESPECIALIZACION EN PEDAGOGIA PARA EL DESARROLLO DEL APRENDIZAJE AUTONOMO,Femenino,2010-1,2019,Dependiente,Educación,Entre 6 y 7 SMMLV,Entre 6 y 9 SMMLV,1
2102-Universidad Nacional Abierta y a Distancia - UNAD,10675-ESPECIALIZACION EN PEDAGOGIA PARA EL DESARROLLO DEL APRENDIZAJE AUTONOMO,Femenino,2010-1,2019,Dependiente,Sin información,"Entre 1 y 1,5 SMMLV","Entre 1 y 1,5 SMMLV",1
2102-Universidad Nacional Abierta y a Distancia - UNAD,10675-ESPECIALIZACION EN PEDAGOGIA PARA EL DESARROLLO DEL APRENDIZAJE AUTONOMO,Femenino,2010-1,2020,Dependiente,"Actividades profesionales, científicas y técnicas","Entre 2,5 y 3 SMMLV","Entre 2,5 y 4 SMMLV",1
2102-Universidad Nacional Abierta y a Distancia - UNAD,10675-ESPECIALIZACION EN PEDAGOGIA PARA EL DESARROLLO DEL APRENDIZAJE AUTONOMO,Femenino,2010-1,2020,Dependiente,"Actividades profesionales, científicas y técnicas","Entre 3 y 3,5 SMMLV","Entre 2,5 y 4 SMMLV",1
2102-Universidad Nacional Abierta y a Distancia - UNAD,10675-ESPECIALIZACION EN PEDAGOGIA PARA EL DESARROLLO DEL APRENDIZAJE AUTONOMO,Femenino,2010-1,2020,Dependiente,Administración pública y defensa; planes de seguridad social de afiliación obligatoria,"Entre 3 y 3,5 SMMLV","Entre 2,5 y 4 SMMLV",1
2102-Universidad Nacional Abierta y a Distancia - UNAD,10675-ESPECIALIZACION EN PEDAGOGIA PARA EL DESARROLLO DEL APRENDIZAJE AUTONOMO,Femenino,2010-1,2020,Dependiente,Administración pública y defensa; planes de seguridad social de afiliación obligatoria,"Entre 4,5 y 5 SMMLV",Entre 4 y 6 SMMLV,3
2102-Universidad Nacional Abierta y a Distancia - UNAD,10675-ESPECIALIZACION EN PEDAGOGIA PARA EL DESARROLLO DEL APRENDIZAJE AUTONOMO,Femenino,2010-1,2020,Dependiente,Administración pública y defensa; planes de seguridad social de afiliación obligatoria,Entre 5 y 6 SMMLV,Entre 4 y 6 SMMLV,1
2102-Universidad Nacional Abierta y a Distancia - UNAD,10675-ESPECIALIZACION EN PEDAGOGIA PARA EL DESARROLLO DEL APRENDIZAJE AUTONOMO,Femenino,2010-1,2020,Dependiente,Educación,1 SMMLV,1 SMMLV,1
2102-Universidad Nacional Abierta y a Distancia - UNAD,10675-ESPECIALIZACION EN PEDAGOGIA PARA EL DESARROLLO DEL APRENDIZAJE AUTONOMO,Femenino,2010-1,2020,Dependiente,Educación,"Entre 1,5 y 2 SMMLV","Entre 1,5 y 2,5 SMMLV",1
2102-Universidad Nacional Abierta y a Distancia - UNAD,10675-ESPECIALIZACION EN PEDAGOGIA PARA EL DESARROLLO DEL APRENDIZAJE AUTONOMO,Femenino,2010-1,2020,Dependiente,Educación,"Entre 4,5 y 5 SMMLV",Entre 4 y 6 SMMLV,3
2102-Universidad Nacional Abierta y a Distancia - UNAD,10675-ESPECIALIZACION EN PEDAGOGIA PARA EL DESARROLLO DEL APRENDIZAJE AUTONOMO,Femenino,2010-1,2020,Dependiente,Educación,Entre 5 y 6 SMMLV,Entre 4 y 6 SMMLV,5
2102-Universidad Nacional Abierta y a Distancia - UNAD,10675-ESPECIALIZACION EN PEDAGOGIA PARA EL DESARROLLO DEL APRENDIZAJE AUTONOMO,Femenino,2010-1,2020,Dependiente,Educación,Entre 6 y 7 SMMLV,Entre 6 y 9 SMMLV,1
2102-Universidad Nacional Abierta y a Distancia - UNAD,10675-ESPECIALIZACION EN PEDAGOGIA PARA EL DESARROLLO DEL APRENDIZAJE AUTONOMO,Femenino,2010-1,2021,Dependiente,"Actividades profesionales, científicas y técnicas","Entre 2,5 y 3 SMMLV","Entre 2,5 y 4 SMMLV",1
2102-Universidad Nacional Abierta y a Distancia - UNAD,10675-ESPECIALIZACION EN PEDAGOGIA PARA EL DESARROLLO DEL APRENDIZAJE AUTONOMO,Femenino,2010-1,2021,Dependiente,Administración pública y defensa; planes de seguridad social de afiliación obligatoria,"Entre 2,5 y 3 SMMLV","Entre 2,5 y 4 SMMLV",1
2102-Universidad Nacional Abierta y a Distancia - UNAD,10675-ESPECIALIZACION EN PEDAGOGIA PARA EL DESARROLLO DEL APRENDIZAJE AUTONOMO,Femenino,2010-1,2021,Dependiente,Administración pública y defensa; planes de seguridad social de afiliación obligatoria,"Entre 3 y 3,5 SMMLV","Entre 2,5 y 4 SMMLV",1
2102-Universidad Nacional Abierta y a Distancia - UNAD,10675-ESPECIALIZACION EN PEDAGOGIA PARA EL DESARROLLO DEL APRENDIZAJE AUTONOMO,Femenino,2010-1,2021,Dependiente,Administración pública y defensa; planes de seguridad social de afiliación obligatoria,"Entre 4,5 y 5 SMMLV",Entre 4 y 6 SMMLV,3
2102-Universidad Nacional Abierta y a Distancia - UNAD,10675-ESPECIALIZACION EN PEDAGOGIA PARA EL DESARROLLO DEL APRENDIZAJE AUTONOMO,Femenino,2010-1,2021,Dependiente,Administración pública y defensa; planes de seguridad social de afiliación obligatoria,Entre 5 y 6 SMMLV,Entre 4 y 6 SMMLV,1
2102-Universidad Nacional Abierta y a Distancia - UNAD,10675-ESPECIALIZACION EN PEDAGOGIA PARA EL DESARROLLO DEL APRENDIZAJE AUTONOMO,Femenino,2010-1,2021,Dependiente,Educación,"Entre 1,5 y 2 SMMLV","Entre 1,5 y 2,5 SMMLV",2
2102-Universidad Nacional Abierta y a Distancia - UNAD,10675-ESPECIALIZACION EN PEDAGOGIA PARA EL DESARROLLO DEL APRENDIZAJE AUTONOMO,Femenino,2010-1,2021,Dependiente,Educación,"Entre 4,5 y 5 SMMLV",Entre 4 y 6 SMMLV,3
2102-Universidad Nacional Abierta y a Distancia - UNAD,10675-ESPECIALIZACION EN PEDAGOGIA PARA EL DESARROLLO DEL APRENDIZAJE AUTONOMO,Femenino,2010-1,2021,Dependiente,Educación,Entre 5 y 6 SMMLV,Entre 4 y 6 SMMLV,5
2102-Universidad Nacional Abierta y a Distancia - UNAD,10675-ESPECIALIZACION EN PEDAGOGIA PARA EL DESARROLLO DEL APRENDIZAJE AUTONOMO,Femenino,2010-1,2022,Dependiente,Actividades de atención de la salud humana y de asistencia social,Entre 11 y 13 SMMLV,Más de 9 SMMLV,1
2102-Universidad Nacional Abierta y a Distancia - UNAD,10675-ESPECIALIZACION EN PEDAGOGIA PARA EL DESARROLLO DEL APRENDIZAJE AUTONOMO,Femenino,2010-1,2022,Dependiente,"Actividades profesionales, científicas y técnicas","Entre 3,5 y 4 SMMLV","Entre 2,5 y 4 SMMLV",1
2102-Universidad Nacional Abierta y a Distancia - UNAD,10675-ESPECIALIZACION EN PEDAGOGIA PARA EL DESARROLLO DEL APRENDIZAJE AUTONOMO,Femenino,2010-1,2022,Dependiente,"Actividades profesionales, científicas y técnicas","Entre 4,5 y 5 SMMLV",Entre 4 y 6 SMMLV,2
2102-Universidad Nacional Abierta y a Distancia - UNAD,10675-ESPECIALIZACION EN PEDAGOGIA PARA EL DESARROLLO DEL APRENDIZAJE AUTONOMO,Femenino,2010-1,2022,Dependiente,Administración pública y defensa; planes de seguridad social de afiliación obligatoria,"Entre 3 y 3,5 SMMLV","Entre 2,5 y 4 SMMLV",2
2102-Universidad Nacional Abierta y a Distancia - UNAD,10675-ESPECIALIZACION EN PEDAGOGIA PARA EL DESARROLLO DEL APRENDIZAJE AUTONOMO,Femenino,2010-1,2022,Dependiente,Administración pública y defensa; planes de seguridad social de afiliación obligatoria,"Entre 4,5 y 5 SMMLV",Entre 4 y 6 SMMLV,1
2102-Universidad Nacional Abierta y a Distancia - UNAD,10675-ESPECIALIZACION EN PEDAGOGIA PARA EL DESARROLLO DEL APRENDIZAJE AUTONOMO,Femenino,2010-1,2022,Dependiente,Administración pública y defensa; planes de seguridad social de afiliación obligatoria,Entre 5 y 6 SMMLV,Entre 4 y 6 SMMLV,1
2102-Universidad Nacional Abierta y a Distancia - UNAD,10675-ESPECIALIZACION EN PEDAGOGIA PARA EL DESARROLLO DEL APRENDIZAJE AUTONOMO,Femenino,2010-1,2022,Dependiente,Educación,"Entre 1,5 y 2 SMMLV","Entre 1,5 y 2,5 SMMLV",2
2102-Universidad Nacional Abierta y a Distancia - UNAD,10675-ESPECIALIZACION EN PEDAGOGIA PARA EL DESARROLLO DEL APRENDIZAJE AUTONOMO,Femenino,2010-1,2022,Dependiente,Educación,"Entre 4 y 4,5 SMMLV",Entre 4 y 6 SMMLV,2
2102-Universidad Nacional Abierta y a Distancia - UNAD,10675-ESPECIALIZACION EN PEDAGOGIA PARA EL DESARROLLO DEL APRENDIZAJE AUTONOMO,Femenino,2010-1,2022,Dependiente,Educación,"Entre 4,5 y 5 SMMLV",Entre 4 y 6 SMMLV,1
2102-Universidad Nacional Abierta y a Distancia - UNAD,10675-ESPECIALIZACION EN PEDAGOGIA PARA EL DESARROLLO DEL APRENDIZAJE AUTONOMO,Femenino,2010-1,2022,Dependiente,Educación,Entre 5 y 6 SMMLV,Entre 4 y 6 SMMLV,4
2102-Universidad Nacional Abierta y a Distancia - UNAD,10675-ESPECIALIZACION EN PEDAGOGIA PARA EL DESARROLLO DEL APRENDIZAJE AUTONOMO,Femenino,2010-1,2023,Dependiente,Actividades de atención de la salud humana y de asistencia social,Más de 15 SMMLV,Más de 9 SMMLV,1
2102-Universidad Nacional Abierta y a Distancia - UNAD,10675-ESPECIALIZACION EN PEDAGOGIA PARA EL DESARROLLO DEL APRENDIZAJE AUTONOMO,Femenino,2010-1,2023,Dependiente,"Actividades profesionales, científicas y técnicas","Entre 4 y 4,5 SMMLV",Entre 4 y 6 SMMLV,1
2102-Universidad Nacional Abierta y a Distancia - UNAD,10675-ESPECIALIZACION EN PEDAGOGIA PARA EL DESARROLLO DEL APRENDIZAJE AUTONOMO,Femenino,2010-1,2023,Dependiente,Administración pública y defensa; planes de seguridad social de afiliación obligatoria,"Entre 3 y 3,5 SMMLV","Entre 2,5 y 4 SMMLV",2
2102-Universidad Nacional Abierta y a Distancia - UNAD,10675-ESPECIALIZACION EN PEDAGOGIA PARA EL DESARROLLO DEL APRENDIZAJE AUTONOMO,Femenino,2010-1,2023,Dependiente,Administración pública y defensa; planes de seguridad social de afiliación obligatoria,"Entre 4,5 y 5 SMMLV",Entre 4 y 6 SMMLV,3
2102-Universidad Nacional Abierta y a Distancia - UNAD,10675-ESPECIALIZACION EN PEDAGOGIA PARA EL DESARROLLO DEL APRENDIZAJE AUTONOMO,Femenino,2010-1,2023,Dependiente,Administración pública y defensa; planes de seguridad social de afiliación obligatoria,Entre 5 y 6 SMMLV,Entre 4 y 6 SMMLV,1
2102-Universidad Nacional Abierta y a Distancia - UNAD,10675-ESPECIALIZACION EN PEDAGOGIA PARA EL DESARROLLO DEL APRENDIZAJE AUTONOMO,Femenino,2010-1,2023,Dependiente,Educación,"Entre 2 y 2 ,5 SMMLV","Entre 1,5 y 2,5 SMMLV",2
2102-Universidad Nacional Abierta y a Distancia - UNAD,10675-ESPECIALIZACION EN PEDAGOGIA PARA EL DESARROLLO DEL APRENDIZAJE AUTONOMO,Femenino,2010-1,2023,Dependiente,Educación,"Entre 4,5 y 5 SMMLV",Entre 4 y 6 SMMLV,1
2102-Universidad Nacional Abierta y a Distancia - UNAD,10675-ESPECIALIZACION EN PEDAGOGIA PARA EL DESARROLLO DEL APRENDIZAJE AUTONOMO,Femenino,2010-1,2023,Dependiente,Educación,Entre 5 y 6 SMMLV,Entre 4 y 6 SMMLV,5
2102-Universidad Nacional Abierta y a Distancia - UNAD,10675-ESPECIALIZACION EN PEDAGOGIA PARA EL DESARROLLO DEL APRENDIZAJE AUTONOMO,Femenino,2010-1,2023,Dependiente,Transporte y almacenamiento,1 SMMLV,1 SMMLV,1
2102-Universidad Nacional Abierta y a Distancia - UNAD,10675-ESPECIALIZACION EN PEDAGOGIA PARA EL DESARROLLO DEL APRENDIZAJE AUTONOMO,Masculino,2010-1,2017,Dependiente,"Actividades profesionales, científicas y técnicas","Entre 4 y 4,5 SMMLV",Entre 4 y 6 SMMLV,1
2102-Universidad Nacional Abierta y a Distancia - UNAD,10675-ESPECIALIZACION EN PEDAGOGIA PARA EL DESARROLLO DEL APRENDIZAJE AUTONOMO,Masculino,2010-1,2017,Dependiente,Administración pública y defensa; planes de seguridad social de afiliación obligatoria,"Entre 2 y 2 ,5 SMMLV","Entre 1,5 y 2,5 SMMLV",1
2102-Universidad Nacional Abierta y a Distancia - UNAD,10675-ESPECIALIZACION EN PEDAGOGIA PARA EL DESARROLLO DEL APRENDIZAJE AUTONOMO,Masculino,2010-1,2017,Dependiente,Administración pública y defensa; planes de seguridad social de afiliación obligatoria,"Entre 3 y 3,5 SMMLV","Entre 2,5 y 4 SMMLV",1
2102-Universidad Nacional Abierta y a Distancia - UNAD,10675-ESPECIALIZACION EN PEDAGOGIA PARA EL DESARROLLO DEL APRENDIZAJE AUTONOMO,Masculino,2010-1,2017,Dependiente,Administración pública y defensa; planes de seguridad social de afiliación obligatoria,"Entre 3,5 y 4 SMMLV","Entre 2,5 y 4 SMMLV",1
2102-Universidad Nacional Abierta y a Distancia - UNAD,10675-ESPECIALIZACION EN PEDAGOGIA PARA EL DESARROLLO DEL APRENDIZAJE AUTONOMO,Masculino,2010-1,2017,Dependiente,Educación,1 SMMLV,1 SMMLV,2
2102-Universidad Nacional Abierta y a Distancia - UNAD,10675-ESPECIALIZACION EN PEDAGOGIA PARA EL DESARROLLO DEL APRENDIZAJE AUTONOMO,Masculino,2010-1,2017,Dependiente,Educación,"Entre 1,5 y 2 SMMLV","Entre 1,5 y 2,5 SMMLV",1
2102-Universidad Nacional Abierta y a Distancia - UNAD,10675-ESPECIALIZACION EN PEDAGOGIA PARA EL DESARROLLO DEL APRENDIZAJE AUTONOMO,Masculino,2010-1,2017,Dependiente,Educación,Entre 5 y 6 SMMLV,Entre 4 y 6 SMMLV,2
2102-Universidad Nacional Abierta y a Distancia - UNAD,10675-ESPECIALIZACION EN PEDAGOGIA PARA EL DESARROLLO DEL APRENDIZAJE AUTONOMO,Masculino,2010-1,2017,Dependiente,Educación,Entre 6 y 7 SMMLV,Entre 6 y 9 SMMLV,2
2102-Universidad Nacional Abierta y a Distancia - UNAD,10675-ESPECIALIZACION EN PEDAGOGIA PARA EL DESARROLLO DEL APRENDIZAJE AUTONOMO,Masculino,2010-1,2017,Dependiente,Educación,Entre 11 y 13 SMMLV,Más de 9 SMMLV,1
2102-Universidad Nacional Abierta y a Distancia - UNAD,10675-ESPECIALIZACION EN PEDAGOGIA PARA EL DESARROLLO DEL APRENDIZAJE AUTONOMO,Masculino,2010-1,2017,Dependiente,Otras actividades de servicios,"Entre 2 y 2 ,5 SMMLV","Entre 1,5 y 2,5 SMMLV",1
2102-Universidad Nacional Abierta y a Distancia - UNAD,10675-ESPECIALIZACION EN PEDAGOGIA PARA EL DESARROLLO DEL APRENDIZAJE AUTONOMO,Masculino,2010-1,2017,Dependiente,Otras actividades de servicios,Entre 6 y 7 SMMLV,Entre 6 y 9 SMMLV,2
2102-Universidad Nacional Abierta y a Distancia - UNAD,10675-ESPECIALIZACION EN PEDAGOGIA PARA EL DESARROLLO DEL APRENDIZAJE AUTONOMO,Masculino,2010-1,2017,Dependiente,Otras actividades de servicios,Entre 7 y 8 SMMLV,Entre 6 y 9 SMMLV,1
2102-Universidad Nacional Abierta y a Distancia - UNAD,10675-ESPECIALIZACION EN PEDAGOGIA PARA EL DESARROLLO DEL APRENDIZAJE AUTONOMO,Masculino,2010-1,2017,Dependiente,Sin información,Entre 5 y 6 SMMLV,Entre 4 y 6 SMMLV,1
2102-Universidad Nacional Abierta y a Distancia - UNAD,10675-ESPECIALIZACION EN PEDAGOGIA PARA EL DESARROLLO DEL APRENDIZAJE AUTONOMO,Masculino,2010-1,2017,Dependiente,Sin información,Entre 6 y 7 SMMLV,Entre 6 y 9 SMMLV,2
2102-Universidad Nacional Abierta y a Distancia - UNAD,10675-ESPECIALIZACION EN PEDAGOGIA PARA EL DESARROLLO DEL APRENDIZAJE AUTONOMO,Masculino,2010-1,2018,Dependiente,"Actividades profesionales, científicas y técnicas",Entre 5 y 6 SMMLV,Entre 4 y 6 SMMLV,1
2102-Universidad Nacional Abierta y a Distancia - UNAD,10675-ESPECIALIZACION EN PEDAGOGIA PARA EL DESARROLLO DEL APRENDIZAJE AUTONOMO,Masculino,2010-1,2018,Dependiente,Administración pública y defensa; planes de seguridad social de afiliación obligatoria,"Entre 3,5 y 4 SMMLV","Entre 2,5 y 4 SMMLV",1
2102-Universidad Nacional Abierta y a Distancia - UNAD,10675-ESPECIALIZACION EN PEDAGOGIA PARA EL DESARROLLO DEL APRENDIZAJE AUTONOMO,Masculino,2010-1,2018,Dependiente,Administración pública y defensa; planes de seguridad social de afiliación obligatoria,"Entre 4 y 4,5 SMMLV",Entre 4 y 6 SMMLV,1
2102-Universidad Nacional Abierta y a Distancia - UNAD,10675-ESPECIALIZACION EN PEDAGOGIA PARA EL DESARROLLO DEL APRENDIZAJE AUTONOMO,Masculino,2010-1,2018,Dependiente,Educación,1 SMMLV,1 SMMLV,2
2102-Universidad Nacional Abierta y a Distancia - UNAD,10675-ESPECIALIZACION EN PEDAGOGIA PARA EL DESARROLLO DEL APRENDIZAJE AUTONOMO,Masculino,2010-1,2018,Dependiente,Educación,"Entre 1 y 1,5 SMMLV","Entre 1 y 1,5 SMMLV",1
2102-Universidad Nacional Abierta y a Distancia - UNAD,10675-ESPECIALIZACION EN PEDAGOGIA PARA EL DESARROLLO DEL APRENDIZAJE AUTONOMO,Masculino,2010-1,2018,Dependiente,Educación,"Entre 4,5 y 5 SMMLV",Entre 4 y 6 SMMLV,1
2102-Universidad Nacional Abierta y a Distancia - UNAD,10675-ESPECIALIZACION EN PEDAGOGIA PARA EL DESARROLLO DEL APRENDIZAJE AUTONOMO,Masculino,2010-1,2018,Dependiente,Educación,Entre 5 y 6 SMMLV,Entre 4 y 6 SMMLV,1
2102-Universidad Nacional Abierta y a Distancia - UNAD,10675-ESPECIALIZACION EN PEDAGOGIA PARA EL DESARROLLO DEL APRENDIZAJE AUTONOMO,Masculino,2010-1,2018,Dependiente,Educación,Entre 6 y 7 SMMLV,Entre 6 y 9 SMMLV,3
2102-Universidad Nacional Abierta y a Distancia - UNAD,10675-ESPECIALIZACION EN PEDAGOGIA PARA EL DESARROLLO DEL APRENDIZAJE AUTONOMO,Masculino,2010-1,2018,Dependiente,Otras actividades de servicios,"Entre 2 y 2 ,5 SMMLV","Entre 1,5 y 2,5 SMMLV",1
2102-Universidad Nacional Abierta y a Distancia - UNAD,10675-ESPECIALIZACION EN PEDAGOGIA PARA EL DESARROLLO DEL APRENDIZAJE AUTONOMO,Masculino,2010-1,2018,Dependiente,Otras actividades de servicios,Entre 6 y 7 SMMLV,Entre 6 y 9 SMMLV,2
2102-Universidad Nacional Abierta y a Distancia - UNAD,10675-ESPECIALIZACION EN PEDAGOGIA PARA EL DESARROLLO DEL APRENDIZAJE AUTONOMO,Masculino,2010-1,2018,Dependiente,Sin información,Entre 5 y 6 SMMLV,Entre 4 y 6 SMMLV,2
2102-Universidad Nacional Abierta y a Distancia - UNAD,10675-ESPECIALIZACION EN PEDAGOGIA PARA EL DESARROLLO DEL APRENDIZAJE AUTONOMO,Masculino,2010-1,2018,Dependiente,Sin información,Entre 6 y 7 SMMLV,Entre 6 y 9 SMMLV,1
2102-Universidad Nacional Abierta y a Distancia - UNAD,10675-ESPECIALIZACION EN PEDAGOGIA PARA EL DESARROLLO DEL APRENDIZAJE AUTONOMO,Masculino,2010-1,2019,Dependiente,Actividades de servicios administrativos y de apoyo,"Entre 3 y 3,5 SMMLV","Entre 2,5 y 4 SMMLV",1
2102-Universidad Nacional Abierta y a Distancia - UNAD,10675-ESPECIALIZACION EN PEDAGOGIA PARA EL DESARROLLO DEL APRENDIZAJE AUTONOMO,Masculino,2010-1,2019,Dependiente,"Actividades profesionales, científicas y técnicas",Entre 5 y 6 SMMLV,Entre 4 y 6 SMMLV,1
2102-Universidad Nacional Abierta y a Distancia - UNAD,10675-ESPECIALIZACION EN PEDAGOGIA PARA EL DESARROLLO DEL APRENDIZAJE AUTONOMO,Masculino,2010-1,2019,Dependiente,"Actividades profesionales, científicas y técnicas",Entre 6 y 7 SMMLV,Entre 6 y 9 SMMLV,1
2102-Universidad Nacional Abierta y a Distancia - UNAD,10675-ESPECIALIZACION EN PEDAGOGIA PARA EL DESARROLLO DEL APRENDIZAJE AUTONOMO,Masculino,2010-1,2019,Dependiente,Administración pública y defensa; planes de seguridad social de afiliación obligatoria,"Entre 3,5 y 4 SMMLV","Entre 2,5 y 4 SMMLV",1
2102-Universidad Nacional Abierta y a Distancia - UNAD,10675-ESPECIALIZACION EN PEDAGOGIA PARA EL DESARROLLO DEL APRENDIZAJE AUTONOMO,Masculino,2010-1,2019,Dependiente,Administración pública y defensa; planes de seguridad social de afiliación obligatoria,"Entre 4 y 4,5 SMMLV",Entre 4 y 6 SMMLV,1
2102-Universidad Nacional Abierta y a Distancia - UNAD,10675-ESPECIALIZACION EN PEDAGOGIA PARA EL DESARROLLO DEL APRENDIZAJE AUTONOMO,Masculino,2010-1,2019,Dependiente,Administración pública y defensa; planes de seguridad social de afiliación obligatoria,Entre 7 y 8 SMMLV,Entre 6 y 9 SMMLV,1
2102-Universidad Nacional Abierta y a Distancia - UNAD,10675-ESPECIALIZACION EN PEDAGOGIA PARA EL DESARROLLO DEL APRENDIZAJE AUTONOMO,Masculino,2010-1,2019,Dependiente,Educación,1 SMMLV,1 SMMLV,1
2102-Universidad Nacional Abierta y a Distancia - UNAD,10675-ESPECIALIZACION EN PEDAGOGIA PARA EL DESARROLLO DEL APRENDIZAJE AUTONOMO,Masculino,2010-1,2019,Dependiente,Educación,"Entre 4,5 y 5 SMMLV",Entre 4 y 6 SMMLV,2
2102-Universidad Nacional Abierta y a Distancia - UNAD,10675-ESPECIALIZACION EN PEDAGOGIA PARA EL DESARROLLO DEL APRENDIZAJE AUTONOMO,Masculino,2010-1,2019,Dependiente,Educación,Entre 5 y 6 SMMLV,Entre 4 y 6 SMMLV,3
2102-Universidad Nacional Abierta y a Distancia - UNAD,10675-ESPECIALIZACION EN PEDAGOGIA PARA EL DESARROLLO DEL APRENDIZAJE AUTONOMO,Masculino,2010-1,2019,Dependiente,Educación,Entre 6 y 7 SMMLV,Entre 6 y 9 SMMLV,1
2102-Universidad Nacional Abierta y a Distancia - UNAD,10675-ESPECIALIZACION EN PEDAGOGIA PARA EL DESARROLLO DEL APRENDIZAJE AUTONOMO,Masculino,2010-1,2019,Dependiente,Otras actividades de servicios,"Entre 2,5 y 3 SMMLV","Entre 2,5 y 4 SMMLV",1
2102-Universidad Nacional Abierta y a Distancia - UNAD,10675-ESPECIALIZACION EN PEDAGOGIA PARA EL DESARROLLO DEL APRENDIZAJE AUTONOMO,Masculino,2010-1,2020,Dependiente,Actividades de servicios administrativos y de apoyo,"Entre 4,5 y 5 SMMLV",Entre 4 y 6 SMMLV,1
2102-Universidad Nacional Abierta y a Distancia - UNAD,10675-ESPECIALIZACION EN PEDAGOGIA PARA EL DESARROLLO DEL APRENDIZAJE AUTONOMO,Masculino,2010-1,2020,Dependiente,Administración pública y defensa; planes de seguridad social de afiliación obligatoria,"Entre 3 y 3,5 SMMLV","Entre 2,5 y 4 SMMLV",1
2102-Universidad Nacional Abierta y a Distancia - UNAD,10675-ESPECIALIZACION EN PEDAGOGIA PARA EL DESARROLLO DEL APRENDIZAJE AUTONOMO,Masculino,2010-1,2020,Dependiente,Administración pública y defensa; planes de seguridad social de afiliación obligatoria,Entre 5 y 6 SMMLV,Entre 4 y 6 SMMLV,2
2102-Universidad Nacional Abierta y a Distancia - UNAD,10675-ESPECIALIZACION EN PEDAGOGIA PARA EL DESARROLLO DEL APRENDIZAJE AUTONOMO,Masculino,2010-1,2020,Dependiente,Educación,1 SMMLV,1 SMMLV,1
2102-Universidad Nacional Abierta y a Distancia - UNAD,10675-ESPECIALIZACION EN PEDAGOGIA PARA EL DESARROLLO DEL APRENDIZAJE AUTONOMO,Masculino,2010-1,2020,Dependiente,Educación,"Entre 2,5 y 3 SMMLV","Entre 2,5 y 4 SMMLV",1
2102-Universidad Nacional Abierta y a Distancia - UNAD,10675-ESPECIALIZACION EN PEDAGOGIA PARA EL DESARROLLO DEL APRENDIZAJE AUTONOMO,Masculino,2010-1,2020,Dependiente,Educación,"Entre 4,5 y 5 SMMLV",Entre 4 y 6 SMMLV,1
2102-Universidad Nacional Abierta y a Distancia - UNAD,10675-ESPECIALIZACION EN PEDAGOGIA PARA EL DESARROLLO DEL APRENDIZAJE AUTONOMO,Masculino,2010-1,2020,Dependiente,Educación,Entre 5 y 6 SMMLV,Entre 4 y 6 SMMLV,3
2102-Universidad Nacional Abierta y a Distancia - UNAD,10675-ESPECIALIZACION EN PEDAGOGIA PARA EL DESARROLLO DEL APRENDIZAJE AUTONOMO,Masculino,2010-1,2020,Dependiente,Educación,Entre 6 y 7 SMMLV,Entre 6 y 9 SMMLV,1
2102-Universidad Nacional Abierta y a Distancia - UNAD,10675-ESPECIALIZACION EN PEDAGOGIA PARA EL DESARROLLO DEL APRENDIZAJE AUTONOMO,Masculino,2010-1,2020,Dependiente,Otras actividades de servicios,"Entre 2,5 y 3 SMMLV","Entre 2,5 y 4 SMMLV",1
2102-Universidad Nacional Abierta y a Distancia - UNAD,10675-ESPECIALIZACION EN PEDAGOGIA PARA EL DESARROLLO DEL APRENDIZAJE AUTONOMO,Masculino,2010-1,2021,Dependiente,Actividades de organizaciones y entidades extraterritoriales,Entre 5 y 6 SMMLV,Entre 4 y 6 SMMLV,1
2102-Universidad Nacional Abierta y a Distancia - UNAD,10675-ESPECIALIZACION EN PEDAGOGIA PARA EL DESARROLLO DEL APRENDIZAJE AUTONOMO,Masculino,2010-1,2021,Dependiente,Administración pública y defensa; planes de seguridad social de afiliación obligatoria,"Entre 3 y 3,5 SMMLV","Entre 2,5 y 4 SMMLV",1
2102-Universidad Nacional Abierta y a Distancia - UNAD,10675-ESPECIALIZACION EN PEDAGOGIA PARA EL DESARROLLO DEL APRENDIZAJE AUTONOMO,Masculino,2010-1,2021,Dependiente,Administración pública y defensa; planes de seguridad social de afiliación obligatoria,"Entre 4,5 y 5 SMMLV",Entre 4 y 6 SMMLV,1
2102-Universidad Nacional Abierta y a Distancia - UNAD,10675-ESPECIALIZACION EN PEDAGOGIA PARA EL DESARROLLO DEL APRENDIZAJE AUTONOMO,Masculino,2010-1,2021,Dependiente,Administración pública y defensa; planes de seguridad social de afiliación obligatoria,Entre 5 y 6 SMMLV,Entre 4 y 6 SMMLV,1
2102-Universidad Nacional Abierta y a Distancia - UNAD,10675-ESPECIALIZACION EN PEDAGOGIA PARA EL DESARROLLO DEL APRENDIZAJE AUTONOMO,Masculino,2010-1,2021,Dependiente,Administración pública y defensa; planes de seguridad social de afiliación obligatoria,Entre 6 y 7 SMMLV,Entre 6 y 9 SMMLV,1
2102-Universidad Nacional Abierta y a Distancia - UNAD,10675-ESPECIALIZACION EN PEDAGOGIA PARA EL DESARROLLO DEL APRENDIZAJE AUTONOMO,Masculino,2010-1,2021,Dependiente,Educación,1 SMMLV,1 SMMLV,1
2102-Universidad Nacional Abierta y a Distancia - UNAD,10675-ESPECIALIZACION EN PEDAGOGIA PARA EL DESARROLLO DEL APRENDIZAJE AUTONOMO,Masculino,2010-1,2021,Dependiente,Educación,"Entre 1 y 1,5 SMMLV","Entre 1 y 1,5 SMMLV",1
2102-Universidad Nacional Abierta y a Distancia - UNAD,10675-ESPECIALIZACION EN PEDAGOGIA PARA EL DESARROLLO DEL APRENDIZAJE AUTONOMO,Masculino,2010-1,2021,Dependiente,Educación,"Entre 4,5 y 5 SMMLV",Entre 4 y 6 SMMLV,2
2102-Universidad Nacional Abierta y a Distancia - UNAD,10675-ESPECIALIZACION EN PEDAGOGIA PARA EL DESARROLLO DEL APRENDIZAJE AUTONOMO,Masculino,2010-1,2021,Dependiente,Educación,Entre 5 y 6 SMMLV,Entre 4 y 6 SMMLV,1
2102-Universidad Nacional Abierta y a Distancia - UNAD,10675-ESPECIALIZACION EN PEDAGOGIA PARA EL DESARROLLO DEL APRENDIZAJE AUTONOMO,Masculino,2010-1,2021,Dependiente,Educación,Entre 6 y 7 SMMLV,Entre 6 y 9 SMMLV,1
2102-Universidad Nacional Abierta y a Distancia - UNAD,10675-ESPECIALIZACION EN PEDAGOGIA PARA EL DESARROLLO DEL APRENDIZAJE AUTONOMO,Masculino,2010-1,2021,Dependiente,Otras actividades de servicios,"Entre 2,5 y 3 SMMLV","Entre 2,5 y 4 SMMLV",1
2102-Universidad Nacional Abierta y a Distancia - UNAD,10675-ESPECIALIZACION EN PEDAGOGIA PARA EL DESARROLLO DEL APRENDIZAJE AUTONOMO,Masculino,2010-1,2022,Dependiente,Actividades de servicios administrativos y de apoyo,"Entre 4,5 y 5 SMMLV",Entre 4 y 6 SMMLV,1
2102-Universidad Nacional Abierta y a Distancia - UNAD,10675-ESPECIALIZACION EN PEDAGOGIA PARA EL DESARROLLO DEL APRENDIZAJE AUTONOMO,Masculino,2010-1,2022,Dependiente,"Actividades profesionales, científicas y técnicas","Entre 4,5 y 5 SMMLV",Entre 4 y 6 SMMLV,1
2102-Universidad Nacional Abierta y a Distancia - UNAD,10675-ESPECIALIZACION EN PEDAGOGIA PARA EL DESARROLLO DEL APRENDIZAJE AUTONOMO,Masculino,2010-1,2022,Dependiente,Administración pública y defensa; planes de seguridad social de afiliación obligatoria,"Entre 3 y 3,5 SMMLV","Entre 2,5 y 4 SMMLV",1
2102-Universidad Nacional Abierta y a Distancia - UNAD,10675-ESPECIALIZACION EN PEDAGOGIA PARA EL DESARROLLO DEL APRENDIZAJE AUTONOMO,Masculino,2010-1,2022,Dependiente,Administración pública y defensa; planes de seguridad social de afiliación obligatoria,Entre 5 y 6 SMMLV,Entre 4 y 6 SMMLV,1
2102-Universidad Nacional Abierta y a Distancia - UNAD,10675-ESPECIALIZACION EN PEDAGOGIA PARA EL DESARROLLO DEL APRENDIZAJE AUTONOMO,Masculino,2010-1,2022,Dependiente,Administración pública y defensa; planes de seguridad social de afiliación obligatoria,Entre 7 y 8 SMMLV,Entre 6 y 9 SMMLV,1
2102-Universidad Nacional Abierta y a Distancia - UNAD,10675-ESPECIALIZACION EN PEDAGOGIA PARA EL DESARROLLO DEL APRENDIZAJE AUTONOMO,Masculino,2010-1,2022,Dependiente,Educación,1 SMMLV,1 SMMLV,1
2102-Universidad Nacional Abierta y a Distancia - UNAD,10675-ESPECIALIZACION EN PEDAGOGIA PARA EL DESARROLLO DEL APRENDIZAJE AUTONOMO,Masculino,2010-1,2022,Dependiente,Educación,"Entre 1 y 1,5 SMMLV","Entre 1 y 1,5 SMMLV",1
2102-Universidad Nacional Abierta y a Distancia - UNAD,10675-ESPECIALIZACION EN PEDAGOGIA PARA EL DESARROLLO DEL APRENDIZAJE AUTONOMO,Masculino,2010-1,2022,Dependiente,Educación,"Entre 4 y 4,5 SMMLV",Entre 4 y 6 SMMLV,1
2102-Universidad Nacional Abierta y a Distancia - UNAD,10675-ESPECIALIZACION EN PEDAGOGIA PARA EL DESARROLLO DEL APRENDIZAJE AUTONOMO,Masculino,2010-1,2022,Dependiente,Educación,Entre 5 y 6 SMMLV,Entre 4 y 6 SMMLV,1
2102-Universidad Nacional Abierta y a Distancia - UNAD,10675-ESPECIALIZACION EN PEDAGOGIA PARA EL DESARROLLO DEL APRENDIZAJE AUTONOMO,Masculino,2010-1,2022,Dependiente,Educación,Entre 9 y 11 SMMLV,Más de 9 SMMLV,1
2102-Universidad Nacional Abierta y a Distancia - UNAD,10675-ESPECIALIZACION EN PEDAGOGIA PARA EL DESARROLLO DEL APRENDIZAJE AUTONOMO,Masculino,2010-1,2022,Dependiente,Otras actividades de servicios,"Entre 2 y 2 ,5 SMMLV","Entre 1,5 y 2,5 SMMLV",1
2102-Universidad Nacional Abierta y a Distancia - UNAD,10675-ESPECIALIZACION EN PEDAGOGIA PARA EL DESARROLLO DEL APRENDIZAJE AUTONOMO,Masculino,2010-1,2023,Dependiente,Actividades de servicios administrativos y de apoyo,"Entre 1,5 y 2 SMMLV","Entre 1,5 y 2,5 SMMLV",1
2102-Universidad Nacional Abierta y a Distancia - UNAD,10675-ESPECIALIZACION EN PEDAGOGIA PARA EL DESARROLLO DEL APRENDIZAJE AUTONOMO,Masculino,2010-1,2023,Dependiente,Actividades de servicios administrativos y de apoyo,"Entre 4,5 y 5 SMMLV",Entre 4 y 6 SMMLV,2
2102-Universidad Nacional Abierta y a Distancia - UNAD,10675-ESPECIALIZACION EN PEDAGOGIA PARA EL DESARROLLO DEL APRENDIZAJE AUTONOMO,Masculino,2010-1,2023,Dependiente,Administración pública y defensa; planes de seguridad social de afiliación obligatoria,"Entre 3 y 3,5 SMMLV","Entre 2,5 y 4 SMMLV",1
2102-Universidad Nacional Abierta y a Distancia - UNAD,10675-ESPECIALIZACION EN PEDAGOGIA PARA EL DESARROLLO DEL APRENDIZAJE AUTONOMO,Masculino,2010-1,2023,Dependiente,Administración pública y defensa; planes de seguridad social de afiliación obligatoria,Entre 5 y 6 SMMLV,Entre 4 y 6 SMMLV,1
2102-Universidad Nacional Abierta y a Distancia - UNAD,10675-ESPECIALIZACION EN PEDAGOGIA PARA EL DESARROLLO DEL APRENDIZAJE AUTONOMO,Masculino,2010-1,2023,Dependiente,Educación,"Entre 1 y 1,5 SMMLV","Entre 1 y 1,5 SMMLV",1
2102-Universidad Nacional Abierta y a Distancia - UNAD,10675-ESPECIALIZACION EN PEDAGOGIA PARA EL DESARROLLO DEL APRENDIZAJE AUTONOMO,Masculino,2010-1,2023,Dependiente,Educación,"Entre 4 y 4,5 SMMLV",Entre 4 y 6 SMMLV,1
2102-Universidad Nacional Abierta y a Distancia - UNAD,10675-ESPECIALIZACION EN PEDAGOGIA PARA EL DESARROLLO DEL APRENDIZAJE AUTONOMO,Masculino,2010-1,2023,Dependiente,Educación,Entre 5 y 6 SMMLV,Entre 4 y 6 SMMLV,1
2102-Universidad Nacional Abierta y a Distancia - UNAD,10675-ESPECIALIZACION EN PEDAGOGIA PARA EL DESARROLLO DEL APRENDIZAJE AUTONOMO,Masculino,2010-1,2023,Dependiente,Educación,Entre 9 y 11 SMMLV,Más de 9 SMMLV,1
2102-Universidad Nacional Abierta y a Distancia - UNAD,10675-ESPECIALIZACION EN PEDAGOGIA PARA EL DESARROLLO DEL APRENDIZAJE AUTONOMO,Masculino,2010-1,2023,Dependiente,Otras actividades de servicios,"Entre 2,5 y 3 SMMLV","Entre 2,5 y 4 SMMLV",1
2102-Universidad Nacional Abierta y a Distancia - UNAD,53031-ESPECIALIZACION EN PROCESOS DE ALIMENTOS Y BIOMATERIALES,Masculino,2010-1,2016,Dependiente,Sin información,Entre 8 y 9 SMMLV,Entre 6 y 9 SMMLV,1
2102-Universidad Nacional Abierta y a Distancia - UNAD,53031-ESPECIALIZACION EN PROCESOS DE ALIMENTOS Y BIOMATERIALES,Masculino,2010-1,2017,Dependiente,Sin información,Entre 7 y 8 SMMLV,Entre 6 y 9 SMMLV,1
2102-Universidad Nacional Abierta y a Distancia - UNAD,53031-ESPECIALIZACION EN PROCESOS DE ALIMENTOS Y BIOMATERIALES,Masculino,2010-1,2018,Dependiente,Sin información,Entre 7 y 8 SMMLV,Entre 6 y 9 SMMLV,1
2102-Universidad Nacional Abierta y a Distancia - UNAD,53031-ESPECIALIZACION EN PROCESOS DE ALIMENTOS Y BIOMATERIALES,Masculino,2010-1,2019,Dependiente,Sin información,Entre 8 y 9 SMMLV,Entre 6 y 9 SMMLV,1
2102-Universidad Nacional Abierta y a Distancia - UNAD,53031-ESPECIALIZACION EN PROCESOS DE ALIMENTOS Y BIOMATERIALES,Masculino,2010-1,2020,Dependiente,Otras actividades de servicios,Entre 9 y 11 SMMLV,Más de 9 SMMLV,1
2102-Universidad Nacional Abierta y a Distancia - UNAD,53031-ESPECIALIZACION EN PROCESOS DE ALIMENTOS Y BIOMATERIALES,Masculino,2010-1,2021,Dependiente,Sin información,Entre 9 y 11 SMMLV,Más de 9 SMMLV,1
2102-Universidad Nacional Abierta y a Distancia - UNAD,53031-ESPECIALIZACION EN PROCESOS DE ALIMENTOS Y BIOMATERIALES,Masculino,2010-1,2022,Dependiente,Industrias manufactureras,Entre 9 y 11 SMMLV,Más de 9 SMMLV,1
2102-Universidad Nacional Abierta y a Distancia - UNAD,53031-ESPECIALIZACION EN PROCESOS DE ALIMENTOS Y BIOMATERIALES,Masculino,2010-1,2023,Dependiente,Industrias manufactureras,Entre 9 y 11 SMMLV,Más de 9 SMMLV,1
2102-Universidad Nacional Abierta y a Distancia - UNAD,1689-INGENIERIA DE ALIMENTOS,Femenino,2010-1,2016,Dependiente,Actividades de servicios administrativos y de apoyo,"Entre 2,5 y 3 SMMLV","Entre 2,5 y 4 SMMLV",1
2102-Universidad Nacional Abierta y a Distancia - UNAD,1689-INGENIERIA DE ALIMENTOS,Femenino,2010-1,2016,Dependiente,Actividades financieras y de seguros,"Entre 2 y 2 ,5 SMMLV","Entre 1,5 y 2,5 SMMLV",1
2102-Universidad Nacional Abierta y a Distancia - UNAD,1689-INGENIERIA DE ALIMENTOS,Femenino,2010-1,2016,Dependiente,"Actividades profesionales, científicas y técnicas","Entre 2 y 2 ,5 SMMLV","Entre 1,5 y 2,5 SMMLV",1
2102-Universidad Nacional Abierta y a Distancia - UNAD,1689-INGENIERIA DE ALIMENTOS,Femenino,2010-1,2016,Dependiente,"Actividades profesionales, científicas y técnicas","Entre 4 y 4,5 SMMLV",Entre 4 y 6 SMMLV,2
2102-Universidad Nacional Abierta y a Distancia - UNAD,1689-INGENIERIA DE ALIMENTOS,Femenino,2010-1,2016,Dependiente,Administración pública y defensa; planes de seguridad social de afiliación obligatoria,"Entre 1 y 1,5 SMMLV","Entre 1 y 1,5 SMMLV",1
2102-Universidad Nacional Abierta y a Distancia - UNAD,1689-INGENIERIA DE ALIMENTOS,Femenino,2010-1,2016,Dependiente,Administración pública y defensa; planes de seguridad social de afiliación obligatoria,"Entre 3,5 y 4 SMMLV","Entre 2,5 y 4 SMMLV",1
2102-Universidad Nacional Abierta y a Distancia - UNAD,1689-INGENIERIA DE ALIMENTOS,Femenino,2010-1,2016,Dependiente,Administración pública y defensa; planes de seguridad social de afiliación obligatoria,Entre 6 y 7 SMMLV,Entre 6 y 9 SMMLV,1
2102-Universidad Nacional Abierta y a Distancia - UNAD,1689-INGENIERIA DE ALIMENTOS,Femenino,2010-1,2016,Dependiente,Alojamiento y servicios de comida,"Entre 3,5 y 4 SMMLV","Entre 2,5 y 4 SMMLV",1
2102-Universidad Nacional Abierta y a Distancia - UNAD,1689-INGENIERIA DE ALIMENTOS,Femenino,2010-1,2016,Dependiente,Alojamiento y servicios de comida,"Entre 4 y 4,5 SMMLV",Entre 4 y 6 SMMLV,1
2102-Universidad Nacional Abierta y a Distancia - UNAD,1689-INGENIERIA DE ALIMENTOS,Femenino,2010-1,2016,Dependiente,Industrias manufactureras,"Entre 1,5 y 2 SMMLV","Entre 1,5 y 2,5 SMMLV",1
2102-Universidad Nacional Abierta y a Distancia - UNAD,1689-INGENIERIA DE ALIMENTOS,Femenino,2010-1,2016,Dependiente,Sin información,"Entre 2 y 2 ,5 SMMLV","Entre 1,5 y 2,5 SMMLV",1
2102-Universidad Nacional Abierta y a Distancia - UNAD,1689-INGENIERIA DE ALIMENTOS,Femenino,2010-1,2016,Dependiente,Sin información,"Entre 4,5 y 5 SMMLV",Entre 4 y 6 SMMLV,1
2102-Universidad Nacional Abierta y a Distancia - UNAD,1689-INGENIERIA DE ALIMENTOS,Femenino,2010-1,2016,Dependiente,Sin información,Entre 5 y 6 SMMLV,Entre 4 y 6 SMMLV,1
2102-Universidad Nacional Abierta y a Distancia - UNAD,1689-INGENIERIA DE ALIMENTOS,Femenino,2010-1,2017,Dependiente,Actividades de atención de la salud humana y de asistencia social,"Entre 1 y 1,5 SMMLV","Entre 1 y 1,5 SMMLV",1
2102-Universidad Nacional Abierta y a Distancia - UNAD,1689-INGENIERIA DE ALIMENTOS,Femenino,2010-1,2017,Dependiente,Actividades de servicios administrativos y de apoyo,"Entre 1 y 1,5 SMMLV","Entre 1 y 1,5 SMMLV",1
2102-Universidad Nacional Abierta y a Distancia - UNAD,1689-INGENIERIA DE ALIMENTOS,Femenino,2010-1,2017,Dependiente,Actividades financieras y de seguros,"Entre 2 y 2 ,5 SMMLV","Entre 1,5 y 2,5 SMMLV",1
2102-Universidad Nacional Abierta y a Distancia - UNAD,1689-INGENIERIA DE ALIMENTOS,Femenino,2010-1,2017,Dependiente,Actividades financieras y de seguros,Entre 5 y 6 SMMLV,Entre 4 y 6 SMMLV,1
2102-Universidad Nacional Abierta y a Distancia - UNAD,1689-INGENIERIA DE ALIMENTOS,Femenino,2010-1,2017,Dependiente,"Actividades profesionales, científicas y técnicas","Entre 1 y 1,5 SMMLV","Entre 1 y 1,5 SMMLV",2
2102-Universidad Nacional Abierta y a Distancia - UNAD,1689-INGENIERIA DE ALIMENTOS,Femenino,2010-1,2017,Dependiente,"Actividades profesionales, científicas y técnicas","Entre 4 y 4,5 SMMLV",Entre 4 y 6 SMMLV,1
2102-Universidad Nacional Abierta y a Distancia - UNAD,1689-INGENIERIA DE ALIMENTOS,Femenino,2010-1,2017,Dependiente,Administración pública y defensa; planes de seguridad social de afiliación obligatoria,"Entre 3,5 y 4 SMMLV","Entre 2,5 y 4 SMMLV",1
2102-Universidad Nacional Abierta y a Distancia - UNAD,1689-INGENIERIA DE ALIMENTOS,Femenino,2010-1,2017,Dependiente,"Agricultura, ganadería, caza, silvicultura y pesca",Entre 6 y 7 SMMLV,Entre 6 y 9 SMMLV,1
2102-Universidad Nacional Abierta y a Distancia - UNAD,1689-INGENIERIA DE ALIMENTOS,Femenino,2010-1,2017,Dependiente,Alojamiento y servicios de comida,1 SMMLV,1 SMMLV,1
2102-Universidad Nacional Abierta y a Distancia - UNAD,1689-INGENIERIA DE ALIMENTOS,Femenino,2010-1,2017,Dependiente,Alojamiento y servicios de comida,"Entre 4,5 y 5 SMMLV",Entre 4 y 6 SMMLV,1
2102-Universidad Nacional Abierta y a Distancia - UNAD,1689-INGENIERIA DE ALIMENTOS,Femenino,2010-1,2017,Dependiente,Industrias manufactureras,"Entre 1 y 1,5 SMMLV","Entre 1 y 1,5 SMMLV",1
2102-Universidad Nacional Abierta y a Distancia - UNAD,1689-INGENIERIA DE ALIMENTOS,Femenino,2010-1,2017,Dependiente,Industrias manufactureras,"Entre 2 y 2 ,5 SMMLV","Entre 1,5 y 2,5 SMMLV",1
2102-Universidad Nacional Abierta y a Distancia - UNAD,1689-INGENIERIA DE ALIMENTOS,Femenino,2010-1,2017,Dependiente,Información y comunicaciones,"Entre 3 y 3,5 SMMLV","Entre 2,5 y 4 SMMLV",1
2102-Universidad Nacional Abierta y a Distancia - UNAD,1689-INGENIERIA DE ALIMENTOS,Femenino,2010-1,2017,Dependiente,Sin información,"Entre 2 y 2 ,5 SMMLV","Entre 1,5 y 2,5 SMMLV",1
2102-Universidad Nacional Abierta y a Distancia - UNAD,1689-INGENIERIA DE ALIMENTOS,Femenino,2010-1,2017,Dependiente,Sin información,"Entre 3,5 y 4 SMMLV","Entre 2,5 y 4 SMMLV",1
2102-Universidad Nacional Abierta y a Distancia - UNAD,1689-INGENIERIA DE ALIMENTOS,Femenino,2010-1,2017,Dependiente,Sin información,"Entre 4,5 y 5 SMMLV",Entre 4 y 6 SMMLV,1
2102-Universidad Nacional Abierta y a Distancia - UNAD,1689-INGENIERIA DE ALIMENTOS,Femenino,2010-1,2017,Dependiente,Sin información,Entre 5 y 6 SMMLV,Entre 4 y 6 SMMLV,1
2102-Universidad Nacional Abierta y a Distancia - UNAD,1689-INGENIERIA DE ALIMENTOS,Femenino,2010-1,2018,Dependiente,Actividades de atención de la salud humana y de asistencia social,"Entre 1 y 1,5 SMMLV","Entre 1 y 1,5 SMMLV",1
2102-Universidad Nacional Abierta y a Distancia - UNAD,1689-INGENIERIA DE ALIMENTOS,Femenino,2010-1,2018,Dependiente,Actividades de servicios administrativos y de apoyo,"Entre 1 y 1,5 SMMLV","Entre 1 y 1,5 SMMLV",1
2102-Universidad Nacional Abierta y a Distancia - UNAD,1689-INGENIERIA DE ALIMENTOS,Femenino,2010-1,2018,Dependiente,Actividades de servicios administrativos y de apoyo,"Entre 3 y 3,5 SMMLV","Entre 2,5 y 4 SMMLV",1
2102-Universidad Nacional Abierta y a Distancia - UNAD,1689-INGENIERIA DE ALIMENTOS,Femenino,2010-1,2018,Dependiente,Actividades financieras y de seguros,"Entre 2 y 2 ,5 SMMLV","Entre 1,5 y 2,5 SMMLV",1
2102-Universidad Nacional Abierta y a Distancia - UNAD,1689-INGENIERIA DE ALIMENTOS,Femenino,2010-1,2018,Dependiente,Actividades financieras y de seguros,Entre 5 y 6 SMMLV,Entre 4 y 6 SMMLV,1
2102-Universidad Nacional Abierta y a Distancia - UNAD,1689-INGENIERIA DE ALIMENTOS,Femenino,2010-1,2018,Dependiente,"Actividades profesionales, científicas y técnicas","Entre 1 y 1,5 SMMLV","Entre 1 y 1,5 SMMLV",1
2102-Universidad Nacional Abierta y a Distancia - UNAD,1689-INGENIERIA DE ALIMENTOS,Femenino,2010-1,2018,Dependiente,"Actividades profesionales, científicas y técnicas","Entre 1,5 y 2 SMMLV","Entre 1,5 y 2,5 SMMLV",1
2102-Universidad Nacional Abierta y a Distancia - UNAD,1689-INGENIERIA DE ALIMENTOS,Femenino,2010-1,2018,Dependiente,"Actividades profesionales, científicas y técnicas","Entre 3,5 y 4 SMMLV","Entre 2,5 y 4 SMMLV",1
2102-Universidad Nacional Abierta y a Distancia - UNAD,1689-INGENIERIA DE ALIMENTOS,Femenino,2010-1,2018,Dependiente,Administración pública y defensa; planes de seguridad social de afiliación obligatoria,"Entre 2,5 y 3 SMMLV","Entre 2,5 y 4 SMMLV",1
2102-Universidad Nacional Abierta y a Distancia - UNAD,1689-INGENIERIA DE ALIMENTOS,Femenino,2010-1,2018,Dependiente,"Agricultura, ganadería, caza, silvicultura y pesca",Entre 7 y 8 SMMLV,Entre 6 y 9 SMMLV,1
2102-Universidad Nacional Abierta y a Distancia - UNAD,1689-INGENIERIA DE ALIMENTOS,Femenino,2010-1,2018,Dependiente,Alojamiento y servicios de comida,"Entre 3 y 3,5 SMMLV","Entre 2,5 y 4 SMMLV",1
2102-Universidad Nacional Abierta y a Distancia - UNAD,1689-INGENIERIA DE ALIMENTOS,Femenino,2010-1,2018,Dependiente,Industrias manufactureras,"Entre 1,5 y 2 SMMLV","Entre 1,5 y 2,5 SMMLV",1
2102-Universidad Nacional Abierta y a Distancia - UNAD,1689-INGENIERIA DE ALIMENTOS,Femenino,2010-1,2018,Dependiente,Sin información,"Entre 2 y 2 ,5 SMMLV","Entre 1,5 y 2,5 SMMLV",1
2102-Universidad Nacional Abierta y a Distancia - UNAD,1689-INGENIERIA DE ALIMENTOS,Femenino,2010-1,2018,Dependiente,Sin información,"Entre 3,5 y 4 SMMLV","Entre 2,5 y 4 SMMLV",1
2102-Universidad Nacional Abierta y a Distancia - UNAD,1689-INGENIERIA DE ALIMENTOS,Femenino,2010-1,2018,Dependiente,Sin información,Entre 5 y 6 SMMLV,Entre 4 y 6 SMMLV,2
2102-Universidad Nacional Abierta y a Distancia - UNAD,1689-INGENIERIA DE ALIMENTOS,Femenino,2010-1,2019,Dependiente,Actividades financieras y de seguros,"Entre 2 y 2 ,5 SMMLV","Entre 1,5 y 2,5 SMMLV",1
2102-Universidad Nacional Abierta y a Distancia - UNAD,1689-INGENIERIA DE ALIMENTOS,Femenino,2010-1,2019,Dependiente,"Actividades profesionales, científicas y técnicas","Entre 3,5 y 4 SMMLV","Entre 2,5 y 4 SMMLV",1
2102-Universidad Nacional Abierta y a Distancia - UNAD,1689-INGENIERIA DE ALIMENTOS,Femenino,2010-1,2019,Dependiente,Administración pública y defensa; planes de seguridad social de afiliación obligatoria,"Entre 3,5 y 4 SMMLV","Entre 2,5 y 4 SMMLV",1
2102-Universidad Nacional Abierta y a Distancia - UNAD,1689-INGENIERIA DE ALIMENTOS,Femenino,2010-1,2019,Dependiente,Administración pública y defensa; planes de seguridad social de afiliación obligatoria,Entre 5 y 6 SMMLV,Entre 4 y 6 SMMLV,1
2102-Universidad Nacional Abierta y a Distancia - UNAD,1689-INGENIERIA DE ALIMENTOS,Femenino,2010-1,2019,Dependiente,"Agricultura, ganadería, caza, silvicultura y pesca",Entre 7 y 8 SMMLV,Entre 6 y 9 SMMLV,1
2102-Universidad Nacional Abierta y a Distancia - UNAD,1689-INGENIERIA DE ALIMENTOS,Femenino,2010-1,2019,Dependiente,Alojamiento y servicios de comida,"Entre 1 y 1,5 SMMLV","Entre 1 y 1,5 SMMLV",1
2102-Universidad Nacional Abierta y a Distancia - UNAD,1689-INGENIERIA DE ALIMENTOS,Femenino,2010-1,2019,Dependiente,Alojamiento y servicios de comida,"Entre 2,5 y 3 SMMLV","Entre 2,5 y 4 SMMLV",1
2102-Universidad Nacional Abierta y a Distancia - UNAD,1689-INGENIERIA DE ALIMENTOS,Femenino,2010-1,2019,Dependiente,Alojamiento y servicios de comida,"Entre 3 y 3,5 SMMLV","Entre 2,5 y 4 SMMLV",2
2102-Universidad Nacional Abierta y a Distancia - UNAD,1689-INGENIERIA DE ALIMENTOS,Femenino,2010-1,2019,Dependiente,Comercio al por mayor y al por menor; reparación de vehículos automotores y motocicletas,1 SMMLV,1 SMMLV,1
2102-Universidad Nacional Abierta y a Distancia - UNAD,1689-INGENIERIA DE ALIMENTOS,Femenino,2010-1,2019,Dependiente,Comercio al por mayor y al por menor; reparación de vehículos automotores y motocicletas,"Entre 1 y 1,5 SMMLV","Entre 1 y 1,5 SMMLV",1
2102-Universidad Nacional Abierta y a Distancia - UNAD,1689-INGENIERIA DE ALIMENTOS,Femenino,2010-1,2019,Dependiente,Industrias manufactureras,"Entre 1,5 y 2 SMMLV","Entre 1,5 y 2,5 SMMLV",2
2102-Universidad Nacional Abierta y a Distancia - UNAD,1689-INGENIERIA DE ALIMENTOS,Femenino,2010-1,2019,Dependiente,Otras actividades de servicios,"Entre 1 y 1,5 SMMLV","Entre 1 y 1,5 SMMLV",1
2102-Universidad Nacional Abierta y a Distancia - UNAD,1689-INGENIERIA DE ALIMENTOS,Femenino,2010-1,2019,Dependiente,Sin información,"Entre 3,5 y 4 SMMLV","Entre 2,5 y 4 SMMLV",1
2102-Universidad Nacional Abierta y a Distancia - UNAD,1689-INGENIERIA DE ALIMENTOS,Femenino,2010-1,2020,Dependiente,Actividades financieras y de seguros,"Entre 2,5 y 3 SMMLV","Entre 2,5 y 4 SMMLV",1
2102-Universidad Nacional Abierta y a Distancia - UNAD,1689-INGENIERIA DE ALIMENTOS,Femenino,2010-1,2020,Dependiente,Actividades financieras y de seguros,Entre 5 y 6 SMMLV,Entre 4 y 6 SMMLV,1
2102-Universidad Nacional Abierta y a Distancia - UNAD,1689-INGENIERIA DE ALIMENTOS,Femenino,2010-1,2020,Dependiente,"Agricultura, ganadería, caza, silvicultura y pesca",Entre 7 y 8 SMMLV,Entre 6 y 9 SMMLV,1
2102-Universidad Nacional Abierta y a Distancia - UNAD,1689-INGENIERIA DE ALIMENTOS,Femenino,2010-1,2020,Dependiente,Alojamiento y servicios de comida,1 SMMLV,1 SMMLV,1
2102-Universidad Nacional Abierta y a Distancia - UNAD,1689-INGENIERIA DE ALIMENTOS,Femenino,2010-1,2020,Dependiente,Alojamiento y servicios de comida,"Entre 4 y 4,5 SMMLV",Entre 4 y 6 SMMLV,1
2102-Universidad Nacional Abierta y a Distancia - UNAD,1689-INGENIERIA DE ALIMENTOS,Femenino,2010-1,2020,Dependiente,Alojamiento y servicios de comida,Entre 5 y 6 SMMLV,Entre 4 y 6 SMMLV,1
2102-Universidad Nacional Abierta y a Distancia - UNAD,1689-INGENIERIA DE ALIMENTOS,Femenino,2010-1,2020,Dependiente,Comercio al por mayor y al por menor; reparación de vehículos automotores y motocicletas,"Entre 1 y 1,5 SMMLV","Entre 1 y 1,5 SMMLV",1
2102-Universidad Nacional Abierta y a Distancia - UNAD,1689-INGENIERIA DE ALIMENTOS,Femenino,2010-1,2020,Dependiente,Industrias manufactureras,"Entre 1,5 y 2 SMMLV","Entre 1,5 y 2,5 SMMLV",1
2102-Universidad Nacional Abierta y a Distancia - UNAD,1689-INGENIERIA DE ALIMENTOS,Femenino,2010-1,2020,Dependiente,Industrias manufactureras,"Entre 2,5 y 3 SMMLV","Entre 2,5 y 4 SMMLV",1
2102-Universidad Nacional Abierta y a Distancia - UNAD,1689-INGENIERIA DE ALIMENTOS,Femenino,2010-1,2020,Dependiente,Otras actividades de servicios,1 SMMLV,1 SMMLV,2
2102-Universidad Nacional Abierta y a Distancia - UNAD,1689-INGENIERIA DE ALIMENTOS,Femenino,2010-1,2020,Dependiente,Transporte y almacenamiento,1 SMMLV,1 SMMLV,1
2102-Universidad Nacional Abierta y a Distancia - UNAD,1689-INGENIERIA DE ALIMENTOS,Femenino,2010-1,2021,Dependiente,Actividades de servicios administrativos y de apoyo,1 SMMLV,1 SMMLV,1
2102-Universidad Nacional Abierta y a Distancia - UNAD,1689-INGENIERIA DE ALIMENTOS,Femenino,2010-1,2021,Dependiente,Actividades financieras y de seguros,"Entre 2,5 y 3 SMMLV","Entre 2,5 y 4 SMMLV",1
2102-Universidad Nacional Abierta y a Distancia - UNAD,1689-INGENIERIA DE ALIMENTOS,Femenino,2010-1,2021,Dependiente,Actividades financieras y de seguros,Entre 5 y 6 SMMLV,Entre 4 y 6 SMMLV,1
2102-Universidad Nacional Abierta y a Distancia - UNAD,1689-INGENIERIA DE ALIMENTOS,Femenino,2010-1,2021,Dependiente,"Actividades profesionales, científicas y técnicas","Entre 1,5 y 2 SMMLV","Entre 1,5 y 2,5 SMMLV",1
2102-Universidad Nacional Abierta y a Distancia - UNAD,1689-INGENIERIA DE ALIMENTOS,Femenino,2010-1,2021,Dependiente,"Agricultura, ganadería, caza, silvicultura y pesca",Entre 7 y 8 SMMLV,Entre 6 y 9 SMMLV,1
2102-Universidad Nacional Abierta y a Distancia - UNAD,1689-INGENIERIA DE ALIMENTOS,Femenino,2010-1,2021,Dependiente,Alojamiento y servicios de comida,"Entre 1 y 1,5 SMMLV","Entre 1 y 1,5 SMMLV",1
2102-Universidad Nacional Abierta y a Distancia - UNAD,1689-INGENIERIA DE ALIMENTOS,Femenino,2010-1,2021,Dependiente,Comercio al por mayor y al por menor; reparación de vehículos automotores y motocicletas,"Entre 1 y 1,5 SMMLV","Entre 1 y 1,5 SMMLV",1
2102-Universidad Nacional Abierta y a Distancia - UNAD,1689-INGENIERIA DE ALIMENTOS,Femenino,2010-1,2021,Dependiente,Comercio al por mayor y al por menor; reparación de vehículos automotores y motocicletas,"Entre 3,5 y 4 SMMLV","Entre 2,5 y 4 SMMLV",1
2102-Universidad Nacional Abierta y a Distancia - UNAD,1689-INGENIERIA DE ALIMENTOS,Femenino,2010-1,2021,Dependiente,Industrias manufactureras,"Entre 2 y 2 ,5 SMMLV","Entre 1,5 y 2,5 SMMLV",1
2102-Universidad Nacional Abierta y a Distancia - UNAD,1689-INGENIERIA DE ALIMENTOS,Femenino,2010-1,2021,Dependiente,Industrias manufactureras,"Entre 2,5 y 3 SMMLV","Entre 2,5 y 4 SMMLV",1
2102-Universidad Nacional Abierta y a Distancia - UNAD,1689-INGENIERIA DE ALIMENTOS,Femenino,2010-1,2021,Dependiente,Transporte y almacenamiento,"Entre 1 y 1,5 SMMLV","Entre 1 y 1,5 SMMLV",1
2102-Universidad Nacional Abierta y a Distancia - UNAD,1689-INGENIERIA DE ALIMENTOS,Femenino,2010-1,2022,Dependiente,Actividades de servicios administrativos y de apoyo,"Entre 1 y 1,5 SMMLV","Entre 1 y 1,5 SMMLV",1
2102-Universidad Nacional Abierta y a Distancia - UNAD,1689-INGENIERIA DE ALIMENTOS,Femenino,2010-1,2022,Dependiente,Actividades financieras y de seguros,"Entre 1,5 y 2 SMMLV","Entre 1,5 y 2,5 SMMLV",1
2102-Universidad Nacional Abierta y a Distancia - UNAD,1689-INGENIERIA DE ALIMENTOS,Femenino,2010-1,2022,Dependiente,Actividades financieras y de seguros,Entre 5 y 6 SMMLV,Entre 4 y 6 SMMLV,1
2102-Universidad Nacional Abierta y a Distancia - UNAD,1689-INGENIERIA DE ALIMENTOS,Femenino,2010-1,2022,Dependiente,"Actividades profesionales, científicas y técnicas","Entre 1,5 y 2 SMMLV","Entre 1,5 y 2,5 SMMLV",1
2102-Universidad Nacional Abierta y a Distancia - UNAD,1689-INGENIERIA DE ALIMENTOS,Femenino,2010-1,2022,Dependiente,"Actividades profesionales, científicas y técnicas","Entre 2 y 2 ,5 SMMLV","Entre 1,5 y 2,5 SMMLV",1
2102-Universidad Nacional Abierta y a Distancia - UNAD,1689-INGENIERIA DE ALIMENTOS,Femenino,2010-1,2022,Dependiente,Alojamiento y servicios de comida,"Entre 1,5 y 2 SMMLV","Entre 1,5 y 2,5 SMMLV",1
2102-Universidad Nacional Abierta y a Distancia - UNAD,1689-INGENIERIA DE ALIMENTOS,Femenino,2010-1,2022,Dependiente,Alojamiento y servicios de comida,"Entre 2 y 2 ,5 SMMLV","Entre 1,5 y 2,5 SMMLV",1
2102-Universidad Nacional Abierta y a Distancia - UNAD,1689-INGENIERIA DE ALIMENTOS,Femenino,2010-1,2022,Dependiente,Comercio al por mayor y al por menor; reparación de vehículos automotores y motocicletas,"Entre 1 y 1,5 SMMLV","Entre 1 y 1,5 SMMLV",1
2102-Universidad Nacional Abierta y a Distancia - UNAD,1689-INGENIERIA DE ALIMENTOS,Femenino,2010-1,2022,Dependiente,Comercio al por mayor y al por menor; reparación de vehículos automotores y motocicletas,"Entre 3,5 y 4 SMMLV","Entre 2,5 y 4 SMMLV",1
2102-Universidad Nacional Abierta y a Distancia - UNAD,1689-INGENIERIA DE ALIMENTOS,Femenino,2010-1,2022,Dependiente,Industrias manufactureras,"Entre 2 y 2 ,5 SMMLV","Entre 1,5 y 2,5 SMMLV",1
2102-Universidad Nacional Abierta y a Distancia - UNAD,1689-INGENIERIA DE ALIMENTOS,Femenino,2010-1,2022,Dependiente,Transporte y almacenamiento,"Entre 1 y 1,5 SMMLV","Entre 1 y 1,5 SMMLV",1
2102-Universidad Nacional Abierta y a Distancia - UNAD,1689-INGENIERIA DE ALIMENTOS,Femenino,2010-1,2023,Dependiente,Actividades de servicios administrativos y de apoyo,1 SMMLV,1 SMMLV,1
2102-Universidad Nacional Abierta y a Distancia - UNAD,1689-INGENIERIA DE ALIMENTOS,Femenino,2010-1,2023,Dependiente,Actividades financieras y de seguros,"Entre 2,5 y 3 SMMLV","Entre 2,5 y 4 SMMLV",1
2102-Universidad Nacional Abierta y a Distancia - UNAD,1689-INGENIERIA DE ALIMENTOS,Femenino,2010-1,2023,Dependiente,Actividades financieras y de seguros,"Entre 3 y 3,5 SMMLV","Entre 2,5 y 4 SMMLV",1
2102-Universidad Nacional Abierta y a Distancia - UNAD,1689-INGENIERIA DE ALIMENTOS,Femenino,2010-1,2023,Dependiente,Actividades financieras y de seguros,Entre 5 y 6 SMMLV,Entre 4 y 6 SMMLV,1
2102-Universidad Nacional Abierta y a Distancia - UNAD,1689-INGENIERIA DE ALIMENTOS,Femenino,2010-1,2023,Dependiente,"Actividades profesionales, científicas y técnicas","Entre 1,5 y 2 SMMLV","Entre 1,5 y 2,5 SMMLV",1
2102-Universidad Nacional Abierta y a Distancia - UNAD,1689-INGENIERIA DE ALIMENTOS,Femenino,2010-1,2023,Dependiente,Alojamiento y servicios de comida,"Entre 2 y 2 ,5 SMMLV","Entre 1,5 y 2,5 SMMLV",1
2102-Universidad Nacional Abierta y a Distancia - UNAD,1689-INGENIERIA DE ALIMENTOS,Femenino,2010-1,2023,Dependiente,Comercio al por mayor y al por menor; reparación de vehículos automotores y motocicletas,1 SMMLV,1 SMMLV,1
2102-Universidad Nacional Abierta y a Distancia - UNAD,1689-INGENIERIA DE ALIMENTOS,Femenino,2010-1,2023,Dependiente,Comercio al por mayor y al por menor; reparación de vehículos automotores y motocicletas,"Entre 1 y 1,5 SMMLV","Entre 1 y 1,5 SMMLV",1
2102-Universidad Nacional Abierta y a Distancia - UNAD,1689-INGENIERIA DE ALIMENTOS,Femenino,2010-1,2023,Dependiente,Industrias manufactureras,"Entre 2 y 2 ,5 SMMLV","Entre 1,5 y 2,5 SMMLV",2
2102-Universidad Nacional Abierta y a Distancia - UNAD,1689-INGENIERIA DE ALIMENTOS,Femenino,2010-1,2023,Dependiente,Transporte y almacenamiento,"Entre 1 y 1,5 SMMLV","Entre 1 y 1,5 SMMLV",1
2102-Universidad Nacional Abierta y a Distancia - UNAD,1689-INGENIERIA DE ALIMENTOS,Masculino,2010-1,2016,Dependiente,Actividades de servicios administrativos y de apoyo,"Entre 2 y 2 ,5 SMMLV","Entre 1,5 y 2,5 SMMLV",1
2102-Universidad Nacional Abierta y a Distancia - UNAD,1689-INGENIERIA DE ALIMENTOS,Masculino,2010-1,2016,Dependiente,"Agricultura, ganadería, caza, silvicultura y pesca","Entre 3,5 y 4 SMMLV","Entre 2,5 y 4 SMMLV",1
2102-Universidad Nacional Abierta y a Distancia - UNAD,1689-INGENIERIA DE ALIMENTOS,Masculino,2010-1,2016,Dependiente,Alojamiento y servicios de comida,"Entre 1 y 1,5 SMMLV","Entre 1 y 1,5 SMMLV",1
2102-Universidad Nacional Abierta y a Distancia - UNAD,1689-INGENIERIA DE ALIMENTOS,Masculino,2010-1,2016,Dependiente,Alojamiento y servicios de comida,"Entre 3 y 3,5 SMMLV","Entre 2,5 y 4 SMMLV",1
2102-Universidad Nacional Abierta y a Distancia - UNAD,1689-INGENIERIA DE ALIMENTOS,Masculino,2010-1,2016,Dependiente,Industrias manufactureras,"Entre 2,5 y 3 SMMLV","Entre 2,5 y 4 SMMLV",1
2102-Universidad Nacional Abierta y a Distancia - UNAD,1689-INGENIERIA DE ALIMENTOS,Masculino,2010-1,2016,Dependiente,Industrias manufactureras,Entre 7 y 8 SMMLV,Entre 6 y 9 SMMLV,1
2102-Universidad Nacional Abierta y a Distancia - UNAD,1689-INGENIERIA DE ALIMENTOS,Masculino,2010-1,2016,Dependiente,Industrias manufactureras,Entre 11 y 13 SMMLV,Más de 9 SMMLV,1
2102-Universidad Nacional Abierta y a Distancia - UNAD,1689-INGENIERIA DE ALIMENTOS,Masculino,2010-1,2016,Dependiente,Información y comunicaciones,"Entre 2,5 y 3 SMMLV","Entre 2,5 y 4 SMMLV",2
2102-Universidad Nacional Abierta y a Distancia - UNAD,1689-INGENIERIA DE ALIMENTOS,Masculino,2010-1,2017,Dependiente,"Actividades artísticas, de entretenimiento y recreación","Entre 2,5 y 3 SMMLV","Entre 2,5 y 4 SMMLV",1
2102-Universidad Nacional Abierta y a Distancia - UNAD,1689-INGENIERIA DE ALIMENTOS,Masculino,2010-1,2017,Dependiente,"Actividades profesionales, científicas y técnicas","Entre 2,5 y 3 SMMLV","Entre 2,5 y 4 SMMLV",1
2102-Universidad Nacional Abierta y a Distancia - UNAD,1689-INGENIERIA DE ALIMENTOS,Masculino,2010-1,2017,Dependiente,Administración pública y defensa; planes de seguridad social de afiliación obligatoria,"Entre 1 y 1,5 SMMLV","Entre 1 y 1,5 SMMLV",1
2102-Universidad Nacional Abierta y a Distancia - UNAD,1689-INGENIERIA DE ALIMENTOS,Masculino,2010-1,2017,Dependiente,Alojamiento y servicios de comida,"Entre 1 y 1,5 SMMLV","Entre 1 y 1,5 SMMLV",1
2102-Universidad Nacional Abierta y a Distancia - UNAD,1689-INGENIERIA DE ALIMENTOS,Masculino,2010-1,2017,Dependiente,Alojamiento y servicios de comida,"Entre 3 y 3,5 SMMLV","Entre 2,5 y 4 SMMLV",1
2102-Universidad Nacional Abierta y a Distancia - UNAD,1689-INGENIERIA DE ALIMENTOS,Masculino,2010-1,2017,Dependiente,Industrias manufactureras,"Entre 1,5 y 2 SMMLV","Entre 1,5 y 2,5 SMMLV",1
2102-Universidad Nacional Abierta y a Distancia - UNAD,1689-INGENIERIA DE ALIMENTOS,Masculino,2010-1,2017,Dependiente,Industrias manufactureras,"Entre 3,5 y 4 SMMLV","Entre 2,5 y 4 SMMLV",1
2102-Universidad Nacional Abierta y a Distancia - UNAD,1689-INGENIERIA DE ALIMENTOS,Masculino,2010-1,2017,Dependiente,Industrias manufactureras,Entre 7 y 8 SMMLV,Entre 6 y 9 SMMLV,1
2102-Universidad Nacional Abierta y a Distancia - UNAD,1689-INGENIERIA DE ALIMENTOS,Masculino,2010-1,2017,Dependiente,Información y comunicaciones,"Entre 3 y 3,5 SMMLV","Entre 2,5 y 4 SMMLV",1
2102-Universidad Nacional Abierta y a Distancia - UNAD,1689-INGENIERIA DE ALIMENTOS,Masculino,2010-1,2018,Dependiente,"Actividades profesionales, científicas y técnicas","Entre 2,5 y 3 SMMLV","Entre 2,5 y 4 SMMLV",1
2102-Universidad Nacional Abierta y a Distancia - UNAD,1689-INGENIERIA DE ALIMENTOS,Masculino,2010-1,2018,Dependiente,Administración pública y defensa; planes de seguridad social de afiliación obligatoria,"Entre 1 y 1,5 SMMLV","Entre 1 y 1,5 SMMLV",1
2102-Universidad Nacional Abierta y a Distancia - UNAD,1689-INGENIERIA DE ALIMENTOS,Masculino,2010-1,2018,Dependiente,Alojamiento y servicios de comida,"Entre 3 y 3,5 SMMLV","Entre 2,5 y 4 SMMLV",2
2102-Universidad Nacional Abierta y a Distancia - UNAD,1689-INGENIERIA DE ALIMENTOS,Masculino,2010-1,2018,Dependiente,Comercio al por mayor y al por menor; reparación de vehículos automotores y motocicletas,Entre 5 y 6 SMMLV,Entre 4 y 6 SMMLV,1
2102-Universidad Nacional Abierta y a Distancia - UNAD,1689-INGENIERIA DE ALIMENTOS,Masculino,2010-1,2018,Dependiente,Industrias manufactureras,"Entre 4 y 4,5 SMMLV",Entre 4 y 6 SMMLV,1
2102-Universidad Nacional Abierta y a Distancia - UNAD,1689-INGENIERIA DE ALIMENTOS,Masculino,2010-1,2018,Dependiente,Industrias manufactureras,Entre 7 y 8 SMMLV,Entre 6 y 9 SMMLV,1
2102-Universidad Nacional Abierta y a Distancia - UNAD,1689-INGENIERIA DE ALIMENTOS,Masculino,2010-1,2019,Dependiente,"Actividades profesionales, científicas y técnicas","Entre 2,5 y 3 SMMLV","Entre 2,5 y 4 SMMLV",1
2102-Universidad Nacional Abierta y a Distancia - UNAD,1689-INGENIERIA DE ALIMENTOS,Masculino,2010-1,2019,Dependiente,Administración pública y defensa; planes de seguridad social de afiliación obligatoria,"Entre 1 y 1,5 SMMLV","Entre 1 y 1,5 SMMLV",1
2102-Universidad Nacional Abierta y a Distancia - UNAD,1689-INGENIERIA DE ALIMENTOS,Masculino,2010-1,2019,Dependiente,Alojamiento y servicios de comida,"Entre 2 y 2 ,5 SMMLV","Entre 1,5 y 2,5 SMMLV",1
2102-Universidad Nacional Abierta y a Distancia - UNAD,1689-INGENIERIA DE ALIMENTOS,Masculino,2010-1,2019,Dependiente,Alojamiento y servicios de comida,"Entre 2,5 y 3 SMMLV","Entre 2,5 y 4 SMMLV",1
2102-Universidad Nacional Abierta y a Distancia - UNAD,1689-INGENIERIA DE ALIMENTOS,Masculino,2010-1,2019,Dependiente,Comercio al por mayor y al por menor; reparación de vehículos automotores y motocicletas,Entre 5 y 6 SMMLV,Entre 4 y 6 SMMLV,1
2102-Universidad Nacional Abierta y a Distancia - UNAD,1689-INGENIERIA DE ALIMENTOS,Masculino,2010-1,2019,Dependiente,Industrias manufactureras,"Entre 1 y 1,5 SMMLV","Entre 1 y 1,5 SMMLV",1
2102-Universidad Nacional Abierta y a Distancia - UNAD,1689-INGENIERIA DE ALIMENTOS,Masculino,2010-1,2019,Dependiente,Industrias manufactureras,"Entre 2,5 y 3 SMMLV","Entre 2,5 y 4 SMMLV",1
2102-Universidad Nacional Abierta y a Distancia - UNAD,1689-INGENIERIA DE ALIMENTOS,Masculino,2010-1,2019,Dependiente,Industrias manufactureras,"Entre 4,5 y 5 SMMLV",Entre 4 y 6 SMMLV,1
2102-Universidad Nacional Abierta y a Distancia - UNAD,1689-INGENIERIA DE ALIMENTOS,Masculino,2010-1,2019,Dependiente,Industrias manufactureras,Entre 7 y 8 SMMLV,Entre 6 y 9 SMMLV,1
2102-Universidad Nacional Abierta y a Distancia - UNAD,1689-INGENIERIA DE ALIMENTOS,Masculino,2010-1,2020,Dependiente,Actividades de servicios administrativos y de apoyo,"Entre 2,5 y 3 SMMLV","Entre 2,5 y 4 SMMLV",1
2102-Universidad Nacional Abierta y a Distancia - UNAD,1689-INGENIERIA DE ALIMENTOS,Masculino,2010-1,2020,Dependiente,"Actividades profesionales, científicas y técnicas","Entre 2,5 y 3 SMMLV","Entre 2,5 y 4 SMMLV",1
2102-Universidad Nacional Abierta y a Distancia - UNAD,1689-INGENIERIA DE ALIMENTOS,Masculino,2010-1,2020,Dependiente,Alojamiento y servicios de comida,"Entre 2,5 y 3 SMMLV","Entre 2,5 y 4 SMMLV",1
2102-Universidad Nacional Abierta y a Distancia - UNAD,1689-INGENIERIA DE ALIMENTOS,Masculino,2010-1,2020,Dependiente,Comercio al por mayor y al por menor; reparación de vehículos automotores y motocicletas,"Entre 1 y 1,5 SMMLV","Entre 1 y 1,5 SMMLV",1
2102-Universidad Nacional Abierta y a Distancia - UNAD,1689-INGENIERIA DE ALIMENTOS,Masculino,2010-1,2020,Dependiente,Comercio al por mayor y al por menor; reparación de vehículos automotores y motocicletas,Entre 5 y 6 SMMLV,Entre 4 y 6 SMMLV,1
2102-Universidad Nacional Abierta y a Distancia - UNAD,1689-INGENIERIA DE ALIMENTOS,Masculino,2010-1,2020,Dependiente,Industrias manufactureras,"Entre 2,5 y 3 SMMLV","Entre 2,5 y 4 SMMLV",1
2102-Universidad Nacional Abierta y a Distancia - UNAD,1689-INGENIERIA DE ALIMENTOS,Masculino,2010-1,2020,Dependiente,Industrias manufactureras,Entre 7 y 8 SMMLV,Entre 6 y 9 SMMLV,1
2102-Universidad Nacional Abierta y a Distancia - UNAD,1689-INGENIERIA DE ALIMENTOS,Masculino,2010-1,2021,Dependiente,"Actividades profesionales, científicas y técnicas","Entre 3,5 y 4 SMMLV","Entre 2,5 y 4 SMMLV",1
2102-Universidad Nacional Abierta y a Distancia - UNAD,1689-INGENIERIA DE ALIMENTOS,Masculino,2010-1,2021,Dependiente,Alojamiento y servicios de comida,"Entre 2,5 y 3 SMMLV","Entre 2,5 y 4 SMMLV",1
2102-Universidad Nacional Abierta y a Distancia - UNAD,1689-INGENIERIA DE ALIMENTOS,Masculino,2010-1,2021,Dependiente,Comercio al por mayor y al por menor; reparación de vehículos automotores y motocicletas,"Entre 3 y 3,5 SMMLV","Entre 2,5 y 4 SMMLV",1
2102-Universidad Nacional Abierta y a Distancia - UNAD,1689-INGENIERIA DE ALIMENTOS,Masculino,2010-1,2021,Dependiente,Comercio al por mayor y al por menor; reparación de vehículos automotores y motocicletas,Entre 5 y 6 SMMLV,Entre 4 y 6 SMMLV,1
2102-Universidad Nacional Abierta y a Distancia - UNAD,1689-INGENIERIA DE ALIMENTOS,Masculino,2010-1,2022,Dependiente,"Actividades profesionales, científicas y técnicas","Entre 3,5 y 4 SMMLV","Entre 2,5 y 4 SMMLV",1
2102-Universidad Nacional Abierta y a Distancia - UNAD,1689-INGENIERIA DE ALIMENTOS,Masculino,2010-1,2022,Dependiente,Alojamiento y servicios de comida,"Entre 2,5 y 3 SMMLV","Entre 2,5 y 4 SMMLV",1
2102-Universidad Nacional Abierta y a Distancia - UNAD,1689-INGENIERIA DE ALIMENTOS,Masculino,2010-1,2022,Dependiente,Comercio al por mayor y al por menor; reparación de vehículos automotores y motocicletas,"Entre 3 y 3,5 SMMLV","Entre 2,5 y 4 SMMLV",1
2102-Universidad Nacional Abierta y a Distancia - UNAD,1689-INGENIERIA DE ALIMENTOS,Masculino,2010-1,2022,Dependiente,Comercio al por mayor y al por menor; reparación de vehículos automotores y motocicletas,Entre 5 y 6 SMMLV,Entre 4 y 6 SMMLV,1
2102-Universidad Nacional Abierta y a Distancia - UNAD,1689-INGENIERIA DE ALIMENTOS,Masculino,2010-1,2022,Dependiente,Comercio al por mayor y al por menor; reparación de vehículos automotores y motocicletas,Entre 9 y 11 SMMLV,Más de 9 SMMLV,1
2102-Universidad Nacional Abierta y a Distancia - UNAD,1689-INGENIERIA DE ALIMENTOS,Masculino,2010-1,2023,Dependiente,"Actividades profesionales, científicas y técnicas","Entre 3,5 y 4 SMMLV","Entre 2,5 y 4 SMMLV",1
2102-Universidad Nacional Abierta y a Distancia - UNAD,1689-INGENIERIA DE ALIMENTOS,Masculino,2010-1,2023,Dependiente,Alojamiento y servicios de comida,"Entre 2,5 y 3 SMMLV","Entre 2,5 y 4 SMMLV",1
2102-Universidad Nacional Abierta y a Distancia - UNAD,1689-INGENIERIA DE ALIMENTOS,Masculino,2010-1,2023,Dependiente,Comercio al por mayor y al por menor; reparación de vehículos automotores y motocicletas,"Entre 4 y 4,5 SMMLV",Entre 4 y 6 SMMLV,1
2102-Universidad Nacional Abierta y a Distancia - UNAD,1689-INGENIERIA DE ALIMENTOS,Masculino,2010-1,2023,Dependiente,Comercio al por mayor y al por menor; reparación de vehículos automotores y motocicletas,Entre 5 y 6 SMMLV,Entre 4 y 6 SMMLV,1
2102-Universidad Nacional Abierta y a Distancia - UNAD,1689-INGENIERIA DE ALIMENTOS,Masculino,2010-1,2023,Dependiente,Industrias manufactureras,"Entre 2 y 2 ,5 SMMLV","Entre 1,5 y 2,5 SMMLV",1
2102-Universidad Nacional Abierta y a Distancia - UNAD,2776-INGENIERIA DE SISTEMAS,Femenino,2010-1,2017,Dependiente,Actividades de atención de la salud humana y de asistencia social,"Entre 1 y 1,5 SMMLV","Entre 1 y 1,5 SMMLV",1
2102-Universidad Nacional Abierta y a Distancia - UNAD,2776-INGENIERIA DE SISTEMAS,Femenino,2010-1,2017,Dependiente,Actividades de atención de la salud humana y de asistencia social,"Entre 1,5 y 2 SMMLV","Entre 1,5 y 2,5 SMMLV",1
2102-Universidad Nacional Abierta y a Distancia - UNAD,2776-INGENIERIA DE SISTEMAS,Femenino,2010-1,2017,Dependiente,Actividades de organizaciones y entidades extraterritoriales,"Entre 3 y 3,5 SMMLV","Entre 2,5 y 4 SMMLV",1
2102-Universidad Nacional Abierta y a Distancia - UNAD,2776-INGENIERIA DE SISTEMAS,Femenino,2010-1,2017,Dependiente,Actividades de servicios administrativos y de apoyo,"Entre 1,5 y 2 SMMLV","Entre 1,5 y 2,5 SMMLV",2
2102-Universidad Nacional Abierta y a Distancia - UNAD,2776-INGENIERIA DE SISTEMAS,Femenino,2010-1,2017,Dependiente,Actividades de servicios administrativos y de apoyo,"Entre 4,5 y 5 SMMLV",Entre 4 y 6 SMMLV,1
2102-Universidad Nacional Abierta y a Distancia - UNAD,2776-INGENIERIA DE SISTEMAS,Femenino,2010-1,2017,Dependiente,Actividades financieras y de seguros,"Entre 2 y 2 ,5 SMMLV","Entre 1,5 y 2,5 SMMLV",2
2102-Universidad Nacional Abierta y a Distancia - UNAD,2776-INGENIERIA DE SISTEMAS,Femenino,2010-1,2017,Dependiente,Actividades financieras y de seguros,"Entre 2,5 y 3 SMMLV","Entre 2,5 y 4 SMMLV",2
2102-Universidad Nacional Abierta y a Distancia - UNAD,2776-INGENIERIA DE SISTEMAS,Femenino,2010-1,2017,Dependiente,Actividades financieras y de seguros,Entre 6 y 7 SMMLV,Entre 6 y 9 SMMLV,1
2102-Universidad Nacional Abierta y a Distancia - UNAD,2776-INGENIERIA DE SISTEMAS,Femenino,2010-1,2017,Dependiente,"Actividades profesionales, científicas y técnicas",1 SMMLV,1 SMMLV,1
2102-Universidad Nacional Abierta y a Distancia - UNAD,2776-INGENIERIA DE SISTEMAS,Femenino,2010-1,2017,Dependiente,"Actividades profesionales, científicas y técnicas","Entre 1 y 1,5 SMMLV","Entre 1 y 1,5 SMMLV",2
2102-Universidad Nacional Abierta y a Distancia - UNAD,2776-INGENIERIA DE SISTEMAS,Femenino,2010-1,2017,Dependiente,"Actividades profesionales, científicas y técnicas","Entre 2 y 2 ,5 SMMLV","Entre 1,5 y 2,5 SMMLV",4
2102-Universidad Nacional Abierta y a Distancia - UNAD,2776-INGENIERIA DE SISTEMAS,Femenino,2010-1,2017,Dependiente,Administración pública y defensa; planes de seguridad social de afiliación obligatoria,"Entre 1 y 1,5 SMMLV","Entre 1 y 1,5 SMMLV",1
2102-Universidad Nacional Abierta y a Distancia - UNAD,2776-INGENIERIA DE SISTEMAS,Femenino,2010-1,2017,Dependiente,Administración pública y defensa; planes de seguridad social de afiliación obligatoria,"Entre 2 y 2 ,5 SMMLV","Entre 1,5 y 2,5 SMMLV",2
2102-Universidad Nacional Abierta y a Distancia - UNAD,2776-INGENIERIA DE SISTEMAS,Femenino,2010-1,2017,Dependiente,Administración pública y defensa; planes de seguridad social de afiliación obligatoria,"Entre 2,5 y 3 SMMLV","Entre 2,5 y 4 SMMLV",1
2102-Universidad Nacional Abierta y a Distancia - UNAD,2776-INGENIERIA DE SISTEMAS,Femenino,2010-1,2017,Dependiente,Administración pública y defensa; planes de seguridad social de afiliación obligatoria,"Entre 4 y 4,5 SMMLV",Entre 4 y 6 SMMLV,1
2102-Universidad Nacional Abierta y a Distancia - UNAD,2776-INGENIERIA DE SISTEMAS,Femenino,2010-1,2017,Dependiente,Administración pública y defensa; planes de seguridad social de afiliación obligatoria,Entre 5 y 6 SMMLV,Entre 4 y 6 SMMLV,1
2102-Universidad Nacional Abierta y a Distancia - UNAD,2776-INGENIERIA DE SISTEMAS,Femenino,2010-1,2017,Dependiente,Comercio al por mayor y al por menor; reparación de vehículos automotores y motocicletas,"Entre 1 y 1,5 SMMLV","Entre 1 y 1,5 SMMLV",1
2102-Universidad Nacional Abierta y a Distancia - UNAD,2776-INGENIERIA DE SISTEMAS,Femenino,2010-1,2017,Dependiente,Construccion,1 SMMLV,1 SMMLV,1
2102-Universidad Nacional Abierta y a Distancia - UNAD,2776-INGENIERIA DE SISTEMAS,Femenino,2010-1,2017,Dependiente,Construccion,"Entre 1 y 1,5 SMMLV","Entre 1 y 1,5 SMMLV",1
2102-Universidad Nacional Abierta y a Distancia - UNAD,2776-INGENIERIA DE SISTEMAS,Femenino,2010-1,2017,Dependiente,Educación,1 SMMLV,1 SMMLV,1
2102-Universidad Nacional Abierta y a Distancia - UNAD,2776-INGENIERIA DE SISTEMAS,Femenino,2010-1,2017,Dependiente,Educación,"Entre 1 y 1,5 SMMLV","Entre 1 y 1,5 SMMLV",2
2102-Universidad Nacional Abierta y a Distancia - UNAD,2776-INGENIERIA DE SISTEMAS,Femenino,2010-1,2017,Dependiente,Educación,"Entre 3 y 3,5 SMMLV","Entre 2,5 y 4 SMMLV",1
2102-Universidad Nacional Abierta y a Distancia - UNAD,2776-INGENIERIA DE SISTEMAS,Femenino,2010-1,2017,Dependiente,Industrias manufactureras,"Entre 1 y 1,5 SMMLV","Entre 1 y 1,5 SMMLV",1
2102-Universidad Nacional Abierta y a Distancia - UNAD,2776-INGENIERIA DE SISTEMAS,Femenino,2010-1,2017,Dependiente,Industrias manufactureras,"Entre 4 y 4,5 SMMLV",Entre 4 y 6 SMMLV,1
2102-Universidad Nacional Abierta y a Distancia - UNAD,2776-INGENIERIA DE SISTEMAS,Femenino,2010-1,2017,Dependiente,Otras actividades de servicios,"Entre 3 y 3,5 SMMLV","Entre 2,5 y 4 SMMLV",1
2102-Universidad Nacional Abierta y a Distancia - UNAD,2776-INGENIERIA DE SISTEMAS,Femenino,2010-1,2017,Dependiente,Sin información,"Entre 1 y 1,5 SMMLV","Entre 1 y 1,5 SMMLV",1
2102-Universidad Nacional Abierta y a Distancia - UNAD,2776-INGENIERIA DE SISTEMAS,Femenino,2010-1,2017,Dependiente,Sin información,"Entre 2 y 2 ,5 SMMLV","Entre 1,5 y 2,5 SMMLV",2
2102-Universidad Nacional Abierta y a Distancia - UNAD,2776-INGENIERIA DE SISTEMAS,Femenino,2010-1,2017,Dependiente,Sin información,"Entre 2,5 y 3 SMMLV","Entre 2,5 y 4 SMMLV",1
2102-Universidad Nacional Abierta y a Distancia - UNAD,2776-INGENIERIA DE SISTEMAS,Femenino,2010-1,2017,Dependiente,Transporte y almacenamiento,"Entre 1 y 1,5 SMMLV","Entre 1 y 1,5 SMMLV",1
2102-Universidad Nacional Abierta y a Distancia - UNAD,2776-INGENIERIA DE SISTEMAS,Femenino,2010-1,2018,Dependiente,Actividades de atención de la salud humana y de asistencia social,"Entre 1,5 y 2 SMMLV","Entre 1,5 y 2,5 SMMLV",1
2102-Universidad Nacional Abierta y a Distancia - UNAD,2776-INGENIERIA DE SISTEMAS,Femenino,2010-1,2018,Dependiente,Actividades de organizaciones y entidades extraterritoriales,"Entre 3 y 3,5 SMMLV","Entre 2,5 y 4 SMMLV",1
2102-Universidad Nacional Abierta y a Distancia - UNAD,2776-INGENIERIA DE SISTEMAS,Femenino,2010-1,2018,Dependiente,Actividades de servicios administrativos y de apoyo,1 SMMLV,1 SMMLV,1
2102-Universidad Nacional Abierta y a Distancia - UNAD,2776-INGENIERIA DE SISTEMAS,Femenino,2010-1,2018,Dependiente,Actividades de servicios administrativos y de apoyo,"Entre 1,5 y 2 SMMLV","Entre 1,5 y 2,5 SMMLV",1
2102-Universidad Nacional Abierta y a Distancia - UNAD,2776-INGENIERIA DE SISTEMAS,Femenino,2010-1,2018,Dependiente,Actividades de servicios administrativos y de apoyo,"Entre 2 y 2 ,5 SMMLV","Entre 1,5 y 2,5 SMMLV",1
2102-Universidad Nacional Abierta y a Distancia - UNAD,2776-INGENIERIA DE SISTEMAS,Femenino,2010-1,2018,Dependiente,Actividades financieras y de seguros,"Entre 2 y 2 ,5 SMMLV","Entre 1,5 y 2,5 SMMLV",1
2102-Universidad Nacional Abierta y a Distancia - UNAD,2776-INGENIERIA DE SISTEMAS,Femenino,2010-1,2018,Dependiente,Actividades financieras y de seguros,"Entre 2,5 y 3 SMMLV","Entre 2,5 y 4 SMMLV",1
2102-Universidad Nacional Abierta y a Distancia - UNAD,2776-INGENIERIA DE SISTEMAS,Femenino,2010-1,2018,Dependiente,Actividades financieras y de seguros,"Entre 3,5 y 4 SMMLV","Entre 2,5 y 4 SMMLV",1
2102-Universidad Nacional Abierta y a Distancia - UNAD,2776-INGENIERIA DE SISTEMAS,Femenino,2010-1,2018,Dependiente,Actividades financieras y de seguros,Entre 6 y 7 SMMLV,Entre 6 y 9 SMMLV,1
2102-Universidad Nacional Abierta y a Distancia - UNAD,2776-INGENIERIA DE SISTEMAS,Femenino,2010-1,2018,Dependiente,"Actividades profesionales, científicas y técnicas","Entre 1 y 1,5 SMMLV","Entre 1 y 1,5 SMMLV",2
2102-Universidad Nacional Abierta y a Distancia - UNAD,2776-INGENIERIA DE SISTEMAS,Femenino,2010-1,2018,Dependiente,"Actividades profesionales, científicas y técnicas","Entre 1,5 y 2 SMMLV","Entre 1,5 y 2,5 SMMLV",1
2102-Universidad Nacional Abierta y a Distancia - UNAD,2776-INGENIERIA DE SISTEMAS,Femenino,2010-1,2018,Dependiente,"Actividades profesionales, científicas y técnicas","Entre 2 y 2 ,5 SMMLV","Entre 1,5 y 2,5 SMMLV",1
2102-Universidad Nacional Abierta y a Distancia - UNAD,2776-INGENIERIA DE SISTEMAS,Femenino,2010-1,2018,Dependiente,"Actividades profesionales, científicas y técnicas","Entre 2,5 y 3 SMMLV","Entre 2,5 y 4 SMMLV",2
2102-Universidad Nacional Abierta y a Distancia - UNAD,2776-INGENIERIA DE SISTEMAS,Femenino,2010-1,2018,Dependiente,Administración pública y defensa; planes de seguridad social de afiliación obligatoria,1 SMMLV,1 SMMLV,2
2102-Universidad Nacional Abierta y a Distancia - UNAD,2776-INGENIERIA DE SISTEMAS,Femenino,2010-1,2018,Dependiente,Administración pública y defensa; planes de seguridad social de afiliación obligatoria,"Entre 2 y 2 ,5 SMMLV","Entre 1,5 y 2,5 SMMLV",1
2102-Universidad Nacional Abierta y a Distancia - UNAD,2776-INGENIERIA DE SISTEMAS,Femenino,2010-1,2018,Dependiente,Administración pública y defensa; planes de seguridad social de afiliación obligatoria,"Entre 2,5 y 3 SMMLV","Entre 2,5 y 4 SMMLV",1
2102-Universidad Nacional Abierta y a Distancia - UNAD,2776-INGENIERIA DE SISTEMAS,Femenino,2010-1,2018,Dependiente,Administración pública y defensa; planes de seguridad social de afiliación obligatoria,"Entre 4,5 y 5 SMMLV",Entre 4 y 6 SMMLV,1
2102-Universidad Nacional Abierta y a Distancia - UNAD,2776-INGENIERIA DE SISTEMAS,Femenino,2010-1,2018,Dependiente,Administración pública y defensa; planes de seguridad social de afiliación obligatoria,Entre 5 y 6 SMMLV,Entre 4 y 6 SMMLV,1
2102-Universidad Nacional Abierta y a Distancia - UNAD,2776-INGENIERIA DE SISTEMAS,Femenino,2010-1,2018,Dependiente,Comercio al por mayor y al por menor; reparación de vehículos automotores y motocicletas,"Entre 1 y 1,5 SMMLV","Entre 1 y 1,5 SMMLV",2
2102-Universidad Nacional Abierta y a Distancia - UNAD,2776-INGENIERIA DE SISTEMAS,Femenino,2010-1,2018,Dependiente,Construccion,"Entre 2,5 y 3 SMMLV","Entre 2,5 y 4 SMMLV",1
2102-Universidad Nacional Abierta y a Distancia - UNAD,2776-INGENIERIA DE SISTEMAS,Femenino,2010-1,2018,Dependiente,Educación,1 SMMLV,1 SMMLV,1
2102-Universidad Nacional Abierta y a Distancia - UNAD,2776-INGENIERIA DE SISTEMAS,Femenino,2010-1,2018,Dependiente,Educación,"Entre 1 y 1,5 SMMLV","Entre 1 y 1,5 SMMLV",3
2102-Universidad Nacional Abierta y a Distancia - UNAD,2776-INGENIERIA DE SISTEMAS,Femenino,2010-1,2018,Dependiente,Educación,"Entre 2,5 y 3 SMMLV","Entre 2,5 y 4 SMMLV",1
2102-Universidad Nacional Abierta y a Distancia - UNAD,2776-INGENIERIA DE SISTEMAS,Femenino,2010-1,2018,Dependiente,Industrias manufactureras,Entre 5 y 6 SMMLV,Entre 4 y 6 SMMLV,1
2102-Universidad Nacional Abierta y a Distancia - UNAD,2776-INGENIERIA DE SISTEMAS,Femenino,2010-1,2018,Dependiente,Información y comunicaciones,"Entre 1,5 y 2 SMMLV","Entre 1,5 y 2,5 SMMLV",1
2102-Universidad Nacional Abierta y a Distancia - UNAD,2776-INGENIERIA DE SISTEMAS,Femenino,2010-1,2018,Dependiente,Información y comunicaciones,Entre 5 y 6 SMMLV,Entre 4 y 6 SMMLV,1
2102-Universidad Nacional Abierta y a Distancia - UNAD,2776-INGENIERIA DE SISTEMAS,Femenino,2010-1,2018,Dependiente,Otras actividades de servicios,"Entre 3 y 3,5 SMMLV","Entre 2,5 y 4 SMMLV",1
2102-Universidad Nacional Abierta y a Distancia - UNAD,2776-INGENIERIA DE SISTEMAS,Femenino,2010-1,2018,Dependiente,Sin información,"Entre 1 y 1,5 SMMLV","Entre 1 y 1,5 SMMLV",1
2102-Universidad Nacional Abierta y a Distancia - UNAD,2776-INGENIERIA DE SISTEMAS,Femenino,2010-1,2018,Dependiente,Sin información,"Entre 1,5 y 2 SMMLV","Entre 1,5 y 2,5 SMMLV",1
2102-Universidad Nacional Abierta y a Distancia - UNAD,2776-INGENIERIA DE SISTEMAS,Femenino,2010-1,2018,Dependiente,Sin información,"Entre 2 y 2 ,5 SMMLV","Entre 1,5 y 2,5 SMMLV",2
2102-Universidad Nacional Abierta y a Distancia - UNAD,2776-INGENIERIA DE SISTEMAS,Femenino,2010-1,2018,Dependiente,Transporte y almacenamiento,"Entre 1,5 y 2 SMMLV","Entre 1,5 y 2,5 SMMLV",1
2102-Universidad Nacional Abierta y a Distancia - UNAD,2776-INGENIERIA DE SISTEMAS,Femenino,2010-1,2019,Dependiente,Actividades de atención de la salud humana y de asistencia social,"Entre 1,5 y 2 SMMLV","Entre 1,5 y 2,5 SMMLV",2
2102-Universidad Nacional Abierta y a Distancia - UNAD,2776-INGENIERIA DE SISTEMAS,Femenino,2010-1,2019,Dependiente,Actividades de atención de la salud humana y de asistencia social,Entre 5 y 6 SMMLV,Entre 4 y 6 SMMLV,1
2102-Universidad Nacional Abierta y a Distancia - UNAD,2776-INGENIERIA DE SISTEMAS,Femenino,2010-1,2019,Dependiente,Actividades de servicios administrativos y de apoyo,"Entre 1 y 1,5 SMMLV","Entre 1 y 1,5 SMMLV",1
2102-Universidad Nacional Abierta y a Distancia - UNAD,2776-INGENIERIA DE SISTEMAS,Femenino,2010-1,2019,Dependiente,Actividades de servicios administrativos y de apoyo,"Entre 1,5 y 2 SMMLV","Entre 1,5 y 2,5 SMMLV",1
2102-Universidad Nacional Abierta y a Distancia - UNAD,2776-INGENIERIA DE SISTEMAS,Femenino,2010-1,2019,Dependiente,Actividades financieras y de seguros,"Entre 2 y 2 ,5 SMMLV","Entre 1,5 y 2,5 SMMLV",1
2102-Universidad Nacional Abierta y a Distancia - UNAD,2776-INGENIERIA DE SISTEMAS,Femenino,2010-1,2019,Dependiente,Actividades financieras y de seguros,Entre 6 y 7 SMMLV,Entre 6 y 9 SMMLV,1
2102-Universidad Nacional Abierta y a Distancia - UNAD,2776-INGENIERIA DE SISTEMAS,Femenino,2010-1,2019,Dependiente,"Actividades profesionales, científicas y técnicas","Entre 1 y 1,5 SMMLV","Entre 1 y 1,5 SMMLV",1
2102-Universidad Nacional Abierta y a Distancia - UNAD,2776-INGENIERIA DE SISTEMAS,Femenino,2010-1,2019,Dependiente,"Actividades profesionales, científicas y técnicas","Entre 1,5 y 2 SMMLV","Entre 1,5 y 2,5 SMMLV",1
2102-Universidad Nacional Abierta y a Distancia - UNAD,2776-INGENIERIA DE SISTEMAS,Femenino,2010-1,2019,Dependiente,"Actividades profesionales, científicas y técnicas","Entre 2 y 2 ,5 SMMLV","Entre 1,5 y 2,5 SMMLV",4
2102-Universidad Nacional Abierta y a Distancia - UNAD,2776-INGENIERIA DE SISTEMAS,Femenino,2010-1,2019,Dependiente,"Actividades profesionales, científicas y técnicas","Entre 2,5 y 3 SMMLV","Entre 2,5 y 4 SMMLV",1
2102-Universidad Nacional Abierta y a Distancia - UNAD,2776-INGENIERIA DE SISTEMAS,Femenino,2010-1,2019,Dependiente,Administración pública y defensa; planes de seguridad social de afiliación obligatoria,1 SMMLV,1 SMMLV,2
2102-Universidad Nacional Abierta y a Distancia - UNAD,2776-INGENIERIA DE SISTEMAS,Femenino,2010-1,2019,Dependiente,Administración pública y defensa; planes de seguridad social de afiliación obligatoria,"Entre 2,5 y 3 SMMLV","Entre 2,5 y 4 SMMLV",4
2102-Universidad Nacional Abierta y a Distancia - UNAD,2776-INGENIERIA DE SISTEMAS,Femenino,2010-1,2019,Dependiente,Administración pública y defensa; planes de seguridad social de afiliación obligatoria,"Entre 3 y 3,5 SMMLV","Entre 2,5 y 4 SMMLV",1
2102-Universidad Nacional Abierta y a Distancia - UNAD,2776-INGENIERIA DE SISTEMAS,Femenino,2010-1,2019,Dependiente,Administración pública y defensa; planes de seguridad social de afiliación obligatoria,"Entre 3,5 y 4 SMMLV","Entre 2,5 y 4 SMMLV",1
2102-Universidad Nacional Abierta y a Distancia - UNAD,2776-INGENIERIA DE SISTEMAS,Femenino,2010-1,2019,Dependiente,Administración pública y defensa; planes de seguridad social de afiliación obligatoria,"Entre 4,5 y 5 SMMLV",Entre 4 y 6 SMMLV,1
2102-Universidad Nacional Abierta y a Distancia - UNAD,2776-INGENIERIA DE SISTEMAS,Femenino,2010-1,2019,Dependiente,Administración pública y defensa; planes de seguridad social de afiliación obligatoria,Entre 5 y 6 SMMLV,Entre 4 y 6 SMMLV,1
2102-Universidad Nacional Abierta y a Distancia - UNAD,2776-INGENIERIA DE SISTEMAS,Femenino,2010-1,2019,Dependiente,Comercio al por mayor y al por menor; reparación de vehículos automotores y motocicletas,1 SMMLV,1 SMMLV,1
2102-Universidad Nacional Abierta y a Distancia - UNAD,2776-INGENIERIA DE SISTEMAS,Femenino,2010-1,2019,Dependiente,Construccion,"Entre 1 y 1,5 SMMLV","Entre 1 y 1,5 SMMLV",1
2102-Universidad Nacional Abierta y a Distancia - UNAD,2776-INGENIERIA DE SISTEMAS,Femenino,2010-1,2019,Dependiente,Educación,1 SMMLV,1 SMMLV,1
2102-Universidad Nacional Abierta y a Distancia - UNAD,2776-INGENIERIA DE SISTEMAS,Femenino,2010-1,2019,Dependiente,Educación,"Entre 1 y 1,5 SMMLV","Entre 1 y 1,5 SMMLV",2
2102-Universidad Nacional Abierta y a Distancia - UNAD,2776-INGENIERIA DE SISTEMAS,Femenino,2010-1,2019,Dependiente,Educación,"Entre 2 y 2 ,5 SMMLV","Entre 1,5 y 2,5 SMMLV",1
2102-Universidad Nacional Abierta y a Distancia - UNAD,2776-INGENIERIA DE SISTEMAS,Femenino,2010-1,2019,Dependiente,Industrias manufactureras,Entre 5 y 6 SMMLV,Entre 4 y 6 SMMLV,1
2102-Universidad Nacional Abierta y a Distancia - UNAD,2776-INGENIERIA DE SISTEMAS,Femenino,2010-1,2019,Dependiente,Información y comunicaciones,"Entre 1,5 y 2 SMMLV","Entre 1,5 y 2,5 SMMLV",1
2102-Universidad Nacional Abierta y a Distancia - UNAD,2776-INGENIERIA DE SISTEMAS,Femenino,2010-1,2019,Dependiente,Información y comunicaciones,"Entre 4,5 y 5 SMMLV",Entre 4 y 6 SMMLV,1
2102-Universidad Nacional Abierta y a Distancia - UNAD,2776-INGENIERIA DE SISTEMAS,Femenino,2010-1,2019,Dependiente,Otras actividades de servicios,"Entre 3 y 3,5 SMMLV","Entre 2,5 y 4 SMMLV",1
2102-Universidad Nacional Abierta y a Distancia - UNAD,2776-INGENIERIA DE SISTEMAS,Femenino,2010-1,2019,Dependiente,Sin información,"Entre 1 y 1,5 SMMLV","Entre 1 y 1,5 SMMLV",1
2102-Universidad Nacional Abierta y a Distancia - UNAD,2776-INGENIERIA DE SISTEMAS,Femenino,2010-1,2019,Dependiente,Sin información,"Entre 2 y 2 ,5 SMMLV","Entre 1,5 y 2,5 SMMLV",1
2102-Universidad Nacional Abierta y a Distancia - UNAD,2776-INGENIERIA DE SISTEMAS,Femenino,2010-1,2020,Dependiente,Actividades de atención de la salud humana y de asistencia social,"Entre 1,5 y 2 SMMLV","Entre 1,5 y 2,5 SMMLV",2
2102-Universidad Nacional Abierta y a Distancia - UNAD,2776-INGENIERIA DE SISTEMAS,Femenino,2010-1,2020,Dependiente,Actividades de atención de la salud humana y de asistencia social,Entre 5 y 6 SMMLV,Entre 4 y 6 SMMLV,1
2102-Universidad Nacional Abierta y a Distancia - UNAD,2776-INGENIERIA DE SISTEMAS,Femenino,2010-1,2020,Dependiente,Actividades de servicios administrativos y de apoyo,"Entre 1,5 y 2 SMMLV","Entre 1,5 y 2,5 SMMLV",1
2102-Universidad Nacional Abierta y a Distancia - UNAD,2776-INGENIERIA DE SISTEMAS,Femenino,2010-1,2020,Dependiente,Actividades de servicios administrativos y de apoyo,"Entre 2 y 2 ,5 SMMLV","Entre 1,5 y 2,5 SMMLV",1
2102-Universidad Nacional Abierta y a Distancia - UNAD,2776-INGENIERIA DE SISTEMAS,Femenino,2010-1,2020,Dependiente,Actividades financieras y de seguros,"Entre 2,5 y 3 SMMLV","Entre 2,5 y 4 SMMLV",2
2102-Universidad Nacional Abierta y a Distancia - UNAD,2776-INGENIERIA DE SISTEMAS,Femenino,2010-1,2020,Dependiente,Actividades financieras y de seguros,"Entre 3,5 y 4 SMMLV","Entre 2,5 y 4 SMMLV",1
2102-Universidad Nacional Abierta y a Distancia - UNAD,2776-INGENIERIA DE SISTEMAS,Femenino,2010-1,2020,Dependiente,Actividades financieras y de seguros,Entre 6 y 7 SMMLV,Entre 6 y 9 SMMLV,1
2102-Universidad Nacional Abierta y a Distancia - UNAD,2776-INGENIERIA DE SISTEMAS,Femenino,2010-1,2020,Dependiente,"Actividades profesionales, científicas y técnicas",1 SMMLV,1 SMMLV,1
2102-Universidad Nacional Abierta y a Distancia - UNAD,2776-INGENIERIA DE SISTEMAS,Femenino,2010-1,2020,Dependiente,"Actividades profesionales, científicas y técnicas","Entre 1 y 1,5 SMMLV","Entre 1 y 1,5 SMMLV",1
2102-Universidad Nacional Abierta y a Distancia - UNAD,2776-INGENIERIA DE SISTEMAS,Femenino,2010-1,2020,Dependiente,"Actividades profesionales, científicas y técnicas","Entre 2 y 2 ,5 SMMLV","Entre 1,5 y 2,5 SMMLV",1
2102-Universidad Nacional Abierta y a Distancia - UNAD,2776-INGENIERIA DE SISTEMAS,Femenino,2010-1,2020,Dependiente,"Actividades profesionales, científicas y técnicas",Entre 5 y 6 SMMLV,Entre 4 y 6 SMMLV,1
2102-Universidad Nacional Abierta y a Distancia - UNAD,2776-INGENIERIA DE SISTEMAS,Femenino,2010-1,2020,Dependiente,Administración pública y defensa; planes de seguridad social de afiliación obligatoria,"Entre 2,5 y 3 SMMLV","Entre 2,5 y 4 SMMLV",3
2102-Universidad Nacional Abierta y a Distancia - UNAD,2776-INGENIERIA DE SISTEMAS,Femenino,2010-1,2020,Dependiente,Administración pública y defensa; planes de seguridad social de afiliación obligatoria,"Entre 3 y 3,5 SMMLV","Entre 2,5 y 4 SMMLV",1
2102-Universidad Nacional Abierta y a Distancia - UNAD,2776-INGENIERIA DE SISTEMAS,Femenino,2010-1,2020,Dependiente,Administración pública y defensa; planes de seguridad social de afiliación obligatoria,"Entre 4 y 4,5 SMMLV",Entre 4 y 6 SMMLV,1
2102-Universidad Nacional Abierta y a Distancia - UNAD,2776-INGENIERIA DE SISTEMAS,Femenino,2010-1,2020,Dependiente,Administración pública y defensa; planes de seguridad social de afiliación obligatoria,Entre 5 y 6 SMMLV,Entre 4 y 6 SMMLV,1
2102-Universidad Nacional Abierta y a Distancia - UNAD,2776-INGENIERIA DE SISTEMAS,Femenino,2010-1,2020,Dependiente,"Agricultura, ganadería, caza, silvicultura y pesca","Entre 1 y 1,5 SMMLV","Entre 1 y 1,5 SMMLV",1
2102-Universidad Nacional Abierta y a Distancia - UNAD,2776-INGENIERIA DE SISTEMAS,Femenino,2010-1,2020,Dependiente,"Agricultura, ganadería, caza, silvicultura y pesca",Entre 6 y 7 SMMLV,Entre 6 y 9 SMMLV,1
2102-Universidad Nacional Abierta y a Distancia - UNAD,2776-INGENIERIA DE SISTEMAS,Femenino,2010-1,2020,Dependiente,Comercio al por mayor y al por menor; reparación de vehículos automotores y motocicletas,"Entre 1,5 y 2 SMMLV","Entre 1,5 y 2,5 SMMLV",1
2102-Universidad Nacional Abierta y a Distancia - UNAD,2776-INGENIERIA DE SISTEMAS,Femenino,2010-1,2020,Dependiente,Construccion,"Entre 1 y 1,5 SMMLV","Entre 1 y 1,5 SMMLV",1
2102-Universidad Nacional Abierta y a Distancia - UNAD,2776-INGENIERIA DE SISTEMAS,Femenino,2010-1,2020,Dependiente,"Distribución de agua; evacuación y tratamiento de aguas residuales, gestión de desechos y actividades de saneamiento ambiental","Entre 2 y 2 ,5 SMMLV","Entre 1,5 y 2,5 SMMLV",1
2102-Universidad Nacional Abierta y a Distancia - UNAD,2776-INGENIERIA DE SISTEMAS,Femenino,2010-1,2020,Dependiente,Educación,"Entre 1 y 1,5 SMMLV","Entre 1 y 1,5 SMMLV",2
2102-Universidad Nacional Abierta y a Distancia - UNAD,2776-INGENIERIA DE SISTEMAS,Femenino,2010-1,2020,Dependiente,Educación,"Entre 2 y 2 ,5 SMMLV","Entre 1,5 y 2,5 SMMLV",1
2102-Universidad Nacional Abierta y a Distancia - UNAD,2776-INGENIERIA DE SISTEMAS,Femenino,2010-1,2020,Dependiente,Industrias manufactureras,Entre 5 y 6 SMMLV,Entre 4 y 6 SMMLV,1
2102-Universidad Nacional Abierta y a Distancia - UNAD,2776-INGENIERIA DE SISTEMAS,Femenino,2010-1,2020,Dependiente,Información y comunicaciones,"Entre 1,5 y 2 SMMLV","Entre 1,5 y 2,5 SMMLV",1
2102-Universidad Nacional Abierta y a Distancia - UNAD,2776-INGENIERIA DE SISTEMAS,Femenino,2010-1,2020,Dependiente,Otras actividades de servicios,"Entre 1 y 1,5 SMMLV","Entre 1 y 1,5 SMMLV",2
2102-Universidad Nacional Abierta y a Distancia - UNAD,2776-INGENIERIA DE SISTEMAS,Femenino,2010-1,2020,Dependiente,Otras actividades de servicios,"Entre 2 y 2 ,5 SMMLV","Entre 1,5 y 2,5 SMMLV",2
2102-Universidad Nacional Abierta y a Distancia - UNAD,2776-INGENIERIA DE SISTEMAS,Femenino,2010-1,2020,Dependiente,Otras actividades de servicios,"Entre 3 y 3,5 SMMLV","Entre 2,5 y 4 SMMLV",1
2102-Universidad Nacional Abierta y a Distancia - UNAD,2776-INGENIERIA DE SISTEMAS,Femenino,2010-1,2020,Dependiente,Transporte y almacenamiento,1 SMMLV,1 SMMLV,1
2102-Universidad Nacional Abierta y a Distancia - UNAD,2776-INGENIERIA DE SISTEMAS,Femenino,2010-1,2021,Dependiente,Actividades de atención de la salud humana y de asistencia social,"Entre 1 y 1,5 SMMLV","Entre 1 y 1,5 SMMLV",1
2102-Universidad Nacional Abierta y a Distancia - UNAD,2776-INGENIERIA DE SISTEMAS,Femenino,2010-1,2021,Dependiente,Actividades de atención de la salud humana y de asistencia social,"Entre 1,5 y 2 SMMLV","Entre 1,5 y 2,5 SMMLV",1
2102-Universidad Nacional Abierta y a Distancia - UNAD,2776-INGENIERIA DE SISTEMAS,Femenino,2010-1,2021,Dependiente,Actividades de atención de la salud humana y de asistencia social,"Entre 4,5 y 5 SMMLV",Entre 4 y 6 SMMLV,1
2102-Universidad Nacional Abierta y a Distancia - UNAD,2776-INGENIERIA DE SISTEMAS,Femenino,2010-1,2021,Dependiente,Actividades de servicios administrativos y de apoyo,"Entre 2,5 y 3 SMMLV","Entre 2,5 y 4 SMMLV",1
2102-Universidad Nacional Abierta y a Distancia - UNAD,2776-INGENIERIA DE SISTEMAS,Femenino,2010-1,2021,Dependiente,Actividades de servicios administrativos y de apoyo,"Entre 3 y 3,5 SMMLV","Entre 2,5 y 4 SMMLV",1
2102-Universidad Nacional Abierta y a Distancia - UNAD,2776-INGENIERIA DE SISTEMAS,Femenino,2010-1,2021,Dependiente,Actividades financieras y de seguros,"Entre 2,5 y 3 SMMLV","Entre 2,5 y 4 SMMLV",2
2102-Universidad Nacional Abierta y a Distancia - UNAD,2776-INGENIERIA DE SISTEMAS,Femenino,2010-1,2021,Dependiente,Actividades financieras y de seguros,"Entre 4 y 4,5 SMMLV",Entre 4 y 6 SMMLV,1
2102-Universidad Nacional Abierta y a Distancia - UNAD,2776-INGENIERIA DE SISTEMAS,Femenino,2010-1,2021,Dependiente,Actividades financieras y de seguros,Entre 5 y 6 SMMLV,Entre 4 y 6 SMMLV,1
2102-Universidad Nacional Abierta y a Distancia - UNAD,2776-INGENIERIA DE SISTEMAS,Femenino,2010-1,2021,Dependiente,"Actividades profesionales, científicas y técnicas",1 SMMLV,1 SMMLV,1
2102-Universidad Nacional Abierta y a Distancia - UNAD,2776-INGENIERIA DE SISTEMAS,Femenino,2010-1,2021,Dependiente,"Actividades profesionales, científicas y técnicas","Entre 1 y 1,5 SMMLV","Entre 1 y 1,5 SMMLV",1
2102-Universidad Nacional Abierta y a Distancia - UNAD,2776-INGENIERIA DE SISTEMAS,Femenino,2010-1,2021,Dependiente,"Actividades profesionales, científicas y técnicas","Entre 2 y 2 ,5 SMMLV","Entre 1,5 y 2,5 SMMLV",1
2102-Universidad Nacional Abierta y a Distancia - UNAD,2776-INGENIERIA DE SISTEMAS,Femenino,2010-1,2021,Dependiente,Administración pública y defensa; planes de seguridad social de afiliación obligatoria,"Entre 2 y 2 ,5 SMMLV","Entre 1,5 y 2,5 SMMLV",1
2102-Universidad Nacional Abierta y a Distancia - UNAD,2776-INGENIERIA DE SISTEMAS,Femenino,2010-1,2021,Dependiente,Administración pública y defensa; planes de seguridad social de afiliación obligatoria,"Entre 2,5 y 3 SMMLV","Entre 2,5 y 4 SMMLV",2
2102-Universidad Nacional Abierta y a Distancia - UNAD,2776-INGENIERIA DE SISTEMAS,Femenino,2010-1,2021,Dependiente,Administración pública y defensa; planes de seguridad social de afiliación obligatoria,"Entre 3,5 y 4 SMMLV","Entre 2,5 y 4 SMMLV",1
2102-Universidad Nacional Abierta y a Distancia - UNAD,2776-INGENIERIA DE SISTEMAS,Femenino,2010-1,2021,Dependiente,Administración pública y defensa; planes de seguridad social de afiliación obligatoria,Entre 5 y 6 SMMLV,Entre 4 y 6 SMMLV,1
2102-Universidad Nacional Abierta y a Distancia - UNAD,2776-INGENIERIA DE SISTEMAS,Femenino,2010-1,2021,Dependiente,"Agricultura, ganadería, caza, silvicultura y pesca","Entre 4 y 4,5 SMMLV",Entre 4 y 6 SMMLV,1
2102-Universidad Nacional Abierta y a Distancia - UNAD,2776-INGENIERIA DE SISTEMAS,Femenino,2010-1,2021,Dependiente,Comercio al por mayor y al por menor; reparación de vehículos automotores y motocicletas,"Entre 1,5 y 2 SMMLV","Entre 1,5 y 2,5 SMMLV",1
2102-Universidad Nacional Abierta y a Distancia - UNAD,2776-INGENIERIA DE SISTEMAS,Femenino,2010-1,2021,Dependiente,"Distribución de agua; evacuación y tratamiento de aguas residuales, gestión de desechos y actividades de saneamiento ambiental",1 SMMLV,1 SMMLV,1
2102-Universidad Nacional Abierta y a Distancia - UNAD,2776-INGENIERIA DE SISTEMAS,Femenino,2010-1,2021,Dependiente,Educación,"Entre 1,5 y 2 SMMLV","Entre 1,5 y 2,5 SMMLV",1
2102-Universidad Nacional Abierta y a Distancia - UNAD,2776-INGENIERIA DE SISTEMAS,Femenino,2010-1,2021,Dependiente,Educación,"Entre 2 y 2 ,5 SMMLV","Entre 1,5 y 2,5 SMMLV",1
2102-Universidad Nacional Abierta y a Distancia - UNAD,2776-INGENIERIA DE SISTEMAS,Femenino,2010-1,2021,Dependiente,Industrias manufactureras,Entre 5 y 6 SMMLV,Entre 4 y 6 SMMLV,1
2102-Universidad Nacional Abierta y a Distancia - UNAD,2776-INGENIERIA DE SISTEMAS,Femenino,2010-1,2021,Dependiente,Información y comunicaciones,"Entre 2 y 2 ,5 SMMLV","Entre 1,5 y 2,5 SMMLV",1
2102-Universidad Nacional Abierta y a Distancia - UNAD,2776-INGENIERIA DE SISTEMAS,Femenino,2010-1,2021,Dependiente,Otras actividades de servicios,"Entre 1 y 1,5 SMMLV","Entre 1 y 1,5 SMMLV",1
2102-Universidad Nacional Abierta y a Distancia - UNAD,2776-INGENIERIA DE SISTEMAS,Femenino,2010-1,2021,Dependiente,Otras actividades de servicios,"Entre 1,5 y 2 SMMLV","Entre 1,5 y 2,5 SMMLV",2
2102-Universidad Nacional Abierta y a Distancia - UNAD,2776-INGENIERIA DE SISTEMAS,Femenino,2010-1,2021,Dependiente,Transporte y almacenamiento,"Entre 1,5 y 2 SMMLV","Entre 1,5 y 2,5 SMMLV",1
2102-Universidad Nacional Abierta y a Distancia - UNAD,2776-INGENIERIA DE SISTEMAS,Femenino,2010-1,2022,Dependiente,Actividades de atención de la salud humana y de asistencia social,"Entre 1,5 y 2 SMMLV","Entre 1,5 y 2,5 SMMLV",2
2102-Universidad Nacional Abierta y a Distancia - UNAD,2776-INGENIERIA DE SISTEMAS,Femenino,2010-1,2022,Dependiente,Actividades de organizaciones y entidades extraterritoriales,"Entre 2 y 2 ,5 SMMLV","Entre 1,5 y 2,5 SMMLV",1
2102-Universidad Nacional Abierta y a Distancia - UNAD,2776-INGENIERIA DE SISTEMAS,Femenino,2010-1,2022,Dependiente,Actividades de servicios administrativos y de apoyo,"Entre 2,5 y 3 SMMLV","Entre 2,5 y 4 SMMLV",1
2102-Universidad Nacional Abierta y a Distancia - UNAD,2776-INGENIERIA DE SISTEMAS,Femenino,2010-1,2022,Dependiente,Actividades de servicios administrativos y de apoyo,"Entre 3,5 y 4 SMMLV","Entre 2,5 y 4 SMMLV",1
2102-Universidad Nacional Abierta y a Distancia - UNAD,2776-INGENIERIA DE SISTEMAS,Femenino,2010-1,2022,Dependiente,Actividades financieras y de seguros,1 SMMLV,1 SMMLV,1
2102-Universidad Nacional Abierta y a Distancia - UNAD,2776-INGENIERIA DE SISTEMAS,Femenino,2010-1,2022,Dependiente,Actividades financieras y de seguros,"Entre 2,5 y 3 SMMLV","Entre 2,5 y 4 SMMLV",2
2102-Universidad Nacional Abierta y a Distancia - UNAD,2776-INGENIERIA DE SISTEMAS,Femenino,2010-1,2022,Dependiente,Actividades financieras y de seguros,"Entre 3,5 y 4 SMMLV","Entre 2,5 y 4 SMMLV",1
2102-Universidad Nacional Abierta y a Distancia - UNAD,2776-INGENIERIA DE SISTEMAS,Femenino,2010-1,2022,Dependiente,Actividades financieras y de seguros,Entre 5 y 6 SMMLV,Entre 4 y 6 SMMLV,1
2102-Universidad Nacional Abierta y a Distancia - UNAD,2776-INGENIERIA DE SISTEMAS,Femenino,2010-1,2022,Dependiente,"Actividades profesionales, científicas y técnicas","Entre 1 y 1,5 SMMLV","Entre 1 y 1,5 SMMLV",1
2102-Universidad Nacional Abierta y a Distancia - UNAD,2776-INGENIERIA DE SISTEMAS,Femenino,2010-1,2022,Dependiente,"Actividades profesionales, científicas y técnicas",Entre 5 y 6 SMMLV,Entre 4 y 6 SMMLV,1
2102-Universidad Nacional Abierta y a Distancia - UNAD,2776-INGENIERIA DE SISTEMAS,Femenino,2010-1,2022,Dependiente,Administración pública y defensa; planes de seguridad social de afiliación obligatoria,"Entre 1 y 1,5 SMMLV","Entre 1 y 1,5 SMMLV",1
2102-Universidad Nacional Abierta y a Distancia - UNAD,2776-INGENIERIA DE SISTEMAS,Femenino,2010-1,2022,Dependiente,Administración pública y defensa; planes de seguridad social de afiliación obligatoria,"Entre 1,5 y 2 SMMLV","Entre 1,5 y 2,5 SMMLV",1
2102-Universidad Nacional Abierta y a Distancia - UNAD,2776-INGENIERIA DE SISTEMAS,Femenino,2010-1,2022,Dependiente,Administración pública y defensa; planes de seguridad social de afiliación obligatoria,"Entre 2 y 2 ,5 SMMLV","Entre 1,5 y 2,5 SMMLV",1
2102-Universidad Nacional Abierta y a Distancia - UNAD,2776-INGENIERIA DE SISTEMAS,Femenino,2010-1,2022,Dependiente,Administración pública y defensa; planes de seguridad social de afiliación obligatoria,"Entre 2,5 y 3 SMMLV","Entre 2,5 y 4 SMMLV",3
2102-Universidad Nacional Abierta y a Distancia - UNAD,2776-INGENIERIA DE SISTEMAS,Femenino,2010-1,2022,Dependiente,Administración pública y defensa; planes de seguridad social de afiliación obligatoria,Entre 5 y 6 SMMLV,Entre 4 y 6 SMMLV,1
2102-Universidad Nacional Abierta y a Distancia - UNAD,2776-INGENIERIA DE SISTEMAS,Femenino,2010-1,2022,Dependiente,Administración pública y defensa; planes de seguridad social de afiliación obligatoria,Entre 9 y 11 SMMLV,Más de 9 SMMLV,1
2102-Universidad Nacional Abierta y a Distancia - UNAD,2776-INGENIERIA DE SISTEMAS,Femenino,2010-1,2022,Dependiente,Educación,"Entre 1 y 1,5 SMMLV","Entre 1 y 1,5 SMMLV",1
2102-Universidad Nacional Abierta y a Distancia - UNAD,2776-INGENIERIA DE SISTEMAS,Femenino,2010-1,2022,Dependiente,Educación,"Entre 1,5 y 2 SMMLV","Entre 1,5 y 2,5 SMMLV",1
2102-Universidad Nacional Abierta y a Distancia - UNAD,2776-INGENIERIA DE SISTEMAS,Femenino,2010-1,2022,Dependiente,Educación,"Entre 2,5 y 3 SMMLV","Entre 2,5 y 4 SMMLV",1
2102-Universidad Nacional Abierta y a Distancia - UNAD,2776-INGENIERIA DE SISTEMAS,Femenino,2010-1,2022,Dependiente,Industrias manufactureras,Entre 7 y 8 SMMLV,Entre 6 y 9 SMMLV,1
2102-Universidad Nacional Abierta y a Distancia - UNAD,2776-INGENIERIA DE SISTEMAS,Femenino,2010-1,2022,Dependiente,Otras actividades de servicios,"Entre 1,5 y 2 SMMLV","Entre 1,5 y 2,5 SMMLV",1
2102-Universidad Nacional Abierta y a Distancia - UNAD,2776-INGENIERIA DE SISTEMAS,Femenino,2010-1,2022,Dependiente,Otras actividades de servicios,"Entre 2 y 2 ,5 SMMLV","Entre 1,5 y 2,5 SMMLV",1
2102-Universidad Nacional Abierta y a Distancia - UNAD,2776-INGENIERIA DE SISTEMAS,Femenino,2010-1,2022,Dependiente,Transporte y almacenamiento,"Entre 1 y 1,5 SMMLV","Entre 1 y 1,5 SMMLV",1
2102-Universidad Nacional Abierta y a Distancia - UNAD,2776-INGENIERIA DE SISTEMAS,Femenino,2010-1,2023,Dependiente,Actividades de atención de la salud humana y de asistencia social,"Entre 1,5 y 2 SMMLV","Entre 1,5 y 2,5 SMMLV",2
2102-Universidad Nacional Abierta y a Distancia - UNAD,2776-INGENIERIA DE SISTEMAS,Femenino,2010-1,2023,Dependiente,Actividades de atención de la salud humana y de asistencia social,"Entre 4 y 4,5 SMMLV",Entre 4 y 6 SMMLV,1
2102-Universidad Nacional Abierta y a Distancia - UNAD,2776-INGENIERIA DE SISTEMAS,Femenino,2010-1,2023,Dependiente,Actividades de servicios administrativos y de apoyo,"Entre 2 y 2 ,5 SMMLV","Entre 1,5 y 2,5 SMMLV",1
2102-Universidad Nacional Abierta y a Distancia - UNAD,2776-INGENIERIA DE SISTEMAS,Femenino,2010-1,2023,Dependiente,Actividades de servicios administrativos y de apoyo,"Entre 4,5 y 5 SMMLV",Entre 4 y 6 SMMLV,1
2102-Universidad Nacional Abierta y a Distancia - UNAD,2776-INGENIERIA DE SISTEMAS,Femenino,2010-1,2023,Dependiente,Actividades de servicios administrativos y de apoyo,Entre 6 y 7 SMMLV,Entre 6 y 9 SMMLV,1
2102-Universidad Nacional Abierta y a Distancia - UNAD,2776-INGENIERIA DE SISTEMAS,Femenino,2010-1,2023,Dependiente,Actividades financieras y de seguros,"Entre 2,5 y 3 SMMLV","Entre 2,5 y 4 SMMLV",2
2102-Universidad Nacional Abierta y a Distancia - UNAD,2776-INGENIERIA DE SISTEMAS,Femenino,2010-1,2023,Dependiente,Actividades financieras y de seguros,"Entre 4 y 4,5 SMMLV",Entre 4 y 6 SMMLV,1
2102-Universidad Nacional Abierta y a Distancia - UNAD,2776-INGENIERIA DE SISTEMAS,Femenino,2010-1,2023,Dependiente,Actividades financieras y de seguros,Entre 5 y 6 SMMLV,Entre 4 y 6 SMMLV,1
2102-Universidad Nacional Abierta y a Distancia - UNAD,2776-INGENIERIA DE SISTEMAS,Femenino,2010-1,2023,Dependiente,"Actividades profesionales, científicas y técnicas","Entre 1 y 1,5 SMMLV","Entre 1 y 1,5 SMMLV",1
2102-Universidad Nacional Abierta y a Distancia - UNAD,2776-INGENIERIA DE SISTEMAS,Femenino,2010-1,2023,Dependiente,Administración pública y defensa; planes de seguridad social de afiliación obligatoria,"Entre 2 y 2 ,5 SMMLV","Entre 1,5 y 2,5 SMMLV",3
2102-Universidad Nacional Abierta y a Distancia - UNAD,2776-INGENIERIA DE SISTEMAS,Femenino,2010-1,2023,Dependiente,Administración pública y defensa; planes de seguridad social de afiliación obligatoria,"Entre 2,5 y 3 SMMLV","Entre 2,5 y 4 SMMLV",3
2102-Universidad Nacional Abierta y a Distancia - UNAD,2776-INGENIERIA DE SISTEMAS,Femenino,2010-1,2023,Dependiente,Administración pública y defensa; planes de seguridad social de afiliación obligatoria,"Entre 4,5 y 5 SMMLV",Entre 4 y 6 SMMLV,1
2102-Universidad Nacional Abierta y a Distancia - UNAD,2776-INGENIERIA DE SISTEMAS,Femenino,2010-1,2023,Dependiente,Educación,"Entre 1 y 1,5 SMMLV","Entre 1 y 1,5 SMMLV",1
2102-Universidad Nacional Abierta y a Distancia - UNAD,2776-INGENIERIA DE SISTEMAS,Femenino,2010-1,2023,Dependiente,Educación,"Entre 2,5 y 3 SMMLV","Entre 2,5 y 4 SMMLV",1
2102-Universidad Nacional Abierta y a Distancia - UNAD,2776-INGENIERIA DE SISTEMAS,Femenino,2010-1,2023,Dependiente,Educación,Entre 5 y 6 SMMLV,Entre 4 y 6 SMMLV,1
2102-Universidad Nacional Abierta y a Distancia - UNAD,2776-INGENIERIA DE SISTEMAS,Femenino,2010-1,2023,Dependiente,Industrias manufactureras,Entre 6 y 7 SMMLV,Entre 6 y 9 SMMLV,1
2102-Universidad Nacional Abierta y a Distancia - UNAD,2776-INGENIERIA DE SISTEMAS,Femenino,2010-1,2023,Dependiente,Información y comunicaciones,"Entre 1 y 1,5 SMMLV","Entre 1 y 1,5 SMMLV",1
2102-Universidad Nacional Abierta y a Distancia - UNAD,2776-INGENIERIA DE SISTEMAS,Femenino,2010-1,2023,Dependiente,Información y comunicaciones,Entre 7 y 8 SMMLV,Entre 6 y 9 SMMLV,1
2102-Universidad Nacional Abierta y a Distancia - UNAD,2776-INGENIERIA DE SISTEMAS,Femenino,2010-1,2023,Dependiente,Otras actividades de servicios,"Entre 1,5 y 2 SMMLV","Entre 1,5 y 2,5 SMMLV",1
2102-Universidad Nacional Abierta y a Distancia - UNAD,2776-INGENIERIA DE SISTEMAS,Femenino,2010-1,2023,Dependiente,Otras actividades de servicios,"Entre 2 y 2 ,5 SMMLV","Entre 1,5 y 2,5 SMMLV",2
2102-Universidad Nacional Abierta y a Distancia - UNAD,2776-INGENIERIA DE SISTEMAS,Femenino,2010-1,2023,Dependiente,Transporte y almacenamiento,"Entre 2 y 2 ,5 SMMLV","Entre 1,5 y 2,5 SMMLV",1
2102-Universidad Nacional Abierta y a Distancia - UNAD,2776-INGENIERIA DE SISTEMAS,Masculino,2010-1,2017,Dependiente,Actividades de atención de la salud humana y de asistencia social,"Entre 1 y 1,5 SMMLV","Entre 1 y 1,5 SMMLV",1
2102-Universidad Nacional Abierta y a Distancia - UNAD,2776-INGENIERIA DE SISTEMAS,Masculino,2010-1,2017,Dependiente,Actividades de atención de la salud humana y de asistencia social,"Entre 4,5 y 5 SMMLV",Entre 4 y 6 SMMLV,1
2102-Universidad Nacional Abierta y a Distancia - UNAD,2776-INGENIERIA DE SISTEMAS,Masculino,2010-1,2017,Dependiente,Actividades de organizaciones y entidades extraterritoriales,"Entre 2 y 2 ,5 SMMLV","Entre 1,5 y 2,5 SMMLV",1
2102-Universidad Nacional Abierta y a Distancia - UNAD,2776-INGENIERIA DE SISTEMAS,Masculino,2010-1,2017,Dependiente,Actividades de organizaciones y entidades extraterritoriales,"Entre 3,5 y 4 SMMLV","Entre 2,5 y 4 SMMLV",1
2102-Universidad Nacional Abierta y a Distancia - UNAD,2776-INGENIERIA DE SISTEMAS,Masculino,2010-1,2017,Dependiente,Actividades de servicios administrativos y de apoyo,"Entre 1,5 y 2 SMMLV","Entre 1,5 y 2,5 SMMLV",1
2102-Universidad Nacional Abierta y a Distancia - UNAD,2776-INGENIERIA DE SISTEMAS,Masculino,2010-1,2017,Dependiente,Actividades de servicios administrativos y de apoyo,Entre 8 y 9 SMMLV,Entre 6 y 9 SMMLV,1
2102-Universidad Nacional Abierta y a Distancia - UNAD,2776-INGENIERIA DE SISTEMAS,Masculino,2010-1,2017,Dependiente,Actividades de servicios administrativos y de apoyo,Entre 11 y 13 SMMLV,Más de 9 SMMLV,1
2102-Universidad Nacional Abierta y a Distancia - UNAD,2776-INGENIERIA DE SISTEMAS,Masculino,2010-1,2017,Dependiente,Actividades financieras y de seguros,"Entre 2 y 2 ,5 SMMLV","Entre 1,5 y 2,5 SMMLV",1
2102-Universidad Nacional Abierta y a Distancia - UNAD,2776-INGENIERIA DE SISTEMAS,Masculino,2010-1,2017,Dependiente,Actividades financieras y de seguros,"Entre 3 y 3,5 SMMLV","Entre 2,5 y 4 SMMLV",1
2102-Universidad Nacional Abierta y a Distancia - UNAD,2776-INGENIERIA DE SISTEMAS,Masculino,2010-1,2017,Dependiente,Actividades financieras y de seguros,"Entre 4,5 y 5 SMMLV",Entre 4 y 6 SMMLV,1
2102-Universidad Nacional Abierta y a Distancia - UNAD,2776-INGENIERIA DE SISTEMAS,Masculino,2010-1,2017,Dependiente,Actividades financieras y de seguros,Más de 15 SMMLV,Más de 9 SMMLV,1
2102-Universidad Nacional Abierta y a Distancia - UNAD,2776-INGENIERIA DE SISTEMAS,Masculino,2010-1,2017,Dependiente,"Actividades profesionales, científicas y técnicas",1 SMMLV,1 SMMLV,1
2102-Universidad Nacional Abierta y a Distancia - UNAD,2776-INGENIERIA DE SISTEMAS,Masculino,2010-1,2017,Dependiente,"Actividades profesionales, científicas y técnicas","Entre 1 y 1,5 SMMLV","Entre 1 y 1,5 SMMLV",1
2102-Universidad Nacional Abierta y a Distancia - UNAD,2776-INGENIERIA DE SISTEMAS,Masculino,2010-1,2017,Dependiente,"Actividades profesionales, científicas y técnicas","Entre 2 y 2 ,5 SMMLV","Entre 1,5 y 2,5 SMMLV",1
2102-Universidad Nacional Abierta y a Distancia - UNAD,2776-INGENIERIA DE SISTEMAS,Masculino,2010-1,2017,Dependiente,"Actividades profesionales, científicas y técnicas","Entre 2,5 y 3 SMMLV","Entre 2,5 y 4 SMMLV",1
2102-Universidad Nacional Abierta y a Distancia - UNAD,2776-INGENIERIA DE SISTEMAS,Masculino,2010-1,2017,Dependiente,"Actividades profesionales, científicas y técnicas","Entre 3 y 3,5 SMMLV","Entre 2,5 y 4 SMMLV",1
2102-Universidad Nacional Abierta y a Distancia - UNAD,2776-INGENIERIA DE SISTEMAS,Masculino,2010-1,2017,Dependiente,"Actividades profesionales, científicas y técnicas","Entre 4 y 4,5 SMMLV",Entre 4 y 6 SMMLV,4
2102-Universidad Nacional Abierta y a Distancia - UNAD,2776-INGENIERIA DE SISTEMAS,Masculino,2010-1,2017,Dependiente,"Actividades profesionales, científicas y técnicas",Entre 5 y 6 SMMLV,Entre 4 y 6 SMMLV,1
2102-Universidad Nacional Abierta y a Distancia - UNAD,2776-INGENIERIA DE SISTEMAS,Masculino,2010-1,2017,Dependiente,"Actividades profesionales, científicas y técnicas",Entre 7 y 8 SMMLV,Entre 6 y 9 SMMLV,1
2102-Universidad Nacional Abierta y a Distancia - UNAD,2776-INGENIERIA DE SISTEMAS,Masculino,2010-1,2017,Dependiente,"Actividades profesionales, científicas y técnicas",Entre 9 y 11 SMMLV,Más de 9 SMMLV,1
2102-Universidad Nacional Abierta y a Distancia - UNAD,2776-INGENIERIA DE SISTEMAS,Masculino,2010-1,2017,Dependiente,Administración pública y defensa; planes de seguridad social de afiliación obligatoria,1 SMMLV,1 SMMLV,1
2102-Universidad Nacional Abierta y a Distancia - UNAD,2776-INGENIERIA DE SISTEMAS,Masculino,2010-1,2017,Dependiente,Administración pública y defensa; planes de seguridad social de afiliación obligatoria,"Entre 2,5 y 3 SMMLV","Entre 2,5 y 4 SMMLV",6
2102-Universidad Nacional Abierta y a Distancia - UNAD,2776-INGENIERIA DE SISTEMAS,Masculino,2010-1,2017,Dependiente,Administración pública y defensa; planes de seguridad social de afiliación obligatoria,"Entre 4,5 y 5 SMMLV",Entre 4 y 6 SMMLV,2
2102-Universidad Nacional Abierta y a Distancia - UNAD,2776-INGENIERIA DE SISTEMAS,Masculino,2010-1,2017,Dependiente,"Agricultura, ganadería, caza, silvicultura y pesca",Más de 15 SMMLV,Más de 9 SMMLV,1
2102-Universidad Nacional Abierta y a Distancia - UNAD,2776-INGENIERIA DE SISTEMAS,Masculino,2010-1,2017,Dependiente,Comercio al por mayor y al por menor; reparación de vehículos automotores y motocicletas,"Entre 1 y 1,5 SMMLV","Entre 1 y 1,5 SMMLV",2
2102-Universidad Nacional Abierta y a Distancia - UNAD,2776-INGENIERIA DE SISTEMAS,Masculino,2010-1,2017,Dependiente,Comercio al por mayor y al por menor; reparación de vehículos automotores y motocicletas,Entre 5 y 6 SMMLV,Entre 4 y 6 SMMLV,1
2102-Universidad Nacional Abierta y a Distancia - UNAD,2776-INGENIERIA DE SISTEMAS,Masculino,2010-1,2017,Dependiente,Construccion,"Entre 1 y 1,5 SMMLV","Entre 1 y 1,5 SMMLV",1
2102-Universidad Nacional Abierta y a Distancia - UNAD,2776-INGENIERIA DE SISTEMAS,Masculino,2010-1,2017,Dependiente,Construccion,"Entre 3 y 3,5 SMMLV","Entre 2,5 y 4 SMMLV",1
2102-Universidad Nacional Abierta y a Distancia - UNAD,2776-INGENIERIA DE SISTEMAS,Masculino,2010-1,2017,Dependiente,Construccion,Entre 5 y 6 SMMLV,Entre 4 y 6 SMMLV,1
2102-Universidad Nacional Abierta y a Distancia - UNAD,2776-INGENIERIA DE SISTEMAS,Masculino,2010-1,2017,Dependiente,Educación,"Entre 1,5 y 2 SMMLV","Entre 1,5 y 2,5 SMMLV",1
2102-Universidad Nacional Abierta y a Distancia - UNAD,2776-INGENIERIA DE SISTEMAS,Masculino,2010-1,2017,Dependiente,Educación,"Entre 2 y 2 ,5 SMMLV","Entre 1,5 y 2,5 SMMLV",1
2102-Universidad Nacional Abierta y a Distancia - UNAD,2776-INGENIERIA DE SISTEMAS,Masculino,2010-1,2017,Dependiente,Educación,Entre 6 y 7 SMMLV,Entre 6 y 9 SMMLV,1
2102-Universidad Nacional Abierta y a Distancia - UNAD,2776-INGENIERIA DE SISTEMAS,Masculino,2010-1,2017,Dependiente,Industrias manufactureras,"Entre 3 y 3,5 SMMLV","Entre 2,5 y 4 SMMLV",1
2102-Universidad Nacional Abierta y a Distancia - UNAD,2776-INGENIERIA DE SISTEMAS,Masculino,2010-1,2017,Dependiente,Industrias manufactureras,Entre 11 y 13 SMMLV,Más de 9 SMMLV,1
2102-Universidad Nacional Abierta y a Distancia - UNAD,2776-INGENIERIA DE SISTEMAS,Masculino,2010-1,2017,Dependiente,Información y comunicaciones,1 SMMLV,1 SMMLV,1
2102-Universidad Nacional Abierta y a Distancia - UNAD,2776-INGENIERIA DE SISTEMAS,Masculino,2010-1,2017,Dependiente,Información y comunicaciones,"Entre 2,5 y 3 SMMLV","Entre 2,5 y 4 SMMLV",1
2102-Universidad Nacional Abierta y a Distancia - UNAD,2776-INGENIERIA DE SISTEMAS,Masculino,2010-1,2017,Dependiente,Información y comunicaciones,"Entre 4,5 y 5 SMMLV",Entre 4 y 6 SMMLV,1
2102-Universidad Nacional Abierta y a Distancia - UNAD,2776-INGENIERIA DE SISTEMAS,Masculino,2010-1,2017,Dependiente,Información y comunicaciones,Entre 5 y 6 SMMLV,Entre 4 y 6 SMMLV,1
2102-Universidad Nacional Abierta y a Distancia - UNAD,2776-INGENIERIA DE SISTEMAS,Masculino,2010-1,2017,Dependiente,Información y comunicaciones,Entre 8 y 9 SMMLV,Entre 6 y 9 SMMLV,1
2102-Universidad Nacional Abierta y a Distancia - UNAD,2776-INGENIERIA DE SISTEMAS,Masculino,2010-1,2017,Dependiente,Otras actividades de servicios,"Entre 1 y 1,5 SMMLV","Entre 1 y 1,5 SMMLV",2
2102-Universidad Nacional Abierta y a Distancia - UNAD,2776-INGENIERIA DE SISTEMAS,Masculino,2010-1,2017,Dependiente,Otras actividades de servicios,"Entre 2,5 y 3 SMMLV","Entre 2,5 y 4 SMMLV",1
2102-Universidad Nacional Abierta y a Distancia - UNAD,2776-INGENIERIA DE SISTEMAS,Masculino,2010-1,2017,Dependiente,Sin información,1 SMMLV,1 SMMLV,1
2102-Universidad Nacional Abierta y a Distancia - UNAD,2776-INGENIERIA DE SISTEMAS,Masculino,2010-1,2017,Dependiente,Sin información,"Entre 2,5 y 3 SMMLV","Entre 2,5 y 4 SMMLV",1
2102-Universidad Nacional Abierta y a Distancia - UNAD,2776-INGENIERIA DE SISTEMAS,Masculino,2010-1,2017,Dependiente,Sin información,"Entre 4 y 4,5 SMMLV",Entre 4 y 6 SMMLV,1
2102-Universidad Nacional Abierta y a Distancia - UNAD,2776-INGENIERIA DE SISTEMAS,Masculino,2010-1,2017,Dependiente,Sin información,"Entre 4,5 y 5 SMMLV",Entre 4 y 6 SMMLV,1
2102-Universidad Nacional Abierta y a Distancia - UNAD,2776-INGENIERIA DE SISTEMAS,Masculino,2010-1,2017,Dependiente,Sin información,Entre 6 y 7 SMMLV,Entre 6 y 9 SMMLV,1
2102-Universidad Nacional Abierta y a Distancia - UNAD,2776-INGENIERIA DE SISTEMAS,Masculino,2010-1,2017,Dependiente,Sin información,Entre 7 y 8 SMMLV,Entre 6 y 9 SMMLV,1
2102-Universidad Nacional Abierta y a Distancia - UNAD,2776-INGENIERIA DE SISTEMAS,Masculino,2010-1,2017,Dependiente,Transporte y almacenamiento,"Entre 1,5 y 2 SMMLV","Entre 1,5 y 2,5 SMMLV",1
2102-Universidad Nacional Abierta y a Distancia - UNAD,2776-INGENIERIA DE SISTEMAS,Masculino,2010-1,2017,Dependiente,Transporte y almacenamiento,"Entre 2 y 2 ,5 SMMLV","Entre 1,5 y 2,5 SMMLV",1
2102-Universidad Nacional Abierta y a Distancia - UNAD,2776-INGENIERIA DE SISTEMAS,Masculino,2010-1,2017,Dependiente,Transporte y almacenamiento,"Entre 2,5 y 3 SMMLV","Entre 2,5 y 4 SMMLV",1
2102-Universidad Nacional Abierta y a Distancia - UNAD,2776-INGENIERIA DE SISTEMAS,Masculino,2010-1,2018,Dependiente,Actividades de atención de la salud humana y de asistencia social,"Entre 1 y 1,5 SMMLV","Entre 1 y 1,5 SMMLV",1
2102-Universidad Nacional Abierta y a Distancia - UNAD,2776-INGENIERIA DE SISTEMAS,Masculino,2010-1,2018,Dependiente,Actividades de atención de la salud humana y de asistencia social,"Entre 4,5 y 5 SMMLV",Entre 4 y 6 SMMLV,1
2102-Universidad Nacional Abierta y a Distancia - UNAD,2776-INGENIERIA DE SISTEMAS,Masculino,2010-1,2018,Dependiente,Actividades de organizaciones y entidades extraterritoriales,"Entre 2 y 2 ,5 SMMLV","Entre 1,5 y 2,5 SMMLV",1
2102-Universidad Nacional Abierta y a Distancia - UNAD,2776-INGENIERIA DE SISTEMAS,Masculino,2010-1,2018,Dependiente,Actividades de organizaciones y entidades extraterritoriales,"Entre 2,5 y 3 SMMLV","Entre 2,5 y 4 SMMLV",2
2102-Universidad Nacional Abierta y a Distancia - UNAD,2776-INGENIERIA DE SISTEMAS,Masculino,2010-1,2018,Dependiente,Actividades de servicios administrativos y de apoyo,1 SMMLV,1 SMMLV,1
2102-Universidad Nacional Abierta y a Distancia - UNAD,2776-INGENIERIA DE SISTEMAS,Masculino,2010-1,2018,Dependiente,Actividades de servicios administrativos y de apoyo,Entre 6 y 7 SMMLV,Entre 6 y 9 SMMLV,1
2102-Universidad Nacional Abierta y a Distancia - UNAD,2776-INGENIERIA DE SISTEMAS,Masculino,2010-1,2018,Dependiente,Actividades de servicios administrativos y de apoyo,Entre 9 y 11 SMMLV,Más de 9 SMMLV,1
2102-Universidad Nacional Abierta y a Distancia - UNAD,2776-INGENIERIA DE SISTEMAS,Masculino,2010-1,2018,Dependiente,Actividades financieras y de seguros,"Entre 2 y 2 ,5 SMMLV","Entre 1,5 y 2,5 SMMLV",1
2102-Universidad Nacional Abierta y a Distancia - UNAD,2776-INGENIERIA DE SISTEMAS,Masculino,2010-1,2018,Dependiente,Actividades financieras y de seguros,"Entre 3 y 3,5 SMMLV","Entre 2,5 y 4 SMMLV",1
2102-Universidad Nacional Abierta y a Distancia - UNAD,2776-INGENIERIA DE SISTEMAS,Masculino,2010-1,2018,Dependiente,Actividades financieras y de seguros,"Entre 3,5 y 4 SMMLV","Entre 2,5 y 4 SMMLV",1
2102-Universidad Nacional Abierta y a Distancia - UNAD,2776-INGENIERIA DE SISTEMAS,Masculino,2010-1,2018,Dependiente,Actividades financieras y de seguros,Entre 11 y 13 SMMLV,Más de 9 SMMLV,1
2102-Universidad Nacional Abierta y a Distancia - UNAD,2776-INGENIERIA DE SISTEMAS,Masculino,2010-1,2018,Dependiente,"Actividades profesionales, científicas y técnicas",1 SMMLV,1 SMMLV,1
2102-Universidad Nacional Abierta y a Distancia - UNAD,2776-INGENIERIA DE SISTEMAS,Masculino,2010-1,2018,Dependiente,"Actividades profesionales, científicas y técnicas","Entre 1 y 1,5 SMMLV","Entre 1 y 1,5 SMMLV",1
2102-Universidad Nacional Abierta y a Distancia - UNAD,2776-INGENIERIA DE SISTEMAS,Masculino,2010-1,2018,Dependiente,"Actividades profesionales, científicas y técnicas","Entre 2,5 y 3 SMMLV","Entre 2,5 y 4 SMMLV",1
2102-Universidad Nacional Abierta y a Distancia - UNAD,2776-INGENIERIA DE SISTEMAS,Masculino,2010-1,2018,Dependiente,"Actividades profesionales, científicas y técnicas","Entre 3 y 3,5 SMMLV","Entre 2,5 y 4 SMMLV",1
2102-Universidad Nacional Abierta y a Distancia - UNAD,2776-INGENIERIA DE SISTEMAS,Masculino,2010-1,2018,Dependiente,"Actividades profesionales, científicas y técnicas","Entre 4 y 4,5 SMMLV",Entre 4 y 6 SMMLV,3
2102-Universidad Nacional Abierta y a Distancia - UNAD,2776-INGENIERIA DE SISTEMAS,Masculino,2010-1,2018,Dependiente,"Actividades profesionales, científicas y técnicas","Entre 4,5 y 5 SMMLV",Entre 4 y 6 SMMLV,1
2102-Universidad Nacional Abierta y a Distancia - UNAD,2776-INGENIERIA DE SISTEMAS,Masculino,2010-1,2018,Dependiente,"Actividades profesionales, científicas y técnicas",Entre 5 y 6 SMMLV,Entre 4 y 6 SMMLV,1
2102-Universidad Nacional Abierta y a Distancia - UNAD,2776-INGENIERIA DE SISTEMAS,Masculino,2010-1,2018,Dependiente,"Actividades profesionales, científicas y técnicas",Entre 6 y 7 SMMLV,Entre 6 y 9 SMMLV,1
2102-Universidad Nacional Abierta y a Distancia - UNAD,2776-INGENIERIA DE SISTEMAS,Masculino,2010-1,2018,Dependiente,"Actividades profesionales, científicas y técnicas",Entre 7 y 8 SMMLV,Entre 6 y 9 SMMLV,1
2102-Universidad Nacional Abierta y a Distancia - UNAD,2776-INGENIERIA DE SISTEMAS,Masculino,2010-1,2018,Dependiente,Administración pública y defensa; planes de seguridad social de afiliación obligatoria,1 SMMLV,1 SMMLV,1
2102-Universidad Nacional Abierta y a Distancia - UNAD,2776-INGENIERIA DE SISTEMAS,Masculino,2010-1,2018,Dependiente,Administración pública y defensa; planes de seguridad social de afiliación obligatoria,"Entre 2 y 2 ,5 SMMLV","Entre 1,5 y 2,5 SMMLV",1
2102-Universidad Nacional Abierta y a Distancia - UNAD,2776-INGENIERIA DE SISTEMAS,Masculino,2010-1,2018,Dependiente,Administración pública y defensa; planes de seguridad social de afiliación obligatoria,"Entre 2,5 y 3 SMMLV","Entre 2,5 y 4 SMMLV",2
2102-Universidad Nacional Abierta y a Distancia - UNAD,2776-INGENIERIA DE SISTEMAS,Masculino,2010-1,2018,Dependiente,Administración pública y defensa; planes de seguridad social de afiliación obligatoria,"Entre 4 y 4,5 SMMLV",Entre 4 y 6 SMMLV,1
2102-Universidad Nacional Abierta y a Distancia - UNAD,2776-INGENIERIA DE SISTEMAS,Masculino,2010-1,2018,Dependiente,Administración pública y defensa; planes de seguridad social de afiliación obligatoria,"Entre 4,5 y 5 SMMLV",Entre 4 y 6 SMMLV,2
2102-Universidad Nacional Abierta y a Distancia - UNAD,2776-INGENIERIA DE SISTEMAS,Masculino,2010-1,2018,Dependiente,"Agricultura, ganadería, caza, silvicultura y pesca",Entre 13 y 15 SMMLV,Más de 9 SMMLV,1
2102-Universidad Nacional Abierta y a Distancia - UNAD,2776-INGENIERIA DE SISTEMAS,Masculino,2010-1,2018,Dependiente,Comercio al por mayor y al por menor; reparación de vehículos automotores y motocicletas,"Entre 1 y 1,5 SMMLV","Entre 1 y 1,5 SMMLV",1
2102-Universidad Nacional Abierta y a Distancia - UNAD,2776-INGENIERIA DE SISTEMAS,Masculino,2010-1,2018,Dependiente,Comercio al por mayor y al por menor; reparación de vehículos automotores y motocicletas,Entre 5 y 6 SMMLV,Entre 4 y 6 SMMLV,1
2102-Universidad Nacional Abierta y a Distancia - UNAD,2776-INGENIERIA DE SISTEMAS,Masculino,2010-1,2018,Dependiente,Construccion,"Entre 2,5 y 3 SMMLV","Entre 2,5 y 4 SMMLV",1
2102-Universidad Nacional Abierta y a Distancia - UNAD,2776-INGENIERIA DE SISTEMAS,Masculino,2010-1,2018,Dependiente,"Distribución de agua; evacuación y tratamiento de aguas residuales, gestión de desechos y actividades de saneamiento ambiental",Entre 5 y 6 SMMLV,Entre 4 y 6 SMMLV,1
2102-Universidad Nacional Abierta y a Distancia - UNAD,2776-INGENIERIA DE SISTEMAS,Masculino,2010-1,2018,Dependiente,Educación,"Entre 1 y 1,5 SMMLV","Entre 1 y 1,5 SMMLV",1
2102-Universidad Nacional Abierta y a Distancia - UNAD,2776-INGENIERIA DE SISTEMAS,Masculino,2010-1,2018,Dependiente,Educación,"Entre 1,5 y 2 SMMLV","Entre 1,5 y 2,5 SMMLV",1
2102-Universidad Nacional Abierta y a Distancia - UNAD,2776-INGENIERIA DE SISTEMAS,Masculino,2010-1,2018,Dependiente,Educación,"Entre 2 y 2 ,5 SMMLV","Entre 1,5 y 2,5 SMMLV",1
2102-Universidad Nacional Abierta y a Distancia - UNAD,2776-INGENIERIA DE SISTEMAS,Masculino,2010-1,2018,Dependiente,Educación,"Entre 3,5 y 4 SMMLV","Entre 2,5 y 4 SMMLV",1
2102-Universidad Nacional Abierta y a Distancia - UNAD,2776-INGENIERIA DE SISTEMAS,Masculino,2010-1,2018,Dependiente,Educación,Entre 5 y 6 SMMLV,Entre 4 y 6 SMMLV,2
2102-Universidad Nacional Abierta y a Distancia - UNAD,2776-INGENIERIA DE SISTEMAS,Masculino,2010-1,2018,Dependiente,Explotación de minas y canteras,"Entre 4 y 4,5 SMMLV",Entre 4 y 6 SMMLV,1
2102-Universidad Nacional Abierta y a Distancia - UNAD,2776-INGENIERIA DE SISTEMAS,Masculino,2010-1,2018,Dependiente,Industrias manufactureras,"Entre 3,5 y 4 SMMLV","Entre 2,5 y 4 SMMLV",1
2102-Universidad Nacional Abierta y a Distancia - UNAD,2776-INGENIERIA DE SISTEMAS,Masculino,2010-1,2018,Dependiente,Industrias manufactureras,Entre 11 y 13 SMMLV,Más de 9 SMMLV,1
2102-Universidad Nacional Abierta y a Distancia - UNAD,2776-INGENIERIA DE SISTEMAS,Masculino,2010-1,2018,Dependiente,Información y comunicaciones,"Entre 1,5 y 2 SMMLV","Entre 1,5 y 2,5 SMMLV",1
2102-Universidad Nacional Abierta y a Distancia - UNAD,2776-INGENIERIA DE SISTEMAS,Masculino,2010-1,2018,Dependiente,Información y comunicaciones,"Entre 2,5 y 3 SMMLV","Entre 2,5 y 4 SMMLV",1
2102-Universidad Nacional Abierta y a Distancia - UNAD,2776-INGENIERIA DE SISTEMAS,Masculino,2010-1,2018,Dependiente,Información y comunicaciones,Entre 5 y 6 SMMLV,Entre 4 y 6 SMMLV,1
2102-Universidad Nacional Abierta y a Distancia - UNAD,2776-INGENIERIA DE SISTEMAS,Masculino,2010-1,2018,Dependiente,Información y comunicaciones,Entre 8 y 9 SMMLV,Entre 6 y 9 SMMLV,1
2102-Universidad Nacional Abierta y a Distancia - UNAD,2776-INGENIERIA DE SISTEMAS,Masculino,2010-1,2018,Dependiente,Información y comunicaciones,Entre 9 y 11 SMMLV,Más de 9 SMMLV,1
2102-Universidad Nacional Abierta y a Distancia - UNAD,2776-INGENIERIA DE SISTEMAS,Masculino,2010-1,2018,Dependiente,Otras actividades de servicios,"Entre 1 y 1,5 SMMLV","Entre 1 y 1,5 SMMLV",1
2102-Universidad Nacional Abierta y a Distancia - UNAD,2776-INGENIERIA DE SISTEMAS,Masculino,2010-1,2018,Dependiente,Sin información,"Entre 2,5 y 3 SMMLV","Entre 2,5 y 4 SMMLV",1
2102-Universidad Nacional Abierta y a Distancia - UNAD,2776-INGENIERIA DE SISTEMAS,Masculino,2010-1,2018,Dependiente,Sin información,"Entre 4 y 4,5 SMMLV",Entre 4 y 6 SMMLV,2
2102-Universidad Nacional Abierta y a Distancia - UNAD,2776-INGENIERIA DE SISTEMAS,Masculino,2010-1,2018,Dependiente,Sin información,Entre 5 y 6 SMMLV,Entre 4 y 6 SMMLV,1
2102-Universidad Nacional Abierta y a Distancia - UNAD,2776-INGENIERIA DE SISTEMAS,Masculino,2010-1,2018,Dependiente,Sin información,Entre 6 y 7 SMMLV,Entre 6 y 9 SMMLV,1
2102-Universidad Nacional Abierta y a Distancia - UNAD,2776-INGENIERIA DE SISTEMAS,Masculino,2010-1,2018,Dependiente,"Suministro de electricidad, gas, vapor y aire acondicionado",Entre 5 y 6 SMMLV,Entre 4 y 6 SMMLV,1
2102-Universidad Nacional Abierta y a Distancia - UNAD,2776-INGENIERIA DE SISTEMAS,Masculino,2010-1,2018,Dependiente,Transporte y almacenamiento,1 SMMLV,1 SMMLV,1
2102-Universidad Nacional Abierta y a Distancia - UNAD,2776-INGENIERIA DE SISTEMAS,Masculino,2010-1,2018,Dependiente,Transporte y almacenamiento,"Entre 2 y 2 ,5 SMMLV","Entre 1,5 y 2,5 SMMLV",2
2102-Universidad Nacional Abierta y a Distancia - UNAD,2776-INGENIERIA DE SISTEMAS,Masculino,2010-1,2019,Dependiente,Actividades de atención de la salud humana y de asistencia social,"Entre 4,5 y 5 SMMLV",Entre 4 y 6 SMMLV,1
2102-Universidad Nacional Abierta y a Distancia - UNAD,2776-INGENIERIA DE SISTEMAS,Masculino,2010-1,2019,Dependiente,Actividades de organizaciones y entidades extraterritoriales,"Entre 2,5 y 3 SMMLV","Entre 2,5 y 4 SMMLV",1
2102-Universidad Nacional Abierta y a Distancia - UNAD,2776-INGENIERIA DE SISTEMAS,Masculino,2010-1,2019,Dependiente,Actividades de servicios administrativos y de apoyo,Entre 6 y 7 SMMLV,Entre 6 y 9 SMMLV,1
2102-Universidad Nacional Abierta y a Distancia - UNAD,2776-INGENIERIA DE SISTEMAS,Masculino,2010-1,2019,Dependiente,Actividades financieras y de seguros,"Entre 2 y 2 ,5 SMMLV","Entre 1,5 y 2,5 SMMLV",1
2102-Universidad Nacional Abierta y a Distancia - UNAD,2776-INGENIERIA DE SISTEMAS,Masculino,2010-1,2019,Dependiente,Actividades financieras y de seguros,"Entre 3 y 3,5 SMMLV","Entre 2,5 y 4 SMMLV",1
2102-Universidad Nacional Abierta y a Distancia - UNAD,2776-INGENIERIA DE SISTEMAS,Masculino,2010-1,2019,Dependiente,Actividades financieras y de seguros,"Entre 4 y 4,5 SMMLV",Entre 4 y 6 SMMLV,1
2102-Universidad Nacional Abierta y a Distancia - UNAD,2776-INGENIERIA DE SISTEMAS,Masculino,2010-1,2019,Dependiente,Actividades financieras y de seguros,Entre 6 y 7 SMMLV,Entre 6 y 9 SMMLV,2
2102-Universidad Nacional Abierta y a Distancia - UNAD,2776-INGENIERIA DE SISTEMAS,Masculino,2010-1,2019,Dependiente,"Actividades profesionales, científicas y técnicas","Entre 2 y 2 ,5 SMMLV","Entre 1,5 y 2,5 SMMLV",1
2102-Universidad Nacional Abierta y a Distancia - UNAD,2776-INGENIERIA DE SISTEMAS,Masculino,2010-1,2019,Dependiente,"Actividades profesionales, científicas y técnicas","Entre 3,5 y 4 SMMLV","Entre 2,5 y 4 SMMLV",1
2102-Universidad Nacional Abierta y a Distancia - UNAD,2776-INGENIERIA DE SISTEMAS,Masculino,2010-1,2019,Dependiente,"Actividades profesionales, científicas y técnicas","Entre 4 y 4,5 SMMLV",Entre 4 y 6 SMMLV,5
2102-Universidad Nacional Abierta y a Distancia - UNAD,2776-INGENIERIA DE SISTEMAS,Masculino,2010-1,2019,Dependiente,"Actividades profesionales, científicas y técnicas",Entre 5 y 6 SMMLV,Entre 4 y 6 SMMLV,1
2102-Universidad Nacional Abierta y a Distancia - UNAD,2776-INGENIERIA DE SISTEMAS,Masculino,2010-1,2019,Dependiente,"Actividades profesionales, científicas y técnicas",Entre 6 y 7 SMMLV,Entre 6 y 9 SMMLV,2
2102-Universidad Nacional Abierta y a Distancia - UNAD,2776-INGENIERIA DE SISTEMAS,Masculino,2010-1,2019,Dependiente,"Actividades profesionales, científicas y técnicas",Entre 7 y 8 SMMLV,Entre 6 y 9 SMMLV,2
2102-Universidad Nacional Abierta y a Distancia - UNAD,2776-INGENIERIA DE SISTEMAS,Masculino,2010-1,2019,Dependiente,Administración pública y defensa; planes de seguridad social de afiliación obligatoria,"Entre 2 y 2 ,5 SMMLV","Entre 1,5 y 2,5 SMMLV",1
2102-Universidad Nacional Abierta y a Distancia - UNAD,2776-INGENIERIA DE SISTEMAS,Masculino,2010-1,2019,Dependiente,Administración pública y defensa; planes de seguridad social de afiliación obligatoria,"Entre 2,5 y 3 SMMLV","Entre 2,5 y 4 SMMLV",2
2102-Universidad Nacional Abierta y a Distancia - UNAD,2776-INGENIERIA DE SISTEMAS,Masculino,2010-1,2019,Dependiente,Administración pública y defensa; planes de seguridad social de afiliación obligatoria,"Entre 3 y 3,5 SMMLV","Entre 2,5 y 4 SMMLV",1
2102-Universidad Nacional Abierta y a Distancia - UNAD,2776-INGENIERIA DE SISTEMAS,Masculino,2010-1,2019,Dependiente,Administración pública y defensa; planes de seguridad social de afiliación obligatoria,"Entre 4 y 4,5 SMMLV",Entre 4 y 6 SMMLV,2
2102-Universidad Nacional Abierta y a Distancia - UNAD,2776-INGENIERIA DE SISTEMAS,Masculino,2010-1,2019,Dependiente,Administración pública y defensa; planes de seguridad social de afiliación obligatoria,"Entre 4,5 y 5 SMMLV",Entre 4 y 6 SMMLV,1
2102-Universidad Nacional Abierta y a Distancia - UNAD,2776-INGENIERIA DE SISTEMAS,Masculino,2010-1,2019,Dependiente,"Agricultura, ganadería, caza, silvicultura y pesca",Más de 15 SMMLV,Más de 9 SMMLV,1
2102-Universidad Nacional Abierta y a Distancia - UNAD,2776-INGENIERIA DE SISTEMAS,Masculino,2010-1,2019,Dependiente,Comercio al por mayor y al por menor; reparación de vehículos automotores y motocicletas,1 SMMLV,1 SMMLV,1
2102-Universidad Nacional Abierta y a Distancia - UNAD,2776-INGENIERIA DE SISTEMAS,Masculino,2010-1,2019,Dependiente,Comercio al por mayor y al por menor; reparación de vehículos automotores y motocicletas,"Entre 1 y 1,5 SMMLV","Entre 1 y 1,5 SMMLV",1
2102-Universidad Nacional Abierta y a Distancia - UNAD,2776-INGENIERIA DE SISTEMAS,Masculino,2010-1,2019,Dependiente,Comercio al por mayor y al por menor; reparación de vehículos automotores y motocicletas,"Entre 1,5 y 2 SMMLV","Entre 1,5 y 2,5 SMMLV",1
2102-Universidad Nacional Abierta y a Distancia - UNAD,2776-INGENIERIA DE SISTEMAS,Masculino,2010-1,2019,Dependiente,Comercio al por mayor y al por menor; reparación de vehículos automotores y motocicletas,"Entre 4,5 y 5 SMMLV",Entre 4 y 6 SMMLV,1
2102-Universidad Nacional Abierta y a Distancia - UNAD,2776-INGENIERIA DE SISTEMAS,Masculino,2010-1,2019,Dependiente,Construccion,1 SMMLV,1 SMMLV,1
2102-Universidad Nacional Abierta y a Distancia - UNAD,2776-INGENIERIA DE SISTEMAS,Masculino,2010-1,2019,Dependiente,Construccion,"Entre 1,5 y 2 SMMLV","Entre 1,5 y 2,5 SMMLV",1
2102-Universidad Nacional Abierta y a Distancia - UNAD,2776-INGENIERIA DE SISTEMAS,Masculino,2010-1,2019,Dependiente,"Distribución de agua; evacuación y tratamiento de aguas residuales, gestión de desechos y actividades de saneamiento ambiental",Entre 5 y 6 SMMLV,Entre 4 y 6 SMMLV,1
2102-Universidad Nacional Abierta y a Distancia - UNAD,2776-INGENIERIA DE SISTEMAS,Masculino,2010-1,2019,Dependiente,Educación,"Entre 1 y 1,5 SMMLV","Entre 1 y 1,5 SMMLV",2
2102-Universidad Nacional Abierta y a Distancia - UNAD,2776-INGENIERIA DE SISTEMAS,Masculino,2010-1,2019,Dependiente,Educación,"Entre 1,5 y 2 SMMLV","Entre 1,5 y 2,5 SMMLV",1
2102-Universidad Nacional Abierta y a Distancia - UNAD,2776-INGENIERIA DE SISTEMAS,Masculino,2010-1,2019,Dependiente,Educación,"Entre 2,5 y 3 SMMLV","Entre 2,5 y 4 SMMLV",1
2102-Universidad Nacional Abierta y a Distancia - UNAD,2776-INGENIERIA DE SISTEMAS,Masculino,2010-1,2019,Dependiente,Educación,Entre 5 y 6 SMMLV,Entre 4 y 6 SMMLV,1
2102-Universidad Nacional Abierta y a Distancia - UNAD,2776-INGENIERIA DE SISTEMAS,Masculino,2010-1,2019,Dependiente,Explotación de minas y canteras,"Entre 3 y 3,5 SMMLV","Entre 2,5 y 4 SMMLV",1
2102-Universidad Nacional Abierta y a Distancia - UNAD,2776-INGENIERIA DE SISTEMAS,Masculino,2010-1,2019,Dependiente,Industrias manufactureras,"Entre 3,5 y 4 SMMLV","Entre 2,5 y 4 SMMLV",1
2102-Universidad Nacional Abierta y a Distancia - UNAD,2776-INGENIERIA DE SISTEMAS,Masculino,2010-1,2019,Dependiente,Industrias manufactureras,Entre 11 y 13 SMMLV,Más de 9 SMMLV,1
2102-Universidad Nacional Abierta y a Distancia - UNAD,2776-INGENIERIA DE SISTEMAS,Masculino,2010-1,2019,Dependiente,Información y comunicaciones,"Entre 2,5 y 3 SMMLV","Entre 2,5 y 4 SMMLV",2
2102-Universidad Nacional Abierta y a Distancia - UNAD,2776-INGENIERIA DE SISTEMAS,Masculino,2010-1,2019,Dependiente,Información y comunicaciones,"Entre 3,5 y 4 SMMLV","Entre 2,5 y 4 SMMLV",1
2102-Universidad Nacional Abierta y a Distancia - UNAD,2776-INGENIERIA DE SISTEMAS,Masculino,2010-1,2019,Dependiente,Información y comunicaciones,"Entre 4 y 4,5 SMMLV",Entre 4 y 6 SMMLV,1
2102-Universidad Nacional Abierta y a Distancia - UNAD,2776-INGENIERIA DE SISTEMAS,Masculino,2010-1,2019,Dependiente,Información y comunicaciones,Entre 5 y 6 SMMLV,Entre 4 y 6 SMMLV,1
2102-Universidad Nacional Abierta y a Distancia - UNAD,2776-INGENIERIA DE SISTEMAS,Masculino,2010-1,2019,Dependiente,Información y comunicaciones,Entre 9 y 11 SMMLV,Más de 9 SMMLV,2
2102-Universidad Nacional Abierta y a Distancia - UNAD,2776-INGENIERIA DE SISTEMAS,Masculino,2010-1,2019,Dependiente,Otras actividades de servicios,"Entre 1 y 1,5 SMMLV","Entre 1 y 1,5 SMMLV",2
2102-Universidad Nacional Abierta y a Distancia - UNAD,2776-INGENIERIA DE SISTEMAS,Masculino,2010-1,2019,Dependiente,Otras actividades de servicios,Entre 5 y 6 SMMLV,Entre 4 y 6 SMMLV,1
2102-Universidad Nacional Abierta y a Distancia - UNAD,2776-INGENIERIA DE SISTEMAS,Masculino,2010-1,2019,Dependiente,"Suministro de electricidad, gas, vapor y aire acondicionado",Entre 5 y 6 SMMLV,Entre 4 y 6 SMMLV,1
2102-Universidad Nacional Abierta y a Distancia - UNAD,2776-INGENIERIA DE SISTEMAS,Masculino,2010-1,2019,Dependiente,Transporte y almacenamiento,1 SMMLV,1 SMMLV,1
2102-Universidad Nacional Abierta y a Distancia - UNAD,2776-INGENIERIA DE SISTEMAS,Masculino,2010-1,2019,Dependiente,Transporte y almacenamiento,"Entre 2 y 2 ,5 SMMLV","Entre 1,5 y 2,5 SMMLV",1
2102-Universidad Nacional Abierta y a Distancia - UNAD,2776-INGENIERIA DE SISTEMAS,Masculino,2010-1,2020,Dependiente,Actividades de atención de la salud humana y de asistencia social,Entre 5 y 6 SMMLV,Entre 4 y 6 SMMLV,1
2102-Universidad Nacional Abierta y a Distancia - UNAD,2776-INGENIERIA DE SISTEMAS,Masculino,2010-1,2020,Dependiente,Actividades de servicios administrativos y de apoyo,Entre 5 y 6 SMMLV,Entre 4 y 6 SMMLV,1
2102-Universidad Nacional Abierta y a Distancia - UNAD,2776-INGENIERIA DE SISTEMAS,Masculino,2010-1,2020,Dependiente,Actividades financieras y de seguros,"Entre 2 y 2 ,5 SMMLV","Entre 1,5 y 2,5 SMMLV",1
2102-Universidad Nacional Abierta y a Distancia - UNAD,2776-INGENIERIA DE SISTEMAS,Masculino,2010-1,2020,Dependiente,Actividades financieras y de seguros,"Entre 2,5 y 3 SMMLV","Entre 2,5 y 4 SMMLV",1
2102-Universidad Nacional Abierta y a Distancia - UNAD,2776-INGENIERIA DE SISTEMAS,Masculino,2010-1,2020,Dependiente,Actividades financieras y de seguros,"Entre 4 y 4,5 SMMLV",Entre 4 y 6 SMMLV,1
2102-Universidad Nacional Abierta y a Distancia - UNAD,2776-INGENIERIA DE SISTEMAS,Masculino,2010-1,2020,Dependiente,Actividades financieras y de seguros,Entre 5 y 6 SMMLV,Entre 4 y 6 SMMLV,1
2102-Universidad Nacional Abierta y a Distancia - UNAD,2776-INGENIERIA DE SISTEMAS,Masculino,2010-1,2020,Dependiente,Actividades financieras y de seguros,Entre 6 y 7 SMMLV,Entre 6 y 9 SMMLV,1
2102-Universidad Nacional Abierta y a Distancia - UNAD,2776-INGENIERIA DE SISTEMAS,Masculino,2010-1,2020,Dependiente,Actividades financieras y de seguros,Entre 9 y 11 SMMLV,Más de 9 SMMLV,1
2102-Universidad Nacional Abierta y a Distancia - UNAD,2776-INGENIERIA DE SISTEMAS,Masculino,2010-1,2020,Dependiente,Actividades financieras y de seguros,Más de 15 SMMLV,Más de 9 SMMLV,1
2102-Universidad Nacional Abierta y a Distancia - UNAD,2776-INGENIERIA DE SISTEMAS,Masculino,2010-1,2020,Dependiente,"Actividades profesionales, científicas y técnicas","Entre 3 y 3,5 SMMLV","Entre 2,5 y 4 SMMLV",1
2102-Universidad Nacional Abierta y a Distancia - UNAD,2776-INGENIERIA DE SISTEMAS,Masculino,2010-1,2020,Dependiente,"Actividades profesionales, científicas y técnicas","Entre 4 y 4,5 SMMLV",Entre 4 y 6 SMMLV,3
2102-Universidad Nacional Abierta y a Distancia - UNAD,2776-INGENIERIA DE SISTEMAS,Masculino,2010-1,2020,Dependiente,"Actividades profesionales, científicas y técnicas",Entre 5 y 6 SMMLV,Entre 4 y 6 SMMLV,1
2102-Universidad Nacional Abierta y a Distancia - UNAD,2776-INGENIERIA DE SISTEMAS,Masculino,2010-1,2020,Dependiente,"Actividades profesionales, científicas y técnicas",Entre 6 y 7 SMMLV,Entre 6 y 9 SMMLV,1
2102-Universidad Nacional Abierta y a Distancia - UNAD,2776-INGENIERIA DE SISTEMAS,Masculino,2010-1,2020,Dependiente,"Actividades profesionales, científicas y técnicas",Entre 8 y 9 SMMLV,Entre 6 y 9 SMMLV,1
2102-Universidad Nacional Abierta y a Distancia - UNAD,2776-INGENIERIA DE SISTEMAS,Masculino,2010-1,2020,Dependiente,Administración pública y defensa; planes de seguridad social de afiliación obligatoria,"Entre 1,5 y 2 SMMLV","Entre 1,5 y 2,5 SMMLV",1
2102-Universidad Nacional Abierta y a Distancia - UNAD,2776-INGENIERIA DE SISTEMAS,Masculino,2010-1,2020,Dependiente,Administración pública y defensa; planes de seguridad social de afiliación obligatoria,"Entre 2,5 y 3 SMMLV","Entre 2,5 y 4 SMMLV",1
2102-Universidad Nacional Abierta y a Distancia - UNAD,2776-INGENIERIA DE SISTEMAS,Masculino,2010-1,2020,Dependiente,Administración pública y defensa; planes de seguridad social de afiliación obligatoria,"Entre 3 y 3,5 SMMLV","Entre 2,5 y 4 SMMLV",1
2102-Universidad Nacional Abierta y a Distancia - UNAD,2776-INGENIERIA DE SISTEMAS,Masculino,2010-1,2020,Dependiente,Administración pública y defensa; planes de seguridad social de afiliación obligatoria,"Entre 3,5 y 4 SMMLV","Entre 2,5 y 4 SMMLV",1
2102-Universidad Nacional Abierta y a Distancia - UNAD,2776-INGENIERIA DE SISTEMAS,Masculino,2010-1,2020,Dependiente,Administración pública y defensa; planes de seguridad social de afiliación obligatoria,"Entre 4 y 4,5 SMMLV",Entre 4 y 6 SMMLV,2
2102-Universidad Nacional Abierta y a Distancia - UNAD,2776-INGENIERIA DE SISTEMAS,Masculino,2010-1,2020,Dependiente,Administración pública y defensa; planes de seguridad social de afiliación obligatoria,"Entre 4,5 y 5 SMMLV",Entre 4 y 6 SMMLV,1
2102-Universidad Nacional Abierta y a Distancia - UNAD,2776-INGENIERIA DE SISTEMAS,Masculino,2010-1,2020,Dependiente,Administración pública y defensa; planes de seguridad social de afiliación obligatoria,Entre 5 y 6 SMMLV,Entre 4 y 6 SMMLV,1
2102-Universidad Nacional Abierta y a Distancia - UNAD,2776-INGENIERIA DE SISTEMAS,Masculino,2010-1,2020,Dependiente,Administración pública y defensa; planes de seguridad social de afiliación obligatoria,Entre 6 y 7 SMMLV,Entre 6 y 9 SMMLV,1
2102-Universidad Nacional Abierta y a Distancia - UNAD,2776-INGENIERIA DE SISTEMAS,Masculino,2010-1,2020,Dependiente,Comercio al por mayor y al por menor; reparación de vehículos automotores y motocicletas,"Entre 1 y 1,5 SMMLV","Entre 1 y 1,5 SMMLV",1
2102-Universidad Nacional Abierta y a Distancia - UNAD,2776-INGENIERIA DE SISTEMAS,Masculino,2010-1,2020,Dependiente,Comercio al por mayor y al por menor; reparación de vehículos automotores y motocicletas,"Entre 1,5 y 2 SMMLV","Entre 1,5 y 2,5 SMMLV",1
2102-Universidad Nacional Abierta y a Distancia - UNAD,2776-INGENIERIA DE SISTEMAS,Masculino,2010-1,2020,Dependiente,Comercio al por mayor y al por menor; reparación de vehículos automotores y motocicletas,Entre 5 y 6 SMMLV,Entre 4 y 6 SMMLV,1
2102-Universidad Nacional Abierta y a Distancia - UNAD,2776-INGENIERIA DE SISTEMAS,Masculino,2010-1,2020,Dependiente,"Distribución de agua; evacuación y tratamiento de aguas residuales, gestión de desechos y actividades de saneamiento ambiental",Entre 8 y 9 SMMLV,Entre 6 y 9 SMMLV,1
2102-Universidad Nacional Abierta y a Distancia - UNAD,2776-INGENIERIA DE SISTEMAS,Masculino,2010-1,2020,Dependiente,Educación,"Entre 1,5 y 2 SMMLV","Entre 1,5 y 2,5 SMMLV",2
2102-Universidad Nacional Abierta y a Distancia - UNAD,2776-INGENIERIA DE SISTEMAS,Masculino,2010-1,2020,Dependiente,Educación,"Entre 2 y 2 ,5 SMMLV","Entre 1,5 y 2,5 SMMLV",1
2102-Universidad Nacional Abierta y a Distancia - UNAD,2776-INGENIERIA DE SISTEMAS,Masculino,2010-1,2020,Dependiente,Educación,Entre 6 y 7 SMMLV,Entre 6 y 9 SMMLV,1
2102-Universidad Nacional Abierta y a Distancia - UNAD,2776-INGENIERIA DE SISTEMAS,Masculino,2010-1,2020,Dependiente,Explotación de minas y canteras,"Entre 3,5 y 4 SMMLV","Entre 2,5 y 4 SMMLV",1
2102-Universidad Nacional Abierta y a Distancia - UNAD,2776-INGENIERIA DE SISTEMAS,Masculino,2010-1,2020,Dependiente,Industrias manufactureras,"Entre 3,5 y 4 SMMLV","Entre 2,5 y 4 SMMLV",1
2102-Universidad Nacional Abierta y a Distancia - UNAD,2776-INGENIERIA DE SISTEMAS,Masculino,2010-1,2020,Dependiente,Industrias manufactureras,Entre 9 y 11 SMMLV,Más de 9 SMMLV,1
2102-Universidad Nacional Abierta y a Distancia - UNAD,2776-INGENIERIA DE SISTEMAS,Masculino,2010-1,2020,Dependiente,Industrias manufactureras,Entre 13 y 15 SMMLV,Más de 9 SMMLV,1
2102-Universidad Nacional Abierta y a Distancia - UNAD,2776-INGENIERIA DE SISTEMAS,Masculino,2010-1,2020,Dependiente,Información y comunicaciones,"Entre 2 y 2 ,5 SMMLV","Entre 1,5 y 2,5 SMMLV",1
2102-Universidad Nacional Abierta y a Distancia - UNAD,2776-INGENIERIA DE SISTEMAS,Masculino,2010-1,2020,Dependiente,Información y comunicaciones,"Entre 3 y 3,5 SMMLV","Entre 2,5 y 4 SMMLV",1
2102-Universidad Nacional Abierta y a Distancia - UNAD,2776-INGENIERIA DE SISTEMAS,Masculino,2010-1,2020,Dependiente,Información y comunicaciones,"Entre 4,5 y 5 SMMLV",Entre 4 y 6 SMMLV,2
2102-Universidad Nacional Abierta y a Distancia - UNAD,2776-INGENIERIA DE SISTEMAS,Masculino,2010-1,2020,Dependiente,Información y comunicaciones,Entre 5 y 6 SMMLV,Entre 4 y 6 SMMLV,1
2102-Universidad Nacional Abierta y a Distancia - UNAD,2776-INGENIERIA DE SISTEMAS,Masculino,2010-1,2020,Dependiente,Información y comunicaciones,Entre 8 y 9 SMMLV,Entre 6 y 9 SMMLV,1
2102-Universidad Nacional Abierta y a Distancia - UNAD,2776-INGENIERIA DE SISTEMAS,Masculino,2010-1,2020,Dependiente,Información y comunicaciones,Entre 9 y 11 SMMLV,Más de 9 SMMLV,1
2102-Universidad Nacional Abierta y a Distancia - UNAD,2776-INGENIERIA DE SISTEMAS,Masculino,2010-1,2020,Dependiente,Otras actividades de servicios,"Entre 1 y 1,5 SMMLV","Entre 1 y 1,5 SMMLV",1
2102-Universidad Nacional Abierta y a Distancia - UNAD,2776-INGENIERIA DE SISTEMAS,Masculino,2010-1,2020,Dependiente,"Suministro de electricidad, gas, vapor y aire acondicionado",Entre 5 y 6 SMMLV,Entre 4 y 6 SMMLV,1
2102-Universidad Nacional Abierta y a Distancia - UNAD,2776-INGENIERIA DE SISTEMAS,Masculino,2010-1,2020,Dependiente,Transporte y almacenamiento,"Entre 1,5 y 2 SMMLV","Entre 1,5 y 2,5 SMMLV",1
2102-Universidad Nacional Abierta y a Distancia - UNAD,2776-INGENIERIA DE SISTEMAS,Masculino,2010-1,2021,Dependiente,Actividades de servicios administrativos y de apoyo,Entre 5 y 6 SMMLV,Entre 4 y 6 SMMLV,1
2102-Universidad Nacional Abierta y a Distancia - UNAD,2776-INGENIERIA DE SISTEMAS,Masculino,2010-1,2021,Dependiente,Actividades de servicios administrativos y de apoyo,Entre 6 y 7 SMMLV,Entre 6 y 9 SMMLV,1
2102-Universidad Nacional Abierta y a Distancia - UNAD,2776-INGENIERIA DE SISTEMAS,Masculino,2010-1,2021,Dependiente,Actividades financieras y de seguros,"Entre 2 y 2 ,5 SMMLV","Entre 1,5 y 2,5 SMMLV",1
2102-Universidad Nacional Abierta y a Distancia - UNAD,2776-INGENIERIA DE SISTEMAS,Masculino,2010-1,2021,Dependiente,Actividades financieras y de seguros,"Entre 2,5 y 3 SMMLV","Entre 2,5 y 4 SMMLV",1
2102-Universidad Nacional Abierta y a Distancia - UNAD,2776-INGENIERIA DE SISTEMAS,Masculino,2010-1,2021,Dependiente,Actividades financieras y de seguros,"Entre 3 y 3,5 SMMLV","Entre 2,5 y 4 SMMLV",1
2102-Universidad Nacional Abierta y a Distancia - UNAD,2776-INGENIERIA DE SISTEMAS,Masculino,2010-1,2021,Dependiente,Actividades financieras y de seguros,Entre 5 y 6 SMMLV,Entre 4 y 6 SMMLV,1
2102-Universidad Nacional Abierta y a Distancia - UNAD,2776-INGENIERIA DE SISTEMAS,Masculino,2010-1,2021,Dependiente,Actividades financieras y de seguros,Entre 6 y 7 SMMLV,Entre 6 y 9 SMMLV,2
2102-Universidad Nacional Abierta y a Distancia - UNAD,2776-INGENIERIA DE SISTEMAS,Masculino,2010-1,2021,Dependiente,"Actividades profesionales, científicas y técnicas","Entre 3 y 3,5 SMMLV","Entre 2,5 y 4 SMMLV",1
2102-Universidad Nacional Abierta y a Distancia - UNAD,2776-INGENIERIA DE SISTEMAS,Masculino,2010-1,2021,Dependiente,"Actividades profesionales, científicas y técnicas","Entre 4 y 4,5 SMMLV",Entre 4 y 6 SMMLV,2
2102-Universidad Nacional Abierta y a Distancia - UNAD,2776-INGENIERIA DE SISTEMAS,Masculino,2010-1,2021,Dependiente,"Actividades profesionales, científicas y técnicas","Entre 4,5 y 5 SMMLV",Entre 4 y 6 SMMLV,2
2102-Universidad Nacional Abierta y a Distancia - UNAD,2776-INGENIERIA DE SISTEMAS,Masculino,2010-1,2021,Dependiente,"Actividades profesionales, científicas y técnicas",Entre 5 y 6 SMMLV,Entre 4 y 6 SMMLV,1
2102-Universidad Nacional Abierta y a Distancia - UNAD,2776-INGENIERIA DE SISTEMAS,Masculino,2010-1,2021,Dependiente,"Actividades profesionales, científicas y técnicas",Entre 8 y 9 SMMLV,Entre 6 y 9 SMMLV,1
2102-Universidad Nacional Abierta y a Distancia - UNAD,2776-INGENIERIA DE SISTEMAS,Masculino,2010-1,2021,Dependiente,Administración pública y defensa; planes de seguridad social de afiliación obligatoria,"Entre 2 y 2 ,5 SMMLV","Entre 1,5 y 2,5 SMMLV",1
2102-Universidad Nacional Abierta y a Distancia - UNAD,2776-INGENIERIA DE SISTEMAS,Masculino,2010-1,2021,Dependiente,Administración pública y defensa; planes de seguridad social de afiliación obligatoria,"Entre 2,5 y 3 SMMLV","Entre 2,5 y 4 SMMLV",3
2102-Universidad Nacional Abierta y a Distancia - UNAD,2776-INGENIERIA DE SISTEMAS,Masculino,2010-1,2021,Dependiente,Administración pública y defensa; planes de seguridad social de afiliación obligatoria,"Entre 4 y 4,5 SMMLV",Entre 4 y 6 SMMLV,3
2102-Universidad Nacional Abierta y a Distancia - UNAD,2776-INGENIERIA DE SISTEMAS,Masculino,2010-1,2021,Dependiente,Administración pública y defensa; planes de seguridad social de afiliación obligatoria,"Entre 4,5 y 5 SMMLV",Entre 4 y 6 SMMLV,1
2102-Universidad Nacional Abierta y a Distancia - UNAD,2776-INGENIERIA DE SISTEMAS,Masculino,2010-1,2021,Dependiente,Administración pública y defensa; planes de seguridad social de afiliación obligatoria,Entre 6 y 7 SMMLV,Entre 6 y 9 SMMLV,1
2102-Universidad Nacional Abierta y a Distancia - UNAD,2776-INGENIERIA DE SISTEMAS,Masculino,2010-1,2021,Dependiente,Comercio al por mayor y al por menor; reparación de vehículos automotores y motocicletas,"Entre 1 y 1,5 SMMLV","Entre 1 y 1,5 SMMLV",1
2102-Universidad Nacional Abierta y a Distancia - UNAD,2776-INGENIERIA DE SISTEMAS,Masculino,2010-1,2021,Dependiente,Comercio al por mayor y al por menor; reparación de vehículos automotores y motocicletas,"Entre 2 y 2 ,5 SMMLV","Entre 1,5 y 2,5 SMMLV",1
2102-Universidad Nacional Abierta y a Distancia - UNAD,2776-INGENIERIA DE SISTEMAS,Masculino,2010-1,2021,Dependiente,Comercio al por mayor y al por menor; reparación de vehículos automotores y motocicletas,"Entre 3,5 y 4 SMMLV","Entre 2,5 y 4 SMMLV",1
2102-Universidad Nacional Abierta y a Distancia - UNAD,2776-INGENIERIA DE SISTEMAS,Masculino,2010-1,2021,Dependiente,Construccion,"Entre 3 y 3,5 SMMLV","Entre 2,5 y 4 SMMLV",1
2102-Universidad Nacional Abierta y a Distancia - UNAD,2776-INGENIERIA DE SISTEMAS,Masculino,2010-1,2021,Dependiente,"Distribución de agua; evacuación y tratamiento de aguas residuales, gestión de desechos y actividades de saneamiento ambiental",Entre 5 y 6 SMMLV,Entre 4 y 6 SMMLV,1
2102-Universidad Nacional Abierta y a Distancia - UNAD,2776-INGENIERIA DE SISTEMAS,Masculino,2010-1,2021,Dependiente,Educación,"Entre 1,5 y 2 SMMLV","Entre 1,5 y 2,5 SMMLV",1
2102-Universidad Nacional Abierta y a Distancia - UNAD,2776-INGENIERIA DE SISTEMAS,Masculino,2010-1,2021,Dependiente,Explotación de minas y canteras,"Entre 3 y 3,5 SMMLV","Entre 2,5 y 4 SMMLV",1
2102-Universidad Nacional Abierta y a Distancia - UNAD,2776-INGENIERIA DE SISTEMAS,Masculino,2010-1,2021,Dependiente,Industrias manufactureras,"Entre 3,5 y 4 SMMLV","Entre 2,5 y 4 SMMLV",1
2102-Universidad Nacional Abierta y a Distancia - UNAD,2776-INGENIERIA DE SISTEMAS,Masculino,2010-1,2021,Dependiente,Industrias manufactureras,Entre 9 y 11 SMMLV,Más de 9 SMMLV,1
2102-Universidad Nacional Abierta y a Distancia - UNAD,2776-INGENIERIA DE SISTEMAS,Masculino,2010-1,2021,Dependiente,Información y comunicaciones,"Entre 1 y 1,5 SMMLV","Entre 1 y 1,5 SMMLV",1
2102-Universidad Nacional Abierta y a Distancia - UNAD,2776-INGENIERIA DE SISTEMAS,Masculino,2010-1,2021,Dependiente,Información y comunicaciones,"Entre 3 y 3,5 SMMLV","Entre 2,5 y 4 SMMLV",1
2102-Universidad Nacional Abierta y a Distancia - UNAD,2776-INGENIERIA DE SISTEMAS,Masculino,2010-1,2021,Dependiente,Información y comunicaciones,"Entre 3,5 y 4 SMMLV","Entre 2,5 y 4 SMMLV",1
2102-Universidad Nacional Abierta y a Distancia - UNAD,2776-INGENIERIA DE SISTEMAS,Masculino,2010-1,2021,Dependiente,Información y comunicaciones,Entre 5 y 6 SMMLV,Entre 4 y 6 SMMLV,1
2102-Universidad Nacional Abierta y a Distancia - UNAD,2776-INGENIERIA DE SISTEMAS,Masculino,2010-1,2021,Dependiente,Información y comunicaciones,Entre 7 y 8 SMMLV,Entre 6 y 9 SMMLV,3
2102-Universidad Nacional Abierta y a Distancia - UNAD,2776-INGENIERIA DE SISTEMAS,Masculino,2010-1,2021,Dependiente,Información y comunicaciones,Entre 9 y 11 SMMLV,Más de 9 SMMLV,1
2102-Universidad Nacional Abierta y a Distancia - UNAD,2776-INGENIERIA DE SISTEMAS,Masculino,2010-1,2021,Dependiente,Transporte y almacenamiento,"Entre 1 y 1,5 SMMLV","Entre 1 y 1,5 SMMLV",1
2102-Universidad Nacional Abierta y a Distancia - UNAD,2776-INGENIERIA DE SISTEMAS,Masculino,2010-1,2021,Dependiente,Transporte y almacenamiento,"Entre 2 y 2 ,5 SMMLV","Entre 1,5 y 2,5 SMMLV",1
2102-Universidad Nacional Abierta y a Distancia - UNAD,2776-INGENIERIA DE SISTEMAS,Masculino,2010-1,2021,Dependiente,Transporte y almacenamiento,Más de 15 SMMLV,Más de 9 SMMLV,1
2102-Universidad Nacional Abierta y a Distancia - UNAD,2776-INGENIERIA DE SISTEMAS,Masculino,2010-1,2022,Dependiente,Actividades de atención de la salud humana y de asistencia social,Entre 6 y 7 SMMLV,Entre 6 y 9 SMMLV,1
2102-Universidad Nacional Abierta y a Distancia - UNAD,2776-INGENIERIA DE SISTEMAS,Masculino,2010-1,2022,Dependiente,Actividades de servicios administrativos y de apoyo,"Entre 1,5 y 2 SMMLV","Entre 1,5 y 2,5 SMMLV",1
2102-Universidad Nacional Abierta y a Distancia - UNAD,2776-INGENIERIA DE SISTEMAS,Masculino,2010-1,2022,Dependiente,Actividades de servicios administrativos y de apoyo,Entre 5 y 6 SMMLV,Entre 4 y 6 SMMLV,1
2102-Universidad Nacional Abierta y a Distancia - UNAD,2776-INGENIERIA DE SISTEMAS,Masculino,2010-1,2022,Dependiente,Actividades financieras y de seguros,1 SMMLV,1 SMMLV,1
2102-Universidad Nacional Abierta y a Distancia - UNAD,2776-INGENIERIA DE SISTEMAS,Masculino,2010-1,2022,Dependiente,Actividades financieras y de seguros,"Entre 2 y 2 ,5 SMMLV","Entre 1,5 y 2,5 SMMLV",1
2102-Universidad Nacional Abierta y a Distancia - UNAD,2776-INGENIERIA DE SISTEMAS,Masculino,2010-1,2022,Dependiente,Actividades financieras y de seguros,"Entre 3 y 3,5 SMMLV","Entre 2,5 y 4 SMMLV",1
2102-Universidad Nacional Abierta y a Distancia - UNAD,2776-INGENIERIA DE SISTEMAS,Masculino,2010-1,2022,Dependiente,Actividades financieras y de seguros,"Entre 4,5 y 5 SMMLV",Entre 4 y 6 SMMLV,1
2102-Universidad Nacional Abierta y a Distancia - UNAD,2776-INGENIERIA DE SISTEMAS,Masculino,2010-1,2022,Dependiente,Actividades financieras y de seguros,Entre 5 y 6 SMMLV,Entre 4 y 6 SMMLV,1
2102-Universidad Nacional Abierta y a Distancia - UNAD,2776-INGENIERIA DE SISTEMAS,Masculino,2010-1,2022,Dependiente,Actividades financieras y de seguros,Entre 6 y 7 SMMLV,Entre 6 y 9 SMMLV,1
2102-Universidad Nacional Abierta y a Distancia - UNAD,2776-INGENIERIA DE SISTEMAS,Masculino,2010-1,2022,Dependiente,Actividades financieras y de seguros,Entre 7 y 8 SMMLV,Entre 6 y 9 SMMLV,1
2102-Universidad Nacional Abierta y a Distancia - UNAD,2776-INGENIERIA DE SISTEMAS,Masculino,2010-1,2022,Dependiente,"Actividades profesionales, científicas y técnicas","Entre 3 y 3,5 SMMLV","Entre 2,5 y 4 SMMLV",1
2102-Universidad Nacional Abierta y a Distancia - UNAD,2776-INGENIERIA DE SISTEMAS,Masculino,2010-1,2022,Dependiente,"Actividades profesionales, científicas y técnicas","Entre 4 y 4,5 SMMLV",Entre 4 y 6 SMMLV,2
2102-Universidad Nacional Abierta y a Distancia - UNAD,2776-INGENIERIA DE SISTEMAS,Masculino,2010-1,2022,Dependiente,"Actividades profesionales, científicas y técnicas","Entre 4,5 y 5 SMMLV",Entre 4 y 6 SMMLV,2
2102-Universidad Nacional Abierta y a Distancia - UNAD,2776-INGENIERIA DE SISTEMAS,Masculino,2010-1,2022,Dependiente,"Actividades profesionales, científicas y técnicas",Entre 6 y 7 SMMLV,Entre 6 y 9 SMMLV,1
2102-Universidad Nacional Abierta y a Distancia - UNAD,2776-INGENIERIA DE SISTEMAS,Masculino,2010-1,2022,Dependiente,"Actividades profesionales, científicas y técnicas",Entre 9 y 11 SMMLV,Más de 9 SMMLV,1
2102-Universidad Nacional Abierta y a Distancia - UNAD,2776-INGENIERIA DE SISTEMAS,Masculino,2010-1,2022,Dependiente,Administración pública y defensa; planes de seguridad social de afiliación obligatoria,"Entre 1,5 y 2 SMMLV","Entre 1,5 y 2,5 SMMLV",1
2102-Universidad Nacional Abierta y a Distancia - UNAD,2776-INGENIERIA DE SISTEMAS,Masculino,2010-1,2022,Dependiente,Administración pública y defensa; planes de seguridad social de afiliación obligatoria,"Entre 2 y 2 ,5 SMMLV","Entre 1,5 y 2,5 SMMLV",1
2102-Universidad Nacional Abierta y a Distancia - UNAD,2776-INGENIERIA DE SISTEMAS,Masculino,2010-1,2022,Dependiente,Administración pública y defensa; planes de seguridad social de afiliación obligatoria,"Entre 2,5 y 3 SMMLV","Entre 2,5 y 4 SMMLV",2
2102-Universidad Nacional Abierta y a Distancia - UNAD,2776-INGENIERIA DE SISTEMAS,Masculino,2010-1,2022,Dependiente,Administración pública y defensa; planes de seguridad social de afiliación obligatoria,"Entre 3,5 y 4 SMMLV","Entre 2,5 y 4 SMMLV",1
2102-Universidad Nacional Abierta y a Distancia - UNAD,2776-INGENIERIA DE SISTEMAS,Masculino,2010-1,2022,Dependiente,Administración pública y defensa; planes de seguridad social de afiliación obligatoria,"Entre 4 y 4,5 SMMLV",Entre 4 y 6 SMMLV,1
2102-Universidad Nacional Abierta y a Distancia - UNAD,2776-INGENIERIA DE SISTEMAS,Masculino,2010-1,2022,Dependiente,Administración pública y defensa; planes de seguridad social de afiliación obligatoria,"Entre 4,5 y 5 SMMLV",Entre 4 y 6 SMMLV,1
2102-Universidad Nacional Abierta y a Distancia - UNAD,2776-INGENIERIA DE SISTEMAS,Masculino,2010-1,2022,Dependiente,Administración pública y defensa; planes de seguridad social de afiliación obligatoria,Entre 5 y 6 SMMLV,Entre 4 y 6 SMMLV,1
2102-Universidad Nacional Abierta y a Distancia - UNAD,2776-INGENIERIA DE SISTEMAS,Masculino,2010-1,2022,Dependiente,Comercio al por mayor y al por menor; reparación de vehículos automotores y motocicletas,"Entre 1 y 1,5 SMMLV","Entre 1 y 1,5 SMMLV",2
2102-Universidad Nacional Abierta y a Distancia - UNAD,2776-INGENIERIA DE SISTEMAS,Masculino,2010-1,2022,Dependiente,Comercio al por mayor y al por menor; reparación de vehículos automotores y motocicletas,Entre 5 y 6 SMMLV,Entre 4 y 6 SMMLV,1
2102-Universidad Nacional Abierta y a Distancia - UNAD,2776-INGENIERIA DE SISTEMAS,Masculino,2010-1,2022,Dependiente,Construccion,"Entre 4 y 4,5 SMMLV",Entre 4 y 6 SMMLV,1
2102-Universidad Nacional Abierta y a Distancia - UNAD,2776-INGENIERIA DE SISTEMAS,Masculino,2010-1,2022,Dependiente,"Distribución de agua; evacuación y tratamiento de aguas residuales, gestión de desechos y actividades de saneamiento ambiental",Entre 5 y 6 SMMLV,Entre 4 y 6 SMMLV,1
2102-Universidad Nacional Abierta y a Distancia - UNAD,2776-INGENIERIA DE SISTEMAS,Masculino,2010-1,2022,Dependiente,Educación,"Entre 1,5 y 2 SMMLV","Entre 1,5 y 2,5 SMMLV",1
2102-Universidad Nacional Abierta y a Distancia - UNAD,2776-INGENIERIA DE SISTEMAS,Masculino,2010-1,2022,Dependiente,Explotación de minas y canteras,"Entre 3 y 3,5 SMMLV","Entre 2,5 y 4 SMMLV",1
2102-Universidad Nacional Abierta y a Distancia - UNAD,2776-INGENIERIA DE SISTEMAS,Masculino,2010-1,2022,Dependiente,Industrias manufactureras,"Entre 1,5 y 2 SMMLV","Entre 1,5 y 2,5 SMMLV",1
2102-Universidad Nacional Abierta y a Distancia - UNAD,2776-INGENIERIA DE SISTEMAS,Masculino,2010-1,2022,Dependiente,Industrias manufactureras,Entre 9 y 11 SMMLV,Más de 9 SMMLV,1
2102-Universidad Nacional Abierta y a Distancia - UNAD,2776-INGENIERIA DE SISTEMAS,Masculino,2010-1,2022,Dependiente,Información y comunicaciones,"Entre 1 y 1,5 SMMLV","Entre 1 y 1,5 SMMLV",1
2102-Universidad Nacional Abierta y a Distancia - UNAD,2776-INGENIERIA DE SISTEMAS,Masculino,2010-1,2022,Dependiente,Información y comunicaciones,"Entre 1,5 y 2 SMMLV","Entre 1,5 y 2,5 SMMLV",1
2102-Universidad Nacional Abierta y a Distancia - UNAD,2776-INGENIERIA DE SISTEMAS,Masculino,2010-1,2022,Dependiente,Información y comunicaciones,"Entre 3 y 3,5 SMMLV","Entre 2,5 y 4 SMMLV",1
2102-Universidad Nacional Abierta y a Distancia - UNAD,2776-INGENIERIA DE SISTEMAS,Masculino,2010-1,2022,Dependiente,Información y comunicaciones,Entre 5 y 6 SMMLV,Entre 4 y 6 SMMLV,1
2102-Universidad Nacional Abierta y a Distancia - UNAD,2776-INGENIERIA DE SISTEMAS,Masculino,2010-1,2022,Dependiente,Información y comunicaciones,Entre 7 y 8 SMMLV,Entre 6 y 9 SMMLV,2
2102-Universidad Nacional Abierta y a Distancia - UNAD,2776-INGENIERIA DE SISTEMAS,Masculino,2010-1,2022,Dependiente,Información y comunicaciones,Entre 9 y 11 SMMLV,Más de 9 SMMLV,2
2102-Universidad Nacional Abierta y a Distancia - UNAD,2776-INGENIERIA DE SISTEMAS,Masculino,2010-1,2022,Dependiente,Transporte y almacenamiento,"Entre 2 y 2 ,5 SMMLV","Entre 1,5 y 2,5 SMMLV",1
2102-Universidad Nacional Abierta y a Distancia - UNAD,2776-INGENIERIA DE SISTEMAS,Masculino,2010-1,2022,Dependiente,Transporte y almacenamiento,Más de 15 SMMLV,Más de 9 SMMLV,1
2102-Universidad Nacional Abierta y a Distancia - UNAD,2776-INGENIERIA DE SISTEMAS,Masculino,2010-1,2023,Dependiente,Actividades de atención de la salud humana y de asistencia social,Entre 6 y 7 SMMLV,Entre 6 y 9 SMMLV,1
2102-Universidad Nacional Abierta y a Distancia - UNAD,2776-INGENIERIA DE SISTEMAS,Masculino,2010-1,2023,Dependiente,Actividades de servicios administrativos y de apoyo,Entre 5 y 6 SMMLV,Entre 4 y 6 SMMLV,1
2102-Universidad Nacional Abierta y a Distancia - UNAD,2776-INGENIERIA DE SISTEMAS,Masculino,2010-1,2023,Dependiente,Actividades financieras y de seguros,"Entre 2,5 y 3 SMMLV","Entre 2,5 y 4 SMMLV",1
2102-Universidad Nacional Abierta y a Distancia - UNAD,2776-INGENIERIA DE SISTEMAS,Masculino,2010-1,2023,Dependiente,Actividades financieras y de seguros,"Entre 3 y 3,5 SMMLV","Entre 2,5 y 4 SMMLV",1
2102-Universidad Nacional Abierta y a Distancia - UNAD,2776-INGENIERIA DE SISTEMAS,Masculino,2010-1,2023,Dependiente,Actividades financieras y de seguros,"Entre 3,5 y 4 SMMLV","Entre 2,5 y 4 SMMLV",1
2102-Universidad Nacional Abierta y a Distancia - UNAD,2776-INGENIERIA DE SISTEMAS,Masculino,2010-1,2023,Dependiente,Actividades financieras y de seguros,"Entre 4 y 4,5 SMMLV",Entre 4 y 6 SMMLV,1
2102-Universidad Nacional Abierta y a Distancia - UNAD,2776-INGENIERIA DE SISTEMAS,Masculino,2010-1,2023,Dependiente,Actividades financieras y de seguros,"Entre 4,5 y 5 SMMLV",Entre 4 y 6 SMMLV,2
2102-Universidad Nacional Abierta y a Distancia - UNAD,2776-INGENIERIA DE SISTEMAS,Masculino,2010-1,2023,Dependiente,"Actividades profesionales, científicas y técnicas","Entre 2,5 y 3 SMMLV","Entre 2,5 y 4 SMMLV",2
2102-Universidad Nacional Abierta y a Distancia - UNAD,2776-INGENIERIA DE SISTEMAS,Masculino,2010-1,2023,Dependiente,"Actividades profesionales, científicas y técnicas","Entre 3,5 y 4 SMMLV","Entre 2,5 y 4 SMMLV",1
2102-Universidad Nacional Abierta y a Distancia - UNAD,2776-INGENIERIA DE SISTEMAS,Masculino,2010-1,2023,Dependiente,"Actividades profesionales, científicas y técnicas",Entre 5 y 6 SMMLV,Entre 4 y 6 SMMLV,2
2102-Universidad Nacional Abierta y a Distancia - UNAD,2776-INGENIERIA DE SISTEMAS,Masculino,2010-1,2023,Dependiente,"Actividades profesionales, científicas y técnicas",Entre 9 y 11 SMMLV,Más de 9 SMMLV,1
2102-Universidad Nacional Abierta y a Distancia - UNAD,2776-INGENIERIA DE SISTEMAS,Masculino,2010-1,2023,Dependiente,Administración pública y defensa; planes de seguridad social de afiliación obligatoria,"Entre 1,5 y 2 SMMLV","Entre 1,5 y 2,5 SMMLV",1
2102-Universidad Nacional Abierta y a Distancia - UNAD,2776-INGENIERIA DE SISTEMAS,Masculino,2010-1,2023,Dependiente,Administración pública y defensa; planes de seguridad social de afiliación obligatoria,"Entre 2 y 2 ,5 SMMLV","Entre 1,5 y 2,5 SMMLV",1
2102-Universidad Nacional Abierta y a Distancia - UNAD,2776-INGENIERIA DE SISTEMAS,Masculino,2010-1,2023,Dependiente,Administración pública y defensa; planes de seguridad social de afiliación obligatoria,"Entre 3 y 3,5 SMMLV","Entre 2,5 y 4 SMMLV",1
2102-Universidad Nacional Abierta y a Distancia - UNAD,2776-INGENIERIA DE SISTEMAS,Masculino,2010-1,2023,Dependiente,Administración pública y defensa; planes de seguridad social de afiliación obligatoria,"Entre 3,5 y 4 SMMLV","Entre 2,5 y 4 SMMLV",2
2102-Universidad Nacional Abierta y a Distancia - UNAD,2776-INGENIERIA DE SISTEMAS,Masculino,2010-1,2023,Dependiente,Administración pública y defensa; planes de seguridad social de afiliación obligatoria,"Entre 4 y 4,5 SMMLV",Entre 4 y 6 SMMLV,1
2102-Universidad Nacional Abierta y a Distancia - UNAD,2776-INGENIERIA DE SISTEMAS,Masculino,2010-1,2023,Dependiente,Administración pública y defensa; planes de seguridad social de afiliación obligatoria,"Entre 4,5 y 5 SMMLV",Entre 4 y 6 SMMLV,1
2102-Universidad Nacional Abierta y a Distancia - UNAD,2776-INGENIERIA DE SISTEMAS,Masculino,2010-1,2023,Dependiente,Administración pública y defensa; planes de seguridad social de afiliación obligatoria,Entre 6 y 7 SMMLV,Entre 6 y 9 SMMLV,1
2102-Universidad Nacional Abierta y a Distancia - UNAD,2776-INGENIERIA DE SISTEMAS,Masculino,2010-1,2023,Dependiente,Administración pública y defensa; planes de seguridad social de afiliación obligatoria,Entre 7 y 8 SMMLV,Entre 6 y 9 SMMLV,1
2102-Universidad Nacional Abierta y a Distancia - UNAD,2776-INGENIERIA DE SISTEMAS,Masculino,2010-1,2023,Dependiente,Comercio al por mayor y al por menor; reparación de vehículos automotores y motocicletas,"Entre 1 y 1,5 SMMLV","Entre 1 y 1,5 SMMLV",1
2102-Universidad Nacional Abierta y a Distancia - UNAD,2776-INGENIERIA DE SISTEMAS,Masculino,2010-1,2023,Dependiente,Comercio al por mayor y al por menor; reparación de vehículos automotores y motocicletas,"Entre 3,5 y 4 SMMLV","Entre 2,5 y 4 SMMLV",1
2102-Universidad Nacional Abierta y a Distancia - UNAD,2776-INGENIERIA DE SISTEMAS,Masculino,2010-1,2023,Dependiente,Comercio al por mayor y al por menor; reparación de vehículos automotores y motocicletas,Entre 5 y 6 SMMLV,Entre 4 y 6 SMMLV,1
2102-Universidad Nacional Abierta y a Distancia - UNAD,2776-INGENIERIA DE SISTEMAS,Masculino,2010-1,2023,Dependiente,Construccion,1 SMMLV,1 SMMLV,1
2102-Universidad Nacional Abierta y a Distancia - UNAD,2776-INGENIERIA DE SISTEMAS,Masculino,2010-1,2023,Dependiente,Construccion,"Entre 1 y 1,5 SMMLV","Entre 1 y 1,5 SMMLV",1
2102-Universidad Nacional Abierta y a Distancia - UNAD,2776-INGENIERIA DE SISTEMAS,Masculino,2010-1,2023,Dependiente,Construccion,Entre 6 y 7 SMMLV,Entre 6 y 9 SMMLV,1
2102-Universidad Nacional Abierta y a Distancia - UNAD,2776-INGENIERIA DE SISTEMAS,Masculino,2010-1,2023,Dependiente,"Distribución de agua; evacuación y tratamiento de aguas residuales, gestión de desechos y actividades de saneamiento ambiental",Entre 5 y 6 SMMLV,Entre 4 y 6 SMMLV,1
2102-Universidad Nacional Abierta y a Distancia - UNAD,2776-INGENIERIA DE SISTEMAS,Masculino,2010-1,2023,Dependiente,Educación,"Entre 3 y 3,5 SMMLV","Entre 2,5 y 4 SMMLV",1
2102-Universidad Nacional Abierta y a Distancia - UNAD,2776-INGENIERIA DE SISTEMAS,Masculino,2010-1,2023,Dependiente,Explotación de minas y canteras,"Entre 2,5 y 3 SMMLV","Entre 2,5 y 4 SMMLV",1
2102-Universidad Nacional Abierta y a Distancia - UNAD,2776-INGENIERIA DE SISTEMAS,Masculino,2010-1,2023,Dependiente,Industrias manufactureras,Entre 9 y 11 SMMLV,Más de 9 SMMLV,1
2102-Universidad Nacional Abierta y a Distancia - UNAD,2776-INGENIERIA DE SISTEMAS,Masculino,2010-1,2023,Dependiente,Información y comunicaciones,"Entre 1 y 1,5 SMMLV","Entre 1 y 1,5 SMMLV",1
2102-Universidad Nacional Abierta y a Distancia - UNAD,2776-INGENIERIA DE SISTEMAS,Masculino,2010-1,2023,Dependiente,Información y comunicaciones,"Entre 1,5 y 2 SMMLV","Entre 1,5 y 2,5 SMMLV",1
2102-Universidad Nacional Abierta y a Distancia - UNAD,2776-INGENIERIA DE SISTEMAS,Masculino,2010-1,2023,Dependiente,Información y comunicaciones,"Entre 4 y 4,5 SMMLV",Entre 4 y 6 SMMLV,2
2102-Universidad Nacional Abierta y a Distancia - UNAD,2776-INGENIERIA DE SISTEMAS,Masculino,2010-1,2023,Dependiente,Información y comunicaciones,Entre 7 y 8 SMMLV,Entre 6 y 9 SMMLV,1
2102-Universidad Nacional Abierta y a Distancia - UNAD,2776-INGENIERIA DE SISTEMAS,Masculino,2010-1,2023,Dependiente,Información y comunicaciones,Entre 9 y 11 SMMLV,Más de 9 SMMLV,1
2102-Universidad Nacional Abierta y a Distancia - UNAD,2776-INGENIERIA DE SISTEMAS,Masculino,2010-1,2023,Dependiente,Información y comunicaciones,Más de 15 SMMLV,Más de 9 SMMLV,1
2102-Universidad Nacional Abierta y a Distancia - UNAD,2776-INGENIERIA DE SISTEMAS,Masculino,2010-1,2023,Dependiente,Otras actividades de servicios,Entre 6 y 7 SMMLV,Entre 6 y 9 SMMLV,1
2102-Universidad Nacional Abierta y a Distancia - UNAD,2776-INGENIERIA DE SISTEMAS,Masculino,2010-1,2023,Dependiente,Transporte y almacenamiento,Más de 15 SMMLV,Más de 9 SMMLV,1
2102-Universidad Nacional Abierta y a Distancia - UNAD,1681-TECNOLOGIA EN GESTION COMERCIAL Y DE NEGOCIOS,Femenino,2010-1,2016,Dependiente,Actividades financieras y de seguros,"Entre 1,5 y 2 SMMLV","Entre 1,5 y 2,5 SMMLV",1
2102-Universidad Nacional Abierta y a Distancia - UNAD,1681-TECNOLOGIA EN GESTION COMERCIAL Y DE NEGOCIOS,Femenino,2010-1,2016,Dependiente,Actividades financieras y de seguros,"Entre 2,5 y 3 SMMLV","Entre 2,5 y 4 SMMLV",1
2102-Universidad Nacional Abierta y a Distancia - UNAD,1681-TECNOLOGIA EN GESTION COMERCIAL Y DE NEGOCIOS,Femenino,2010-1,2016,Dependiente,"Actividades profesionales, científicas y técnicas","Entre 2,5 y 3 SMMLV","Entre 2,5 y 4 SMMLV",1
2102-Universidad Nacional Abierta y a Distancia - UNAD,1681-TECNOLOGIA EN GESTION COMERCIAL Y DE NEGOCIOS,Femenino,2010-1,2016,Dependiente,"Actividades profesionales, científicas y técnicas","Entre 3,5 y 4 SMMLV","Entre 2,5 y 4 SMMLV",1
2102-Universidad Nacional Abierta y a Distancia - UNAD,1681-TECNOLOGIA EN GESTION COMERCIAL Y DE NEGOCIOS,Femenino,2010-1,2016,Dependiente,"Actividades profesionales, científicas y técnicas",Entre 9 y 11 SMMLV,Más de 9 SMMLV,1
2102-Universidad Nacional Abierta y a Distancia - UNAD,1681-TECNOLOGIA EN GESTION COMERCIAL Y DE NEGOCIOS,Femenino,2010-1,2016,Dependiente,Administración pública y defensa; planes de seguridad social de afiliación obligatoria,"Entre 2,5 y 3 SMMLV","Entre 2,5 y 4 SMMLV",1
2102-Universidad Nacional Abierta y a Distancia - UNAD,1681-TECNOLOGIA EN GESTION COMERCIAL Y DE NEGOCIOS,Femenino,2010-1,2016,Dependiente,Administración pública y defensa; planes de seguridad social de afiliación obligatoria,Entre 6 y 7 SMMLV,Entre 6 y 9 SMMLV,1
2102-Universidad Nacional Abierta y a Distancia - UNAD,1681-TECNOLOGIA EN GESTION COMERCIAL Y DE NEGOCIOS,Femenino,2010-1,2016,Dependiente,Comercio al por mayor y al por menor; reparación de vehículos automotores y motocicletas,"Entre 1 y 1,5 SMMLV","Entre 1 y 1,5 SMMLV",1
2102-Universidad Nacional Abierta y a Distancia - UNAD,1681-TECNOLOGIA EN GESTION COMERCIAL Y DE NEGOCIOS,Femenino,2010-1,2017,Dependiente,Actividades financieras y de seguros,"Entre 2 y 2 ,5 SMMLV","Entre 1,5 y 2,5 SMMLV",1
2102-Universidad Nacional Abierta y a Distancia - UNAD,1681-TECNOLOGIA EN GESTION COMERCIAL Y DE NEGOCIOS,Femenino,2010-1,2017,Dependiente,"Actividades profesionales, científicas y técnicas","Entre 1,5 y 2 SMMLV","Entre 1,5 y 2,5 SMMLV",1
2102-Universidad Nacional Abierta y a Distancia - UNAD,1681-TECNOLOGIA EN GESTION COMERCIAL Y DE NEGOCIOS,Femenino,2010-1,2017,Dependiente,"Actividades profesionales, científicas y técnicas","Entre 3,5 y 4 SMMLV","Entre 2,5 y 4 SMMLV",1
2102-Universidad Nacional Abierta y a Distancia - UNAD,1681-TECNOLOGIA EN GESTION COMERCIAL Y DE NEGOCIOS,Femenino,2010-1,2017,Dependiente,"Actividades profesionales, científicas y técnicas","Entre 4 y 4,5 SMMLV",Entre 4 y 6 SMMLV,1
2102-Universidad Nacional Abierta y a Distancia - UNAD,1681-TECNOLOGIA EN GESTION COMERCIAL Y DE NEGOCIOS,Femenino,2010-1,2017,Dependiente,Administración pública y defensa; planes de seguridad social de afiliación obligatoria,"Entre 1 y 1,5 SMMLV","Entre 1 y 1,5 SMMLV",1
2102-Universidad Nacional Abierta y a Distancia - UNAD,1681-TECNOLOGIA EN GESTION COMERCIAL Y DE NEGOCIOS,Femenino,2010-1,2017,Dependiente,Administración pública y defensa; planes de seguridad social de afiliación obligatoria,Entre 6 y 7 SMMLV,Entre 6 y 9 SMMLV,1
2102-Universidad Nacional Abierta y a Distancia - UNAD,1681-TECNOLOGIA EN GESTION COMERCIAL Y DE NEGOCIOS,Femenino,2010-1,2017,Dependiente,Comercio al por mayor y al por menor; reparación de vehículos automotores y motocicletas,"Entre 4 y 4,5 SMMLV",Entre 4 y 6 SMMLV,1
2102-Universidad Nacional Abierta y a Distancia - UNAD,1681-TECNOLOGIA EN GESTION COMERCIAL Y DE NEGOCIOS,Femenino,2010-1,2017,Dependiente,Sin información,"Entre 1,5 y 2 SMMLV","Entre 1,5 y 2,5 SMMLV",1
2102-Universidad Nacional Abierta y a Distancia - UNAD,1681-TECNOLOGIA EN GESTION COMERCIAL Y DE NEGOCIOS,Femenino,2010-1,2018,Dependiente,"Actividades profesionales, científicas y técnicas","Entre 3,5 y 4 SMMLV","Entre 2,5 y 4 SMMLV",1
2102-Universidad Nacional Abierta y a Distancia - UNAD,1681-TECNOLOGIA EN GESTION COMERCIAL Y DE NEGOCIOS,Femenino,2010-1,2018,Dependiente,"Actividades profesionales, científicas y técnicas","Entre 4,5 y 5 SMMLV",Entre 4 y 6 SMMLV,1
2102-Universidad Nacional Abierta y a Distancia - UNAD,1681-TECNOLOGIA EN GESTION COMERCIAL Y DE NEGOCIOS,Femenino,2010-1,2018,Dependiente,Administración pública y defensa; planes de seguridad social de afiliación obligatoria,"Entre 1,5 y 2 SMMLV","Entre 1,5 y 2,5 SMMLV",1
2102-Universidad Nacional Abierta y a Distancia - UNAD,1681-TECNOLOGIA EN GESTION COMERCIAL Y DE NEGOCIOS,Femenino,2010-1,2018,Dependiente,Administración pública y defensa; planes de seguridad social de afiliación obligatoria,Entre 6 y 7 SMMLV,Entre 6 y 9 SMMLV,1
2102-Universidad Nacional Abierta y a Distancia - UNAD,1681-TECNOLOGIA EN GESTION COMERCIAL Y DE NEGOCIOS,Femenino,2010-1,2018,Dependiente,Comercio al por mayor y al por menor; reparación de vehículos automotores y motocicletas,"Entre 3 y 3,5 SMMLV","Entre 2,5 y 4 SMMLV",1
2102-Universidad Nacional Abierta y a Distancia - UNAD,1681-TECNOLOGIA EN GESTION COMERCIAL Y DE NEGOCIOS,Femenino,2010-1,2018,Dependiente,Sin información,"Entre 1,5 y 2 SMMLV","Entre 1,5 y 2,5 SMMLV",1
2102-Universidad Nacional Abierta y a Distancia - UNAD,1681-TECNOLOGIA EN GESTION COMERCIAL Y DE NEGOCIOS,Femenino,2010-1,2019,Dependiente,"Actividades profesionales, científicas y técnicas","Entre 1,5 y 2 SMMLV","Entre 1,5 y 2,5 SMMLV",1
2102-Universidad Nacional Abierta y a Distancia - UNAD,1681-TECNOLOGIA EN GESTION COMERCIAL Y DE NEGOCIOS,Femenino,2010-1,2019,Dependiente,"Actividades profesionales, científicas y técnicas","Entre 4,5 y 5 SMMLV",Entre 4 y 6 SMMLV,1
2102-Universidad Nacional Abierta y a Distancia - UNAD,1681-TECNOLOGIA EN GESTION COMERCIAL Y DE NEGOCIOS,Femenino,2010-1,2019,Dependiente,"Actividades profesionales, científicas y técnicas",Entre 9 y 11 SMMLV,Más de 9 SMMLV,1
2102-Universidad Nacional Abierta y a Distancia - UNAD,1681-TECNOLOGIA EN GESTION COMERCIAL Y DE NEGOCIOS,Femenino,2010-1,2019,Dependiente,Administración pública y defensa; planes de seguridad social de afiliación obligatoria,"Entre 1,5 y 2 SMMLV","Entre 1,5 y 2,5 SMMLV",1
2102-Universidad Nacional Abierta y a Distancia - UNAD,1681-TECNOLOGIA EN GESTION COMERCIAL Y DE NEGOCIOS,Femenino,2010-1,2019,Dependiente,Administración pública y defensa; planes de seguridad social de afiliación obligatoria,Entre 6 y 7 SMMLV,Entre 6 y 9 SMMLV,1
2102-Universidad Nacional Abierta y a Distancia - UNAD,1681-TECNOLOGIA EN GESTION COMERCIAL Y DE NEGOCIOS,Femenino,2010-1,2019,Dependiente,Información y comunicaciones,"Entre 4,5 y 5 SMMLV",Entre 4 y 6 SMMLV,1
2102-Universidad Nacional Abierta y a Distancia - UNAD,1681-TECNOLOGIA EN GESTION COMERCIAL Y DE NEGOCIOS,Femenino,2010-1,2020,Dependiente,"Actividades profesionales, científicas y técnicas","Entre 2 y 2 ,5 SMMLV","Entre 1,5 y 2,5 SMMLV",1
2102-Universidad Nacional Abierta y a Distancia - UNAD,1681-TECNOLOGIA EN GESTION COMERCIAL Y DE NEGOCIOS,Femenino,2010-1,2020,Dependiente,"Actividades profesionales, científicas y técnicas",Entre 5 y 6 SMMLV,Entre 4 y 6 SMMLV,1
2102-Universidad Nacional Abierta y a Distancia - UNAD,1681-TECNOLOGIA EN GESTION COMERCIAL Y DE NEGOCIOS,Femenino,2010-1,2020,Dependiente,"Actividades profesionales, científicas y técnicas",Más de 15 SMMLV,Más de 9 SMMLV,1
2102-Universidad Nacional Abierta y a Distancia - UNAD,1681-TECNOLOGIA EN GESTION COMERCIAL Y DE NEGOCIOS,Femenino,2010-1,2020,Dependiente,Administración pública y defensa; planes de seguridad social de afiliación obligatoria,"Entre 1,5 y 2 SMMLV","Entre 1,5 y 2,5 SMMLV",1
2102-Universidad Nacional Abierta y a Distancia - UNAD,1681-TECNOLOGIA EN GESTION COMERCIAL Y DE NEGOCIOS,Femenino,2010-1,2020,Dependiente,Administración pública y defensa; planes de seguridad social de afiliación obligatoria,Entre 5 y 6 SMMLV,Entre 4 y 6 SMMLV,1
2102-Universidad Nacional Abierta y a Distancia - UNAD,1681-TECNOLOGIA EN GESTION COMERCIAL Y DE NEGOCIOS,Femenino,2010-1,2020,Dependiente,Información y comunicaciones,Entre 11 y 13 SMMLV,Más de 9 SMMLV,1
2102-Universidad Nacional Abierta y a Distancia - UNAD,1681-TECNOLOGIA EN GESTION COMERCIAL Y DE NEGOCIOS,Femenino,2010-1,2021,Dependiente,"Actividades profesionales, científicas y técnicas","Entre 1,5 y 2 SMMLV","Entre 1,5 y 2,5 SMMLV",1
2102-Universidad Nacional Abierta y a Distancia - UNAD,1681-TECNOLOGIA EN GESTION COMERCIAL Y DE NEGOCIOS,Femenino,2010-1,2021,Dependiente,"Actividades profesionales, científicas y técnicas",Entre 5 y 6 SMMLV,Entre 4 y 6 SMMLV,1
2102-Universidad Nacional Abierta y a Distancia - UNAD,1681-TECNOLOGIA EN GESTION COMERCIAL Y DE NEGOCIOS,Femenino,2010-1,2021,Dependiente,Administración pública y defensa; planes de seguridad social de afiliación obligatoria,"Entre 1 y 1,5 SMMLV","Entre 1 y 1,5 SMMLV",1
2102-Universidad Nacional Abierta y a Distancia - UNAD,1681-TECNOLOGIA EN GESTION COMERCIAL Y DE NEGOCIOS,Femenino,2010-1,2021,Dependiente,Administración pública y defensa; planes de seguridad social de afiliación obligatoria,Entre 5 y 6 SMMLV,Entre 4 y 6 SMMLV,1
2102-Universidad Nacional Abierta y a Distancia - UNAD,1681-TECNOLOGIA EN GESTION COMERCIAL Y DE NEGOCIOS,Femenino,2010-1,2021,Dependiente,Industrias manufactureras,1 SMMLV,1 SMMLV,1
2102-Universidad Nacional Abierta y a Distancia - UNAD,1681-TECNOLOGIA EN GESTION COMERCIAL Y DE NEGOCIOS,Femenino,2010-1,2021,Dependiente,Información y comunicaciones,"Entre 4 y 4,5 SMMLV",Entre 4 y 6 SMMLV,1
2102-Universidad Nacional Abierta y a Distancia - UNAD,1681-TECNOLOGIA EN GESTION COMERCIAL Y DE NEGOCIOS,Femenino,2010-1,2022,Dependiente,Actividades financieras y de seguros,"Entre 1,5 y 2 SMMLV","Entre 1,5 y 2,5 SMMLV",1
2102-Universidad Nacional Abierta y a Distancia - UNAD,1681-TECNOLOGIA EN GESTION COMERCIAL Y DE NEGOCIOS,Femenino,2010-1,2022,Dependiente,"Actividades profesionales, científicas y técnicas","Entre 4 y 4,5 SMMLV",Entre 4 y 6 SMMLV,1
2102-Universidad Nacional Abierta y a Distancia - UNAD,1681-TECNOLOGIA EN GESTION COMERCIAL Y DE NEGOCIOS,Femenino,2010-1,2022,Dependiente,Administración pública y defensa; planes de seguridad social de afiliación obligatoria,"Entre 1,5 y 2 SMMLV","Entre 1,5 y 2,5 SMMLV",1
2102-Universidad Nacional Abierta y a Distancia - UNAD,1681-TECNOLOGIA EN GESTION COMERCIAL Y DE NEGOCIOS,Femenino,2010-1,2022,Dependiente,Administración pública y defensa; planes de seguridad social de afiliación obligatoria,Entre 5 y 6 SMMLV,Entre 4 y 6 SMMLV,1
2102-Universidad Nacional Abierta y a Distancia - UNAD,1681-TECNOLOGIA EN GESTION COMERCIAL Y DE NEGOCIOS,Femenino,2010-1,2022,Dependiente,Comercio al por mayor y al por menor; reparación de vehículos automotores y motocicletas,"Entre 1,5 y 2 SMMLV","Entre 1,5 y 2,5 SMMLV",1
2102-Universidad Nacional Abierta y a Distancia - UNAD,1681-TECNOLOGIA EN GESTION COMERCIAL Y DE NEGOCIOS,Femenino,2010-1,2022,Dependiente,Información y comunicaciones,"Entre 4,5 y 5 SMMLV",Entre 4 y 6 SMMLV,1
2102-Universidad Nacional Abierta y a Distancia - UNAD,1681-TECNOLOGIA EN GESTION COMERCIAL Y DE NEGOCIOS,Femenino,2010-1,2023,Dependiente,Actividades financieras y de seguros,"Entre 1,5 y 2 SMMLV","Entre 1,5 y 2,5 SMMLV",1
2102-Universidad Nacional Abierta y a Distancia - UNAD,1681-TECNOLOGIA EN GESTION COMERCIAL Y DE NEGOCIOS,Femenino,2010-1,2023,Dependiente,"Actividades profesionales, científicas y técnicas","Entre 4,5 y 5 SMMLV",Entre 4 y 6 SMMLV,1
2102-Universidad Nacional Abierta y a Distancia - UNAD,1681-TECNOLOGIA EN GESTION COMERCIAL Y DE NEGOCIOS,Femenino,2010-1,2023,Dependiente,Administración pública y defensa; planes de seguridad social de afiliación obligatoria,"Entre 1,5 y 2 SMMLV","Entre 1,5 y 2,5 SMMLV",1
2102-Universidad Nacional Abierta y a Distancia - UNAD,1681-TECNOLOGIA EN GESTION COMERCIAL Y DE NEGOCIOS,Femenino,2010-1,2023,Dependiente,Administración pública y defensa; planes de seguridad social de afiliación obligatoria,Entre 5 y 6 SMMLV,Entre 4 y 6 SMMLV,1
2102-Universidad Nacional Abierta y a Distancia - UNAD,1681-TECNOLOGIA EN GESTION COMERCIAL Y DE NEGOCIOS,Femenino,2010-1,2023,Dependiente,Información y comunicaciones,Entre 5 y 6 SMMLV,Entre 4 y 6 SMMLV,1
2102-Universidad Nacional Abierta y a Distancia - UNAD,1681-TECNOLOGIA EN GESTION COMERCIAL Y DE NEGOCIOS,Masculino,2010-1,2016,Dependiente,"Actividades profesionales, científicas y técnicas","Entre 2 y 2 ,5 SMMLV","Entre 1,5 y 2,5 SMMLV",1
2102-Universidad Nacional Abierta y a Distancia - UNAD,1681-TECNOLOGIA EN GESTION COMERCIAL Y DE NEGOCIOS,Masculino,2010-1,2016,Dependiente,"Actividades profesionales, científicas y técnicas",Entre 5 y 6 SMMLV,Entre 4 y 6 SMMLV,1
2102-Universidad Nacional Abierta y a Distancia - UNAD,1681-TECNOLOGIA EN GESTION COMERCIAL Y DE NEGOCIOS,Masculino,2010-1,2016,Dependiente,Administración pública y defensa; planes de seguridad social de afiliación obligatoria,"Entre 4 y 4,5 SMMLV",Entre 4 y 6 SMMLV,1
2102-Universidad Nacional Abierta y a Distancia - UNAD,1681-TECNOLOGIA EN GESTION COMERCIAL Y DE NEGOCIOS,Masculino,2010-1,2016,Dependiente,Educación,"Entre 3 y 3,5 SMMLV","Entre 2,5 y 4 SMMLV",1
2102-Universidad Nacional Abierta y a Distancia - UNAD,1681-TECNOLOGIA EN GESTION COMERCIAL Y DE NEGOCIOS,Masculino,2010-1,2017,Dependiente,"Actividades profesionales, científicas y técnicas","Entre 1,5 y 2 SMMLV","Entre 1,5 y 2,5 SMMLV",1
2102-Universidad Nacional Abierta y a Distancia - UNAD,1681-TECNOLOGIA EN GESTION COMERCIAL Y DE NEGOCIOS,Masculino,2010-1,2017,Dependiente,"Actividades profesionales, científicas y técnicas","Entre 2,5 y 3 SMMLV","Entre 2,5 y 4 SMMLV",1
2102-Universidad Nacional Abierta y a Distancia - UNAD,1681-TECNOLOGIA EN GESTION COMERCIAL Y DE NEGOCIOS,Masculino,2010-1,2017,Dependiente,Administración pública y defensa; planes de seguridad social de afiliación obligatoria,"Entre 4 y 4,5 SMMLV",Entre 4 y 6 SMMLV,1
2102-Universidad Nacional Abierta y a Distancia - UNAD,1681-TECNOLOGIA EN GESTION COMERCIAL Y DE NEGOCIOS,Masculino,2010-1,2017,Dependiente,"Suministro de electricidad, gas, vapor y aire acondicionado",Entre 5 y 6 SMMLV,Entre 4 y 6 SMMLV,1
2102-Universidad Nacional Abierta y a Distancia - UNAD,1681-TECNOLOGIA EN GESTION COMERCIAL Y DE NEGOCIOS,Masculino,2010-1,2018,Dependiente,"Actividades profesionales, científicas y técnicas","Entre 1,5 y 2 SMMLV","Entre 1,5 y 2,5 SMMLV",1
2102-Universidad Nacional Abierta y a Distancia - UNAD,1681-TECNOLOGIA EN GESTION COMERCIAL Y DE NEGOCIOS,Masculino,2010-1,2018,Dependiente,"Actividades profesionales, científicas y técnicas","Entre 2 y 2 ,5 SMMLV","Entre 1,5 y 2,5 SMMLV",1
2102-Universidad Nacional Abierta y a Distancia - UNAD,1681-TECNOLOGIA EN GESTION COMERCIAL Y DE NEGOCIOS,Masculino,2010-1,2018,Dependiente,Administración pública y defensa; planes de seguridad social de afiliación obligatoria,"Entre 4 y 4,5 SMMLV",Entre 4 y 6 SMMLV,1
2102-Universidad Nacional Abierta y a Distancia - UNAD,1681-TECNOLOGIA EN GESTION COMERCIAL Y DE NEGOCIOS,Masculino,2010-1,2018,Dependiente,Sin información,"Entre 1 y 1,5 SMMLV","Entre 1 y 1,5 SMMLV",1
2102-Universidad Nacional Abierta y a Distancia - UNAD,1681-TECNOLOGIA EN GESTION COMERCIAL Y DE NEGOCIOS,Masculino,2010-1,2018,Dependiente,"Suministro de electricidad, gas, vapor y aire acondicionado",Entre 5 y 6 SMMLV,Entre 4 y 6 SMMLV,1
2102-Universidad Nacional Abierta y a Distancia - UNAD,1681-TECNOLOGIA EN GESTION COMERCIAL Y DE NEGOCIOS,Masculino,2010-1,2019,Dependiente,"Actividades profesionales, científicas y técnicas","Entre 1 y 1,5 SMMLV","Entre 1 y 1,5 SMMLV",1
2102-Universidad Nacional Abierta y a Distancia - UNAD,1681-TECNOLOGIA EN GESTION COMERCIAL Y DE NEGOCIOS,Masculino,2010-1,2019,Dependiente,"Actividades profesionales, científicas y técnicas","Entre 2,5 y 3 SMMLV","Entre 2,5 y 4 SMMLV",1
2102-Universidad Nacional Abierta y a Distancia - UNAD,1681-TECNOLOGIA EN GESTION COMERCIAL Y DE NEGOCIOS,Masculino,2010-1,2019,Dependiente,Administración pública y defensa; planes de seguridad social de afiliación obligatoria,"Entre 4 y 4,5 SMMLV",Entre 4 y 6 SMMLV,1
2102-Universidad Nacional Abierta y a Distancia - UNAD,1681-TECNOLOGIA EN GESTION COMERCIAL Y DE NEGOCIOS,Masculino,2010-1,2019,Dependiente,"Suministro de electricidad, gas, vapor y aire acondicionado",Entre 5 y 6 SMMLV,Entre 4 y 6 SMMLV,1
2102-Universidad Nacional Abierta y a Distancia - UNAD,1681-TECNOLOGIA EN GESTION COMERCIAL Y DE NEGOCIOS,Masculino,2010-1,2020,Dependiente,"Actividades profesionales, científicas y técnicas",Entre 5 y 6 SMMLV,Entre 4 y 6 SMMLV,2
2102-Universidad Nacional Abierta y a Distancia - UNAD,1681-TECNOLOGIA EN GESTION COMERCIAL Y DE NEGOCIOS,Masculino,2010-1,2020,Dependiente,Administración pública y defensa; planes de seguridad social de afiliación obligatoria,"Entre 4 y 4,5 SMMLV",Entre 4 y 6 SMMLV,1
2102-Universidad Nacional Abierta y a Distancia - UNAD,1681-TECNOLOGIA EN GESTION COMERCIAL Y DE NEGOCIOS,Masculino,2010-1,2021,Dependiente,"Actividades profesionales, científicas y técnicas",Entre 6 y 7 SMMLV,Entre 6 y 9 SMMLV,1
2102-Universidad Nacional Abierta y a Distancia - UNAD,1681-TECNOLOGIA EN GESTION COMERCIAL Y DE NEGOCIOS,Masculino,2010-1,2021,Dependiente,Administración pública y defensa; planes de seguridad social de afiliación obligatoria,"Entre 4 y 4,5 SMMLV",Entre 4 y 6 SMMLV,1
2102-Universidad Nacional Abierta y a Distancia - UNAD,1681-TECNOLOGIA EN GESTION COMERCIAL Y DE NEGOCIOS,Masculino,2010-1,2021,Dependiente,"Suministro de electricidad, gas, vapor y aire acondicionado",Entre 5 y 6 SMMLV,Entre 4 y 6 SMMLV,1
2102-Universidad Nacional Abierta y a Distancia - UNAD,1681-TECNOLOGIA EN GESTION COMERCIAL Y DE NEGOCIOS,Masculino,2010-1,2022,Dependiente,"Actividades profesionales, científicas y técnicas",Entre 5 y 6 SMMLV,Entre 4 y 6 SMMLV,2
2102-Universidad Nacional Abierta y a Distancia - UNAD,1681-TECNOLOGIA EN GESTION COMERCIAL Y DE NEGOCIOS,Masculino,2010-1,2022,Dependiente,Administración pública y defensa; planes de seguridad social de afiliación obligatoria,"Entre 4 y 4,5 SMMLV",Entre 4 y 6 SMMLV,1
2102-Universidad Nacional Abierta y a Distancia - UNAD,1681-TECNOLOGIA EN GESTION COMERCIAL Y DE NEGOCIOS,Masculino,2010-1,2023,Dependiente,"Actividades profesionales, científicas y técnicas",Entre 6 y 7 SMMLV,Entre 6 y 9 SMMLV,1
2102-Universidad Nacional Abierta y a Distancia - UNAD,1681-TECNOLOGIA EN GESTION COMERCIAL Y DE NEGOCIOS,Masculino,2010-1,2023,Dependiente,"Suministro de electricidad, gas, vapor y aire acondicionado",Entre 5 y 6 SMMLV,Entre 4 y 6 SMMLV,1
2102-Universidad Nacional Abierta y a Distancia - UNAD,1679-TECNOLOGIA EN GESTION DE OBRAS CIVILES Y CONSTRUCCIONES,Femenino,2010-1,2016,Dependiente,Construccion,Entre 6 y 7 SMMLV,Entre 6 y 9 SMMLV,1
2102-Universidad Nacional Abierta y a Distancia - UNAD,1679-TECNOLOGIA EN GESTION DE OBRAS CIVILES Y CONSTRUCCIONES,Masculino,2010-1,2016,Dependiente,Explotación de minas y canteras,"Entre 2 y 2 ,5 SMMLV","Entre 1,5 y 2,5 SMMLV",1
2102-Universidad Nacional Abierta y a Distancia - UNAD,1679-TECNOLOGIA EN GESTION DE OBRAS CIVILES Y CONSTRUCCIONES,Masculino,2010-1,2017,Dependiente,Comercio al por mayor y al por menor; reparación de vehículos automotores y motocicletas,"Entre 2 y 2 ,5 SMMLV","Entre 1,5 y 2,5 SMMLV",1
1710-Universidad Pontificia Bolivariana,11167-ESPECIALIZACION EN PERIODISMO ELECTRONICO,Femenino,2010-1,2016,Dependiente,"Agricultura, ganadería, caza, silvicultura y pesca",Entre 5 y 6 SMMLV,Entre 4 y 6 SMMLV,1
1710-Universidad Pontificia Bolivariana,11167-ESPECIALIZACION EN PERIODISMO ELECTRONICO,Femenino,2010-1,2017,Dependiente,"Agricultura, ganadería, caza, silvicultura y pesca",Entre 5 y 6 SMMLV,Entre 4 y 6 SMMLV,1
1710-Universidad Pontificia Bolivariana,11167-ESPECIALIZACION EN PERIODISMO ELECTRONICO,Femenino,2010-1,2017,Dependiente,Sin información,"Entre 1 y 1,5 SMMLV","Entre 1 y 1,5 SMMLV",1
1710-Universidad Pontificia Bolivariana,11167-ESPECIALIZACION EN PERIODISMO ELECTRONICO,Femenino,2010-1,2018,Dependiente,"Agricultura, ganadería, caza, silvicultura y pesca","Entre 3,5 y 4 SMMLV","Entre 2,5 y 4 SMMLV",1
1710-Universidad Pontificia Bolivariana,11167-ESPECIALIZACION EN PERIODISMO ELECTRONICO,Femenino,2010-1,2019,Dependiente,"Agricultura, ganadería, caza, silvicultura y pesca",Entre 5 y 6 SMMLV,Entre 4 y 6 SMMLV,1
1710-Universidad Pontificia Bolivariana,11167-ESPECIALIZACION EN PERIODISMO ELECTRONICO,Femenino,2010-1,2020,Dependiente,"Agricultura, ganadería, caza, silvicultura y pesca",Entre 5 y 6 SMMLV,Entre 4 y 6 SMMLV,1
1710-Universidad Pontificia Bolivariana,11167-ESPECIALIZACION EN PERIODISMO ELECTRONICO,Femenino,2010-1,2021,Dependiente,"Agricultura, ganadería, caza, silvicultura y pesca",Entre 5 y 6 SMMLV,Entre 4 y 6 SMMLV,1
1710-Universidad Pontificia Bolivariana,11167-ESPECIALIZACION EN PERIODISMO ELECTRONICO,Femenino,2010-1,2022,Dependiente,"Agricultura, ganadería, caza, silvicultura y pesca",Entre 5 y 6 SMMLV,Entre 4 y 6 SMMLV,1
1710-Universidad Pontificia Bolivariana,11167-ESPECIALIZACION EN PERIODISMO ELECTRONICO,Femenino,2010-1,2023,Dependiente,"Agricultura, ganadería, caza, silvicultura y pesca","Entre 4 y 4,5 SMMLV",Entre 4 y 6 SMMLV,1
1710-Universidad Pontificia Bolivariana,11167-ESPECIALIZACION EN PERIODISMO ELECTRONICO,Masculino,2010-1,2018,Dependiente,Actividades de servicios administrativos y de apoyo,"Entre 1 y 1,5 SMMLV","Entre 1 y 1,5 SMMLV",1
1710-Universidad Pontificia Bolivariana,11167-ESPECIALIZACION EN PERIODISMO ELECTRONICO,Masculino,2010-1,2019,Dependiente,Actividades de servicios administrativos y de apoyo,1 SMMLV,1 SMMLV,1
1710-Universidad Pontificia Bolivariana,11167-ESPECIALIZACION EN PERIODISMO ELECTRONICO,Masculino,2010-1,2021,Dependiente,Educación,Entre 5 y 6 SMMLV,Entre 4 y 6 SMMLV,1
1710-Universidad Pontificia Bolivariana,11167-ESPECIALIZACION EN PERIODISMO ELECTRONICO,Masculino,2010-1,2022,Dependiente,Actividades de servicios administrativos y de apoyo,1 SMMLV,1 SMMLV,1
1710-Universidad Pontificia Bolivariana,11167-ESPECIALIZACION EN PERIODISMO ELECTRONICO,Masculino,2010-1,2023,Dependiente,Actividades de servicios administrativos y de apoyo,"Entre 1 y 1,5 SMMLV","Entre 1 y 1,5 SMMLV",1
1805-Universidad Santiago de Cali,53072-ESPECIALIZACION EN DERECHO ADMINISTRATIVO,Masculino,2010-1,2016,Dependiente,Administración pública y defensa; planes de seguridad social de afiliación obligatoria,Entre 5 y 6 SMMLV,Entre 4 y 6 SMMLV,1
1805-Universidad Santiago de Cali,53072-ESPECIALIZACION EN DERECHO ADMINISTRATIVO,Masculino,2010-1,2016,Dependiente,Administración pública y defensa; planes de seguridad social de afiliación obligatoria,Entre 7 y 8 SMMLV,Entre 6 y 9 SMMLV,1
1805-Universidad Santiago de Cali,53072-ESPECIALIZACION EN DERECHO ADMINISTRATIVO,Masculino,2010-1,2016,Dependiente,Educación,"Entre 1 y 1,5 SMMLV","Entre 1 y 1,5 SMMLV",1
1805-Universidad Santiago de Cali,53072-ESPECIALIZACION EN DERECHO ADMINISTRATIVO,Masculino,2010-1,2016,Dependiente,Educación,Entre 5 y 6 SMMLV,Entre 4 y 6 SMMLV,1
1805-Universidad Santiago de Cali,53072-ESPECIALIZACION EN DERECHO ADMINISTRATIVO,Masculino,2010-1,2016,Dependiente,Información y comunicaciones,Entre 5 y 6 SMMLV,Entre 4 y 6 SMMLV,1
1805-Universidad Santiago de Cali,53072-ESPECIALIZACION EN DERECHO ADMINISTRATIVO,Masculino,2010-1,2017,Dependiente,Administración pública y defensa; planes de seguridad social de afiliación obligatoria,Entre 7 y 8 SMMLV,Entre 6 y 9 SMMLV,1
1805-Universidad Santiago de Cali,53072-ESPECIALIZACION EN DERECHO ADMINISTRATIVO,Masculino,2010-1,2017,Dependiente,Educación,Entre 7 y 8 SMMLV,Entre 6 y 9 SMMLV,1
1805-Universidad Santiago de Cali,53072-ESPECIALIZACION EN DERECHO ADMINISTRATIVO,Masculino,2010-1,2017,Dependiente,Educación,Entre 8 y 9 SMMLV,Entre 6 y 9 SMMLV,1
1805-Universidad Santiago de Cali,53072-ESPECIALIZACION EN DERECHO ADMINISTRATIVO,Masculino,2010-1,2017,Dependiente,Información y comunicaciones,Entre 5 y 6 SMMLV,Entre 4 y 6 SMMLV,1
1805-Universidad Santiago de Cali,53072-ESPECIALIZACION EN DERECHO ADMINISTRATIVO,Masculino,2010-1,2017,Dependiente,Sin información,Entre 8 y 9 SMMLV,Entre 6 y 9 SMMLV,1
1805-Universidad Santiago de Cali,53072-ESPECIALIZACION EN DERECHO ADMINISTRATIVO,Masculino,2010-1,2018,Dependiente,Actividades de servicios administrativos y de apoyo,"Entre 1 y 1,5 SMMLV","Entre 1 y 1,5 SMMLV",1
1805-Universidad Santiago de Cali,53072-ESPECIALIZACION EN DERECHO ADMINISTRATIVO,Masculino,2010-1,2018,Dependiente,Administración pública y defensa; planes de seguridad social de afiliación obligatoria,Entre 7 y 8 SMMLV,Entre 6 y 9 SMMLV,1
1805-Universidad Santiago de Cali,53072-ESPECIALIZACION EN DERECHO ADMINISTRATIVO,Masculino,2010-1,2018,Dependiente,Educación,Entre 8 y 9 SMMLV,Entre 6 y 9 SMMLV,1
1805-Universidad Santiago de Cali,53072-ESPECIALIZACION EN DERECHO ADMINISTRATIVO,Masculino,2010-1,2018,Dependiente,Información y comunicaciones,"Entre 4,5 y 5 SMMLV",Entre 4 y 6 SMMLV,1
1805-Universidad Santiago de Cali,53072-ESPECIALIZACION EN DERECHO ADMINISTRATIVO,Masculino,2010-1,2018,Dependiente,Sin información,Entre 8 y 9 SMMLV,Entre 6 y 9 SMMLV,1
1805-Universidad Santiago de Cali,53072-ESPECIALIZACION EN DERECHO ADMINISTRATIVO,Masculino,2010-1,2019,Dependiente,Actividades de servicios administrativos y de apoyo,Entre 5 y 6 SMMLV,Entre 4 y 6 SMMLV,1
1805-Universidad Santiago de Cali,53072-ESPECIALIZACION EN DERECHO ADMINISTRATIVO,Masculino,2010-1,2019,Dependiente,"Actividades profesionales, científicas y técnicas",Entre 8 y 9 SMMLV,Entre 6 y 9 SMMLV,1
1805-Universidad Santiago de Cali,53072-ESPECIALIZACION EN DERECHO ADMINISTRATIVO,Masculino,2010-1,2019,Dependiente,Administración pública y defensa; planes de seguridad social de afiliación obligatoria,Entre 7 y 8 SMMLV,Entre 6 y 9 SMMLV,1
1805-Universidad Santiago de Cali,53072-ESPECIALIZACION EN DERECHO ADMINISTRATIVO,Masculino,2010-1,2019,Dependiente,Educación,Entre 8 y 9 SMMLV,Entre 6 y 9 SMMLV,1
1805-Universidad Santiago de Cali,53072-ESPECIALIZACION EN DERECHO ADMINISTRATIVO,Masculino,2010-1,2019,Dependiente,Información y comunicaciones,"Entre 4,5 y 5 SMMLV",Entre 4 y 6 SMMLV,1
1805-Universidad Santiago de Cali,53072-ESPECIALIZACION EN DERECHO ADMINISTRATIVO,Masculino,2010-1,2020,Dependiente,Actividades de servicios administrativos y de apoyo,Entre 5 y 6 SMMLV,Entre 4 y 6 SMMLV,1
1805-Universidad Santiago de Cali,53072-ESPECIALIZACION EN DERECHO ADMINISTRATIVO,Masculino,2010-1,2020,Dependiente,"Actividades profesionales, científicas y técnicas",Entre 8 y 9 SMMLV,Entre 6 y 9 SMMLV,1
1805-Universidad Santiago de Cali,53072-ESPECIALIZACION EN DERECHO ADMINISTRATIVO,Masculino,2010-1,2020,Dependiente,Educación,Entre 8 y 9 SMMLV,Entre 6 y 9 SMMLV,1
1805-Universidad Santiago de Cali,53072-ESPECIALIZACION EN DERECHO ADMINISTRATIVO,Masculino,2010-1,2020,Dependiente,Información y comunicaciones,"Entre 4,5 y 5 SMMLV",Entre 4 y 6 SMMLV,1
1805-Universidad Santiago de Cali,53072-ESPECIALIZACION EN DERECHO ADMINISTRATIVO,Masculino,2010-1,2021,Dependiente,"Actividades profesionales, científicas y técnicas",Entre 8 y 9 SMMLV,Entre 6 y 9 SMMLV,1
1805-Universidad Santiago de Cali,53072-ESPECIALIZACION EN DERECHO ADMINISTRATIVO,Masculino,2010-1,2021,Dependiente,Administración pública y defensa; planes de seguridad social de afiliación obligatoria,"Entre 3,5 y 4 SMMLV","Entre 2,5 y 4 SMMLV",1
1805-Universidad Santiago de Cali,53072-ESPECIALIZACION EN DERECHO ADMINISTRATIVO,Masculino,2010-1,2021,Dependiente,Administración pública y defensa; planes de seguridad social de afiliación obligatoria,Más de 15 SMMLV,Más de 9 SMMLV,1
1805-Universidad Santiago de Cali,53072-ESPECIALIZACION EN DERECHO ADMINISTRATIVO,Masculino,2010-1,2021,Dependiente,Información y comunicaciones,"Entre 4,5 y 5 SMMLV",Entre 4 y 6 SMMLV,1
1805-Universidad Santiago de Cali,53072-ESPECIALIZACION EN DERECHO ADMINISTRATIVO,Masculino,2010-1,2022,Dependiente,Administración pública y defensa; planes de seguridad social de afiliación obligatoria,"Entre 3,5 y 4 SMMLV","Entre 2,5 y 4 SMMLV",1
1805-Universidad Santiago de Cali,53072-ESPECIALIZACION EN DERECHO ADMINISTRATIVO,Masculino,2010-1,2022,Dependiente,Administración pública y defensa; planes de seguridad social de afiliación obligatoria,Entre 6 y 7 SMMLV,Entre 6 y 9 SMMLV,1
1805-Universidad Santiago de Cali,53072-ESPECIALIZACION EN DERECHO ADMINISTRATIVO,Masculino,2010-1,2022,Dependiente,Administración pública y defensa; planes de seguridad social de afiliación obligatoria,Entre 8 y 9 SMMLV,Entre 6 y 9 SMMLV,1
1805-Universidad Santiago de Cali,53072-ESPECIALIZACION EN DERECHO ADMINISTRATIVO,Masculino,2010-1,2022,Dependiente,Administración pública y defensa; planes de seguridad social de afiliación obligatoria,Más de 15 SMMLV,Más de 9 SMMLV,1
1805-Universidad Santiago de Cali,53072-ESPECIALIZACION EN DERECHO ADMINISTRATIVO,Masculino,2010-1,2023,Dependiente,Actividades de servicios administrativos y de apoyo,"Entre 3,5 y 4 SMMLV","Entre 2,5 y 4 SMMLV",1
1805-Universidad Santiago de Cali,53072-ESPECIALIZACION EN DERECHO ADMINISTRATIVO,Masculino,2010-1,2023,Dependiente,Administración pública y defensa; planes de seguridad social de afiliación obligatoria,Entre 6 y 7 SMMLV,Entre 6 y 9 SMMLV,1
1805-Universidad Santiago de Cali,53072-ESPECIALIZACION EN DERECHO ADMINISTRATIVO,Masculino,2010-1,2023,Dependiente,Administración pública y defensa; planes de seguridad social de afiliación obligatoria,Entre 7 y 8 SMMLV,Entre 6 y 9 SMMLV,1
1805-Universidad Santiago de Cali,53072-ESPECIALIZACION EN DERECHO ADMINISTRATIVO,Masculino,2010-1,2023,Dependiente,Educación,Entre 6 y 7 SMMLV,Entre 6 y 9 SMMLV,1
1705-Universidad Santo Tomás,4243-ESPECIALIZACION EN FINANZAS PUBLICAS,Femenino,2010-1,2020,Dependiente,Administración pública y defensa; planes de seguridad social de afiliación obligatoria,Entre 5 y 6 SMMLV,Entre 4 y 6 SMMLV,1
1705-Universidad Santo Tomás,4243-ESPECIALIZACION EN FINANZAS PUBLICAS,Femenino,2010-1,2020,Dependiente,Administración pública y defensa; planes de seguridad social de afiliación obligatoria,Entre 7 y 8 SMMLV,Entre 6 y 9 SMMLV,1
1705-Universidad Santo Tomás,4243-ESPECIALIZACION EN FINANZAS PUBLICAS,Masculino,2010-1,2020,Dependiente,"Actividades profesionales, científicas y técnicas","Entre 2 y 2 ,5 SMMLV","Entre 1,5 y 2,5 SMMLV",1
1705-Universidad Santo Tomás,4243-ESPECIALIZACION EN FINANZAS PUBLICAS,Masculino,2010-1,2020,Dependiente,Construccion,"Entre 1 y 1,5 SMMLV","Entre 1 y 1,5 SMMLV",1
1212-Universidad de Pamplona,11411-ESPECIALIZACION EN GESTION DE PROYECTOS INFORMATICOS,Femenino,2010-1,2016,Dependiente,Actividades inmobiliarias,1 SMMLV,1 SMMLV,1
1212-Universidad de Pamplona,11411-ESPECIALIZACION EN GESTION DE PROYECTOS INFORMATICOS,Femenino,2010-1,2016,Dependiente,"Actividades profesionales, científicas y técnicas","Entre 2 y 2 ,5 SMMLV","Entre 1,5 y 2,5 SMMLV",4
1212-Universidad de Pamplona,11411-ESPECIALIZACION EN GESTION DE PROYECTOS INFORMATICOS,Femenino,2010-1,2016,Dependiente,"Actividades profesionales, científicas y técnicas","Entre 2,5 y 3 SMMLV","Entre 2,5 y 4 SMMLV",2
1212-Universidad de Pamplona,11411-ESPECIALIZACION EN GESTION DE PROYECTOS INFORMATICOS,Femenino,2010-1,2016,Dependiente,"Actividades profesionales, científicas y técnicas","Entre 3 y 3,5 SMMLV","Entre 2,5 y 4 SMMLV",4
1212-Universidad de Pamplona,11411-ESPECIALIZACION EN GESTION DE PROYECTOS INFORMATICOS,Femenino,2010-1,2016,Dependiente,"Actividades profesionales, científicas y técnicas","Entre 3,5 y 4 SMMLV","Entre 2,5 y 4 SMMLV",1
1212-Universidad de Pamplona,11411-ESPECIALIZACION EN GESTION DE PROYECTOS INFORMATICOS,Femenino,2010-1,2016,Dependiente,"Actividades profesionales, científicas y técnicas","Entre 4 y 4,5 SMMLV",Entre 4 y 6 SMMLV,4
1212-Universidad de Pamplona,11411-ESPECIALIZACION EN GESTION DE PROYECTOS INFORMATICOS,Femenino,2010-1,2016,Dependiente,"Actividades profesionales, científicas y técnicas","Entre 4,5 y 5 SMMLV",Entre 4 y 6 SMMLV,170
1212-Universidad de Pamplona,11411-ESPECIALIZACION EN GESTION DE PROYECTOS INFORMATICOS,Femenino,2010-1,2016,Dependiente,"Actividades profesionales, científicas y técnicas",Entre 5 y 6 SMMLV,Entre 4 y 6 SMMLV,7
1212-Universidad de Pamplona,11411-ESPECIALIZACION EN GESTION DE PROYECTOS INFORMATICOS,Femenino,2010-1,2016,Dependiente,"Actividades profesionales, científicas y técnicas",Entre 6 y 7 SMMLV,Entre 6 y 9 SMMLV,1
1212-Universidad de Pamplona,11411-ESPECIALIZACION EN GESTION DE PROYECTOS INFORMATICOS,Femenino,2010-1,2016,Dependiente,Administración pública y defensa; planes de seguridad social de afiliación obligatoria,"Entre 1,5 y 2 SMMLV","Entre 1,5 y 2,5 SMMLV",1
1212-Universidad de Pamplona,11411-ESPECIALIZACION EN GESTION DE PROYECTOS INFORMATICOS,Femenino,2010-1,2016,Dependiente,Administración pública y defensa; planes de seguridad social de afiliación obligatoria,"Entre 2 y 2 ,5 SMMLV","Entre 1,5 y 2,5 SMMLV",3
1212-Universidad de Pamplona,11411-ESPECIALIZACION EN GESTION DE PROYECTOS INFORMATICOS,Femenino,2010-1,2016,Dependiente,Administración pública y defensa; planes de seguridad social de afiliación obligatoria,"Entre 2,5 y 3 SMMLV","Entre 2,5 y 4 SMMLV",6
1212-Universidad de Pamplona,11411-ESPECIALIZACION EN GESTION DE PROYECTOS INFORMATICOS,Femenino,2010-1,2016,Dependiente,Administración pública y defensa; planes de seguridad social de afiliación obligatoria,"Entre 3 y 3,5 SMMLV","Entre 2,5 y 4 SMMLV",4
1212-Universidad de Pamplona,11411-ESPECIALIZACION EN GESTION DE PROYECTOS INFORMATICOS,Femenino,2010-1,2016,Dependiente,Administración pública y defensa; planes de seguridad social de afiliación obligatoria,"Entre 3,5 y 4 SMMLV","Entre 2,5 y 4 SMMLV",3
1212-Universidad de Pamplona,11411-ESPECIALIZACION EN GESTION DE PROYECTOS INFORMATICOS,Femenino,2010-1,2016,Dependiente,Administración pública y defensa; planes de seguridad social de afiliación obligatoria,"Entre 4 y 4,5 SMMLV",Entre 4 y 6 SMMLV,2
1212-Universidad de Pamplona,11411-ESPECIALIZACION EN GESTION DE PROYECTOS INFORMATICOS,Femenino,2010-1,2016,Dependiente,Administración pública y defensa; planes de seguridad social de afiliación obligatoria,"Entre 4,5 y 5 SMMLV",Entre 4 y 6 SMMLV,102
1212-Universidad de Pamplona,11411-ESPECIALIZACION EN GESTION DE PROYECTOS INFORMATICOS,Femenino,2010-1,2016,Dependiente,Administración pública y defensa; planes de seguridad social de afiliación obligatoria,Entre 5 y 6 SMMLV,Entre 4 y 6 SMMLV,8
1212-Universidad de Pamplona,11411-ESPECIALIZACION EN GESTION DE PROYECTOS INFORMATICOS,Femenino,2010-1,2016,Dependiente,Administración pública y defensa; planes de seguridad social de afiliación obligatoria,Entre 6 y 7 SMMLV,Entre 6 y 9 SMMLV,4
1212-Universidad de Pamplona,11411-ESPECIALIZACION EN GESTION DE PROYECTOS INFORMATICOS,Femenino,2010-1,2016,Dependiente,Administración pública y defensa; planes de seguridad social de afiliación obligatoria,Entre 9 y 11 SMMLV,Más de 9 SMMLV,1
1212-Universidad de Pamplona,11411-ESPECIALIZACION EN GESTION DE PROYECTOS INFORMATICOS,Femenino,2010-1,2016,Dependiente,Administración pública y defensa; planes de seguridad social de afiliación obligatoria,Entre 11 y 13 SMMLV,Más de 9 SMMLV,1
1212-Universidad de Pamplona,11411-ESPECIALIZACION EN GESTION DE PROYECTOS INFORMATICOS,Femenino,2010-1,2016,Dependiente,Comercio al por mayor y al por menor; reparación de vehículos automotores y motocicletas,"Entre 1 y 1,5 SMMLV","Entre 1 y 1,5 SMMLV",1
1212-Universidad de Pamplona,11411-ESPECIALIZACION EN GESTION DE PROYECTOS INFORMATICOS,Femenino,2010-1,2016,Dependiente,Educación,"Entre 2,5 y 3 SMMLV","Entre 2,5 y 4 SMMLV",3
1212-Universidad de Pamplona,11411-ESPECIALIZACION EN GESTION DE PROYECTOS INFORMATICOS,Femenino,2010-1,2016,Dependiente,Educación,"Entre 4,5 y 5 SMMLV",Entre 4 y 6 SMMLV,2
1212-Universidad de Pamplona,11411-ESPECIALIZACION EN GESTION DE PROYECTOS INFORMATICOS,Femenino,2010-1,2016,Dependiente,Información y comunicaciones,Entre 6 y 7 SMMLV,Entre 6 y 9 SMMLV,1
1212-Universidad de Pamplona,11411-ESPECIALIZACION EN GESTION DE PROYECTOS INFORMATICOS,Femenino,2010-1,2016,Dependiente,Otras actividades de servicios,"Entre 1,5 y 2 SMMLV","Entre 1,5 y 2,5 SMMLV",1
1212-Universidad de Pamplona,11411-ESPECIALIZACION EN GESTION DE PROYECTOS INFORMATICOS,Femenino,2010-1,2016,Dependiente,Sin información,"Entre 1,5 y 2 SMMLV","Entre 1,5 y 2,5 SMMLV",1
1212-Universidad de Pamplona,11411-ESPECIALIZACION EN GESTION DE PROYECTOS INFORMATICOS,Femenino,2010-1,2016,Dependiente,Sin información,"Entre 2,5 y 3 SMMLV","Entre 2,5 y 4 SMMLV",1
1212-Universidad de Pamplona,11411-ESPECIALIZACION EN GESTION DE PROYECTOS INFORMATICOS,Femenino,2010-1,2016,Dependiente,Sin información,"Entre 3 y 3,5 SMMLV","Entre 2,5 y 4 SMMLV",1
1212-Universidad de Pamplona,11411-ESPECIALIZACION EN GESTION DE PROYECTOS INFORMATICOS,Femenino,2010-1,2016,Dependiente,Sin información,Entre 9 y 11 SMMLV,Más de 9 SMMLV,1
1212-Universidad de Pamplona,11411-ESPECIALIZACION EN GESTION DE PROYECTOS INFORMATICOS,Femenino,2010-1,2017,Dependiente,Actividades de organizaciones y entidades extraterritoriales,"Entre 4,5 y 5 SMMLV",Entre 4 y 6 SMMLV,25
1212-Universidad de Pamplona,11411-ESPECIALIZACION EN GESTION DE PROYECTOS INFORMATICOS,Femenino,2010-1,2017,Dependiente,Actividades de organizaciones y entidades extraterritoriales,Entre 5 y 6 SMMLV,Entre 4 y 6 SMMLV,2
1212-Universidad de Pamplona,11411-ESPECIALIZACION EN GESTION DE PROYECTOS INFORMATICOS,Femenino,2010-1,2017,Dependiente,"Actividades profesionales, científicas y técnicas",1 SMMLV,1 SMMLV,1
1212-Universidad de Pamplona,11411-ESPECIALIZACION EN GESTION DE PROYECTOS INFORMATICOS,Femenino,2010-1,2017,Dependiente,"Actividades profesionales, científicas y técnicas","Entre 1 y 1,5 SMMLV","Entre 1 y 1,5 SMMLV",3
1212-Universidad de Pamplona,11411-ESPECIALIZACION EN GESTION DE PROYECTOS INFORMATICOS,Femenino,2010-1,2017,Dependiente,"Actividades profesionales, científicas y técnicas","Entre 2 y 2 ,5 SMMLV","Entre 1,5 y 2,5 SMMLV",7
1212-Universidad de Pamplona,11411-ESPECIALIZACION EN GESTION DE PROYECTOS INFORMATICOS,Femenino,2010-1,2017,Dependiente,"Actividades profesionales, científicas y técnicas","Entre 2,5 y 3 SMMLV","Entre 2,5 y 4 SMMLV",1
1212-Universidad de Pamplona,11411-ESPECIALIZACION EN GESTION DE PROYECTOS INFORMATICOS,Femenino,2010-1,2017,Dependiente,"Actividades profesionales, científicas y técnicas","Entre 3 y 3,5 SMMLV","Entre 2,5 y 4 SMMLV",8
1212-Universidad de Pamplona,11411-ESPECIALIZACION EN GESTION DE PROYECTOS INFORMATICOS,Femenino,2010-1,2017,Dependiente,"Actividades profesionales, científicas y técnicas","Entre 3,5 y 4 SMMLV","Entre 2,5 y 4 SMMLV",1
1212-Universidad de Pamplona,11411-ESPECIALIZACION EN GESTION DE PROYECTOS INFORMATICOS,Femenino,2010-1,2017,Dependiente,"Actividades profesionales, científicas y técnicas","Entre 4 y 4,5 SMMLV",Entre 4 y 6 SMMLV,11
1212-Universidad de Pamplona,11411-ESPECIALIZACION EN GESTION DE PROYECTOS INFORMATICOS,Femenino,2010-1,2017,Dependiente,"Actividades profesionales, científicas y técnicas","Entre 4,5 y 5 SMMLV",Entre 4 y 6 SMMLV,179
1212-Universidad de Pamplona,11411-ESPECIALIZACION EN GESTION DE PROYECTOS INFORMATICOS,Femenino,2010-1,2017,Dependiente,"Actividades profesionales, científicas y técnicas",Entre 5 y 6 SMMLV,Entre 4 y 6 SMMLV,11
1212-Universidad de Pamplona,11411-ESPECIALIZACION EN GESTION DE PROYECTOS INFORMATICOS,Femenino,2010-1,2017,Dependiente,"Actividades profesionales, científicas y técnicas",Entre 6 y 7 SMMLV,Entre 6 y 9 SMMLV,2
1212-Universidad de Pamplona,11411-ESPECIALIZACION EN GESTION DE PROYECTOS INFORMATICOS,Femenino,2010-1,2017,Dependiente,Administración pública y defensa; planes de seguridad social de afiliación obligatoria,1 SMMLV,1 SMMLV,1
1212-Universidad de Pamplona,11411-ESPECIALIZACION EN GESTION DE PROYECTOS INFORMATICOS,Femenino,2010-1,2017,Dependiente,Administración pública y defensa; planes de seguridad social de afiliación obligatoria,"Entre 2 y 2 ,5 SMMLV","Entre 1,5 y 2,5 SMMLV",3
1212-Universidad de Pamplona,11411-ESPECIALIZACION EN GESTION DE PROYECTOS INFORMATICOS,Femenino,2010-1,2017,Dependiente,Administración pública y defensa; planes de seguridad social de afiliación obligatoria,"Entre 2,5 y 3 SMMLV","Entre 2,5 y 4 SMMLV",1
1212-Universidad de Pamplona,11411-ESPECIALIZACION EN GESTION DE PROYECTOS INFORMATICOS,Femenino,2010-1,2017,Dependiente,Administración pública y defensa; planes de seguridad social de afiliación obligatoria,"Entre 3 y 3,5 SMMLV","Entre 2,5 y 4 SMMLV",4
1212-Universidad de Pamplona,11411-ESPECIALIZACION EN GESTION DE PROYECTOS INFORMATICOS,Femenino,2010-1,2017,Dependiente,Administración pública y defensa; planes de seguridad social de afiliación obligatoria,"Entre 4,5 y 5 SMMLV",Entre 4 y 6 SMMLV,22
1212-Universidad de Pamplona,11411-ESPECIALIZACION EN GESTION DE PROYECTOS INFORMATICOS,Femenino,2010-1,2017,Dependiente,Administración pública y defensa; planes de seguridad social de afiliación obligatoria,Entre 5 y 6 SMMLV,Entre 4 y 6 SMMLV,2
1212-Universidad de Pamplona,11411-ESPECIALIZACION EN GESTION DE PROYECTOS INFORMATICOS,Femenino,2010-1,2017,Dependiente,Administración pública y defensa; planes de seguridad social de afiliación obligatoria,Entre 6 y 7 SMMLV,Entre 6 y 9 SMMLV,1
1212-Universidad de Pamplona,11411-ESPECIALIZACION EN GESTION DE PROYECTOS INFORMATICOS,Femenino,2010-1,2017,Dependiente,Administración pública y defensa; planes de seguridad social de afiliación obligatoria,Entre 9 y 11 SMMLV,Más de 9 SMMLV,1
1212-Universidad de Pamplona,11411-ESPECIALIZACION EN GESTION DE PROYECTOS INFORMATICOS,Femenino,2010-1,2017,Dependiente,Educación,"Entre 1,5 y 2 SMMLV","Entre 1,5 y 2,5 SMMLV",1
1212-Universidad de Pamplona,11411-ESPECIALIZACION EN GESTION DE PROYECTOS INFORMATICOS,Femenino,2010-1,2017,Dependiente,Educación,"Entre 2 y 2 ,5 SMMLV","Entre 1,5 y 2,5 SMMLV",1
1212-Universidad de Pamplona,11411-ESPECIALIZACION EN GESTION DE PROYECTOS INFORMATICOS,Femenino,2010-1,2017,Dependiente,Educación,"Entre 2,5 y 3 SMMLV","Entre 2,5 y 4 SMMLV",2
1212-Universidad de Pamplona,11411-ESPECIALIZACION EN GESTION DE PROYECTOS INFORMATICOS,Femenino,2010-1,2017,Dependiente,Información y comunicaciones,"Entre 4 y 4,5 SMMLV",Entre 4 y 6 SMMLV,1
1212-Universidad de Pamplona,11411-ESPECIALIZACION EN GESTION DE PROYECTOS INFORMATICOS,Femenino,2010-1,2017,Dependiente,Otras actividades de servicios,"Entre 2 y 2 ,5 SMMLV","Entre 1,5 y 2,5 SMMLV",1
1212-Universidad de Pamplona,11411-ESPECIALIZACION EN GESTION DE PROYECTOS INFORMATICOS,Femenino,2010-1,2017,Dependiente,Sin información,1 SMMLV,1 SMMLV,1
1212-Universidad de Pamplona,11411-ESPECIALIZACION EN GESTION DE PROYECTOS INFORMATICOS,Femenino,2010-1,2017,Dependiente,Sin información,"Entre 1 y 1,5 SMMLV","Entre 1 y 1,5 SMMLV",1
1212-Universidad de Pamplona,11411-ESPECIALIZACION EN GESTION DE PROYECTOS INFORMATICOS,Femenino,2010-1,2017,Dependiente,Sin información,"Entre 2,5 y 3 SMMLV","Entre 2,5 y 4 SMMLV",1
1212-Universidad de Pamplona,11411-ESPECIALIZACION EN GESTION DE PROYECTOS INFORMATICOS,Femenino,2010-1,2017,Dependiente,Sin información,"Entre 3 y 3,5 SMMLV","Entre 2,5 y 4 SMMLV",2
1212-Universidad de Pamplona,11411-ESPECIALIZACION EN GESTION DE PROYECTOS INFORMATICOS,Femenino,2010-1,2017,Dependiente,Sin información,"Entre 3,5 y 4 SMMLV","Entre 2,5 y 4 SMMLV",1
1212-Universidad de Pamplona,11411-ESPECIALIZACION EN GESTION DE PROYECTOS INFORMATICOS,Femenino,2010-1,2017,Dependiente,Sin información,"Entre 4 y 4,5 SMMLV",Entre 4 y 6 SMMLV,1
1212-Universidad de Pamplona,11411-ESPECIALIZACION EN GESTION DE PROYECTOS INFORMATICOS,Femenino,2010-1,2017,Dependiente,Sin información,"Entre 4,5 y 5 SMMLV",Entre 4 y 6 SMMLV,30
1212-Universidad de Pamplona,11411-ESPECIALIZACION EN GESTION DE PROYECTOS INFORMATICOS,Femenino,2010-1,2017,Dependiente,Sin información,Entre 5 y 6 SMMLV,Entre 4 y 6 SMMLV,2
1212-Universidad de Pamplona,11411-ESPECIALIZACION EN GESTION DE PROYECTOS INFORMATICOS,Femenino,2010-1,2017,Dependiente,Sin información,Entre 6 y 7 SMMLV,Entre 6 y 9 SMMLV,1
1212-Universidad de Pamplona,11411-ESPECIALIZACION EN GESTION DE PROYECTOS INFORMATICOS,Femenino,2010-1,2017,Dependiente,Sin información,Entre 7 y 8 SMMLV,Entre 6 y 9 SMMLV,1
1212-Universidad de Pamplona,11411-ESPECIALIZACION EN GESTION DE PROYECTOS INFORMATICOS,Femenino,2010-1,2017,Dependiente,Sin información,Entre 11 y 13 SMMLV,Más de 9 SMMLV,1
1212-Universidad de Pamplona,11411-ESPECIALIZACION EN GESTION DE PROYECTOS INFORMATICOS,Femenino,2010-1,2018,Dependiente,Actividades de organizaciones y entidades extraterritoriales,"Entre 3 y 3,5 SMMLV","Entre 2,5 y 4 SMMLV",2
1212-Universidad de Pamplona,11411-ESPECIALIZACION EN GESTION DE PROYECTOS INFORMATICOS,Femenino,2010-1,2018,Dependiente,Actividades de organizaciones y entidades extraterritoriales,"Entre 4,5 y 5 SMMLV",Entre 4 y 6 SMMLV,51
1212-Universidad de Pamplona,11411-ESPECIALIZACION EN GESTION DE PROYECTOS INFORMATICOS,Femenino,2010-1,2018,Dependiente,Actividades de organizaciones y entidades extraterritoriales,Entre 5 y 6 SMMLV,Entre 4 y 6 SMMLV,2
1212-Universidad de Pamplona,11411-ESPECIALIZACION EN GESTION DE PROYECTOS INFORMATICOS,Femenino,2010-1,2018,Dependiente,"Actividades profesionales, científicas y técnicas",1 SMMLV,1 SMMLV,3
1212-Universidad de Pamplona,11411-ESPECIALIZACION EN GESTION DE PROYECTOS INFORMATICOS,Femenino,2010-1,2018,Dependiente,"Actividades profesionales, científicas y técnicas","Entre 1 y 1,5 SMMLV","Entre 1 y 1,5 SMMLV",2
1212-Universidad de Pamplona,11411-ESPECIALIZACION EN GESTION DE PROYECTOS INFORMATICOS,Femenino,2010-1,2018,Dependiente,"Actividades profesionales, científicas y técnicas","Entre 2 y 2 ,5 SMMLV","Entre 1,5 y 2,5 SMMLV",6
1212-Universidad de Pamplona,11411-ESPECIALIZACION EN GESTION DE PROYECTOS INFORMATICOS,Femenino,2010-1,2018,Dependiente,"Actividades profesionales, científicas y técnicas","Entre 2,5 y 3 SMMLV","Entre 2,5 y 4 SMMLV",1
1212-Universidad de Pamplona,11411-ESPECIALIZACION EN GESTION DE PROYECTOS INFORMATICOS,Femenino,2010-1,2018,Dependiente,"Actividades profesionales, científicas y técnicas","Entre 3 y 3,5 SMMLV","Entre 2,5 y 4 SMMLV",3
1212-Universidad de Pamplona,11411-ESPECIALIZACION EN GESTION DE PROYECTOS INFORMATICOS,Femenino,2010-1,2018,Dependiente,"Actividades profesionales, científicas y técnicas","Entre 3,5 y 4 SMMLV","Entre 2,5 y 4 SMMLV",3
1212-Universidad de Pamplona,11411-ESPECIALIZACION EN GESTION DE PROYECTOS INFORMATICOS,Femenino,2010-1,2018,Dependiente,"Actividades profesionales, científicas y técnicas","Entre 4 y 4,5 SMMLV",Entre 4 y 6 SMMLV,10
1212-Universidad de Pamplona,11411-ESPECIALIZACION EN GESTION DE PROYECTOS INFORMATICOS,Femenino,2010-1,2018,Dependiente,"Actividades profesionales, científicas y técnicas","Entre 4,5 y 5 SMMLV",Entre 4 y 6 SMMLV,153
1212-Universidad de Pamplona,11411-ESPECIALIZACION EN GESTION DE PROYECTOS INFORMATICOS,Femenino,2010-1,2018,Dependiente,"Actividades profesionales, científicas y técnicas",Entre 5 y 6 SMMLV,Entre 4 y 6 SMMLV,4
1212-Universidad de Pamplona,11411-ESPECIALIZACION EN GESTION DE PROYECTOS INFORMATICOS,Femenino,2010-1,2018,Dependiente,"Actividades profesionales, científicas y técnicas",Entre 7 y 8 SMMLV,Entre 6 y 9 SMMLV,1
1212-Universidad de Pamplona,11411-ESPECIALIZACION EN GESTION DE PROYECTOS INFORMATICOS,Femenino,2010-1,2018,Dependiente,Administración pública y defensa; planes de seguridad social de afiliación obligatoria,"Entre 1 y 1,5 SMMLV","Entre 1 y 1,5 SMMLV",1
1212-Universidad de Pamplona,11411-ESPECIALIZACION EN GESTION DE PROYECTOS INFORMATICOS,Femenino,2010-1,2018,Dependiente,Administración pública y defensa; planes de seguridad social de afiliación obligatoria,"Entre 1,5 y 2 SMMLV","Entre 1,5 y 2,5 SMMLV",1
1212-Universidad de Pamplona,11411-ESPECIALIZACION EN GESTION DE PROYECTOS INFORMATICOS,Femenino,2010-1,2018,Dependiente,Administración pública y defensa; planes de seguridad social de afiliación obligatoria,"Entre 2 y 2 ,5 SMMLV","Entre 1,5 y 2,5 SMMLV",1
1212-Universidad de Pamplona,11411-ESPECIALIZACION EN GESTION DE PROYECTOS INFORMATICOS,Femenino,2010-1,2018,Dependiente,Administración pública y defensa; planes de seguridad social de afiliación obligatoria,"Entre 2,5 y 3 SMMLV","Entre 2,5 y 4 SMMLV",1
1212-Universidad de Pamplona,11411-ESPECIALIZACION EN GESTION DE PROYECTOS INFORMATICOS,Femenino,2010-1,2018,Dependiente,Administración pública y defensa; planes de seguridad social de afiliación obligatoria,"Entre 3 y 3,5 SMMLV","Entre 2,5 y 4 SMMLV",2
1212-Universidad de Pamplona,11411-ESPECIALIZACION EN GESTION DE PROYECTOS INFORMATICOS,Femenino,2010-1,2018,Dependiente,Administración pública y defensa; planes de seguridad social de afiliación obligatoria,"Entre 3,5 y 4 SMMLV","Entre 2,5 y 4 SMMLV",2
1212-Universidad de Pamplona,11411-ESPECIALIZACION EN GESTION DE PROYECTOS INFORMATICOS,Femenino,2010-1,2018,Dependiente,Administración pública y defensa; planes de seguridad social de afiliación obligatoria,"Entre 4 y 4,5 SMMLV",Entre 4 y 6 SMMLV,1
1212-Universidad de Pamplona,11411-ESPECIALIZACION EN GESTION DE PROYECTOS INFORMATICOS,Femenino,2010-1,2018,Dependiente,Administración pública y defensa; planes de seguridad social de afiliación obligatoria,"Entre 4,5 y 5 SMMLV",Entre 4 y 6 SMMLV,23
1212-Universidad de Pamplona,11411-ESPECIALIZACION EN GESTION DE PROYECTOS INFORMATICOS,Femenino,2010-1,2018,Dependiente,Administración pública y defensa; planes de seguridad social de afiliación obligatoria,Entre 5 y 6 SMMLV,Entre 4 y 6 SMMLV,1
1212-Universidad de Pamplona,11411-ESPECIALIZACION EN GESTION DE PROYECTOS INFORMATICOS,Femenino,2010-1,2018,Dependiente,Administración pública y defensa; planes de seguridad social de afiliación obligatoria,Entre 6 y 7 SMMLV,Entre 6 y 9 SMMLV,2
1212-Universidad de Pamplona,11411-ESPECIALIZACION EN GESTION DE PROYECTOS INFORMATICOS,Femenino,2010-1,2018,Dependiente,Educación,"Entre 1,5 y 2 SMMLV","Entre 1,5 y 2,5 SMMLV",1
1212-Universidad de Pamplona,11411-ESPECIALIZACION EN GESTION DE PROYECTOS INFORMATICOS,Femenino,2010-1,2018,Dependiente,Educación,"Entre 2,5 y 3 SMMLV","Entre 2,5 y 4 SMMLV",1
1212-Universidad de Pamplona,11411-ESPECIALIZACION EN GESTION DE PROYECTOS INFORMATICOS,Femenino,2010-1,2018,Dependiente,Información y comunicaciones,"Entre 4,5 y 5 SMMLV",Entre 4 y 6 SMMLV,1
1212-Universidad de Pamplona,11411-ESPECIALIZACION EN GESTION DE PROYECTOS INFORMATICOS,Femenino,2010-1,2018,Dependiente,Otras actividades de servicios,"Entre 1 y 1,5 SMMLV","Entre 1 y 1,5 SMMLV",1
1212-Universidad de Pamplona,11411-ESPECIALIZACION EN GESTION DE PROYECTOS INFORMATICOS,Femenino,2010-1,2018,Dependiente,Otras actividades de servicios,"Entre 2 y 2 ,5 SMMLV","Entre 1,5 y 2,5 SMMLV",1
1212-Universidad de Pamplona,11411-ESPECIALIZACION EN GESTION DE PROYECTOS INFORMATICOS,Femenino,2010-1,2018,Dependiente,Sin información,1 SMMLV,1 SMMLV,2
1212-Universidad de Pamplona,11411-ESPECIALIZACION EN GESTION DE PROYECTOS INFORMATICOS,Femenino,2010-1,2018,Dependiente,Sin información,"Entre 1 y 1,5 SMMLV","Entre 1 y 1,5 SMMLV",1
1212-Universidad de Pamplona,11411-ESPECIALIZACION EN GESTION DE PROYECTOS INFORMATICOS,Femenino,2010-1,2018,Dependiente,Sin información,"Entre 1,5 y 2 SMMLV","Entre 1,5 y 2,5 SMMLV",7
1212-Universidad de Pamplona,11411-ESPECIALIZACION EN GESTION DE PROYECTOS INFORMATICOS,Femenino,2010-1,2018,Dependiente,Sin información,"Entre 2 y 2 ,5 SMMLV","Entre 1,5 y 2,5 SMMLV",9
1212-Universidad de Pamplona,11411-ESPECIALIZACION EN GESTION DE PROYECTOS INFORMATICOS,Femenino,2010-1,2018,Dependiente,Sin información,"Entre 2,5 y 3 SMMLV","Entre 2,5 y 4 SMMLV",11
1212-Universidad de Pamplona,11411-ESPECIALIZACION EN GESTION DE PROYECTOS INFORMATICOS,Femenino,2010-1,2018,Dependiente,Sin información,"Entre 3 y 3,5 SMMLV","Entre 2,5 y 4 SMMLV",9
1212-Universidad de Pamplona,11411-ESPECIALIZACION EN GESTION DE PROYECTOS INFORMATICOS,Femenino,2010-1,2018,Dependiente,Sin información,"Entre 3,5 y 4 SMMLV","Entre 2,5 y 4 SMMLV",4
1212-Universidad de Pamplona,11411-ESPECIALIZACION EN GESTION DE PROYECTOS INFORMATICOS,Femenino,2010-1,2018,Dependiente,Sin información,"Entre 4 y 4,5 SMMLV",Entre 4 y 6 SMMLV,5
1212-Universidad de Pamplona,11411-ESPECIALIZACION EN GESTION DE PROYECTOS INFORMATICOS,Femenino,2010-1,2018,Dependiente,Sin información,"Entre 4,5 y 5 SMMLV",Entre 4 y 6 SMMLV,25
1212-Universidad de Pamplona,11411-ESPECIALIZACION EN GESTION DE PROYECTOS INFORMATICOS,Femenino,2010-1,2018,Dependiente,Sin información,Entre 5 y 6 SMMLV,Entre 4 y 6 SMMLV,1
1212-Universidad de Pamplona,11411-ESPECIALIZACION EN GESTION DE PROYECTOS INFORMATICOS,Femenino,2010-1,2018,Dependiente,Sin información,Entre 6 y 7 SMMLV,Entre 6 y 9 SMMLV,2
1212-Universidad de Pamplona,11411-ESPECIALIZACION EN GESTION DE PROYECTOS INFORMATICOS,Femenino,2010-1,2018,Dependiente,Sin información,Entre 11 y 13 SMMLV,Más de 9 SMMLV,1
1212-Universidad de Pamplona,11411-ESPECIALIZACION EN GESTION DE PROYECTOS INFORMATICOS,Femenino,2010-1,2019,Dependiente,"Actividades profesionales, científicas y técnicas","Entre 1 y 1,5 SMMLV","Entre 1 y 1,5 SMMLV",1
1212-Universidad de Pamplona,11411-ESPECIALIZACION EN GESTION DE PROYECTOS INFORMATICOS,Femenino,2010-1,2019,Dependiente,"Actividades profesionales, científicas y técnicas","Entre 1,5 y 2 SMMLV","Entre 1,5 y 2,5 SMMLV",2
1212-Universidad de Pamplona,11411-ESPECIALIZACION EN GESTION DE PROYECTOS INFORMATICOS,Femenino,2010-1,2019,Dependiente,"Actividades profesionales, científicas y técnicas","Entre 2 y 2 ,5 SMMLV","Entre 1,5 y 2,5 SMMLV",3
1212-Universidad de Pamplona,11411-ESPECIALIZACION EN GESTION DE PROYECTOS INFORMATICOS,Femenino,2010-1,2019,Dependiente,"Actividades profesionales, científicas y técnicas","Entre 2,5 y 3 SMMLV","Entre 2,5 y 4 SMMLV",1
1212-Universidad de Pamplona,11411-ESPECIALIZACION EN GESTION DE PROYECTOS INFORMATICOS,Femenino,2010-1,2019,Dependiente,"Actividades profesionales, científicas y técnicas","Entre 4 y 4,5 SMMLV",Entre 4 y 6 SMMLV,2
1212-Universidad de Pamplona,11411-ESPECIALIZACION EN GESTION DE PROYECTOS INFORMATICOS,Femenino,2010-1,2019,Dependiente,"Actividades profesionales, científicas y técnicas","Entre 4,5 y 5 SMMLV",Entre 4 y 6 SMMLV,42
1212-Universidad de Pamplona,11411-ESPECIALIZACION EN GESTION DE PROYECTOS INFORMATICOS,Femenino,2010-1,2019,Dependiente,"Actividades profesionales, científicas y técnicas",Entre 5 y 6 SMMLV,Entre 4 y 6 SMMLV,7
1212-Universidad de Pamplona,11411-ESPECIALIZACION EN GESTION DE PROYECTOS INFORMATICOS,Femenino,2010-1,2019,Dependiente,Administración pública y defensa; planes de seguridad social de afiliación obligatoria,1 SMMLV,1 SMMLV,1
1212-Universidad de Pamplona,11411-ESPECIALIZACION EN GESTION DE PROYECTOS INFORMATICOS,Femenino,2010-1,2019,Dependiente,Administración pública y defensa; planes de seguridad social de afiliación obligatoria,"Entre 1 y 1,5 SMMLV","Entre 1 y 1,5 SMMLV",2
1212-Universidad de Pamplona,11411-ESPECIALIZACION EN GESTION DE PROYECTOS INFORMATICOS,Femenino,2010-1,2019,Dependiente,Administración pública y defensa; planes de seguridad social de afiliación obligatoria,"Entre 2 y 2 ,5 SMMLV","Entre 1,5 y 2,5 SMMLV",2
1212-Universidad de Pamplona,11411-ESPECIALIZACION EN GESTION DE PROYECTOS INFORMATICOS,Femenino,2010-1,2019,Dependiente,Administración pública y defensa; planes de seguridad social de afiliación obligatoria,"Entre 2,5 y 3 SMMLV","Entre 2,5 y 4 SMMLV",4
1212-Universidad de Pamplona,11411-ESPECIALIZACION EN GESTION DE PROYECTOS INFORMATICOS,Femenino,2010-1,2019,Dependiente,Administración pública y defensa; planes de seguridad social de afiliación obligatoria,"Entre 3 y 3,5 SMMLV","Entre 2,5 y 4 SMMLV",2
1212-Universidad de Pamplona,11411-ESPECIALIZACION EN GESTION DE PROYECTOS INFORMATICOS,Femenino,2010-1,2019,Dependiente,Administración pública y defensa; planes de seguridad social de afiliación obligatoria,"Entre 3,5 y 4 SMMLV","Entre 2,5 y 4 SMMLV",5
1212-Universidad de Pamplona,11411-ESPECIALIZACION EN GESTION DE PROYECTOS INFORMATICOS,Femenino,2010-1,2019,Dependiente,Administración pública y defensa; planes de seguridad social de afiliación obligatoria,"Entre 4 y 4,5 SMMLV",Entre 4 y 6 SMMLV,6
1212-Universidad de Pamplona,11411-ESPECIALIZACION EN GESTION DE PROYECTOS INFORMATICOS,Femenino,2010-1,2019,Dependiente,Administración pública y defensa; planes de seguridad social de afiliación obligatoria,"Entre 4,5 y 5 SMMLV",Entre 4 y 6 SMMLV,193
1212-Universidad de Pamplona,11411-ESPECIALIZACION EN GESTION DE PROYECTOS INFORMATICOS,Femenino,2010-1,2019,Dependiente,Administración pública y defensa; planes de seguridad social de afiliación obligatoria,Entre 5 y 6 SMMLV,Entre 4 y 6 SMMLV,19
1212-Universidad de Pamplona,11411-ESPECIALIZACION EN GESTION DE PROYECTOS INFORMATICOS,Femenino,2010-1,2019,Dependiente,Administración pública y defensa; planes de seguridad social de afiliación obligatoria,Entre 6 y 7 SMMLV,Entre 6 y 9 SMMLV,4
1212-Universidad de Pamplona,11411-ESPECIALIZACION EN GESTION DE PROYECTOS INFORMATICOS,Femenino,2010-1,2019,Dependiente,Administración pública y defensa; planes de seguridad social de afiliación obligatoria,Entre 7 y 8 SMMLV,Entre 6 y 9 SMMLV,1
1212-Universidad de Pamplona,11411-ESPECIALIZACION EN GESTION DE PROYECTOS INFORMATICOS,Femenino,2010-1,2019,Dependiente,Administración pública y defensa; planes de seguridad social de afiliación obligatoria,Entre 9 y 11 SMMLV,Más de 9 SMMLV,1
1212-Universidad de Pamplona,11411-ESPECIALIZACION EN GESTION DE PROYECTOS INFORMATICOS,Femenino,2010-1,2019,Dependiente,Educación,"Entre 2,5 y 3 SMMLV","Entre 2,5 y 4 SMMLV",1
1212-Universidad de Pamplona,11411-ESPECIALIZACION EN GESTION DE PROYECTOS INFORMATICOS,Femenino,2010-1,2019,Dependiente,Información y comunicaciones,"Entre 4,5 y 5 SMMLV",Entre 4 y 6 SMMLV,1
1212-Universidad de Pamplona,11411-ESPECIALIZACION EN GESTION DE PROYECTOS INFORMATICOS,Femenino,2010-1,2019,Dependiente,Otras actividades de servicios,"Entre 1 y 1,5 SMMLV","Entre 1 y 1,5 SMMLV",1
1212-Universidad de Pamplona,11411-ESPECIALIZACION EN GESTION DE PROYECTOS INFORMATICOS,Femenino,2010-1,2019,Dependiente,Otras actividades de servicios,"Entre 2 y 2 ,5 SMMLV","Entre 1,5 y 2,5 SMMLV",1
1212-Universidad de Pamplona,11411-ESPECIALIZACION EN GESTION DE PROYECTOS INFORMATICOS,Femenino,2010-1,2019,Dependiente,Sin información,"Entre 1,5 y 2 SMMLV","Entre 1,5 y 2,5 SMMLV",1
1212-Universidad de Pamplona,11411-ESPECIALIZACION EN GESTION DE PROYECTOS INFORMATICOS,Femenino,2010-1,2019,Dependiente,Sin información,"Entre 2,5 y 3 SMMLV","Entre 2,5 y 4 SMMLV",1
1212-Universidad de Pamplona,11411-ESPECIALIZACION EN GESTION DE PROYECTOS INFORMATICOS,Femenino,2010-1,2019,Dependiente,Sin información,"Entre 3 y 3,5 SMMLV","Entre 2,5 y 4 SMMLV",6
1212-Universidad de Pamplona,11411-ESPECIALIZACION EN GESTION DE PROYECTOS INFORMATICOS,Femenino,2010-1,2019,Dependiente,Sin información,"Entre 3,5 y 4 SMMLV","Entre 2,5 y 4 SMMLV",2
1212-Universidad de Pamplona,11411-ESPECIALIZACION EN GESTION DE PROYECTOS INFORMATICOS,Femenino,2010-1,2019,Dependiente,Sin información,"Entre 4 y 4,5 SMMLV",Entre 4 y 6 SMMLV,5
1212-Universidad de Pamplona,11411-ESPECIALIZACION EN GESTION DE PROYECTOS INFORMATICOS,Femenino,2010-1,2019,Dependiente,Sin información,"Entre 4,5 y 5 SMMLV",Entre 4 y 6 SMMLV,7
1212-Universidad de Pamplona,11411-ESPECIALIZACION EN GESTION DE PROYECTOS INFORMATICOS,Femenino,2010-1,2019,Dependiente,Sin información,Entre 5 y 6 SMMLV,Entre 4 y 6 SMMLV,4
1212-Universidad de Pamplona,11411-ESPECIALIZACION EN GESTION DE PROYECTOS INFORMATICOS,Femenino,2010-1,2020,Dependiente,Actividades de servicios administrativos y de apoyo,"Entre 1 y 1,5 SMMLV","Entre 1 y 1,5 SMMLV",1
1212-Universidad de Pamplona,11411-ESPECIALIZACION EN GESTION DE PROYECTOS INFORMATICOS,Femenino,2010-1,2020,Dependiente,Actividades de servicios administrativos y de apoyo,Entre 9 y 11 SMMLV,Más de 9 SMMLV,1
1212-Universidad de Pamplona,11411-ESPECIALIZACION EN GESTION DE PROYECTOS INFORMATICOS,Femenino,2010-1,2020,Dependiente,"Actividades profesionales, científicas y técnicas",1 SMMLV,1 SMMLV,5
1212-Universidad de Pamplona,11411-ESPECIALIZACION EN GESTION DE PROYECTOS INFORMATICOS,Femenino,2010-1,2020,Dependiente,"Actividades profesionales, científicas y técnicas","Entre 1 y 1,5 SMMLV","Entre 1 y 1,5 SMMLV",1
1212-Universidad de Pamplona,11411-ESPECIALIZACION EN GESTION DE PROYECTOS INFORMATICOS,Femenino,2010-1,2020,Dependiente,"Actividades profesionales, científicas y técnicas","Entre 1,5 y 2 SMMLV","Entre 1,5 y 2,5 SMMLV",1
1212-Universidad de Pamplona,11411-ESPECIALIZACION EN GESTION DE PROYECTOS INFORMATICOS,Femenino,2010-1,2020,Dependiente,"Actividades profesionales, científicas y técnicas","Entre 2 y 2 ,5 SMMLV","Entre 1,5 y 2,5 SMMLV",2
1212-Universidad de Pamplona,11411-ESPECIALIZACION EN GESTION DE PROYECTOS INFORMATICOS,Femenino,2010-1,2020,Dependiente,"Actividades profesionales, científicas y técnicas","Entre 2,5 y 3 SMMLV","Entre 2,5 y 4 SMMLV",3
1212-Universidad de Pamplona,11411-ESPECIALIZACION EN GESTION DE PROYECTOS INFORMATICOS,Femenino,2010-1,2020,Dependiente,"Actividades profesionales, científicas y técnicas","Entre 3 y 3,5 SMMLV","Entre 2,5 y 4 SMMLV",1
1212-Universidad de Pamplona,11411-ESPECIALIZACION EN GESTION DE PROYECTOS INFORMATICOS,Femenino,2010-1,2020,Dependiente,"Actividades profesionales, científicas y técnicas","Entre 4 y 4,5 SMMLV",Entre 4 y 6 SMMLV,8
1212-Universidad de Pamplona,11411-ESPECIALIZACION EN GESTION DE PROYECTOS INFORMATICOS,Femenino,2010-1,2020,Dependiente,"Actividades profesionales, científicas y técnicas","Entre 4,5 y 5 SMMLV",Entre 4 y 6 SMMLV,179
1212-Universidad de Pamplona,11411-ESPECIALIZACION EN GESTION DE PROYECTOS INFORMATICOS,Femenino,2010-1,2020,Dependiente,"Actividades profesionales, científicas y técnicas",Entre 5 y 6 SMMLV,Entre 4 y 6 SMMLV,14
1212-Universidad de Pamplona,11411-ESPECIALIZACION EN GESTION DE PROYECTOS INFORMATICOS,Femenino,2010-1,2020,Dependiente,"Actividades profesionales, científicas y técnicas",Entre 6 y 7 SMMLV,Entre 6 y 9 SMMLV,1
1212-Universidad de Pamplona,11411-ESPECIALIZACION EN GESTION DE PROYECTOS INFORMATICOS,Femenino,2010-1,2020,Dependiente,"Actividades profesionales, científicas y técnicas",Entre 7 y 8 SMMLV,Entre 6 y 9 SMMLV,1
1212-Universidad de Pamplona,11411-ESPECIALIZACION EN GESTION DE PROYECTOS INFORMATICOS,Femenino,2010-1,2020,Dependiente,Administración pública y defensa; planes de seguridad social de afiliación obligatoria,"Entre 1,5 y 2 SMMLV","Entre 1,5 y 2,5 SMMLV",1
1212-Universidad de Pamplona,11411-ESPECIALIZACION EN GESTION DE PROYECTOS INFORMATICOS,Femenino,2010-1,2020,Dependiente,Administración pública y defensa; planes de seguridad social de afiliación obligatoria,"Entre 2,5 y 3 SMMLV","Entre 2,5 y 4 SMMLV",2
1212-Universidad de Pamplona,11411-ESPECIALIZACION EN GESTION DE PROYECTOS INFORMATICOS,Femenino,2010-1,2020,Dependiente,Administración pública y defensa; planes de seguridad social de afiliación obligatoria,"Entre 3 y 3,5 SMMLV","Entre 2,5 y 4 SMMLV",2
1212-Universidad de Pamplona,11411-ESPECIALIZACION EN GESTION DE PROYECTOS INFORMATICOS,Femenino,2010-1,2020,Dependiente,Administración pública y defensa; planes de seguridad social de afiliación obligatoria,"Entre 3,5 y 4 SMMLV","Entre 2,5 y 4 SMMLV",3
1212-Universidad de Pamplona,11411-ESPECIALIZACION EN GESTION DE PROYECTOS INFORMATICOS,Femenino,2010-1,2020,Dependiente,Administración pública y defensa; planes de seguridad social de afiliación obligatoria,"Entre 4 y 4,5 SMMLV",Entre 4 y 6 SMMLV,1
1212-Universidad de Pamplona,11411-ESPECIALIZACION EN GESTION DE PROYECTOS INFORMATICOS,Femenino,2010-1,2020,Dependiente,Administración pública y defensa; planes de seguridad social de afiliación obligatoria,"Entre 4,5 y 5 SMMLV",Entre 4 y 6 SMMLV,45
1212-Universidad de Pamplona,11411-ESPECIALIZACION EN GESTION DE PROYECTOS INFORMATICOS,Femenino,2010-1,2020,Dependiente,Administración pública y defensa; planes de seguridad social de afiliación obligatoria,Entre 5 y 6 SMMLV,Entre 4 y 6 SMMLV,11
1212-Universidad de Pamplona,11411-ESPECIALIZACION EN GESTION DE PROYECTOS INFORMATICOS,Femenino,2010-1,2020,Dependiente,Administración pública y defensa; planes de seguridad social de afiliación obligatoria,Entre 6 y 7 SMMLV,Entre 6 y 9 SMMLV,3
1212-Universidad de Pamplona,11411-ESPECIALIZACION EN GESTION DE PROYECTOS INFORMATICOS,Femenino,2010-1,2020,Dependiente,Educación,"Entre 2,5 y 3 SMMLV","Entre 2,5 y 4 SMMLV",1
1212-Universidad de Pamplona,11411-ESPECIALIZACION EN GESTION DE PROYECTOS INFORMATICOS,Femenino,2010-1,2020,Dependiente,Información y comunicaciones,"Entre 3 y 3,5 SMMLV","Entre 2,5 y 4 SMMLV",1
1212-Universidad de Pamplona,11411-ESPECIALIZACION EN GESTION DE PROYECTOS INFORMATICOS,Femenino,2010-1,2020,Dependiente,Otras actividades de servicios,"Entre 1 y 1,5 SMMLV","Entre 1 y 1,5 SMMLV",1
1212-Universidad de Pamplona,11411-ESPECIALIZACION EN GESTION DE PROYECTOS INFORMATICOS,Femenino,2010-1,2020,Dependiente,Otras actividades de servicios,"Entre 2 y 2 ,5 SMMLV","Entre 1,5 y 2,5 SMMLV",2
1212-Universidad de Pamplona,11411-ESPECIALIZACION EN GESTION DE PROYECTOS INFORMATICOS,Femenino,2010-1,2020,Dependiente,Otras actividades de servicios,"Entre 2,5 y 3 SMMLV","Entre 2,5 y 4 SMMLV",1
1212-Universidad de Pamplona,11411-ESPECIALIZACION EN GESTION DE PROYECTOS INFORMATICOS,Femenino,2010-1,2020,Dependiente,Otras actividades de servicios,"Entre 4,5 y 5 SMMLV",Entre 4 y 6 SMMLV,2
1212-Universidad de Pamplona,11411-ESPECIALIZACION EN GESTION DE PROYECTOS INFORMATICOS,Femenino,2010-1,2021,Dependiente,Actividades de atención de la salud humana y de asistencia social,"Entre 1 y 1,5 SMMLV","Entre 1 y 1,5 SMMLV",1
1212-Universidad de Pamplona,11411-ESPECIALIZACION EN GESTION DE PROYECTOS INFORMATICOS,Femenino,2010-1,2021,Dependiente,"Actividades profesionales, científicas y técnicas","Entre 1 y 1,5 SMMLV","Entre 1 y 1,5 SMMLV",1
1212-Universidad de Pamplona,11411-ESPECIALIZACION EN GESTION DE PROYECTOS INFORMATICOS,Femenino,2010-1,2021,Dependiente,"Actividades profesionales, científicas y técnicas","Entre 2 y 2 ,5 SMMLV","Entre 1,5 y 2,5 SMMLV",4
1212-Universidad de Pamplona,11411-ESPECIALIZACION EN GESTION DE PROYECTOS INFORMATICOS,Femenino,2010-1,2021,Dependiente,"Actividades profesionales, científicas y técnicas","Entre 3 y 3,5 SMMLV","Entre 2,5 y 4 SMMLV",1
1212-Universidad de Pamplona,11411-ESPECIALIZACION EN GESTION DE PROYECTOS INFORMATICOS,Femenino,2010-1,2021,Dependiente,"Actividades profesionales, científicas y técnicas","Entre 3,5 y 4 SMMLV","Entre 2,5 y 4 SMMLV",2
1212-Universidad de Pamplona,11411-ESPECIALIZACION EN GESTION DE PROYECTOS INFORMATICOS,Femenino,2010-1,2021,Dependiente,"Actividades profesionales, científicas y técnicas","Entre 4 y 4,5 SMMLV",Entre 4 y 6 SMMLV,6
1212-Universidad de Pamplona,11411-ESPECIALIZACION EN GESTION DE PROYECTOS INFORMATICOS,Femenino,2010-1,2021,Dependiente,"Actividades profesionales, científicas y técnicas","Entre 4,5 y 5 SMMLV",Entre 4 y 6 SMMLV,175
1212-Universidad de Pamplona,11411-ESPECIALIZACION EN GESTION DE PROYECTOS INFORMATICOS,Femenino,2010-1,2021,Dependiente,"Actividades profesionales, científicas y técnicas",Entre 5 y 6 SMMLV,Entre 4 y 6 SMMLV,20
1212-Universidad de Pamplona,11411-ESPECIALIZACION EN GESTION DE PROYECTOS INFORMATICOS,Femenino,2010-1,2021,Dependiente,"Actividades profesionales, científicas y técnicas",Entre 7 y 8 SMMLV,Entre 6 y 9 SMMLV,1
1212-Universidad de Pamplona,11411-ESPECIALIZACION EN GESTION DE PROYECTOS INFORMATICOS,Femenino,2010-1,2021,Dependiente,Administración pública y defensa; planes de seguridad social de afiliación obligatoria,"Entre 1,5 y 2 SMMLV","Entre 1,5 y 2,5 SMMLV",1
1212-Universidad de Pamplona,11411-ESPECIALIZACION EN GESTION DE PROYECTOS INFORMATICOS,Femenino,2010-1,2021,Dependiente,Administración pública y defensa; planes de seguridad social de afiliación obligatoria,"Entre 2,5 y 3 SMMLV","Entre 2,5 y 4 SMMLV",1
1212-Universidad de Pamplona,11411-ESPECIALIZACION EN GESTION DE PROYECTOS INFORMATICOS,Femenino,2010-1,2021,Dependiente,Administración pública y defensa; planes de seguridad social de afiliación obligatoria,"Entre 3 y 3,5 SMMLV","Entre 2,5 y 4 SMMLV",7
1212-Universidad de Pamplona,11411-ESPECIALIZACION EN GESTION DE PROYECTOS INFORMATICOS,Femenino,2010-1,2021,Dependiente,Administración pública y defensa; planes de seguridad social de afiliación obligatoria,"Entre 3,5 y 4 SMMLV","Entre 2,5 y 4 SMMLV",1
1212-Universidad de Pamplona,11411-ESPECIALIZACION EN GESTION DE PROYECTOS INFORMATICOS,Femenino,2010-1,2021,Dependiente,Administración pública y defensa; planes de seguridad social de afiliación obligatoria,"Entre 4,5 y 5 SMMLV",Entre 4 y 6 SMMLV,49
1212-Universidad de Pamplona,11411-ESPECIALIZACION EN GESTION DE PROYECTOS INFORMATICOS,Femenino,2010-1,2021,Dependiente,Administración pública y defensa; planes de seguridad social de afiliación obligatoria,Entre 5 y 6 SMMLV,Entre 4 y 6 SMMLV,8
1212-Universidad de Pamplona,11411-ESPECIALIZACION EN GESTION DE PROYECTOS INFORMATICOS,Femenino,2010-1,2021,Dependiente,Administración pública y defensa; planes de seguridad social de afiliación obligatoria,Entre 6 y 7 SMMLV,Entre 6 y 9 SMMLV,1
1212-Universidad de Pamplona,11411-ESPECIALIZACION EN GESTION DE PROYECTOS INFORMATICOS,Femenino,2010-1,2021,Dependiente,Administración pública y defensa; planes de seguridad social de afiliación obligatoria,Entre 9 y 11 SMMLV,Más de 9 SMMLV,1
1212-Universidad de Pamplona,11411-ESPECIALIZACION EN GESTION DE PROYECTOS INFORMATICOS,Femenino,2010-1,2021,Dependiente,Educación,"Entre 2,5 y 3 SMMLV","Entre 2,5 y 4 SMMLV",1
1212-Universidad de Pamplona,11411-ESPECIALIZACION EN GESTION DE PROYECTOS INFORMATICOS,Femenino,2010-1,2021,Dependiente,Otras actividades de servicios,"Entre 1,5 y 2 SMMLV","Entre 1,5 y 2,5 SMMLV",1
1212-Universidad de Pamplona,11411-ESPECIALIZACION EN GESTION DE PROYECTOS INFORMATICOS,Femenino,2010-1,2021,Dependiente,Otras actividades de servicios,"Entre 2 y 2 ,5 SMMLV","Entre 1,5 y 2,5 SMMLV",1
1212-Universidad de Pamplona,11411-ESPECIALIZACION EN GESTION DE PROYECTOS INFORMATICOS,Femenino,2010-1,2022,Dependiente,Actividades de atención de la salud humana y de asistencia social,"Entre 1 y 1,5 SMMLV","Entre 1 y 1,5 SMMLV",1
1212-Universidad de Pamplona,11411-ESPECIALIZACION EN GESTION DE PROYECTOS INFORMATICOS,Femenino,2010-1,2022,Dependiente,Actividades de servicios administrativos y de apoyo,"Entre 2,5 y 3 SMMLV","Entre 2,5 y 4 SMMLV",1
1212-Universidad de Pamplona,11411-ESPECIALIZACION EN GESTION DE PROYECTOS INFORMATICOS,Femenino,2010-1,2022,Dependiente,Actividades de servicios administrativos y de apoyo,"Entre 3,5 y 4 SMMLV","Entre 2,5 y 4 SMMLV",1
1212-Universidad de Pamplona,11411-ESPECIALIZACION EN GESTION DE PROYECTOS INFORMATICOS,Femenino,2010-1,2022,Dependiente,Actividades de servicios administrativos y de apoyo,"Entre 4,5 y 5 SMMLV",Entre 4 y 6 SMMLV,6
1212-Universidad de Pamplona,11411-ESPECIALIZACION EN GESTION DE PROYECTOS INFORMATICOS,Femenino,2010-1,2022,Dependiente,Actividades de servicios administrativos y de apoyo,Entre 5 y 6 SMMLV,Entre 4 y 6 SMMLV,4
1212-Universidad de Pamplona,11411-ESPECIALIZACION EN GESTION DE PROYECTOS INFORMATICOS,Femenino,2010-1,2022,Dependiente,"Actividades profesionales, científicas y técnicas",1 SMMLV,1 SMMLV,4
1212-Universidad de Pamplona,11411-ESPECIALIZACION EN GESTION DE PROYECTOS INFORMATICOS,Femenino,2010-1,2022,Dependiente,"Actividades profesionales, científicas y técnicas","Entre 1 y 1,5 SMMLV","Entre 1 y 1,5 SMMLV",1
1212-Universidad de Pamplona,11411-ESPECIALIZACION EN GESTION DE PROYECTOS INFORMATICOS,Femenino,2010-1,2022,Dependiente,"Actividades profesionales, científicas y técnicas","Entre 2 y 2 ,5 SMMLV","Entre 1,5 y 2,5 SMMLV",1
1212-Universidad de Pamplona,11411-ESPECIALIZACION EN GESTION DE PROYECTOS INFORMATICOS,Femenino,2010-1,2022,Dependiente,"Actividades profesionales, científicas y técnicas","Entre 2,5 y 3 SMMLV","Entre 2,5 y 4 SMMLV",4
1212-Universidad de Pamplona,11411-ESPECIALIZACION EN GESTION DE PROYECTOS INFORMATICOS,Femenino,2010-1,2022,Dependiente,"Actividades profesionales, científicas y técnicas","Entre 4 y 4,5 SMMLV",Entre 4 y 6 SMMLV,13
1212-Universidad de Pamplona,11411-ESPECIALIZACION EN GESTION DE PROYECTOS INFORMATICOS,Femenino,2010-1,2022,Dependiente,"Actividades profesionales, científicas y técnicas","Entre 4,5 y 5 SMMLV",Entre 4 y 6 SMMLV,155
1212-Universidad de Pamplona,11411-ESPECIALIZACION EN GESTION DE PROYECTOS INFORMATICOS,Femenino,2010-1,2022,Dependiente,"Actividades profesionales, científicas y técnicas",Entre 5 y 6 SMMLV,Entre 4 y 6 SMMLV,19
1212-Universidad de Pamplona,11411-ESPECIALIZACION EN GESTION DE PROYECTOS INFORMATICOS,Femenino,2010-1,2022,Dependiente,"Actividades profesionales, científicas y técnicas",Entre 6 y 7 SMMLV,Entre 6 y 9 SMMLV,3
1212-Universidad de Pamplona,11411-ESPECIALIZACION EN GESTION DE PROYECTOS INFORMATICOS,Femenino,2010-1,2022,Dependiente,"Actividades profesionales, científicas y técnicas",Entre 7 y 8 SMMLV,Entre 6 y 9 SMMLV,1
1212-Universidad de Pamplona,11411-ESPECIALIZACION EN GESTION DE PROYECTOS INFORMATICOS,Femenino,2010-1,2022,Dependiente,Administración pública y defensa; planes de seguridad social de afiliación obligatoria,1 SMMLV,1 SMMLV,1
1212-Universidad de Pamplona,11411-ESPECIALIZACION EN GESTION DE PROYECTOS INFORMATICOS,Femenino,2010-1,2022,Dependiente,Administración pública y defensa; planes de seguridad social de afiliación obligatoria,"Entre 1,5 y 2 SMMLV","Entre 1,5 y 2,5 SMMLV",1
1212-Universidad de Pamplona,11411-ESPECIALIZACION EN GESTION DE PROYECTOS INFORMATICOS,Femenino,2010-1,2022,Dependiente,Administración pública y defensa; planes de seguridad social de afiliación obligatoria,"Entre 2 y 2 ,5 SMMLV","Entre 1,5 y 2,5 SMMLV",1
1212-Universidad de Pamplona,11411-ESPECIALIZACION EN GESTION DE PROYECTOS INFORMATICOS,Femenino,2010-1,2022,Dependiente,Administración pública y defensa; planes de seguridad social de afiliación obligatoria,"Entre 3 y 3,5 SMMLV","Entre 2,5 y 4 SMMLV",2
1212-Universidad de Pamplona,11411-ESPECIALIZACION EN GESTION DE PROYECTOS INFORMATICOS,Femenino,2010-1,2022,Dependiente,Administración pública y defensa; planes de seguridad social de afiliación obligatoria,"Entre 3,5 y 4 SMMLV","Entre 2,5 y 4 SMMLV",3
1212-Universidad de Pamplona,11411-ESPECIALIZACION EN GESTION DE PROYECTOS INFORMATICOS,Femenino,2010-1,2022,Dependiente,Administración pública y defensa; planes de seguridad social de afiliación obligatoria,"Entre 4 y 4,5 SMMLV",Entre 4 y 6 SMMLV,2
1212-Universidad de Pamplona,11411-ESPECIALIZACION EN GESTION DE PROYECTOS INFORMATICOS,Femenino,2010-1,2022,Dependiente,Administración pública y defensa; planes de seguridad social de afiliación obligatoria,"Entre 4,5 y 5 SMMLV",Entre 4 y 6 SMMLV,35
1212-Universidad de Pamplona,11411-ESPECIALIZACION EN GESTION DE PROYECTOS INFORMATICOS,Femenino,2010-1,2022,Dependiente,Administración pública y defensa; planes de seguridad social de afiliación obligatoria,Entre 5 y 6 SMMLV,Entre 4 y 6 SMMLV,12
1212-Universidad de Pamplona,11411-ESPECIALIZACION EN GESTION DE PROYECTOS INFORMATICOS,Femenino,2010-1,2022,Dependiente,Administración pública y defensa; planes de seguridad social de afiliación obligatoria,Entre 6 y 7 SMMLV,Entre 6 y 9 SMMLV,1
1212-Universidad de Pamplona,11411-ESPECIALIZACION EN GESTION DE PROYECTOS INFORMATICOS,Femenino,2010-1,2022,Dependiente,Administración pública y defensa; planes de seguridad social de afiliación obligatoria,Entre 8 y 9 SMMLV,Entre 6 y 9 SMMLV,1
1212-Universidad de Pamplona,11411-ESPECIALIZACION EN GESTION DE PROYECTOS INFORMATICOS,Femenino,2010-1,2022,Dependiente,Educación,"Entre 2,5 y 3 SMMLV","Entre 2,5 y 4 SMMLV",1
1212-Universidad de Pamplona,11411-ESPECIALIZACION EN GESTION DE PROYECTOS INFORMATICOS,Femenino,2010-1,2022,Dependiente,Industrias manufactureras,1 SMMLV,1 SMMLV,1
1212-Universidad de Pamplona,11411-ESPECIALIZACION EN GESTION DE PROYECTOS INFORMATICOS,Femenino,2010-1,2022,Dependiente,Otras actividades de servicios,"Entre 2 y 2 ,5 SMMLV","Entre 1,5 y 2,5 SMMLV",2
1212-Universidad de Pamplona,11411-ESPECIALIZACION EN GESTION DE PROYECTOS INFORMATICOS,Femenino,2010-1,2023,Dependiente,Actividades de atención de la salud humana y de asistencia social,"Entre 1 y 1,5 SMMLV","Entre 1 y 1,5 SMMLV",1
1212-Universidad de Pamplona,11411-ESPECIALIZACION EN GESTION DE PROYECTOS INFORMATICOS,Femenino,2010-1,2023,Dependiente,Actividades financieras y de seguros,Entre 7 y 8 SMMLV,Entre 6 y 9 SMMLV,1
1212-Universidad de Pamplona,11411-ESPECIALIZACION EN GESTION DE PROYECTOS INFORMATICOS,Femenino,2010-1,2023,Dependiente,"Actividades profesionales, científicas y técnicas",1 SMMLV,1 SMMLV,2
1212-Universidad de Pamplona,11411-ESPECIALIZACION EN GESTION DE PROYECTOS INFORMATICOS,Femenino,2010-1,2023,Dependiente,"Actividades profesionales, científicas y técnicas","Entre 1 y 1,5 SMMLV","Entre 1 y 1,5 SMMLV",1
1212-Universidad de Pamplona,11411-ESPECIALIZACION EN GESTION DE PROYECTOS INFORMATICOS,Femenino,2010-1,2023,Dependiente,"Actividades profesionales, científicas y técnicas","Entre 2 y 2 ,5 SMMLV","Entre 1,5 y 2,5 SMMLV",2
1212-Universidad de Pamplona,11411-ESPECIALIZACION EN GESTION DE PROYECTOS INFORMATICOS,Femenino,2010-1,2023,Dependiente,"Actividades profesionales, científicas y técnicas","Entre 2,5 y 3 SMMLV","Entre 2,5 y 4 SMMLV",3
1212-Universidad de Pamplona,11411-ESPECIALIZACION EN GESTION DE PROYECTOS INFORMATICOS,Femenino,2010-1,2023,Dependiente,"Actividades profesionales, científicas y técnicas","Entre 3 y 3,5 SMMLV","Entre 2,5 y 4 SMMLV",1
1212-Universidad de Pamplona,11411-ESPECIALIZACION EN GESTION DE PROYECTOS INFORMATICOS,Femenino,2010-1,2023,Dependiente,"Actividades profesionales, científicas y técnicas","Entre 3,5 y 4 SMMLV","Entre 2,5 y 4 SMMLV",2
1212-Universidad de Pamplona,11411-ESPECIALIZACION EN GESTION DE PROYECTOS INFORMATICOS,Femenino,2010-1,2023,Dependiente,"Actividades profesionales, científicas y técnicas","Entre 4 y 4,5 SMMLV",Entre 4 y 6 SMMLV,6
1212-Universidad de Pamplona,11411-ESPECIALIZACION EN GESTION DE PROYECTOS INFORMATICOS,Femenino,2010-1,2023,Dependiente,"Actividades profesionales, científicas y técnicas","Entre 4,5 y 5 SMMLV",Entre 4 y 6 SMMLV,155
1212-Universidad de Pamplona,11411-ESPECIALIZACION EN GESTION DE PROYECTOS INFORMATICOS,Femenino,2010-1,2023,Dependiente,"Actividades profesionales, científicas y técnicas",Entre 5 y 6 SMMLV,Entre 4 y 6 SMMLV,16
1212-Universidad de Pamplona,11411-ESPECIALIZACION EN GESTION DE PROYECTOS INFORMATICOS,Femenino,2010-1,2023,Dependiente,"Actividades profesionales, científicas y técnicas",Entre 6 y 7 SMMLV,Entre 6 y 9 SMMLV,2
1212-Universidad de Pamplona,11411-ESPECIALIZACION EN GESTION DE PROYECTOS INFORMATICOS,Femenino,2010-1,2023,Dependiente,"Actividades profesionales, científicas y técnicas",Entre 9 y 11 SMMLV,Más de 9 SMMLV,1
1212-Universidad de Pamplona,11411-ESPECIALIZACION EN GESTION DE PROYECTOS INFORMATICOS,Femenino,2010-1,2023,Dependiente,Administración pública y defensa; planes de seguridad social de afiliación obligatoria,1 SMMLV,1 SMMLV,1
1212-Universidad de Pamplona,11411-ESPECIALIZACION EN GESTION DE PROYECTOS INFORMATICOS,Femenino,2010-1,2023,Dependiente,Administración pública y defensa; planes de seguridad social de afiliación obligatoria,"Entre 1,5 y 2 SMMLV","Entre 1,5 y 2,5 SMMLV",1
1212-Universidad de Pamplona,11411-ESPECIALIZACION EN GESTION DE PROYECTOS INFORMATICOS,Femenino,2010-1,2023,Dependiente,Administración pública y defensa; planes de seguridad social de afiliación obligatoria,"Entre 2,5 y 3 SMMLV","Entre 2,5 y 4 SMMLV",3
1212-Universidad de Pamplona,11411-ESPECIALIZACION EN GESTION DE PROYECTOS INFORMATICOS,Femenino,2010-1,2023,Dependiente,Administración pública y defensa; planes de seguridad social de afiliación obligatoria,"Entre 3 y 3,5 SMMLV","Entre 2,5 y 4 SMMLV",6
1212-Universidad de Pamplona,11411-ESPECIALIZACION EN GESTION DE PROYECTOS INFORMATICOS,Femenino,2010-1,2023,Dependiente,Administración pública y defensa; planes de seguridad social de afiliación obligatoria,"Entre 3,5 y 4 SMMLV","Entre 2,5 y 4 SMMLV",1
1212-Universidad de Pamplona,11411-ESPECIALIZACION EN GESTION DE PROYECTOS INFORMATICOS,Femenino,2010-1,2023,Dependiente,Administración pública y defensa; planes de seguridad social de afiliación obligatoria,"Entre 4 y 4,5 SMMLV",Entre 4 y 6 SMMLV,3
1212-Universidad de Pamplona,11411-ESPECIALIZACION EN GESTION DE PROYECTOS INFORMATICOS,Femenino,2010-1,2023,Dependiente,Administración pública y defensa; planes de seguridad social de afiliación obligatoria,"Entre 4,5 y 5 SMMLV",Entre 4 y 6 SMMLV,43
1212-Universidad de Pamplona,11411-ESPECIALIZACION EN GESTION DE PROYECTOS INFORMATICOS,Femenino,2010-1,2023,Dependiente,Administración pública y defensa; planes de seguridad social de afiliación obligatoria,Entre 5 y 6 SMMLV,Entre 4 y 6 SMMLV,11
1212-Universidad de Pamplona,11411-ESPECIALIZACION EN GESTION DE PROYECTOS INFORMATICOS,Femenino,2010-1,2023,Dependiente,Administración pública y defensa; planes de seguridad social de afiliación obligatoria,Entre 6 y 7 SMMLV,Entre 6 y 9 SMMLV,1
1212-Universidad de Pamplona,11411-ESPECIALIZACION EN GESTION DE PROYECTOS INFORMATICOS,Femenino,2010-1,2023,Dependiente,Educación,"Entre 2,5 y 3 SMMLV","Entre 2,5 y 4 SMMLV",1
1212-Universidad de Pamplona,11411-ESPECIALIZACION EN GESTION DE PROYECTOS INFORMATICOS,Femenino,2010-1,2023,Dependiente,Información y comunicaciones,Entre 8 y 9 SMMLV,Entre 6 y 9 SMMLV,1
1212-Universidad de Pamplona,11411-ESPECIALIZACION EN GESTION DE PROYECTOS INFORMATICOS,Femenino,2010-1,2023,Dependiente,Otras actividades de servicios,"Entre 2 y 2 ,5 SMMLV","Entre 1,5 y 2,5 SMMLV",1
1212-Universidad de Pamplona,11411-ESPECIALIZACION EN GESTION DE PROYECTOS INFORMATICOS,Masculino,2010-1,2016,Dependiente,"Actividades profesionales, científicas y técnicas","Entre 2 y 2 ,5 SMMLV","Entre 1,5 y 2,5 SMMLV",1
1212-Universidad de Pamplona,11411-ESPECIALIZACION EN GESTION DE PROYECTOS INFORMATICOS,Masculino,2010-1,2016,Dependiente,"Actividades profesionales, científicas y técnicas","Entre 2,5 y 3 SMMLV","Entre 2,5 y 4 SMMLV",5
1212-Universidad de Pamplona,11411-ESPECIALIZACION EN GESTION DE PROYECTOS INFORMATICOS,Masculino,2010-1,2016,Dependiente,"Actividades profesionales, científicas y técnicas","Entre 3 y 3,5 SMMLV","Entre 2,5 y 4 SMMLV",1
1212-Universidad de Pamplona,11411-ESPECIALIZACION EN GESTION DE PROYECTOS INFORMATICOS,Masculino,2010-1,2016,Dependiente,"Actividades profesionales, científicas y técnicas","Entre 3,5 y 4 SMMLV","Entre 2,5 y 4 SMMLV",2
1212-Universidad de Pamplona,11411-ESPECIALIZACION EN GESTION DE PROYECTOS INFORMATICOS,Masculino,2010-1,2016,Dependiente,"Actividades profesionales, científicas y técnicas","Entre 4 y 4,5 SMMLV",Entre 4 y 6 SMMLV,3
1212-Universidad de Pamplona,11411-ESPECIALIZACION EN GESTION DE PROYECTOS INFORMATICOS,Masculino,2010-1,2016,Dependiente,"Actividades profesionales, científicas y técnicas","Entre 4,5 y 5 SMMLV",Entre 4 y 6 SMMLV,71
1212-Universidad de Pamplona,11411-ESPECIALIZACION EN GESTION DE PROYECTOS INFORMATICOS,Masculino,2010-1,2016,Dependiente,"Actividades profesionales, científicas y técnicas",Entre 5 y 6 SMMLV,Entre 4 y 6 SMMLV,5
1212-Universidad de Pamplona,11411-ESPECIALIZACION EN GESTION DE PROYECTOS INFORMATICOS,Masculino,2010-1,2016,Dependiente,"Actividades profesionales, científicas y técnicas",Entre 6 y 7 SMMLV,Entre 6 y 9 SMMLV,3
1212-Universidad de Pamplona,11411-ESPECIALIZACION EN GESTION DE PROYECTOS INFORMATICOS,Masculino,2010-1,2016,Dependiente,"Actividades profesionales, científicas y técnicas",Entre 8 y 9 SMMLV,Entre 6 y 9 SMMLV,1
1212-Universidad de Pamplona,11411-ESPECIALIZACION EN GESTION DE PROYECTOS INFORMATICOS,Masculino,2010-1,2016,Dependiente,Administración pública y defensa; planes de seguridad social de afiliación obligatoria,"Entre 2 y 2 ,5 SMMLV","Entre 1,5 y 2,5 SMMLV",1
1212-Universidad de Pamplona,11411-ESPECIALIZACION EN GESTION DE PROYECTOS INFORMATICOS,Masculino,2010-1,2016,Dependiente,Administración pública y defensa; planes de seguridad social de afiliación obligatoria,"Entre 2,5 y 3 SMMLV","Entre 2,5 y 4 SMMLV",2
1212-Universidad de Pamplona,11411-ESPECIALIZACION EN GESTION DE PROYECTOS INFORMATICOS,Masculino,2010-1,2016,Dependiente,Administración pública y defensa; planes de seguridad social de afiliación obligatoria,"Entre 3 y 3,5 SMMLV","Entre 2,5 y 4 SMMLV",4
1212-Universidad de Pamplona,11411-ESPECIALIZACION EN GESTION DE PROYECTOS INFORMATICOS,Masculino,2010-1,2016,Dependiente,Administración pública y defensa; planes de seguridad social de afiliación obligatoria,"Entre 3,5 y 4 SMMLV","Entre 2,5 y 4 SMMLV",3
1212-Universidad de Pamplona,11411-ESPECIALIZACION EN GESTION DE PROYECTOS INFORMATICOS,Masculino,2010-1,2016,Dependiente,Administración pública y defensa; planes de seguridad social de afiliación obligatoria,"Entre 4,5 y 5 SMMLV",Entre 4 y 6 SMMLV,39
1212-Universidad de Pamplona,11411-ESPECIALIZACION EN GESTION DE PROYECTOS INFORMATICOS,Masculino,2010-1,2016,Dependiente,Administración pública y defensa; planes de seguridad social de afiliación obligatoria,Entre 5 y 6 SMMLV,Entre 4 y 6 SMMLV,5
1212-Universidad de Pamplona,11411-ESPECIALIZACION EN GESTION DE PROYECTOS INFORMATICOS,Masculino,2010-1,2016,Dependiente,Administración pública y defensa; planes de seguridad social de afiliación obligatoria,Entre 6 y 7 SMMLV,Entre 6 y 9 SMMLV,1
1212-Universidad de Pamplona,11411-ESPECIALIZACION EN GESTION DE PROYECTOS INFORMATICOS,Masculino,2010-1,2016,Dependiente,Administración pública y defensa; planes de seguridad social de afiliación obligatoria,Entre 9 y 11 SMMLV,Más de 9 SMMLV,1
1212-Universidad de Pamplona,11411-ESPECIALIZACION EN GESTION DE PROYECTOS INFORMATICOS,Masculino,2010-1,2016,Dependiente,Comercio al por mayor y al por menor; reparación de vehículos automotores y motocicletas,1 SMMLV,1 SMMLV,1
1212-Universidad de Pamplona,11411-ESPECIALIZACION EN GESTION DE PROYECTOS INFORMATICOS,Masculino,2010-1,2016,Dependiente,Educación,"Entre 2,5 y 3 SMMLV","Entre 2,5 y 4 SMMLV",1
1212-Universidad de Pamplona,11411-ESPECIALIZACION EN GESTION DE PROYECTOS INFORMATICOS,Masculino,2010-1,2016,Dependiente,Educación,"Entre 3,5 y 4 SMMLV","Entre 2,5 y 4 SMMLV",1
1212-Universidad de Pamplona,11411-ESPECIALIZACION EN GESTION DE PROYECTOS INFORMATICOS,Masculino,2010-1,2016,Dependiente,Educación,Entre 5 y 6 SMMLV,Entre 4 y 6 SMMLV,1
1212-Universidad de Pamplona,11411-ESPECIALIZACION EN GESTION DE PROYECTOS INFORMATICOS,Masculino,2010-1,2016,Dependiente,Información y comunicaciones,"Entre 3,5 y 4 SMMLV","Entre 2,5 y 4 SMMLV",1
1212-Universidad de Pamplona,11411-ESPECIALIZACION EN GESTION DE PROYECTOS INFORMATICOS,Masculino,2010-1,2016,Dependiente,Información y comunicaciones,"Entre 4,5 y 5 SMMLV",Entre 4 y 6 SMMLV,1
1212-Universidad de Pamplona,11411-ESPECIALIZACION EN GESTION DE PROYECTOS INFORMATICOS,Masculino,2010-1,2016,Dependiente,Información y comunicaciones,Entre 5 y 6 SMMLV,Entre 4 y 6 SMMLV,1
1212-Universidad de Pamplona,11411-ESPECIALIZACION EN GESTION DE PROYECTOS INFORMATICOS,Masculino,2010-1,2016,Dependiente,Información y comunicaciones,Entre 6 y 7 SMMLV,Entre 6 y 9 SMMLV,1
1212-Universidad de Pamplona,11411-ESPECIALIZACION EN GESTION DE PROYECTOS INFORMATICOS,Masculino,2010-1,2016,Dependiente,Sin información,"Entre 2 y 2 ,5 SMMLV","Entre 1,5 y 2,5 SMMLV",1
1212-Universidad de Pamplona,11411-ESPECIALIZACION EN GESTION DE PROYECTOS INFORMATICOS,Masculino,2010-1,2016,Dependiente,Sin información,"Entre 4,5 y 5 SMMLV",Entre 4 y 6 SMMLV,1
1212-Universidad de Pamplona,11411-ESPECIALIZACION EN GESTION DE PROYECTOS INFORMATICOS,Masculino,2010-1,2017,Dependiente,Actividades de organizaciones y entidades extraterritoriales,"Entre 4,5 y 5 SMMLV",Entre 4 y 6 SMMLV,6
1212-Universidad de Pamplona,11411-ESPECIALIZACION EN GESTION DE PROYECTOS INFORMATICOS,Masculino,2010-1,2017,Dependiente,"Actividades profesionales, científicas y técnicas",1 SMMLV,1 SMMLV,1
1212-Universidad de Pamplona,11411-ESPECIALIZACION EN GESTION DE PROYECTOS INFORMATICOS,Masculino,2010-1,2017,Dependiente,"Actividades profesionales, científicas y técnicas","Entre 2 y 2 ,5 SMMLV","Entre 1,5 y 2,5 SMMLV",3
1212-Universidad de Pamplona,11411-ESPECIALIZACION EN GESTION DE PROYECTOS INFORMATICOS,Masculino,2010-1,2017,Dependiente,"Actividades profesionales, científicas y técnicas","Entre 2,5 y 3 SMMLV","Entre 2,5 y 4 SMMLV",1
1212-Universidad de Pamplona,11411-ESPECIALIZACION EN GESTION DE PROYECTOS INFORMATICOS,Masculino,2010-1,2017,Dependiente,"Actividades profesionales, científicas y técnicas","Entre 3 y 3,5 SMMLV","Entre 2,5 y 4 SMMLV",13
1212-Universidad de Pamplona,11411-ESPECIALIZACION EN GESTION DE PROYECTOS INFORMATICOS,Masculino,2010-1,2017,Dependiente,"Actividades profesionales, científicas y técnicas","Entre 3,5 y 4 SMMLV","Entre 2,5 y 4 SMMLV",3
1212-Universidad de Pamplona,11411-ESPECIALIZACION EN GESTION DE PROYECTOS INFORMATICOS,Masculino,2010-1,2017,Dependiente,"Actividades profesionales, científicas y técnicas","Entre 4 y 4,5 SMMLV",Entre 4 y 6 SMMLV,2
1212-Universidad de Pamplona,11411-ESPECIALIZACION EN GESTION DE PROYECTOS INFORMATICOS,Masculino,2010-1,2017,Dependiente,"Actividades profesionales, científicas y técnicas","Entre 4,5 y 5 SMMLV",Entre 4 y 6 SMMLV,87
1212-Universidad de Pamplona,11411-ESPECIALIZACION EN GESTION DE PROYECTOS INFORMATICOS,Masculino,2010-1,2017,Dependiente,"Actividades profesionales, científicas y técnicas",Entre 5 y 6 SMMLV,Entre 4 y 6 SMMLV,10
1212-Universidad de Pamplona,11411-ESPECIALIZACION EN GESTION DE PROYECTOS INFORMATICOS,Masculino,2010-1,2017,Dependiente,"Actividades profesionales, científicas y técnicas",Entre 6 y 7 SMMLV,Entre 6 y 9 SMMLV,3
1212-Universidad de Pamplona,11411-ESPECIALIZACION EN GESTION DE PROYECTOS INFORMATICOS,Masculino,2010-1,2017,Dependiente,"Actividades profesionales, científicas y técnicas",Entre 8 y 9 SMMLV,Entre 6 y 9 SMMLV,1
1212-Universidad de Pamplona,11411-ESPECIALIZACION EN GESTION DE PROYECTOS INFORMATICOS,Masculino,2010-1,2017,Dependiente,"Actividades profesionales, científicas y técnicas",Entre 9 y 11 SMMLV,Más de 9 SMMLV,1
1212-Universidad de Pamplona,11411-ESPECIALIZACION EN GESTION DE PROYECTOS INFORMATICOS,Masculino,2010-1,2017,Dependiente,Administración pública y defensa; planes de seguridad social de afiliación obligatoria,"Entre 4,5 y 5 SMMLV",Entre 4 y 6 SMMLV,8
1212-Universidad de Pamplona,11411-ESPECIALIZACION EN GESTION DE PROYECTOS INFORMATICOS,Masculino,2010-1,2017,Dependiente,Administración pública y defensa; planes de seguridad social de afiliación obligatoria,Entre 5 y 6 SMMLV,Entre 4 y 6 SMMLV,1
1212-Universidad de Pamplona,11411-ESPECIALIZACION EN GESTION DE PROYECTOS INFORMATICOS,Masculino,2010-1,2017,Dependiente,Educación,"Entre 3 y 3,5 SMMLV","Entre 2,5 y 4 SMMLV",1
1212-Universidad de Pamplona,11411-ESPECIALIZACION EN GESTION DE PROYECTOS INFORMATICOS,Masculino,2010-1,2017,Dependiente,Información y comunicaciones,"Entre 4 y 4,5 SMMLV",Entre 4 y 6 SMMLV,1
1212-Universidad de Pamplona,11411-ESPECIALIZACION EN GESTION DE PROYECTOS INFORMATICOS,Masculino,2010-1,2017,Dependiente,Información y comunicaciones,Entre 6 y 7 SMMLV,Entre 6 y 9 SMMLV,1
1212-Universidad de Pamplona,11411-ESPECIALIZACION EN GESTION DE PROYECTOS INFORMATICOS,Masculino,2010-1,2017,Dependiente,Sin información,"Entre 1 y 1,5 SMMLV","Entre 1 y 1,5 SMMLV",1
1212-Universidad de Pamplona,11411-ESPECIALIZACION EN GESTION DE PROYECTOS INFORMATICOS,Masculino,2010-1,2017,Dependiente,Sin información,"Entre 2,5 y 3 SMMLV","Entre 2,5 y 4 SMMLV",1
1212-Universidad de Pamplona,11411-ESPECIALIZACION EN GESTION DE PROYECTOS INFORMATICOS,Masculino,2010-1,2017,Dependiente,Sin información,"Entre 3 y 3,5 SMMLV","Entre 2,5 y 4 SMMLV",1
1212-Universidad de Pamplona,11411-ESPECIALIZACION EN GESTION DE PROYECTOS INFORMATICOS,Masculino,2010-1,2017,Dependiente,Sin información,"Entre 3,5 y 4 SMMLV","Entre 2,5 y 4 SMMLV",1
1212-Universidad de Pamplona,11411-ESPECIALIZACION EN GESTION DE PROYECTOS INFORMATICOS,Masculino,2010-1,2017,Dependiente,Sin información,"Entre 4 y 4,5 SMMLV",Entre 4 y 6 SMMLV,1
1212-Universidad de Pamplona,11411-ESPECIALIZACION EN GESTION DE PROYECTOS INFORMATICOS,Masculino,2010-1,2017,Dependiente,Sin información,"Entre 4,5 y 5 SMMLV",Entre 4 y 6 SMMLV,7
1212-Universidad de Pamplona,11411-ESPECIALIZACION EN GESTION DE PROYECTOS INFORMATICOS,Masculino,2010-1,2017,Dependiente,Sin información,Entre 6 y 7 SMMLV,Entre 6 y 9 SMMLV,1
1212-Universidad de Pamplona,11411-ESPECIALIZACION EN GESTION DE PROYECTOS INFORMATICOS,Masculino,2010-1,2018,Dependiente,Actividades de organizaciones y entidades extraterritoriales,"Entre 3 y 3,5 SMMLV","Entre 2,5 y 4 SMMLV",1
1212-Universidad de Pamplona,11411-ESPECIALIZACION EN GESTION DE PROYECTOS INFORMATICOS,Masculino,2010-1,2018,Dependiente,Actividades de organizaciones y entidades extraterritoriales,"Entre 4,5 y 5 SMMLV",Entre 4 y 6 SMMLV,21
1212-Universidad de Pamplona,11411-ESPECIALIZACION EN GESTION DE PROYECTOS INFORMATICOS,Masculino,2010-1,2018,Dependiente,Actividades de organizaciones y entidades extraterritoriales,Entre 5 y 6 SMMLV,Entre 4 y 6 SMMLV,1
1212-Universidad de Pamplona,11411-ESPECIALIZACION EN GESTION DE PROYECTOS INFORMATICOS,Masculino,2010-1,2018,Dependiente,"Actividades profesionales, científicas y técnicas",1 SMMLV,1 SMMLV,2
1212-Universidad de Pamplona,11411-ESPECIALIZACION EN GESTION DE PROYECTOS INFORMATICOS,Masculino,2010-1,2018,Dependiente,"Actividades profesionales, científicas y técnicas","Entre 2 y 2 ,5 SMMLV","Entre 1,5 y 2,5 SMMLV",4
1212-Universidad de Pamplona,11411-ESPECIALIZACION EN GESTION DE PROYECTOS INFORMATICOS,Masculino,2010-1,2018,Dependiente,"Actividades profesionales, científicas y técnicas","Entre 3 y 3,5 SMMLV","Entre 2,5 y 4 SMMLV",6
1212-Universidad de Pamplona,11411-ESPECIALIZACION EN GESTION DE PROYECTOS INFORMATICOS,Masculino,2010-1,2018,Dependiente,"Actividades profesionales, científicas y técnicas","Entre 3,5 y 4 SMMLV","Entre 2,5 y 4 SMMLV",1
1212-Universidad de Pamplona,11411-ESPECIALIZACION EN GESTION DE PROYECTOS INFORMATICOS,Masculino,2010-1,2018,Dependiente,"Actividades profesionales, científicas y técnicas","Entre 4 y 4,5 SMMLV",Entre 4 y 6 SMMLV,4
1212-Universidad de Pamplona,11411-ESPECIALIZACION EN GESTION DE PROYECTOS INFORMATICOS,Masculino,2010-1,2018,Dependiente,"Actividades profesionales, científicas y técnicas","Entre 4,5 y 5 SMMLV",Entre 4 y 6 SMMLV,72
1212-Universidad de Pamplona,11411-ESPECIALIZACION EN GESTION DE PROYECTOS INFORMATICOS,Masculino,2010-1,2018,Dependiente,"Actividades profesionales, científicas y técnicas",Entre 5 y 6 SMMLV,Entre 4 y 6 SMMLV,10
1212-Universidad de Pamplona,11411-ESPECIALIZACION EN GESTION DE PROYECTOS INFORMATICOS,Masculino,2010-1,2018,Dependiente,"Actividades profesionales, científicas y técnicas",Entre 6 y 7 SMMLV,Entre 6 y 9 SMMLV,1
1212-Universidad de Pamplona,11411-ESPECIALIZACION EN GESTION DE PROYECTOS INFORMATICOS,Masculino,2010-1,2018,Dependiente,"Actividades profesionales, científicas y técnicas",Entre 7 y 8 SMMLV,Entre 6 y 9 SMMLV,1
1212-Universidad de Pamplona,11411-ESPECIALIZACION EN GESTION DE PROYECTOS INFORMATICOS,Masculino,2010-1,2018,Dependiente,"Actividades profesionales, científicas y técnicas",Entre 8 y 9 SMMLV,Entre 6 y 9 SMMLV,1
1212-Universidad de Pamplona,11411-ESPECIALIZACION EN GESTION DE PROYECTOS INFORMATICOS,Masculino,2010-1,2018,Dependiente,Administración pública y defensa; planes de seguridad social de afiliación obligatoria,"Entre 4 y 4,5 SMMLV",Entre 4 y 6 SMMLV,1
1212-Universidad de Pamplona,11411-ESPECIALIZACION EN GESTION DE PROYECTOS INFORMATICOS,Masculino,2010-1,2018,Dependiente,Administración pública y defensa; planes de seguridad social de afiliación obligatoria,"Entre 4,5 y 5 SMMLV",Entre 4 y 6 SMMLV,7
1212-Universidad de Pamplona,11411-ESPECIALIZACION EN GESTION DE PROYECTOS INFORMATICOS,Masculino,2010-1,2018,Dependiente,Administración pública y defensa; planes de seguridad social de afiliación obligatoria,Entre 5 y 6 SMMLV,Entre 4 y 6 SMMLV,1
1212-Universidad de Pamplona,11411-ESPECIALIZACION EN GESTION DE PROYECTOS INFORMATICOS,Masculino,2010-1,2018,Dependiente,Educación,1 SMMLV,1 SMMLV,1
1212-Universidad de Pamplona,11411-ESPECIALIZACION EN GESTION DE PROYECTOS INFORMATICOS,Masculino,2010-1,2018,Dependiente,Educación,"Entre 3,5 y 4 SMMLV","Entre 2,5 y 4 SMMLV",1
1212-Universidad de Pamplona,11411-ESPECIALIZACION EN GESTION DE PROYECTOS INFORMATICOS,Masculino,2010-1,2018,Dependiente,Información y comunicaciones,Entre 6 y 7 SMMLV,Entre 6 y 9 SMMLV,2
1212-Universidad de Pamplona,11411-ESPECIALIZACION EN GESTION DE PROYECTOS INFORMATICOS,Masculino,2010-1,2018,Dependiente,Sin información,"Entre 1 y 1,5 SMMLV","Entre 1 y 1,5 SMMLV",3
1212-Universidad de Pamplona,11411-ESPECIALIZACION EN GESTION DE PROYECTOS INFORMATICOS,Masculino,2010-1,2018,Dependiente,Sin información,"Entre 1,5 y 2 SMMLV","Entre 1,5 y 2,5 SMMLV",1
1212-Universidad de Pamplona,11411-ESPECIALIZACION EN GESTION DE PROYECTOS INFORMATICOS,Masculino,2010-1,2018,Dependiente,Sin información,"Entre 2 y 2 ,5 SMMLV","Entre 1,5 y 2,5 SMMLV",3
1212-Universidad de Pamplona,11411-ESPECIALIZACION EN GESTION DE PROYECTOS INFORMATICOS,Masculino,2010-1,2018,Dependiente,Sin información,"Entre 2,5 y 3 SMMLV","Entre 2,5 y 4 SMMLV",4
1212-Universidad de Pamplona,11411-ESPECIALIZACION EN GESTION DE PROYECTOS INFORMATICOS,Masculino,2010-1,2018,Dependiente,Sin información,"Entre 3 y 3,5 SMMLV","Entre 2,5 y 4 SMMLV",3
1212-Universidad de Pamplona,11411-ESPECIALIZACION EN GESTION DE PROYECTOS INFORMATICOS,Masculino,2010-1,2018,Dependiente,Sin información,"Entre 3,5 y 4 SMMLV","Entre 2,5 y 4 SMMLV",3
1212-Universidad de Pamplona,11411-ESPECIALIZACION EN GESTION DE PROYECTOS INFORMATICOS,Masculino,2010-1,2018,Dependiente,Sin información,"Entre 4 y 4,5 SMMLV",Entre 4 y 6 SMMLV,1
1212-Universidad de Pamplona,11411-ESPECIALIZACION EN GESTION DE PROYECTOS INFORMATICOS,Masculino,2010-1,2018,Dependiente,Sin información,"Entre 4,5 y 5 SMMLV",Entre 4 y 6 SMMLV,5
1212-Universidad de Pamplona,11411-ESPECIALIZACION EN GESTION DE PROYECTOS INFORMATICOS,Masculino,2010-1,2018,Dependiente,Sin información,Entre 5 y 6 SMMLV,Entre 4 y 6 SMMLV,4
1212-Universidad de Pamplona,11411-ESPECIALIZACION EN GESTION DE PROYECTOS INFORMATICOS,Masculino,2010-1,2019,Dependiente,"Actividades profesionales, científicas y técnicas",1 SMMLV,1 SMMLV,1
1212-Universidad de Pamplona,11411-ESPECIALIZACION EN GESTION DE PROYECTOS INFORMATICOS,Masculino,2010-1,2019,Dependiente,"Actividades profesionales, científicas y técnicas","Entre 2 y 2 ,5 SMMLV","Entre 1,5 y 2,5 SMMLV",4
1212-Universidad de Pamplona,11411-ESPECIALIZACION EN GESTION DE PROYECTOS INFORMATICOS,Masculino,2010-1,2019,Dependiente,"Actividades profesionales, científicas y técnicas","Entre 2,5 y 3 SMMLV","Entre 2,5 y 4 SMMLV",2
1212-Universidad de Pamplona,11411-ESPECIALIZACION EN GESTION DE PROYECTOS INFORMATICOS,Masculino,2010-1,2019,Dependiente,"Actividades profesionales, científicas y técnicas","Entre 3 y 3,5 SMMLV","Entre 2,5 y 4 SMMLV",1
1212-Universidad de Pamplona,11411-ESPECIALIZACION EN GESTION DE PROYECTOS INFORMATICOS,Masculino,2010-1,2019,Dependiente,"Actividades profesionales, científicas y técnicas","Entre 3,5 y 4 SMMLV","Entre 2,5 y 4 SMMLV",2
1212-Universidad de Pamplona,11411-ESPECIALIZACION EN GESTION DE PROYECTOS INFORMATICOS,Masculino,2010-1,2019,Dependiente,"Actividades profesionales, científicas y técnicas","Entre 4 y 4,5 SMMLV",Entre 4 y 6 SMMLV,1
1212-Universidad de Pamplona,11411-ESPECIALIZACION EN GESTION DE PROYECTOS INFORMATICOS,Masculino,2010-1,2019,Dependiente,"Actividades profesionales, científicas y técnicas","Entre 4,5 y 5 SMMLV",Entre 4 y 6 SMMLV,17
1212-Universidad de Pamplona,11411-ESPECIALIZACION EN GESTION DE PROYECTOS INFORMATICOS,Masculino,2010-1,2019,Dependiente,"Actividades profesionales, científicas y técnicas",Entre 5 y 6 SMMLV,Entre 4 y 6 SMMLV,12
1212-Universidad de Pamplona,11411-ESPECIALIZACION EN GESTION DE PROYECTOS INFORMATICOS,Masculino,2010-1,2019,Dependiente,"Actividades profesionales, científicas y técnicas",Entre 6 y 7 SMMLV,Entre 6 y 9 SMMLV,1
1212-Universidad de Pamplona,11411-ESPECIALIZACION EN GESTION DE PROYECTOS INFORMATICOS,Masculino,2010-1,2019,Dependiente,"Actividades profesionales, científicas y técnicas",Entre 7 y 8 SMMLV,Entre 6 y 9 SMMLV,2
1212-Universidad de Pamplona,11411-ESPECIALIZACION EN GESTION DE PROYECTOS INFORMATICOS,Masculino,2010-1,2019,Dependiente,"Actividades profesionales, científicas y técnicas",Entre 8 y 9 SMMLV,Entre 6 y 9 SMMLV,1
1212-Universidad de Pamplona,11411-ESPECIALIZACION EN GESTION DE PROYECTOS INFORMATICOS,Masculino,2010-1,2019,Dependiente,Administración pública y defensa; planes de seguridad social de afiliación obligatoria,1 SMMLV,1 SMMLV,3
1212-Universidad de Pamplona,11411-ESPECIALIZACION EN GESTION DE PROYECTOS INFORMATICOS,Masculino,2010-1,2019,Dependiente,Administración pública y defensa; planes de seguridad social de afiliación obligatoria,"Entre 2,5 y 3 SMMLV","Entre 2,5 y 4 SMMLV",1
1212-Universidad de Pamplona,11411-ESPECIALIZACION EN GESTION DE PROYECTOS INFORMATICOS,Masculino,2010-1,2019,Dependiente,Administración pública y defensa; planes de seguridad social de afiliación obligatoria,"Entre 3 y 3,5 SMMLV","Entre 2,5 y 4 SMMLV",1
1212-Universidad de Pamplona,11411-ESPECIALIZACION EN GESTION DE PROYECTOS INFORMATICOS,Masculino,2010-1,2019,Dependiente,Administración pública y defensa; planes de seguridad social de afiliación obligatoria,"Entre 3,5 y 4 SMMLV","Entre 2,5 y 4 SMMLV",3
1212-Universidad de Pamplona,11411-ESPECIALIZACION EN GESTION DE PROYECTOS INFORMATICOS,Masculino,2010-1,2019,Dependiente,Administración pública y defensa; planes de seguridad social de afiliación obligatoria,"Entre 4,5 y 5 SMMLV",Entre 4 y 6 SMMLV,77
1212-Universidad de Pamplona,11411-ESPECIALIZACION EN GESTION DE PROYECTOS INFORMATICOS,Masculino,2010-1,2019,Dependiente,Administración pública y defensa; planes de seguridad social de afiliación obligatoria,Entre 5 y 6 SMMLV,Entre 4 y 6 SMMLV,15
1212-Universidad de Pamplona,11411-ESPECIALIZACION EN GESTION DE PROYECTOS INFORMATICOS,Masculino,2010-1,2019,Dependiente,Educación,"Entre 1 y 1,5 SMMLV","Entre 1 y 1,5 SMMLV",1
1212-Universidad de Pamplona,11411-ESPECIALIZACION EN GESTION DE PROYECTOS INFORMATICOS,Masculino,2010-1,2019,Dependiente,Educación,"Entre 3 y 3,5 SMMLV","Entre 2,5 y 4 SMMLV",1
1212-Universidad de Pamplona,11411-ESPECIALIZACION EN GESTION DE PROYECTOS INFORMATICOS,Masculino,2010-1,2019,Dependiente,Información y comunicaciones,Entre 6 y 7 SMMLV,Entre 6 y 9 SMMLV,1
1212-Universidad de Pamplona,11411-ESPECIALIZACION EN GESTION DE PROYECTOS INFORMATICOS,Masculino,2010-1,2019,Dependiente,Información y comunicaciones,Entre 7 y 8 SMMLV,Entre 6 y 9 SMMLV,1
1212-Universidad de Pamplona,11411-ESPECIALIZACION EN GESTION DE PROYECTOS INFORMATICOS,Masculino,2010-1,2019,Dependiente,Sin información,"Entre 1,5 y 2 SMMLV","Entre 1,5 y 2,5 SMMLV",1
1212-Universidad de Pamplona,11411-ESPECIALIZACION EN GESTION DE PROYECTOS INFORMATICOS,Masculino,2010-1,2019,Dependiente,Sin información,"Entre 3 y 3,5 SMMLV","Entre 2,5 y 4 SMMLV",4
1212-Universidad de Pamplona,11411-ESPECIALIZACION EN GESTION DE PROYECTOS INFORMATICOS,Masculino,2010-1,2019,Dependiente,Sin información,"Entre 3,5 y 4 SMMLV","Entre 2,5 y 4 SMMLV",2
1212-Universidad de Pamplona,11411-ESPECIALIZACION EN GESTION DE PROYECTOS INFORMATICOS,Masculino,2010-1,2019,Dependiente,Sin información,"Entre 4,5 y 5 SMMLV",Entre 4 y 6 SMMLV,1
1212-Universidad de Pamplona,11411-ESPECIALIZACION EN GESTION DE PROYECTOS INFORMATICOS,Masculino,2010-1,2019,Dependiente,Sin información,Entre 5 y 6 SMMLV,Entre 4 y 6 SMMLV,1
1212-Universidad de Pamplona,11411-ESPECIALIZACION EN GESTION DE PROYECTOS INFORMATICOS,Masculino,2010-1,2020,Dependiente,"Actividades profesionales, científicas y técnicas",1 SMMLV,1 SMMLV,1
1212-Universidad de Pamplona,11411-ESPECIALIZACION EN GESTION DE PROYECTOS INFORMATICOS,Masculino,2010-1,2020,Dependiente,"Actividades profesionales, científicas y técnicas","Entre 2 y 2 ,5 SMMLV","Entre 1,5 y 2,5 SMMLV",2
1212-Universidad de Pamplona,11411-ESPECIALIZACION EN GESTION DE PROYECTOS INFORMATICOS,Masculino,2010-1,2020,Dependiente,"Actividades profesionales, científicas y técnicas","Entre 2,5 y 3 SMMLV","Entre 2,5 y 4 SMMLV",1
1212-Universidad de Pamplona,11411-ESPECIALIZACION EN GESTION DE PROYECTOS INFORMATICOS,Masculino,2010-1,2020,Dependiente,"Actividades profesionales, científicas y técnicas","Entre 3 y 3,5 SMMLV","Entre 2,5 y 4 SMMLV",1
1212-Universidad de Pamplona,11411-ESPECIALIZACION EN GESTION DE PROYECTOS INFORMATICOS,Masculino,2010-1,2020,Dependiente,"Actividades profesionales, científicas y técnicas","Entre 3,5 y 4 SMMLV","Entre 2,5 y 4 SMMLV",2
1212-Universidad de Pamplona,11411-ESPECIALIZACION EN GESTION DE PROYECTOS INFORMATICOS,Masculino,2010-1,2020,Dependiente,"Actividades profesionales, científicas y técnicas","Entre 4 y 4,5 SMMLV",Entre 4 y 6 SMMLV,4
1212-Universidad de Pamplona,11411-ESPECIALIZACION EN GESTION DE PROYECTOS INFORMATICOS,Masculino,2010-1,2020,Dependiente,"Actividades profesionales, científicas y técnicas","Entre 4,5 y 5 SMMLV",Entre 4 y 6 SMMLV,80
1212-Universidad de Pamplona,11411-ESPECIALIZACION EN GESTION DE PROYECTOS INFORMATICOS,Masculino,2010-1,2020,Dependiente,"Actividades profesionales, científicas y técnicas",Entre 5 y 6 SMMLV,Entre 4 y 6 SMMLV,11
1212-Universidad de Pamplona,11411-ESPECIALIZACION EN GESTION DE PROYECTOS INFORMATICOS,Masculino,2010-1,2020,Dependiente,"Actividades profesionales, científicas y técnicas",Entre 6 y 7 SMMLV,Entre 6 y 9 SMMLV,1
1212-Universidad de Pamplona,11411-ESPECIALIZACION EN GESTION DE PROYECTOS INFORMATICOS,Masculino,2010-1,2020,Dependiente,"Actividades profesionales, científicas y técnicas",Entre 7 y 8 SMMLV,Entre 6 y 9 SMMLV,2
1212-Universidad de Pamplona,11411-ESPECIALIZACION EN GESTION DE PROYECTOS INFORMATICOS,Masculino,2010-1,2020,Dependiente,Administración pública y defensa; planes de seguridad social de afiliación obligatoria,"Entre 2,5 y 3 SMMLV","Entre 2,5 y 4 SMMLV",1
1212-Universidad de Pamplona,11411-ESPECIALIZACION EN GESTION DE PROYECTOS INFORMATICOS,Masculino,2010-1,2020,Dependiente,Administración pública y defensa; planes de seguridad social de afiliación obligatoria,"Entre 3 y 3,5 SMMLV","Entre 2,5 y 4 SMMLV",1
1212-Universidad de Pamplona,11411-ESPECIALIZACION EN GESTION DE PROYECTOS INFORMATICOS,Masculino,2010-1,2020,Dependiente,Administración pública y defensa; planes de seguridad social de afiliación obligatoria,"Entre 4,5 y 5 SMMLV",Entre 4 y 6 SMMLV,19
1212-Universidad de Pamplona,11411-ESPECIALIZACION EN GESTION DE PROYECTOS INFORMATICOS,Masculino,2010-1,2020,Dependiente,Administración pública y defensa; planes de seguridad social de afiliación obligatoria,Entre 5 y 6 SMMLV,Entre 4 y 6 SMMLV,5
1212-Universidad de Pamplona,11411-ESPECIALIZACION EN GESTION DE PROYECTOS INFORMATICOS,Masculino,2010-1,2020,Dependiente,Educación,Entre 6 y 7 SMMLV,Entre 6 y 9 SMMLV,1
1212-Universidad de Pamplona,11411-ESPECIALIZACION EN GESTION DE PROYECTOS INFORMATICOS,Masculino,2010-1,2020,Dependiente,Información y comunicaciones,"Entre 3 y 3,5 SMMLV","Entre 2,5 y 4 SMMLV",1
1212-Universidad de Pamplona,11411-ESPECIALIZACION EN GESTION DE PROYECTOS INFORMATICOS,Masculino,2010-1,2020,Dependiente,Información y comunicaciones,"Entre 3,5 y 4 SMMLV","Entre 2,5 y 4 SMMLV",1
1212-Universidad de Pamplona,11411-ESPECIALIZACION EN GESTION DE PROYECTOS INFORMATICOS,Masculino,2010-1,2020,Dependiente,Información y comunicaciones,Entre 6 y 7 SMMLV,Entre 6 y 9 SMMLV,1
1212-Universidad de Pamplona,11411-ESPECIALIZACION EN GESTION DE PROYECTOS INFORMATICOS,Masculino,2010-1,2020,Dependiente,Información y comunicaciones,Entre 9 y 11 SMMLV,Más de 9 SMMLV,1
1212-Universidad de Pamplona,11411-ESPECIALIZACION EN GESTION DE PROYECTOS INFORMATICOS,Masculino,2010-1,2020,Dependiente,Otras actividades de servicios,Entre 8 y 9 SMMLV,Entre 6 y 9 SMMLV,1
1212-Universidad de Pamplona,11411-ESPECIALIZACION EN GESTION DE PROYECTOS INFORMATICOS,Masculino,2010-1,2021,Dependiente,"Actividades profesionales, científicas y técnicas","Entre 2 y 2 ,5 SMMLV","Entre 1,5 y 2,5 SMMLV",3
1212-Universidad de Pamplona,11411-ESPECIALIZACION EN GESTION DE PROYECTOS INFORMATICOS,Masculino,2010-1,2021,Dependiente,"Actividades profesionales, científicas y técnicas","Entre 2,5 y 3 SMMLV","Entre 2,5 y 4 SMMLV",1
1212-Universidad de Pamplona,11411-ESPECIALIZACION EN GESTION DE PROYECTOS INFORMATICOS,Masculino,2010-1,2021,Dependiente,"Actividades profesionales, científicas y técnicas","Entre 3 y 3,5 SMMLV","Entre 2,5 y 4 SMMLV",2
1212-Universidad de Pamplona,11411-ESPECIALIZACION EN GESTION DE PROYECTOS INFORMATICOS,Masculino,2010-1,2021,Dependiente,"Actividades profesionales, científicas y técnicas","Entre 3,5 y 4 SMMLV","Entre 2,5 y 4 SMMLV",2
1212-Universidad de Pamplona,11411-ESPECIALIZACION EN GESTION DE PROYECTOS INFORMATICOS,Masculino,2010-1,2021,Dependiente,"Actividades profesionales, científicas y técnicas","Entre 4 y 4,5 SMMLV",Entre 4 y 6 SMMLV,2
1212-Universidad de Pamplona,11411-ESPECIALIZACION EN GESTION DE PROYECTOS INFORMATICOS,Masculino,2010-1,2021,Dependiente,"Actividades profesionales, científicas y técnicas","Entre 4,5 y 5 SMMLV",Entre 4 y 6 SMMLV,80
1212-Universidad de Pamplona,11411-ESPECIALIZACION EN GESTION DE PROYECTOS INFORMATICOS,Masculino,2010-1,2021,Dependiente,"Actividades profesionales, científicas y técnicas",Entre 5 y 6 SMMLV,Entre 4 y 6 SMMLV,9
1212-Universidad de Pamplona,11411-ESPECIALIZACION EN GESTION DE PROYECTOS INFORMATICOS,Masculino,2010-1,2021,Dependiente,"Actividades profesionales, científicas y técnicas",Entre 6 y 7 SMMLV,Entre 6 y 9 SMMLV,2
1212-Universidad de Pamplona,11411-ESPECIALIZACION EN GESTION DE PROYECTOS INFORMATICOS,Masculino,2010-1,2021,Dependiente,Administración pública y defensa; planes de seguridad social de afiliación obligatoria,"Entre 2 y 2 ,5 SMMLV","Entre 1,5 y 2,5 SMMLV",1
1212-Universidad de Pamplona,11411-ESPECIALIZACION EN GESTION DE PROYECTOS INFORMATICOS,Masculino,2010-1,2021,Dependiente,Administración pública y defensa; planes de seguridad social de afiliación obligatoria,"Entre 4,5 y 5 SMMLV",Entre 4 y 6 SMMLV,18
1212-Universidad de Pamplona,11411-ESPECIALIZACION EN GESTION DE PROYECTOS INFORMATICOS,Masculino,2010-1,2021,Dependiente,Administración pública y defensa; planes de seguridad social de afiliación obligatoria,Entre 5 y 6 SMMLV,Entre 4 y 6 SMMLV,6
1212-Universidad de Pamplona,11411-ESPECIALIZACION EN GESTION DE PROYECTOS INFORMATICOS,Masculino,2010-1,2021,Dependiente,Administración pública y defensa; planes de seguridad social de afiliación obligatoria,Entre 6 y 7 SMMLV,Entre 6 y 9 SMMLV,2
1212-Universidad de Pamplona,11411-ESPECIALIZACION EN GESTION DE PROYECTOS INFORMATICOS,Masculino,2010-1,2021,Dependiente,Información y comunicaciones,"Entre 2 y 2 ,5 SMMLV","Entre 1,5 y 2,5 SMMLV",1
1212-Universidad de Pamplona,11411-ESPECIALIZACION EN GESTION DE PROYECTOS INFORMATICOS,Masculino,2010-1,2021,Dependiente,Información y comunicaciones,"Entre 3 y 3,5 SMMLV","Entre 2,5 y 4 SMMLV",1
1212-Universidad de Pamplona,11411-ESPECIALIZACION EN GESTION DE PROYECTOS INFORMATICOS,Masculino,2010-1,2021,Dependiente,Información y comunicaciones,"Entre 4,5 y 5 SMMLV",Entre 4 y 6 SMMLV,1
1212-Universidad de Pamplona,11411-ESPECIALIZACION EN GESTION DE PROYECTOS INFORMATICOS,Masculino,2010-1,2021,Dependiente,Información y comunicaciones,Entre 5 y 6 SMMLV,Entre 4 y 6 SMMLV,1
1212-Universidad de Pamplona,11411-ESPECIALIZACION EN GESTION DE PROYECTOS INFORMATICOS,Masculino,2010-1,2021,Dependiente,Información y comunicaciones,Entre 11 y 13 SMMLV,Más de 9 SMMLV,1
1212-Universidad de Pamplona,11411-ESPECIALIZACION EN GESTION DE PROYECTOS INFORMATICOS,Masculino,2010-1,2021,Dependiente,Otras actividades de servicios,Entre 8 y 9 SMMLV,Entre 6 y 9 SMMLV,1
1212-Universidad de Pamplona,11411-ESPECIALIZACION EN GESTION DE PROYECTOS INFORMATICOS,Masculino,2010-1,2022,Dependiente,Actividades de servicios administrativos y de apoyo,"Entre 2,5 y 3 SMMLV","Entre 2,5 y 4 SMMLV",1
1212-Universidad de Pamplona,11411-ESPECIALIZACION EN GESTION DE PROYECTOS INFORMATICOS,Masculino,2010-1,2022,Dependiente,Actividades de servicios administrativos y de apoyo,"Entre 4,5 y 5 SMMLV",Entre 4 y 6 SMMLV,6
1212-Universidad de Pamplona,11411-ESPECIALIZACION EN GESTION DE PROYECTOS INFORMATICOS,Masculino,2010-1,2022,Dependiente,Actividades de servicios administrativos y de apoyo,Entre 5 y 6 SMMLV,Entre 4 y 6 SMMLV,3
1212-Universidad de Pamplona,11411-ESPECIALIZACION EN GESTION DE PROYECTOS INFORMATICOS,Masculino,2010-1,2022,Dependiente,Actividades de servicios administrativos y de apoyo,Entre 6 y 7 SMMLV,Entre 6 y 9 SMMLV,1
1212-Universidad de Pamplona,11411-ESPECIALIZACION EN GESTION DE PROYECTOS INFORMATICOS,Masculino,2010-1,2022,Dependiente,Actividades financieras y de seguros,Entre 9 y 11 SMMLV,Más de 9 SMMLV,1
1212-Universidad de Pamplona,11411-ESPECIALIZACION EN GESTION DE PROYECTOS INFORMATICOS,Masculino,2010-1,2022,Dependiente,"Actividades profesionales, científicas y técnicas",1 SMMLV,1 SMMLV,1
1212-Universidad de Pamplona,11411-ESPECIALIZACION EN GESTION DE PROYECTOS INFORMATICOS,Masculino,2010-1,2022,Dependiente,"Actividades profesionales, científicas y técnicas","Entre 2 y 2 ,5 SMMLV","Entre 1,5 y 2,5 SMMLV",1
1212-Universidad de Pamplona,11411-ESPECIALIZACION EN GESTION DE PROYECTOS INFORMATICOS,Masculino,2010-1,2022,Dependiente,"Actividades profesionales, científicas y técnicas","Entre 2,5 y 3 SMMLV","Entre 2,5 y 4 SMMLV",2
1212-Universidad de Pamplona,11411-ESPECIALIZACION EN GESTION DE PROYECTOS INFORMATICOS,Masculino,2010-1,2022,Dependiente,"Actividades profesionales, científicas y técnicas","Entre 3 y 3,5 SMMLV","Entre 2,5 y 4 SMMLV",2
1212-Universidad de Pamplona,11411-ESPECIALIZACION EN GESTION DE PROYECTOS INFORMATICOS,Masculino,2010-1,2022,Dependiente,"Actividades profesionales, científicas y técnicas","Entre 3,5 y 4 SMMLV","Entre 2,5 y 4 SMMLV",1
1212-Universidad de Pamplona,11411-ESPECIALIZACION EN GESTION DE PROYECTOS INFORMATICOS,Masculino,2010-1,2022,Dependiente,"Actividades profesionales, científicas y técnicas","Entre 4 y 4,5 SMMLV",Entre 4 y 6 SMMLV,4
1212-Universidad de Pamplona,11411-ESPECIALIZACION EN GESTION DE PROYECTOS INFORMATICOS,Masculino,2010-1,2022,Dependiente,"Actividades profesionales, científicas y técnicas","Entre 4,5 y 5 SMMLV",Entre 4 y 6 SMMLV,74
1212-Universidad de Pamplona,11411-ESPECIALIZACION EN GESTION DE PROYECTOS INFORMATICOS,Masculino,2010-1,2022,Dependiente,"Actividades profesionales, científicas y técnicas",Entre 5 y 6 SMMLV,Entre 4 y 6 SMMLV,10
1212-Universidad de Pamplona,11411-ESPECIALIZACION EN GESTION DE PROYECTOS INFORMATICOS,Masculino,2010-1,2022,Dependiente,"Actividades profesionales, científicas y técnicas",Entre 6 y 7 SMMLV,Entre 6 y 9 SMMLV,2
1212-Universidad de Pamplona,11411-ESPECIALIZACION EN GESTION DE PROYECTOS INFORMATICOS,Masculino,2010-1,2022,Dependiente,"Actividades profesionales, científicas y técnicas",Entre 7 y 8 SMMLV,Entre 6 y 9 SMMLV,1
1212-Universidad de Pamplona,11411-ESPECIALIZACION EN GESTION DE PROYECTOS INFORMATICOS,Masculino,2010-1,2022,Dependiente,"Actividades profesionales, científicas y técnicas",Entre 9 y 11 SMMLV,Más de 9 SMMLV,2
1212-Universidad de Pamplona,11411-ESPECIALIZACION EN GESTION DE PROYECTOS INFORMATICOS,Masculino,2010-1,2022,Dependiente,Administración pública y defensa; planes de seguridad social de afiliación obligatoria,"Entre 3 y 3,5 SMMLV","Entre 2,5 y 4 SMMLV",1
1212-Universidad de Pamplona,11411-ESPECIALIZACION EN GESTION DE PROYECTOS INFORMATICOS,Masculino,2010-1,2022,Dependiente,Administración pública y defensa; planes de seguridad social de afiliación obligatoria,"Entre 4,5 y 5 SMMLV",Entre 4 y 6 SMMLV,8
1212-Universidad de Pamplona,11411-ESPECIALIZACION EN GESTION DE PROYECTOS INFORMATICOS,Masculino,2010-1,2022,Dependiente,Administración pública y defensa; planes de seguridad social de afiliación obligatoria,Entre 5 y 6 SMMLV,Entre 4 y 6 SMMLV,4
1212-Universidad de Pamplona,11411-ESPECIALIZACION EN GESTION DE PROYECTOS INFORMATICOS,Masculino,2010-1,2022,Dependiente,Administración pública y defensa; planes de seguridad social de afiliación obligatoria,Entre 6 y 7 SMMLV,Entre 6 y 9 SMMLV,2
1212-Universidad de Pamplona,11411-ESPECIALIZACION EN GESTION DE PROYECTOS INFORMATICOS,Masculino,2010-1,2022,Dependiente,Información y comunicaciones,"Entre 2 y 2 ,5 SMMLV","Entre 1,5 y 2,5 SMMLV",1
1212-Universidad de Pamplona,11411-ESPECIALIZACION EN GESTION DE PROYECTOS INFORMATICOS,Masculino,2010-1,2022,Dependiente,Información y comunicaciones,"Entre 3,5 y 4 SMMLV","Entre 2,5 y 4 SMMLV",1
1212-Universidad de Pamplona,11411-ESPECIALIZACION EN GESTION DE PROYECTOS INFORMATICOS,Masculino,2010-1,2022,Dependiente,Información y comunicaciones,"Entre 4 y 4,5 SMMLV",Entre 4 y 6 SMMLV,1
1212-Universidad de Pamplona,11411-ESPECIALIZACION EN GESTION DE PROYECTOS INFORMATICOS,Masculino,2010-1,2022,Dependiente,Información y comunicaciones,"Entre 4,5 y 5 SMMLV",Entre 4 y 6 SMMLV,1
1212-Universidad de Pamplona,11411-ESPECIALIZACION EN GESTION DE PROYECTOS INFORMATICOS,Masculino,2010-1,2022,Dependiente,Información y comunicaciones,Más de 15 SMMLV,Más de 9 SMMLV,1
1212-Universidad de Pamplona,11411-ESPECIALIZACION EN GESTION DE PROYECTOS INFORMATICOS,Masculino,2010-1,2023,Dependiente,Actividades financieras y de seguros,Entre 9 y 11 SMMLV,Más de 9 SMMLV,1
1212-Universidad de Pamplona,11411-ESPECIALIZACION EN GESTION DE PROYECTOS INFORMATICOS,Masculino,2010-1,2023,Dependiente,"Actividades profesionales, científicas y técnicas",1 SMMLV,1 SMMLV,1
1212-Universidad de Pamplona,11411-ESPECIALIZACION EN GESTION DE PROYECTOS INFORMATICOS,Masculino,2010-1,2023,Dependiente,"Actividades profesionales, científicas y técnicas","Entre 2 y 2 ,5 SMMLV","Entre 1,5 y 2,5 SMMLV",1
1212-Universidad de Pamplona,11411-ESPECIALIZACION EN GESTION DE PROYECTOS INFORMATICOS,Masculino,2010-1,2023,Dependiente,"Actividades profesionales, científicas y técnicas","Entre 2,5 y 3 SMMLV","Entre 2,5 y 4 SMMLV",1
1212-Universidad de Pamplona,11411-ESPECIALIZACION EN GESTION DE PROYECTOS INFORMATICOS,Masculino,2010-1,2023,Dependiente,"Actividades profesionales, científicas y técnicas","Entre 3 y 3,5 SMMLV","Entre 2,5 y 4 SMMLV",1
1212-Universidad de Pamplona,11411-ESPECIALIZACION EN GESTION DE PROYECTOS INFORMATICOS,Masculino,2010-1,2023,Dependiente,"Actividades profesionales, científicas y técnicas","Entre 3,5 y 4 SMMLV","Entre 2,5 y 4 SMMLV",2
1212-Universidad de Pamplona,11411-ESPECIALIZACION EN GESTION DE PROYECTOS INFORMATICOS,Masculino,2010-1,2023,Dependiente,"Actividades profesionales, científicas y técnicas","Entre 4 y 4,5 SMMLV",Entre 4 y 6 SMMLV,3
1212-Universidad de Pamplona,11411-ESPECIALIZACION EN GESTION DE PROYECTOS INFORMATICOS,Masculino,2010-1,2023,Dependiente,"Actividades profesionales, científicas y técnicas","Entre 4,5 y 5 SMMLV",Entre 4 y 6 SMMLV,71
1212-Universidad de Pamplona,11411-ESPECIALIZACION EN GESTION DE PROYECTOS INFORMATICOS,Masculino,2010-1,2023,Dependiente,"Actividades profesionales, científicas y técnicas",Entre 5 y 6 SMMLV,Entre 4 y 6 SMMLV,13
1212-Universidad de Pamplona,11411-ESPECIALIZACION EN GESTION DE PROYECTOS INFORMATICOS,Masculino,2010-1,2023,Dependiente,"Actividades profesionales, científicas y técnicas",Entre 6 y 7 SMMLV,Entre 6 y 9 SMMLV,1
1212-Universidad de Pamplona,11411-ESPECIALIZACION EN GESTION DE PROYECTOS INFORMATICOS,Masculino,2010-1,2023,Dependiente,"Actividades profesionales, científicas y técnicas",Entre 7 y 8 SMMLV,Entre 6 y 9 SMMLV,1
1212-Universidad de Pamplona,11411-ESPECIALIZACION EN GESTION DE PROYECTOS INFORMATICOS,Masculino,2010-1,2023,Dependiente,"Actividades profesionales, científicas y técnicas",Entre 9 y 11 SMMLV,Más de 9 SMMLV,1
1212-Universidad de Pamplona,11411-ESPECIALIZACION EN GESTION DE PROYECTOS INFORMATICOS,Masculino,2010-1,2023,Dependiente,Administración pública y defensa; planes de seguridad social de afiliación obligatoria,"Entre 2,5 y 3 SMMLV","Entre 2,5 y 4 SMMLV",1
1212-Universidad de Pamplona,11411-ESPECIALIZACION EN GESTION DE PROYECTOS INFORMATICOS,Masculino,2010-1,2023,Dependiente,Administración pública y defensa; planes de seguridad social de afiliación obligatoria,"Entre 3 y 3,5 SMMLV","Entre 2,5 y 4 SMMLV",2
1212-Universidad de Pamplona,11411-ESPECIALIZACION EN GESTION DE PROYECTOS INFORMATICOS,Masculino,2010-1,2023,Dependiente,Administración pública y defensa; planes de seguridad social de afiliación obligatoria,"Entre 4,5 y 5 SMMLV",Entre 4 y 6 SMMLV,14
1212-Universidad de Pamplona,11411-ESPECIALIZACION EN GESTION DE PROYECTOS INFORMATICOS,Masculino,2010-1,2023,Dependiente,Administración pública y defensa; planes de seguridad social de afiliación obligatoria,Entre 5 y 6 SMMLV,Entre 4 y 6 SMMLV,5
1212-Universidad de Pamplona,11411-ESPECIALIZACION EN GESTION DE PROYECTOS INFORMATICOS,Masculino,2010-1,2023,Dependiente,Administración pública y defensa; planes de seguridad social de afiliación obligatoria,Entre 6 y 7 SMMLV,Entre 6 y 9 SMMLV,2
1212-Universidad de Pamplona,11411-ESPECIALIZACION EN GESTION DE PROYECTOS INFORMATICOS,Masculino,2010-1,2023,Dependiente,Educación,1 SMMLV,1 SMMLV,1
1212-Universidad de Pamplona,11411-ESPECIALIZACION EN GESTION DE PROYECTOS INFORMATICOS,Masculino,2010-1,2023,Dependiente,Información y comunicaciones,"Entre 2,5 y 3 SMMLV","Entre 2,5 y 4 SMMLV",1
1212-Universidad de Pamplona,11411-ESPECIALIZACION EN GESTION DE PROYECTOS INFORMATICOS,Masculino,2010-1,2023,Dependiente,Información y comunicaciones,"Entre 3,5 y 4 SMMLV","Entre 2,5 y 4 SMMLV",1
1212-Universidad de Pamplona,11411-ESPECIALIZACION EN GESTION DE PROYECTOS INFORMATICOS,Masculino,2010-1,2023,Dependiente,Información y comunicaciones,"Entre 4 y 4,5 SMMLV",Entre 4 y 6 SMMLV,1
1212-Universidad de Pamplona,11411-ESPECIALIZACION EN GESTION DE PROYECTOS INFORMATICOS,Masculino,2010-1,2023,Dependiente,Información y comunicaciones,"Entre 4,5 y 5 SMMLV",Entre 4 y 6 SMMLV,1
1212-Universidad de Pamplona,11411-ESPECIALIZACION EN GESTION DE PROYECTOS INFORMATICOS,Masculino,2010-1,2023,Dependiente,Información y comunicaciones,Entre 5 y 6 SMMLV,Entre 4 y 6 SMMLV,1
1212-Universidad de Pamplona,11411-ESPECIALIZACION EN GESTION DE PROYECTOS INFORMATICOS,Masculino,2010-1,2023,Dependiente,Información y comunicaciones,Entre 6 y 7 SMMLV,Entre 6 y 9 SMMLV,1
1212-Universidad de Pamplona,11411-ESPECIALIZACION EN GESTION DE PROYECTOS INFORMATICOS,Masculino,2010-1,2023,Dependiente,Información y comunicaciones,Entre 8 y 9 SMMLV,Entre 6 y 9 SMMLV,1
1212-Universidad de Pamplona,11411-ESPECIALIZACION EN GESTION DE PROYECTOS INFORMATICOS,Masculino,2010-1,2023,Dependiente,Información y comunicaciones,Más de 15 SMMLV,Más de 9 SMMLV,1
2832-Universidad de Santander - UDES,8374-ESPECIALIZACION EN GERENCIA DE EMPRESAS,Masculino,2010-1,2016,Dependiente,Industrias manufactureras,Más de 15 SMMLV,Más de 9 SMMLV,1
2832-Universidad de Santander - UDES,8374-ESPECIALIZACION EN GERENCIA DE EMPRESAS,Masculino,2010-1,2017,Dependiente,"Actividades profesionales, científicas y técnicas",1 SMMLV,1 SMMLV,1
2832-Universidad de Santander - UDES,8374-ESPECIALIZACION EN GERENCIA DE EMPRESAS,Masculino,2010-1,2017,Dependiente,Industrias manufactureras,Más de 15 SMMLV,Más de 9 SMMLV,1
2832-Universidad de Santander - UDES,8374-ESPECIALIZACION EN GERENCIA DE EMPRESAS,Masculino,2010-1,2017,Dependiente,"Suministro de electricidad, gas, vapor y aire acondicionado",Entre 9 y 11 SMMLV,Más de 9 SMMLV,1
2832-Universidad de Santander - UDES,8374-ESPECIALIZACION EN GERENCIA DE EMPRESAS,Masculino,2010-1,2018,Dependiente,Industrias manufactureras,Más de 15 SMMLV,Más de 9 SMMLV,1
2832-Universidad de Santander - UDES,8374-ESPECIALIZACION EN GERENCIA DE EMPRESAS,Masculino,2010-1,2018,Dependiente,"Suministro de electricidad, gas, vapor y aire acondicionado",Entre 9 y 11 SMMLV,Más de 9 SMMLV,1
2832-Universidad de Santander - UDES,8374-ESPECIALIZACION EN GERENCIA DE EMPRESAS,Masculino,2010-1,2019,Dependiente,Industrias manufactureras,Más de 15 SMMLV,Más de 9 SMMLV,1
2832-Universidad de Santander - UDES,8374-ESPECIALIZACION EN GERENCIA DE EMPRESAS,Masculino,2010-1,2019,Dependiente,"Suministro de electricidad, gas, vapor y aire acondicionado",Entre 9 y 11 SMMLV,Más de 9 SMMLV,1
2832-Universidad de Santander - UDES,8374-ESPECIALIZACION EN GERENCIA DE EMPRESAS,Masculino,2010-1,2020,Dependiente,Educación,1 SMMLV,1 SMMLV,1
2832-Universidad de Santander - UDES,8374-ESPECIALIZACION EN GERENCIA DE EMPRESAS,Masculino,2010-1,2020,Dependiente,Industrias manufactureras,Más de 15 SMMLV,Más de 9 SMMLV,1
2832-Universidad de Santander - UDES,8374-ESPECIALIZACION EN GERENCIA DE EMPRESAS,Masculino,2010-1,2020,Dependiente,"Suministro de electricidad, gas, vapor y aire acondicionado",Entre 9 y 11 SMMLV,Más de 9 SMMLV,1
2832-Universidad de Santander - UDES,8374-ESPECIALIZACION EN GERENCIA DE EMPRESAS,Masculino,2010-1,2021,Dependiente,Educación,1 SMMLV,1 SMMLV,1
2832-Universidad de Santander - UDES,8374-ESPECIALIZACION EN GERENCIA DE EMPRESAS,Masculino,2010-1,2021,Dependiente,Industrias manufactureras,Más de 15 SMMLV,Más de 9 SMMLV,1
2832-Universidad de Santander - UDES,8374-ESPECIALIZACION EN GERENCIA DE EMPRESAS,Masculino,2010-1,2021,Dependiente,"Suministro de electricidad, gas, vapor y aire acondicionado",Entre 9 y 11 SMMLV,Más de 9 SMMLV,1
2832-Universidad de Santander - UDES,8374-ESPECIALIZACION EN GERENCIA DE EMPRESAS,Masculino,2010-1,2022,Dependiente,Industrias manufactureras,Más de 15 SMMLV,Más de 9 SMMLV,1
2832-Universidad de Santander - UDES,8374-ESPECIALIZACION EN GERENCIA DE EMPRESAS,Masculino,2010-1,2022,Dependiente,"Suministro de electricidad, gas, vapor y aire acondicionado",Entre 9 y 11 SMMLV,Más de 9 SMMLV,1
2832-Universidad de Santander - UDES,8374-ESPECIALIZACION EN GERENCIA DE EMPRESAS,Masculino,2010-1,2023,Dependiente,Industrias manufactureras,Más de 15 SMMLV,Más de 9 SMMLV,1
2832-Universidad de Santander - UDES,8257-ESPECIALIZACION EN GERENCIA DE MERCADEO,Masculino,2010-1,2017,Dependiente,Comercio al por mayor y al por menor; reparación de vehículos automotores y motocicletas,Entre 6 y 7 SMMLV,Entre 6 y 9 SMMLV,1
2832-Universidad de Santander - UDES,8257-ESPECIALIZACION EN GERENCIA DE MERCADEO,Masculino,2010-1,2017,Dependiente,Educación,"Entre 3,5 y 4 SMMLV","Entre 2,5 y 4 SMMLV",1
2832-Universidad de Santander - UDES,8257-ESPECIALIZACION EN GERENCIA DE MERCADEO,Masculino,2010-1,2017,Dependiente,Educación,Entre 5 y 6 SMMLV,Entre 4 y 6 SMMLV,1
2832-Universidad de Santander - UDES,8257-ESPECIALIZACION EN GERENCIA DE MERCADEO,Masculino,2010-1,2018,Dependiente,Comercio al por mayor y al por menor; reparación de vehículos automotores y motocicletas,Entre 6 y 7 SMMLV,Entre 6 y 9 SMMLV,1
2832-Universidad de Santander - UDES,8257-ESPECIALIZACION EN GERENCIA DE MERCADEO,Masculino,2010-1,2018,Dependiente,Educación,"Entre 2,5 y 3 SMMLV","Entre 2,5 y 4 SMMLV",1
2832-Universidad de Santander - UDES,8257-ESPECIALIZACION EN GERENCIA DE MERCADEO,Masculino,2010-1,2018,Dependiente,Educación,"Entre 4 y 4,5 SMMLV",Entre 4 y 6 SMMLV,1
2832-Universidad de Santander - UDES,8257-ESPECIALIZACION EN GERENCIA DE MERCADEO,Masculino,2010-1,2019,Dependiente,Comercio al por mayor y al por menor; reparación de vehículos automotores y motocicletas,Entre 6 y 7 SMMLV,Entre 6 y 9 SMMLV,1
2832-Universidad de Santander - UDES,8257-ESPECIALIZACION EN GERENCIA DE MERCADEO,Masculino,2010-1,2019,Dependiente,Educación,"Entre 4 y 4,5 SMMLV",Entre 4 y 6 SMMLV,1
2832-Universidad de Santander - UDES,8257-ESPECIALIZACION EN GERENCIA DE MERCADEO,Masculino,2010-1,2020,Dependiente,Comercio al por mayor y al por menor; reparación de vehículos automotores y motocicletas,Entre 5 y 6 SMMLV,Entre 4 y 6 SMMLV,1
2832-Universidad de Santander - UDES,8257-ESPECIALIZACION EN GERENCIA DE MERCADEO,Masculino,2010-1,2020,Dependiente,Educación,"Entre 4 y 4,5 SMMLV",Entre 4 y 6 SMMLV,1
2832-Universidad de Santander - UDES,8257-ESPECIALIZACION EN GERENCIA DE MERCADEO,Masculino,2010-1,2021,Dependiente,Comercio al por mayor y al por menor; reparación de vehículos automotores y motocicletas,Entre 8 y 9 SMMLV,Entre 6 y 9 SMMLV,1
2832-Universidad de Santander - UDES,8257-ESPECIALIZACION EN GERENCIA DE MERCADEO,Masculino,2010-1,2021,Dependiente,Educación,"Entre 4 y 4,5 SMMLV",Entre 4 y 6 SMMLV,1
2832-Universidad de Santander - UDES,8257-ESPECIALIZACION EN GERENCIA DE MERCADEO,Masculino,2010-1,2022,Dependiente,Actividades de atención de la salud humana y de asistencia social,Entre 9 y 11 SMMLV,Más de 9 SMMLV,1
2832-Universidad de Santander - UDES,8257-ESPECIALIZACION EN GERENCIA DE MERCADEO,Masculino,2010-1,2022,Dependiente,Comercio al por mayor y al por menor; reparación de vehículos automotores y motocicletas,Entre 5 y 6 SMMLV,Entre 4 y 6 SMMLV,1
2832-Universidad de Santander - UDES,8257-ESPECIALIZACION EN GERENCIA DE MERCADEO,Masculino,2010-1,2023,Dependiente,Comercio al por mayor y al por menor; reparación de vehículos automotores y motocicletas,"Entre 4 y 4,5 SMMLV",Entre 4 y 6 SMMLV,1
2832-Universidad de Santander - UDES,8257-ESPECIALIZACION EN GERENCIA DE MERCADEO,Masculino,2010-1,2023,Dependiente,Educación,"Entre 3 y 3,5 SMMLV","Entre 2,5 y 4 SMMLV",1
1711-Universidad de la Sabana,53009-ESPECIALIZACION EN PEDAGOGIA E INVESTIGACION EN EL AULA,Femenino,2010-1,2016,Dependiente,Administración pública y defensa; planes de seguridad social de afiliación obligatoria,"Entre 4,5 y 5 SMMLV",Entre 4 y 6 SMMLV,1
1711-Universidad de la Sabana,53009-ESPECIALIZACION EN PEDAGOGIA E INVESTIGACION EN EL AULA,Femenino,2010-1,2016,Dependiente,Construccion,"Entre 3 y 3,5 SMMLV","Entre 2,5 y 4 SMMLV",1
1711-Universidad de la Sabana,53009-ESPECIALIZACION EN PEDAGOGIA E INVESTIGACION EN EL AULA,Femenino,2010-1,2016,Dependiente,Educación,Más de 15 SMMLV,Más de 9 SMMLV,1
1711-Universidad de la Sabana,53009-ESPECIALIZACION EN PEDAGOGIA E INVESTIGACION EN EL AULA,Femenino,2010-1,2017,Dependiente,Educación,Más de 15 SMMLV,Más de 9 SMMLV,1
1711-Universidad de la Sabana,53009-ESPECIALIZACION EN PEDAGOGIA E INVESTIGACION EN EL AULA,Femenino,2010-1,2017,Dependiente,Otras actividades de servicios,"Entre 3 y 3,5 SMMLV","Entre 2,5 y 4 SMMLV",1
1711-Universidad de la Sabana,53009-ESPECIALIZACION EN PEDAGOGIA E INVESTIGACION EN EL AULA,Femenino,2010-1,2017,Dependiente,Sin información,"Entre 4,5 y 5 SMMLV",Entre 4 y 6 SMMLV,1
1711-Universidad de la Sabana,53009-ESPECIALIZACION EN PEDAGOGIA E INVESTIGACION EN EL AULA,Femenino,2010-1,2018,Dependiente,Educación,Más de 15 SMMLV,Más de 9 SMMLV,1
1711-Universidad de la Sabana,53009-ESPECIALIZACION EN PEDAGOGIA E INVESTIGACION EN EL AULA,Femenino,2010-1,2018,Dependiente,Otras actividades de servicios,"Entre 3 y 3,5 SMMLV","Entre 2,5 y 4 SMMLV",1
1711-Universidad de la Sabana,53009-ESPECIALIZACION EN PEDAGOGIA E INVESTIGACION EN EL AULA,Femenino,2010-1,2018,Dependiente,Sin información,"Entre 4,5 y 5 SMMLV",Entre 4 y 6 SMMLV,1
1711-Universidad de la Sabana,53009-ESPECIALIZACION EN PEDAGOGIA E INVESTIGACION EN EL AULA,Femenino,2010-1,2019,Dependiente,Administración pública y defensa; planes de seguridad social de afiliación obligatoria,Entre 5 y 6 SMMLV,Entre 4 y 6 SMMLV,1
1711-Universidad de la Sabana,53009-ESPECIALIZACION EN PEDAGOGIA E INVESTIGACION EN EL AULA,Femenino,2010-1,2019,Dependiente,Educación,Más de 15 SMMLV,Más de 9 SMMLV,1
1711-Universidad de la Sabana,53009-ESPECIALIZACION EN PEDAGOGIA E INVESTIGACION EN EL AULA,Femenino,2010-1,2020,Dependiente,Educación,Más de 15 SMMLV,Más de 9 SMMLV,1
1711-Universidad de la Sabana,53009-ESPECIALIZACION EN PEDAGOGIA E INVESTIGACION EN EL AULA,Femenino,2010-1,2020,Dependiente,Otras actividades de servicios,Entre 5 y 6 SMMLV,Entre 4 y 6 SMMLV,1
1711-Universidad de la Sabana,53009-ESPECIALIZACION EN PEDAGOGIA E INVESTIGACION EN EL AULA,Femenino,2010-1,2021,Dependiente,Administración pública y defensa; planes de seguridad social de afiliación obligatoria,"Entre 3,5 y 4 SMMLV","Entre 2,5 y 4 SMMLV",1
1711-Universidad de la Sabana,53009-ESPECIALIZACION EN PEDAGOGIA E INVESTIGACION EN EL AULA,Femenino,2010-1,2021,Dependiente,Alojamiento y servicios de comida,"Entre 1 y 1,5 SMMLV","Entre 1 y 1,5 SMMLV",1
1711-Universidad de la Sabana,53009-ESPECIALIZACION EN PEDAGOGIA E INVESTIGACION EN EL AULA,Femenino,2010-1,2022,Dependiente,Administración pública y defensa; planes de seguridad social de afiliación obligatoria,Entre 5 y 6 SMMLV,Entre 4 y 6 SMMLV,1
1711-Universidad de la Sabana,53009-ESPECIALIZACION EN PEDAGOGIA E INVESTIGACION EN EL AULA,Femenino,2010-1,2022,Dependiente,Transporte y almacenamiento,"Entre 1 y 1,5 SMMLV","Entre 1 y 1,5 SMMLV",1
1711-Universidad de la Sabana,53009-ESPECIALIZACION EN PEDAGOGIA E INVESTIGACION EN EL AULA,Femenino,2010-1,2023,Dependiente,Administración pública y defensa; planes de seguridad social de afiliación obligatoria,Entre 5 y 6 SMMLV,Entre 4 y 6 SMMLV,1
1711-Universidad de la Sabana,53009-ESPECIALIZACION EN PEDAGOGIA E INVESTIGACION EN EL AULA,Femenino,2010-1,2023,Dependiente,Transporte y almacenamiento,"Entre 1 y 1,5 SMMLV","Entre 1 y 1,5 SMMLV",1
1711-Universidad de la Sabana,53009-ESPECIALIZACION EN PEDAGOGIA E INVESTIGACION EN EL AULA,Masculino,2010-1,2016,Dependiente,Administración pública y defensa; planes de seguridad social de afiliación obligatoria,Entre 6 y 7 SMMLV,Entre 6 y 9 SMMLV,1
1711-Universidad de la Sabana,53009-ESPECIALIZACION EN PEDAGOGIA E INVESTIGACION EN EL AULA,Masculino,2010-1,2016,Dependiente,Educación,Entre 7 y 8 SMMLV,Entre 6 y 9 SMMLV,2
1711-Universidad de la Sabana,53009-ESPECIALIZACION EN PEDAGOGIA E INVESTIGACION EN EL AULA,Masculino,2010-1,2017,Dependiente,Educación,"Entre 4 y 4,5 SMMLV",Entre 4 y 6 SMMLV,1
1711-Universidad de la Sabana,53009-ESPECIALIZACION EN PEDAGOGIA E INVESTIGACION EN EL AULA,Masculino,2010-1,2017,Dependiente,Educación,Entre 6 y 7 SMMLV,Entre 6 y 9 SMMLV,1
1711-Universidad de la Sabana,53009-ESPECIALIZACION EN PEDAGOGIA E INVESTIGACION EN EL AULA,Masculino,2010-1,2017,Dependiente,Educación,Entre 8 y 9 SMMLV,Entre 6 y 9 SMMLV,1
1711-Universidad de la Sabana,53009-ESPECIALIZACION EN PEDAGOGIA E INVESTIGACION EN EL AULA,Masculino,2010-1,2018,Dependiente,Educación,"Entre 3,5 y 4 SMMLV","Entre 2,5 y 4 SMMLV",1
1711-Universidad de la Sabana,53009-ESPECIALIZACION EN PEDAGOGIA E INVESTIGACION EN EL AULA,Masculino,2010-1,2018,Dependiente,Educación,Entre 5 y 6 SMMLV,Entre 4 y 6 SMMLV,1
1711-Universidad de la Sabana,53009-ESPECIALIZACION EN PEDAGOGIA E INVESTIGACION EN EL AULA,Masculino,2010-1,2018,Dependiente,Educación,Entre 9 y 11 SMMLV,Más de 9 SMMLV,1
1711-Universidad de la Sabana,53009-ESPECIALIZACION EN PEDAGOGIA E INVESTIGACION EN EL AULA,Masculino,2010-1,2019,Dependiente,Administración pública y defensa; planes de seguridad social de afiliación obligatoria,Entre 8 y 9 SMMLV,Entre 6 y 9 SMMLV,1
1711-Universidad de la Sabana,53009-ESPECIALIZACION EN PEDAGOGIA E INVESTIGACION EN EL AULA,Masculino,2010-1,2019,Dependiente,Educación,"Entre 4,5 y 5 SMMLV",Entre 4 y 6 SMMLV,1
1711-Universidad de la Sabana,53009-ESPECIALIZACION EN PEDAGOGIA E INVESTIGACION EN EL AULA,Masculino,2010-1,2019,Dependiente,Educación,Entre 6 y 7 SMMLV,Entre 6 y 9 SMMLV,1
1711-Universidad de la Sabana,53009-ESPECIALIZACION EN PEDAGOGIA E INVESTIGACION EN EL AULA,Masculino,2010-1,2020,Dependiente,Educación,"Entre 2,5 y 3 SMMLV","Entre 2,5 y 4 SMMLV",1
1711-Universidad de la Sabana,53009-ESPECIALIZACION EN PEDAGOGIA E INVESTIGACION EN EL AULA,Masculino,2010-1,2020,Dependiente,Educación,"Entre 4 y 4,5 SMMLV",Entre 4 y 6 SMMLV,1
1711-Universidad de la Sabana,53009-ESPECIALIZACION EN PEDAGOGIA E INVESTIGACION EN EL AULA,Masculino,2010-1,2020,Dependiente,Educación,Entre 5 y 6 SMMLV,Entre 4 y 6 SMMLV,1
1711-Universidad de la Sabana,53009-ESPECIALIZACION EN PEDAGOGIA E INVESTIGACION EN EL AULA,Masculino,2010-1,2021,Dependiente,Administración pública y defensa; planes de seguridad social de afiliación obligatoria,"Entre 4,5 y 5 SMMLV",Entre 4 y 6 SMMLV,1
1711-Universidad de la Sabana,53009-ESPECIALIZACION EN PEDAGOGIA E INVESTIGACION EN EL AULA,Masculino,2010-1,2021,Dependiente,Educación,"Entre 4 y 4,5 SMMLV",Entre 4 y 6 SMMLV,1
1711-Universidad de la Sabana,53009-ESPECIALIZACION EN PEDAGOGIA E INVESTIGACION EN EL AULA,Masculino,2010-1,2021,Dependiente,Educación,"Entre 4,5 y 5 SMMLV",Entre 4 y 6 SMMLV,1
1711-Universidad de la Sabana,53009-ESPECIALIZACION EN PEDAGOGIA E INVESTIGACION EN EL AULA,Masculino,2010-1,2022,Dependiente,Administración pública y defensa; planes de seguridad social de afiliación obligatoria,"Entre 4,5 y 5 SMMLV",Entre 4 y 6 SMMLV,1
1711-Universidad de la Sabana,53009-ESPECIALIZACION EN PEDAGOGIA E INVESTIGACION EN EL AULA,Masculino,2010-1,2022,Dependiente,Educación,"Entre 4,5 y 5 SMMLV",Entre 4 y 6 SMMLV,1
1711-Universidad de la Sabana,53009-ESPECIALIZACION EN PEDAGOGIA E INVESTIGACION EN EL AULA,Masculino,2010-1,2023,Dependiente,Administración pública y defensa; planes de seguridad social de afiliación obligatoria,"Entre 4,5 y 5 SMMLV",Entre 4 y 6 SMMLV,1
1711-Universidad de la Sabana,53009-ESPECIALIZACION EN PEDAGOGIA E INVESTIGACION EN EL AULA,Masculino,2010-1,2023,Dependiente,Educación,"Entre 4 y 4,5 SMMLV",Entre 4 y 6 SMMLV,1
