,,,,,,,Lugar de grado,,Medidas,,
,,,,,,,País,,Medidas,,
Instituciones,Programa,Sexo,Periodo graduación,Año de corte,Tipo de cotizante,Sector económico,Colombia,,,,
Código institución,Código programa,Sexo,Semestre,Año,Tipo de cotizante,Sección,Graduados,Graduados que cotizan,,Tasa de cotizantes,IBC estimado
2829-Corporación Universitaria Minuto de Dios - UNIMINUTO,12165-ESPECIALIZACION EN DISEÑO DE AMBIENTES DE APRENDIZAJE,Femenino,2010-2,2016,Dependiente,Administración pública y defensa; planes de seguridad social de afiliación obligatoria,15,15,,"100,0%",$3.430.133
2829-Corporación Universitaria Minuto de Dios - UNIMINUTO,12165-ESPECIALIZACION EN DISEÑO DE AMBIENTES DE APRENDIZAJE,Femenino,2010-2,2016,Dependiente,"Agricultura, ganadería, caza, silvicultura y pesca",1,1,,"100,0%",$3.183.000
2829-Corporación Universitaria Minuto de Dios - UNIMINUTO,12165-ESPECIALIZACION EN DISEÑO DE AMBIENTES DE APRENDIZAJE,Femenino,2010-2,2016,Dependiente,Construccion,1,1,,"100,0%",$690.000
2829-Corporación Universitaria Minuto de Dios - UNIMINUTO,12165-ESPECIALIZACION EN DISEÑO DE AMBIENTES DE APRENDIZAJE,Femenino,2010-2,2016,Dependiente,Educación,4,4,,"100,0%",$3.089.250
2829-Corporación Universitaria Minuto de Dios - UNIMINUTO,12165-ESPECIALIZACION EN DISEÑO DE AMBIENTES DE APRENDIZAJE,Femenino,2010-2,2016,No cotizante,Sin información,1,0,,"0,0%",NaN
2829-Corporación Universitaria Minuto de Dios - UNIMINUTO,12165-ESPECIALIZACION EN DISEÑO DE AMBIENTES DE APRENDIZAJE,Femenino,2010-2,2017,Dependiente,Actividades de servicios administrativos y de apoyo,1,1,,"100,0%",NaN
2829-Corporación Universitaria Minuto de Dios - UNIMINUTO,12165-ESPECIALIZACION EN DISEÑO DE AMBIENTES DE APRENDIZAJE,Femenino,2010-2,2017,Dependiente,"Actividades profesionales, científicas y técnicas",2,2,,"100,0%",NaN
2829-Corporación Universitaria Minuto de Dios - UNIMINUTO,12165-ESPECIALIZACION EN DISEÑO DE AMBIENTES DE APRENDIZAJE,Femenino,2010-2,2017,Dependiente,Administración pública y defensa; planes de seguridad social de afiliación obligatoria,11,11,,"100,0%",NaN
2829-Corporación Universitaria Minuto de Dios - UNIMINUTO,12165-ESPECIALIZACION EN DISEÑO DE AMBIENTES DE APRENDIZAJE,Femenino,2010-2,2017,Dependiente,Educación,4,4,,"100,0%",NaN
2829-Corporación Universitaria Minuto de Dios - UNIMINUTO,12165-ESPECIALIZACION EN DISEÑO DE AMBIENTES DE APRENDIZAJE,Femenino,2010-2,2017,Dependiente,Sin información,1,1,,"100,0%",NaN
2829-Corporación Universitaria Minuto de Dios - UNIMINUTO,12165-ESPECIALIZACION EN DISEÑO DE AMBIENTES DE APRENDIZAJE,Femenino,2010-2,2017,No cotizante,Sin información,1,0,,"0,0%",NaN
2829-Corporación Universitaria Minuto de Dios - UNIMINUTO,12165-ESPECIALIZACION EN DISEÑO DE AMBIENTES DE APRENDIZAJE,Femenino,2010-2,2018,Dependiente,Actividades de servicios administrativos y de apoyo,1,1,,"100,0%",NaN
2829-Corporación Universitaria Minuto de Dios - UNIMINUTO,12165-ESPECIALIZACION EN DISEÑO DE AMBIENTES DE APRENDIZAJE,Femenino,2010-2,2018,Dependiente,"Actividades profesionales, científicas y técnicas",6,6,,"100,0%",NaN
2829-Corporación Universitaria Minuto de Dios - UNIMINUTO,12165-ESPECIALIZACION EN DISEÑO DE AMBIENTES DE APRENDIZAJE,Femenino,2010-2,2018,Dependiente,Educación,3,3,,"100,0%",NaN
2829-Corporación Universitaria Minuto de Dios - UNIMINUTO,12165-ESPECIALIZACION EN DISEÑO DE AMBIENTES DE APRENDIZAJE,Femenino,2010-2,2018,Dependiente,Sin información,9,9,,"100,0%",NaN
2829-Corporación Universitaria Minuto de Dios - UNIMINUTO,12165-ESPECIALIZACION EN DISEÑO DE AMBIENTES DE APRENDIZAJE,Femenino,2010-2,2019,Dependiente,Actividades de servicios administrativos y de apoyo,2,2,,"100,0%",NaN
2829-Corporación Universitaria Minuto de Dios - UNIMINUTO,12165-ESPECIALIZACION EN DISEÑO DE AMBIENTES DE APRENDIZAJE,Femenino,2010-2,2019,Dependiente,"Actividades profesionales, científicas y técnicas",12,12,,"100,0%",NaN
2829-Corporación Universitaria Minuto de Dios - UNIMINUTO,12165-ESPECIALIZACION EN DISEÑO DE AMBIENTES DE APRENDIZAJE,Femenino,2010-2,2019,Dependiente,Administración pública y defensa; planes de seguridad social de afiliación obligatoria,1,1,,"100,0%",NaN
2829-Corporación Universitaria Minuto de Dios - UNIMINUTO,12165-ESPECIALIZACION EN DISEÑO DE AMBIENTES DE APRENDIZAJE,Femenino,2010-2,2019,Dependiente,Educación,4,4,,"100,0%",NaN
2829-Corporación Universitaria Minuto de Dios - UNIMINUTO,12165-ESPECIALIZACION EN DISEÑO DE AMBIENTES DE APRENDIZAJE,Femenino,2010-2,2019,No cotizante,Sin información,2,0,,"0,0%",NaN
2829-Corporación Universitaria Minuto de Dios - UNIMINUTO,12165-ESPECIALIZACION EN DISEÑO DE AMBIENTES DE APRENDIZAJE,Femenino,2010-2,2020,Dependiente,Actividades de servicios administrativos y de apoyo,2,2,,"100,0%",NaN
2829-Corporación Universitaria Minuto de Dios - UNIMINUTO,12165-ESPECIALIZACION EN DISEÑO DE AMBIENTES DE APRENDIZAJE,Femenino,2010-2,2020,Dependiente,"Actividades profesionales, científicas y técnicas",1,1,,"100,0%",NaN
2829-Corporación Universitaria Minuto de Dios - UNIMINUTO,12165-ESPECIALIZACION EN DISEÑO DE AMBIENTES DE APRENDIZAJE,Femenino,2010-2,2020,Dependiente,Administración pública y defensa; planes de seguridad social de afiliación obligatoria,10,10,,"100,0%",NaN
2829-Corporación Universitaria Minuto de Dios - UNIMINUTO,12165-ESPECIALIZACION EN DISEÑO DE AMBIENTES DE APRENDIZAJE,Femenino,2010-2,2020,Dependiente,Educación,3,3,,"100,0%",NaN
2829-Corporación Universitaria Minuto de Dios - UNIMINUTO,12165-ESPECIALIZACION EN DISEÑO DE AMBIENTES DE APRENDIZAJE,Femenino,2010-2,2020,Dependiente,Otras actividades de servicios,1,1,,"100,0%",NaN
2829-Corporación Universitaria Minuto de Dios - UNIMINUTO,12165-ESPECIALIZACION EN DISEÑO DE AMBIENTES DE APRENDIZAJE,Femenino,2010-2,2020,No cotizante,Sin información,4,0,,"0,0%",NaN
2829-Corporación Universitaria Minuto de Dios - UNIMINUTO,12165-ESPECIALIZACION EN DISEÑO DE AMBIENTES DE APRENDIZAJE,Femenino,2010-2,2021,Dependiente,Actividades de servicios administrativos y de apoyo,3,3,,"100,0%",NaN
2829-Corporación Universitaria Minuto de Dios - UNIMINUTO,12165-ESPECIALIZACION EN DISEÑO DE AMBIENTES DE APRENDIZAJE,Femenino,2010-2,2021,Dependiente,Administración pública y defensa; planes de seguridad social de afiliación obligatoria,10,10,,"100,0%",NaN
2829-Corporación Universitaria Minuto de Dios - UNIMINUTO,12165-ESPECIALIZACION EN DISEÑO DE AMBIENTES DE APRENDIZAJE,Femenino,2010-2,2021,Dependiente,Educación,2,2,,"100,0%",NaN
2829-Corporación Universitaria Minuto de Dios - UNIMINUTO,12165-ESPECIALIZACION EN DISEÑO DE AMBIENTES DE APRENDIZAJE,Femenino,2010-2,2021,Independiente,Otras actividades de servicios,1,1,,"100,0%",NaN
2829-Corporación Universitaria Minuto de Dios - UNIMINUTO,12165-ESPECIALIZACION EN DISEÑO DE AMBIENTES DE APRENDIZAJE,Femenino,2010-2,2021,No cotizante,Sin información,4,0,,"0,0%",NaN
2829-Corporación Universitaria Minuto de Dios - UNIMINUTO,12165-ESPECIALIZACION EN DISEÑO DE AMBIENTES DE APRENDIZAJE,Femenino,2010-2,2022,Dependiente,Actividades de servicios administrativos y de apoyo,3,3,,"100,0%",NaN
2829-Corporación Universitaria Minuto de Dios - UNIMINUTO,12165-ESPECIALIZACION EN DISEÑO DE AMBIENTES DE APRENDIZAJE,Femenino,2010-2,2022,Dependiente,"Actividades profesionales, científicas y técnicas",10,10,,"100,0%",NaN
2829-Corporación Universitaria Minuto de Dios - UNIMINUTO,12165-ESPECIALIZACION EN DISEÑO DE AMBIENTES DE APRENDIZAJE,Femenino,2010-2,2022,Dependiente,Educación,1,1,,"100,0%",NaN
2829-Corporación Universitaria Minuto de Dios - UNIMINUTO,12165-ESPECIALIZACION EN DISEÑO DE AMBIENTES DE APRENDIZAJE,Femenino,2010-2,2022,No cotizante,SIN DATO,6,0,,"0,0%",NaN
2829-Corporación Universitaria Minuto de Dios - UNIMINUTO,12165-ESPECIALIZACION EN DISEÑO DE AMBIENTES DE APRENDIZAJE,Femenino,2010-2,2023,Dependiente,Actividades de servicios administrativos y de apoyo,4,4,,"100,0%",NaN
2829-Corporación Universitaria Minuto de Dios - UNIMINUTO,12165-ESPECIALIZACION EN DISEÑO DE AMBIENTES DE APRENDIZAJE,Femenino,2010-2,2023,Dependiente,Administración pública y defensa; planes de seguridad social de afiliación obligatoria,9,9,,"100,0%",NaN
2829-Corporación Universitaria Minuto de Dios - UNIMINUTO,12165-ESPECIALIZACION EN DISEÑO DE AMBIENTES DE APRENDIZAJE,Femenino,2010-2,2023,Dependiente,Educación,2,2,,"100,0%",NaN
2829-Corporación Universitaria Minuto de Dios - UNIMINUTO,12165-ESPECIALIZACION EN DISEÑO DE AMBIENTES DE APRENDIZAJE,Femenino,2010-2,2023,No cotizante,SIN DATO,5,0,,"0,0%",NaN
2829-Corporación Universitaria Minuto de Dios - UNIMINUTO,12165-ESPECIALIZACION EN DISEÑO DE AMBIENTES DE APRENDIZAJE,Masculino,2010-2,2016,Dependiente,Administración pública y defensa; planes de seguridad social de afiliación obligatoria,3,3,,"100,0%",$4.015.000
2829-Corporación Universitaria Minuto de Dios - UNIMINUTO,12165-ESPECIALIZACION EN DISEÑO DE AMBIENTES DE APRENDIZAJE,Masculino,2010-2,2016,Dependiente,"Agricultura, ganadería, caza, silvicultura y pesca",1,1,,"100,0%",$2.405.000
2829-Corporación Universitaria Minuto de Dios - UNIMINUTO,12165-ESPECIALIZACION EN DISEÑO DE AMBIENTES DE APRENDIZAJE,Masculino,2010-2,2016,Dependiente,Educación,3,3,,"100,0%",$2.483.333
2829-Corporación Universitaria Minuto de Dios - UNIMINUTO,12165-ESPECIALIZACION EN DISEÑO DE AMBIENTES DE APRENDIZAJE,Masculino,2010-2,2016,Dependiente,Sin información,1,1,,"100,0%",$3.183.000
2829-Corporación Universitaria Minuto de Dios - UNIMINUTO,12165-ESPECIALIZACION EN DISEÑO DE AMBIENTES DE APRENDIZAJE,Masculino,2010-2,2016,No cotizante,Sin información,2,0,,"0,0%",NaN
2829-Corporación Universitaria Minuto de Dios - UNIMINUTO,12165-ESPECIALIZACION EN DISEÑO DE AMBIENTES DE APRENDIZAJE,Masculino,2010-2,2017,Dependiente,Actividades de servicios administrativos y de apoyo,1,1,,"100,0%",NaN
2829-Corporación Universitaria Minuto de Dios - UNIMINUTO,12165-ESPECIALIZACION EN DISEÑO DE AMBIENTES DE APRENDIZAJE,Masculino,2010-2,2017,Dependiente,Administración pública y defensa; planes de seguridad social de afiliación obligatoria,3,3,,"100,0%",NaN
2829-Corporación Universitaria Minuto de Dios - UNIMINUTO,12165-ESPECIALIZACION EN DISEÑO DE AMBIENTES DE APRENDIZAJE,Masculino,2010-2,2017,Dependiente,Comercio al por mayor y al por menor; reparación de vehículos automotores y motocicletas,1,1,,"100,0%",NaN
2829-Corporación Universitaria Minuto de Dios - UNIMINUTO,12165-ESPECIALIZACION EN DISEÑO DE AMBIENTES DE APRENDIZAJE,Masculino,2010-2,2017,Dependiente,Educación,1,1,,"100,0%",NaN
2829-Corporación Universitaria Minuto de Dios - UNIMINUTO,12165-ESPECIALIZACION EN DISEÑO DE AMBIENTES DE APRENDIZAJE,Masculino,2010-2,2017,Dependiente,Otras actividades de servicios,2,2,,"100,0%",NaN
2829-Corporación Universitaria Minuto de Dios - UNIMINUTO,12165-ESPECIALIZACION EN DISEÑO DE AMBIENTES DE APRENDIZAJE,Masculino,2010-2,2017,No cotizante,Sin información,2,0,,"0,0%",NaN
2829-Corporación Universitaria Minuto de Dios - UNIMINUTO,12165-ESPECIALIZACION EN DISEÑO DE AMBIENTES DE APRENDIZAJE,Masculino,2010-2,2018,Dependiente,Actividades de servicios administrativos y de apoyo,1,1,,"100,0%",NaN
2829-Corporación Universitaria Minuto de Dios - UNIMINUTO,12165-ESPECIALIZACION EN DISEÑO DE AMBIENTES DE APRENDIZAJE,Masculino,2010-2,2018,Dependiente,"Actividades profesionales, científicas y técnicas",2,2,,"100,0%",NaN
2829-Corporación Universitaria Minuto de Dios - UNIMINUTO,12165-ESPECIALIZACION EN DISEÑO DE AMBIENTES DE APRENDIZAJE,Masculino,2010-2,2018,Dependiente,Administración pública y defensa; planes de seguridad social de afiliación obligatoria,1,1,,"100,0%",NaN
2829-Corporación Universitaria Minuto de Dios - UNIMINUTO,12165-ESPECIALIZACION EN DISEÑO DE AMBIENTES DE APRENDIZAJE,Masculino,2010-2,2018,Dependiente,Educación,1,1,,"100,0%",NaN
2829-Corporación Universitaria Minuto de Dios - UNIMINUTO,12165-ESPECIALIZACION EN DISEÑO DE AMBIENTES DE APRENDIZAJE,Masculino,2010-2,2018,Dependiente,Otras actividades de servicios,2,2,,"100,0%",NaN
2829-Corporación Universitaria Minuto de Dios - UNIMINUTO,12165-ESPECIALIZACION EN DISEÑO DE AMBIENTES DE APRENDIZAJE,Masculino,2010-2,2018,No cotizante,Sin información,3,0,,"0,0%",NaN
2829-Corporación Universitaria Minuto de Dios - UNIMINUTO,12165-ESPECIALIZACION EN DISEÑO DE AMBIENTES DE APRENDIZAJE,Masculino,2010-2,2019,Dependiente,Actividades de organizaciones y entidades extraterritoriales,2,2,,"100,0%",NaN
2829-Corporación Universitaria Minuto de Dios - UNIMINUTO,12165-ESPECIALIZACION EN DISEÑO DE AMBIENTES DE APRENDIZAJE,Masculino,2010-2,2019,Dependiente,Actividades de servicios administrativos y de apoyo,1,1,,"100,0%",NaN
2829-Corporación Universitaria Minuto de Dios - UNIMINUTO,12165-ESPECIALIZACION EN DISEÑO DE AMBIENTES DE APRENDIZAJE,Masculino,2010-2,2019,Dependiente,"Actividades profesionales, científicas y técnicas",3,3,,"100,0%",NaN
2829-Corporación Universitaria Minuto de Dios - UNIMINUTO,12165-ESPECIALIZACION EN DISEÑO DE AMBIENTES DE APRENDIZAJE,Masculino,2010-2,2019,Dependiente,Administración pública y defensa; planes de seguridad social de afiliación obligatoria,4,4,,"100,0%",NaN
2829-Corporación Universitaria Minuto de Dios - UNIMINUTO,12165-ESPECIALIZACION EN DISEÑO DE AMBIENTES DE APRENDIZAJE,Masculino,2010-2,2019,Dependiente,Educación,1,1,,"100,0%",NaN
2829-Corporación Universitaria Minuto de Dios - UNIMINUTO,12165-ESPECIALIZACION EN DISEÑO DE AMBIENTES DE APRENDIZAJE,Masculino,2010-2,2019,Dependiente,Otras actividades de servicios,1,1,,"100,0%",NaN
2829-Corporación Universitaria Minuto de Dios - UNIMINUTO,12165-ESPECIALIZACION EN DISEÑO DE AMBIENTES DE APRENDIZAJE,Masculino,2010-2,2019,Dependiente,Sin información,1,1,,"100,0%",NaN
2829-Corporación Universitaria Minuto de Dios - UNIMINUTO,12165-ESPECIALIZACION EN DISEÑO DE AMBIENTES DE APRENDIZAJE,Masculino,2010-2,2019,No cotizante,Sin información,1,0,,"0,0%",NaN
2829-Corporación Universitaria Minuto de Dios - UNIMINUTO,12165-ESPECIALIZACION EN DISEÑO DE AMBIENTES DE APRENDIZAJE,Masculino,2010-2,2020,Dependiente,Actividades de servicios administrativos y de apoyo,1,1,,"100,0%",NaN
2829-Corporación Universitaria Minuto de Dios - UNIMINUTO,12165-ESPECIALIZACION EN DISEÑO DE AMBIENTES DE APRENDIZAJE,Masculino,2010-2,2020,Dependiente,"Actividades profesionales, científicas y técnicas",2,2,,"100,0%",NaN
2829-Corporación Universitaria Minuto de Dios - UNIMINUTO,12165-ESPECIALIZACION EN DISEÑO DE AMBIENTES DE APRENDIZAJE,Masculino,2010-2,2020,Dependiente,Administración pública y defensa; planes de seguridad social de afiliación obligatoria,9,9,,"100,0%",NaN
2829-Corporación Universitaria Minuto de Dios - UNIMINUTO,12165-ESPECIALIZACION EN DISEÑO DE AMBIENTES DE APRENDIZAJE,Masculino,2010-2,2020,Dependiente,Educación,1,1,,"100,0%",NaN
2829-Corporación Universitaria Minuto de Dios - UNIMINUTO,12165-ESPECIALIZACION EN DISEÑO DE AMBIENTES DE APRENDIZAJE,Masculino,2010-2,2020,No cotizante,Sin información,2,0,,"0,0%",NaN
2829-Corporación Universitaria Minuto de Dios - UNIMINUTO,12165-ESPECIALIZACION EN DISEÑO DE AMBIENTES DE APRENDIZAJE,Masculino,2010-2,2021,Dependiente,Actividades de servicios administrativos y de apoyo,1,1,,"100,0%",NaN
2829-Corporación Universitaria Minuto de Dios - UNIMINUTO,12165-ESPECIALIZACION EN DISEÑO DE AMBIENTES DE APRENDIZAJE,Masculino,2010-2,2021,Dependiente,Administración pública y defensa; planes de seguridad social de afiliación obligatoria,7,7,,"100,0%",NaN
2829-Corporación Universitaria Minuto de Dios - UNIMINUTO,12165-ESPECIALIZACION EN DISEÑO DE AMBIENTES DE APRENDIZAJE,Masculino,2010-2,2021,Dependiente,"Agricultura, ganadería, caza, silvicultura y pesca",2,2,,"100,0%",NaN
2829-Corporación Universitaria Minuto de Dios - UNIMINUTO,12165-ESPECIALIZACION EN DISEÑO DE AMBIENTES DE APRENDIZAJE,Masculino,2010-2,2021,Dependiente,Educación,1,1,,"100,0%",NaN
2829-Corporación Universitaria Minuto de Dios - UNIMINUTO,12165-ESPECIALIZACION EN DISEÑO DE AMBIENTES DE APRENDIZAJE,Masculino,2010-2,2021,Dependiente,Otras actividades de servicios,1,1,,"100,0%",NaN
2829-Corporación Universitaria Minuto de Dios - UNIMINUTO,12165-ESPECIALIZACION EN DISEÑO DE AMBIENTES DE APRENDIZAJE,Masculino,2010-2,2021,No cotizante,Sin información,2,0,,"0,0%",NaN
2829-Corporación Universitaria Minuto de Dios - UNIMINUTO,12165-ESPECIALIZACION EN DISEÑO DE AMBIENTES DE APRENDIZAJE,Masculino,2010-2,2022,Dependiente,"Actividades profesionales, científicas y técnicas",2,2,,"100,0%",NaN
2829-Corporación Universitaria Minuto de Dios - UNIMINUTO,12165-ESPECIALIZACION EN DISEÑO DE AMBIENTES DE APRENDIZAJE,Masculino,2010-2,2022,Dependiente,Administración pública y defensa; planes de seguridad social de afiliación obligatoria,8,8,,"100,0%",NaN
2829-Corporación Universitaria Minuto de Dios - UNIMINUTO,12165-ESPECIALIZACION EN DISEÑO DE AMBIENTES DE APRENDIZAJE,Masculino,2010-2,2022,Dependiente,Educación,1,1,,"100,0%",NaN
2829-Corporación Universitaria Minuto de Dios - UNIMINUTO,12165-ESPECIALIZACION EN DISEÑO DE AMBIENTES DE APRENDIZAJE,Masculino,2010-2,2022,No cotizante,SIN DATO,3,0,,"0,0%",NaN
2829-Corporación Universitaria Minuto de Dios - UNIMINUTO,12165-ESPECIALIZACION EN DISEÑO DE AMBIENTES DE APRENDIZAJE,Masculino,2010-2,2023,Dependiente,Administración pública y defensa; planes de seguridad social de afiliación obligatoria,10,10,,"100,0%",NaN
2829-Corporación Universitaria Minuto de Dios - UNIMINUTO,12165-ESPECIALIZACION EN DISEÑO DE AMBIENTES DE APRENDIZAJE,Masculino,2010-2,2023,Dependiente,Educación,1,1,,"100,0%",NaN
2829-Corporación Universitaria Minuto de Dios - UNIMINUTO,12165-ESPECIALIZACION EN DISEÑO DE AMBIENTES DE APRENDIZAJE,Masculino,2010-2,2023,No cotizante,SIN DATO,3,0,,"0,0%",NaN
2833-Corporación Universitaria Remington,104911-CONTADURIA PUBLICA,Femenino,2010-2,2017,Independiente,"Actividades profesionales, científicas y técnicas",1,1,,"100,0%",NaN
2833-Corporación Universitaria Remington,104911-CONTADURIA PUBLICA,Femenino,2010-2,2018,No cotizante,Sin información,1,0,,"0,0%",NaN
2833-Corporación Universitaria Remington,104431-INGENIERIA DE SISTEMAS,Masculino,2010-2,2020,No cotizante,Sin información,1,0,,"0,0%",NaN
2833-Corporación Universitaria Remington,104431-INGENIERIA DE SISTEMAS,Masculino,2010-2,2021,No cotizante,Sin información,1,0,,"0,0%",NaN
2833-Corporación Universitaria Remington,104431-INGENIERIA DE SISTEMAS,Masculino,2010-2,2022,No cotizante,SIN DATO,1,0,,"0,0%",NaN
2833-Corporación Universitaria Remington,104431-INGENIERIA DE SISTEMAS,Masculino,2010-2,2023,No cotizante,SIN DATO,1,0,,"0,0%",NaN
2727-Fundación Universitaria - CEIPA,52092-ADMINISTRACION DE EMPRESAS,Femenino,2010-2,2016,Dependiente,Actividades de atención de la salud humana y de asistencia social,2,2,,"100,0%",$1.959.500
2727-Fundación Universitaria - CEIPA,52092-ADMINISTRACION DE EMPRESAS,Femenino,2010-2,2016,Dependiente,Actividades de servicios administrativos y de apoyo,1,1,,"100,0%",$1.263.000
2727-Fundación Universitaria - CEIPA,52092-ADMINISTRACION DE EMPRESAS,Femenino,2010-2,2016,Dependiente,Actividades financieras y de seguros,29,29,,"100,0%",$3.900.621
2727-Fundación Universitaria - CEIPA,52092-ADMINISTRACION DE EMPRESAS,Femenino,2010-2,2016,Dependiente,"Actividades profesionales, científicas y técnicas",2,2,,"100,0%",$4.036.000
2727-Fundación Universitaria - CEIPA,52092-ADMINISTRACION DE EMPRESAS,Femenino,2010-2,2016,Dependiente,Administración pública y defensa; planes de seguridad social de afiliación obligatoria,1,1,,"100,0%",$1.959.000
2727-Fundación Universitaria - CEIPA,52092-ADMINISTRACION DE EMPRESAS,Femenino,2010-2,2016,Dependiente,"Agricultura, ganadería, caza, silvicultura y pesca",1,1,,"100,0%",$689.455
2727-Fundación Universitaria - CEIPA,52092-ADMINISTRACION DE EMPRESAS,Femenino,2010-2,2016,Dependiente,Comercio al por mayor y al por menor; reparación de vehículos automotores y motocicletas,1,1,,"100,0%",$3.000.000
2727-Fundación Universitaria - CEIPA,52092-ADMINISTRACION DE EMPRESAS,Femenino,2010-2,2016,Dependiente,Construccion,2,2,,"100,0%",$2.106.000
2727-Fundación Universitaria - CEIPA,52092-ADMINISTRACION DE EMPRESAS,Femenino,2010-2,2016,Dependiente,Educación,1,1,,"100,0%",$3.745.000
2727-Fundación Universitaria - CEIPA,52092-ADMINISTRACION DE EMPRESAS,Femenino,2010-2,2016,Dependiente,Industrias manufactureras,1,1,,"100,0%",$2.482.000
2727-Fundación Universitaria - CEIPA,52092-ADMINISTRACION DE EMPRESAS,Femenino,2010-2,2016,Dependiente,Información y comunicaciones,1,1,,"100,0%",$3.929.000
2727-Fundación Universitaria - CEIPA,52092-ADMINISTRACION DE EMPRESAS,Femenino,2010-2,2016,Dependiente,Sin información,4,4,,"100,0%",$3.732.000
2727-Fundación Universitaria - CEIPA,52092-ADMINISTRACION DE EMPRESAS,Femenino,2010-2,2016,Dependiente,Transporte y almacenamiento,1,1,,"100,0%",$7.019.000
2727-Fundación Universitaria - CEIPA,52092-ADMINISTRACION DE EMPRESAS,Femenino,2010-2,2016,Independiente,Información y comunicaciones,1,1,,"100,0%",NaN
2727-Fundación Universitaria - CEIPA,52092-ADMINISTRACION DE EMPRESAS,Femenino,2010-2,2016,Independiente,Sin información,1,1,,"100,0%",NaN
2727-Fundación Universitaria - CEIPA,52092-ADMINISTRACION DE EMPRESAS,Femenino,2010-2,2016,No cotizante,Sin información,5,0,,"0,0%",NaN
2727-Fundación Universitaria - CEIPA,52092-ADMINISTRACION DE EMPRESAS,Femenino,2010-2,2017,Dependiente,Actividades de servicios administrativos y de apoyo,2,2,,"100,0%",NaN
2727-Fundación Universitaria - CEIPA,52092-ADMINISTRACION DE EMPRESAS,Femenino,2010-2,2017,Dependiente,Actividades financieras y de seguros,24,24,,"100,0%",NaN
2727-Fundación Universitaria - CEIPA,52092-ADMINISTRACION DE EMPRESAS,Femenino,2010-2,2017,Dependiente,"Actividades profesionales, científicas y técnicas",1,1,,"100,0%",NaN
2727-Fundación Universitaria - CEIPA,52092-ADMINISTRACION DE EMPRESAS,Femenino,2010-2,2017,Dependiente,Administración pública y defensa; planes de seguridad social de afiliación obligatoria,1,1,,"100,0%",NaN
2727-Fundación Universitaria - CEIPA,52092-ADMINISTRACION DE EMPRESAS,Femenino,2010-2,2017,Dependiente,Comercio al por mayor y al por menor; reparación de vehículos automotores y motocicletas,6,6,,"100,0%",NaN
2727-Fundación Universitaria - CEIPA,52092-ADMINISTRACION DE EMPRESAS,Femenino,2010-2,2017,Dependiente,Educación,1,1,,"100,0%",NaN
2727-Fundación Universitaria - CEIPA,52092-ADMINISTRACION DE EMPRESAS,Femenino,2010-2,2017,Dependiente,Industrias manufactureras,1,1,,"100,0%",NaN
2727-Fundación Universitaria - CEIPA,52092-ADMINISTRACION DE EMPRESAS,Femenino,2010-2,2017,Dependiente,Información y comunicaciones,1,1,,"100,0%",NaN
2727-Fundación Universitaria - CEIPA,52092-ADMINISTRACION DE EMPRESAS,Femenino,2010-2,2017,Dependiente,Otras actividades de servicios,4,4,,"100,0%",NaN
2727-Fundación Universitaria - CEIPA,52092-ADMINISTRACION DE EMPRESAS,Femenino,2010-2,2017,Dependiente,Sin información,7,7,,"100,0%",NaN
2727-Fundación Universitaria - CEIPA,52092-ADMINISTRACION DE EMPRESAS,Femenino,2010-2,2017,Independiente,Información y comunicaciones,1,1,,"100,0%",NaN
2727-Fundación Universitaria - CEIPA,52092-ADMINISTRACION DE EMPRESAS,Femenino,2010-2,2017,Independiente,Sin información,2,2,,"100,0%",NaN
2727-Fundación Universitaria - CEIPA,52092-ADMINISTRACION DE EMPRESAS,Femenino,2010-2,2017,No cotizante,Sin información,3,0,,"0,0%",NaN
2727-Fundación Universitaria - CEIPA,52092-ADMINISTRACION DE EMPRESAS,Femenino,2010-2,2018,Dependiente,Actividades de servicios administrativos y de apoyo,2,2,,"100,0%",NaN
2727-Fundación Universitaria - CEIPA,52092-ADMINISTRACION DE EMPRESAS,Femenino,2010-2,2018,Dependiente,Actividades financieras y de seguros,23,23,,"100,0%",NaN
2727-Fundación Universitaria - CEIPA,52092-ADMINISTRACION DE EMPRESAS,Femenino,2010-2,2018,Dependiente,"Actividades profesionales, científicas y técnicas",1,1,,"100,0%",NaN
2727-Fundación Universitaria - CEIPA,52092-ADMINISTRACION DE EMPRESAS,Femenino,2010-2,2018,Dependiente,Administración pública y defensa; planes de seguridad social de afiliación obligatoria,1,1,,"100,0%",NaN
2727-Fundación Universitaria - CEIPA,52092-ADMINISTRACION DE EMPRESAS,Femenino,2010-2,2018,Dependiente,Comercio al por mayor y al por menor; reparación de vehículos automotores y motocicletas,6,6,,"100,0%",NaN
2727-Fundación Universitaria - CEIPA,52092-ADMINISTRACION DE EMPRESAS,Femenino,2010-2,2018,Dependiente,Industrias manufactureras,1,1,,"100,0%",NaN
2727-Fundación Universitaria - CEIPA,52092-ADMINISTRACION DE EMPRESAS,Femenino,2010-2,2018,Dependiente,Información y comunicaciones,1,1,,"100,0%",NaN
2727-Fundación Universitaria - CEIPA,52092-ADMINISTRACION DE EMPRESAS,Femenino,2010-2,2018,Dependiente,Otras actividades de servicios,3,3,,"100,0%",NaN
2727-Fundación Universitaria - CEIPA,52092-ADMINISTRACION DE EMPRESAS,Femenino,2010-2,2018,Dependiente,Sin información,7,7,,"100,0%",NaN
2727-Fundación Universitaria - CEIPA,52092-ADMINISTRACION DE EMPRESAS,Femenino,2010-2,2018,Independiente,Información y comunicaciones,1,1,,"100,0%",NaN
2727-Fundación Universitaria - CEIPA,52092-ADMINISTRACION DE EMPRESAS,Femenino,2010-2,2018,Independiente,Sin información,2,2,,"100,0%",NaN
2727-Fundación Universitaria - CEIPA,52092-ADMINISTRACION DE EMPRESAS,Femenino,2010-2,2018,No cotizante,Sin información,5,0,,"0,0%",NaN
2727-Fundación Universitaria - CEIPA,52092-ADMINISTRACION DE EMPRESAS,Femenino,2010-2,2019,Dependiente,Actividades de servicios administrativos y de apoyo,2,2,,"100,0%",NaN
2727-Fundación Universitaria - CEIPA,52092-ADMINISTRACION DE EMPRESAS,Femenino,2010-2,2019,Dependiente,Actividades financieras y de seguros,3,3,,"100,0%",NaN
2727-Fundación Universitaria - CEIPA,52092-ADMINISTRACION DE EMPRESAS,Femenino,2010-2,2019,Dependiente,"Actividades profesionales, científicas y técnicas",1,1,,"100,0%",NaN
2727-Fundación Universitaria - CEIPA,52092-ADMINISTRACION DE EMPRESAS,Femenino,2010-2,2019,Dependiente,Administración pública y defensa; planes de seguridad social de afiliación obligatoria,22,22,,"100,0%",NaN
2727-Fundación Universitaria - CEIPA,52092-ADMINISTRACION DE EMPRESAS,Femenino,2010-2,2019,Dependiente,Alojamiento y servicios de comida,1,1,,"100,0%",NaN
2727-Fundación Universitaria - CEIPA,52092-ADMINISTRACION DE EMPRESAS,Femenino,2010-2,2019,Dependiente,Comercio al por mayor y al por menor; reparación de vehículos automotores y motocicletas,6,6,,"100,0%",NaN
2727-Fundación Universitaria - CEIPA,52092-ADMINISTRACION DE EMPRESAS,Femenino,2010-2,2019,Dependiente,Industrias manufactureras,1,1,,"100,0%",NaN
2727-Fundación Universitaria - CEIPA,52092-ADMINISTRACION DE EMPRESAS,Femenino,2010-2,2019,Dependiente,Información y comunicaciones,1,1,,"100,0%",NaN
2727-Fundación Universitaria - CEIPA,52092-ADMINISTRACION DE EMPRESAS,Femenino,2010-2,2019,Dependiente,Otras actividades de servicios,3,3,,"100,0%",NaN
2727-Fundación Universitaria - CEIPA,52092-ADMINISTRACION DE EMPRESAS,Femenino,2010-2,2019,Dependiente,Sin información,2,2,,"100,0%",NaN
2727-Fundación Universitaria - CEIPA,52092-ADMINISTRACION DE EMPRESAS,Femenino,2010-2,2019,Independiente,Administración pública y defensa; planes de seguridad social de afiliación obligatoria,1,1,,"100,0%",NaN
2727-Fundación Universitaria - CEIPA,52092-ADMINISTRACION DE EMPRESAS,Femenino,2010-2,2019,Independiente,Información y comunicaciones,1,1,,"100,0%",NaN
2727-Fundación Universitaria - CEIPA,52092-ADMINISTRACION DE EMPRESAS,Femenino,2010-2,2019,Independiente,Otras actividades de servicios,1,1,,"100,0%",NaN
2727-Fundación Universitaria - CEIPA,52092-ADMINISTRACION DE EMPRESAS,Femenino,2010-2,2019,Independiente,Sin información,2,2,,"100,0%",NaN
2727-Fundación Universitaria - CEIPA,52092-ADMINISTRACION DE EMPRESAS,Femenino,2010-2,2019,No cotizante,Sin información,5,0,,"0,0%",NaN
2727-Fundación Universitaria - CEIPA,52092-ADMINISTRACION DE EMPRESAS,Femenino,2010-2,2020,Dependiente,Actividades de servicios administrativos y de apoyo,2,2,,"100,0%",NaN
2727-Fundación Universitaria - CEIPA,52092-ADMINISTRACION DE EMPRESAS,Femenino,2010-2,2020,Dependiente,Actividades financieras y de seguros,2,2,,"100,0%",NaN
2727-Fundación Universitaria - CEIPA,52092-ADMINISTRACION DE EMPRESAS,Femenino,2010-2,2020,Dependiente,"Actividades profesionales, científicas y técnicas",3,3,,"100,0%",NaN
2727-Fundación Universitaria - CEIPA,52092-ADMINISTRACION DE EMPRESAS,Femenino,2010-2,2020,Dependiente,Administración pública y defensa; planes de seguridad social de afiliación obligatoria,19,19,,"100,0%",NaN
2727-Fundación Universitaria - CEIPA,52092-ADMINISTRACION DE EMPRESAS,Femenino,2010-2,2020,Dependiente,Comercio al por mayor y al por menor; reparación de vehículos automotores y motocicletas,5,5,,"100,0%",NaN
2727-Fundación Universitaria - CEIPA,52092-ADMINISTRACION DE EMPRESAS,Femenino,2010-2,2020,Dependiente,Industrias manufactureras,1,1,,"100,0%",NaN
2727-Fundación Universitaria - CEIPA,52092-ADMINISTRACION DE EMPRESAS,Femenino,2010-2,2020,Dependiente,Información y comunicaciones,2,2,,"100,0%",NaN
2727-Fundación Universitaria - CEIPA,52092-ADMINISTRACION DE EMPRESAS,Femenino,2010-2,2020,Dependiente,Otras actividades de servicios,4,4,,"100,0%",NaN
2727-Fundación Universitaria - CEIPA,52092-ADMINISTRACION DE EMPRESAS,Femenino,2010-2,2020,Independiente,Actividades de servicios administrativos y de apoyo,1,1,,"100,0%",NaN
2727-Fundación Universitaria - CEIPA,52092-ADMINISTRACION DE EMPRESAS,Femenino,2010-2,2020,Independiente,Administración pública y defensa; planes de seguridad social de afiliación obligatoria,1,1,,"100,0%",NaN
2727-Fundación Universitaria - CEIPA,52092-ADMINISTRACION DE EMPRESAS,Femenino,2010-2,2020,Independiente,Otras actividades de servicios,2,2,,"100,0%",NaN
2727-Fundación Universitaria - CEIPA,52092-ADMINISTRACION DE EMPRESAS,Femenino,2010-2,2020,No cotizante,Sin información,8,0,,"0,0%",NaN
2727-Fundación Universitaria - CEIPA,52092-ADMINISTRACION DE EMPRESAS,Femenino,2010-2,2021,Dependiente,Actividades de servicios administrativos y de apoyo,2,2,,"100,0%",NaN
2727-Fundación Universitaria - CEIPA,52092-ADMINISTRACION DE EMPRESAS,Femenino,2010-2,2021,Dependiente,Actividades financieras y de seguros,1,1,,"100,0%",NaN
2727-Fundación Universitaria - CEIPA,52092-ADMINISTRACION DE EMPRESAS,Femenino,2010-2,2021,Dependiente,"Actividades profesionales, científicas y técnicas",2,2,,"100,0%",NaN
2727-Fundación Universitaria - CEIPA,52092-ADMINISTRACION DE EMPRESAS,Femenino,2010-2,2021,Dependiente,Administración pública y defensa; planes de seguridad social de afiliación obligatoria,17,17,,"100,0%",NaN
2727-Fundación Universitaria - CEIPA,52092-ADMINISTRACION DE EMPRESAS,Femenino,2010-2,2021,Dependiente,Comercio al por mayor y al por menor; reparación de vehículos automotores y motocicletas,5,5,,"100,0%",NaN
2727-Fundación Universitaria - CEIPA,52092-ADMINISTRACION DE EMPRESAS,Femenino,2010-2,2021,Dependiente,Industrias manufactureras,1,1,,"100,0%",NaN
2727-Fundación Universitaria - CEIPA,52092-ADMINISTRACION DE EMPRESAS,Femenino,2010-2,2021,Dependiente,Información y comunicaciones,3,3,,"100,0%",NaN
2727-Fundación Universitaria - CEIPA,52092-ADMINISTRACION DE EMPRESAS,Femenino,2010-2,2021,Dependiente,Otras actividades de servicios,6,6,,"100,0%",NaN
2727-Fundación Universitaria - CEIPA,52092-ADMINISTRACION DE EMPRESAS,Femenino,2010-2,2021,Independiente,Administración pública y defensa; planes de seguridad social de afiliación obligatoria,1,1,,"100,0%",NaN
2727-Fundación Universitaria - CEIPA,52092-ADMINISTRACION DE EMPRESAS,Femenino,2010-2,2021,Independiente,Otras actividades de servicios,3,3,,"100,0%",NaN
2727-Fundación Universitaria - CEIPA,52092-ADMINISTRACION DE EMPRESAS,Femenino,2010-2,2021,No cotizante,Sin información,7,0,,"0,0%",NaN
2727-Fundación Universitaria - CEIPA,52092-ADMINISTRACION DE EMPRESAS,Femenino,2010-2,2022,Dependiente,Actividades de servicios administrativos y de apoyo,3,3,,"100,0%",NaN
2727-Fundación Universitaria - CEIPA,52092-ADMINISTRACION DE EMPRESAS,Femenino,2010-2,2022,Dependiente,Actividades financieras y de seguros,1,1,,"100,0%",NaN
2727-Fundación Universitaria - CEIPA,52092-ADMINISTRACION DE EMPRESAS,Femenino,2010-2,2022,Dependiente,"Actividades profesionales, científicas y técnicas",2,2,,"100,0%",NaN
2727-Fundación Universitaria - CEIPA,52092-ADMINISTRACION DE EMPRESAS,Femenino,2010-2,2022,Dependiente,Administración pública y defensa; planes de seguridad social de afiliación obligatoria,17,17,,"100,0%",NaN
2727-Fundación Universitaria - CEIPA,52092-ADMINISTRACION DE EMPRESAS,Femenino,2010-2,2022,Dependiente,Comercio al por mayor y al por menor; reparación de vehículos automotores y motocicletas,5,5,,"100,0%",NaN
2727-Fundación Universitaria - CEIPA,52092-ADMINISTRACION DE EMPRESAS,Femenino,2010-2,2022,Dependiente,Industrias manufactureras,1,1,,"100,0%",NaN
2727-Fundación Universitaria - CEIPA,52092-ADMINISTRACION DE EMPRESAS,Femenino,2010-2,2022,Dependiente,Información y comunicaciones,2,2,,"100,0%",NaN
2727-Fundación Universitaria - CEIPA,52092-ADMINISTRACION DE EMPRESAS,Femenino,2010-2,2022,Dependiente,Otras actividades de servicios,4,4,,"100,0%",NaN
2727-Fundación Universitaria - CEIPA,52092-ADMINISTRACION DE EMPRESAS,Femenino,2010-2,2022,Independiente,Actividades de servicios administrativos y de apoyo,1,1,,"100,0%",NaN
2727-Fundación Universitaria - CEIPA,52092-ADMINISTRACION DE EMPRESAS,Femenino,2010-2,2022,Independiente,Actividades financieras y de seguros,1,1,,"100,0%",NaN
2727-Fundación Universitaria - CEIPA,52092-ADMINISTRACION DE EMPRESAS,Femenino,2010-2,2022,Independiente,Administración pública y defensa; planes de seguridad social de afiliación obligatoria,1,1,,"100,0%",NaN
2727-Fundación Universitaria - CEIPA,52092-ADMINISTRACION DE EMPRESAS,Femenino,2010-2,2022,Independiente,Comercio al por mayor y al por menor; reparación de vehículos automotores y motocicletas,1,1,,"100,0%",NaN
2727-Fundación Universitaria - CEIPA,52092-ADMINISTRACION DE EMPRESAS,Femenino,2010-2,2022,Independiente,Otras actividades de servicios,3,3,,"100,0%",NaN
2727-Fundación Universitaria - CEIPA,52092-ADMINISTRACION DE EMPRESAS,Femenino,2010-2,2022,No cotizante,SIN DATO,5,0,,"0,0%",NaN
2727-Fundación Universitaria - CEIPA,52092-ADMINISTRACION DE EMPRESAS,Femenino,2010-2,2023,Dependiente,Actividades de servicios administrativos y de apoyo,4,4,,"100,0%",NaN
2727-Fundación Universitaria - CEIPA,52092-ADMINISTRACION DE EMPRESAS,Femenino,2010-2,2023,Dependiente,Actividades financieras y de seguros,1,1,,"100,0%",NaN
2727-Fundación Universitaria - CEIPA,52092-ADMINISTRACION DE EMPRESAS,Femenino,2010-2,2023,Dependiente,"Actividades profesionales, científicas y técnicas",1,1,,"100,0%",NaN
2727-Fundación Universitaria - CEIPA,52092-ADMINISTRACION DE EMPRESAS,Femenino,2010-2,2023,Dependiente,Administración pública y defensa; planes de seguridad social de afiliación obligatoria,15,15,,"100,0%",NaN
2727-Fundación Universitaria - CEIPA,52092-ADMINISTRACION DE EMPRESAS,Femenino,2010-2,2023,Dependiente,Comercio al por mayor y al por menor; reparación de vehículos automotores y motocicletas,4,4,,"100,0%",NaN
2727-Fundación Universitaria - CEIPA,52092-ADMINISTRACION DE EMPRESAS,Femenino,2010-2,2023,Dependiente,Construccion,1,1,,"100,0%",NaN
2727-Fundación Universitaria - CEIPA,52092-ADMINISTRACION DE EMPRESAS,Femenino,2010-2,2023,Dependiente,Industrias manufactureras,1,1,,"100,0%",NaN
2727-Fundación Universitaria - CEIPA,52092-ADMINISTRACION DE EMPRESAS,Femenino,2010-2,2023,Dependiente,Información y comunicaciones,3,3,,"100,0%",NaN
2727-Fundación Universitaria - CEIPA,52092-ADMINISTRACION DE EMPRESAS,Femenino,2010-2,2023,Dependiente,Otras actividades de servicios,4,4,,"100,0%",NaN
2727-Fundación Universitaria - CEIPA,52092-ADMINISTRACION DE EMPRESAS,Femenino,2010-2,2023,Independiente,Actividades de servicios administrativos y de apoyo,2,2,,"100,0%",NaN
2727-Fundación Universitaria - CEIPA,52092-ADMINISTRACION DE EMPRESAS,Femenino,2010-2,2023,Independiente,Administración pública y defensa; planes de seguridad social de afiliación obligatoria,1,1,,"100,0%",NaN
2727-Fundación Universitaria - CEIPA,52092-ADMINISTRACION DE EMPRESAS,Femenino,2010-2,2023,Independiente,Industrias manufactureras,1,1,,"100,0%",NaN
2727-Fundación Universitaria - CEIPA,52092-ADMINISTRACION DE EMPRESAS,Femenino,2010-2,2023,Independiente,Otras actividades de servicios,5,5,,"100,0%",NaN
2727-Fundación Universitaria - CEIPA,52092-ADMINISTRACION DE EMPRESAS,Femenino,2010-2,2023,No cotizante,SIN DATO,4,0,,"0,0%",NaN
2727-Fundación Universitaria - CEIPA,52092-ADMINISTRACION DE EMPRESAS,Masculino,2010-2,2016,Dependiente,Construccion,1,1,,"100,0%",$9.291.000
2727-Fundación Universitaria - CEIPA,52092-ADMINISTRACION DE EMPRESAS,Masculino,2010-2,2016,Dependiente,"Distribución de agua; evacuación y tratamiento de aguas residuales, gestión de desechos y actividades de saneamiento ambiental",1,1,,"100,0%",$689.455
2727-Fundación Universitaria - CEIPA,52092-ADMINISTRACION DE EMPRESAS,Masculino,2010-2,2016,Dependiente,Educación,1,1,,"100,0%",$6.274.000
2727-Fundación Universitaria - CEIPA,52092-ADMINISTRACION DE EMPRESAS,Masculino,2010-2,2016,Dependiente,Industrias manufactureras,1,1,,"100,0%",$4.931.000
2727-Fundación Universitaria - CEIPA,52092-ADMINISTRACION DE EMPRESAS,Masculino,2010-2,2016,Dependiente,Sin información,1,1,,"100,0%",$4.500.000
2727-Fundación Universitaria - CEIPA,52092-ADMINISTRACION DE EMPRESAS,Masculino,2010-2,2016,Independiente,Información y comunicaciones,1,1,,"100,0%",NaN
2727-Fundación Universitaria - CEIPA,52092-ADMINISTRACION DE EMPRESAS,Masculino,2010-2,2016,Independiente,Sin información,1,1,,"100,0%",NaN
2727-Fundación Universitaria - CEIPA,52092-ADMINISTRACION DE EMPRESAS,Masculino,2010-2,2016,No cotizante,Sin información,3,0,,"0,0%",NaN
2727-Fundación Universitaria - CEIPA,52092-ADMINISTRACION DE EMPRESAS,Masculino,2010-2,2017,Dependiente,"Actividades profesionales, científicas y técnicas",1,1,,"100,0%",NaN
2727-Fundación Universitaria - CEIPA,52092-ADMINISTRACION DE EMPRESAS,Masculino,2010-2,2017,Dependiente,Alojamiento y servicios de comida,1,1,,"100,0%",NaN
2727-Fundación Universitaria - CEIPA,52092-ADMINISTRACION DE EMPRESAS,Masculino,2010-2,2017,Dependiente,Construccion,1,1,,"100,0%",NaN
2727-Fundación Universitaria - CEIPA,52092-ADMINISTRACION DE EMPRESAS,Masculino,2010-2,2017,Dependiente,Educación,1,1,,"100,0%",NaN
2727-Fundación Universitaria - CEIPA,52092-ADMINISTRACION DE EMPRESAS,Masculino,2010-2,2017,Dependiente,Industrias manufactureras,1,1,,"100,0%",NaN
2727-Fundación Universitaria - CEIPA,52092-ADMINISTRACION DE EMPRESAS,Masculino,2010-2,2017,Dependiente,Sin información,1,1,,"100,0%",NaN
2727-Fundación Universitaria - CEIPA,52092-ADMINISTRACION DE EMPRESAS,Masculino,2010-2,2017,Dependiente,Transporte y almacenamiento,1,1,,"100,0%",NaN
2727-Fundación Universitaria - CEIPA,52092-ADMINISTRACION DE EMPRESAS,Masculino,2010-2,2017,Independiente,Educación,1,1,,"100,0%",NaN
2727-Fundación Universitaria - CEIPA,52092-ADMINISTRACION DE EMPRESAS,Masculino,2010-2,2017,No cotizante,Sin información,3,0,,"0,0%",NaN
2727-Fundación Universitaria - CEIPA,52092-ADMINISTRACION DE EMPRESAS,Masculino,2010-2,2018,Dependiente,"Actividades profesionales, científicas y técnicas",2,2,,"100,0%",NaN
2727-Fundación Universitaria - CEIPA,52092-ADMINISTRACION DE EMPRESAS,Masculino,2010-2,2018,Dependiente,Industrias manufactureras,1,1,,"100,0%",NaN
2727-Fundación Universitaria - CEIPA,52092-ADMINISTRACION DE EMPRESAS,Masculino,2010-2,2018,Dependiente,Otras actividades de servicios,1,1,,"100,0%",NaN
2727-Fundación Universitaria - CEIPA,52092-ADMINISTRACION DE EMPRESAS,Masculino,2010-2,2018,Dependiente,Sin información,1,1,,"100,0%",NaN
2727-Fundación Universitaria - CEIPA,52092-ADMINISTRACION DE EMPRESAS,Masculino,2010-2,2018,Dependiente,Transporte y almacenamiento,1,1,,"100,0%",NaN
2727-Fundación Universitaria - CEIPA,52092-ADMINISTRACION DE EMPRESAS,Masculino,2010-2,2018,Independiente,Actividades de servicios administrativos y de apoyo,1,1,,"100,0%",NaN
2727-Fundación Universitaria - CEIPA,52092-ADMINISTRACION DE EMPRESAS,Masculino,2010-2,2018,Independiente,Educación,1,1,,"100,0%",NaN
2727-Fundación Universitaria - CEIPA,52092-ADMINISTRACION DE EMPRESAS,Masculino,2010-2,2018,Independiente,Otras actividades de servicios,1,1,,"100,0%",NaN
2727-Fundación Universitaria - CEIPA,52092-ADMINISTRACION DE EMPRESAS,Masculino,2010-2,2018,Independiente,Sin información,1,1,,"100,0%",NaN
2727-Fundación Universitaria - CEIPA,52092-ADMINISTRACION DE EMPRESAS,Masculino,2010-2,2018,No cotizante,Sin información,1,0,,"0,0%",NaN
2727-Fundación Universitaria - CEIPA,52092-ADMINISTRACION DE EMPRESAS,Masculino,2010-2,2019,Dependiente,"Actividades profesionales, científicas y técnicas",1,1,,"100,0%",NaN
2727-Fundación Universitaria - CEIPA,52092-ADMINISTRACION DE EMPRESAS,Masculino,2010-2,2019,Dependiente,Comercio al por mayor y al por menor; reparación de vehículos automotores y motocicletas,1,1,,"100,0%",NaN
2727-Fundación Universitaria - CEIPA,52092-ADMINISTRACION DE EMPRESAS,Masculino,2010-2,2019,Dependiente,Industrias manufactureras,1,1,,"100,0%",NaN
2727-Fundación Universitaria - CEIPA,52092-ADMINISTRACION DE EMPRESAS,Masculino,2010-2,2019,Dependiente,Otras actividades de servicios,1,1,,"100,0%",NaN
2727-Fundación Universitaria - CEIPA,52092-ADMINISTRACION DE EMPRESAS,Masculino,2010-2,2019,Dependiente,Transporte y almacenamiento,1,1,,"100,0%",NaN
2727-Fundación Universitaria - CEIPA,52092-ADMINISTRACION DE EMPRESAS,Masculino,2010-2,2019,Independiente,Actividades de servicios administrativos y de apoyo,1,1,,"100,0%",NaN
2727-Fundación Universitaria - CEIPA,52092-ADMINISTRACION DE EMPRESAS,Masculino,2010-2,2019,Independiente,Educación,1,1,,"100,0%",NaN
2727-Fundación Universitaria - CEIPA,52092-ADMINISTRACION DE EMPRESAS,Masculino,2010-2,2019,Independiente,Otras actividades de servicios,1,1,,"100,0%",NaN
2727-Fundación Universitaria - CEIPA,52092-ADMINISTRACION DE EMPRESAS,Masculino,2010-2,2019,Independiente,Sin información,2,2,,"100,0%",NaN
2727-Fundación Universitaria - CEIPA,52092-ADMINISTRACION DE EMPRESAS,Masculino,2010-2,2019,No cotizante,Sin información,1,0,,"0,0%",NaN
2727-Fundación Universitaria - CEIPA,52092-ADMINISTRACION DE EMPRESAS,Masculino,2010-2,2020,Dependiente,Comercio al por mayor y al por menor; reparación de vehículos automotores y motocicletas,1,1,,"100,0%",NaN
2727-Fundación Universitaria - CEIPA,52092-ADMINISTRACION DE EMPRESAS,Masculino,2010-2,2020,Dependiente,Construccion,1,1,,"100,0%",NaN
2727-Fundación Universitaria - CEIPA,52092-ADMINISTRACION DE EMPRESAS,Masculino,2010-2,2020,Dependiente,Industrias manufactureras,1,1,,"100,0%",NaN
2727-Fundación Universitaria - CEIPA,52092-ADMINISTRACION DE EMPRESAS,Masculino,2010-2,2020,Dependiente,Otras actividades de servicios,1,1,,"100,0%",NaN
2727-Fundación Universitaria - CEIPA,52092-ADMINISTRACION DE EMPRESAS,Masculino,2010-2,2020,Dependiente,Transporte y almacenamiento,1,1,,"100,0%",NaN
2727-Fundación Universitaria - CEIPA,52092-ADMINISTRACION DE EMPRESAS,Masculino,2010-2,2020,Independiente,Actividades de servicios administrativos y de apoyo,1,1,,"100,0%",NaN
2727-Fundación Universitaria - CEIPA,52092-ADMINISTRACION DE EMPRESAS,Masculino,2010-2,2020,Independiente,Educación,1,1,,"100,0%",NaN
2727-Fundación Universitaria - CEIPA,52092-ADMINISTRACION DE EMPRESAS,Masculino,2010-2,2020,Independiente,Otras actividades de servicios,2,2,,"100,0%",NaN
2727-Fundación Universitaria - CEIPA,52092-ADMINISTRACION DE EMPRESAS,Masculino,2010-2,2020,No cotizante,Sin información,2,0,,"0,0%",NaN
2727-Fundación Universitaria - CEIPA,52092-ADMINISTRACION DE EMPRESAS,Masculino,2010-2,2021,Dependiente,"Actividades profesionales, científicas y técnicas",1,1,,"100,0%",NaN
2727-Fundación Universitaria - CEIPA,52092-ADMINISTRACION DE EMPRESAS,Masculino,2010-2,2021,Dependiente,Comercio al por mayor y al por menor; reparación de vehículos automotores y motocicletas,1,1,,"100,0%",NaN
2727-Fundación Universitaria - CEIPA,52092-ADMINISTRACION DE EMPRESAS,Masculino,2010-2,2021,Dependiente,Industrias manufactureras,1,1,,"100,0%",NaN
2727-Fundación Universitaria - CEIPA,52092-ADMINISTRACION DE EMPRESAS,Masculino,2010-2,2021,Dependiente,Otras actividades de servicios,1,1,,"100,0%",NaN
2727-Fundación Universitaria - CEIPA,52092-ADMINISTRACION DE EMPRESAS,Masculino,2010-2,2021,Dependiente,Transporte y almacenamiento,1,1,,"100,0%",NaN
2727-Fundación Universitaria - CEIPA,52092-ADMINISTRACION DE EMPRESAS,Masculino,2010-2,2021,Independiente,Actividades de servicios administrativos y de apoyo,1,1,,"100,0%",NaN
2727-Fundación Universitaria - CEIPA,52092-ADMINISTRACION DE EMPRESAS,Masculino,2010-2,2021,Independiente,Educación,1,1,,"100,0%",NaN
2727-Fundación Universitaria - CEIPA,52092-ADMINISTRACION DE EMPRESAS,Masculino,2010-2,2021,Independiente,Otras actividades de servicios,2,2,,"100,0%",NaN
2727-Fundación Universitaria - CEIPA,52092-ADMINISTRACION DE EMPRESAS,Masculino,2010-2,2021,No cotizante,Sin información,2,0,,"0,0%",NaN
2727-Fundación Universitaria - CEIPA,52092-ADMINISTRACION DE EMPRESAS,Masculino,2010-2,2022,Dependiente,"Actividades profesionales, científicas y técnicas",1,1,,"100,0%",NaN
2727-Fundación Universitaria - CEIPA,52092-ADMINISTRACION DE EMPRESAS,Masculino,2010-2,2022,Dependiente,Industrias manufactureras,3,3,,"100,0%",NaN
2727-Fundación Universitaria - CEIPA,52092-ADMINISTRACION DE EMPRESAS,Masculino,2010-2,2022,Dependiente,Otras actividades de servicios,2,2,,"100,0%",NaN
2727-Fundación Universitaria - CEIPA,52092-ADMINISTRACION DE EMPRESAS,Masculino,2010-2,2022,Dependiente,Transporte y almacenamiento,1,1,,"100,0%",NaN
2727-Fundación Universitaria - CEIPA,52092-ADMINISTRACION DE EMPRESAS,Masculino,2010-2,2022,Independiente,Actividades de servicios administrativos y de apoyo,1,1,,"100,0%",NaN
2727-Fundación Universitaria - CEIPA,52092-ADMINISTRACION DE EMPRESAS,Masculino,2010-2,2022,Independiente,Educación,1,1,,"100,0%",NaN
2727-Fundación Universitaria - CEIPA,52092-ADMINISTRACION DE EMPRESAS,Masculino,2010-2,2022,Independiente,Otras actividades de servicios,2,2,,"100,0%",NaN
2727-Fundación Universitaria - CEIPA,52092-ADMINISTRACION DE EMPRESAS,Masculino,2010-2,2023,Dependiente,Actividades de servicios administrativos y de apoyo,1,1,,"100,0%",NaN
2727-Fundación Universitaria - CEIPA,52092-ADMINISTRACION DE EMPRESAS,Masculino,2010-2,2023,Dependiente,"Agricultura, ganadería, caza, silvicultura y pesca",1,1,,"100,0%",NaN
2727-Fundación Universitaria - CEIPA,52092-ADMINISTRACION DE EMPRESAS,Masculino,2010-2,2023,Dependiente,Industrias manufactureras,1,1,,"100,0%",NaN
2727-Fundación Universitaria - CEIPA,52092-ADMINISTRACION DE EMPRESAS,Masculino,2010-2,2023,Dependiente,Otras actividades de servicios,2,2,,"100,0%",NaN
2727-Fundación Universitaria - CEIPA,52092-ADMINISTRACION DE EMPRESAS,Masculino,2010-2,2023,Dependiente,Transporte y almacenamiento,1,1,,"100,0%",NaN
2727-Fundación Universitaria - CEIPA,52092-ADMINISTRACION DE EMPRESAS,Masculino,2010-2,2023,Independiente,Actividades de servicios administrativos y de apoyo,1,1,,"100,0%",NaN
2727-Fundación Universitaria - CEIPA,52092-ADMINISTRACION DE EMPRESAS,Masculino,2010-2,2023,Independiente,Educación,1,1,,"100,0%",NaN
2727-Fundación Universitaria - CEIPA,52092-ADMINISTRACION DE EMPRESAS,Masculino,2010-2,2023,Independiente,Otras actividades de servicios,1,1,,"100,0%",NaN
2727-Fundación Universitaria - CEIPA,52092-ADMINISTRACION DE EMPRESAS,Masculino,2010-2,2023,No cotizante,SIN DATO,2,0,,"0,0%",NaN
2727-Fundación Universitaria - CEIPA,54068-ESPECIALIZACION EN GERENCIA,Femenino,2010-2,2016,Dependiente,Actividades financieras y de seguros,5,5,,"100,0%",$8.270.600
2727-Fundación Universitaria - CEIPA,54068-ESPECIALIZACION EN GERENCIA,Femenino,2010-2,2016,Dependiente,"Actividades profesionales, científicas y técnicas",2,2,,"100,0%",$8.928.000
2727-Fundación Universitaria - CEIPA,54068-ESPECIALIZACION EN GERENCIA,Femenino,2010-2,2016,Dependiente,Sin información,1,1,,"100,0%",$689.455
2727-Fundación Universitaria - CEIPA,54068-ESPECIALIZACION EN GERENCIA,Femenino,2010-2,2016,No cotizante,Sin información,1,0,,"0,0%",NaN
2727-Fundación Universitaria - CEIPA,54068-ESPECIALIZACION EN GERENCIA,Femenino,2010-2,2017,Dependiente,"Actividades artísticas, de entretenimiento y recreación",1,1,,"100,0%",NaN
2727-Fundación Universitaria - CEIPA,54068-ESPECIALIZACION EN GERENCIA,Femenino,2010-2,2017,Dependiente,Actividades financieras y de seguros,4,4,,"100,0%",NaN
2727-Fundación Universitaria - CEIPA,54068-ESPECIALIZACION EN GERENCIA,Femenino,2010-2,2017,Dependiente,Industrias manufactureras,1,1,,"100,0%",NaN
2727-Fundación Universitaria - CEIPA,54068-ESPECIALIZACION EN GERENCIA,Femenino,2010-2,2017,Dependiente,"Suministro de electricidad, gas, vapor y aire acondicionado",1,1,,"100,0%",NaN
2727-Fundación Universitaria - CEIPA,54068-ESPECIALIZACION EN GERENCIA,Femenino,2010-2,2017,No cotizante,Sin información,1,0,,"0,0%",NaN
2727-Fundación Universitaria - CEIPA,54068-ESPECIALIZACION EN GERENCIA,Femenino,2010-2,2018,Dependiente,Actividades financieras y de seguros,4,4,,"100,0%",NaN
2727-Fundación Universitaria - CEIPA,54068-ESPECIALIZACION EN GERENCIA,Femenino,2010-2,2018,Dependiente,Industrias manufactureras,1,1,,"100,0%",NaN
2727-Fundación Universitaria - CEIPA,54068-ESPECIALIZACION EN GERENCIA,Femenino,2010-2,2018,Dependiente,"Suministro de electricidad, gas, vapor y aire acondicionado",1,1,,"100,0%",NaN
2727-Fundación Universitaria - CEIPA,54068-ESPECIALIZACION EN GERENCIA,Femenino,2010-2,2018,No cotizante,Sin información,2,0,,"0,0%",NaN
2727-Fundación Universitaria - CEIPA,54068-ESPECIALIZACION EN GERENCIA,Femenino,2010-2,2019,Dependiente,Administración pública y defensa; planes de seguridad social de afiliación obligatoria,4,4,,"100,0%",NaN
2727-Fundación Universitaria - CEIPA,54068-ESPECIALIZACION EN GERENCIA,Femenino,2010-2,2019,Dependiente,Industrias manufactureras,1,1,,"100,0%",NaN
2727-Fundación Universitaria - CEIPA,54068-ESPECIALIZACION EN GERENCIA,Femenino,2010-2,2019,Dependiente,"Suministro de electricidad, gas, vapor y aire acondicionado",1,1,,"100,0%",NaN
2727-Fundación Universitaria - CEIPA,54068-ESPECIALIZACION EN GERENCIA,Femenino,2010-2,2019,No cotizante,Sin información,2,0,,"0,0%",NaN
2727-Fundación Universitaria - CEIPA,54068-ESPECIALIZACION EN GERENCIA,Femenino,2010-2,2020,Dependiente,"Actividades profesionales, científicas y técnicas",1,1,,"100,0%",NaN
2727-Fundación Universitaria - CEIPA,54068-ESPECIALIZACION EN GERENCIA,Femenino,2010-2,2020,Dependiente,Administración pública y defensa; planes de seguridad social de afiliación obligatoria,4,4,,"100,0%",NaN
2727-Fundación Universitaria - CEIPA,54068-ESPECIALIZACION EN GERENCIA,Femenino,2010-2,2020,Independiente,Otras actividades de servicios,1,1,,"100,0%",NaN
2727-Fundación Universitaria - CEIPA,54068-ESPECIALIZACION EN GERENCIA,Femenino,2010-2,2020,No cotizante,Sin información,2,0,,"0,0%",NaN
2727-Fundación Universitaria - CEIPA,54068-ESPECIALIZACION EN GERENCIA,Femenino,2010-2,2021,Dependiente,Actividades financieras y de seguros,1,1,,"100,0%",NaN
2727-Fundación Universitaria - CEIPA,54068-ESPECIALIZACION EN GERENCIA,Femenino,2010-2,2021,Dependiente,Administración pública y defensa; planes de seguridad social de afiliación obligatoria,3,3,,"100,0%",NaN
2727-Fundación Universitaria - CEIPA,54068-ESPECIALIZACION EN GERENCIA,Femenino,2010-2,2021,Dependiente,"Suministro de electricidad, gas, vapor y aire acondicionado",1,1,,"100,0%",NaN
2727-Fundación Universitaria - CEIPA,54068-ESPECIALIZACION EN GERENCIA,Femenino,2010-2,2021,Independiente,Actividades de servicios administrativos y de apoyo,1,1,,"100,0%",NaN
2727-Fundación Universitaria - CEIPA,54068-ESPECIALIZACION EN GERENCIA,Femenino,2010-2,2021,Independiente,Otras actividades de servicios,1,1,,"100,0%",NaN
2727-Fundación Universitaria - CEIPA,54068-ESPECIALIZACION EN GERENCIA,Femenino,2010-2,2021,No cotizante,Sin información,1,0,,"0,0%",NaN
2727-Fundación Universitaria - CEIPA,54068-ESPECIALIZACION EN GERENCIA,Femenino,2010-2,2022,Dependiente,Actividades financieras y de seguros,1,1,,"100,0%",NaN
2727-Fundación Universitaria - CEIPA,54068-ESPECIALIZACION EN GERENCIA,Femenino,2010-2,2022,Dependiente,"Actividades profesionales, científicas y técnicas",1,1,,"100,0%",NaN
2727-Fundación Universitaria - CEIPA,54068-ESPECIALIZACION EN GERENCIA,Femenino,2010-2,2022,Dependiente,Administración pública y defensa; planes de seguridad social de afiliación obligatoria,3,3,,"100,0%",NaN
2727-Fundación Universitaria - CEIPA,54068-ESPECIALIZACION EN GERENCIA,Femenino,2010-2,2022,Independiente,Actividades de servicios administrativos y de apoyo,1,1,,"100,0%",NaN
2727-Fundación Universitaria - CEIPA,54068-ESPECIALIZACION EN GERENCIA,Femenino,2010-2,2022,Independiente,Otras actividades de servicios,1,1,,"100,0%",NaN
2727-Fundación Universitaria - CEIPA,54068-ESPECIALIZACION EN GERENCIA,Femenino,2010-2,2022,No cotizante,SIN DATO,1,0,,"0,0%",NaN
2727-Fundación Universitaria - CEIPA,54068-ESPECIALIZACION EN GERENCIA,Femenino,2010-2,2023,Dependiente,Actividades financieras y de seguros,1,1,,"100,0%",NaN
2727-Fundación Universitaria - CEIPA,54068-ESPECIALIZACION EN GERENCIA,Femenino,2010-2,2023,Dependiente,Administración pública y defensa; planes de seguridad social de afiliación obligatoria,3,3,,"100,0%",NaN
2727-Fundación Universitaria - CEIPA,54068-ESPECIALIZACION EN GERENCIA,Femenino,2010-2,2023,Dependiente,"Suministro de electricidad, gas, vapor y aire acondicionado",1,1,,"100,0%",NaN
2727-Fundación Universitaria - CEIPA,54068-ESPECIALIZACION EN GERENCIA,Femenino,2010-2,2023,Independiente,Otras actividades de servicios,1,1,,"100,0%",NaN
2727-Fundación Universitaria - CEIPA,54068-ESPECIALIZACION EN GERENCIA,Femenino,2010-2,2023,No cotizante,SIN DATO,2,0,,"0,0%",NaN
2727-Fundación Universitaria - CEIPA,54068-ESPECIALIZACION EN GERENCIA,Masculino,2010-2,2016,Dependiente,Actividades financieras y de seguros,2,2,,"100,0%",$12.447.500
2727-Fundación Universitaria - CEIPA,54068-ESPECIALIZACION EN GERENCIA,Masculino,2010-2,2016,Dependiente,Comercio al por mayor y al por menor; reparación de vehículos automotores y motocicletas,1,1,,"100,0%",$2.636.000
2727-Fundación Universitaria - CEIPA,54068-ESPECIALIZACION EN GERENCIA,Masculino,2010-2,2016,Dependiente,Educación,1,1,,"100,0%",$2.532.000
2727-Fundación Universitaria - CEIPA,54068-ESPECIALIZACION EN GERENCIA,Masculino,2010-2,2016,Dependiente,Sin información,1,1,,"100,0%",$6.140.000
2727-Fundación Universitaria - CEIPA,54068-ESPECIALIZACION EN GERENCIA,Masculino,2010-2,2017,Dependiente,Actividades de servicios administrativos y de apoyo,1,1,,"100,0%",NaN
2727-Fundación Universitaria - CEIPA,54068-ESPECIALIZACION EN GERENCIA,Masculino,2010-2,2017,Dependiente,Actividades financieras y de seguros,1,1,,"100,0%",NaN
2727-Fundación Universitaria - CEIPA,54068-ESPECIALIZACION EN GERENCIA,Masculino,2010-2,2017,Dependiente,Comercio al por mayor y al por menor; reparación de vehículos automotores y motocicletas,1,1,,"100,0%",NaN
2727-Fundación Universitaria - CEIPA,54068-ESPECIALIZACION EN GERENCIA,Masculino,2010-2,2017,Dependiente,Educación,1,1,,"100,0%",NaN
2727-Fundación Universitaria - CEIPA,54068-ESPECIALIZACION EN GERENCIA,Masculino,2010-2,2017,No cotizante,Sin información,1,0,,"0,0%",NaN
2727-Fundación Universitaria - CEIPA,54068-ESPECIALIZACION EN GERENCIA,Masculino,2010-2,2018,Dependiente,Actividades de servicios administrativos y de apoyo,1,1,,"100,0%",NaN
2727-Fundación Universitaria - CEIPA,54068-ESPECIALIZACION EN GERENCIA,Masculino,2010-2,2018,Dependiente,Actividades financieras y de seguros,1,1,,"100,0%",NaN
2727-Fundación Universitaria - CEIPA,54068-ESPECIALIZACION EN GERENCIA,Masculino,2010-2,2018,Dependiente,Comercio al por mayor y al por menor; reparación de vehículos automotores y motocicletas,1,1,,"100,0%",NaN
2727-Fundación Universitaria - CEIPA,54068-ESPECIALIZACION EN GERENCIA,Masculino,2010-2,2018,Dependiente,Educación,1,1,,"100,0%",NaN
2727-Fundación Universitaria - CEIPA,54068-ESPECIALIZACION EN GERENCIA,Masculino,2010-2,2018,No cotizante,Sin información,1,0,,"0,0%",NaN
2727-Fundación Universitaria - CEIPA,54068-ESPECIALIZACION EN GERENCIA,Masculino,2010-2,2019,Dependiente,Actividades de servicios administrativos y de apoyo,1,1,,"100,0%",NaN
2727-Fundación Universitaria - CEIPA,54068-ESPECIALIZACION EN GERENCIA,Masculino,2010-2,2019,Dependiente,Administración pública y defensa; planes de seguridad social de afiliación obligatoria,1,1,,"100,0%",NaN
2727-Fundación Universitaria - CEIPA,54068-ESPECIALIZACION EN GERENCIA,Masculino,2010-2,2019,Dependiente,Comercio al por mayor y al por menor; reparación de vehículos automotores y motocicletas,1,1,,"100,0%",NaN
2727-Fundación Universitaria - CEIPA,54068-ESPECIALIZACION EN GERENCIA,Masculino,2010-2,2019,Dependiente,Educación,1,1,,"100,0%",NaN
2727-Fundación Universitaria - CEIPA,54068-ESPECIALIZACION EN GERENCIA,Masculino,2010-2,2019,No cotizante,Sin información,1,0,,"0,0%",NaN
2727-Fundación Universitaria - CEIPA,54068-ESPECIALIZACION EN GERENCIA,Masculino,2010-2,2020,Dependiente,Administración pública y defensa; planes de seguridad social de afiliación obligatoria,1,1,,"100,0%",NaN
2727-Fundación Universitaria - CEIPA,54068-ESPECIALIZACION EN GERENCIA,Masculino,2010-2,2020,Dependiente,Comercio al por mayor y al por menor; reparación de vehículos automotores y motocicletas,1,1,,"100,0%",NaN
2727-Fundación Universitaria - CEIPA,54068-ESPECIALIZACION EN GERENCIA,Masculino,2010-2,2020,Dependiente,Educación,2,2,,"100,0%",NaN
2727-Fundación Universitaria - CEIPA,54068-ESPECIALIZACION EN GERENCIA,Masculino,2010-2,2020,No cotizante,Sin información,1,0,,"0,0%",NaN
2727-Fundación Universitaria - CEIPA,54068-ESPECIALIZACION EN GERENCIA,Masculino,2010-2,2021,Dependiente,Actividades de servicios administrativos y de apoyo,1,1,,"100,0%",NaN
2727-Fundación Universitaria - CEIPA,54068-ESPECIALIZACION EN GERENCIA,Masculino,2010-2,2021,Dependiente,Administración pública y defensa; planes de seguridad social de afiliación obligatoria,1,1,,"100,0%",NaN
2727-Fundación Universitaria - CEIPA,54068-ESPECIALIZACION EN GERENCIA,Masculino,2010-2,2021,Dependiente,Comercio al por mayor y al por menor; reparación de vehículos automotores y motocicletas,1,1,,"100,0%",NaN
2727-Fundación Universitaria - CEIPA,54068-ESPECIALIZACION EN GERENCIA,Masculino,2010-2,2021,Dependiente,Educación,1,1,,"100,0%",NaN
2727-Fundación Universitaria - CEIPA,54068-ESPECIALIZACION EN GERENCIA,Masculino,2010-2,2021,No cotizante,Sin información,1,0,,"0,0%",NaN
2727-Fundación Universitaria - CEIPA,54068-ESPECIALIZACION EN GERENCIA,Masculino,2010-2,2022,Dependiente,Actividades de servicios administrativos y de apoyo,1,1,,"100,0%",NaN
2727-Fundación Universitaria - CEIPA,54068-ESPECIALIZACION EN GERENCIA,Masculino,2010-2,2022,Dependiente,Administración pública y defensa; planes de seguridad social de afiliación obligatoria,1,1,,"100,0%",NaN
2727-Fundación Universitaria - CEIPA,54068-ESPECIALIZACION EN GERENCIA,Masculino,2010-2,2022,Dependiente,Comercio al por mayor y al por menor; reparación de vehículos automotores y motocicletas,1,1,,"100,0%",NaN
2727-Fundación Universitaria - CEIPA,54068-ESPECIALIZACION EN GERENCIA,Masculino,2010-2,2022,Dependiente,Educación,1,1,,"100,0%",NaN
2727-Fundación Universitaria - CEIPA,54068-ESPECIALIZACION EN GERENCIA,Masculino,2010-2,2022,No cotizante,SIN DATO,1,0,,"0,0%",NaN
2727-Fundación Universitaria - CEIPA,54068-ESPECIALIZACION EN GERENCIA,Masculino,2010-2,2023,Dependiente,Actividades de servicios administrativos y de apoyo,1,1,,"100,0%",NaN
2727-Fundación Universitaria - CEIPA,54068-ESPECIALIZACION EN GERENCIA,Masculino,2010-2,2023,Dependiente,Administración pública y defensa; planes de seguridad social de afiliación obligatoria,1,1,,"100,0%",NaN
2727-Fundación Universitaria - CEIPA,54068-ESPECIALIZACION EN GERENCIA,Masculino,2010-2,2023,Dependiente,Comercio al por mayor y al por menor; reparación de vehículos automotores y motocicletas,1,1,,"100,0%",NaN
2727-Fundación Universitaria - CEIPA,54068-ESPECIALIZACION EN GERENCIA,Masculino,2010-2,2023,Independiente,Otras actividades de servicios,1,1,,"100,0%",NaN
2727-Fundación Universitaria - CEIPA,54068-ESPECIALIZACION EN GERENCIA,Masculino,2010-2,2023,No cotizante,SIN DATO,1,0,,"0,0%",NaN
2727-Fundación Universitaria - CEIPA,54125-ESPECIALIZACION EN GERENCIA DEL TALENTO HUMANO,Femenino,2010-2,2016,Dependiente,Actividades financieras y de seguros,3,3,,"100,0%",$3.398.333
2727-Fundación Universitaria - CEIPA,54125-ESPECIALIZACION EN GERENCIA DEL TALENTO HUMANO,Femenino,2010-2,2016,Dependiente,Industrias manufactureras,1,1,,"100,0%",$13.589.000
2727-Fundación Universitaria - CEIPA,54125-ESPECIALIZACION EN GERENCIA DEL TALENTO HUMANO,Femenino,2010-2,2016,No cotizante,Sin información,1,0,,"0,0%",NaN
2727-Fundación Universitaria - CEIPA,54125-ESPECIALIZACION EN GERENCIA DEL TALENTO HUMANO,Femenino,2010-2,2017,Dependiente,Actividades de organizaciones y entidades extraterritoriales,1,1,,"100,0%",NaN
2727-Fundación Universitaria - CEIPA,54125-ESPECIALIZACION EN GERENCIA DEL TALENTO HUMANO,Femenino,2010-2,2017,Dependiente,Actividades financieras y de seguros,3,3,,"100,0%",NaN
2727-Fundación Universitaria - CEIPA,54125-ESPECIALIZACION EN GERENCIA DEL TALENTO HUMANO,Femenino,2010-2,2017,No cotizante,Sin información,1,0,,"0,0%",NaN
2727-Fundación Universitaria - CEIPA,54125-ESPECIALIZACION EN GERENCIA DEL TALENTO HUMANO,Femenino,2010-2,2018,Dependiente,Actividades de organizaciones y entidades extraterritoriales,1,1,,"100,0%",NaN
2727-Fundación Universitaria - CEIPA,54125-ESPECIALIZACION EN GERENCIA DEL TALENTO HUMANO,Femenino,2010-2,2018,Dependiente,Actividades financieras y de seguros,3,3,,"100,0%",NaN
2727-Fundación Universitaria - CEIPA,54125-ESPECIALIZACION EN GERENCIA DEL TALENTO HUMANO,Femenino,2010-2,2018,No cotizante,Sin información,1,0,,"0,0%",NaN
2727-Fundación Universitaria - CEIPA,54125-ESPECIALIZACION EN GERENCIA DEL TALENTO HUMANO,Femenino,2010-2,2019,Dependiente,Actividades de organizaciones y entidades extraterritoriales,1,1,,"100,0%",NaN
2727-Fundación Universitaria - CEIPA,54125-ESPECIALIZACION EN GERENCIA DEL TALENTO HUMANO,Femenino,2010-2,2019,Dependiente,Actividades financieras y de seguros,2,2,,"100,0%",NaN
2727-Fundación Universitaria - CEIPA,54125-ESPECIALIZACION EN GERENCIA DEL TALENTO HUMANO,Femenino,2010-2,2019,Dependiente,Administración pública y defensa; planes de seguridad social de afiliación obligatoria,1,1,,"100,0%",NaN
2727-Fundación Universitaria - CEIPA,54125-ESPECIALIZACION EN GERENCIA DEL TALENTO HUMANO,Femenino,2010-2,2019,No cotizante,Sin información,1,0,,"0,0%",NaN
2727-Fundación Universitaria - CEIPA,54125-ESPECIALIZACION EN GERENCIA DEL TALENTO HUMANO,Femenino,2010-2,2020,Dependiente,Actividades de organizaciones y entidades extraterritoriales,1,1,,"100,0%",NaN
2727-Fundación Universitaria - CEIPA,54125-ESPECIALIZACION EN GERENCIA DEL TALENTO HUMANO,Femenino,2010-2,2020,Dependiente,Actividades financieras y de seguros,2,2,,"100,0%",NaN
2727-Fundación Universitaria - CEIPA,54125-ESPECIALIZACION EN GERENCIA DEL TALENTO HUMANO,Femenino,2010-2,2020,Dependiente,Administración pública y defensa; planes de seguridad social de afiliación obligatoria,1,1,,"100,0%",NaN
2727-Fundación Universitaria - CEIPA,54125-ESPECIALIZACION EN GERENCIA DEL TALENTO HUMANO,Femenino,2010-2,2020,No cotizante,Sin información,1,0,,"0,0%",NaN
2727-Fundación Universitaria - CEIPA,54125-ESPECIALIZACION EN GERENCIA DEL TALENTO HUMANO,Femenino,2010-2,2021,Dependiente,Actividades de organizaciones y entidades extraterritoriales,1,1,,"100,0%",NaN
2727-Fundación Universitaria - CEIPA,54125-ESPECIALIZACION EN GERENCIA DEL TALENTO HUMANO,Femenino,2010-2,2021,Dependiente,Actividades financieras y de seguros,2,2,,"100,0%",NaN
2727-Fundación Universitaria - CEIPA,54125-ESPECIALIZACION EN GERENCIA DEL TALENTO HUMANO,Femenino,2010-2,2021,Dependiente,Administración pública y defensa; planes de seguridad social de afiliación obligatoria,1,1,,"100,0%",NaN
2727-Fundación Universitaria - CEIPA,54125-ESPECIALIZACION EN GERENCIA DEL TALENTO HUMANO,Femenino,2010-2,2021,No cotizante,Sin información,1,0,,"0,0%",NaN
2727-Fundación Universitaria - CEIPA,54125-ESPECIALIZACION EN GERENCIA DEL TALENTO HUMANO,Femenino,2010-2,2022,Dependiente,Actividades de organizaciones y entidades extraterritoriales,1,1,,"100,0%",NaN
2727-Fundación Universitaria - CEIPA,54125-ESPECIALIZACION EN GERENCIA DEL TALENTO HUMANO,Femenino,2010-2,2022,Dependiente,Actividades financieras y de seguros,2,2,,"100,0%",NaN
2727-Fundación Universitaria - CEIPA,54125-ESPECIALIZACION EN GERENCIA DEL TALENTO HUMANO,Femenino,2010-2,2022,Dependiente,Administración pública y defensa; planes de seguridad social de afiliación obligatoria,1,1,,"100,0%",NaN
2727-Fundación Universitaria - CEIPA,54125-ESPECIALIZACION EN GERENCIA DEL TALENTO HUMANO,Femenino,2010-2,2022,No cotizante,SIN DATO,1,0,,"0,0%",NaN
2727-Fundación Universitaria - CEIPA,54125-ESPECIALIZACION EN GERENCIA DEL TALENTO HUMANO,Femenino,2010-2,2023,Dependiente,Actividades de organizaciones y entidades extraterritoriales,1,1,,"100,0%",NaN
2727-Fundación Universitaria - CEIPA,54125-ESPECIALIZACION EN GERENCIA DEL TALENTO HUMANO,Femenino,2010-2,2023,Dependiente,Actividades financieras y de seguros,2,2,,"100,0%",NaN
2727-Fundación Universitaria - CEIPA,54125-ESPECIALIZACION EN GERENCIA DEL TALENTO HUMANO,Femenino,2010-2,2023,Dependiente,Administración pública y defensa; planes de seguridad social de afiliación obligatoria,1,1,,"100,0%",NaN
2727-Fundación Universitaria - CEIPA,54125-ESPECIALIZACION EN GERENCIA DEL TALENTO HUMANO,Femenino,2010-2,2023,No cotizante,SIN DATO,1,0,,"0,0%",NaN
2727-Fundación Universitaria - CEIPA,54125-ESPECIALIZACION EN GERENCIA DEL TALENTO HUMANO,Masculino,2010-2,2016,Dependiente,Industrias manufactureras,1,1,,"100,0%",$10.981.000
2727-Fundación Universitaria - CEIPA,54125-ESPECIALIZACION EN GERENCIA DEL TALENTO HUMANO,Masculino,2010-2,2017,Dependiente,Actividades de organizaciones y entidades extraterritoriales,1,1,,"100,0%",NaN
2727-Fundación Universitaria - CEIPA,54125-ESPECIALIZACION EN GERENCIA DEL TALENTO HUMANO,Masculino,2010-2,2018,Dependiente,Actividades de organizaciones y entidades extraterritoriales,1,1,,"100,0%",NaN
2727-Fundación Universitaria - CEIPA,54125-ESPECIALIZACION EN GERENCIA DEL TALENTO HUMANO,Masculino,2010-2,2019,Dependiente,Actividades de organizaciones y entidades extraterritoriales,1,1,,"100,0%",NaN
2727-Fundación Universitaria - CEIPA,54125-ESPECIALIZACION EN GERENCIA DEL TALENTO HUMANO,Masculino,2010-2,2020,Dependiente,Actividades de organizaciones y entidades extraterritoriales,1,1,,"100,0%",NaN
2727-Fundación Universitaria - CEIPA,54125-ESPECIALIZACION EN GERENCIA DEL TALENTO HUMANO,Masculino,2010-2,2021,Dependiente,Actividades de organizaciones y entidades extraterritoriales,1,1,,"100,0%",NaN
2727-Fundación Universitaria - CEIPA,54125-ESPECIALIZACION EN GERENCIA DEL TALENTO HUMANO,Masculino,2010-2,2022,Dependiente,Actividades de organizaciones y entidades extraterritoriales,1,1,,"100,0%",NaN
2727-Fundación Universitaria - CEIPA,54125-ESPECIALIZACION EN GERENCIA DEL TALENTO HUMANO,Masculino,2010-2,2023,Dependiente,Actividades de organizaciones y entidades extraterritoriales,1,1,,"100,0%",NaN
2727-Fundación Universitaria - CEIPA,54581-ESPECIALIZACION EN GERENCIA FINANCIERA,Femenino,2010-2,2016,Dependiente,Actividades financieras y de seguros,2,2,,"100,0%",$6.942.500
2727-Fundación Universitaria - CEIPA,54581-ESPECIALIZACION EN GERENCIA FINANCIERA,Femenino,2010-2,2017,Dependiente,Actividades financieras y de seguros,2,2,,"100,0%",NaN
2727-Fundación Universitaria - CEIPA,54581-ESPECIALIZACION EN GERENCIA FINANCIERA,Femenino,2010-2,2018,Dependiente,Actividades financieras y de seguros,2,2,,"100,0%",NaN
2727-Fundación Universitaria - CEIPA,54581-ESPECIALIZACION EN GERENCIA FINANCIERA,Femenino,2010-2,2019,Dependiente,Administración pública y defensa; planes de seguridad social de afiliación obligatoria,2,2,,"100,0%",NaN
2727-Fundación Universitaria - CEIPA,54581-ESPECIALIZACION EN GERENCIA FINANCIERA,Femenino,2010-2,2020,Dependiente,Administración pública y defensa; planes de seguridad social de afiliación obligatoria,2,2,,"100,0%",NaN
2727-Fundación Universitaria - CEIPA,54581-ESPECIALIZACION EN GERENCIA FINANCIERA,Femenino,2010-2,2021,Dependiente,Administración pública y defensa; planes de seguridad social de afiliación obligatoria,2,2,,"100,0%",NaN
2727-Fundación Universitaria - CEIPA,54581-ESPECIALIZACION EN GERENCIA FINANCIERA,Femenino,2010-2,2022,Dependiente,Administración pública y defensa; planes de seguridad social de afiliación obligatoria,2,2,,"100,0%",NaN
2727-Fundación Universitaria - CEIPA,54581-ESPECIALIZACION EN GERENCIA FINANCIERA,Femenino,2010-2,2023,Dependiente,Administración pública y defensa; planes de seguridad social de afiliación obligatoria,1,1,,"100,0%",NaN
2727-Fundación Universitaria - CEIPA,54581-ESPECIALIZACION EN GERENCIA FINANCIERA,Femenino,2010-2,2023,Independiente,Actividades financieras y de seguros,1,1,,"100,0%",NaN
2732-Fundación Universitaria Católica del Norte,11361-ADMINISTRACION AMBIENTAL,Femenino,2010-2,2016,Dependiente,"Actividades profesionales, científicas y técnicas",3,3,,"100,0%",$3.070.000
2732-Fundación Universitaria Católica del Norte,11361-ADMINISTRACION AMBIENTAL,Femenino,2010-2,2016,Independiente,Sin información,1,1,,"100,0%",NaN
2732-Fundación Universitaria Católica del Norte,11361-ADMINISTRACION AMBIENTAL,Femenino,2010-2,2017,Dependiente,"Suministro de electricidad, gas, vapor y aire acondicionado",3,3,,"100,0%",NaN
2732-Fundación Universitaria Católica del Norte,11361-ADMINISTRACION AMBIENTAL,Femenino,2010-2,2018,Dependiente,"Suministro de electricidad, gas, vapor y aire acondicionado",3,3,,"100,0%",NaN
2732-Fundación Universitaria Católica del Norte,11361-ADMINISTRACION AMBIENTAL,Femenino,2010-2,2019,Dependiente,"Suministro de electricidad, gas, vapor y aire acondicionado",2,2,,"100,0%",NaN
2732-Fundación Universitaria Católica del Norte,11361-ADMINISTRACION AMBIENTAL,Femenino,2010-2,2020,Dependiente,"Actividades profesionales, científicas y técnicas",1,1,,"100,0%",NaN
2732-Fundación Universitaria Católica del Norte,11361-ADMINISTRACION AMBIENTAL,Femenino,2010-2,2021,Dependiente,"Suministro de electricidad, gas, vapor y aire acondicionado",1,1,,"100,0%",NaN
2732-Fundación Universitaria Católica del Norte,11361-ADMINISTRACION AMBIENTAL,Femenino,2010-2,2022,Dependiente,"Actividades profesionales, científicas y técnicas",1,1,,"100,0%",NaN
2732-Fundación Universitaria Católica del Norte,11361-ADMINISTRACION AMBIENTAL,Femenino,2010-2,2023,Dependiente,"Suministro de electricidad, gas, vapor y aire acondicionado",1,1,,"100,0%",NaN
2732-Fundación Universitaria Católica del Norte,11361-ADMINISTRACION AMBIENTAL,Masculino,2010-2,2016,Dependiente,Administración pública y defensa; planes de seguridad social de afiliación obligatoria,1,1,,"100,0%",$3.418.000
2732-Fundación Universitaria Católica del Norte,11361-ADMINISTRACION AMBIENTAL,Masculino,2010-2,2016,Dependiente,Educación,1,1,,"100,0%",$2.277.000
2732-Fundación Universitaria Católica del Norte,11361-ADMINISTRACION AMBIENTAL,Masculino,2010-2,2016,Dependiente,Industrias manufactureras,2,2,,"100,0%",$2.265.000
2732-Fundación Universitaria Católica del Norte,11361-ADMINISTRACION AMBIENTAL,Masculino,2010-2,2016,Independiente,Sin información,1,1,,"100,0%",NaN
2732-Fundación Universitaria Católica del Norte,11361-ADMINISTRACION AMBIENTAL,Masculino,2010-2,2016,No cotizante,Sin información,1,0,,"0,0%",NaN
2732-Fundación Universitaria Católica del Norte,11361-ADMINISTRACION AMBIENTAL,Masculino,2010-2,2017,Dependiente,Actividades de organizaciones y entidades extraterritoriales,2,2,,"100,0%",NaN
2732-Fundación Universitaria Católica del Norte,11361-ADMINISTRACION AMBIENTAL,Masculino,2010-2,2017,Dependiente,Sin información,2,2,,"100,0%",NaN
2732-Fundación Universitaria Católica del Norte,11361-ADMINISTRACION AMBIENTAL,Masculino,2010-2,2017,Independiente,Sin información,1,1,,"100,0%",NaN
2732-Fundación Universitaria Católica del Norte,11361-ADMINISTRACION AMBIENTAL,Masculino,2010-2,2017,No cotizante,Sin información,1,0,,"0,0%",NaN
2732-Fundación Universitaria Católica del Norte,11361-ADMINISTRACION AMBIENTAL,Masculino,2010-2,2018,Dependiente,Actividades de organizaciones y entidades extraterritoriales,2,2,,"100,0%",NaN
2732-Fundación Universitaria Católica del Norte,11361-ADMINISTRACION AMBIENTAL,Masculino,2010-2,2018,Dependiente,Sin información,2,2,,"100,0%",NaN
2732-Fundación Universitaria Católica del Norte,11361-ADMINISTRACION AMBIENTAL,Masculino,2010-2,2018,Independiente,Sin información,1,1,,"100,0%",NaN
2732-Fundación Universitaria Católica del Norte,11361-ADMINISTRACION AMBIENTAL,Masculino,2010-2,2018,No cotizante,Sin información,1,0,,"0,0%",NaN
2732-Fundación Universitaria Católica del Norte,11361-ADMINISTRACION AMBIENTAL,Masculino,2010-2,2019,Dependiente,Actividades de organizaciones y entidades extraterritoriales,2,2,,"100,0%",NaN
2732-Fundación Universitaria Católica del Norte,11361-ADMINISTRACION AMBIENTAL,Masculino,2010-2,2019,Dependiente,Administración pública y defensa; planes de seguridad social de afiliación obligatoria,2,2,,"100,0%",NaN
2732-Fundación Universitaria Católica del Norte,11361-ADMINISTRACION AMBIENTAL,Masculino,2010-2,2019,No cotizante,Sin información,2,0,,"0,0%",NaN
2732-Fundación Universitaria Católica del Norte,11361-ADMINISTRACION AMBIENTAL,Masculino,2010-2,2020,Dependiente,Actividades de organizaciones y entidades extraterritoriales,2,2,,"100,0%",NaN
2732-Fundación Universitaria Católica del Norte,11361-ADMINISTRACION AMBIENTAL,Masculino,2010-2,2020,Dependiente,Administración pública y defensa; planes de seguridad social de afiliación obligatoria,1,1,,"100,0%",NaN
2732-Fundación Universitaria Católica del Norte,11361-ADMINISTRACION AMBIENTAL,Masculino,2010-2,2020,Independiente,Otras actividades de servicios,1,1,,"100,0%",NaN
2732-Fundación Universitaria Católica del Norte,11361-ADMINISTRACION AMBIENTAL,Masculino,2010-2,2020,No cotizante,Sin información,2,0,,"0,0%",NaN
2732-Fundación Universitaria Católica del Norte,11361-ADMINISTRACION AMBIENTAL,Masculino,2010-2,2021,Dependiente,Actividades de organizaciones y entidades extraterritoriales,2,2,,"100,0%",NaN
2732-Fundación Universitaria Católica del Norte,11361-ADMINISTRACION AMBIENTAL,Masculino,2010-2,2021,Dependiente,Administración pública y defensa; planes de seguridad social de afiliación obligatoria,1,1,,"100,0%",NaN
2732-Fundación Universitaria Católica del Norte,11361-ADMINISTRACION AMBIENTAL,Masculino,2010-2,2021,Independiente,"Actividades profesionales, científicas y técnicas",1,1,,"100,0%",NaN
2732-Fundación Universitaria Católica del Norte,11361-ADMINISTRACION AMBIENTAL,Masculino,2010-2,2021,No cotizante,Sin información,2,0,,"0,0%",NaN
2732-Fundación Universitaria Católica del Norte,11361-ADMINISTRACION AMBIENTAL,Masculino,2010-2,2022,Dependiente,Actividades de organizaciones y entidades extraterritoriales,2,2,,"100,0%",NaN
2732-Fundación Universitaria Católica del Norte,11361-ADMINISTRACION AMBIENTAL,Masculino,2010-2,2022,Dependiente,"Actividades profesionales, científicas y técnicas",1,1,,"100,0%",NaN
2732-Fundación Universitaria Católica del Norte,11361-ADMINISTRACION AMBIENTAL,Masculino,2010-2,2022,Dependiente,Otras actividades de servicios,1,1,,"100,0%",NaN
2732-Fundación Universitaria Católica del Norte,11361-ADMINISTRACION AMBIENTAL,Masculino,2010-2,2022,Independiente,"Actividades profesionales, científicas y técnicas",1,1,,"100,0%",NaN
2732-Fundación Universitaria Católica del Norte,11361-ADMINISTRACION AMBIENTAL,Masculino,2010-2,2022,No cotizante,SIN DATO,1,0,,"0,0%",NaN
2732-Fundación Universitaria Católica del Norte,11361-ADMINISTRACION AMBIENTAL,Masculino,2010-2,2023,Dependiente,Actividades de organizaciones y entidades extraterritoriales,2,2,,"100,0%",NaN
2732-Fundación Universitaria Católica del Norte,11361-ADMINISTRACION AMBIENTAL,Masculino,2010-2,2023,Dependiente,Administración pública y defensa; planes de seguridad social de afiliación obligatoria,1,1,,"100,0%",NaN
2732-Fundación Universitaria Católica del Norte,11361-ADMINISTRACION AMBIENTAL,Masculino,2010-2,2023,Dependiente,Otras actividades de servicios,1,1,,"100,0%",NaN
2732-Fundación Universitaria Católica del Norte,11361-ADMINISTRACION AMBIENTAL,Masculino,2010-2,2023,Independiente,"Actividades profesionales, científicas y técnicas",1,1,,"100,0%",NaN
2732-Fundación Universitaria Católica del Norte,11361-ADMINISTRACION AMBIENTAL,Masculino,2010-2,2023,No cotizante,SIN DATO,1,0,,"0,0%",NaN
2732-Fundación Universitaria Católica del Norte,9809-ADMINISTRACION DE EMPRESAS,Femenino,2010-2,2016,Dependiente,Actividades de atención de la salud humana y de asistencia social,1,1,,"100,0%",$2.884.000
2732-Fundación Universitaria Católica del Norte,9809-ADMINISTRACION DE EMPRESAS,Femenino,2010-2,2016,Dependiente,Actividades financieras y de seguros,2,2,,"100,0%",$2.899.500
2732-Fundación Universitaria Católica del Norte,9809-ADMINISTRACION DE EMPRESAS,Femenino,2010-2,2016,Dependiente,"Actividades profesionales, científicas y técnicas",3,3,,"100,0%",$3.135.000
2732-Fundación Universitaria Católica del Norte,9809-ADMINISTRACION DE EMPRESAS,Femenino,2010-2,2016,Dependiente,Educación,1,1,,"100,0%",$2.277.000
2732-Fundación Universitaria Católica del Norte,9809-ADMINISTRACION DE EMPRESAS,Femenino,2010-2,2016,Dependiente,Industrias manufactureras,1,1,,"100,0%",$11.689.000
2732-Fundación Universitaria Católica del Norte,9809-ADMINISTRACION DE EMPRESAS,Femenino,2010-2,2016,Dependiente,Información y comunicaciones,2,2,,"100,0%",$2.434.500
2732-Fundación Universitaria Católica del Norte,9809-ADMINISTRACION DE EMPRESAS,Femenino,2010-2,2016,Dependiente,Sin información,1,1,,"100,0%",$1.803.000
2732-Fundación Universitaria Católica del Norte,9809-ADMINISTRACION DE EMPRESAS,Femenino,2010-2,2016,Independiente,Actividades financieras y de seguros,1,1,,"100,0%",NaN
2732-Fundación Universitaria Católica del Norte,9809-ADMINISTRACION DE EMPRESAS,Femenino,2010-2,2016,Independiente,"Actividades profesionales, científicas y técnicas",2,2,,"100,0%",NaN
2732-Fundación Universitaria Católica del Norte,9809-ADMINISTRACION DE EMPRESAS,Femenino,2010-2,2016,No cotizante,Sin información,4,0,,"0,0%",NaN
2732-Fundación Universitaria Católica del Norte,9809-ADMINISTRACION DE EMPRESAS,Femenino,2010-2,2017,Dependiente,Actividades financieras y de seguros,1,1,,"100,0%",NaN
2732-Fundación Universitaria Católica del Norte,9809-ADMINISTRACION DE EMPRESAS,Femenino,2010-2,2017,Dependiente,"Actividades profesionales, científicas y técnicas",3,3,,"100,0%",NaN
2732-Fundación Universitaria Católica del Norte,9809-ADMINISTRACION DE EMPRESAS,Femenino,2010-2,2017,Dependiente,"Agricultura, ganadería, caza, silvicultura y pesca",1,1,,"100,0%",NaN
2732-Fundación Universitaria Católica del Norte,9809-ADMINISTRACION DE EMPRESAS,Femenino,2010-2,2017,Dependiente,Construccion,1,1,,"100,0%",NaN
2732-Fundación Universitaria Católica del Norte,9809-ADMINISTRACION DE EMPRESAS,Femenino,2010-2,2017,Dependiente,"Distribución de agua; evacuación y tratamiento de aguas residuales, gestión de desechos y actividades de saneamiento ambiental",1,1,,"100,0%",NaN
2732-Fundación Universitaria Católica del Norte,9809-ADMINISTRACION DE EMPRESAS,Femenino,2010-2,2017,Dependiente,Industrias manufactureras,1,1,,"100,0%",NaN
2732-Fundación Universitaria Católica del Norte,9809-ADMINISTRACION DE EMPRESAS,Femenino,2010-2,2017,Dependiente,Información y comunicaciones,1,1,,"100,0%",NaN
2732-Fundación Universitaria Católica del Norte,9809-ADMINISTRACION DE EMPRESAS,Femenino,2010-2,2017,Dependiente,Sin información,1,1,,"100,0%",NaN
2732-Fundación Universitaria Católica del Norte,9809-ADMINISTRACION DE EMPRESAS,Femenino,2010-2,2017,Independiente,"Actividades profesionales, científicas y técnicas",2,2,,"100,0%",NaN
2732-Fundación Universitaria Católica del Norte,9809-ADMINISTRACION DE EMPRESAS,Femenino,2010-2,2017,No cotizante,Sin información,5,0,,"0,0%",NaN
2732-Fundación Universitaria Católica del Norte,9809-ADMINISTRACION DE EMPRESAS,Femenino,2010-2,2018,Dependiente,Actividades financieras y de seguros,1,1,,"100,0%",NaN
2732-Fundación Universitaria Católica del Norte,9809-ADMINISTRACION DE EMPRESAS,Femenino,2010-2,2018,Dependiente,"Actividades profesionales, científicas y técnicas",4,4,,"100,0%",NaN
2732-Fundación Universitaria Católica del Norte,9809-ADMINISTRACION DE EMPRESAS,Femenino,2010-2,2018,Dependiente,Industrias manufactureras,1,1,,"100,0%",NaN
2732-Fundación Universitaria Católica del Norte,9809-ADMINISTRACION DE EMPRESAS,Femenino,2010-2,2018,Dependiente,Información y comunicaciones,1,1,,"100,0%",NaN
2732-Fundación Universitaria Católica del Norte,9809-ADMINISTRACION DE EMPRESAS,Femenino,2010-2,2018,Dependiente,Sin información,1,1,,"100,0%",NaN
2732-Fundación Universitaria Católica del Norte,9809-ADMINISTRACION DE EMPRESAS,Femenino,2010-2,2018,Independiente,"Actividades profesionales, científicas y técnicas",2,2,,"100,0%",NaN
2732-Fundación Universitaria Católica del Norte,9809-ADMINISTRACION DE EMPRESAS,Femenino,2010-2,2018,No cotizante,Sin información,6,0,,"0,0%",NaN
2732-Fundación Universitaria Católica del Norte,9809-ADMINISTRACION DE EMPRESAS,Femenino,2010-2,2019,Dependiente,"Actividades profesionales, científicas y técnicas",3,3,,"100,0%",NaN
2732-Fundación Universitaria Católica del Norte,9809-ADMINISTRACION DE EMPRESAS,Femenino,2010-2,2019,Dependiente,Administración pública y defensa; planes de seguridad social de afiliación obligatoria,1,1,,"100,0%",NaN
2732-Fundación Universitaria Católica del Norte,9809-ADMINISTRACION DE EMPRESAS,Femenino,2010-2,2019,Dependiente,Industrias manufactureras,2,2,,"100,0%",NaN
2732-Fundación Universitaria Católica del Norte,9809-ADMINISTRACION DE EMPRESAS,Femenino,2010-2,2019,Dependiente,Información y comunicaciones,1,1,,"100,0%",NaN
2732-Fundación Universitaria Católica del Norte,9809-ADMINISTRACION DE EMPRESAS,Femenino,2010-2,2019,Dependiente,Sin información,1,1,,"100,0%",NaN
2732-Fundación Universitaria Católica del Norte,9809-ADMINISTRACION DE EMPRESAS,Femenino,2010-2,2019,Independiente,"Actividades profesionales, científicas y técnicas",2,2,,"100,0%",NaN
2732-Fundación Universitaria Católica del Norte,9809-ADMINISTRACION DE EMPRESAS,Femenino,2010-2,2019,No cotizante,Sin información,5,0,,"0,0%",NaN
2732-Fundación Universitaria Católica del Norte,9809-ADMINISTRACION DE EMPRESAS,Femenino,2010-2,2020,Dependiente,Actividades de atención de la salud humana y de asistencia social,1,1,,"100,0%",NaN
2732-Fundación Universitaria Católica del Norte,9809-ADMINISTRACION DE EMPRESAS,Femenino,2010-2,2020,Dependiente,"Actividades profesionales, científicas y técnicas",2,2,,"100,0%",NaN
2732-Fundación Universitaria Católica del Norte,9809-ADMINISTRACION DE EMPRESAS,Femenino,2010-2,2020,Dependiente,Administración pública y defensa; planes de seguridad social de afiliación obligatoria,2,2,,"100,0%",NaN
2732-Fundación Universitaria Católica del Norte,9809-ADMINISTRACION DE EMPRESAS,Femenino,2010-2,2020,Dependiente,Industrias manufactureras,2,2,,"100,0%",NaN
2732-Fundación Universitaria Católica del Norte,9809-ADMINISTRACION DE EMPRESAS,Femenino,2010-2,2020,Dependiente,Otras actividades de servicios,1,1,,"100,0%",NaN
2732-Fundación Universitaria Católica del Norte,9809-ADMINISTRACION DE EMPRESAS,Femenino,2010-2,2020,Independiente,"Actividades profesionales, científicas y técnicas",2,2,,"100,0%",NaN
2732-Fundación Universitaria Católica del Norte,9809-ADMINISTRACION DE EMPRESAS,Femenino,2010-2,2020,No cotizante,Sin información,5,0,,"0,0%",NaN
2732-Fundación Universitaria Católica del Norte,9809-ADMINISTRACION DE EMPRESAS,Femenino,2010-2,2021,Dependiente,Actividades de atención de la salud humana y de asistencia social,1,1,,"100,0%",NaN
2732-Fundación Universitaria Católica del Norte,9809-ADMINISTRACION DE EMPRESAS,Femenino,2010-2,2021,Dependiente,"Actividades profesionales, científicas y técnicas",2,2,,"100,0%",NaN
2732-Fundación Universitaria Católica del Norte,9809-ADMINISTRACION DE EMPRESAS,Femenino,2010-2,2021,Dependiente,Administración pública y defensa; planes de seguridad social de afiliación obligatoria,2,2,,"100,0%",NaN
2732-Fundación Universitaria Católica del Norte,9809-ADMINISTRACION DE EMPRESAS,Femenino,2010-2,2021,Dependiente,Industrias manufactureras,1,1,,"100,0%",NaN
2732-Fundación Universitaria Católica del Norte,9809-ADMINISTRACION DE EMPRESAS,Femenino,2010-2,2021,Dependiente,Otras actividades de servicios,1,1,,"100,0%",NaN
2732-Fundación Universitaria Católica del Norte,9809-ADMINISTRACION DE EMPRESAS,Femenino,2010-2,2021,Independiente,"Actividades profesionales, científicas y técnicas",1,1,,"100,0%",NaN
2732-Fundación Universitaria Católica del Norte,9809-ADMINISTRACION DE EMPRESAS,Femenino,2010-2,2021,No cotizante,Sin información,6,0,,"0,0%",NaN
2732-Fundación Universitaria Católica del Norte,9809-ADMINISTRACION DE EMPRESAS,Femenino,2010-2,2022,Dependiente,Actividades de atención de la salud humana y de asistencia social,1,1,,"100,0%",NaN
2732-Fundación Universitaria Católica del Norte,9809-ADMINISTRACION DE EMPRESAS,Femenino,2010-2,2022,Dependiente,"Actividades profesionales, científicas y técnicas",4,4,,"100,0%",NaN
2732-Fundación Universitaria Católica del Norte,9809-ADMINISTRACION DE EMPRESAS,Femenino,2010-2,2022,Dependiente,Administración pública y defensa; planes de seguridad social de afiliación obligatoria,1,1,,"100,0%",NaN
2732-Fundación Universitaria Católica del Norte,9809-ADMINISTRACION DE EMPRESAS,Femenino,2010-2,2022,Dependiente,Otras actividades de servicios,1,1,,"100,0%",NaN
2732-Fundación Universitaria Católica del Norte,9809-ADMINISTRACION DE EMPRESAS,Femenino,2010-2,2022,Independiente,"Actividades profesionales, científicas y técnicas",2,2,,"100,0%",NaN
2732-Fundación Universitaria Católica del Norte,9809-ADMINISTRACION DE EMPRESAS,Femenino,2010-2,2022,No cotizante,SIN DATO,5,0,,"0,0%",NaN
2732-Fundación Universitaria Católica del Norte,9809-ADMINISTRACION DE EMPRESAS,Femenino,2010-2,2023,Dependiente,Actividades de atención de la salud humana y de asistencia social,1,1,,"100,0%",NaN
2732-Fundación Universitaria Católica del Norte,9809-ADMINISTRACION DE EMPRESAS,Femenino,2010-2,2023,Dependiente,"Actividades profesionales, científicas y técnicas",2,2,,"100,0%",NaN
2732-Fundación Universitaria Católica del Norte,9809-ADMINISTRACION DE EMPRESAS,Femenino,2010-2,2023,Dependiente,Administración pública y defensa; planes de seguridad social de afiliación obligatoria,1,1,,"100,0%",NaN
2732-Fundación Universitaria Católica del Norte,9809-ADMINISTRACION DE EMPRESAS,Femenino,2010-2,2023,Dependiente,Industrias manufactureras,1,1,,"100,0%",NaN
2732-Fundación Universitaria Católica del Norte,9809-ADMINISTRACION DE EMPRESAS,Femenino,2010-2,2023,Dependiente,Otras actividades de servicios,1,1,,"100,0%",NaN
2732-Fundación Universitaria Católica del Norte,9809-ADMINISTRACION DE EMPRESAS,Femenino,2010-2,2023,Independiente,"Actividades profesionales, científicas y técnicas",1,1,,"100,0%",NaN
2732-Fundación Universitaria Católica del Norte,9809-ADMINISTRACION DE EMPRESAS,Femenino,2010-2,2023,No cotizante,SIN DATO,7,0,,"0,0%",NaN
2732-Fundación Universitaria Católica del Norte,9809-ADMINISTRACION DE EMPRESAS,Masculino,2010-2,2016,Dependiente,Actividades de servicios administrativos y de apoyo,1,1,,"100,0%",$3.531.000
2732-Fundación Universitaria Católica del Norte,9809-ADMINISTRACION DE EMPRESAS,Masculino,2010-2,2016,Dependiente,Actividades financieras y de seguros,2,2,,"100,0%",$5.255.500
2732-Fundación Universitaria Católica del Norte,9809-ADMINISTRACION DE EMPRESAS,Masculino,2010-2,2016,Dependiente,Comercio al por mayor y al por menor; reparación de vehículos automotores y motocicletas,1,1,,"100,0%",$1.281.429
2732-Fundación Universitaria Católica del Norte,9809-ADMINISTRACION DE EMPRESAS,Masculino,2010-2,2016,Dependiente,Educación,2,2,,"100,0%",$1.625.230
2732-Fundación Universitaria Católica del Norte,9809-ADMINISTRACION DE EMPRESAS,Masculino,2010-2,2016,Dependiente,Sin información,1,1,,"100,0%",$2.289.000
2732-Fundación Universitaria Católica del Norte,9809-ADMINISTRACION DE EMPRESAS,Masculino,2010-2,2016,No cotizante,Sin información,2,0,,"0,0%",NaN
2732-Fundación Universitaria Católica del Norte,9809-ADMINISTRACION DE EMPRESAS,Masculino,2010-2,2017,Dependiente,"Actividades artísticas, de entretenimiento y recreación",1,1,,"100,0%",NaN
2732-Fundación Universitaria Católica del Norte,9809-ADMINISTRACION DE EMPRESAS,Masculino,2010-2,2017,Dependiente,Actividades financieras y de seguros,1,1,,"100,0%",NaN
2732-Fundación Universitaria Católica del Norte,9809-ADMINISTRACION DE EMPRESAS,Masculino,2010-2,2017,Dependiente,"Actividades profesionales, científicas y técnicas",1,1,,"100,0%",NaN
2732-Fundación Universitaria Católica del Norte,9809-ADMINISTRACION DE EMPRESAS,Masculino,2010-2,2017,Dependiente,Comercio al por mayor y al por menor; reparación de vehículos automotores y motocicletas,1,1,,"100,0%",NaN
2732-Fundación Universitaria Católica del Norte,9809-ADMINISTRACION DE EMPRESAS,Masculino,2010-2,2017,Dependiente,Sin información,2,2,,"100,0%",NaN
2732-Fundación Universitaria Católica del Norte,9809-ADMINISTRACION DE EMPRESAS,Masculino,2010-2,2017,Dependiente,Transporte y almacenamiento,1,1,,"100,0%",NaN
2732-Fundación Universitaria Católica del Norte,9809-ADMINISTRACION DE EMPRESAS,Masculino,2010-2,2017,Independiente,Administración pública y defensa; planes de seguridad social de afiliación obligatoria,1,1,,"100,0%",NaN
2732-Fundación Universitaria Católica del Norte,9809-ADMINISTRACION DE EMPRESAS,Masculino,2010-2,2017,Independiente,Comercio al por mayor y al por menor; reparación de vehículos automotores y motocicletas,1,1,,"100,0%",NaN
2732-Fundación Universitaria Católica del Norte,9809-ADMINISTRACION DE EMPRESAS,Masculino,2010-2,2017,No cotizante,Sin información,1,0,,"0,0%",NaN
2732-Fundación Universitaria Católica del Norte,9809-ADMINISTRACION DE EMPRESAS,Masculino,2010-2,2018,Dependiente,"Actividades artísticas, de entretenimiento y recreación",1,1,,"100,0%",NaN
2732-Fundación Universitaria Católica del Norte,9809-ADMINISTRACION DE EMPRESAS,Masculino,2010-2,2018,Dependiente,Actividades de atención de la salud humana y de asistencia social,1,1,,"100,0%",NaN
2732-Fundación Universitaria Católica del Norte,9809-ADMINISTRACION DE EMPRESAS,Masculino,2010-2,2018,Dependiente,Actividades financieras y de seguros,1,1,,"100,0%",NaN
2732-Fundación Universitaria Católica del Norte,9809-ADMINISTRACION DE EMPRESAS,Masculino,2010-2,2018,Dependiente,"Actividades profesionales, científicas y técnicas",1,1,,"100,0%",NaN
2732-Fundación Universitaria Católica del Norte,9809-ADMINISTRACION DE EMPRESAS,Masculino,2010-2,2018,Dependiente,Comercio al por mayor y al por menor; reparación de vehículos automotores y motocicletas,1,1,,"100,0%",NaN
2732-Fundación Universitaria Católica del Norte,9809-ADMINISTRACION DE EMPRESAS,Masculino,2010-2,2018,Dependiente,Sin información,2,2,,"100,0%",NaN
2732-Fundación Universitaria Católica del Norte,9809-ADMINISTRACION DE EMPRESAS,Masculino,2010-2,2018,Dependiente,Transporte y almacenamiento,1,1,,"100,0%",NaN
2732-Fundación Universitaria Católica del Norte,9809-ADMINISTRACION DE EMPRESAS,Masculino,2010-2,2018,Independiente,Comercio al por mayor y al por menor; reparación de vehículos automotores y motocicletas,1,1,,"100,0%",NaN
2732-Fundación Universitaria Católica del Norte,9809-ADMINISTRACION DE EMPRESAS,Masculino,2010-2,2018,Independiente,Información y comunicaciones,1,1,,"100,0%",NaN
2732-Fundación Universitaria Católica del Norte,9809-ADMINISTRACION DE EMPRESAS,Masculino,2010-2,2019,Dependiente,"Actividades artísticas, de entretenimiento y recreación",1,1,,"100,0%",NaN
2732-Fundación Universitaria Católica del Norte,9809-ADMINISTRACION DE EMPRESAS,Masculino,2010-2,2019,Dependiente,Actividades de atención de la salud humana y de asistencia social,1,1,,"100,0%",NaN
2732-Fundación Universitaria Católica del Norte,9809-ADMINISTRACION DE EMPRESAS,Masculino,2010-2,2019,Dependiente,"Actividades profesionales, científicas y técnicas",1,1,,"100,0%",NaN
2732-Fundación Universitaria Católica del Norte,9809-ADMINISTRACION DE EMPRESAS,Masculino,2010-2,2019,Dependiente,Administración pública y defensa; planes de seguridad social de afiliación obligatoria,1,1,,"100,0%",NaN
2732-Fundación Universitaria Católica del Norte,9809-ADMINISTRACION DE EMPRESAS,Masculino,2010-2,2019,Dependiente,Comercio al por mayor y al por menor; reparación de vehículos automotores y motocicletas,1,1,,"100,0%",NaN
2732-Fundación Universitaria Católica del Norte,9809-ADMINISTRACION DE EMPRESAS,Masculino,2010-2,2019,Dependiente,Transporte y almacenamiento,1,1,,"100,0%",NaN
2732-Fundación Universitaria Católica del Norte,9809-ADMINISTRACION DE EMPRESAS,Masculino,2010-2,2019,Independiente,Administración pública y defensa; planes de seguridad social de afiliación obligatoria,1,1,,"100,0%",NaN
2732-Fundación Universitaria Católica del Norte,9809-ADMINISTRACION DE EMPRESAS,Masculino,2010-2,2019,Independiente,Comercio al por mayor y al por menor; reparación de vehículos automotores y motocicletas,1,1,,"100,0%",NaN
2732-Fundación Universitaria Católica del Norte,9809-ADMINISTRACION DE EMPRESAS,Masculino,2010-2,2019,Independiente,Información y comunicaciones,1,1,,"100,0%",NaN
2732-Fundación Universitaria Católica del Norte,9809-ADMINISTRACION DE EMPRESAS,Masculino,2010-2,2019,No cotizante,Sin información,1,0,,"0,0%",NaN
2732-Fundación Universitaria Católica del Norte,9809-ADMINISTRACION DE EMPRESAS,Masculino,2010-2,2020,Dependiente,"Actividades artísticas, de entretenimiento y recreación",1,1,,"100,0%",NaN
2732-Fundación Universitaria Católica del Norte,9809-ADMINISTRACION DE EMPRESAS,Masculino,2010-2,2020,Dependiente,Actividades de servicios administrativos y de apoyo,1,1,,"100,0%",NaN
2732-Fundación Universitaria Católica del Norte,9809-ADMINISTRACION DE EMPRESAS,Masculino,2010-2,2020,Dependiente,Comercio al por mayor y al por menor; reparación de vehículos automotores y motocicletas,1,1,,"100,0%",NaN
2732-Fundación Universitaria Católica del Norte,9809-ADMINISTRACION DE EMPRESAS,Masculino,2010-2,2020,Dependiente,Industrias manufactureras,1,1,,"100,0%",NaN
2732-Fundación Universitaria Católica del Norte,9809-ADMINISTRACION DE EMPRESAS,Masculino,2010-2,2020,Dependiente,Transporte y almacenamiento,1,1,,"100,0%",NaN
2732-Fundación Universitaria Católica del Norte,9809-ADMINISTRACION DE EMPRESAS,Masculino,2010-2,2020,Independiente,Administración pública y defensa; planes de seguridad social de afiliación obligatoria,1,1,,"100,0%",NaN
2732-Fundación Universitaria Católica del Norte,9809-ADMINISTRACION DE EMPRESAS,Masculino,2010-2,2020,Independiente,Comercio al por mayor y al por menor; reparación de vehículos automotores y motocicletas,1,1,,"100,0%",NaN
2732-Fundación Universitaria Católica del Norte,9809-ADMINISTRACION DE EMPRESAS,Masculino,2010-2,2020,Independiente,Otras actividades de servicios,1,1,,"100,0%",NaN
2732-Fundación Universitaria Católica del Norte,9809-ADMINISTRACION DE EMPRESAS,Masculino,2010-2,2020,No cotizante,Sin información,2,0,,"0,0%",NaN
2732-Fundación Universitaria Católica del Norte,9809-ADMINISTRACION DE EMPRESAS,Masculino,2010-2,2021,Dependiente,"Actividades artísticas, de entretenimiento y recreación",1,1,,"100,0%",NaN
2732-Fundación Universitaria Católica del Norte,9809-ADMINISTRACION DE EMPRESAS,Masculino,2010-2,2021,Dependiente,Actividades de servicios administrativos y de apoyo,1,1,,"100,0%",NaN
2732-Fundación Universitaria Católica del Norte,9809-ADMINISTRACION DE EMPRESAS,Masculino,2010-2,2021,Dependiente,Comercio al por mayor y al por menor; reparación de vehículos automotores y motocicletas,1,1,,"100,0%",NaN
2732-Fundación Universitaria Católica del Norte,9809-ADMINISTRACION DE EMPRESAS,Masculino,2010-2,2021,Dependiente,Información y comunicaciones,1,1,,"100,0%",NaN
2732-Fundación Universitaria Católica del Norte,9809-ADMINISTRACION DE EMPRESAS,Masculino,2010-2,2021,Dependiente,Transporte y almacenamiento,1,1,,"100,0%",NaN
2732-Fundación Universitaria Católica del Norte,9809-ADMINISTRACION DE EMPRESAS,Masculino,2010-2,2021,Independiente,Comercio al por mayor y al por menor; reparación de vehículos automotores y motocicletas,1,1,,"100,0%",NaN
2732-Fundación Universitaria Católica del Norte,9809-ADMINISTRACION DE EMPRESAS,Masculino,2010-2,2021,Independiente,Otras actividades de servicios,1,1,,"100,0%",NaN
2732-Fundación Universitaria Católica del Norte,9809-ADMINISTRACION DE EMPRESAS,Masculino,2010-2,2021,No cotizante,Sin información,3,0,,"0,0%",NaN
2732-Fundación Universitaria Católica del Norte,9809-ADMINISTRACION DE EMPRESAS,Masculino,2010-2,2022,Dependiente,Actividades de servicios administrativos y de apoyo,1,1,,"100,0%",NaN
2732-Fundación Universitaria Católica del Norte,9809-ADMINISTRACION DE EMPRESAS,Masculino,2010-2,2022,Dependiente,Comercio al por mayor y al por menor; reparación de vehículos automotores y motocicletas,1,1,,"100,0%",NaN
2732-Fundación Universitaria Católica del Norte,9809-ADMINISTRACION DE EMPRESAS,Masculino,2010-2,2022,Independiente,Actividades de servicios administrativos y de apoyo,1,1,,"100,0%",NaN
2732-Fundación Universitaria Católica del Norte,9809-ADMINISTRACION DE EMPRESAS,Masculino,2010-2,2022,Independiente,Comercio al por mayor y al por menor; reparación de vehículos automotores y motocicletas,1,1,,"100,0%",NaN
2732-Fundación Universitaria Católica del Norte,9809-ADMINISTRACION DE EMPRESAS,Masculino,2010-2,2022,Independiente,Otras actividades de servicios,1,1,,"100,0%",NaN
2732-Fundación Universitaria Católica del Norte,9809-ADMINISTRACION DE EMPRESAS,Masculino,2010-2,2022,No cotizante,SIN DATO,2,0,,"0,0%",NaN
2732-Fundación Universitaria Católica del Norte,9809-ADMINISTRACION DE EMPRESAS,Masculino,2010-2,2023,Dependiente,Actividades de servicios administrativos y de apoyo,1,1,,"100,0%",NaN
2732-Fundación Universitaria Católica del Norte,9809-ADMINISTRACION DE EMPRESAS,Masculino,2010-2,2023,Dependiente,Comercio al por mayor y al por menor; reparación de vehículos automotores y motocicletas,1,1,,"100,0%",NaN
2732-Fundación Universitaria Católica del Norte,9809-ADMINISTRACION DE EMPRESAS,Masculino,2010-2,2023,Dependiente,Explotación de minas y canteras,1,1,,"100,0%",NaN
2732-Fundación Universitaria Católica del Norte,9809-ADMINISTRACION DE EMPRESAS,Masculino,2010-2,2023,Independiente,Comercio al por mayor y al por menor; reparación de vehículos automotores y motocicletas,1,1,,"100,0%",NaN
2732-Fundación Universitaria Católica del Norte,9809-ADMINISTRACION DE EMPRESAS,Masculino,2010-2,2023,Independiente,Otras actividades de servicios,1,1,,"100,0%",NaN
2732-Fundación Universitaria Católica del Norte,9809-ADMINISTRACION DE EMPRESAS,Masculino,2010-2,2023,No cotizante,SIN DATO,2,0,,"0,0%",NaN
2732-Fundación Universitaria Católica del Norte,8958-COMUNICACION SOCIAL,Masculino,2010-2,2016,Dependiente,Actividades de atención de la salud humana y de asistencia social,1,1,,"100,0%",$2.929.000
2732-Fundación Universitaria Católica del Norte,8958-COMUNICACION SOCIAL,Masculino,2010-2,2017,Dependiente,Otras actividades de servicios,1,1,,"100,0%",NaN
2732-Fundación Universitaria Católica del Norte,8958-COMUNICACION SOCIAL,Masculino,2010-2,2018,Independiente,Otras actividades de servicios,1,1,,"100,0%",NaN
2732-Fundación Universitaria Católica del Norte,8958-COMUNICACION SOCIAL,Masculino,2010-2,2019,Independiente,Otras actividades de servicios,1,1,,"100,0%",NaN
2732-Fundación Universitaria Católica del Norte,8958-COMUNICACION SOCIAL,Masculino,2010-2,2020,No cotizante,Sin información,1,0,,"0,0%",NaN
2732-Fundación Universitaria Católica del Norte,8958-COMUNICACION SOCIAL,Masculino,2010-2,2021,No cotizante,Sin información,1,0,,"0,0%",NaN
2732-Fundación Universitaria Católica del Norte,8958-COMUNICACION SOCIAL,Masculino,2010-2,2022,No cotizante,SIN DATO,1,0,,"0,0%",NaN
2732-Fundación Universitaria Católica del Norte,8958-COMUNICACION SOCIAL,Masculino,2010-2,2023,No cotizante,SIN DATO,1,0,,"0,0%",NaN
2732-Fundación Universitaria Católica del Norte,19219-ESPECIALIZACION EN PEDAGOGIA DE LA VIRTUALIDAD,Femenino,2010-2,2016,Dependiente,Sin información,1,1,,"100,0%",$3.500.000
2732-Fundación Universitaria Católica del Norte,19219-ESPECIALIZACION EN PEDAGOGIA DE LA VIRTUALIDAD,Femenino,2010-2,2017,Dependiente,Sin información,1,1,,"100,0%",NaN
2732-Fundación Universitaria Católica del Norte,19219-ESPECIALIZACION EN PEDAGOGIA DE LA VIRTUALIDAD,Femenino,2010-2,2018,Dependiente,Sin información,1,1,,"100,0%",NaN
2732-Fundación Universitaria Católica del Norte,19219-ESPECIALIZACION EN PEDAGOGIA DE LA VIRTUALIDAD,Femenino,2010-2,2019,Dependiente,Administración pública y defensa; planes de seguridad social de afiliación obligatoria,1,1,,"100,0%",NaN
2732-Fundación Universitaria Católica del Norte,19219-ESPECIALIZACION EN PEDAGOGIA DE LA VIRTUALIDAD,Femenino,2010-2,2020,Dependiente,Administración pública y defensa; planes de seguridad social de afiliación obligatoria,1,1,,"100,0%",NaN
2732-Fundación Universitaria Católica del Norte,19219-ESPECIALIZACION EN PEDAGOGIA DE LA VIRTUALIDAD,Femenino,2010-2,2021,Dependiente,Administración pública y defensa; planes de seguridad social de afiliación obligatoria,1,1,,"100,0%",NaN
2732-Fundación Universitaria Católica del Norte,19219-ESPECIALIZACION EN PEDAGOGIA DE LA VIRTUALIDAD,Femenino,2010-2,2022,Dependiente,Administración pública y defensa; planes de seguridad social de afiliación obligatoria,1,1,,"100,0%",NaN
2732-Fundación Universitaria Católica del Norte,19219-ESPECIALIZACION EN PEDAGOGIA DE LA VIRTUALIDAD,Femenino,2010-2,2023,Dependiente,Administración pública y defensa; planes de seguridad social de afiliación obligatoria,1,1,,"100,0%",NaN
2732-Fundación Universitaria Católica del Norte,19219-ESPECIALIZACION EN PEDAGOGIA DE LA VIRTUALIDAD,Masculino,2010-2,2016,Dependiente,Educación,5,5,,"100,0%",$4.136.491
2732-Fundación Universitaria Católica del Norte,19219-ESPECIALIZACION EN PEDAGOGIA DE LA VIRTUALIDAD,Masculino,2010-2,2016,Independiente,Otras actividades de servicios,2,2,,"100,0%",NaN
2732-Fundación Universitaria Católica del Norte,19219-ESPECIALIZACION EN PEDAGOGIA DE LA VIRTUALIDAD,Masculino,2010-2,2017,Dependiente,Educación,4,4,,"100,0%",NaN
2732-Fundación Universitaria Católica del Norte,19219-ESPECIALIZACION EN PEDAGOGIA DE LA VIRTUALIDAD,Masculino,2010-2,2017,Dependiente,Otras actividades de servicios,1,1,,"100,0%",NaN
2732-Fundación Universitaria Católica del Norte,19219-ESPECIALIZACION EN PEDAGOGIA DE LA VIRTUALIDAD,Masculino,2010-2,2017,Independiente,Otras actividades de servicios,2,2,,"100,0%",NaN
2732-Fundación Universitaria Católica del Norte,19219-ESPECIALIZACION EN PEDAGOGIA DE LA VIRTUALIDAD,Masculino,2010-2,2018,Dependiente,Educación,4,4,,"100,0%",NaN
2732-Fundación Universitaria Católica del Norte,19219-ESPECIALIZACION EN PEDAGOGIA DE LA VIRTUALIDAD,Masculino,2010-2,2018,Dependiente,Otras actividades de servicios,1,1,,"100,0%",NaN
2732-Fundación Universitaria Católica del Norte,19219-ESPECIALIZACION EN PEDAGOGIA DE LA VIRTUALIDAD,Masculino,2010-2,2018,Independiente,Otras actividades de servicios,2,2,,"100,0%",NaN
2732-Fundación Universitaria Católica del Norte,19219-ESPECIALIZACION EN PEDAGOGIA DE LA VIRTUALIDAD,Masculino,2010-2,2019,Dependiente,Educación,4,4,,"100,0%",NaN
2732-Fundación Universitaria Católica del Norte,19219-ESPECIALIZACION EN PEDAGOGIA DE LA VIRTUALIDAD,Masculino,2010-2,2019,Independiente,Otras actividades de servicios,2,2,,"100,0%",NaN
2732-Fundación Universitaria Católica del Norte,19219-ESPECIALIZACION EN PEDAGOGIA DE LA VIRTUALIDAD,Masculino,2010-2,2020,Dependiente,Educación,4,4,,"100,0%",NaN
2732-Fundación Universitaria Católica del Norte,19219-ESPECIALIZACION EN PEDAGOGIA DE LA VIRTUALIDAD,Masculino,2010-2,2020,Independiente,Otras actividades de servicios,2,2,,"100,0%",NaN
2732-Fundación Universitaria Católica del Norte,19219-ESPECIALIZACION EN PEDAGOGIA DE LA VIRTUALIDAD,Masculino,2010-2,2021,Dependiente,Educación,4,4,,"100,0%",NaN
2732-Fundación Universitaria Católica del Norte,19219-ESPECIALIZACION EN PEDAGOGIA DE LA VIRTUALIDAD,Masculino,2010-2,2021,Independiente,Otras actividades de servicios,2,2,,"100,0%",NaN
2732-Fundación Universitaria Católica del Norte,19219-ESPECIALIZACION EN PEDAGOGIA DE LA VIRTUALIDAD,Masculino,2010-2,2022,Dependiente,Educación,4,4,,"100,0%",NaN
2732-Fundación Universitaria Católica del Norte,19219-ESPECIALIZACION EN PEDAGOGIA DE LA VIRTUALIDAD,Masculino,2010-2,2022,Independiente,Otras actividades de servicios,2,2,,"100,0%",NaN
2732-Fundación Universitaria Católica del Norte,19219-ESPECIALIZACION EN PEDAGOGIA DE LA VIRTUALIDAD,Masculino,2010-2,2023,Dependiente,Educación,4,4,,"100,0%",NaN
2732-Fundación Universitaria Católica del Norte,19219-ESPECIALIZACION EN PEDAGOGIA DE LA VIRTUALIDAD,Masculino,2010-2,2023,Independiente,Otras actividades de servicios,2,2,,"100,0%",NaN
2732-Fundación Universitaria Católica del Norte,5097-INGENIERIA INFORMATICA,Femenino,2010-2,2016,Dependiente,Actividades de servicios administrativos y de apoyo,1,1,,"100,0%",$1.780.000
2732-Fundación Universitaria Católica del Norte,5097-INGENIERIA INFORMATICA,Femenino,2010-2,2016,Dependiente,"Actividades profesionales, científicas y técnicas",1,1,,"100,0%",$3.180.000
2732-Fundación Universitaria Católica del Norte,5097-INGENIERIA INFORMATICA,Femenino,2010-2,2016,Dependiente,Educación,1,1,,"100,0%",$1.385.000
2732-Fundación Universitaria Católica del Norte,5097-INGENIERIA INFORMATICA,Femenino,2010-2,2016,Dependiente,Información y comunicaciones,4,4,,"100,0%",$3.191.250
2732-Fundación Universitaria Católica del Norte,5097-INGENIERIA INFORMATICA,Femenino,2010-2,2016,Dependiente,Sin información,1,1,,"100,0%",$3.132.000
2732-Fundación Universitaria Católica del Norte,5097-INGENIERIA INFORMATICA,Femenino,2010-2,2016,Independiente,Información y comunicaciones,1,1,,"100,0%",NaN
2732-Fundación Universitaria Católica del Norte,5097-INGENIERIA INFORMATICA,Femenino,2010-2,2016,Independiente,Sin información,2,2,,"100,0%",NaN
2732-Fundación Universitaria Católica del Norte,5097-INGENIERIA INFORMATICA,Femenino,2010-2,2016,Independiente,Transporte y almacenamiento,1,1,,"100,0%",NaN
2732-Fundación Universitaria Católica del Norte,5097-INGENIERIA INFORMATICA,Femenino,2010-2,2016,No cotizante,Sin información,1,0,,"0,0%",NaN
2732-Fundación Universitaria Católica del Norte,5097-INGENIERIA INFORMATICA,Femenino,2010-2,2017,Dependiente,"Actividades profesionales, científicas y técnicas",5,5,,"100,0%",NaN
2732-Fundación Universitaria Católica del Norte,5097-INGENIERIA INFORMATICA,Femenino,2010-2,2017,Dependiente,Educación,1,1,,"100,0%",NaN
2732-Fundación Universitaria Católica del Norte,5097-INGENIERIA INFORMATICA,Femenino,2010-2,2017,Dependiente,Información y comunicaciones,1,1,,"100,0%",NaN
2732-Fundación Universitaria Católica del Norte,5097-INGENIERIA INFORMATICA,Femenino,2010-2,2017,Dependiente,Sin información,2,2,,"100,0%",NaN
2732-Fundación Universitaria Católica del Norte,5097-INGENIERIA INFORMATICA,Femenino,2010-2,2017,Independiente,Otras actividades de servicios,1,1,,"100,0%",NaN
2732-Fundación Universitaria Católica del Norte,5097-INGENIERIA INFORMATICA,Femenino,2010-2,2017,Independiente,Sin información,2,2,,"100,0%",NaN
2732-Fundación Universitaria Católica del Norte,5097-INGENIERIA INFORMATICA,Femenino,2010-2,2017,No cotizante,Sin información,1,0,,"0,0%",NaN
2732-Fundación Universitaria Católica del Norte,5097-INGENIERIA INFORMATICA,Femenino,2010-2,2018,Dependiente,Actividades de servicios administrativos y de apoyo,1,1,,"100,0%",NaN
2732-Fundación Universitaria Católica del Norte,5097-INGENIERIA INFORMATICA,Femenino,2010-2,2018,Dependiente,"Actividades profesionales, científicas y técnicas",4,4,,"100,0%",NaN
2732-Fundación Universitaria Católica del Norte,5097-INGENIERIA INFORMATICA,Femenino,2010-2,2018,Dependiente,Información y comunicaciones,1,1,,"100,0%",NaN
2732-Fundación Universitaria Católica del Norte,5097-INGENIERIA INFORMATICA,Femenino,2010-2,2018,Dependiente,Sin información,1,1,,"100,0%",NaN
2732-Fundación Universitaria Católica del Norte,5097-INGENIERIA INFORMATICA,Femenino,2010-2,2018,Independiente,Otras actividades de servicios,1,1,,"100,0%",NaN
2732-Fundación Universitaria Católica del Norte,5097-INGENIERIA INFORMATICA,Femenino,2010-2,2018,Independiente,Sin información,3,3,,"100,0%",NaN
2732-Fundación Universitaria Católica del Norte,5097-INGENIERIA INFORMATICA,Femenino,2010-2,2018,No cotizante,Sin información,2,0,,"0,0%",NaN
2732-Fundación Universitaria Católica del Norte,5097-INGENIERIA INFORMATICA,Femenino,2010-2,2019,Dependiente,"Actividades profesionales, científicas y técnicas",4,4,,"100,0%",NaN
2732-Fundación Universitaria Católica del Norte,5097-INGENIERIA INFORMATICA,Femenino,2010-2,2019,Dependiente,Administración pública y defensa; planes de seguridad social de afiliación obligatoria,1,1,,"100,0%",NaN
2732-Fundación Universitaria Católica del Norte,5097-INGENIERIA INFORMATICA,Femenino,2010-2,2019,Dependiente,Información y comunicaciones,2,2,,"100,0%",NaN
2732-Fundación Universitaria Católica del Norte,5097-INGENIERIA INFORMATICA,Femenino,2010-2,2019,Independiente,Actividades de servicios administrativos y de apoyo,1,1,,"100,0%",NaN
2732-Fundación Universitaria Católica del Norte,5097-INGENIERIA INFORMATICA,Femenino,2010-2,2019,Independiente,"Actividades profesionales, científicas y técnicas",1,1,,"100,0%",NaN
2732-Fundación Universitaria Católica del Norte,5097-INGENIERIA INFORMATICA,Femenino,2010-2,2019,Independiente,Administración pública y defensa; planes de seguridad social de afiliación obligatoria,1,1,,"100,0%",NaN
2732-Fundación Universitaria Católica del Norte,5097-INGENIERIA INFORMATICA,Femenino,2010-2,2019,Independiente,Otras actividades de servicios,1,1,,"100,0%",NaN
2732-Fundación Universitaria Católica del Norte,5097-INGENIERIA INFORMATICA,Femenino,2010-2,2019,Independiente,Sin información,1,1,,"100,0%",NaN
2732-Fundación Universitaria Católica del Norte,5097-INGENIERIA INFORMATICA,Femenino,2010-2,2019,No cotizante,Sin información,1,0,,"0,0%",NaN
2732-Fundación Universitaria Católica del Norte,5097-INGENIERIA INFORMATICA,Femenino,2010-2,2020,Dependiente,"Actividades profesionales, científicas y técnicas",4,4,,"100,0%",NaN
2732-Fundación Universitaria Católica del Norte,5097-INGENIERIA INFORMATICA,Femenino,2010-2,2020,Dependiente,Información y comunicaciones,2,2,,"100,0%",NaN
2732-Fundación Universitaria Católica del Norte,5097-INGENIERIA INFORMATICA,Femenino,2010-2,2020,Independiente,Actividades de servicios administrativos y de apoyo,1,1,,"100,0%",NaN
2732-Fundación Universitaria Católica del Norte,5097-INGENIERIA INFORMATICA,Femenino,2010-2,2020,Independiente,Administración pública y defensa; planes de seguridad social de afiliación obligatoria,1,1,,"100,0%",NaN
2732-Fundación Universitaria Católica del Norte,5097-INGENIERIA INFORMATICA,Femenino,2010-2,2020,Independiente,Otras actividades de servicios,2,2,,"100,0%",NaN
2732-Fundación Universitaria Católica del Norte,5097-INGENIERIA INFORMATICA,Femenino,2010-2,2020,No cotizante,Sin información,2,0,,"0,0%",NaN
2732-Fundación Universitaria Católica del Norte,5097-INGENIERIA INFORMATICA,Femenino,2010-2,2021,Dependiente,Actividades de servicios administrativos y de apoyo,1,1,,"100,0%",NaN
2732-Fundación Universitaria Católica del Norte,5097-INGENIERIA INFORMATICA,Femenino,2010-2,2021,Dependiente,"Actividades profesionales, científicas y técnicas",3,3,,"100,0%",NaN
2732-Fundación Universitaria Católica del Norte,5097-INGENIERIA INFORMATICA,Femenino,2010-2,2021,Dependiente,Información y comunicaciones,2,2,,"100,0%",NaN
2732-Fundación Universitaria Católica del Norte,5097-INGENIERIA INFORMATICA,Femenino,2010-2,2021,Independiente,Actividades de servicios administrativos y de apoyo,1,1,,"100,0%",NaN
2732-Fundación Universitaria Católica del Norte,5097-INGENIERIA INFORMATICA,Femenino,2010-2,2021,Independiente,"Actividades profesionales, científicas y técnicas",1,1,,"100,0%",NaN
2732-Fundación Universitaria Católica del Norte,5097-INGENIERIA INFORMATICA,Femenino,2010-2,2021,Independiente,Administración pública y defensa; planes de seguridad social de afiliación obligatoria,1,1,,"100,0%",NaN
2732-Fundación Universitaria Católica del Norte,5097-INGENIERIA INFORMATICA,Femenino,2010-2,2021,Independiente,Otras actividades de servicios,2,2,,"100,0%",NaN
2732-Fundación Universitaria Católica del Norte,5097-INGENIERIA INFORMATICA,Femenino,2010-2,2021,No cotizante,Sin información,1,0,,"0,0%",NaN
2732-Fundación Universitaria Católica del Norte,5097-INGENIERIA INFORMATICA,Femenino,2010-2,2022,Dependiente,Actividades de servicios administrativos y de apoyo,1,1,,"100,0%",NaN
2732-Fundación Universitaria Católica del Norte,5097-INGENIERIA INFORMATICA,Femenino,2010-2,2022,Dependiente,"Actividades profesionales, científicas y técnicas",2,2,,"100,0%",NaN
2732-Fundación Universitaria Católica del Norte,5097-INGENIERIA INFORMATICA,Femenino,2010-2,2022,Dependiente,Educación,1,1,,"100,0%",NaN
2732-Fundación Universitaria Católica del Norte,5097-INGENIERIA INFORMATICA,Femenino,2010-2,2022,Dependiente,Información y comunicaciones,2,2,,"100,0%",NaN
2732-Fundación Universitaria Católica del Norte,5097-INGENIERIA INFORMATICA,Femenino,2010-2,2022,Independiente,Actividades de servicios administrativos y de apoyo,1,1,,"100,0%",NaN
2732-Fundación Universitaria Católica del Norte,5097-INGENIERIA INFORMATICA,Femenino,2010-2,2022,Independiente,Administración pública y defensa; planes de seguridad social de afiliación obligatoria,1,1,,"100,0%",NaN
2732-Fundación Universitaria Católica del Norte,5097-INGENIERIA INFORMATICA,Femenino,2010-2,2022,Independiente,Otras actividades de servicios,1,1,,"100,0%",NaN
2732-Fundación Universitaria Católica del Norte,5097-INGENIERIA INFORMATICA,Femenino,2010-2,2022,No cotizante,SIN DATO,2,0,,"0,0%",NaN
2732-Fundación Universitaria Católica del Norte,5097-INGENIERIA INFORMATICA,Femenino,2010-2,2023,Dependiente,"Actividades profesionales, científicas y técnicas",3,3,,"100,0%",NaN
2732-Fundación Universitaria Católica del Norte,5097-INGENIERIA INFORMATICA,Femenino,2010-2,2023,Dependiente,Información y comunicaciones,2,2,,"100,0%",NaN
2732-Fundación Universitaria Católica del Norte,5097-INGENIERIA INFORMATICA,Femenino,2010-2,2023,Independiente,"Actividades profesionales, científicas y técnicas",1,1,,"100,0%",NaN
2732-Fundación Universitaria Católica del Norte,5097-INGENIERIA INFORMATICA,Femenino,2010-2,2023,Independiente,Administración pública y defensa; planes de seguridad social de afiliación obligatoria,1,1,,"100,0%",NaN
2732-Fundación Universitaria Católica del Norte,5097-INGENIERIA INFORMATICA,Femenino,2010-2,2023,Independiente,Otras actividades de servicios,2,2,,"100,0%",NaN
2732-Fundación Universitaria Católica del Norte,5097-INGENIERIA INFORMATICA,Femenino,2010-2,2023,No cotizante,SIN DATO,2,0,,"0,0%",NaN
2732-Fundación Universitaria Católica del Norte,5097-INGENIERIA INFORMATICA,Masculino,2010-2,2016,Dependiente,"Actividades artísticas, de entretenimiento y recreación",1,1,,"100,0%",$3.880.600
2732-Fundación Universitaria Católica del Norte,5097-INGENIERIA INFORMATICA,Masculino,2010-2,2016,Dependiente,"Actividades profesionales, científicas y técnicas",5,5,,"100,0%",$4.519.600
2732-Fundación Universitaria Católica del Norte,5097-INGENIERIA INFORMATICA,Masculino,2010-2,2016,Dependiente,Administración pública y defensa; planes de seguridad social de afiliación obligatoria,5,5,,"100,0%",$1.834.000
2732-Fundación Universitaria Católica del Norte,5097-INGENIERIA INFORMATICA,Masculino,2010-2,2016,Dependiente,Construccion,1,1,,"100,0%",$689.455
2732-Fundación Universitaria Católica del Norte,5097-INGENIERIA INFORMATICA,Masculino,2010-2,2016,Dependiente,Industrias manufactureras,1,1,,"100,0%",$4.711.000
2732-Fundación Universitaria Católica del Norte,5097-INGENIERIA INFORMATICA,Masculino,2010-2,2016,Dependiente,Información y comunicaciones,5,5,,"100,0%",$3.420.091
2732-Fundación Universitaria Católica del Norte,5097-INGENIERIA INFORMATICA,Masculino,2010-2,2016,Dependiente,Sin información,7,7,,"100,0%",$2.996.857
2732-Fundación Universitaria Católica del Norte,5097-INGENIERIA INFORMATICA,Masculino,2010-2,2016,Dependiente,Transporte y almacenamiento,1,1,,"100,0%",$1.354.000
2732-Fundación Universitaria Católica del Norte,5097-INGENIERIA INFORMATICA,Masculino,2010-2,2016,Independiente,"Actividades profesionales, científicas y técnicas",1,1,,"100,0%",NaN
2732-Fundación Universitaria Católica del Norte,5097-INGENIERIA INFORMATICA,Masculino,2010-2,2016,Independiente,Información y comunicaciones,1,1,,"100,0%",NaN
2732-Fundación Universitaria Católica del Norte,5097-INGENIERIA INFORMATICA,Masculino,2010-2,2016,Independiente,Sin información,3,3,,"100,0%",NaN
2732-Fundación Universitaria Católica del Norte,5097-INGENIERIA INFORMATICA,Masculino,2010-2,2016,No cotizante,Sin información,7,0,,"0,0%",NaN
2732-Fundación Universitaria Católica del Norte,5097-INGENIERIA INFORMATICA,Masculino,2010-2,2017,Dependiente,"Actividades profesionales, científicas y técnicas",5,5,,"100,0%",NaN
2732-Fundación Universitaria Católica del Norte,5097-INGENIERIA INFORMATICA,Masculino,2010-2,2017,Dependiente,Administración pública y defensa; planes de seguridad social de afiliación obligatoria,1,1,,"100,0%",NaN
2732-Fundación Universitaria Católica del Norte,5097-INGENIERIA INFORMATICA,Masculino,2010-2,2017,Dependiente,Construccion,1,1,,"100,0%",NaN
2732-Fundación Universitaria Católica del Norte,5097-INGENIERIA INFORMATICA,Masculino,2010-2,2017,Dependiente,Educación,1,1,,"100,0%",NaN
2732-Fundación Universitaria Católica del Norte,5097-INGENIERIA INFORMATICA,Masculino,2010-2,2017,Dependiente,Industrias manufactureras,1,1,,"100,0%",NaN
2732-Fundación Universitaria Católica del Norte,5097-INGENIERIA INFORMATICA,Masculino,2010-2,2017,Dependiente,Información y comunicaciones,5,5,,"100,0%",NaN
2732-Fundación Universitaria Católica del Norte,5097-INGENIERIA INFORMATICA,Masculino,2010-2,2017,Dependiente,Sin información,7,7,,"100,0%",NaN
2732-Fundación Universitaria Católica del Norte,5097-INGENIERIA INFORMATICA,Masculino,2010-2,2017,Dependiente,"Suministro de electricidad, gas, vapor y aire acondicionado",2,2,,"100,0%",NaN
2732-Fundación Universitaria Católica del Norte,5097-INGENIERIA INFORMATICA,Masculino,2010-2,2017,Dependiente,Transporte y almacenamiento,1,1,,"100,0%",NaN
2732-Fundación Universitaria Católica del Norte,5097-INGENIERIA INFORMATICA,Masculino,2010-2,2017,Independiente,"Actividades profesionales, científicas y técnicas",2,2,,"100,0%",NaN
2732-Fundación Universitaria Católica del Norte,5097-INGENIERIA INFORMATICA,Masculino,2010-2,2017,Independiente,Sin información,6,6,,"100,0%",NaN
2732-Fundación Universitaria Católica del Norte,5097-INGENIERIA INFORMATICA,Masculino,2010-2,2017,No cotizante,Sin información,6,0,,"0,0%",NaN
2732-Fundación Universitaria Católica del Norte,5097-INGENIERIA INFORMATICA,Masculino,2010-2,2018,Dependiente,"Actividades profesionales, científicas y técnicas",4,4,,"100,0%",NaN
2732-Fundación Universitaria Católica del Norte,5097-INGENIERIA INFORMATICA,Masculino,2010-2,2018,Dependiente,Administración pública y defensa; planes de seguridad social de afiliación obligatoria,1,1,,"100,0%",NaN
2732-Fundación Universitaria Católica del Norte,5097-INGENIERIA INFORMATICA,Masculino,2010-2,2018,Dependiente,Construccion,1,1,,"100,0%",NaN
2732-Fundación Universitaria Católica del Norte,5097-INGENIERIA INFORMATICA,Masculino,2010-2,2018,Dependiente,Industrias manufactureras,1,1,,"100,0%",NaN
2732-Fundación Universitaria Católica del Norte,5097-INGENIERIA INFORMATICA,Masculino,2010-2,2018,Dependiente,Información y comunicaciones,6,6,,"100,0%",NaN
2732-Fundación Universitaria Católica del Norte,5097-INGENIERIA INFORMATICA,Masculino,2010-2,2018,Dependiente,Sin información,6,6,,"100,0%",NaN
2732-Fundación Universitaria Católica del Norte,5097-INGENIERIA INFORMATICA,Masculino,2010-2,2018,Dependiente,"Suministro de electricidad, gas, vapor y aire acondicionado",2,2,,"100,0%",NaN
2732-Fundación Universitaria Católica del Norte,5097-INGENIERIA INFORMATICA,Masculino,2010-2,2018,Dependiente,Transporte y almacenamiento,1,1,,"100,0%",NaN
2732-Fundación Universitaria Católica del Norte,5097-INGENIERIA INFORMATICA,Masculino,2010-2,2018,Independiente,"Actividades profesionales, científicas y técnicas",2,2,,"100,0%",NaN
2732-Fundación Universitaria Católica del Norte,5097-INGENIERIA INFORMATICA,Masculino,2010-2,2018,Independiente,Sin información,5,5,,"100,0%",NaN
2732-Fundación Universitaria Católica del Norte,5097-INGENIERIA INFORMATICA,Masculino,2010-2,2018,No cotizante,Sin información,7,0,,"0,0%",NaN
2732-Fundación Universitaria Católica del Norte,5097-INGENIERIA INFORMATICA,Masculino,2010-2,2019,Dependiente,Actividades de servicios administrativos y de apoyo,2,2,,"100,0%",NaN
2732-Fundación Universitaria Católica del Norte,5097-INGENIERIA INFORMATICA,Masculino,2010-2,2019,Dependiente,"Actividades profesionales, científicas y técnicas",4,4,,"100,0%",NaN
2732-Fundación Universitaria Católica del Norte,5097-INGENIERIA INFORMATICA,Masculino,2010-2,2019,Dependiente,Administración pública y defensa; planes de seguridad social de afiliación obligatoria,5,5,,"100,0%",NaN
2732-Fundación Universitaria Católica del Norte,5097-INGENIERIA INFORMATICA,Masculino,2010-2,2019,Dependiente,Comercio al por mayor y al por menor; reparación de vehículos automotores y motocicletas,1,1,,"100,0%",NaN
2732-Fundación Universitaria Católica del Norte,5097-INGENIERIA INFORMATICA,Masculino,2010-2,2019,Dependiente,Construccion,1,1,,"100,0%",NaN
2732-Fundación Universitaria Católica del Norte,5097-INGENIERIA INFORMATICA,Masculino,2010-2,2019,Dependiente,Industrias manufactureras,1,1,,"100,0%",NaN
2732-Fundación Universitaria Católica del Norte,5097-INGENIERIA INFORMATICA,Masculino,2010-2,2019,Dependiente,Información y comunicaciones,3,3,,"100,0%",NaN
2732-Fundación Universitaria Católica del Norte,5097-INGENIERIA INFORMATICA,Masculino,2010-2,2019,Dependiente,Sin información,1,1,,"100,0%",NaN
2732-Fundación Universitaria Católica del Norte,5097-INGENIERIA INFORMATICA,Masculino,2010-2,2019,Dependiente,"Suministro de electricidad, gas, vapor y aire acondicionado",2,2,,"100,0%",NaN
2732-Fundación Universitaria Católica del Norte,5097-INGENIERIA INFORMATICA,Masculino,2010-2,2019,Dependiente,Transporte y almacenamiento,1,1,,"100,0%",NaN
2732-Fundación Universitaria Católica del Norte,5097-INGENIERIA INFORMATICA,Masculino,2010-2,2019,Independiente,"Actividades profesionales, científicas y técnicas",2,2,,"100,0%",NaN
2732-Fundación Universitaria Católica del Norte,5097-INGENIERIA INFORMATICA,Masculino,2010-2,2019,Independiente,Administración pública y defensa; planes de seguridad social de afiliación obligatoria,2,2,,"100,0%",NaN
2732-Fundación Universitaria Católica del Norte,5097-INGENIERIA INFORMATICA,Masculino,2010-2,2019,Independiente,Información y comunicaciones,1,1,,"100,0%",NaN
2732-Fundación Universitaria Católica del Norte,5097-INGENIERIA INFORMATICA,Masculino,2010-2,2019,Independiente,Sin información,3,3,,"100,0%",NaN
2732-Fundación Universitaria Católica del Norte,5097-INGENIERIA INFORMATICA,Masculino,2010-2,2019,No cotizante,Sin información,7,0,,"0,0%",NaN
2732-Fundación Universitaria Católica del Norte,5097-INGENIERIA INFORMATICA,Masculino,2010-2,2020,Dependiente,"Actividades artísticas, de entretenimiento y recreación",1,1,,"100,0%",NaN
2732-Fundación Universitaria Católica del Norte,5097-INGENIERIA INFORMATICA,Masculino,2010-2,2020,Dependiente,Actividades de servicios administrativos y de apoyo,3,3,,"100,0%",NaN
2732-Fundación Universitaria Católica del Norte,5097-INGENIERIA INFORMATICA,Masculino,2010-2,2020,Dependiente,Actividades financieras y de seguros,1,1,,"100,0%",NaN
2732-Fundación Universitaria Católica del Norte,5097-INGENIERIA INFORMATICA,Masculino,2010-2,2020,Dependiente,"Actividades profesionales, científicas y técnicas",5,5,,"100,0%",NaN
2732-Fundación Universitaria Católica del Norte,5097-INGENIERIA INFORMATICA,Masculino,2010-2,2020,Dependiente,Administración pública y defensa; planes de seguridad social de afiliación obligatoria,5,5,,"100,0%",NaN
2732-Fundación Universitaria Católica del Norte,5097-INGENIERIA INFORMATICA,Masculino,2010-2,2020,Dependiente,Comercio al por mayor y al por menor; reparación de vehículos automotores y motocicletas,1,1,,"100,0%",NaN
2732-Fundación Universitaria Católica del Norte,5097-INGENIERIA INFORMATICA,Masculino,2010-2,2020,Dependiente,Construccion,1,1,,"100,0%",NaN
2732-Fundación Universitaria Católica del Norte,5097-INGENIERIA INFORMATICA,Masculino,2010-2,2020,Dependiente,Información y comunicaciones,2,2,,"100,0%",NaN
2732-Fundación Universitaria Católica del Norte,5097-INGENIERIA INFORMATICA,Masculino,2010-2,2020,Independiente,"Actividades profesionales, científicas y técnicas",2,2,,"100,0%",NaN
2732-Fundación Universitaria Católica del Norte,5097-INGENIERIA INFORMATICA,Masculino,2010-2,2020,Independiente,Administración pública y defensa; planes de seguridad social de afiliación obligatoria,2,2,,"100,0%",NaN
2732-Fundación Universitaria Católica del Norte,5097-INGENIERIA INFORMATICA,Masculino,2010-2,2020,Independiente,Educación,1,1,,"100,0%",NaN
2732-Fundación Universitaria Católica del Norte,5097-INGENIERIA INFORMATICA,Masculino,2010-2,2020,Independiente,Otras actividades de servicios,1,1,,"100,0%",NaN
2732-Fundación Universitaria Católica del Norte,5097-INGENIERIA INFORMATICA,Masculino,2010-2,2020,No cotizante,Sin información,8,0,,"0,0%",NaN
2732-Fundación Universitaria Católica del Norte,5097-INGENIERIA INFORMATICA,Masculino,2010-2,2021,Dependiente,Actividades de servicios administrativos y de apoyo,4,4,,"100,0%",NaN
2732-Fundación Universitaria Católica del Norte,5097-INGENIERIA INFORMATICA,Masculino,2010-2,2021,Dependiente,"Actividades profesionales, científicas y técnicas",1,1,,"100,0%",NaN
2732-Fundación Universitaria Católica del Norte,5097-INGENIERIA INFORMATICA,Masculino,2010-2,2021,Dependiente,Administración pública y defensa; planes de seguridad social de afiliación obligatoria,5,5,,"100,0%",NaN
2732-Fundación Universitaria Católica del Norte,5097-INGENIERIA INFORMATICA,Masculino,2010-2,2021,Dependiente,Comercio al por mayor y al por menor; reparación de vehículos automotores y motocicletas,1,1,,"100,0%",NaN
2732-Fundación Universitaria Católica del Norte,5097-INGENIERIA INFORMATICA,Masculino,2010-2,2021,Dependiente,Construccion,1,1,,"100,0%",NaN
2732-Fundación Universitaria Católica del Norte,5097-INGENIERIA INFORMATICA,Masculino,2010-2,2021,Dependiente,Industrias manufactureras,2,2,,"100,0%",NaN
2732-Fundación Universitaria Católica del Norte,5097-INGENIERIA INFORMATICA,Masculino,2010-2,2021,Dependiente,Información y comunicaciones,3,3,,"100,0%",NaN
2732-Fundación Universitaria Católica del Norte,5097-INGENIERIA INFORMATICA,Masculino,2010-2,2021,Dependiente,"Suministro de electricidad, gas, vapor y aire acondicionado",2,2,,"100,0%",NaN
2732-Fundación Universitaria Católica del Norte,5097-INGENIERIA INFORMATICA,Masculino,2010-2,2021,Dependiente,Transporte y almacenamiento,1,1,,"100,0%",NaN
2732-Fundación Universitaria Católica del Norte,5097-INGENIERIA INFORMATICA,Masculino,2010-2,2021,Independiente,"Actividades profesionales, científicas y técnicas",3,3,,"100,0%",NaN
2732-Fundación Universitaria Católica del Norte,5097-INGENIERIA INFORMATICA,Masculino,2010-2,2021,Independiente,Administración pública y defensa; planes de seguridad social de afiliación obligatoria,1,1,,"100,0%",NaN
2732-Fundación Universitaria Católica del Norte,5097-INGENIERIA INFORMATICA,Masculino,2010-2,2021,Independiente,Otras actividades de servicios,1,1,,"100,0%",NaN
2732-Fundación Universitaria Católica del Norte,5097-INGENIERIA INFORMATICA,Masculino,2010-2,2021,No cotizante,Sin información,7,0,,"0,0%",NaN
2732-Fundación Universitaria Católica del Norte,5097-INGENIERIA INFORMATICA,Masculino,2010-2,2022,Dependiente,Actividades de servicios administrativos y de apoyo,2,2,,"100,0%",NaN
2732-Fundación Universitaria Católica del Norte,5097-INGENIERIA INFORMATICA,Masculino,2010-2,2022,Dependiente,"Actividades profesionales, científicas y técnicas",3,3,,"100,0%",NaN
2732-Fundación Universitaria Católica del Norte,5097-INGENIERIA INFORMATICA,Masculino,2010-2,2022,Dependiente,Administración pública y defensa; planes de seguridad social de afiliación obligatoria,6,6,,"100,0%",NaN
2732-Fundación Universitaria Católica del Norte,5097-INGENIERIA INFORMATICA,Masculino,2010-2,2022,Dependiente,Construccion,1,1,,"100,0%",NaN
2732-Fundación Universitaria Católica del Norte,5097-INGENIERIA INFORMATICA,Masculino,2010-2,2022,Dependiente,Educación,1,1,,"100,0%",NaN
2732-Fundación Universitaria Católica del Norte,5097-INGENIERIA INFORMATICA,Masculino,2010-2,2022,Dependiente,Industrias manufactureras,1,1,,"100,0%",NaN
2732-Fundación Universitaria Católica del Norte,5097-INGENIERIA INFORMATICA,Masculino,2010-2,2022,Dependiente,Información y comunicaciones,3,3,,"100,0%",NaN
2732-Fundación Universitaria Católica del Norte,5097-INGENIERIA INFORMATICA,Masculino,2010-2,2022,Dependiente,Transporte y almacenamiento,1,1,,"100,0%",NaN
2732-Fundación Universitaria Católica del Norte,5097-INGENIERIA INFORMATICA,Masculino,2010-2,2022,Independiente,"Actividades profesionales, científicas y técnicas",2,2,,"100,0%",NaN
2732-Fundación Universitaria Católica del Norte,5097-INGENIERIA INFORMATICA,Masculino,2010-2,2022,Independiente,Administración pública y defensa; planes de seguridad social de afiliación obligatoria,1,1,,"100,0%",NaN
2732-Fundación Universitaria Católica del Norte,5097-INGENIERIA INFORMATICA,Masculino,2010-2,2022,Independiente,Otras actividades de servicios,1,1,,"100,0%",NaN
2732-Fundación Universitaria Católica del Norte,5097-INGENIERIA INFORMATICA,Masculino,2010-2,2022,No cotizante,SIN DATO,8,0,,"0,0%",NaN
2732-Fundación Universitaria Católica del Norte,5097-INGENIERIA INFORMATICA,Masculino,2010-2,2023,Dependiente,Actividades de servicios administrativos y de apoyo,2,2,,"100,0%",NaN
2732-Fundación Universitaria Católica del Norte,5097-INGENIERIA INFORMATICA,Masculino,2010-2,2023,Dependiente,"Actividades profesionales, científicas y técnicas",1,1,,"100,0%",NaN
2732-Fundación Universitaria Católica del Norte,5097-INGENIERIA INFORMATICA,Masculino,2010-2,2023,Dependiente,Administración pública y defensa; planes de seguridad social de afiliación obligatoria,5,5,,"100,0%",NaN
2732-Fundación Universitaria Católica del Norte,5097-INGENIERIA INFORMATICA,Masculino,2010-2,2023,Dependiente,Construccion,1,1,,"100,0%",NaN
2732-Fundación Universitaria Católica del Norte,5097-INGENIERIA INFORMATICA,Masculino,2010-2,2023,Dependiente,Educación,2,2,,"100,0%",NaN
2732-Fundación Universitaria Católica del Norte,5097-INGENIERIA INFORMATICA,Masculino,2010-2,2023,Dependiente,Industrias manufactureras,1,1,,"100,0%",NaN
2732-Fundación Universitaria Católica del Norte,5097-INGENIERIA INFORMATICA,Masculino,2010-2,2023,Dependiente,Información y comunicaciones,2,2,,"100,0%",NaN
2732-Fundación Universitaria Católica del Norte,5097-INGENIERIA INFORMATICA,Masculino,2010-2,2023,Dependiente,Otras actividades de servicios,1,1,,"100,0%",NaN
2732-Fundación Universitaria Católica del Norte,5097-INGENIERIA INFORMATICA,Masculino,2010-2,2023,Dependiente,"Suministro de electricidad, gas, vapor y aire acondicionado",1,1,,"100,0%",NaN
2732-Fundación Universitaria Católica del Norte,5097-INGENIERIA INFORMATICA,Masculino,2010-2,2023,Dependiente,Transporte y almacenamiento,1,1,,"100,0%",NaN
2732-Fundación Universitaria Católica del Norte,5097-INGENIERIA INFORMATICA,Masculino,2010-2,2023,Independiente,"Actividades profesionales, científicas y técnicas",1,1,,"100,0%",NaN
2732-Fundación Universitaria Católica del Norte,5097-INGENIERIA INFORMATICA,Masculino,2010-2,2023,Independiente,Administración pública y defensa; planes de seguridad social de afiliación obligatoria,1,1,,"100,0%",NaN
2732-Fundación Universitaria Católica del Norte,5097-INGENIERIA INFORMATICA,Masculino,2010-2,2023,Independiente,Otras actividades de servicios,3,3,,"100,0%",NaN
2732-Fundación Universitaria Católica del Norte,5097-INGENIERIA INFORMATICA,Masculino,2010-2,2023,No cotizante,SIN DATO,8,0,,"0,0%",NaN
2732-Fundación Universitaria Católica del Norte,9570-LICENCIATURA EN FILOSOFIA Y EDUCACION RELIGIOSA,Femenino,2010-2,2016,Dependiente,Administración pública y defensa; planes de seguridad social de afiliación obligatoria,2,2,,"100,0%",$1.526.000
2732-Fundación Universitaria Católica del Norte,9570-LICENCIATURA EN FILOSOFIA Y EDUCACION RELIGIOSA,Femenino,2010-2,2016,Dependiente,Educación,3,3,,"100,0%",$1.943.000
2732-Fundación Universitaria Católica del Norte,9570-LICENCIATURA EN FILOSOFIA Y EDUCACION RELIGIOSA,Femenino,2010-2,2016,No cotizante,Sin información,1,0,,"0,0%",NaN
2732-Fundación Universitaria Católica del Norte,9570-LICENCIATURA EN FILOSOFIA Y EDUCACION RELIGIOSA,Femenino,2010-2,2017,Dependiente,"Actividades profesionales, científicas y técnicas",2,2,,"100,0%",NaN
2732-Fundación Universitaria Católica del Norte,9570-LICENCIATURA EN FILOSOFIA Y EDUCACION RELIGIOSA,Femenino,2010-2,2017,Dependiente,Educación,1,1,,"100,0%",NaN
2732-Fundación Universitaria Católica del Norte,9570-LICENCIATURA EN FILOSOFIA Y EDUCACION RELIGIOSA,Femenino,2010-2,2017,Dependiente,Sin información,3,3,,"100,0%",NaN
2732-Fundación Universitaria Católica del Norte,9570-LICENCIATURA EN FILOSOFIA Y EDUCACION RELIGIOSA,Femenino,2010-2,2018,Dependiente,"Actividades profesionales, científicas y técnicas",1,1,,"100,0%",NaN
2732-Fundación Universitaria Católica del Norte,9570-LICENCIATURA EN FILOSOFIA Y EDUCACION RELIGIOSA,Femenino,2010-2,2018,Dependiente,Educación,1,1,,"100,0%",NaN
2732-Fundación Universitaria Católica del Norte,9570-LICENCIATURA EN FILOSOFIA Y EDUCACION RELIGIOSA,Femenino,2010-2,2018,Dependiente,Sin información,4,4,,"100,0%",NaN
2732-Fundación Universitaria Católica del Norte,9570-LICENCIATURA EN FILOSOFIA Y EDUCACION RELIGIOSA,Femenino,2010-2,2019,Dependiente,"Actividades profesionales, científicas y técnicas",1,1,,"100,0%",NaN
2732-Fundación Universitaria Católica del Norte,9570-LICENCIATURA EN FILOSOFIA Y EDUCACION RELIGIOSA,Femenino,2010-2,2019,Dependiente,Administración pública y defensa; planes de seguridad social de afiliación obligatoria,2,2,,"100,0%",NaN
2732-Fundación Universitaria Católica del Norte,9570-LICENCIATURA EN FILOSOFIA Y EDUCACION RELIGIOSA,Femenino,2010-2,2019,No cotizante,Sin información,1,0,,"0,0%",NaN
2732-Fundación Universitaria Católica del Norte,9570-LICENCIATURA EN FILOSOFIA Y EDUCACION RELIGIOSA,Femenino,2010-2,2020,Dependiente,"Actividades profesionales, científicas y técnicas",1,1,,"100,0%",NaN
2732-Fundación Universitaria Católica del Norte,9570-LICENCIATURA EN FILOSOFIA Y EDUCACION RELIGIOSA,Femenino,2010-2,2020,Dependiente,Administración pública y defensa; planes de seguridad social de afiliación obligatoria,2,2,,"100,0%",NaN
2732-Fundación Universitaria Católica del Norte,9570-LICENCIATURA EN FILOSOFIA Y EDUCACION RELIGIOSA,Femenino,2010-2,2020,No cotizante,Sin información,1,0,,"0,0%",NaN
2732-Fundación Universitaria Católica del Norte,9570-LICENCIATURA EN FILOSOFIA Y EDUCACION RELIGIOSA,Femenino,2010-2,2021,Dependiente,Actividades de servicios administrativos y de apoyo,1,1,,"100,0%",NaN
2732-Fundación Universitaria Católica del Norte,9570-LICENCIATURA EN FILOSOFIA Y EDUCACION RELIGIOSA,Femenino,2010-2,2021,Dependiente,Administración pública y defensa; planes de seguridad social de afiliación obligatoria,1,1,,"100,0%",NaN
2732-Fundación Universitaria Católica del Norte,9570-LICENCIATURA EN FILOSOFIA Y EDUCACION RELIGIOSA,Femenino,2010-2,2021,No cotizante,Sin información,1,0,,"0,0%",NaN
2732-Fundación Universitaria Católica del Norte,9570-LICENCIATURA EN FILOSOFIA Y EDUCACION RELIGIOSA,Femenino,2010-2,2022,Dependiente,Actividades de servicios administrativos y de apoyo,1,1,,"100,0%",NaN
2732-Fundación Universitaria Católica del Norte,9570-LICENCIATURA EN FILOSOFIA Y EDUCACION RELIGIOSA,Femenino,2010-2,2022,Dependiente,Administración pública y defensa; planes de seguridad social de afiliación obligatoria,1,1,,"100,0%",NaN
2732-Fundación Universitaria Católica del Norte,9570-LICENCIATURA EN FILOSOFIA Y EDUCACION RELIGIOSA,Femenino,2010-2,2022,No cotizante,SIN DATO,1,0,,"0,0%",NaN
2732-Fundación Universitaria Católica del Norte,9570-LICENCIATURA EN FILOSOFIA Y EDUCACION RELIGIOSA,Femenino,2010-2,2023,Dependiente,Actividades de servicios administrativos y de apoyo,1,1,,"100,0%",NaN
2732-Fundación Universitaria Católica del Norte,9570-LICENCIATURA EN FILOSOFIA Y EDUCACION RELIGIOSA,Femenino,2010-2,2023,Dependiente,Administración pública y defensa; planes de seguridad social de afiliación obligatoria,1,1,,"100,0%",NaN
2732-Fundación Universitaria Católica del Norte,9570-LICENCIATURA EN FILOSOFIA Y EDUCACION RELIGIOSA,Femenino,2010-2,2023,No cotizante,SIN DATO,1,0,,"0,0%",NaN
2732-Fundación Universitaria Católica del Norte,9570-LICENCIATURA EN FILOSOFIA Y EDUCACION RELIGIOSA,Masculino,2010-2,2016,Dependiente,"Actividades profesionales, científicas y técnicas",1,1,,"100,0%",$1.416.000
2732-Fundación Universitaria Católica del Norte,9570-LICENCIATURA EN FILOSOFIA Y EDUCACION RELIGIOSA,Masculino,2010-2,2016,Dependiente,Administración pública y defensa; planes de seguridad social de afiliación obligatoria,6,6,,"100,0%",$2.107.576
2732-Fundación Universitaria Católica del Norte,9570-LICENCIATURA EN FILOSOFIA Y EDUCACION RELIGIOSA,Masculino,2010-2,2016,Dependiente,"Agricultura, ganadería, caza, silvicultura y pesca",1,1,,"100,0%",$2.773.000
2732-Fundación Universitaria Católica del Norte,9570-LICENCIATURA EN FILOSOFIA Y EDUCACION RELIGIOSA,Masculino,2010-2,2016,Dependiente,Educación,4,4,,"100,0%",$1.007.364
2732-Fundación Universitaria Católica del Norte,9570-LICENCIATURA EN FILOSOFIA Y EDUCACION RELIGIOSA,Masculino,2010-2,2016,Dependiente,Sin información,1,1,,"100,0%",$689.455
2732-Fundación Universitaria Católica del Norte,9570-LICENCIATURA EN FILOSOFIA Y EDUCACION RELIGIOSA,Masculino,2010-2,2016,Dependiente,Transporte y almacenamiento,1,1,,"100,0%",$689.455
2732-Fundación Universitaria Católica del Norte,9570-LICENCIATURA EN FILOSOFIA Y EDUCACION RELIGIOSA,Masculino,2010-2,2016,Independiente,Actividades de los hogares individuales en calidad de empleadores; actividades no diferenciadas de los hogares individuales como productores de bienes y servicios para uso propio,1,1,,"100,0%",NaN
2732-Fundación Universitaria Católica del Norte,9570-LICENCIATURA EN FILOSOFIA Y EDUCACION RELIGIOSA,Masculino,2010-2,2016,Independiente,"Actividades profesionales, científicas y técnicas",1,1,,"100,0%",NaN
2732-Fundación Universitaria Católica del Norte,9570-LICENCIATURA EN FILOSOFIA Y EDUCACION RELIGIOSA,Masculino,2010-2,2016,Independiente,Otras actividades de servicios,5,5,,"100,0%",NaN
2732-Fundación Universitaria Católica del Norte,9570-LICENCIATURA EN FILOSOFIA Y EDUCACION RELIGIOSA,Masculino,2010-2,2016,Independiente,Sin información,1,1,,"100,0%",NaN
2732-Fundación Universitaria Católica del Norte,9570-LICENCIATURA EN FILOSOFIA Y EDUCACION RELIGIOSA,Masculino,2010-2,2016,No cotizante,Sin información,3,0,,"0,0%",NaN
2732-Fundación Universitaria Católica del Norte,9570-LICENCIATURA EN FILOSOFIA Y EDUCACION RELIGIOSA,Masculino,2010-2,2017,Dependiente,"Actividades profesionales, científicas y técnicas",5,5,,"100,0%",NaN
2732-Fundación Universitaria Católica del Norte,9570-LICENCIATURA EN FILOSOFIA Y EDUCACION RELIGIOSA,Masculino,2010-2,2017,Dependiente,Administración pública y defensa; planes de seguridad social de afiliación obligatoria,1,1,,"100,0%",NaN
2732-Fundación Universitaria Católica del Norte,9570-LICENCIATURA EN FILOSOFIA Y EDUCACION RELIGIOSA,Masculino,2010-2,2017,Dependiente,Educación,3,3,,"100,0%",NaN
2732-Fundación Universitaria Católica del Norte,9570-LICENCIATURA EN FILOSOFIA Y EDUCACION RELIGIOSA,Masculino,2010-2,2017,Dependiente,Información y comunicaciones,1,1,,"100,0%",NaN
2732-Fundación Universitaria Católica del Norte,9570-LICENCIATURA EN FILOSOFIA Y EDUCACION RELIGIOSA,Masculino,2010-2,2017,Dependiente,Sin información,5,5,,"100,0%",NaN
2732-Fundación Universitaria Católica del Norte,9570-LICENCIATURA EN FILOSOFIA Y EDUCACION RELIGIOSA,Masculino,2010-2,2017,Independiente,Actividades de los hogares individuales en calidad de empleadores; actividades no diferenciadas de los hogares individuales como productores de bienes y servicios para uso propio,1,1,,"100,0%",NaN
2732-Fundación Universitaria Católica del Norte,9570-LICENCIATURA EN FILOSOFIA Y EDUCACION RELIGIOSA,Masculino,2010-2,2017,Independiente,"Actividades profesionales, científicas y técnicas",1,1,,"100,0%",NaN
2732-Fundación Universitaria Católica del Norte,9570-LICENCIATURA EN FILOSOFIA Y EDUCACION RELIGIOSA,Masculino,2010-2,2017,Independiente,Comercio al por mayor y al por menor; reparación de vehículos automotores y motocicletas,1,1,,"100,0%",NaN
2732-Fundación Universitaria Católica del Norte,9570-LICENCIATURA EN FILOSOFIA Y EDUCACION RELIGIOSA,Masculino,2010-2,2017,Independiente,Otras actividades de servicios,7,7,,"100,0%",NaN
2732-Fundación Universitaria Católica del Norte,9570-LICENCIATURA EN FILOSOFIA Y EDUCACION RELIGIOSA,Masculino,2010-2,2017,Independiente,Sin información,1,1,,"100,0%",NaN
2732-Fundación Universitaria Católica del Norte,9570-LICENCIATURA EN FILOSOFIA Y EDUCACION RELIGIOSA,Masculino,2010-2,2017,No cotizante,Sin información,3,0,,"0,0%",NaN
2732-Fundación Universitaria Católica del Norte,9570-LICENCIATURA EN FILOSOFIA Y EDUCACION RELIGIOSA,Masculino,2010-2,2018,Dependiente,"Actividades profesionales, científicas y técnicas",5,5,,"100,0%",NaN
2732-Fundación Universitaria Católica del Norte,9570-LICENCIATURA EN FILOSOFIA Y EDUCACION RELIGIOSA,Masculino,2010-2,2018,Dependiente,Administración pública y defensa; planes de seguridad social de afiliación obligatoria,2,2,,"100,0%",NaN
2732-Fundación Universitaria Católica del Norte,9570-LICENCIATURA EN FILOSOFIA Y EDUCACION RELIGIOSA,Masculino,2010-2,2018,Dependiente,Educación,2,2,,"100,0%",NaN
2732-Fundación Universitaria Católica del Norte,9570-LICENCIATURA EN FILOSOFIA Y EDUCACION RELIGIOSA,Masculino,2010-2,2018,Dependiente,Información y comunicaciones,1,1,,"100,0%",NaN
2732-Fundación Universitaria Católica del Norte,9570-LICENCIATURA EN FILOSOFIA Y EDUCACION RELIGIOSA,Masculino,2010-2,2018,Dependiente,Sin información,4,4,,"100,0%",NaN
2732-Fundación Universitaria Católica del Norte,9570-LICENCIATURA EN FILOSOFIA Y EDUCACION RELIGIOSA,Masculino,2010-2,2018,Independiente,Actividades de los hogares individuales en calidad de empleadores; actividades no diferenciadas de los hogares individuales como productores de bienes y servicios para uso propio,1,1,,"100,0%",NaN
2732-Fundación Universitaria Católica del Norte,9570-LICENCIATURA EN FILOSOFIA Y EDUCACION RELIGIOSA,Masculino,2010-2,2018,Independiente,"Actividades profesionales, científicas y técnicas",1,1,,"100,0%",NaN
2732-Fundación Universitaria Católica del Norte,9570-LICENCIATURA EN FILOSOFIA Y EDUCACION RELIGIOSA,Masculino,2010-2,2018,Independiente,Comercio al por mayor y al por menor; reparación de vehículos automotores y motocicletas,1,1,,"100,0%",NaN
2732-Fundación Universitaria Católica del Norte,9570-LICENCIATURA EN FILOSOFIA Y EDUCACION RELIGIOSA,Masculino,2010-2,2018,Independiente,Otras actividades de servicios,8,8,,"100,0%",NaN
2732-Fundación Universitaria Católica del Norte,9570-LICENCIATURA EN FILOSOFIA Y EDUCACION RELIGIOSA,Masculino,2010-2,2018,Independiente,Sin información,1,1,,"100,0%",NaN
2732-Fundación Universitaria Católica del Norte,9570-LICENCIATURA EN FILOSOFIA Y EDUCACION RELIGIOSA,Masculino,2010-2,2018,No cotizante,Sin información,3,0,,"0,0%",NaN
2732-Fundación Universitaria Católica del Norte,9570-LICENCIATURA EN FILOSOFIA Y EDUCACION RELIGIOSA,Masculino,2010-2,2019,Dependiente,"Actividades profesionales, científicas y técnicas",4,4,,"100,0%",NaN
2732-Fundación Universitaria Católica del Norte,9570-LICENCIATURA EN FILOSOFIA Y EDUCACION RELIGIOSA,Masculino,2010-2,2019,Dependiente,Administración pública y defensa; planes de seguridad social de afiliación obligatoria,4,4,,"100,0%",NaN
2732-Fundación Universitaria Católica del Norte,9570-LICENCIATURA EN FILOSOFIA Y EDUCACION RELIGIOSA,Masculino,2010-2,2019,Dependiente,Información y comunicaciones,1,1,,"100,0%",NaN
2732-Fundación Universitaria Católica del Norte,9570-LICENCIATURA EN FILOSOFIA Y EDUCACION RELIGIOSA,Masculino,2010-2,2019,Dependiente,Sin información,1,1,,"100,0%",NaN
2732-Fundación Universitaria Católica del Norte,9570-LICENCIATURA EN FILOSOFIA Y EDUCACION RELIGIOSA,Masculino,2010-2,2019,Independiente,Actividades de los hogares individuales en calidad de empleadores; actividades no diferenciadas de los hogares individuales como productores de bienes y servicios para uso propio,1,1,,"100,0%",NaN
2732-Fundación Universitaria Católica del Norte,9570-LICENCIATURA EN FILOSOFIA Y EDUCACION RELIGIOSA,Masculino,2010-2,2019,Independiente,Administración pública y defensa; planes de seguridad social de afiliación obligatoria,1,1,,"100,0%",NaN
2732-Fundación Universitaria Católica del Norte,9570-LICENCIATURA EN FILOSOFIA Y EDUCACION RELIGIOSA,Masculino,2010-2,2019,Independiente,Comercio al por mayor y al por menor; reparación de vehículos automotores y motocicletas,1,1,,"100,0%",NaN
2732-Fundación Universitaria Católica del Norte,9570-LICENCIATURA EN FILOSOFIA Y EDUCACION RELIGIOSA,Masculino,2010-2,2019,Independiente,Construccion,1,1,,"100,0%",NaN
2732-Fundación Universitaria Católica del Norte,9570-LICENCIATURA EN FILOSOFIA Y EDUCACION RELIGIOSA,Masculino,2010-2,2019,Independiente,Otras actividades de servicios,9,9,,"100,0%",NaN
2732-Fundación Universitaria Católica del Norte,9570-LICENCIATURA EN FILOSOFIA Y EDUCACION RELIGIOSA,Masculino,2010-2,2019,No cotizante,Sin información,3,0,,"0,0%",NaN
2732-Fundación Universitaria Católica del Norte,9570-LICENCIATURA EN FILOSOFIA Y EDUCACION RELIGIOSA,Masculino,2010-2,2020,Dependiente,Actividades de servicios administrativos y de apoyo,1,1,,"100,0%",NaN
2732-Fundación Universitaria Católica del Norte,9570-LICENCIATURA EN FILOSOFIA Y EDUCACION RELIGIOSA,Masculino,2010-2,2020,Dependiente,"Actividades profesionales, científicas y técnicas",4,4,,"100,0%",NaN
2732-Fundación Universitaria Católica del Norte,9570-LICENCIATURA EN FILOSOFIA Y EDUCACION RELIGIOSA,Masculino,2010-2,2020,Dependiente,Administración pública y defensa; planes de seguridad social de afiliación obligatoria,3,3,,"100,0%",NaN
2732-Fundación Universitaria Católica del Norte,9570-LICENCIATURA EN FILOSOFIA Y EDUCACION RELIGIOSA,Masculino,2010-2,2020,Dependiente,Educación,1,1,,"100,0%",NaN
2732-Fundación Universitaria Católica del Norte,9570-LICENCIATURA EN FILOSOFIA Y EDUCACION RELIGIOSA,Masculino,2010-2,2020,Dependiente,Otras actividades de servicios,1,1,,"100,0%",NaN
2732-Fundación Universitaria Católica del Norte,9570-LICENCIATURA EN FILOSOFIA Y EDUCACION RELIGIOSA,Masculino,2010-2,2020,Independiente,Actividades de los hogares individuales en calidad de empleadores; actividades no diferenciadas de los hogares individuales como productores de bienes y servicios para uso propio,1,1,,"100,0%",NaN
2732-Fundación Universitaria Católica del Norte,9570-LICENCIATURA EN FILOSOFIA Y EDUCACION RELIGIOSA,Masculino,2010-2,2020,Independiente,Comercio al por mayor y al por menor; reparación de vehículos automotores y motocicletas,1,1,,"100,0%",NaN
2732-Fundación Universitaria Católica del Norte,9570-LICENCIATURA EN FILOSOFIA Y EDUCACION RELIGIOSA,Masculino,2010-2,2020,Independiente,Construccion,1,1,,"100,0%",NaN
2732-Fundación Universitaria Católica del Norte,9570-LICENCIATURA EN FILOSOFIA Y EDUCACION RELIGIOSA,Masculino,2010-2,2020,Independiente,Otras actividades de servicios,9,9,,"100,0%",NaN
2732-Fundación Universitaria Católica del Norte,9570-LICENCIATURA EN FILOSOFIA Y EDUCACION RELIGIOSA,Masculino,2010-2,2020,No cotizante,Sin información,4,0,,"0,0%",NaN
2732-Fundación Universitaria Católica del Norte,9570-LICENCIATURA EN FILOSOFIA Y EDUCACION RELIGIOSA,Masculino,2010-2,2021,Dependiente,Actividades de servicios administrativos y de apoyo,4,4,,"100,0%",NaN
2732-Fundación Universitaria Católica del Norte,9570-LICENCIATURA EN FILOSOFIA Y EDUCACION RELIGIOSA,Masculino,2010-2,2021,Dependiente,Administración pública y defensa; planes de seguridad social de afiliación obligatoria,3,3,,"100,0%",NaN
2732-Fundación Universitaria Católica del Norte,9570-LICENCIATURA EN FILOSOFIA Y EDUCACION RELIGIOSA,Masculino,2010-2,2021,Dependiente,Educación,2,2,,"100,0%",NaN
2732-Fundación Universitaria Católica del Norte,9570-LICENCIATURA EN FILOSOFIA Y EDUCACION RELIGIOSA,Masculino,2010-2,2021,Independiente,Actividades de los hogares individuales en calidad de empleadores; actividades no diferenciadas de los hogares individuales como productores de bienes y servicios para uso propio,1,1,,"100,0%",NaN
2732-Fundación Universitaria Católica del Norte,9570-LICENCIATURA EN FILOSOFIA Y EDUCACION RELIGIOSA,Masculino,2010-2,2021,Independiente,Comercio al por mayor y al por menor; reparación de vehículos automotores y motocicletas,1,1,,"100,0%",NaN
2732-Fundación Universitaria Católica del Norte,9570-LICENCIATURA EN FILOSOFIA Y EDUCACION RELIGIOSA,Masculino,2010-2,2021,Independiente,Otras actividades de servicios,7,7,,"100,0%",NaN
2732-Fundación Universitaria Católica del Norte,9570-LICENCIATURA EN FILOSOFIA Y EDUCACION RELIGIOSA,Masculino,2010-2,2021,No cotizante,Sin información,6,0,,"0,0%",NaN
2732-Fundación Universitaria Católica del Norte,9570-LICENCIATURA EN FILOSOFIA Y EDUCACION RELIGIOSA,Masculino,2010-2,2022,Dependiente,Actividades de servicios administrativos y de apoyo,4,4,,"100,0%",NaN
2732-Fundación Universitaria Católica del Norte,9570-LICENCIATURA EN FILOSOFIA Y EDUCACION RELIGIOSA,Masculino,2010-2,2022,Dependiente,Administración pública y defensa; planes de seguridad social de afiliación obligatoria,3,3,,"100,0%",NaN
2732-Fundación Universitaria Católica del Norte,9570-LICENCIATURA EN FILOSOFIA Y EDUCACION RELIGIOSA,Masculino,2010-2,2022,Dependiente,Educación,1,1,,"100,0%",NaN
2732-Fundación Universitaria Católica del Norte,9570-LICENCIATURA EN FILOSOFIA Y EDUCACION RELIGIOSA,Masculino,2010-2,2022,Dependiente,Otras actividades de servicios,1,1,,"100,0%",NaN
2732-Fundación Universitaria Católica del Norte,9570-LICENCIATURA EN FILOSOFIA Y EDUCACION RELIGIOSA,Masculino,2010-2,2022,Independiente,Actividades de los hogares individuales en calidad de empleadores; actividades no diferenciadas de los hogares individuales como productores de bienes y servicios para uso propio,1,1,,"100,0%",NaN
2732-Fundación Universitaria Católica del Norte,9570-LICENCIATURA EN FILOSOFIA Y EDUCACION RELIGIOSA,Masculino,2010-2,2022,Independiente,Comercio al por mayor y al por menor; reparación de vehículos automotores y motocicletas,1,1,,"100,0%",NaN
2732-Fundación Universitaria Católica del Norte,9570-LICENCIATURA EN FILOSOFIA Y EDUCACION RELIGIOSA,Masculino,2010-2,2022,Independiente,Otras actividades de servicios,7,7,,"100,0%",NaN
2732-Fundación Universitaria Católica del Norte,9570-LICENCIATURA EN FILOSOFIA Y EDUCACION RELIGIOSA,Masculino,2010-2,2022,No cotizante,SIN DATO,5,0,,"0,0%",NaN
2732-Fundación Universitaria Católica del Norte,9570-LICENCIATURA EN FILOSOFIA Y EDUCACION RELIGIOSA,Masculino,2010-2,2023,Dependiente,Actividades de servicios administrativos y de apoyo,3,3,,"100,0%",NaN
2732-Fundación Universitaria Católica del Norte,9570-LICENCIATURA EN FILOSOFIA Y EDUCACION RELIGIOSA,Masculino,2010-2,2023,Dependiente,Administración pública y defensa; planes de seguridad social de afiliación obligatoria,3,3,,"100,0%",NaN
2732-Fundación Universitaria Católica del Norte,9570-LICENCIATURA EN FILOSOFIA Y EDUCACION RELIGIOSA,Masculino,2010-2,2023,Dependiente,Educación,2,2,,"100,0%",NaN
2732-Fundación Universitaria Católica del Norte,9570-LICENCIATURA EN FILOSOFIA Y EDUCACION RELIGIOSA,Masculino,2010-2,2023,Dependiente,Otras actividades de servicios,1,1,,"100,0%",NaN
2732-Fundación Universitaria Católica del Norte,9570-LICENCIATURA EN FILOSOFIA Y EDUCACION RELIGIOSA,Masculino,2010-2,2023,Independiente,Actividades de los hogares individuales en calidad de empleadores; actividades no diferenciadas de los hogares individuales como productores de bienes y servicios para uso propio,1,1,,"100,0%",NaN
2732-Fundación Universitaria Católica del Norte,9570-LICENCIATURA EN FILOSOFIA Y EDUCACION RELIGIOSA,Masculino,2010-2,2023,Independiente,Comercio al por mayor y al por menor; reparación de vehículos automotores y motocicletas,1,1,,"100,0%",NaN
2732-Fundación Universitaria Católica del Norte,9570-LICENCIATURA EN FILOSOFIA Y EDUCACION RELIGIOSA,Masculino,2010-2,2023,Independiente,Otras actividades de servicios,6,6,,"100,0%",NaN
2732-Fundación Universitaria Católica del Norte,9570-LICENCIATURA EN FILOSOFIA Y EDUCACION RELIGIOSA,Masculino,2010-2,2023,No cotizante,SIN DATO,5,0,,"0,0%",NaN
2732-Fundación Universitaria Católica del Norte,10282-LICENCIATURA EN LENGUA CASTELLANA,Femenino,2010-2,2016,Dependiente,Administración pública y defensa; planes de seguridad social de afiliación obligatoria,5,5,,"100,0%",$1.892.200
2732-Fundación Universitaria Católica del Norte,10282-LICENCIATURA EN LENGUA CASTELLANA,Femenino,2010-2,2016,Dependiente,Educación,1,1,,"100,0%",$1.086.250
2732-Fundación Universitaria Católica del Norte,10282-LICENCIATURA EN LENGUA CASTELLANA,Femenino,2010-2,2016,Independiente,Sin información,1,1,,"100,0%",NaN
2732-Fundación Universitaria Católica del Norte,10282-LICENCIATURA EN LENGUA CASTELLANA,Femenino,2010-2,2016,No cotizante,Sin información,1,0,,"0,0%",NaN
2732-Fundación Universitaria Católica del Norte,10282-LICENCIATURA EN LENGUA CASTELLANA,Femenino,2010-2,2017,Dependiente,Industrias manufactureras,1,1,,"100,0%",NaN
2732-Fundación Universitaria Católica del Norte,10282-LICENCIATURA EN LENGUA CASTELLANA,Femenino,2010-2,2017,Dependiente,Otras actividades de servicios,1,1,,"100,0%",NaN
2732-Fundación Universitaria Católica del Norte,10282-LICENCIATURA EN LENGUA CASTELLANA,Femenino,2010-2,2017,Dependiente,Sin información,5,5,,"100,0%",NaN
2732-Fundación Universitaria Católica del Norte,10282-LICENCIATURA EN LENGUA CASTELLANA,Femenino,2010-2,2017,No cotizante,Sin información,1,0,,"0,0%",NaN
2732-Fundación Universitaria Católica del Norte,10282-LICENCIATURA EN LENGUA CASTELLANA,Femenino,2010-2,2018,Dependiente,Industrias manufactureras,1,1,,"100,0%",NaN
2732-Fundación Universitaria Católica del Norte,10282-LICENCIATURA EN LENGUA CASTELLANA,Femenino,2010-2,2018,Dependiente,Sin información,5,5,,"100,0%",NaN
2732-Fundación Universitaria Católica del Norte,10282-LICENCIATURA EN LENGUA CASTELLANA,Femenino,2010-2,2018,No cotizante,Sin información,1,0,,"0,0%",NaN
2732-Fundación Universitaria Católica del Norte,10282-LICENCIATURA EN LENGUA CASTELLANA,Femenino,2010-2,2019,Dependiente,Administración pública y defensa; planes de seguridad social de afiliación obligatoria,5,5,,"100,0%",NaN
2732-Fundación Universitaria Católica del Norte,10282-LICENCIATURA EN LENGUA CASTELLANA,Femenino,2010-2,2019,Independiente,"Actividades profesionales, científicas y técnicas",1,1,,"100,0%",NaN
2732-Fundación Universitaria Católica del Norte,10282-LICENCIATURA EN LENGUA CASTELLANA,Femenino,2010-2,2019,No cotizante,Sin información,1,0,,"0,0%",NaN
2732-Fundación Universitaria Católica del Norte,10282-LICENCIATURA EN LENGUA CASTELLANA,Femenino,2010-2,2020,Dependiente,Actividades de servicios administrativos y de apoyo,1,1,,"100,0%",NaN
2732-Fundación Universitaria Católica del Norte,10282-LICENCIATURA EN LENGUA CASTELLANA,Femenino,2010-2,2020,Dependiente,Administración pública y defensa; planes de seguridad social de afiliación obligatoria,5,5,,"100,0%",NaN
2732-Fundación Universitaria Católica del Norte,10282-LICENCIATURA EN LENGUA CASTELLANA,Femenino,2010-2,2020,No cotizante,Sin información,1,0,,"0,0%",NaN
2732-Fundación Universitaria Católica del Norte,10282-LICENCIATURA EN LENGUA CASTELLANA,Femenino,2010-2,2021,Dependiente,Administración pública y defensa; planes de seguridad social de afiliación obligatoria,5,5,,"100,0%",NaN
2732-Fundación Universitaria Católica del Norte,10282-LICENCIATURA EN LENGUA CASTELLANA,Femenino,2010-2,2021,No cotizante,Sin información,2,0,,"0,0%",NaN
2732-Fundación Universitaria Católica del Norte,10282-LICENCIATURA EN LENGUA CASTELLANA,Femenino,2010-2,2022,Dependiente,Administración pública y defensa; planes de seguridad social de afiliación obligatoria,5,5,,"100,0%",NaN
2732-Fundación Universitaria Católica del Norte,10282-LICENCIATURA EN LENGUA CASTELLANA,Femenino,2010-2,2022,No cotizante,SIN DATO,2,0,,"0,0%",NaN
2732-Fundación Universitaria Católica del Norte,10282-LICENCIATURA EN LENGUA CASTELLANA,Femenino,2010-2,2023,Dependiente,Administración pública y defensa; planes de seguridad social de afiliación obligatoria,5,5,,"100,0%",NaN
2732-Fundación Universitaria Católica del Norte,10282-LICENCIATURA EN LENGUA CASTELLANA,Femenino,2010-2,2023,No cotizante,SIN DATO,2,0,,"0,0%",NaN
2732-Fundación Universitaria Católica del Norte,10282-LICENCIATURA EN LENGUA CASTELLANA,Masculino,2010-2,2016,Dependiente,Administración pública y defensa; planes de seguridad social de afiliación obligatoria,3,3,,"100,0%",$1.699.667
2732-Fundación Universitaria Católica del Norte,10282-LICENCIATURA EN LENGUA CASTELLANA,Masculino,2010-2,2017,Dependiente,Otras actividades de servicios,1,1,,"100,0%",NaN
2732-Fundación Universitaria Católica del Norte,10282-LICENCIATURA EN LENGUA CASTELLANA,Masculino,2010-2,2017,Dependiente,Sin información,1,1,,"100,0%",NaN
2732-Fundación Universitaria Católica del Norte,10282-LICENCIATURA EN LENGUA CASTELLANA,Masculino,2010-2,2018,Dependiente,Sin información,1,1,,"100,0%",NaN
2732-Fundación Universitaria Católica del Norte,10282-LICENCIATURA EN LENGUA CASTELLANA,Masculino,2010-2,2019,Dependiente,Educación,1,1,,"100,0%",NaN
2732-Fundación Universitaria Católica del Norte,10282-LICENCIATURA EN LENGUA CASTELLANA,Masculino,2010-2,2020,Dependiente,Educación,1,1,,"100,0%",NaN
2732-Fundación Universitaria Católica del Norte,10282-LICENCIATURA EN LENGUA CASTELLANA,Masculino,2010-2,2021,Dependiente,Educación,1,1,,"100,0%",NaN
2732-Fundación Universitaria Católica del Norte,10282-LICENCIATURA EN LENGUA CASTELLANA,Masculino,2010-2,2022,Dependiente,Educación,1,1,,"100,0%",NaN
2732-Fundación Universitaria Católica del Norte,10282-LICENCIATURA EN LENGUA CASTELLANA,Masculino,2010-2,2023,Dependiente,Educación,1,1,,"100,0%",NaN
2732-Fundación Universitaria Católica del Norte,6687-PSICOLOGIA,Femenino,2010-2,2016,Dependiente,Actividades financieras y de seguros,1,1,,"100,0%",$7.899.000
2732-Fundación Universitaria Católica del Norte,6687-PSICOLOGIA,Femenino,2010-2,2016,Dependiente,Comercio al por mayor y al por menor; reparación de vehículos automotores y motocicletas,1,1,,"100,0%",$1.549.000
2732-Fundación Universitaria Católica del Norte,6687-PSICOLOGIA,Femenino,2010-2,2016,Dependiente,Educación,1,1,,"100,0%",$689.500
2732-Fundación Universitaria Católica del Norte,6687-PSICOLOGIA,Femenino,2010-2,2016,Dependiente,Información y comunicaciones,2,2,,"100,0%",$1.020.228
2732-Fundación Universitaria Católica del Norte,6687-PSICOLOGIA,Femenino,2010-2,2016,Independiente,Actividades inmobiliarias,1,1,,"100,0%",NaN
2732-Fundación Universitaria Católica del Norte,6687-PSICOLOGIA,Femenino,2010-2,2016,Independiente,Sin información,1,1,,"100,0%",NaN
2732-Fundación Universitaria Católica del Norte,6687-PSICOLOGIA,Femenino,2010-2,2016,No cotizante,Sin información,3,0,,"0,0%",NaN
2732-Fundación Universitaria Católica del Norte,6687-PSICOLOGIA,Femenino,2010-2,2017,Dependiente,Comercio al por mayor y al por menor; reparación de vehículos automotores y motocicletas,2,2,,"100,0%",NaN
2732-Fundación Universitaria Católica del Norte,6687-PSICOLOGIA,Femenino,2010-2,2017,Dependiente,Educación,1,1,,"100,0%",NaN
2732-Fundación Universitaria Católica del Norte,6687-PSICOLOGIA,Femenino,2010-2,2017,Dependiente,Sin información,1,1,,"100,0%",NaN
2732-Fundación Universitaria Católica del Norte,6687-PSICOLOGIA,Femenino,2010-2,2017,Independiente,"Actividades profesionales, científicas y técnicas",2,2,,"100,0%",NaN
2732-Fundación Universitaria Católica del Norte,6687-PSICOLOGIA,Femenino,2010-2,2017,Independiente,Sin información,1,1,,"100,0%",NaN
2732-Fundación Universitaria Católica del Norte,6687-PSICOLOGIA,Femenino,2010-2,2017,No cotizante,Sin información,2,0,,"0,0%",NaN
2732-Fundación Universitaria Católica del Norte,6687-PSICOLOGIA,Femenino,2010-2,2018,Dependiente,Comercio al por mayor y al por menor; reparación de vehículos automotores y motocicletas,2,2,,"100,0%",NaN
2732-Fundación Universitaria Católica del Norte,6687-PSICOLOGIA,Femenino,2010-2,2018,Dependiente,Otras actividades de servicios,1,1,,"100,0%",NaN
2732-Fundación Universitaria Católica del Norte,6687-PSICOLOGIA,Femenino,2010-2,2018,Dependiente,Sin información,2,2,,"100,0%",NaN
2732-Fundación Universitaria Católica del Norte,6687-PSICOLOGIA,Femenino,2010-2,2018,Independiente,"Actividades profesionales, científicas y técnicas",1,1,,"100,0%",NaN
2732-Fundación Universitaria Católica del Norte,6687-PSICOLOGIA,Femenino,2010-2,2018,Independiente,Sin información,1,1,,"100,0%",NaN
2732-Fundación Universitaria Católica del Norte,6687-PSICOLOGIA,Femenino,2010-2,2018,No cotizante,Sin información,2,0,,"0,0%",NaN
2732-Fundación Universitaria Católica del Norte,6687-PSICOLOGIA,Femenino,2010-2,2019,Dependiente,Comercio al por mayor y al por menor; reparación de vehículos automotores y motocicletas,1,1,,"100,0%",NaN
2732-Fundación Universitaria Católica del Norte,6687-PSICOLOGIA,Femenino,2010-2,2019,Dependiente,Construccion,1,1,,"100,0%",NaN
2732-Fundación Universitaria Católica del Norte,6687-PSICOLOGIA,Femenino,2010-2,2019,Dependiente,Educación,1,1,,"100,0%",NaN
2732-Fundación Universitaria Católica del Norte,6687-PSICOLOGIA,Femenino,2010-2,2019,Independiente,"Actividades profesionales, científicas y técnicas",3,3,,"100,0%",NaN
2732-Fundación Universitaria Católica del Norte,6687-PSICOLOGIA,Femenino,2010-2,2019,No cotizante,Sin información,3,0,,"0,0%",NaN
2732-Fundación Universitaria Católica del Norte,6687-PSICOLOGIA,Femenino,2010-2,2020,Dependiente,"Actividades profesionales, científicas y técnicas",1,1,,"100,0%",NaN
2732-Fundación Universitaria Católica del Norte,6687-PSICOLOGIA,Femenino,2010-2,2020,Dependiente,Construccion,1,1,,"100,0%",NaN
2732-Fundación Universitaria Católica del Norte,6687-PSICOLOGIA,Femenino,2010-2,2020,Independiente,"Actividades profesionales, científicas y técnicas",3,3,,"100,0%",NaN
2732-Fundación Universitaria Católica del Norte,6687-PSICOLOGIA,Femenino,2010-2,2020,No cotizante,Sin información,5,0,,"0,0%",NaN
2732-Fundación Universitaria Católica del Norte,6687-PSICOLOGIA,Femenino,2010-2,2021,Dependiente,Actividades de atención de la salud humana y de asistencia social,1,1,,"100,0%",NaN
2732-Fundación Universitaria Católica del Norte,6687-PSICOLOGIA,Femenino,2010-2,2021,Dependiente,"Actividades profesionales, científicas y técnicas",2,2,,"100,0%",NaN
2732-Fundación Universitaria Católica del Norte,6687-PSICOLOGIA,Femenino,2010-2,2021,Dependiente,Construccion,1,1,,"100,0%",NaN
2732-Fundación Universitaria Católica del Norte,6687-PSICOLOGIA,Femenino,2010-2,2021,Independiente,"Actividades profesionales, científicas y técnicas",1,1,,"100,0%",NaN
2732-Fundación Universitaria Católica del Norte,6687-PSICOLOGIA,Femenino,2010-2,2021,No cotizante,Sin información,4,0,,"0,0%",NaN
2732-Fundación Universitaria Católica del Norte,6687-PSICOLOGIA,Femenino,2010-2,2022,Dependiente,Actividades de atención de la salud humana y de asistencia social,1,1,,"100,0%",NaN
2732-Fundación Universitaria Católica del Norte,6687-PSICOLOGIA,Femenino,2010-2,2022,Dependiente,"Actividades profesionales, científicas y técnicas",1,1,,"100,0%",NaN
2732-Fundación Universitaria Católica del Norte,6687-PSICOLOGIA,Femenino,2010-2,2022,Dependiente,Otras actividades de servicios,1,1,,"100,0%",NaN
2732-Fundación Universitaria Católica del Norte,6687-PSICOLOGIA,Femenino,2010-2,2022,Independiente,"Actividades profesionales, científicas y técnicas",1,1,,"100,0%",NaN
2732-Fundación Universitaria Católica del Norte,6687-PSICOLOGIA,Femenino,2010-2,2022,No cotizante,SIN DATO,5,0,,"0,0%",NaN
2732-Fundación Universitaria Católica del Norte,6687-PSICOLOGIA,Femenino,2010-2,2023,Independiente,"Actividades profesionales, científicas y técnicas",1,1,,"100,0%",NaN
2732-Fundación Universitaria Católica del Norte,6687-PSICOLOGIA,Femenino,2010-2,2023,Independiente,Comercio al por mayor y al por menor; reparación de vehículos automotores y motocicletas,1,1,,"100,0%",NaN
2732-Fundación Universitaria Católica del Norte,6687-PSICOLOGIA,Femenino,2010-2,2023,No cotizante,SIN DATO,7,0,,"0,0%",NaN
2732-Fundación Universitaria Católica del Norte,6687-PSICOLOGIA,Masculino,2010-2,2016,Dependiente,Construccion,1,1,,"100,0%",$690.000
2732-Fundación Universitaria Católica del Norte,6687-PSICOLOGIA,Masculino,2010-2,2016,Dependiente,Educación,1,1,,"100,0%",$2.319.000
2732-Fundación Universitaria Católica del Norte,6687-PSICOLOGIA,Masculino,2010-2,2016,Dependiente,Información y comunicaciones,1,1,,"100,0%",$689.455
2732-Fundación Universitaria Católica del Norte,6687-PSICOLOGIA,Masculino,2010-2,2016,Dependiente,Sin información,1,1,,"100,0%",$1.392.000
2732-Fundación Universitaria Católica del Norte,6687-PSICOLOGIA,Masculino,2010-2,2017,Dependiente,Actividades de servicios administrativos y de apoyo,1,1,,"100,0%",NaN
2732-Fundación Universitaria Católica del Norte,6687-PSICOLOGIA,Masculino,2010-2,2017,Dependiente,Otras actividades de servicios,1,1,,"100,0%",NaN
2732-Fundación Universitaria Católica del Norte,6687-PSICOLOGIA,Masculino,2010-2,2017,Dependiente,Sin información,1,1,,"100,0%",NaN
2732-Fundación Universitaria Católica del Norte,6687-PSICOLOGIA,Masculino,2010-2,2018,Dependiente,Actividades de servicios administrativos y de apoyo,1,1,,"100,0%",NaN
2732-Fundación Universitaria Católica del Norte,6687-PSICOLOGIA,Masculino,2010-2,2018,Dependiente,Otras actividades de servicios,1,1,,"100,0%",NaN
2732-Fundación Universitaria Católica del Norte,6687-PSICOLOGIA,Masculino,2010-2,2018,No cotizante,Sin información,1,0,,"0,0%",NaN
2732-Fundación Universitaria Católica del Norte,6687-PSICOLOGIA,Masculino,2010-2,2019,Dependiente,Actividades de servicios administrativos y de apoyo,1,1,,"100,0%",NaN
2732-Fundación Universitaria Católica del Norte,6687-PSICOLOGIA,Masculino,2010-2,2019,Dependiente,Otras actividades de servicios,1,1,,"100,0%",NaN
2732-Fundación Universitaria Católica del Norte,6687-PSICOLOGIA,Masculino,2010-2,2019,Independiente,Comercio al por mayor y al por menor; reparación de vehículos automotores y motocicletas,1,1,,"100,0%",NaN
2732-Fundación Universitaria Católica del Norte,6687-PSICOLOGIA,Masculino,2010-2,2020,Dependiente,Otras actividades de servicios,1,1,,"100,0%",NaN
2732-Fundación Universitaria Católica del Norte,6687-PSICOLOGIA,Masculino,2010-2,2020,Independiente,Administración pública y defensa; planes de seguridad social de afiliación obligatoria,1,1,,"100,0%",NaN
2732-Fundación Universitaria Católica del Norte,6687-PSICOLOGIA,Masculino,2010-2,2020,Independiente,Comercio al por mayor y al por menor; reparación de vehículos automotores y motocicletas,1,1,,"100,0%",NaN
2732-Fundación Universitaria Católica del Norte,6687-PSICOLOGIA,Masculino,2010-2,2021,Dependiente,Otras actividades de servicios,1,1,,"100,0%",NaN
2732-Fundación Universitaria Católica del Norte,6687-PSICOLOGIA,Masculino,2010-2,2021,Independiente,Administración pública y defensa; planes de seguridad social de afiliación obligatoria,1,1,,"100,0%",NaN
2732-Fundación Universitaria Católica del Norte,6687-PSICOLOGIA,Masculino,2010-2,2021,Independiente,Comercio al por mayor y al por menor; reparación de vehículos automotores y motocicletas,1,1,,"100,0%",NaN
2732-Fundación Universitaria Católica del Norte,6687-PSICOLOGIA,Masculino,2010-2,2022,Dependiente,Otras actividades de servicios,1,1,,"100,0%",NaN
2732-Fundación Universitaria Católica del Norte,6687-PSICOLOGIA,Masculino,2010-2,2022,Independiente,Administración pública y defensa; planes de seguridad social de afiliación obligatoria,1,1,,"100,0%",NaN
2732-Fundación Universitaria Católica del Norte,6687-PSICOLOGIA,Masculino,2010-2,2022,Independiente,Comercio al por mayor y al por menor; reparación de vehículos automotores y motocicletas,1,1,,"100,0%",NaN
2732-Fundación Universitaria Católica del Norte,6687-PSICOLOGIA,Masculino,2010-2,2023,Dependiente,Otras actividades de servicios,1,1,,"100,0%",NaN
2732-Fundación Universitaria Católica del Norte,6687-PSICOLOGIA,Masculino,2010-2,2023,Independiente,Comercio al por mayor y al por menor; reparación de vehículos automotores y motocicletas,1,1,,"100,0%",NaN
2732-Fundación Universitaria Católica del Norte,6687-PSICOLOGIA,Masculino,2010-2,2023,No cotizante,SIN DATO,1,0,,"0,0%",NaN
2732-Fundación Universitaria Católica del Norte,53569-TECNICA PROFESIONAL EN ESTABLECIMIENTO Y APROVECHAMIENTO DE PLANTACIONES FORESTALES,Femenino,2010-2,2016,No cotizante,Sin información,1,0,,"0,0%",NaN
2732-Fundación Universitaria Católica del Norte,53569-TECNICA PROFESIONAL EN ESTABLECIMIENTO Y APROVECHAMIENTO DE PLANTACIONES FORESTALES,Femenino,2010-2,2017,No cotizante,Sin información,1,0,,"0,0%",NaN
2732-Fundación Universitaria Católica del Norte,53569-TECNICA PROFESIONAL EN ESTABLECIMIENTO Y APROVECHAMIENTO DE PLANTACIONES FORESTALES,Femenino,2010-2,2018,No cotizante,Sin información,1,0,,"0,0%",NaN
2732-Fundación Universitaria Católica del Norte,53569-TECNICA PROFESIONAL EN ESTABLECIMIENTO Y APROVECHAMIENTO DE PLANTACIONES FORESTALES,Femenino,2010-2,2019,No cotizante,Sin información,1,0,,"0,0%",NaN
2732-Fundación Universitaria Católica del Norte,53569-TECNICA PROFESIONAL EN ESTABLECIMIENTO Y APROVECHAMIENTO DE PLANTACIONES FORESTALES,Femenino,2010-2,2020,No cotizante,Sin información,1,0,,"0,0%",NaN
2732-Fundación Universitaria Católica del Norte,53569-TECNICA PROFESIONAL EN ESTABLECIMIENTO Y APROVECHAMIENTO DE PLANTACIONES FORESTALES,Femenino,2010-2,2021,No cotizante,Sin información,1,0,,"0,0%",NaN
2732-Fundación Universitaria Católica del Norte,53569-TECNICA PROFESIONAL EN ESTABLECIMIENTO Y APROVECHAMIENTO DE PLANTACIONES FORESTALES,Femenino,2010-2,2022,No cotizante,SIN DATO,1,0,,"0,0%",NaN
2732-Fundación Universitaria Católica del Norte,53569-TECNICA PROFESIONAL EN ESTABLECIMIENTO Y APROVECHAMIENTO DE PLANTACIONES FORESTALES,Femenino,2010-2,2023,No cotizante,SIN DATO,1,0,,"0,0%",NaN
2732-Fundación Universitaria Católica del Norte,53569-TECNICA PROFESIONAL EN ESTABLECIMIENTO Y APROVECHAMIENTO DE PLANTACIONES FORESTALES,Masculino,2010-2,2016,Dependiente,Sin información,1,1,,"100,0%",$1.598.000
2732-Fundación Universitaria Católica del Norte,53569-TECNICA PROFESIONAL EN ESTABLECIMIENTO Y APROVECHAMIENTO DE PLANTACIONES FORESTALES,Masculino,2010-2,2017,Dependiente,Sin información,1,1,,"100,0%",NaN
2732-Fundación Universitaria Católica del Norte,53569-TECNICA PROFESIONAL EN ESTABLECIMIENTO Y APROVECHAMIENTO DE PLANTACIONES FORESTALES,Masculino,2010-2,2018,Dependiente,Sin información,1,1,,"100,0%",NaN
2732-Fundación Universitaria Católica del Norte,53569-TECNICA PROFESIONAL EN ESTABLECIMIENTO Y APROVECHAMIENTO DE PLANTACIONES FORESTALES,Masculino,2010-2,2019,Dependiente,Sin información,1,1,,"100,0%",NaN
2732-Fundación Universitaria Católica del Norte,53569-TECNICA PROFESIONAL EN ESTABLECIMIENTO Y APROVECHAMIENTO DE PLANTACIONES FORESTALES,Masculino,2010-2,2020,Dependiente,Otras actividades de servicios,1,1,,"100,0%",NaN
2732-Fundación Universitaria Católica del Norte,53569-TECNICA PROFESIONAL EN ESTABLECIMIENTO Y APROVECHAMIENTO DE PLANTACIONES FORESTALES,Masculino,2010-2,2021,Dependiente,Otras actividades de servicios,1,1,,"100,0%",NaN
2732-Fundación Universitaria Católica del Norte,53569-TECNICA PROFESIONAL EN ESTABLECIMIENTO Y APROVECHAMIENTO DE PLANTACIONES FORESTALES,Masculino,2010-2,2022,Dependiente,Otras actividades de servicios,1,1,,"100,0%",NaN
2732-Fundación Universitaria Católica del Norte,53569-TECNICA PROFESIONAL EN ESTABLECIMIENTO Y APROVECHAMIENTO DE PLANTACIONES FORESTALES,Masculino,2010-2,2023,Dependiente,Otras actividades de servicios,1,1,,"100,0%",NaN
2732-Fundación Universitaria Católica del Norte,53568-TECNICA PROFESIONAL EN PRODUCCION AGROINDUSTRIAL DE ALIMENTOS,Femenino,2010-2,2016,No cotizante,Sin información,1,0,,"0,0%",NaN
2732-Fundación Universitaria Católica del Norte,53568-TECNICA PROFESIONAL EN PRODUCCION AGROINDUSTRIAL DE ALIMENTOS,Femenino,2010-2,2017,No cotizante,Sin información,1,0,,"0,0%",NaN
2732-Fundación Universitaria Católica del Norte,53568-TECNICA PROFESIONAL EN PRODUCCION AGROINDUSTRIAL DE ALIMENTOS,Femenino,2010-2,2018,No cotizante,Sin información,1,0,,"0,0%",NaN
2732-Fundación Universitaria Católica del Norte,53568-TECNICA PROFESIONAL EN PRODUCCION AGROINDUSTRIAL DE ALIMENTOS,Femenino,2010-2,2019,No cotizante,Sin información,1,0,,"0,0%",NaN
2732-Fundación Universitaria Católica del Norte,53568-TECNICA PROFESIONAL EN PRODUCCION AGROINDUSTRIAL DE ALIMENTOS,Femenino,2010-2,2020,No cotizante,Sin información,1,0,,"0,0%",NaN
2732-Fundación Universitaria Católica del Norte,53568-TECNICA PROFESIONAL EN PRODUCCION AGROINDUSTRIAL DE ALIMENTOS,Femenino,2010-2,2021,No cotizante,Sin información,1,0,,"0,0%",NaN
2732-Fundación Universitaria Católica del Norte,53568-TECNICA PROFESIONAL EN PRODUCCION AGROINDUSTRIAL DE ALIMENTOS,Femenino,2010-2,2022,No cotizante,SIN DATO,1,0,,"0,0%",NaN
2732-Fundación Universitaria Católica del Norte,53568-TECNICA PROFESIONAL EN PRODUCCION AGROINDUSTRIAL DE ALIMENTOS,Femenino,2010-2,2023,No cotizante,SIN DATO,1,0,,"0,0%",NaN
2732-Fundación Universitaria Católica del Norte,53568-TECNICA PROFESIONAL EN PRODUCCION AGROINDUSTRIAL DE ALIMENTOS,Masculino,2010-2,2016,Dependiente,Administración pública y defensa; planes de seguridad social de afiliación obligatoria,1,1,,"100,0%",$1.173.000
2732-Fundación Universitaria Católica del Norte,53568-TECNICA PROFESIONAL EN PRODUCCION AGROINDUSTRIAL DE ALIMENTOS,Masculino,2010-2,2017,Dependiente,Administración pública y defensa; planes de seguridad social de afiliación obligatoria,1,1,,"100,0%",NaN
2732-Fundación Universitaria Católica del Norte,53568-TECNICA PROFESIONAL EN PRODUCCION AGROINDUSTRIAL DE ALIMENTOS,Masculino,2010-2,2018,Dependiente,Administración pública y defensa; planes de seguridad social de afiliación obligatoria,1,1,,"100,0%",NaN
2732-Fundación Universitaria Católica del Norte,6574-ZOOTECNIA,Masculino,2010-2,2016,Dependiente,"Agricultura, ganadería, caza, silvicultura y pesca",1,1,,"100,0%",$1.637.000
2732-Fundación Universitaria Católica del Norte,6574-ZOOTECNIA,Masculino,2010-2,2016,Dependiente,Otras actividades de servicios,1,1,,"100,0%",$3.124.000
2732-Fundación Universitaria Católica del Norte,6574-ZOOTECNIA,Masculino,2010-2,2016,Dependiente,Sin información,1,1,,"100,0%",$1.657.000
2732-Fundación Universitaria Católica del Norte,6574-ZOOTECNIA,Masculino,2010-2,2016,Independiente,Sin información,1,1,,"100,0%",NaN
2732-Fundación Universitaria Católica del Norte,6574-ZOOTECNIA,Masculino,2010-2,2017,Dependiente,Administración pública y defensa; planes de seguridad social de afiliación obligatoria,1,1,,"100,0%",NaN
2732-Fundación Universitaria Católica del Norte,6574-ZOOTECNIA,Masculino,2010-2,2017,Dependiente,"Agricultura, ganadería, caza, silvicultura y pesca",1,1,,"100,0%",NaN
2732-Fundación Universitaria Católica del Norte,6574-ZOOTECNIA,Masculino,2010-2,2017,Dependiente,Otras actividades de servicios,1,1,,"100,0%",NaN
2732-Fundación Universitaria Católica del Norte,6574-ZOOTECNIA,Masculino,2010-2,2017,Independiente,Sin información,1,1,,"100,0%",NaN
2732-Fundación Universitaria Católica del Norte,6574-ZOOTECNIA,Masculino,2010-2,2018,Dependiente,Administración pública y defensa; planes de seguridad social de afiliación obligatoria,1,1,,"100,0%",NaN
2732-Fundación Universitaria Católica del Norte,6574-ZOOTECNIA,Masculino,2010-2,2018,Dependiente,"Agricultura, ganadería, caza, silvicultura y pesca",1,1,,"100,0%",NaN
2732-Fundación Universitaria Católica del Norte,6574-ZOOTECNIA,Masculino,2010-2,2018,Dependiente,Otras actividades de servicios,1,1,,"100,0%",NaN
2732-Fundación Universitaria Católica del Norte,6574-ZOOTECNIA,Masculino,2010-2,2018,Independiente,Sin información,1,1,,"100,0%",NaN
2732-Fundación Universitaria Católica del Norte,6574-ZOOTECNIA,Masculino,2010-2,2019,Dependiente,Administración pública y defensa; planes de seguridad social de afiliación obligatoria,1,1,,"100,0%",NaN
2732-Fundación Universitaria Católica del Norte,6574-ZOOTECNIA,Masculino,2010-2,2019,Dependiente,"Agricultura, ganadería, caza, silvicultura y pesca",1,1,,"100,0%",NaN
2732-Fundación Universitaria Católica del Norte,6574-ZOOTECNIA,Masculino,2010-2,2019,Dependiente,Otras actividades de servicios,1,1,,"100,0%",NaN
2732-Fundación Universitaria Católica del Norte,6574-ZOOTECNIA,Masculino,2010-2,2019,Independiente,Sin información,1,1,,"100,0%",NaN
2732-Fundación Universitaria Católica del Norte,6574-ZOOTECNIA,Masculino,2010-2,2020,Dependiente,Administración pública y defensa; planes de seguridad social de afiliación obligatoria,1,1,,"100,0%",NaN
2732-Fundación Universitaria Católica del Norte,6574-ZOOTECNIA,Masculino,2010-2,2020,Dependiente,"Agricultura, ganadería, caza, silvicultura y pesca",1,1,,"100,0%",NaN
2732-Fundación Universitaria Católica del Norte,6574-ZOOTECNIA,Masculino,2010-2,2020,Dependiente,Otras actividades de servicios,1,1,,"100,0%",NaN
2732-Fundación Universitaria Católica del Norte,6574-ZOOTECNIA,Masculino,2010-2,2021,Dependiente,"Agricultura, ganadería, caza, silvicultura y pesca",1,1,,"100,0%",NaN
2732-Fundación Universitaria Católica del Norte,6574-ZOOTECNIA,Masculino,2010-2,2021,Dependiente,Otras actividades de servicios,1,1,,"100,0%",NaN
2732-Fundación Universitaria Católica del Norte,6574-ZOOTECNIA,Masculino,2010-2,2022,Dependiente,"Agricultura, ganadería, caza, silvicultura y pesca",1,1,,"100,0%",NaN
2732-Fundación Universitaria Católica del Norte,6574-ZOOTECNIA,Masculino,2010-2,2022,Dependiente,Otras actividades de servicios,1,1,,"100,0%",NaN
2732-Fundación Universitaria Católica del Norte,6574-ZOOTECNIA,Masculino,2010-2,2023,Dependiente,"Agricultura, ganadería, caza, silvicultura y pesca",1,1,,"100,0%",NaN
2732-Fundación Universitaria Católica del Norte,6574-ZOOTECNIA,Masculino,2010-2,2023,Dependiente,Otras actividades de servicios,1,1,,"100,0%",NaN
2721-Fundación Universitaria María Cano,53710-NEGOCIOS INTERNACIONALES,Femenino,2010-2,2017,Dependiente,Actividades financieras y de seguros,2,2,,"100,0%",NaN
2721-Fundación Universitaria María Cano,53710-NEGOCIOS INTERNACIONALES,Femenino,2010-2,2017,Dependiente,Sin información,1,1,,"100,0%",NaN
2721-Fundación Universitaria María Cano,53710-NEGOCIOS INTERNACIONALES,Femenino,2010-2,2017,Dependiente,Transporte y almacenamiento,1,1,,"100,0%",NaN
2721-Fundación Universitaria María Cano,53710-NEGOCIOS INTERNACIONALES,Femenino,2010-2,2018,Dependiente,Actividades financieras y de seguros,2,2,,"100,0%",NaN
2721-Fundación Universitaria María Cano,53710-NEGOCIOS INTERNACIONALES,Femenino,2010-2,2018,Dependiente,Otras actividades de servicios,1,1,,"100,0%",NaN
2721-Fundación Universitaria María Cano,53710-NEGOCIOS INTERNACIONALES,Femenino,2010-2,2018,Dependiente,Transporte y almacenamiento,1,1,,"100,0%",NaN
2721-Fundación Universitaria María Cano,53710-NEGOCIOS INTERNACIONALES,Femenino,2010-2,2019,Dependiente,Actividades financieras y de seguros,1,1,,"100,0%",NaN
2721-Fundación Universitaria María Cano,53710-NEGOCIOS INTERNACIONALES,Femenino,2010-2,2019,Dependiente,Administración pública y defensa; planes de seguridad social de afiliación obligatoria,1,1,,"100,0%",NaN
2721-Fundación Universitaria María Cano,53710-NEGOCIOS INTERNACIONALES,Femenino,2010-2,2019,Dependiente,Otras actividades de servicios,1,1,,"100,0%",NaN
2721-Fundación Universitaria María Cano,53710-NEGOCIOS INTERNACIONALES,Femenino,2010-2,2020,Dependiente,Actividades de servicios administrativos y de apoyo,1,1,,"100,0%",NaN
2721-Fundación Universitaria María Cano,53710-NEGOCIOS INTERNACIONALES,Femenino,2010-2,2020,Dependiente,Actividades financieras y de seguros,1,1,,"100,0%",NaN
2721-Fundación Universitaria María Cano,53710-NEGOCIOS INTERNACIONALES,Femenino,2010-2,2020,Dependiente,Administración pública y defensa; planes de seguridad social de afiliación obligatoria,1,1,,"100,0%",NaN
2721-Fundación Universitaria María Cano,53710-NEGOCIOS INTERNACIONALES,Femenino,2010-2,2021,Dependiente,Actividades de servicios administrativos y de apoyo,1,1,,"100,0%",NaN
2721-Fundación Universitaria María Cano,53710-NEGOCIOS INTERNACIONALES,Femenino,2010-2,2021,Dependiente,Administración pública y defensa; planes de seguridad social de afiliación obligatoria,1,1,,"100,0%",NaN
2721-Fundación Universitaria María Cano,53710-NEGOCIOS INTERNACIONALES,Femenino,2010-2,2022,Dependiente,Actividades de servicios administrativos y de apoyo,1,1,,"100,0%",NaN
2721-Fundación Universitaria María Cano,53710-NEGOCIOS INTERNACIONALES,Femenino,2010-2,2022,Dependiente,Administración pública y defensa; planes de seguridad social de afiliación obligatoria,1,1,,"100,0%",NaN
2721-Fundación Universitaria María Cano,53710-NEGOCIOS INTERNACIONALES,Femenino,2010-2,2023,Dependiente,Actividades de servicios administrativos y de apoyo,1,1,,"100,0%",NaN
2721-Fundación Universitaria María Cano,53710-NEGOCIOS INTERNACIONALES,Femenino,2010-2,2023,Dependiente,Administración pública y defensa; planes de seguridad social de afiliación obligatoria,1,1,,"100,0%",NaN
2728-Fundación Universitaria del Área Andina,9757-ESPECIALIZACION EN AUDITORIA EN SALUD,Femenino,2010-2,2017,Dependiente,Actividades de organizaciones y entidades extraterritoriales,1,1,,"100,0%",NaN
2728-Fundación Universitaria del Área Andina,9757-ESPECIALIZACION EN AUDITORIA EN SALUD,Femenino,2010-2,2017,Dependiente,"Actividades profesionales, científicas y técnicas",1,1,,"100,0%",NaN
2728-Fundación Universitaria del Área Andina,9757-ESPECIALIZACION EN AUDITORIA EN SALUD,Femenino,2010-2,2017,Dependiente,Educación,1,1,,"100,0%",NaN
2728-Fundación Universitaria del Área Andina,9757-ESPECIALIZACION EN AUDITORIA EN SALUD,Femenino,2010-2,2017,Independiente,"Actividades profesionales, científicas y técnicas",1,1,,"100,0%",NaN
2728-Fundación Universitaria del Área Andina,9757-ESPECIALIZACION EN AUDITORIA EN SALUD,Femenino,2010-2,2018,Dependiente,Actividades de organizaciones y entidades extraterritoriales,1,1,,"100,0%",NaN
2728-Fundación Universitaria del Área Andina,9757-ESPECIALIZACION EN AUDITORIA EN SALUD,Femenino,2010-2,2018,Dependiente,Educación,1,1,,"100,0%",NaN
2728-Fundación Universitaria del Área Andina,9757-ESPECIALIZACION EN AUDITORIA EN SALUD,Femenino,2010-2,2018,Independiente,"Actividades profesionales, científicas y técnicas",1,1,,"100,0%",NaN
2728-Fundación Universitaria del Área Andina,9757-ESPECIALIZACION EN AUDITORIA EN SALUD,Femenino,2010-2,2019,Dependiente,Actividades de organizaciones y entidades extraterritoriales,2,2,,"100,0%",NaN
2728-Fundación Universitaria del Área Andina,9757-ESPECIALIZACION EN AUDITORIA EN SALUD,Femenino,2010-2,2019,Independiente,"Actividades profesionales, científicas y técnicas",1,1,,"100,0%",NaN
2728-Fundación Universitaria del Área Andina,9757-ESPECIALIZACION EN AUDITORIA EN SALUD,Femenino,2010-2,2020,Dependiente,Actividades de atención de la salud humana y de asistencia social,1,1,,"100,0%",NaN
2728-Fundación Universitaria del Área Andina,9757-ESPECIALIZACION EN AUDITORIA EN SALUD,Femenino,2010-2,2020,Independiente,"Actividades profesionales, científicas y técnicas",1,1,,"100,0%",NaN
2728-Fundación Universitaria del Área Andina,9757-ESPECIALIZACION EN AUDITORIA EN SALUD,Femenino,2010-2,2020,Independiente,Administración pública y defensa; planes de seguridad social de afiliación obligatoria,1,1,,"100,0%",NaN
2728-Fundación Universitaria del Área Andina,9757-ESPECIALIZACION EN AUDITORIA EN SALUD,Femenino,2010-2,2021,Dependiente,Actividades de atención de la salud humana y de asistencia social,2,2,,"100,0%",NaN
2728-Fundación Universitaria del Área Andina,9757-ESPECIALIZACION EN AUDITORIA EN SALUD,Femenino,2010-2,2021,Independiente,"Actividades profesionales, científicas y técnicas",1,1,,"100,0%",NaN
2728-Fundación Universitaria del Área Andina,9757-ESPECIALIZACION EN AUDITORIA EN SALUD,Femenino,2010-2,2022,Dependiente,Actividades de atención de la salud humana y de asistencia social,2,2,,"100,0%",NaN
2728-Fundación Universitaria del Área Andina,9757-ESPECIALIZACION EN AUDITORIA EN SALUD,Femenino,2010-2,2022,Independiente,"Actividades profesionales, científicas y técnicas",1,1,,"100,0%",NaN
2728-Fundación Universitaria del Área Andina,9757-ESPECIALIZACION EN AUDITORIA EN SALUD,Femenino,2010-2,2023,Dependiente,Actividades de atención de la salud humana y de asistencia social,2,2,,"100,0%",NaN
2728-Fundación Universitaria del Área Andina,9757-ESPECIALIZACION EN AUDITORIA EN SALUD,Femenino,2010-2,2023,Independiente,"Actividades profesionales, científicas y técnicas",1,1,,"100,0%",NaN
2728-Fundación Universitaria del Área Andina,9757-ESPECIALIZACION EN AUDITORIA EN SALUD,Masculino,2010-2,2017,Dependiente,Educación,1,1,,"100,0%",NaN
2728-Fundación Universitaria del Área Andina,9757-ESPECIALIZACION EN AUDITORIA EN SALUD,Masculino,2010-2,2018,Dependiente,Educación,1,1,,"100,0%",NaN
2728-Fundación Universitaria del Área Andina,9757-ESPECIALIZACION EN AUDITORIA EN SALUD,Masculino,2010-2,2019,Dependiente,Educación,1,1,,"100,0%",NaN
2728-Fundación Universitaria del Área Andina,9757-ESPECIALIZACION EN AUDITORIA EN SALUD,Masculino,2010-2,2020,Independiente,"Actividades profesionales, científicas y técnicas",1,1,,"100,0%",NaN
2728-Fundación Universitaria del Área Andina,9757-ESPECIALIZACION EN AUDITORIA EN SALUD,Masculino,2010-2,2021,Independiente,"Actividades profesionales, científicas y técnicas",1,1,,"100,0%",NaN
2728-Fundación Universitaria del Área Andina,9757-ESPECIALIZACION EN AUDITORIA EN SALUD,Masculino,2010-2,2022,Independiente,"Actividades profesionales, científicas y técnicas",1,1,,"100,0%",NaN
2728-Fundación Universitaria del Área Andina,9757-ESPECIALIZACION EN AUDITORIA EN SALUD,Masculino,2010-2,2023,Independiente,"Actividades profesionales, científicas y técnicas",1,1,,"100,0%",NaN
2728-Fundación Universitaria del Área Andina,9756-ESPECIALIZACION EN GERENCIA EN SALUD OCUPACIONAL,Femenino,2010-2,2017,Dependiente,Actividades de atención de la salud humana y de asistencia social,2,2,,"100,0%",NaN
2728-Fundación Universitaria del Área Andina,9756-ESPECIALIZACION EN GERENCIA EN SALUD OCUPACIONAL,Femenino,2010-2,2017,Dependiente,Actividades de organizaciones y entidades extraterritoriales,1,1,,"100,0%",NaN
2728-Fundación Universitaria del Área Andina,9756-ESPECIALIZACION EN GERENCIA EN SALUD OCUPACIONAL,Femenino,2010-2,2017,Dependiente,"Actividades profesionales, científicas y técnicas",3,3,,"100,0%",NaN
2728-Fundación Universitaria del Área Andina,9756-ESPECIALIZACION EN GERENCIA EN SALUD OCUPACIONAL,Femenino,2010-2,2017,Dependiente,Construccion,1,1,,"100,0%",NaN
2728-Fundación Universitaria del Área Andina,9756-ESPECIALIZACION EN GERENCIA EN SALUD OCUPACIONAL,Femenino,2010-2,2017,Dependiente,Educación,2,2,,"100,0%",NaN
2728-Fundación Universitaria del Área Andina,9756-ESPECIALIZACION EN GERENCIA EN SALUD OCUPACIONAL,Femenino,2010-2,2017,Dependiente,Industrias manufactureras,1,1,,"100,0%",NaN
2728-Fundación Universitaria del Área Andina,9756-ESPECIALIZACION EN GERENCIA EN SALUD OCUPACIONAL,Femenino,2010-2,2017,Dependiente,Sin información,1,1,,"100,0%",NaN
2728-Fundación Universitaria del Área Andina,9756-ESPECIALIZACION EN GERENCIA EN SALUD OCUPACIONAL,Femenino,2010-2,2017,Dependiente,Transporte y almacenamiento,1,1,,"100,0%",NaN
2728-Fundación Universitaria del Área Andina,9756-ESPECIALIZACION EN GERENCIA EN SALUD OCUPACIONAL,Femenino,2010-2,2017,Independiente,"Actividades profesionales, científicas y técnicas",2,2,,"100,0%",NaN
2728-Fundación Universitaria del Área Andina,9756-ESPECIALIZACION EN GERENCIA EN SALUD OCUPACIONAL,Femenino,2010-2,2017,Independiente,Información y comunicaciones,1,1,,"100,0%",NaN
2728-Fundación Universitaria del Área Andina,9756-ESPECIALIZACION EN GERENCIA EN SALUD OCUPACIONAL,Femenino,2010-2,2017,Independiente,Sin información,1,1,,"100,0%",NaN
2728-Fundación Universitaria del Área Andina,9756-ESPECIALIZACION EN GERENCIA EN SALUD OCUPACIONAL,Femenino,2010-2,2017,No cotizante,Sin información,1,0,,"0,0%",NaN
2728-Fundación Universitaria del Área Andina,9756-ESPECIALIZACION EN GERENCIA EN SALUD OCUPACIONAL,Femenino,2010-2,2018,Dependiente,Actividades de atención de la salud humana y de asistencia social,1,1,,"100,0%",NaN
2728-Fundación Universitaria del Área Andina,9756-ESPECIALIZACION EN GERENCIA EN SALUD OCUPACIONAL,Femenino,2010-2,2018,Dependiente,Actividades de servicios administrativos y de apoyo,1,1,,"100,0%",NaN
2728-Fundación Universitaria del Área Andina,9756-ESPECIALIZACION EN GERENCIA EN SALUD OCUPACIONAL,Femenino,2010-2,2018,Dependiente,"Actividades profesionales, científicas y técnicas",3,3,,"100,0%",NaN
2728-Fundación Universitaria del Área Andina,9756-ESPECIALIZACION EN GERENCIA EN SALUD OCUPACIONAL,Femenino,2010-2,2018,Dependiente,Construccion,2,2,,"100,0%",NaN
2728-Fundación Universitaria del Área Andina,9756-ESPECIALIZACION EN GERENCIA EN SALUD OCUPACIONAL,Femenino,2010-2,2018,Dependiente,Educación,2,2,,"100,0%",NaN
2728-Fundación Universitaria del Área Andina,9756-ESPECIALIZACION EN GERENCIA EN SALUD OCUPACIONAL,Femenino,2010-2,2018,Dependiente,Explotación de minas y canteras,1,1,,"100,0%",NaN
2728-Fundación Universitaria del Área Andina,9756-ESPECIALIZACION EN GERENCIA EN SALUD OCUPACIONAL,Femenino,2010-2,2018,Dependiente,Sin información,2,2,,"100,0%",NaN
2728-Fundación Universitaria del Área Andina,9756-ESPECIALIZACION EN GERENCIA EN SALUD OCUPACIONAL,Femenino,2010-2,2018,Dependiente,Transporte y almacenamiento,1,1,,"100,0%",NaN
2728-Fundación Universitaria del Área Andina,9756-ESPECIALIZACION EN GERENCIA EN SALUD OCUPACIONAL,Femenino,2010-2,2018,Independiente,"Actividades profesionales, científicas y técnicas",1,1,,"100,0%",NaN
2728-Fundación Universitaria del Área Andina,9756-ESPECIALIZACION EN GERENCIA EN SALUD OCUPACIONAL,Femenino,2010-2,2018,Independiente,Información y comunicaciones,1,1,,"100,0%",NaN
2728-Fundación Universitaria del Área Andina,9756-ESPECIALIZACION EN GERENCIA EN SALUD OCUPACIONAL,Femenino,2010-2,2018,Independiente,Sin información,1,1,,"100,0%",NaN
2728-Fundación Universitaria del Área Andina,9756-ESPECIALIZACION EN GERENCIA EN SALUD OCUPACIONAL,Femenino,2010-2,2018,No cotizante,Sin información,1,0,,"0,0%",NaN
2728-Fundación Universitaria del Área Andina,9756-ESPECIALIZACION EN GERENCIA EN SALUD OCUPACIONAL,Femenino,2010-2,2019,Dependiente,Actividades de atención de la salud humana y de asistencia social,3,3,,"100,0%",NaN
2728-Fundación Universitaria del Área Andina,9756-ESPECIALIZACION EN GERENCIA EN SALUD OCUPACIONAL,Femenino,2010-2,2019,Dependiente,Actividades de servicios administrativos y de apoyo,1,1,,"100,0%",NaN
2728-Fundación Universitaria del Área Andina,9756-ESPECIALIZACION EN GERENCIA EN SALUD OCUPACIONAL,Femenino,2010-2,2019,Dependiente,"Actividades profesionales, científicas y técnicas",4,4,,"100,0%",NaN
2728-Fundación Universitaria del Área Andina,9756-ESPECIALIZACION EN GERENCIA EN SALUD OCUPACIONAL,Femenino,2010-2,2019,Dependiente,Administración pública y defensa; planes de seguridad social de afiliación obligatoria,1,1,,"100,0%",NaN
2728-Fundación Universitaria del Área Andina,9756-ESPECIALIZACION EN GERENCIA EN SALUD OCUPACIONAL,Femenino,2010-2,2019,Dependiente,Construccion,1,1,,"100,0%",NaN
2728-Fundación Universitaria del Área Andina,9756-ESPECIALIZACION EN GERENCIA EN SALUD OCUPACIONAL,Femenino,2010-2,2019,Dependiente,Educación,1,1,,"100,0%",NaN
2728-Fundación Universitaria del Área Andina,9756-ESPECIALIZACION EN GERENCIA EN SALUD OCUPACIONAL,Femenino,2010-2,2019,Independiente,Actividades de atención de la salud humana y de asistencia social,1,1,,"100,0%",NaN
2728-Fundación Universitaria del Área Andina,9756-ESPECIALIZACION EN GERENCIA EN SALUD OCUPACIONAL,Femenino,2010-2,2019,Independiente,"Actividades profesionales, científicas y técnicas",3,3,,"100,0%",NaN
2728-Fundación Universitaria del Área Andina,9756-ESPECIALIZACION EN GERENCIA EN SALUD OCUPACIONAL,Femenino,2010-2,2019,Independiente,Información y comunicaciones,1,1,,"100,0%",NaN
2728-Fundación Universitaria del Área Andina,9756-ESPECIALIZACION EN GERENCIA EN SALUD OCUPACIONAL,Femenino,2010-2,2019,Independiente,Sin información,1,1,,"100,0%",NaN
2728-Fundación Universitaria del Área Andina,9756-ESPECIALIZACION EN GERENCIA EN SALUD OCUPACIONAL,Femenino,2010-2,2020,Dependiente,Actividades de atención de la salud humana y de asistencia social,2,2,,"100,0%",NaN
2728-Fundación Universitaria del Área Andina,9756-ESPECIALIZACION EN GERENCIA EN SALUD OCUPACIONAL,Femenino,2010-2,2020,Dependiente,Actividades de servicios administrativos y de apoyo,2,2,,"100,0%",NaN
2728-Fundación Universitaria del Área Andina,9756-ESPECIALIZACION EN GERENCIA EN SALUD OCUPACIONAL,Femenino,2010-2,2020,Dependiente,Actividades financieras y de seguros,1,1,,"100,0%",NaN
2728-Fundación Universitaria del Área Andina,9756-ESPECIALIZACION EN GERENCIA EN SALUD OCUPACIONAL,Femenino,2010-2,2020,Dependiente,"Actividades profesionales, científicas y técnicas",5,5,,"100,0%",NaN
2728-Fundación Universitaria del Área Andina,9756-ESPECIALIZACION EN GERENCIA EN SALUD OCUPACIONAL,Femenino,2010-2,2020,Dependiente,Administración pública y defensa; planes de seguridad social de afiliación obligatoria,1,1,,"100,0%",NaN
2728-Fundación Universitaria del Área Andina,9756-ESPECIALIZACION EN GERENCIA EN SALUD OCUPACIONAL,Femenino,2010-2,2020,Independiente,Actividades de atención de la salud humana y de asistencia social,1,1,,"100,0%",NaN
2728-Fundación Universitaria del Área Andina,9756-ESPECIALIZACION EN GERENCIA EN SALUD OCUPACIONAL,Femenino,2010-2,2020,Independiente,Actividades de servicios administrativos y de apoyo,1,1,,"100,0%",NaN
2728-Fundación Universitaria del Área Andina,9756-ESPECIALIZACION EN GERENCIA EN SALUD OCUPACIONAL,Femenino,2010-2,2020,Independiente,"Actividades profesionales, científicas y técnicas",1,1,,"100,0%",NaN
2728-Fundación Universitaria del Área Andina,9756-ESPECIALIZACION EN GERENCIA EN SALUD OCUPACIONAL,Femenino,2010-2,2020,Independiente,Información y comunicaciones,1,1,,"100,0%",NaN
2728-Fundación Universitaria del Área Andina,9756-ESPECIALIZACION EN GERENCIA EN SALUD OCUPACIONAL,Femenino,2010-2,2020,No cotizante,Sin información,2,0,,"0,0%",NaN
2728-Fundación Universitaria del Área Andina,9756-ESPECIALIZACION EN GERENCIA EN SALUD OCUPACIONAL,Femenino,2010-2,2021,Dependiente,Actividades de atención de la salud humana y de asistencia social,3,3,,"100,0%",NaN
2728-Fundación Universitaria del Área Andina,9756-ESPECIALIZACION EN GERENCIA EN SALUD OCUPACIONAL,Femenino,2010-2,2021,Dependiente,Actividades de servicios administrativos y de apoyo,3,3,,"100,0%",NaN
2728-Fundación Universitaria del Área Andina,9756-ESPECIALIZACION EN GERENCIA EN SALUD OCUPACIONAL,Femenino,2010-2,2021,Dependiente,Actividades financieras y de seguros,1,1,,"100,0%",NaN
2728-Fundación Universitaria del Área Andina,9756-ESPECIALIZACION EN GERENCIA EN SALUD OCUPACIONAL,Femenino,2010-2,2021,Dependiente,"Actividades profesionales, científicas y técnicas",2,2,,"100,0%",NaN
2728-Fundación Universitaria del Área Andina,9756-ESPECIALIZACION EN GERENCIA EN SALUD OCUPACIONAL,Femenino,2010-2,2021,Dependiente,Administración pública y defensa; planes de seguridad social de afiliación obligatoria,1,1,,"100,0%",NaN
2728-Fundación Universitaria del Área Andina,9756-ESPECIALIZACION EN GERENCIA EN SALUD OCUPACIONAL,Femenino,2010-2,2021,Dependiente,Construccion,1,1,,"100,0%",NaN
2728-Fundación Universitaria del Área Andina,9756-ESPECIALIZACION EN GERENCIA EN SALUD OCUPACIONAL,Femenino,2010-2,2021,Independiente,Actividades de atención de la salud humana y de asistencia social,1,1,,"100,0%",NaN
2728-Fundación Universitaria del Área Andina,9756-ESPECIALIZACION EN GERENCIA EN SALUD OCUPACIONAL,Femenino,2010-2,2021,Independiente,Actividades de servicios administrativos y de apoyo,1,1,,"100,0%",NaN
2728-Fundación Universitaria del Área Andina,9756-ESPECIALIZACION EN GERENCIA EN SALUD OCUPACIONAL,Femenino,2010-2,2021,Independiente,"Actividades profesionales, científicas y técnicas",1,1,,"100,0%",NaN
2728-Fundación Universitaria del Área Andina,9756-ESPECIALIZACION EN GERENCIA EN SALUD OCUPACIONAL,Femenino,2010-2,2021,Independiente,Información y comunicaciones,1,1,,"100,0%",NaN
2728-Fundación Universitaria del Área Andina,9756-ESPECIALIZACION EN GERENCIA EN SALUD OCUPACIONAL,Femenino,2010-2,2021,No cotizante,Sin información,3,0,,"0,0%",NaN
2728-Fundación Universitaria del Área Andina,9756-ESPECIALIZACION EN GERENCIA EN SALUD OCUPACIONAL,Femenino,2010-2,2022,Dependiente,Actividades de atención de la salud humana y de asistencia social,3,3,,"100,0%",NaN
2728-Fundación Universitaria del Área Andina,9756-ESPECIALIZACION EN GERENCIA EN SALUD OCUPACIONAL,Femenino,2010-2,2022,Dependiente,Actividades de servicios administrativos y de apoyo,2,2,,"100,0%",NaN
2728-Fundación Universitaria del Área Andina,9756-ESPECIALIZACION EN GERENCIA EN SALUD OCUPACIONAL,Femenino,2010-2,2022,Dependiente,Actividades financieras y de seguros,1,1,,"100,0%",NaN
2728-Fundación Universitaria del Área Andina,9756-ESPECIALIZACION EN GERENCIA EN SALUD OCUPACIONAL,Femenino,2010-2,2022,Dependiente,Administración pública y defensa; planes de seguridad social de afiliación obligatoria,1,1,,"100,0%",NaN
2728-Fundación Universitaria del Área Andina,9756-ESPECIALIZACION EN GERENCIA EN SALUD OCUPACIONAL,Femenino,2010-2,2022,Dependiente,Construccion,3,3,,"100,0%",NaN
2728-Fundación Universitaria del Área Andina,9756-ESPECIALIZACION EN GERENCIA EN SALUD OCUPACIONAL,Femenino,2010-2,2022,Independiente,Actividades de atención de la salud humana y de asistencia social,1,1,,"100,0%",NaN
2728-Fundación Universitaria del Área Andina,9756-ESPECIALIZACION EN GERENCIA EN SALUD OCUPACIONAL,Femenino,2010-2,2022,Independiente,Actividades de servicios administrativos y de apoyo,1,1,,"100,0%",NaN
2728-Fundación Universitaria del Área Andina,9756-ESPECIALIZACION EN GERENCIA EN SALUD OCUPACIONAL,Femenino,2010-2,2022,Independiente,"Actividades profesionales, científicas y técnicas",3,3,,"100,0%",NaN
2728-Fundación Universitaria del Área Andina,9756-ESPECIALIZACION EN GERENCIA EN SALUD OCUPACIONAL,Femenino,2010-2,2022,Independiente,Información y comunicaciones,1,1,,"100,0%",NaN
2728-Fundación Universitaria del Área Andina,9756-ESPECIALIZACION EN GERENCIA EN SALUD OCUPACIONAL,Femenino,2010-2,2022,No cotizante,SIN DATO,2,0,,"0,0%",NaN
2728-Fundación Universitaria del Área Andina,9756-ESPECIALIZACION EN GERENCIA EN SALUD OCUPACIONAL,Femenino,2010-2,2023,Dependiente,Actividades de atención de la salud humana y de asistencia social,1,1,,"100,0%",NaN
2728-Fundación Universitaria del Área Andina,9756-ESPECIALIZACION EN GERENCIA EN SALUD OCUPACIONAL,Femenino,2010-2,2023,Dependiente,Actividades de servicios administrativos y de apoyo,1,1,,"100,0%",NaN
2728-Fundación Universitaria del Área Andina,9756-ESPECIALIZACION EN GERENCIA EN SALUD OCUPACIONAL,Femenino,2010-2,2023,Dependiente,Actividades financieras y de seguros,3,3,,"100,0%",NaN
2728-Fundación Universitaria del Área Andina,9756-ESPECIALIZACION EN GERENCIA EN SALUD OCUPACIONAL,Femenino,2010-2,2023,Dependiente,"Actividades profesionales, científicas y técnicas",1,1,,"100,0%",NaN
2728-Fundación Universitaria del Área Andina,9756-ESPECIALIZACION EN GERENCIA EN SALUD OCUPACIONAL,Femenino,2010-2,2023,Dependiente,Administración pública y defensa; planes de seguridad social de afiliación obligatoria,1,1,,"100,0%",NaN
2728-Fundación Universitaria del Área Andina,9756-ESPECIALIZACION EN GERENCIA EN SALUD OCUPACIONAL,Femenino,2010-2,2023,Dependiente,Construccion,3,3,,"100,0%",NaN
2728-Fundación Universitaria del Área Andina,9756-ESPECIALIZACION EN GERENCIA EN SALUD OCUPACIONAL,Femenino,2010-2,2023,Independiente,Actividades de servicios administrativos y de apoyo,1,1,,"100,0%",NaN
2728-Fundación Universitaria del Área Andina,9756-ESPECIALIZACION EN GERENCIA EN SALUD OCUPACIONAL,Femenino,2010-2,2023,Independiente,"Actividades profesionales, científicas y técnicas",3,3,,"100,0%",NaN
2728-Fundación Universitaria del Área Andina,9756-ESPECIALIZACION EN GERENCIA EN SALUD OCUPACIONAL,Femenino,2010-2,2023,Independiente,Información y comunicaciones,1,1,,"100,0%",NaN
2728-Fundación Universitaria del Área Andina,9756-ESPECIALIZACION EN GERENCIA EN SALUD OCUPACIONAL,Femenino,2010-2,2023,No cotizante,SIN DATO,2,0,,"0,0%",NaN
2728-Fundación Universitaria del Área Andina,9756-ESPECIALIZACION EN GERENCIA EN SALUD OCUPACIONAL,Masculino,2010-2,2017,Dependiente,Actividades de atención de la salud humana y de asistencia social,1,1,,"100,0%",NaN
2728-Fundación Universitaria del Área Andina,9756-ESPECIALIZACION EN GERENCIA EN SALUD OCUPACIONAL,Masculino,2010-2,2017,Dependiente,Actividades de organizaciones y entidades extraterritoriales,1,1,,"100,0%",NaN
2728-Fundación Universitaria del Área Andina,9756-ESPECIALIZACION EN GERENCIA EN SALUD OCUPACIONAL,Masculino,2010-2,2017,Dependiente,"Actividades profesionales, científicas y técnicas",1,1,,"100,0%",NaN
2728-Fundación Universitaria del Área Andina,9756-ESPECIALIZACION EN GERENCIA EN SALUD OCUPACIONAL,Masculino,2010-2,2017,Dependiente,"Agricultura, ganadería, caza, silvicultura y pesca",1,1,,"100,0%",NaN
2728-Fundación Universitaria del Área Andina,9756-ESPECIALIZACION EN GERENCIA EN SALUD OCUPACIONAL,Masculino,2010-2,2017,Dependiente,Alojamiento y servicios de comida,1,1,,"100,0%",NaN
2728-Fundación Universitaria del Área Andina,9756-ESPECIALIZACION EN GERENCIA EN SALUD OCUPACIONAL,Masculino,2010-2,2017,Dependiente,Sin información,1,1,,"100,0%",NaN
2728-Fundación Universitaria del Área Andina,9756-ESPECIALIZACION EN GERENCIA EN SALUD OCUPACIONAL,Masculino,2010-2,2017,Independiente,"Actividades profesionales, científicas y técnicas",5,5,,"100,0%",NaN
2728-Fundación Universitaria del Área Andina,9756-ESPECIALIZACION EN GERENCIA EN SALUD OCUPACIONAL,Masculino,2010-2,2017,No cotizante,Sin información,3,0,,"0,0%",NaN
2728-Fundación Universitaria del Área Andina,9756-ESPECIALIZACION EN GERENCIA EN SALUD OCUPACIONAL,Masculino,2010-2,2018,Dependiente,Actividades de atención de la salud humana y de asistencia social,2,2,,"100,0%",NaN
2728-Fundación Universitaria del Área Andina,9756-ESPECIALIZACION EN GERENCIA EN SALUD OCUPACIONAL,Masculino,2010-2,2018,Dependiente,Actividades de organizaciones y entidades extraterritoriales,1,1,,"100,0%",NaN
2728-Fundación Universitaria del Área Andina,9756-ESPECIALIZACION EN GERENCIA EN SALUD OCUPACIONAL,Masculino,2010-2,2018,Dependiente,"Actividades profesionales, científicas y técnicas",4,4,,"100,0%",NaN
2728-Fundación Universitaria del Área Andina,9756-ESPECIALIZACION EN GERENCIA EN SALUD OCUPACIONAL,Masculino,2010-2,2018,Dependiente,"Agricultura, ganadería, caza, silvicultura y pesca",1,1,,"100,0%",NaN
2728-Fundación Universitaria del Área Andina,9756-ESPECIALIZACION EN GERENCIA EN SALUD OCUPACIONAL,Masculino,2010-2,2018,Dependiente,Alojamiento y servicios de comida,1,1,,"100,0%",NaN
2728-Fundación Universitaria del Área Andina,9756-ESPECIALIZACION EN GERENCIA EN SALUD OCUPACIONAL,Masculino,2010-2,2018,Dependiente,Educación,1,1,,"100,0%",NaN
2728-Fundación Universitaria del Área Andina,9756-ESPECIALIZACION EN GERENCIA EN SALUD OCUPACIONAL,Masculino,2010-2,2018,Independiente,"Actividades profesionales, científicas y técnicas",1,1,,"100,0%",NaN
2728-Fundación Universitaria del Área Andina,9756-ESPECIALIZACION EN GERENCIA EN SALUD OCUPACIONAL,Masculino,2010-2,2018,No cotizante,Sin información,3,0,,"0,0%",NaN
2728-Fundación Universitaria del Área Andina,9756-ESPECIALIZACION EN GERENCIA EN SALUD OCUPACIONAL,Masculino,2010-2,2019,Dependiente,Actividades de atención de la salud humana y de asistencia social,1,1,,"100,0%",NaN
2728-Fundación Universitaria del Área Andina,9756-ESPECIALIZACION EN GERENCIA EN SALUD OCUPACIONAL,Masculino,2010-2,2019,Dependiente,"Actividades profesionales, científicas y técnicas",3,3,,"100,0%",NaN
2728-Fundación Universitaria del Área Andina,9756-ESPECIALIZACION EN GERENCIA EN SALUD OCUPACIONAL,Masculino,2010-2,2019,Dependiente,"Agricultura, ganadería, caza, silvicultura y pesca",1,1,,"100,0%",NaN
2728-Fundación Universitaria del Área Andina,9756-ESPECIALIZACION EN GERENCIA EN SALUD OCUPACIONAL,Masculino,2010-2,2019,Dependiente,Alojamiento y servicios de comida,1,1,,"100,0%",NaN
2728-Fundación Universitaria del Área Andina,9756-ESPECIALIZACION EN GERENCIA EN SALUD OCUPACIONAL,Masculino,2010-2,2019,Dependiente,Educación,1,1,,"100,0%",NaN
2728-Fundación Universitaria del Área Andina,9756-ESPECIALIZACION EN GERENCIA EN SALUD OCUPACIONAL,Masculino,2010-2,2019,Independiente,Actividades de atención de la salud humana y de asistencia social,1,1,,"100,0%",NaN
2728-Fundación Universitaria del Área Andina,9756-ESPECIALIZACION EN GERENCIA EN SALUD OCUPACIONAL,Masculino,2010-2,2019,Independiente,"Actividades profesionales, científicas y técnicas",4,4,,"100,0%",NaN
2728-Fundación Universitaria del Área Andina,9756-ESPECIALIZACION EN GERENCIA EN SALUD OCUPACIONAL,Masculino,2010-2,2019,No cotizante,Sin información,2,0,,"0,0%",NaN
2728-Fundación Universitaria del Área Andina,9756-ESPECIALIZACION EN GERENCIA EN SALUD OCUPACIONAL,Masculino,2010-2,2020,Dependiente,Actividades de atención de la salud humana y de asistencia social,1,1,,"100,0%",NaN
2728-Fundación Universitaria del Área Andina,9756-ESPECIALIZACION EN GERENCIA EN SALUD OCUPACIONAL,Masculino,2010-2,2020,Dependiente,Actividades de servicios administrativos y de apoyo,1,1,,"100,0%",NaN
2728-Fundación Universitaria del Área Andina,9756-ESPECIALIZACION EN GERENCIA EN SALUD OCUPACIONAL,Masculino,2010-2,2020,Dependiente,"Actividades profesionales, científicas y técnicas",2,2,,"100,0%",NaN
2728-Fundación Universitaria del Área Andina,9756-ESPECIALIZACION EN GERENCIA EN SALUD OCUPACIONAL,Masculino,2010-2,2020,Dependiente,"Agricultura, ganadería, caza, silvicultura y pesca",1,1,,"100,0%",NaN
2728-Fundación Universitaria del Área Andina,9756-ESPECIALIZACION EN GERENCIA EN SALUD OCUPACIONAL,Masculino,2010-2,2020,Dependiente,Alojamiento y servicios de comida,1,1,,"100,0%",NaN
2728-Fundación Universitaria del Área Andina,9756-ESPECIALIZACION EN GERENCIA EN SALUD OCUPACIONAL,Masculino,2010-2,2020,Independiente,Actividades de servicios administrativos y de apoyo,1,1,,"100,0%",NaN
2728-Fundación Universitaria del Área Andina,9756-ESPECIALIZACION EN GERENCIA EN SALUD OCUPACIONAL,Masculino,2010-2,2020,Independiente,Actividades financieras y de seguros,1,1,,"100,0%",NaN
2728-Fundación Universitaria del Área Andina,9756-ESPECIALIZACION EN GERENCIA EN SALUD OCUPACIONAL,Masculino,2010-2,2020,Independiente,"Actividades profesionales, científicas y técnicas",3,3,,"100,0%",NaN
2728-Fundación Universitaria del Área Andina,9756-ESPECIALIZACION EN GERENCIA EN SALUD OCUPACIONAL,Masculino,2010-2,2020,Independiente,Administración pública y defensa; planes de seguridad social de afiliación obligatoria,1,1,,"100,0%",NaN
2728-Fundación Universitaria del Área Andina,9756-ESPECIALIZACION EN GERENCIA EN SALUD OCUPACIONAL,Masculino,2010-2,2020,No cotizante,Sin información,2,0,,"0,0%",NaN
2728-Fundación Universitaria del Área Andina,9756-ESPECIALIZACION EN GERENCIA EN SALUD OCUPACIONAL,Masculino,2010-2,2021,Dependiente,Actividades de atención de la salud humana y de asistencia social,1,1,,"100,0%",NaN
2728-Fundación Universitaria del Área Andina,9756-ESPECIALIZACION EN GERENCIA EN SALUD OCUPACIONAL,Masculino,2010-2,2021,Dependiente,"Actividades profesionales, científicas y técnicas",2,2,,"100,0%",NaN
2728-Fundación Universitaria del Área Andina,9756-ESPECIALIZACION EN GERENCIA EN SALUD OCUPACIONAL,Masculino,2010-2,2021,Dependiente,Administración pública y defensa; planes de seguridad social de afiliación obligatoria,1,1,,"100,0%",NaN
2728-Fundación Universitaria del Área Andina,9756-ESPECIALIZACION EN GERENCIA EN SALUD OCUPACIONAL,Masculino,2010-2,2021,Dependiente,Alojamiento y servicios de comida,1,1,,"100,0%",NaN
2728-Fundación Universitaria del Área Andina,9756-ESPECIALIZACION EN GERENCIA EN SALUD OCUPACIONAL,Masculino,2010-2,2021,Dependiente,Construccion,1,1,,"100,0%",NaN
2728-Fundación Universitaria del Área Andina,9756-ESPECIALIZACION EN GERENCIA EN SALUD OCUPACIONAL,Masculino,2010-2,2021,Dependiente,Educación,1,1,,"100,0%",NaN
2728-Fundación Universitaria del Área Andina,9756-ESPECIALIZACION EN GERENCIA EN SALUD OCUPACIONAL,Masculino,2010-2,2021,Dependiente,Explotación de minas y canteras,1,1,,"100,0%",NaN
2728-Fundación Universitaria del Área Andina,9756-ESPECIALIZACION EN GERENCIA EN SALUD OCUPACIONAL,Masculino,2010-2,2021,Independiente,Actividades de servicios administrativos y de apoyo,1,1,,"100,0%",NaN
2728-Fundación Universitaria del Área Andina,9756-ESPECIALIZACION EN GERENCIA EN SALUD OCUPACIONAL,Masculino,2010-2,2021,Independiente,"Actividades profesionales, científicas y técnicas",3,3,,"100,0%",NaN
2728-Fundación Universitaria del Área Andina,9756-ESPECIALIZACION EN GERENCIA EN SALUD OCUPACIONAL,Masculino,2010-2,2021,No cotizante,Sin información,1,0,,"0,0%",NaN
2728-Fundación Universitaria del Área Andina,9756-ESPECIALIZACION EN GERENCIA EN SALUD OCUPACIONAL,Masculino,2010-2,2022,Dependiente,Actividades de atención de la salud humana y de asistencia social,1,1,,"100,0%",NaN
2728-Fundación Universitaria del Área Andina,9756-ESPECIALIZACION EN GERENCIA EN SALUD OCUPACIONAL,Masculino,2010-2,2022,Dependiente,Actividades financieras y de seguros,1,1,,"100,0%",NaN
2728-Fundación Universitaria del Área Andina,9756-ESPECIALIZACION EN GERENCIA EN SALUD OCUPACIONAL,Masculino,2010-2,2022,Dependiente,"Actividades profesionales, científicas y técnicas",1,1,,"100,0%",NaN
2728-Fundación Universitaria del Área Andina,9756-ESPECIALIZACION EN GERENCIA EN SALUD OCUPACIONAL,Masculino,2010-2,2022,Dependiente,Administración pública y defensa; planes de seguridad social de afiliación obligatoria,1,1,,"100,0%",NaN
2728-Fundación Universitaria del Área Andina,9756-ESPECIALIZACION EN GERENCIA EN SALUD OCUPACIONAL,Masculino,2010-2,2022,Dependiente,Alojamiento y servicios de comida,1,1,,"100,0%",NaN
2728-Fundación Universitaria del Área Andina,9756-ESPECIALIZACION EN GERENCIA EN SALUD OCUPACIONAL,Masculino,2010-2,2022,Dependiente,Construccion,1,1,,"100,0%",NaN
2728-Fundación Universitaria del Área Andina,9756-ESPECIALIZACION EN GERENCIA EN SALUD OCUPACIONAL,Masculino,2010-2,2022,Dependiente,Explotación de minas y canteras,1,1,,"100,0%",NaN
2728-Fundación Universitaria del Área Andina,9756-ESPECIALIZACION EN GERENCIA EN SALUD OCUPACIONAL,Masculino,2010-2,2022,Independiente,Actividades de servicios administrativos y de apoyo,1,1,,"100,0%",NaN
2728-Fundación Universitaria del Área Andina,9756-ESPECIALIZACION EN GERENCIA EN SALUD OCUPACIONAL,Masculino,2010-2,2022,Independiente,"Actividades profesionales, científicas y técnicas",4,4,,"100,0%",NaN
2728-Fundación Universitaria del Área Andina,9756-ESPECIALIZACION EN GERENCIA EN SALUD OCUPACIONAL,Masculino,2010-2,2022,No cotizante,SIN DATO,1,0,,"0,0%",NaN
2728-Fundación Universitaria del Área Andina,9756-ESPECIALIZACION EN GERENCIA EN SALUD OCUPACIONAL,Masculino,2010-2,2023,Dependiente,Actividades de atención de la salud humana y de asistencia social,1,1,,"100,0%",NaN
2728-Fundación Universitaria del Área Andina,9756-ESPECIALIZACION EN GERENCIA EN SALUD OCUPACIONAL,Masculino,2010-2,2023,Dependiente,Actividades financieras y de seguros,1,1,,"100,0%",NaN
2728-Fundación Universitaria del Área Andina,9756-ESPECIALIZACION EN GERENCIA EN SALUD OCUPACIONAL,Masculino,2010-2,2023,Dependiente,"Actividades profesionales, científicas y técnicas",1,1,,"100,0%",NaN
2728-Fundación Universitaria del Área Andina,9756-ESPECIALIZACION EN GERENCIA EN SALUD OCUPACIONAL,Masculino,2010-2,2023,Dependiente,Administración pública y defensa; planes de seguridad social de afiliación obligatoria,1,1,,"100,0%",NaN
2728-Fundación Universitaria del Área Andina,9756-ESPECIALIZACION EN GERENCIA EN SALUD OCUPACIONAL,Masculino,2010-2,2023,Dependiente,Alojamiento y servicios de comida,2,2,,"100,0%",NaN
2728-Fundación Universitaria del Área Andina,9756-ESPECIALIZACION EN GERENCIA EN SALUD OCUPACIONAL,Masculino,2010-2,2023,Dependiente,Explotación de minas y canteras,1,1,,"100,0%",NaN
2728-Fundación Universitaria del Área Andina,9756-ESPECIALIZACION EN GERENCIA EN SALUD OCUPACIONAL,Masculino,2010-2,2023,Dependiente,"Suministro de electricidad, gas, vapor y aire acondicionado",1,1,,"100,0%",NaN
2728-Fundación Universitaria del Área Andina,9756-ESPECIALIZACION EN GERENCIA EN SALUD OCUPACIONAL,Masculino,2010-2,2023,Independiente,Actividades de servicios administrativos y de apoyo,1,1,,"100,0%",NaN
2728-Fundación Universitaria del Área Andina,9756-ESPECIALIZACION EN GERENCIA EN SALUD OCUPACIONAL,Masculino,2010-2,2023,Independiente,"Actividades profesionales, científicas y técnicas",2,2,,"100,0%",NaN
2728-Fundación Universitaria del Área Andina,9756-ESPECIALIZACION EN GERENCIA EN SALUD OCUPACIONAL,Masculino,2010-2,2023,No cotizante,SIN DATO,2,0,,"0,0%",NaN
2728-Fundación Universitaria del Área Andina,9794-ESPECIALIZACION EN GESTION AMBIENTAL,Femenino,2010-2,2017,Dependiente,Actividades de servicios administrativos y de apoyo,1,1,,"100,0%",NaN
2728-Fundación Universitaria del Área Andina,9794-ESPECIALIZACION EN GESTION AMBIENTAL,Femenino,2010-2,2017,Dependiente,Administración pública y defensa; planes de seguridad social de afiliación obligatoria,4,4,,"100,0%",NaN
2728-Fundación Universitaria del Área Andina,9794-ESPECIALIZACION EN GESTION AMBIENTAL,Femenino,2010-2,2017,Dependiente,Construccion,1,1,,"100,0%",NaN
2728-Fundación Universitaria del Área Andina,9794-ESPECIALIZACION EN GESTION AMBIENTAL,Femenino,2010-2,2017,Dependiente,Educación,22,22,,"100,0%",NaN
2728-Fundación Universitaria del Área Andina,9794-ESPECIALIZACION EN GESTION AMBIENTAL,Femenino,2010-2,2017,Dependiente,Industrias manufactureras,1,1,,"100,0%",NaN
2728-Fundación Universitaria del Área Andina,9794-ESPECIALIZACION EN GESTION AMBIENTAL,Femenino,2010-2,2017,Dependiente,Otras actividades de servicios,17,17,,"100,0%",NaN
2728-Fundación Universitaria del Área Andina,9794-ESPECIALIZACION EN GESTION AMBIENTAL,Femenino,2010-2,2017,Dependiente,Sin información,43,43,,"100,0%",NaN
2728-Fundación Universitaria del Área Andina,9794-ESPECIALIZACION EN GESTION AMBIENTAL,Femenino,2010-2,2017,No cotizante,Sin información,10,0,,"0,0%",NaN
2728-Fundación Universitaria del Área Andina,9794-ESPECIALIZACION EN GESTION AMBIENTAL,Femenino,2010-2,2018,Dependiente,Administración pública y defensa; planes de seguridad social de afiliación obligatoria,4,4,,"100,0%",NaN
2728-Fundación Universitaria del Área Andina,9794-ESPECIALIZACION EN GESTION AMBIENTAL,Femenino,2010-2,2018,Dependiente,Construccion,1,1,,"100,0%",NaN
2728-Fundación Universitaria del Área Andina,9794-ESPECIALIZACION EN GESTION AMBIENTAL,Femenino,2010-2,2018,Dependiente,Educación,22,22,,"100,0%",NaN
2728-Fundación Universitaria del Área Andina,9794-ESPECIALIZACION EN GESTION AMBIENTAL,Femenino,2010-2,2018,Dependiente,Industrias manufactureras,2,2,,"100,0%",NaN
2728-Fundación Universitaria del Área Andina,9794-ESPECIALIZACION EN GESTION AMBIENTAL,Femenino,2010-2,2018,Dependiente,Otras actividades de servicios,16,16,,"100,0%",NaN
2728-Fundación Universitaria del Área Andina,9794-ESPECIALIZACION EN GESTION AMBIENTAL,Femenino,2010-2,2018,Dependiente,Sin información,53,53,,"100,0%",NaN
2728-Fundación Universitaria del Área Andina,9794-ESPECIALIZACION EN GESTION AMBIENTAL,Femenino,2010-2,2018,No cotizante,Sin información,1,0,,"0,0%",NaN
2728-Fundación Universitaria del Área Andina,9794-ESPECIALIZACION EN GESTION AMBIENTAL,Femenino,2010-2,2019,Dependiente,"Actividades profesionales, científicas y técnicas",3,3,,"100,0%",NaN
2728-Fundación Universitaria del Área Andina,9794-ESPECIALIZACION EN GESTION AMBIENTAL,Femenino,2010-2,2019,Dependiente,Administración pública y defensa; planes de seguridad social de afiliación obligatoria,65,65,,"100,0%",NaN
2728-Fundación Universitaria del Área Andina,9794-ESPECIALIZACION EN GESTION AMBIENTAL,Femenino,2010-2,2019,Dependiente,Construccion,1,1,,"100,0%",NaN
2728-Fundación Universitaria del Área Andina,9794-ESPECIALIZACION EN GESTION AMBIENTAL,Femenino,2010-2,2019,Dependiente,Industrias manufactureras,2,2,,"100,0%",NaN
2728-Fundación Universitaria del Área Andina,9794-ESPECIALIZACION EN GESTION AMBIENTAL,Femenino,2010-2,2019,Dependiente,Otras actividades de servicios,15,15,,"100,0%",NaN
2728-Fundación Universitaria del Área Andina,9794-ESPECIALIZACION EN GESTION AMBIENTAL,Femenino,2010-2,2019,Dependiente,Sin información,5,5,,"100,0%",NaN
2728-Fundación Universitaria del Área Andina,9794-ESPECIALIZACION EN GESTION AMBIENTAL,Femenino,2010-2,2019,No cotizante,Sin información,8,0,,"0,0%",NaN
2728-Fundación Universitaria del Área Andina,9794-ESPECIALIZACION EN GESTION AMBIENTAL,Femenino,2010-2,2020,Dependiente,"Actividades profesionales, científicas y técnicas",1,1,,"100,0%",NaN
2728-Fundación Universitaria del Área Andina,9794-ESPECIALIZACION EN GESTION AMBIENTAL,Femenino,2010-2,2020,Dependiente,Administración pública y defensa; planes de seguridad social de afiliación obligatoria,69,69,,"100,0%",NaN
2728-Fundación Universitaria del Área Andina,9794-ESPECIALIZACION EN GESTION AMBIENTAL,Femenino,2010-2,2020,Dependiente,Otras actividades de servicios,15,15,,"100,0%",NaN
2728-Fundación Universitaria del Área Andina,9794-ESPECIALIZACION EN GESTION AMBIENTAL,Femenino,2010-2,2020,Independiente,Administración pública y defensa; planes de seguridad social de afiliación obligatoria,1,1,,"100,0%",NaN
2728-Fundación Universitaria del Área Andina,9794-ESPECIALIZACION EN GESTION AMBIENTAL,Femenino,2010-2,2020,No cotizante,Sin información,13,0,,"0,0%",NaN
2728-Fundación Universitaria del Área Andina,9794-ESPECIALIZACION EN GESTION AMBIENTAL,Femenino,2010-2,2021,Dependiente,Actividades de servicios administrativos y de apoyo,1,1,,"100,0%",NaN
2728-Fundación Universitaria del Área Andina,9794-ESPECIALIZACION EN GESTION AMBIENTAL,Femenino,2010-2,2021,Dependiente,"Actividades profesionales, científicas y técnicas",3,3,,"100,0%",NaN
2728-Fundación Universitaria del Área Andina,9794-ESPECIALIZACION EN GESTION AMBIENTAL,Femenino,2010-2,2021,Dependiente,Administración pública y defensa; planes de seguridad social de afiliación obligatoria,63,63,,"100,0%",NaN
2728-Fundación Universitaria del Área Andina,9794-ESPECIALIZACION EN GESTION AMBIENTAL,Femenino,2010-2,2021,Dependiente,Construccion,1,1,,"100,0%",NaN
2728-Fundación Universitaria del Área Andina,9794-ESPECIALIZACION EN GESTION AMBIENTAL,Femenino,2010-2,2021,Dependiente,Otras actividades de servicios,13,13,,"100,0%",NaN
2728-Fundación Universitaria del Área Andina,9794-ESPECIALIZACION EN GESTION AMBIENTAL,Femenino,2010-2,2021,No cotizante,Sin información,18,0,,"0,0%",NaN
2728-Fundación Universitaria del Área Andina,9794-ESPECIALIZACION EN GESTION AMBIENTAL,Femenino,2010-2,2022,Dependiente,Actividades de servicios administrativos y de apoyo,1,1,,"100,0%",NaN
2728-Fundación Universitaria del Área Andina,9794-ESPECIALIZACION EN GESTION AMBIENTAL,Femenino,2010-2,2022,Dependiente,Administración pública y defensa; planes de seguridad social de afiliación obligatoria,57,57,,"100,0%",NaN
2728-Fundación Universitaria del Área Andina,9794-ESPECIALIZACION EN GESTION AMBIENTAL,Femenino,2010-2,2022,Dependiente,Construccion,1,1,,"100,0%",NaN
2728-Fundación Universitaria del Área Andina,9794-ESPECIALIZACION EN GESTION AMBIENTAL,Femenino,2010-2,2022,Dependiente,Otras actividades de servicios,13,13,,"100,0%",NaN
2728-Fundación Universitaria del Área Andina,9794-ESPECIALIZACION EN GESTION AMBIENTAL,Femenino,2010-2,2022,Independiente,Actividades de servicios administrativos y de apoyo,1,1,,"100,0%",NaN
2728-Fundación Universitaria del Área Andina,9794-ESPECIALIZACION EN GESTION AMBIENTAL,Femenino,2010-2,2022,No cotizante,SIN DATO,26,0,,"0,0%",NaN
2728-Fundación Universitaria del Área Andina,9794-ESPECIALIZACION EN GESTION AMBIENTAL,Femenino,2010-2,2023,Dependiente,Actividades de servicios administrativos y de apoyo,13,13,,"100,0%",NaN
2728-Fundación Universitaria del Área Andina,9794-ESPECIALIZACION EN GESTION AMBIENTAL,Femenino,2010-2,2023,Dependiente,Administración pública y defensa; planes de seguridad social de afiliación obligatoria,55,55,,"100,0%",NaN
2728-Fundación Universitaria del Área Andina,9794-ESPECIALIZACION EN GESTION AMBIENTAL,Femenino,2010-2,2023,Dependiente,Construccion,1,1,,"100,0%",NaN
2728-Fundación Universitaria del Área Andina,9794-ESPECIALIZACION EN GESTION AMBIENTAL,Femenino,2010-2,2023,Independiente,Actividades de servicios administrativos y de apoyo,1,1,,"100,0%",NaN
2728-Fundación Universitaria del Área Andina,9794-ESPECIALIZACION EN GESTION AMBIENTAL,Femenino,2010-2,2023,No cotizante,SIN DATO,29,0,,"0,0%",NaN
2728-Fundación Universitaria del Área Andina,9794-ESPECIALIZACION EN GESTION AMBIENTAL,Masculino,2010-2,2017,Dependiente,Comercio al por mayor y al por menor; reparación de vehículos automotores y motocicletas,2,2,,"100,0%",NaN
2728-Fundación Universitaria del Área Andina,9794-ESPECIALIZACION EN GESTION AMBIENTAL,Masculino,2010-2,2017,Dependiente,Construccion,1,1,,"100,0%",NaN
2728-Fundación Universitaria del Área Andina,9794-ESPECIALIZACION EN GESTION AMBIENTAL,Masculino,2010-2,2017,Dependiente,Educación,2,2,,"100,0%",NaN
2728-Fundación Universitaria del Área Andina,9794-ESPECIALIZACION EN GESTION AMBIENTAL,Masculino,2010-2,2017,Dependiente,Otras actividades de servicios,2,2,,"100,0%",NaN
2728-Fundación Universitaria del Área Andina,9794-ESPECIALIZACION EN GESTION AMBIENTAL,Masculino,2010-2,2017,Dependiente,Sin información,9,9,,"100,0%",NaN
2728-Fundación Universitaria del Área Andina,9794-ESPECIALIZACION EN GESTION AMBIENTAL,Masculino,2010-2,2017,Independiente,Sin información,1,1,,"100,0%",NaN
2728-Fundación Universitaria del Área Andina,9794-ESPECIALIZACION EN GESTION AMBIENTAL,Masculino,2010-2,2017,No cotizante,Sin información,2,0,,"0,0%",NaN
2728-Fundación Universitaria del Área Andina,9794-ESPECIALIZACION EN GESTION AMBIENTAL,Masculino,2010-2,2018,Dependiente,Comercio al por mayor y al por menor; reparación de vehículos automotores y motocicletas,1,1,,"100,0%",NaN
2728-Fundación Universitaria del Área Andina,9794-ESPECIALIZACION EN GESTION AMBIENTAL,Masculino,2010-2,2018,Dependiente,Construccion,2,2,,"100,0%",NaN
2728-Fundación Universitaria del Área Andina,9794-ESPECIALIZACION EN GESTION AMBIENTAL,Masculino,2010-2,2018,Dependiente,Educación,2,2,,"100,0%",NaN
2728-Fundación Universitaria del Área Andina,9794-ESPECIALIZACION EN GESTION AMBIENTAL,Masculino,2010-2,2018,Dependiente,Otras actividades de servicios,2,2,,"100,0%",NaN
2728-Fundación Universitaria del Área Andina,9794-ESPECIALIZACION EN GESTION AMBIENTAL,Masculino,2010-2,2018,Dependiente,Sin información,11,11,,"100,0%",NaN
2728-Fundación Universitaria del Área Andina,9794-ESPECIALIZACION EN GESTION AMBIENTAL,Masculino,2010-2,2018,Independiente,Sin información,1,1,,"100,0%",NaN
2728-Fundación Universitaria del Área Andina,9794-ESPECIALIZACION EN GESTION AMBIENTAL,Masculino,2010-2,2019,Dependiente,Administración pública y defensa; planes de seguridad social de afiliación obligatoria,9,9,,"100,0%",NaN
2728-Fundación Universitaria del Área Andina,9794-ESPECIALIZACION EN GESTION AMBIENTAL,Masculino,2010-2,2019,Dependiente,Comercio al por mayor y al por menor; reparación de vehículos automotores y motocicletas,1,1,,"100,0%",NaN
2728-Fundación Universitaria del Área Andina,9794-ESPECIALIZACION EN GESTION AMBIENTAL,Masculino,2010-2,2019,Dependiente,Construccion,1,1,,"100,0%",NaN
2728-Fundación Universitaria del Área Andina,9794-ESPECIALIZACION EN GESTION AMBIENTAL,Masculino,2010-2,2019,Dependiente,Otras actividades de servicios,2,2,,"100,0%",NaN
2728-Fundación Universitaria del Área Andina,9794-ESPECIALIZACION EN GESTION AMBIENTAL,Masculino,2010-2,2019,Dependiente,Sin información,1,1,,"100,0%",NaN
2728-Fundación Universitaria del Área Andina,9794-ESPECIALIZACION EN GESTION AMBIENTAL,Masculino,2010-2,2019,Independiente,"Actividades profesionales, científicas y técnicas",1,1,,"100,0%",NaN
2728-Fundación Universitaria del Área Andina,9794-ESPECIALIZACION EN GESTION AMBIENTAL,Masculino,2010-2,2019,Independiente,Construccion,1,1,,"100,0%",NaN
2728-Fundación Universitaria del Área Andina,9794-ESPECIALIZACION EN GESTION AMBIENTAL,Masculino,2010-2,2019,Independiente,Información y comunicaciones,1,1,,"100,0%",NaN
2728-Fundación Universitaria del Área Andina,9794-ESPECIALIZACION EN GESTION AMBIENTAL,Masculino,2010-2,2019,No cotizante,Sin información,2,0,,"0,0%",NaN
2728-Fundación Universitaria del Área Andina,9794-ESPECIALIZACION EN GESTION AMBIENTAL,Masculino,2010-2,2020,Dependiente,"Actividades profesionales, científicas y técnicas",2,2,,"100,0%",NaN
2728-Fundación Universitaria del Área Andina,9794-ESPECIALIZACION EN GESTION AMBIENTAL,Masculino,2010-2,2020,Dependiente,Administración pública y defensa; planes de seguridad social de afiliación obligatoria,9,9,,"100,0%",NaN
2728-Fundación Universitaria del Área Andina,9794-ESPECIALIZACION EN GESTION AMBIENTAL,Masculino,2010-2,2020,Dependiente,Otras actividades de servicios,3,3,,"100,0%",NaN
2728-Fundación Universitaria del Área Andina,9794-ESPECIALIZACION EN GESTION AMBIENTAL,Masculino,2010-2,2020,Independiente,"Actividades profesionales, científicas y técnicas",1,1,,"100,0%",NaN
2728-Fundación Universitaria del Área Andina,9794-ESPECIALIZACION EN GESTION AMBIENTAL,Masculino,2010-2,2020,Independiente,Construccion,1,1,,"100,0%",NaN
2728-Fundación Universitaria del Área Andina,9794-ESPECIALIZACION EN GESTION AMBIENTAL,Masculino,2010-2,2020,Independiente,Información y comunicaciones,1,1,,"100,0%",NaN
2728-Fundación Universitaria del Área Andina,9794-ESPECIALIZACION EN GESTION AMBIENTAL,Masculino,2010-2,2020,No cotizante,Sin información,2,0,,"0,0%",NaN
2728-Fundación Universitaria del Área Andina,9794-ESPECIALIZACION EN GESTION AMBIENTAL,Masculino,2010-2,2021,Dependiente,Actividades financieras y de seguros,1,1,,"100,0%",NaN
2728-Fundación Universitaria del Área Andina,9794-ESPECIALIZACION EN GESTION AMBIENTAL,Masculino,2010-2,2021,Dependiente,"Actividades profesionales, científicas y técnicas",1,1,,"100,0%",NaN
2728-Fundación Universitaria del Área Andina,9794-ESPECIALIZACION EN GESTION AMBIENTAL,Masculino,2010-2,2021,Dependiente,Administración pública y defensa; planes de seguridad social de afiliación obligatoria,9,9,,"100,0%",NaN
2728-Fundación Universitaria del Área Andina,9794-ESPECIALIZACION EN GESTION AMBIENTAL,Masculino,2010-2,2021,Dependiente,Comercio al por mayor y al por menor; reparación de vehículos automotores y motocicletas,1,1,,"100,0%",NaN
2728-Fundación Universitaria del Área Andina,9794-ESPECIALIZACION EN GESTION AMBIENTAL,Masculino,2010-2,2021,Dependiente,Otras actividades de servicios,4,4,,"100,0%",NaN
2728-Fundación Universitaria del Área Andina,9794-ESPECIALIZACION EN GESTION AMBIENTAL,Masculino,2010-2,2021,No cotizante,Sin información,3,0,,"0,0%",NaN
2728-Fundación Universitaria del Área Andina,9794-ESPECIALIZACION EN GESTION AMBIENTAL,Masculino,2010-2,2022,Dependiente,"Actividades profesionales, científicas y técnicas",2,2,,"100,0%",NaN
2728-Fundación Universitaria del Área Andina,9794-ESPECIALIZACION EN GESTION AMBIENTAL,Masculino,2010-2,2022,Dependiente,Administración pública y defensa; planes de seguridad social de afiliación obligatoria,9,9,,"100,0%",NaN
2728-Fundación Universitaria del Área Andina,9794-ESPECIALIZACION EN GESTION AMBIENTAL,Masculino,2010-2,2022,Dependiente,Explotación de minas y canteras,1,1,,"100,0%",NaN
2728-Fundación Universitaria del Área Andina,9794-ESPECIALIZACION EN GESTION AMBIENTAL,Masculino,2010-2,2022,Dependiente,Otras actividades de servicios,3,3,,"100,0%",NaN
2728-Fundación Universitaria del Área Andina,9794-ESPECIALIZACION EN GESTION AMBIENTAL,Masculino,2010-2,2022,Independiente,Construccion,1,1,,"100,0%",NaN
2728-Fundación Universitaria del Área Andina,9794-ESPECIALIZACION EN GESTION AMBIENTAL,Masculino,2010-2,2022,No cotizante,SIN DATO,3,0,,"0,0%",NaN
2728-Fundación Universitaria del Área Andina,9794-ESPECIALIZACION EN GESTION AMBIENTAL,Masculino,2010-2,2023,Dependiente,Actividades de servicios administrativos y de apoyo,2,2,,"100,0%",NaN
2728-Fundación Universitaria del Área Andina,9794-ESPECIALIZACION EN GESTION AMBIENTAL,Masculino,2010-2,2023,Dependiente,Administración pública y defensa; planes de seguridad social de afiliación obligatoria,8,8,,"100,0%",NaN
2728-Fundación Universitaria del Área Andina,9794-ESPECIALIZACION EN GESTION AMBIENTAL,Masculino,2010-2,2023,Dependiente,Construccion,2,2,,"100,0%",NaN
2728-Fundación Universitaria del Área Andina,9794-ESPECIALIZACION EN GESTION AMBIENTAL,Masculino,2010-2,2023,Dependiente,Educación,1,1,,"100,0%",NaN
2728-Fundación Universitaria del Área Andina,9794-ESPECIALIZACION EN GESTION AMBIENTAL,Masculino,2010-2,2023,Dependiente,Otras actividades de servicios,2,2,,"100,0%",NaN
2728-Fundación Universitaria del Área Andina,9794-ESPECIALIZACION EN GESTION AMBIENTAL,Masculino,2010-2,2023,Independiente,Construccion,1,1,,"100,0%",NaN
2728-Fundación Universitaria del Área Andina,9794-ESPECIALIZACION EN GESTION AMBIENTAL,Masculino,2010-2,2023,No cotizante,SIN DATO,3,0,,"0,0%",NaN
3716-Tecnológica FITEC,54574-TECNICA PROFESIONAL EN OPERACION DE SISTEMAS DE MANEJO AMBIENTAL,Femenino,2010-2,2016,Dependiente,"Actividades profesionales, científicas y técnicas",1,1,,"100,0%",$689.455
3716-Tecnológica FITEC,54574-TECNICA PROFESIONAL EN OPERACION DE SISTEMAS DE MANEJO AMBIENTAL,Femenino,2010-2,2016,Independiente,Sin información,1,1,,"100,0%",NaN
3716-Tecnológica FITEC,54574-TECNICA PROFESIONAL EN OPERACION DE SISTEMAS DE MANEJO AMBIENTAL,Femenino,2010-2,2016,No cotizante,Sin información,4,0,,"0,0%",NaN
3716-Tecnológica FITEC,54574-TECNICA PROFESIONAL EN OPERACION DE SISTEMAS DE MANEJO AMBIENTAL,Femenino,2010-2,2017,Dependiente,"Actividades profesionales, científicas y técnicas",1,1,,"100,0%",NaN
3716-Tecnológica FITEC,54574-TECNICA PROFESIONAL EN OPERACION DE SISTEMAS DE MANEJO AMBIENTAL,Femenino,2010-2,2017,Independiente,Sin información,1,1,,"100,0%",NaN
3716-Tecnológica FITEC,54574-TECNICA PROFESIONAL EN OPERACION DE SISTEMAS DE MANEJO AMBIENTAL,Femenino,2010-2,2017,No cotizante,Sin información,5,0,,"0,0%",NaN
3716-Tecnológica FITEC,54574-TECNICA PROFESIONAL EN OPERACION DE SISTEMAS DE MANEJO AMBIENTAL,Femenino,2010-2,2018,Dependiente,"Actividades profesionales, científicas y técnicas",1,1,,"100,0%",NaN
3716-Tecnológica FITEC,54574-TECNICA PROFESIONAL EN OPERACION DE SISTEMAS DE MANEJO AMBIENTAL,Femenino,2010-2,2018,Dependiente,Sin información,1,1,,"100,0%",NaN
3716-Tecnológica FITEC,54574-TECNICA PROFESIONAL EN OPERACION DE SISTEMAS DE MANEJO AMBIENTAL,Femenino,2010-2,2018,No cotizante,Sin información,5,0,,"0,0%",NaN
3716-Tecnológica FITEC,54574-TECNICA PROFESIONAL EN OPERACION DE SISTEMAS DE MANEJO AMBIENTAL,Femenino,2010-2,2019,Dependiente,Alojamiento y servicios de comida,1,1,,"100,0%",NaN
3716-Tecnológica FITEC,54574-TECNICA PROFESIONAL EN OPERACION DE SISTEMAS DE MANEJO AMBIENTAL,Femenino,2010-2,2019,No cotizante,Sin información,5,0,,"0,0%",NaN
3716-Tecnológica FITEC,54574-TECNICA PROFESIONAL EN OPERACION DE SISTEMAS DE MANEJO AMBIENTAL,Femenino,2010-2,2020,Dependiente,Alojamiento y servicios de comida,1,1,,"100,0%",NaN
3716-Tecnológica FITEC,54574-TECNICA PROFESIONAL EN OPERACION DE SISTEMAS DE MANEJO AMBIENTAL,Femenino,2010-2,2020,No cotizante,Sin información,5,0,,"0,0%",NaN
3716-Tecnológica FITEC,54574-TECNICA PROFESIONAL EN OPERACION DE SISTEMAS DE MANEJO AMBIENTAL,Femenino,2010-2,2021,Dependiente,"Actividades profesionales, científicas y técnicas",1,1,,"100,0%",NaN
3716-Tecnológica FITEC,54574-TECNICA PROFESIONAL EN OPERACION DE SISTEMAS DE MANEJO AMBIENTAL,Femenino,2010-2,2021,Dependiente,Alojamiento y servicios de comida,1,1,,"100,0%",NaN
3716-Tecnológica FITEC,54574-TECNICA PROFESIONAL EN OPERACION DE SISTEMAS DE MANEJO AMBIENTAL,Femenino,2010-2,2021,No cotizante,Sin información,4,0,,"0,0%",NaN
3716-Tecnológica FITEC,54574-TECNICA PROFESIONAL EN OPERACION DE SISTEMAS DE MANEJO AMBIENTAL,Femenino,2010-2,2022,Dependiente,Alojamiento y servicios de comida,1,1,,"100,0%",NaN
3716-Tecnológica FITEC,54574-TECNICA PROFESIONAL EN OPERACION DE SISTEMAS DE MANEJO AMBIENTAL,Femenino,2010-2,2022,No cotizante,SIN DATO,4,0,,"0,0%",NaN
3716-Tecnológica FITEC,54574-TECNICA PROFESIONAL EN OPERACION DE SISTEMAS DE MANEJO AMBIENTAL,Femenino,2010-2,2023,No cotizante,SIN DATO,4,0,,"0,0%",NaN
3716-Tecnológica FITEC,54574-TECNICA PROFESIONAL EN OPERACION DE SISTEMAS DE MANEJO AMBIENTAL,Masculino,2010-2,2016,Dependiente,Actividades de atención de la salud humana y de asistencia social,1,1,,"100,0%",$1.065.000
3716-Tecnológica FITEC,54574-TECNICA PROFESIONAL EN OPERACION DE SISTEMAS DE MANEJO AMBIENTAL,Masculino,2010-2,2016,Dependiente,Construccion,1,1,,"100,0%",$689.455
3716-Tecnológica FITEC,54574-TECNICA PROFESIONAL EN OPERACION DE SISTEMAS DE MANEJO AMBIENTAL,Masculino,2010-2,2016,Dependiente,Industrias manufactureras,1,1,,"100,0%",$2.677.000
3716-Tecnológica FITEC,54574-TECNICA PROFESIONAL EN OPERACION DE SISTEMAS DE MANEJO AMBIENTAL,Masculino,2010-2,2016,Dependiente,Información y comunicaciones,1,1,,"100,0%",$1.038.000
3716-Tecnológica FITEC,54574-TECNICA PROFESIONAL EN OPERACION DE SISTEMAS DE MANEJO AMBIENTAL,Masculino,2010-2,2016,Independiente,Sin información,1,1,,"100,0%",NaN
3716-Tecnológica FITEC,54574-TECNICA PROFESIONAL EN OPERACION DE SISTEMAS DE MANEJO AMBIENTAL,Masculino,2010-2,2016,No cotizante,Sin información,1,0,,"0,0%",NaN
3716-Tecnológica FITEC,54574-TECNICA PROFESIONAL EN OPERACION DE SISTEMAS DE MANEJO AMBIENTAL,Masculino,2010-2,2017,Dependiente,Actividades de servicios administrativos y de apoyo,1,1,,"100,0%",NaN
3716-Tecnológica FITEC,54574-TECNICA PROFESIONAL EN OPERACION DE SISTEMAS DE MANEJO AMBIENTAL,Masculino,2010-2,2017,Dependiente,Industrias manufactureras,2,2,,"100,0%",NaN
3716-Tecnológica FITEC,54574-TECNICA PROFESIONAL EN OPERACION DE SISTEMAS DE MANEJO AMBIENTAL,Masculino,2010-2,2017,No cotizante,Sin información,2,0,,"0,0%",NaN
3716-Tecnológica FITEC,54574-TECNICA PROFESIONAL EN OPERACION DE SISTEMAS DE MANEJO AMBIENTAL,Masculino,2010-2,2018,Dependiente,Industrias manufactureras,1,1,,"100,0%",NaN
3716-Tecnológica FITEC,54574-TECNICA PROFESIONAL EN OPERACION DE SISTEMAS DE MANEJO AMBIENTAL,Masculino,2010-2,2018,Dependiente,Sin información,2,2,,"100,0%",NaN
3716-Tecnológica FITEC,54574-TECNICA PROFESIONAL EN OPERACION DE SISTEMAS DE MANEJO AMBIENTAL,Masculino,2010-2,2018,No cotizante,Sin información,2,0,,"0,0%",NaN
3716-Tecnológica FITEC,54574-TECNICA PROFESIONAL EN OPERACION DE SISTEMAS DE MANEJO AMBIENTAL,Masculino,2010-2,2019,Dependiente,Actividades de servicios administrativos y de apoyo,1,1,,"100,0%",NaN
3716-Tecnológica FITEC,54574-TECNICA PROFESIONAL EN OPERACION DE SISTEMAS DE MANEJO AMBIENTAL,Masculino,2010-2,2019,Dependiente,"Agricultura, ganadería, caza, silvicultura y pesca",1,1,,"100,0%",NaN
3716-Tecnológica FITEC,54574-TECNICA PROFESIONAL EN OPERACION DE SISTEMAS DE MANEJO AMBIENTAL,Masculino,2010-2,2019,Independiente,"Actividades profesionales, científicas y técnicas",1,1,,"100,0%",NaN
3716-Tecnológica FITEC,54574-TECNICA PROFESIONAL EN OPERACION DE SISTEMAS DE MANEJO AMBIENTAL,Masculino,2010-2,2019,No cotizante,Sin información,1,0,,"0,0%",NaN
3716-Tecnológica FITEC,54574-TECNICA PROFESIONAL EN OPERACION DE SISTEMAS DE MANEJO AMBIENTAL,Masculino,2010-2,2020,Dependiente,Actividades de servicios administrativos y de apoyo,2,2,,"100,0%",NaN
3716-Tecnológica FITEC,54574-TECNICA PROFESIONAL EN OPERACION DE SISTEMAS DE MANEJO AMBIENTAL,Masculino,2010-2,2020,Dependiente,"Actividades profesionales, científicas y técnicas",1,1,,"100,0%",NaN
3716-Tecnológica FITEC,54574-TECNICA PROFESIONAL EN OPERACION DE SISTEMAS DE MANEJO AMBIENTAL,Masculino,2010-2,2020,Independiente,"Actividades profesionales, científicas y técnicas",1,1,,"100,0%",NaN
3716-Tecnológica FITEC,54574-TECNICA PROFESIONAL EN OPERACION DE SISTEMAS DE MANEJO AMBIENTAL,Masculino,2010-2,2021,Dependiente,Actividades de servicios administrativos y de apoyo,1,1,,"100,0%",NaN
3716-Tecnológica FITEC,54574-TECNICA PROFESIONAL EN OPERACION DE SISTEMAS DE MANEJO AMBIENTAL,Masculino,2010-2,2021,Dependiente,Construccion,1,1,,"100,0%",NaN
3716-Tecnológica FITEC,54574-TECNICA PROFESIONAL EN OPERACION DE SISTEMAS DE MANEJO AMBIENTAL,Masculino,2010-2,2021,Dependiente,Transporte y almacenamiento,1,1,,"100,0%",NaN
3716-Tecnológica FITEC,54574-TECNICA PROFESIONAL EN OPERACION DE SISTEMAS DE MANEJO AMBIENTAL,Masculino,2010-2,2021,Independiente,"Actividades profesionales, científicas y técnicas",1,1,,"100,0%",NaN
3716-Tecnológica FITEC,54574-TECNICA PROFESIONAL EN OPERACION DE SISTEMAS DE MANEJO AMBIENTAL,Masculino,2010-2,2022,Dependiente,Actividades de servicios administrativos y de apoyo,1,1,,"100,0%",NaN
3716-Tecnológica FITEC,54574-TECNICA PROFESIONAL EN OPERACION DE SISTEMAS DE MANEJO AMBIENTAL,Masculino,2010-2,2022,Independiente,"Actividades profesionales, científicas y técnicas",1,1,,"100,0%",NaN
3716-Tecnológica FITEC,54574-TECNICA PROFESIONAL EN OPERACION DE SISTEMAS DE MANEJO AMBIENTAL,Masculino,2010-2,2022,No cotizante,SIN DATO,2,0,,"0,0%",NaN
3716-Tecnológica FITEC,54574-TECNICA PROFESIONAL EN OPERACION DE SISTEMAS DE MANEJO AMBIENTAL,Masculino,2010-2,2023,Dependiente,Actividades de servicios administrativos y de apoyo,1,1,,"100,0%",NaN
3716-Tecnológica FITEC,54574-TECNICA PROFESIONAL EN OPERACION DE SISTEMAS DE MANEJO AMBIENTAL,Masculino,2010-2,2023,Dependiente,Industrias manufactureras,1,1,,"100,0%",NaN
3716-Tecnológica FITEC,54574-TECNICA PROFESIONAL EN OPERACION DE SISTEMAS DE MANEJO AMBIENTAL,Masculino,2010-2,2023,Independiente,"Actividades profesionales, científicas y técnicas",1,1,,"100,0%",NaN
3716-Tecnológica FITEC,54574-TECNICA PROFESIONAL EN OPERACION DE SISTEMAS DE MANEJO AMBIENTAL,Masculino,2010-2,2023,No cotizante,SIN DATO,1,0,,"0,0%",NaN
3716-Tecnológica FITEC,53526-TECNICA PROFESIONAL EN PROCESOS EMPRESARIALES PARA MIPYMES,Femenino,2010-2,2016,Dependiente,Actividades de atención de la salud humana y de asistencia social,1,1,,"100,0%",$689.455
3716-Tecnológica FITEC,53526-TECNICA PROFESIONAL EN PROCESOS EMPRESARIALES PARA MIPYMES,Femenino,2010-2,2016,Dependiente,Actividades de servicios administrativos y de apoyo,3,3,,"100,0%",$735.152
3716-Tecnológica FITEC,53526-TECNICA PROFESIONAL EN PROCESOS EMPRESARIALES PARA MIPYMES,Femenino,2010-2,2016,Dependiente,"Actividades profesionales, científicas y técnicas",1,1,,"100,0%",$690.000
3716-Tecnológica FITEC,53526-TECNICA PROFESIONAL EN PROCESOS EMPRESARIALES PARA MIPYMES,Femenino,2010-2,2016,Dependiente,Administración pública y defensa; planes de seguridad social de afiliación obligatoria,1,1,,"100,0%",$2.243.000
3716-Tecnológica FITEC,53526-TECNICA PROFESIONAL EN PROCESOS EMPRESARIALES PARA MIPYMES,Femenino,2010-2,2016,Dependiente,Comercio al por mayor y al por menor; reparación de vehículos automotores y motocicletas,5,5,,"100,0%",$969.476
3716-Tecnológica FITEC,53526-TECNICA PROFESIONAL EN PROCESOS EMPRESARIALES PARA MIPYMES,Femenino,2010-2,2016,Dependiente,Educación,1,1,,"100,0%",$689.455
3716-Tecnológica FITEC,53526-TECNICA PROFESIONAL EN PROCESOS EMPRESARIALES PARA MIPYMES,Femenino,2010-2,2016,Dependiente,Información y comunicaciones,3,3,,"100,0%",$1.194.333
3716-Tecnológica FITEC,53526-TECNICA PROFESIONAL EN PROCESOS EMPRESARIALES PARA MIPYMES,Femenino,2010-2,2016,Dependiente,Sin información,2,2,,"100,0%",$813.228
3716-Tecnológica FITEC,53526-TECNICA PROFESIONAL EN PROCESOS EMPRESARIALES PARA MIPYMES,Femenino,2010-2,2016,Dependiente,Transporte y almacenamiento,1,1,,"100,0%",$870.000
3716-Tecnológica FITEC,53526-TECNICA PROFESIONAL EN PROCESOS EMPRESARIALES PARA MIPYMES,Femenino,2010-2,2016,Independiente,Sin información,4,4,,"100,0%",NaN
3716-Tecnológica FITEC,53526-TECNICA PROFESIONAL EN PROCESOS EMPRESARIALES PARA MIPYMES,Femenino,2010-2,2016,No cotizante,Sin información,16,0,,"0,0%",NaN
3716-Tecnológica FITEC,53526-TECNICA PROFESIONAL EN PROCESOS EMPRESARIALES PARA MIPYMES,Femenino,2010-2,2017,Dependiente,Actividades de servicios administrativos y de apoyo,3,3,,"100,0%",NaN
3716-Tecnológica FITEC,53526-TECNICA PROFESIONAL EN PROCESOS EMPRESARIALES PARA MIPYMES,Femenino,2010-2,2017,Dependiente,"Actividades profesionales, científicas y técnicas",3,3,,"100,0%",NaN
3716-Tecnológica FITEC,53526-TECNICA PROFESIONAL EN PROCESOS EMPRESARIALES PARA MIPYMES,Femenino,2010-2,2017,Dependiente,Administración pública y defensa; planes de seguridad social de afiliación obligatoria,1,1,,"100,0%",NaN
3716-Tecnológica FITEC,53526-TECNICA PROFESIONAL EN PROCESOS EMPRESARIALES PARA MIPYMES,Femenino,2010-2,2017,Dependiente,"Agricultura, ganadería, caza, silvicultura y pesca",1,1,,"100,0%",NaN
3716-Tecnológica FITEC,53526-TECNICA PROFESIONAL EN PROCESOS EMPRESARIALES PARA MIPYMES,Femenino,2010-2,2017,Dependiente,Comercio al por mayor y al por menor; reparación de vehículos automotores y motocicletas,2,2,,"100,0%",NaN
3716-Tecnológica FITEC,53526-TECNICA PROFESIONAL EN PROCESOS EMPRESARIALES PARA MIPYMES,Femenino,2010-2,2017,Dependiente,Construccion,1,1,,"100,0%",NaN
3716-Tecnológica FITEC,53526-TECNICA PROFESIONAL EN PROCESOS EMPRESARIALES PARA MIPYMES,Femenino,2010-2,2017,Dependiente,Industrias manufactureras,1,1,,"100,0%",NaN
3716-Tecnológica FITEC,53526-TECNICA PROFESIONAL EN PROCESOS EMPRESARIALES PARA MIPYMES,Femenino,2010-2,2017,Dependiente,Sin información,3,3,,"100,0%",NaN
3716-Tecnológica FITEC,53526-TECNICA PROFESIONAL EN PROCESOS EMPRESARIALES PARA MIPYMES,Femenino,2010-2,2017,Dependiente,Transporte y almacenamiento,1,1,,"100,0%",NaN
3716-Tecnológica FITEC,53526-TECNICA PROFESIONAL EN PROCESOS EMPRESARIALES PARA MIPYMES,Femenino,2010-2,2017,Independiente,"Actividades profesionales, científicas y técnicas",1,1,,"100,0%",NaN
3716-Tecnológica FITEC,53526-TECNICA PROFESIONAL EN PROCESOS EMPRESARIALES PARA MIPYMES,Femenino,2010-2,2017,Independiente,Sin información,1,1,,"100,0%",NaN
3716-Tecnológica FITEC,53526-TECNICA PROFESIONAL EN PROCESOS EMPRESARIALES PARA MIPYMES,Femenino,2010-2,2017,No cotizante,Sin información,20,0,,"0,0%",NaN
3716-Tecnológica FITEC,53526-TECNICA PROFESIONAL EN PROCESOS EMPRESARIALES PARA MIPYMES,Femenino,2010-2,2018,Dependiente,Actividades de servicios administrativos y de apoyo,4,4,,"100,0%",NaN
3716-Tecnológica FITEC,53526-TECNICA PROFESIONAL EN PROCESOS EMPRESARIALES PARA MIPYMES,Femenino,2010-2,2018,Dependiente,"Actividades profesionales, científicas y técnicas",3,3,,"100,0%",NaN
3716-Tecnológica FITEC,53526-TECNICA PROFESIONAL EN PROCESOS EMPRESARIALES PARA MIPYMES,Femenino,2010-2,2018,Dependiente,Administración pública y defensa; planes de seguridad social de afiliación obligatoria,1,1,,"100,0%",NaN
3716-Tecnológica FITEC,53526-TECNICA PROFESIONAL EN PROCESOS EMPRESARIALES PARA MIPYMES,Femenino,2010-2,2018,Dependiente,"Agricultura, ganadería, caza, silvicultura y pesca",1,1,,"100,0%",NaN
3716-Tecnológica FITEC,53526-TECNICA PROFESIONAL EN PROCESOS EMPRESARIALES PARA MIPYMES,Femenino,2010-2,2018,Dependiente,Construccion,1,1,,"100,0%",NaN
3716-Tecnológica FITEC,53526-TECNICA PROFESIONAL EN PROCESOS EMPRESARIALES PARA MIPYMES,Femenino,2010-2,2018,Dependiente,Industrias manufactureras,1,1,,"100,0%",NaN
3716-Tecnológica FITEC,53526-TECNICA PROFESIONAL EN PROCESOS EMPRESARIALES PARA MIPYMES,Femenino,2010-2,2018,Dependiente,Sin información,3,3,,"100,0%",NaN
3716-Tecnológica FITEC,53526-TECNICA PROFESIONAL EN PROCESOS EMPRESARIALES PARA MIPYMES,Femenino,2010-2,2018,Dependiente,Transporte y almacenamiento,2,2,,"100,0%",NaN
3716-Tecnológica FITEC,53526-TECNICA PROFESIONAL EN PROCESOS EMPRESARIALES PARA MIPYMES,Femenino,2010-2,2018,Independiente,"Actividades profesionales, científicas y técnicas",1,1,,"100,0%",NaN
3716-Tecnológica FITEC,53526-TECNICA PROFESIONAL EN PROCESOS EMPRESARIALES PARA MIPYMES,Femenino,2010-2,2018,Independiente,Sin información,2,2,,"100,0%",NaN
3716-Tecnológica FITEC,53526-TECNICA PROFESIONAL EN PROCESOS EMPRESARIALES PARA MIPYMES,Femenino,2010-2,2018,No cotizante,Sin información,18,0,,"0,0%",NaN
3716-Tecnológica FITEC,53526-TECNICA PROFESIONAL EN PROCESOS EMPRESARIALES PARA MIPYMES,Femenino,2010-2,2019,Dependiente,Actividades de servicios administrativos y de apoyo,6,6,,"100,0%",NaN
3716-Tecnológica FITEC,53526-TECNICA PROFESIONAL EN PROCESOS EMPRESARIALES PARA MIPYMES,Femenino,2010-2,2019,Dependiente,"Actividades profesionales, científicas y técnicas",2,2,,"100,0%",NaN
3716-Tecnológica FITEC,53526-TECNICA PROFESIONAL EN PROCESOS EMPRESARIALES PARA MIPYMES,Femenino,2010-2,2019,Dependiente,Administración pública y defensa; planes de seguridad social de afiliación obligatoria,1,1,,"100,0%",NaN
3716-Tecnológica FITEC,53526-TECNICA PROFESIONAL EN PROCESOS EMPRESARIALES PARA MIPYMES,Femenino,2010-2,2019,Dependiente,"Agricultura, ganadería, caza, silvicultura y pesca",1,1,,"100,0%",NaN
3716-Tecnológica FITEC,53526-TECNICA PROFESIONAL EN PROCESOS EMPRESARIALES PARA MIPYMES,Femenino,2010-2,2019,Dependiente,Comercio al por mayor y al por menor; reparación de vehículos automotores y motocicletas,2,2,,"100,0%",NaN
3716-Tecnológica FITEC,53526-TECNICA PROFESIONAL EN PROCESOS EMPRESARIALES PARA MIPYMES,Femenino,2010-2,2019,Dependiente,Industrias manufactureras,1,1,,"100,0%",NaN
3716-Tecnológica FITEC,53526-TECNICA PROFESIONAL EN PROCESOS EMPRESARIALES PARA MIPYMES,Femenino,2010-2,2019,Dependiente,Transporte y almacenamiento,1,1,,"100,0%",NaN
3716-Tecnológica FITEC,53526-TECNICA PROFESIONAL EN PROCESOS EMPRESARIALES PARA MIPYMES,Femenino,2010-2,2019,Independiente,"Actividades profesionales, científicas y técnicas",2,2,,"100,0%",NaN
3716-Tecnológica FITEC,53526-TECNICA PROFESIONAL EN PROCESOS EMPRESARIALES PARA MIPYMES,Femenino,2010-2,2019,Independiente,Administración pública y defensa; planes de seguridad social de afiliación obligatoria,1,1,,"100,0%",NaN
3716-Tecnológica FITEC,53526-TECNICA PROFESIONAL EN PROCESOS EMPRESARIALES PARA MIPYMES,Femenino,2010-2,2019,Independiente,Otras actividades de servicios,1,1,,"100,0%",NaN
3716-Tecnológica FITEC,53526-TECNICA PROFESIONAL EN PROCESOS EMPRESARIALES PARA MIPYMES,Femenino,2010-2,2019,No cotizante,Sin información,19,0,,"0,0%",NaN
3716-Tecnológica FITEC,53526-TECNICA PROFESIONAL EN PROCESOS EMPRESARIALES PARA MIPYMES,Femenino,2010-2,2020,Dependiente,Actividades de servicios administrativos y de apoyo,4,4,,"100,0%",NaN
3716-Tecnológica FITEC,53526-TECNICA PROFESIONAL EN PROCESOS EMPRESARIALES PARA MIPYMES,Femenino,2010-2,2020,Dependiente,"Actividades profesionales, científicas y técnicas",3,3,,"100,0%",NaN
3716-Tecnológica FITEC,53526-TECNICA PROFESIONAL EN PROCESOS EMPRESARIALES PARA MIPYMES,Femenino,2010-2,2020,Dependiente,Administración pública y defensa; planes de seguridad social de afiliación obligatoria,2,2,,"100,0%",NaN
3716-Tecnológica FITEC,53526-TECNICA PROFESIONAL EN PROCESOS EMPRESARIALES PARA MIPYMES,Femenino,2010-2,2020,Dependiente,"Agricultura, ganadería, caza, silvicultura y pesca",1,1,,"100,0%",NaN
3716-Tecnológica FITEC,53526-TECNICA PROFESIONAL EN PROCESOS EMPRESARIALES PARA MIPYMES,Femenino,2010-2,2020,Dependiente,Comercio al por mayor y al por menor; reparación de vehículos automotores y motocicletas,2,2,,"100,0%",NaN
3716-Tecnológica FITEC,53526-TECNICA PROFESIONAL EN PROCESOS EMPRESARIALES PARA MIPYMES,Femenino,2010-2,2020,Dependiente,Transporte y almacenamiento,1,1,,"100,0%",NaN
3716-Tecnológica FITEC,53526-TECNICA PROFESIONAL EN PROCESOS EMPRESARIALES PARA MIPYMES,Femenino,2010-2,2020,Independiente,"Actividades profesionales, científicas y técnicas",1,1,,"100,0%",NaN
3716-Tecnológica FITEC,53526-TECNICA PROFESIONAL EN PROCESOS EMPRESARIALES PARA MIPYMES,Femenino,2010-2,2020,Independiente,Administración pública y defensa; planes de seguridad social de afiliación obligatoria,1,1,,"100,0%",NaN
3716-Tecnológica FITEC,53526-TECNICA PROFESIONAL EN PROCESOS EMPRESARIALES PARA MIPYMES,Femenino,2010-2,2020,No cotizante,Sin información,21,0,,"0,0%",NaN
3716-Tecnológica FITEC,53526-TECNICA PROFESIONAL EN PROCESOS EMPRESARIALES PARA MIPYMES,Femenino,2010-2,2021,Dependiente,Actividades de servicios administrativos y de apoyo,3,3,,"100,0%",NaN
3716-Tecnológica FITEC,53526-TECNICA PROFESIONAL EN PROCESOS EMPRESARIALES PARA MIPYMES,Femenino,2010-2,2021,Dependiente,"Actividades profesionales, científicas y técnicas",5,5,,"100,0%",NaN
3716-Tecnológica FITEC,53526-TECNICA PROFESIONAL EN PROCESOS EMPRESARIALES PARA MIPYMES,Femenino,2010-2,2021,Dependiente,Administración pública y defensa; planes de seguridad social de afiliación obligatoria,2,2,,"100,0%",NaN
3716-Tecnológica FITEC,53526-TECNICA PROFESIONAL EN PROCESOS EMPRESARIALES PARA MIPYMES,Femenino,2010-2,2021,Dependiente,"Agricultura, ganadería, caza, silvicultura y pesca",1,1,,"100,0%",NaN
3716-Tecnológica FITEC,53526-TECNICA PROFESIONAL EN PROCESOS EMPRESARIALES PARA MIPYMES,Femenino,2010-2,2021,Dependiente,Comercio al por mayor y al por menor; reparación de vehículos automotores y motocicletas,3,3,,"100,0%",NaN
3716-Tecnológica FITEC,53526-TECNICA PROFESIONAL EN PROCESOS EMPRESARIALES PARA MIPYMES,Femenino,2010-2,2021,Dependiente,Industrias manufactureras,1,1,,"100,0%",NaN
3716-Tecnológica FITEC,53526-TECNICA PROFESIONAL EN PROCESOS EMPRESARIALES PARA MIPYMES,Femenino,2010-2,2021,Independiente,"Actividades profesionales, científicas y técnicas",1,1,,"100,0%",NaN
3716-Tecnológica FITEC,53526-TECNICA PROFESIONAL EN PROCESOS EMPRESARIALES PARA MIPYMES,Femenino,2010-2,2021,Independiente,Administración pública y defensa; planes de seguridad social de afiliación obligatoria,1,1,,"100,0%",NaN
3716-Tecnológica FITEC,53526-TECNICA PROFESIONAL EN PROCESOS EMPRESARIALES PARA MIPYMES,Femenino,2010-2,2021,No cotizante,Sin información,18,0,,"0,0%",NaN
3716-Tecnológica FITEC,53526-TECNICA PROFESIONAL EN PROCESOS EMPRESARIALES PARA MIPYMES,Femenino,2010-2,2022,Dependiente,Actividades de servicios administrativos y de apoyo,3,3,,"100,0%",NaN
3716-Tecnológica FITEC,53526-TECNICA PROFESIONAL EN PROCESOS EMPRESARIALES PARA MIPYMES,Femenino,2010-2,2022,Dependiente,Actividades financieras y de seguros,1,1,,"100,0%",NaN
3716-Tecnológica FITEC,53526-TECNICA PROFESIONAL EN PROCESOS EMPRESARIALES PARA MIPYMES,Femenino,2010-2,2022,Dependiente,"Actividades profesionales, científicas y técnicas",2,2,,"100,0%",NaN
3716-Tecnológica FITEC,53526-TECNICA PROFESIONAL EN PROCESOS EMPRESARIALES PARA MIPYMES,Femenino,2010-2,2022,Dependiente,Administración pública y defensa; planes de seguridad social de afiliación obligatoria,2,2,,"100,0%",NaN
3716-Tecnológica FITEC,53526-TECNICA PROFESIONAL EN PROCESOS EMPRESARIALES PARA MIPYMES,Femenino,2010-2,2022,Dependiente,"Agricultura, ganadería, caza, silvicultura y pesca",1,1,,"100,0%",NaN
3716-Tecnológica FITEC,53526-TECNICA PROFESIONAL EN PROCESOS EMPRESARIALES PARA MIPYMES,Femenino,2010-2,2022,Dependiente,Comercio al por mayor y al por menor; reparación de vehículos automotores y motocicletas,4,4,,"100,0%",NaN
3716-Tecnológica FITEC,53526-TECNICA PROFESIONAL EN PROCESOS EMPRESARIALES PARA MIPYMES,Femenino,2010-2,2022,Dependiente,Industrias manufactureras,1,1,,"100,0%",NaN
3716-Tecnológica FITEC,53526-TECNICA PROFESIONAL EN PROCESOS EMPRESARIALES PARA MIPYMES,Femenino,2010-2,2022,Independiente,"Actividades profesionales, científicas y técnicas",2,2,,"100,0%",NaN
3716-Tecnológica FITEC,53526-TECNICA PROFESIONAL EN PROCESOS EMPRESARIALES PARA MIPYMES,Femenino,2010-2,2022,Independiente,Administración pública y defensa; planes de seguridad social de afiliación obligatoria,1,1,,"100,0%",NaN
3716-Tecnológica FITEC,53526-TECNICA PROFESIONAL EN PROCESOS EMPRESARIALES PARA MIPYMES,Femenino,2010-2,2022,No cotizante,SIN DATO,17,0,,"0,0%",NaN
3716-Tecnológica FITEC,53526-TECNICA PROFESIONAL EN PROCESOS EMPRESARIALES PARA MIPYMES,Femenino,2010-2,2023,Dependiente,Actividades de servicios administrativos y de apoyo,2,2,,"100,0%",NaN
3716-Tecnológica FITEC,53526-TECNICA PROFESIONAL EN PROCESOS EMPRESARIALES PARA MIPYMES,Femenino,2010-2,2023,Dependiente,Actividades financieras y de seguros,1,1,,"100,0%",NaN
3716-Tecnológica FITEC,53526-TECNICA PROFESIONAL EN PROCESOS EMPRESARIALES PARA MIPYMES,Femenino,2010-2,2023,Dependiente,"Actividades profesionales, científicas y técnicas",2,2,,"100,0%",NaN
3716-Tecnológica FITEC,53526-TECNICA PROFESIONAL EN PROCESOS EMPRESARIALES PARA MIPYMES,Femenino,2010-2,2023,Dependiente,Administración pública y defensa; planes de seguridad social de afiliación obligatoria,2,2,,"100,0%",NaN
3716-Tecnológica FITEC,53526-TECNICA PROFESIONAL EN PROCESOS EMPRESARIALES PARA MIPYMES,Femenino,2010-2,2023,Dependiente,Comercio al por mayor y al por menor; reparación de vehículos automotores y motocicletas,4,4,,"100,0%",NaN
3716-Tecnológica FITEC,53526-TECNICA PROFESIONAL EN PROCESOS EMPRESARIALES PARA MIPYMES,Femenino,2010-2,2023,Dependiente,Industrias manufactureras,1,1,,"100,0%",NaN
3716-Tecnológica FITEC,53526-TECNICA PROFESIONAL EN PROCESOS EMPRESARIALES PARA MIPYMES,Femenino,2010-2,2023,Independiente,"Actividades profesionales, científicas y técnicas",1,1,,"100,0%",NaN
3716-Tecnológica FITEC,53526-TECNICA PROFESIONAL EN PROCESOS EMPRESARIALES PARA MIPYMES,Femenino,2010-2,2023,Independiente,Administración pública y defensa; planes de seguridad social de afiliación obligatoria,1,1,,"100,0%",NaN
3716-Tecnológica FITEC,53526-TECNICA PROFESIONAL EN PROCESOS EMPRESARIALES PARA MIPYMES,Femenino,2010-2,2023,No cotizante,SIN DATO,19,0,,"0,0%",NaN
3716-Tecnológica FITEC,53526-TECNICA PROFESIONAL EN PROCESOS EMPRESARIALES PARA MIPYMES,Masculino,2010-2,2016,Dependiente,Actividades de atención de la salud humana y de asistencia social,1,1,,"100,0%",$1.027.000
3716-Tecnológica FITEC,53526-TECNICA PROFESIONAL EN PROCESOS EMPRESARIALES PARA MIPYMES,Masculino,2010-2,2016,Dependiente,Actividades de servicios administrativos y de apoyo,1,1,,"100,0%",$708.000
3716-Tecnológica FITEC,53526-TECNICA PROFESIONAL EN PROCESOS EMPRESARIALES PARA MIPYMES,Masculino,2010-2,2016,Dependiente,"Actividades profesionales, científicas y técnicas",4,4,,"100,0%",$981.364
3716-Tecnológica FITEC,53526-TECNICA PROFESIONAL EN PROCESOS EMPRESARIALES PARA MIPYMES,Masculino,2010-2,2016,Dependiente,Administración pública y defensa; planes de seguridad social de afiliación obligatoria,1,1,,"100,0%",$2.403.000
3716-Tecnológica FITEC,53526-TECNICA PROFESIONAL EN PROCESOS EMPRESARIALES PARA MIPYMES,Masculino,2010-2,2016,Dependiente,"Agricultura, ganadería, caza, silvicultura y pesca",1,1,,"100,0%",$690.000
3716-Tecnológica FITEC,53526-TECNICA PROFESIONAL EN PROCESOS EMPRESARIALES PARA MIPYMES,Masculino,2010-2,2016,Dependiente,Alojamiento y servicios de comida,1,1,,"100,0%",$981.000
3716-Tecnológica FITEC,53526-TECNICA PROFESIONAL EN PROCESOS EMPRESARIALES PARA MIPYMES,Masculino,2010-2,2016,Dependiente,Comercio al por mayor y al por menor; reparación de vehículos automotores y motocicletas,2,2,,"100,0%",$786.728
3716-Tecnológica FITEC,53526-TECNICA PROFESIONAL EN PROCESOS EMPRESARIALES PARA MIPYMES,Masculino,2010-2,2016,Dependiente,Otras actividades de servicios,1,1,,"100,0%",$690.000
3716-Tecnológica FITEC,53526-TECNICA PROFESIONAL EN PROCESOS EMPRESARIALES PARA MIPYMES,Masculino,2010-2,2016,Dependiente,Sin información,4,4,,"100,0%",$692.489
3716-Tecnológica FITEC,53526-TECNICA PROFESIONAL EN PROCESOS EMPRESARIALES PARA MIPYMES,Masculino,2010-2,2016,Dependiente,Transporte y almacenamiento,1,1,,"100,0%",$830.000
3716-Tecnológica FITEC,53526-TECNICA PROFESIONAL EN PROCESOS EMPRESARIALES PARA MIPYMES,Masculino,2010-2,2016,No cotizante,Sin información,6,0,,"0,0%",NaN
3716-Tecnológica FITEC,53526-TECNICA PROFESIONAL EN PROCESOS EMPRESARIALES PARA MIPYMES,Masculino,2010-2,2017,Dependiente,Actividades de atención de la salud humana y de asistencia social,1,1,,"100,0%",NaN
3716-Tecnológica FITEC,53526-TECNICA PROFESIONAL EN PROCESOS EMPRESARIALES PARA MIPYMES,Masculino,2010-2,2017,Dependiente,Actividades de servicios administrativos y de apoyo,3,3,,"100,0%",NaN
3716-Tecnológica FITEC,53526-TECNICA PROFESIONAL EN PROCESOS EMPRESARIALES PARA MIPYMES,Masculino,2010-2,2017,Dependiente,Actividades financieras y de seguros,1,1,,"100,0%",NaN
3716-Tecnológica FITEC,53526-TECNICA PROFESIONAL EN PROCESOS EMPRESARIALES PARA MIPYMES,Masculino,2010-2,2017,Dependiente,"Actividades profesionales, científicas y técnicas",3,3,,"100,0%",NaN
3716-Tecnológica FITEC,53526-TECNICA PROFESIONAL EN PROCESOS EMPRESARIALES PARA MIPYMES,Masculino,2010-2,2017,Dependiente,Administración pública y defensa; planes de seguridad social de afiliación obligatoria,1,1,,"100,0%",NaN
3716-Tecnológica FITEC,53526-TECNICA PROFESIONAL EN PROCESOS EMPRESARIALES PARA MIPYMES,Masculino,2010-2,2017,Dependiente,Comercio al por mayor y al por menor; reparación de vehículos automotores y motocicletas,2,2,,"100,0%",NaN
3716-Tecnológica FITEC,53526-TECNICA PROFESIONAL EN PROCESOS EMPRESARIALES PARA MIPYMES,Masculino,2010-2,2017,Dependiente,Información y comunicaciones,1,1,,"100,0%",NaN
3716-Tecnológica FITEC,53526-TECNICA PROFESIONAL EN PROCESOS EMPRESARIALES PARA MIPYMES,Masculino,2010-2,2017,Dependiente,Otras actividades de servicios,1,1,,"100,0%",NaN
3716-Tecnológica FITEC,53526-TECNICA PROFESIONAL EN PROCESOS EMPRESARIALES PARA MIPYMES,Masculino,2010-2,2017,Dependiente,Sin información,3,3,,"100,0%",NaN
3716-Tecnológica FITEC,53526-TECNICA PROFESIONAL EN PROCESOS EMPRESARIALES PARA MIPYMES,Masculino,2010-2,2017,Independiente,Sin información,1,1,,"100,0%",NaN
3716-Tecnológica FITEC,53526-TECNICA PROFESIONAL EN PROCESOS EMPRESARIALES PARA MIPYMES,Masculino,2010-2,2017,No cotizante,Sin información,6,0,,"0,0%",NaN
3716-Tecnológica FITEC,53526-TECNICA PROFESIONAL EN PROCESOS EMPRESARIALES PARA MIPYMES,Masculino,2010-2,2018,Dependiente,"Actividades artísticas, de entretenimiento y recreación",1,1,,"100,0%",NaN
3716-Tecnológica FITEC,53526-TECNICA PROFESIONAL EN PROCESOS EMPRESARIALES PARA MIPYMES,Masculino,2010-2,2018,Dependiente,Actividades de atención de la salud humana y de asistencia social,1,1,,"100,0%",NaN
3716-Tecnológica FITEC,53526-TECNICA PROFESIONAL EN PROCESOS EMPRESARIALES PARA MIPYMES,Masculino,2010-2,2018,Dependiente,Actividades de servicios administrativos y de apoyo,1,1,,"100,0%",NaN
3716-Tecnológica FITEC,53526-TECNICA PROFESIONAL EN PROCESOS EMPRESARIALES PARA MIPYMES,Masculino,2010-2,2018,Dependiente,Actividades financieras y de seguros,1,1,,"100,0%",NaN
3716-Tecnológica FITEC,53526-TECNICA PROFESIONAL EN PROCESOS EMPRESARIALES PARA MIPYMES,Masculino,2010-2,2018,Dependiente,"Actividades profesionales, científicas y técnicas",1,1,,"100,0%",NaN
3716-Tecnológica FITEC,53526-TECNICA PROFESIONAL EN PROCESOS EMPRESARIALES PARA MIPYMES,Masculino,2010-2,2018,Dependiente,Administración pública y defensa; planes de seguridad social de afiliación obligatoria,1,1,,"100,0%",NaN
3716-Tecnológica FITEC,53526-TECNICA PROFESIONAL EN PROCESOS EMPRESARIALES PARA MIPYMES,Masculino,2010-2,2018,Dependiente,Alojamiento y servicios de comida,1,1,,"100,0%",NaN
3716-Tecnológica FITEC,53526-TECNICA PROFESIONAL EN PROCESOS EMPRESARIALES PARA MIPYMES,Masculino,2010-2,2018,Dependiente,Comercio al por mayor y al por menor; reparación de vehículos automotores y motocicletas,2,2,,"100,0%",NaN
3716-Tecnológica FITEC,53526-TECNICA PROFESIONAL EN PROCESOS EMPRESARIALES PARA MIPYMES,Masculino,2010-2,2018,Dependiente,Sin información,3,3,,"100,0%",NaN
3716-Tecnológica FITEC,53526-TECNICA PROFESIONAL EN PROCESOS EMPRESARIALES PARA MIPYMES,Masculino,2010-2,2018,Independiente,"Actividades profesionales, científicas y técnicas",1,1,,"100,0%",NaN
3716-Tecnológica FITEC,53526-TECNICA PROFESIONAL EN PROCESOS EMPRESARIALES PARA MIPYMES,Masculino,2010-2,2018,Independiente,Comercio al por mayor y al por menor; reparación de vehículos automotores y motocicletas,1,1,,"100,0%",NaN
3716-Tecnológica FITEC,53526-TECNICA PROFESIONAL EN PROCESOS EMPRESARIALES PARA MIPYMES,Masculino,2010-2,2018,Independiente,Sin información,1,1,,"100,0%",NaN
3716-Tecnológica FITEC,53526-TECNICA PROFESIONAL EN PROCESOS EMPRESARIALES PARA MIPYMES,Masculino,2010-2,2018,No cotizante,Sin información,7,0,,"0,0%",NaN
3716-Tecnológica FITEC,53526-TECNICA PROFESIONAL EN PROCESOS EMPRESARIALES PARA MIPYMES,Masculino,2010-2,2019,Dependiente,Actividades de atención de la salud humana y de asistencia social,1,1,,"100,0%",NaN
3716-Tecnológica FITEC,53526-TECNICA PROFESIONAL EN PROCESOS EMPRESARIALES PARA MIPYMES,Masculino,2010-2,2019,Dependiente,Actividades de servicios administrativos y de apoyo,1,1,,"100,0%",NaN
3716-Tecnológica FITEC,53526-TECNICA PROFESIONAL EN PROCESOS EMPRESARIALES PARA MIPYMES,Masculino,2010-2,2019,Dependiente,Actividades financieras y de seguros,1,1,,"100,0%",NaN
3716-Tecnológica FITEC,53526-TECNICA PROFESIONAL EN PROCESOS EMPRESARIALES PARA MIPYMES,Masculino,2010-2,2019,Dependiente,"Actividades profesionales, científicas y técnicas",1,1,,"100,0%",NaN
3716-Tecnológica FITEC,53526-TECNICA PROFESIONAL EN PROCESOS EMPRESARIALES PARA MIPYMES,Masculino,2010-2,2019,Dependiente,Administración pública y defensa; planes de seguridad social de afiliación obligatoria,2,2,,"100,0%",NaN
3716-Tecnológica FITEC,53526-TECNICA PROFESIONAL EN PROCESOS EMPRESARIALES PARA MIPYMES,Masculino,2010-2,2019,Dependiente,Alojamiento y servicios de comida,1,1,,"100,0%",NaN
3716-Tecnológica FITEC,53526-TECNICA PROFESIONAL EN PROCESOS EMPRESARIALES PARA MIPYMES,Masculino,2010-2,2019,Dependiente,Comercio al por mayor y al por menor; reparación de vehículos automotores y motocicletas,2,2,,"100,0%",NaN
3716-Tecnológica FITEC,53526-TECNICA PROFESIONAL EN PROCESOS EMPRESARIALES PARA MIPYMES,Masculino,2010-2,2019,Dependiente,Sin información,1,1,,"100,0%",NaN
3716-Tecnológica FITEC,53526-TECNICA PROFESIONAL EN PROCESOS EMPRESARIALES PARA MIPYMES,Masculino,2010-2,2019,Independiente,"Actividades profesionales, científicas y técnicas",1,1,,"100,0%",NaN
3716-Tecnológica FITEC,53526-TECNICA PROFESIONAL EN PROCESOS EMPRESARIALES PARA MIPYMES,Masculino,2010-2,2019,Independiente,Administración pública y defensa; planes de seguridad social de afiliación obligatoria,1,1,,"100,0%",NaN
3716-Tecnológica FITEC,53526-TECNICA PROFESIONAL EN PROCESOS EMPRESARIALES PARA MIPYMES,Masculino,2010-2,2019,Independiente,Industrias manufactureras,1,1,,"100,0%",NaN
3716-Tecnológica FITEC,53526-TECNICA PROFESIONAL EN PROCESOS EMPRESARIALES PARA MIPYMES,Masculino,2010-2,2019,No cotizante,Sin información,9,0,,"0,0%",NaN
3716-Tecnológica FITEC,53526-TECNICA PROFESIONAL EN PROCESOS EMPRESARIALES PARA MIPYMES,Masculino,2010-2,2020,Dependiente,Actividades de servicios administrativos y de apoyo,2,2,,"100,0%",NaN
3716-Tecnológica FITEC,53526-TECNICA PROFESIONAL EN PROCESOS EMPRESARIALES PARA MIPYMES,Masculino,2010-2,2020,Dependiente,Actividades financieras y de seguros,1,1,,"100,0%",NaN
3716-Tecnológica FITEC,53526-TECNICA PROFESIONAL EN PROCESOS EMPRESARIALES PARA MIPYMES,Masculino,2010-2,2020,Dependiente,"Actividades profesionales, científicas y técnicas",2,2,,"100,0%",NaN
3716-Tecnológica FITEC,53526-TECNICA PROFESIONAL EN PROCESOS EMPRESARIALES PARA MIPYMES,Masculino,2010-2,2020,Dependiente,Administración pública y defensa; planes de seguridad social de afiliación obligatoria,2,2,,"100,0%",NaN
3716-Tecnológica FITEC,53526-TECNICA PROFESIONAL EN PROCESOS EMPRESARIALES PARA MIPYMES,Masculino,2010-2,2020,Dependiente,Alojamiento y servicios de comida,1,1,,"100,0%",NaN
3716-Tecnológica FITEC,53526-TECNICA PROFESIONAL EN PROCESOS EMPRESARIALES PARA MIPYMES,Masculino,2010-2,2020,Dependiente,Comercio al por mayor y al por menor; reparación de vehículos automotores y motocicletas,2,2,,"100,0%",NaN
3716-Tecnológica FITEC,53526-TECNICA PROFESIONAL EN PROCESOS EMPRESARIALES PARA MIPYMES,Masculino,2010-2,2020,Dependiente,Otras actividades de servicios,2,2,,"100,0%",NaN
3716-Tecnológica FITEC,53526-TECNICA PROFESIONAL EN PROCESOS EMPRESARIALES PARA MIPYMES,Masculino,2010-2,2020,Independiente,Administración pública y defensa; planes de seguridad social de afiliación obligatoria,1,1,,"100,0%",NaN
3716-Tecnológica FITEC,53526-TECNICA PROFESIONAL EN PROCESOS EMPRESARIALES PARA MIPYMES,Masculino,2010-2,2020,Independiente,Comercio al por mayor y al por menor; reparación de vehículos automotores y motocicletas,1,1,,"100,0%",NaN
3716-Tecnológica FITEC,53526-TECNICA PROFESIONAL EN PROCESOS EMPRESARIALES PARA MIPYMES,Masculino,2010-2,2020,No cotizante,Sin información,8,0,,"0,0%",NaN
3716-Tecnológica FITEC,53526-TECNICA PROFESIONAL EN PROCESOS EMPRESARIALES PARA MIPYMES,Masculino,2010-2,2021,Dependiente,Actividades de servicios administrativos y de apoyo,3,3,,"100,0%",NaN
3716-Tecnológica FITEC,53526-TECNICA PROFESIONAL EN PROCESOS EMPRESARIALES PARA MIPYMES,Masculino,2010-2,2021,Dependiente,Actividades financieras y de seguros,1,1,,"100,0%",NaN
3716-Tecnológica FITEC,53526-TECNICA PROFESIONAL EN PROCESOS EMPRESARIALES PARA MIPYMES,Masculino,2010-2,2021,Dependiente,Administración pública y defensa; planes de seguridad social de afiliación obligatoria,2,2,,"100,0%",NaN
3716-Tecnológica FITEC,53526-TECNICA PROFESIONAL EN PROCESOS EMPRESARIALES PARA MIPYMES,Masculino,2010-2,2021,Dependiente,Comercio al por mayor y al por menor; reparación de vehículos automotores y motocicletas,1,1,,"100,0%",NaN
3716-Tecnológica FITEC,53526-TECNICA PROFESIONAL EN PROCESOS EMPRESARIALES PARA MIPYMES,Masculino,2010-2,2021,Dependiente,Otras actividades de servicios,2,2,,"100,0%",NaN
3716-Tecnológica FITEC,53526-TECNICA PROFESIONAL EN PROCESOS EMPRESARIALES PARA MIPYMES,Masculino,2010-2,2021,Dependiente,Transporte y almacenamiento,2,2,,"100,0%",NaN
3716-Tecnológica FITEC,53526-TECNICA PROFESIONAL EN PROCESOS EMPRESARIALES PARA MIPYMES,Masculino,2010-2,2021,Independiente,Administración pública y defensa; planes de seguridad social de afiliación obligatoria,1,1,,"100,0%",NaN
3716-Tecnológica FITEC,53526-TECNICA PROFESIONAL EN PROCESOS EMPRESARIALES PARA MIPYMES,Masculino,2010-2,2021,No cotizante,Sin información,10,0,,"0,0%",NaN
3716-Tecnológica FITEC,53526-TECNICA PROFESIONAL EN PROCESOS EMPRESARIALES PARA MIPYMES,Masculino,2010-2,2022,Dependiente,Actividades de servicios administrativos y de apoyo,3,3,,"100,0%",NaN
3716-Tecnológica FITEC,53526-TECNICA PROFESIONAL EN PROCESOS EMPRESARIALES PARA MIPYMES,Masculino,2010-2,2022,Dependiente,Actividades financieras y de seguros,1,1,,"100,0%",NaN
3716-Tecnológica FITEC,53526-TECNICA PROFESIONAL EN PROCESOS EMPRESARIALES PARA MIPYMES,Masculino,2010-2,2022,Dependiente,"Actividades profesionales, científicas y técnicas",1,1,,"100,0%",NaN
3716-Tecnológica FITEC,53526-TECNICA PROFESIONAL EN PROCESOS EMPRESARIALES PARA MIPYMES,Masculino,2010-2,2022,Dependiente,Administración pública y defensa; planes de seguridad social de afiliación obligatoria,3,3,,"100,0%",NaN
3716-Tecnológica FITEC,53526-TECNICA PROFESIONAL EN PROCESOS EMPRESARIALES PARA MIPYMES,Masculino,2010-2,2022,Dependiente,Comercio al por mayor y al por menor; reparación de vehículos automotores y motocicletas,1,1,,"100,0%",NaN
3716-Tecnológica FITEC,53526-TECNICA PROFESIONAL EN PROCESOS EMPRESARIALES PARA MIPYMES,Masculino,2010-2,2022,Dependiente,Información y comunicaciones,1,1,,"100,0%",NaN
3716-Tecnológica FITEC,53526-TECNICA PROFESIONAL EN PROCESOS EMPRESARIALES PARA MIPYMES,Masculino,2010-2,2022,Dependiente,Otras actividades de servicios,1,1,,"100,0%",NaN
3716-Tecnológica FITEC,53526-TECNICA PROFESIONAL EN PROCESOS EMPRESARIALES PARA MIPYMES,Masculino,2010-2,2022,Dependiente,Transporte y almacenamiento,1,1,,"100,0%",NaN
3716-Tecnológica FITEC,53526-TECNICA PROFESIONAL EN PROCESOS EMPRESARIALES PARA MIPYMES,Masculino,2010-2,2022,Independiente,Comercio al por mayor y al por menor; reparación de vehículos automotores y motocicletas,1,1,,"100,0%",NaN
3716-Tecnológica FITEC,53526-TECNICA PROFESIONAL EN PROCESOS EMPRESARIALES PARA MIPYMES,Masculino,2010-2,2022,No cotizante,SIN DATO,8,0,,"0,0%",NaN
3716-Tecnológica FITEC,53526-TECNICA PROFESIONAL EN PROCESOS EMPRESARIALES PARA MIPYMES,Masculino,2010-2,2023,Dependiente,Actividades de servicios administrativos y de apoyo,4,4,,"100,0%",NaN
3716-Tecnológica FITEC,53526-TECNICA PROFESIONAL EN PROCESOS EMPRESARIALES PARA MIPYMES,Masculino,2010-2,2023,Dependiente,Administración pública y defensa; planes de seguridad social de afiliación obligatoria,1,1,,"100,0%",NaN
3716-Tecnológica FITEC,53526-TECNICA PROFESIONAL EN PROCESOS EMPRESARIALES PARA MIPYMES,Masculino,2010-2,2023,Dependiente,Alojamiento y servicios de comida,1,1,,"100,0%",NaN
3716-Tecnológica FITEC,53526-TECNICA PROFESIONAL EN PROCESOS EMPRESARIALES PARA MIPYMES,Masculino,2010-2,2023,Dependiente,Industrias manufactureras,1,1,,"100,0%",NaN
3716-Tecnológica FITEC,53526-TECNICA PROFESIONAL EN PROCESOS EMPRESARIALES PARA MIPYMES,Masculino,2010-2,2023,Dependiente,Información y comunicaciones,1,1,,"100,0%",NaN
3716-Tecnológica FITEC,53526-TECNICA PROFESIONAL EN PROCESOS EMPRESARIALES PARA MIPYMES,Masculino,2010-2,2023,Dependiente,Otras actividades de servicios,1,1,,"100,0%",NaN
3716-Tecnológica FITEC,53526-TECNICA PROFESIONAL EN PROCESOS EMPRESARIALES PARA MIPYMES,Masculino,2010-2,2023,Dependiente,Transporte y almacenamiento,1,1,,"100,0%",NaN
3716-Tecnológica FITEC,53526-TECNICA PROFESIONAL EN PROCESOS EMPRESARIALES PARA MIPYMES,Masculino,2010-2,2023,Independiente,Administración pública y defensa; planes de seguridad social de afiliación obligatoria,1,1,,"100,0%",NaN
3716-Tecnológica FITEC,53526-TECNICA PROFESIONAL EN PROCESOS EMPRESARIALES PARA MIPYMES,Masculino,2010-2,2023,No cotizante,SIN DATO,10,0,,"0,0%",NaN
3716-Tecnológica FITEC,103181-TECNOLOGIA EN GESTION EMPRESARIAL,Femenino,2010-2,2017,No cotizante,Sin información,1,0,,"0,0%",NaN
3716-Tecnológica FITEC,103181-TECNOLOGIA EN GESTION EMPRESARIAL,Femenino,2010-2,2018,No cotizante,Sin información,1,0,,"0,0%",NaN
3716-Tecnológica FITEC,103181-TECNOLOGIA EN GESTION EMPRESARIAL,Femenino,2010-2,2019,No cotizante,Sin información,1,0,,"0,0%",NaN
3716-Tecnológica FITEC,103181-TECNOLOGIA EN GESTION EMPRESARIAL,Femenino,2010-2,2020,No cotizante,Sin información,1,0,,"0,0%",NaN
3716-Tecnológica FITEC,103181-TECNOLOGIA EN GESTION EMPRESARIAL,Femenino,2010-2,2021,No cotizante,Sin información,1,0,,"0,0%",NaN
3716-Tecnológica FITEC,103181-TECNOLOGIA EN GESTION EMPRESARIAL,Femenino,2010-2,2022,No cotizante,SIN DATO,1,0,,"0,0%",NaN
3716-Tecnológica FITEC,103181-TECNOLOGIA EN GESTION EMPRESARIAL,Femenino,2010-2,2023,No cotizante,SIN DATO,1,0,,"0,0%",NaN
3716-Tecnológica FITEC,102937-TECNOLOGIA EN GESTION FINANCIERA,Femenino,2010-2,2017,Dependiente,"Actividades profesionales, científicas y técnicas",1,1,,"100,0%",NaN
3716-Tecnológica FITEC,102937-TECNOLOGIA EN GESTION FINANCIERA,Femenino,2010-2,2017,Dependiente,Comercio al por mayor y al por menor; reparación de vehículos automotores y motocicletas,1,1,,"100,0%",NaN
3716-Tecnológica FITEC,102937-TECNOLOGIA EN GESTION FINANCIERA,Femenino,2010-2,2017,No cotizante,Sin información,2,0,,"0,0%",NaN
3716-Tecnológica FITEC,102937-TECNOLOGIA EN GESTION FINANCIERA,Femenino,2010-2,2018,Dependiente,"Actividades profesionales, científicas y técnicas",1,1,,"100,0%",NaN
3716-Tecnológica FITEC,102937-TECNOLOGIA EN GESTION FINANCIERA,Femenino,2010-2,2018,No cotizante,Sin información,2,0,,"0,0%",NaN
3716-Tecnológica FITEC,102937-TECNOLOGIA EN GESTION FINANCIERA,Femenino,2010-2,2019,No cotizante,Sin información,2,0,,"0,0%",NaN
3716-Tecnológica FITEC,102937-TECNOLOGIA EN GESTION FINANCIERA,Femenino,2010-2,2020,No cotizante,Sin información,2,0,,"0,0%",NaN
3716-Tecnológica FITEC,102937-TECNOLOGIA EN GESTION FINANCIERA,Femenino,2010-2,2021,No cotizante,Sin información,2,0,,"0,0%",NaN
3716-Tecnológica FITEC,102937-TECNOLOGIA EN GESTION FINANCIERA,Femenino,2010-2,2022,No cotizante,SIN DATO,2,0,,"0,0%",NaN
3716-Tecnológica FITEC,102937-TECNOLOGIA EN GESTION FINANCIERA,Femenino,2010-2,2023,No cotizante,SIN DATO,2,0,,"0,0%",NaN
3716-Tecnológica FITEC,102937-TECNOLOGIA EN GESTION FINANCIERA,Masculino,2010-2,2017,Dependiente,Alojamiento y servicios de comida,1,1,,"100,0%",NaN
3716-Tecnológica FITEC,102937-TECNOLOGIA EN GESTION FINANCIERA,Masculino,2010-2,2017,No cotizante,Sin información,1,0,,"0,0%",NaN
3716-Tecnológica FITEC,102937-TECNOLOGIA EN GESTION FINANCIERA,Masculino,2010-2,2018,Dependiente,Alojamiento y servicios de comida,1,1,,"100,0%",NaN
3716-Tecnológica FITEC,102937-TECNOLOGIA EN GESTION FINANCIERA,Masculino,2010-2,2018,No cotizante,Sin información,1,0,,"0,0%",NaN
3716-Tecnológica FITEC,102937-TECNOLOGIA EN GESTION FINANCIERA,Masculino,2010-2,2019,Dependiente,Sin información,1,1,,"100,0%",NaN
3716-Tecnológica FITEC,102937-TECNOLOGIA EN GESTION FINANCIERA,Masculino,2010-2,2019,No cotizante,Sin información,1,0,,"0,0%",NaN
3716-Tecnológica FITEC,102937-TECNOLOGIA EN GESTION FINANCIERA,Masculino,2010-2,2020,No cotizante,Sin información,2,0,,"0,0%",NaN
3716-Tecnológica FITEC,102937-TECNOLOGIA EN GESTION FINANCIERA,Masculino,2010-2,2021,No cotizante,Sin información,2,0,,"0,0%",NaN
3716-Tecnológica FITEC,102937-TECNOLOGIA EN GESTION FINANCIERA,Masculino,2010-2,2022,Dependiente,Transporte y almacenamiento,1,1,,"100,0%",NaN
3716-Tecnológica FITEC,102937-TECNOLOGIA EN GESTION FINANCIERA,Masculino,2010-2,2022,No cotizante,SIN DATO,1,0,,"0,0%",NaN
3716-Tecnológica FITEC,102937-TECNOLOGIA EN GESTION FINANCIERA,Masculino,2010-2,2023,Dependiente,Transporte y almacenamiento,1,1,,"100,0%",NaN
3716-Tecnológica FITEC,102937-TECNOLOGIA EN GESTION FINANCIERA,Masculino,2010-2,2023,No cotizante,SIN DATO,1,0,,"0,0%",NaN
1826-Universidad Antonio Nariño,9874-ESPECIALIZACION EN ADMINISTRACION PUBLICA,Femenino,2010-2,2016,Dependiente,"Actividades profesionales, científicas y técnicas",2,2,,"100,0%",$2.177.750
1826-Universidad Antonio Nariño,9874-ESPECIALIZACION EN ADMINISTRACION PUBLICA,Femenino,2010-2,2016,Dependiente,Administración pública y defensa; planes de seguridad social de afiliación obligatoria,5,5,,"100,0%",$2.294.400
1826-Universidad Antonio Nariño,9874-ESPECIALIZACION EN ADMINISTRACION PUBLICA,Femenino,2010-2,2016,Dependiente,Construccion,1,1,,"100,0%",$689.455
1826-Universidad Antonio Nariño,9874-ESPECIALIZACION EN ADMINISTRACION PUBLICA,Femenino,2010-2,2016,Dependiente,Educación,1,1,,"100,0%",$3.390.000
1826-Universidad Antonio Nariño,9874-ESPECIALIZACION EN ADMINISTRACION PUBLICA,Femenino,2010-2,2016,Dependiente,Sin información,1,1,,"100,0%",$10.055.000
1826-Universidad Antonio Nariño,9874-ESPECIALIZACION EN ADMINISTRACION PUBLICA,Femenino,2010-2,2016,Independiente,"Actividades profesionales, científicas y técnicas",1,1,,"100,0%",NaN
1826-Universidad Antonio Nariño,9874-ESPECIALIZACION EN ADMINISTRACION PUBLICA,Femenino,2010-2,2016,Independiente,Educación,1,1,,"100,0%",NaN
1826-Universidad Antonio Nariño,9874-ESPECIALIZACION EN ADMINISTRACION PUBLICA,Femenino,2010-2,2016,Independiente,Información y comunicaciones,1,1,,"100,0%",NaN
1826-Universidad Antonio Nariño,9874-ESPECIALIZACION EN ADMINISTRACION PUBLICA,Femenino,2010-2,2016,No cotizante,Sin información,2,0,,"0,0%",NaN
1826-Universidad Antonio Nariño,9874-ESPECIALIZACION EN ADMINISTRACION PUBLICA,Femenino,2010-2,2017,Dependiente,Actividades financieras y de seguros,1,1,,"100,0%",NaN
1826-Universidad Antonio Nariño,9874-ESPECIALIZACION EN ADMINISTRACION PUBLICA,Femenino,2010-2,2017,Dependiente,"Actividades profesionales, científicas y técnicas",1,1,,"100,0%",NaN
1826-Universidad Antonio Nariño,9874-ESPECIALIZACION EN ADMINISTRACION PUBLICA,Femenino,2010-2,2017,Dependiente,Administración pública y defensa; planes de seguridad social de afiliación obligatoria,3,3,,"100,0%",NaN
1826-Universidad Antonio Nariño,9874-ESPECIALIZACION EN ADMINISTRACION PUBLICA,Femenino,2010-2,2017,Dependiente,Educación,1,1,,"100,0%",NaN
1826-Universidad Antonio Nariño,9874-ESPECIALIZACION EN ADMINISTRACION PUBLICA,Femenino,2010-2,2017,Dependiente,Otras actividades de servicios,2,2,,"100,0%",NaN
1826-Universidad Antonio Nariño,9874-ESPECIALIZACION EN ADMINISTRACION PUBLICA,Femenino,2010-2,2017,Independiente,"Actividades profesionales, científicas y técnicas",1,1,,"100,0%",NaN
1826-Universidad Antonio Nariño,9874-ESPECIALIZACION EN ADMINISTRACION PUBLICA,Femenino,2010-2,2017,Independiente,Educación,1,1,,"100,0%",NaN
1826-Universidad Antonio Nariño,9874-ESPECIALIZACION EN ADMINISTRACION PUBLICA,Femenino,2010-2,2017,Independiente,Sin información,1,1,,"100,0%",NaN
1826-Universidad Antonio Nariño,9874-ESPECIALIZACION EN ADMINISTRACION PUBLICA,Femenino,2010-2,2017,No cotizante,Sin información,3,0,,"0,0%",NaN
1826-Universidad Antonio Nariño,9874-ESPECIALIZACION EN ADMINISTRACION PUBLICA,Femenino,2010-2,2018,Dependiente,Actividades financieras y de seguros,1,1,,"100,0%",NaN
1826-Universidad Antonio Nariño,9874-ESPECIALIZACION EN ADMINISTRACION PUBLICA,Femenino,2010-2,2018,Dependiente,"Actividades profesionales, científicas y técnicas",1,1,,"100,0%",NaN
1826-Universidad Antonio Nariño,9874-ESPECIALIZACION EN ADMINISTRACION PUBLICA,Femenino,2010-2,2018,Dependiente,Administración pública y defensa; planes de seguridad social de afiliación obligatoria,2,2,,"100,0%",NaN
1826-Universidad Antonio Nariño,9874-ESPECIALIZACION EN ADMINISTRACION PUBLICA,Femenino,2010-2,2018,Dependiente,Educación,1,1,,"100,0%",NaN
1826-Universidad Antonio Nariño,9874-ESPECIALIZACION EN ADMINISTRACION PUBLICA,Femenino,2010-2,2018,Dependiente,Otras actividades de servicios,2,2,,"100,0%",NaN
1826-Universidad Antonio Nariño,9874-ESPECIALIZACION EN ADMINISTRACION PUBLICA,Femenino,2010-2,2018,Independiente,Actividades financieras y de seguros,1,1,,"100,0%",NaN
1826-Universidad Antonio Nariño,9874-ESPECIALIZACION EN ADMINISTRACION PUBLICA,Femenino,2010-2,2018,Independiente,"Actividades profesionales, científicas y técnicas",1,1,,"100,0%",NaN
1826-Universidad Antonio Nariño,9874-ESPECIALIZACION EN ADMINISTRACION PUBLICA,Femenino,2010-2,2018,Independiente,Educación,1,1,,"100,0%",NaN
1826-Universidad Antonio Nariño,9874-ESPECIALIZACION EN ADMINISTRACION PUBLICA,Femenino,2010-2,2018,Independiente,Sin información,1,1,,"100,0%",NaN
1826-Universidad Antonio Nariño,9874-ESPECIALIZACION EN ADMINISTRACION PUBLICA,Femenino,2010-2,2018,No cotizante,Sin información,2,0,,"0,0%",NaN
1826-Universidad Antonio Nariño,9874-ESPECIALIZACION EN ADMINISTRACION PUBLICA,Femenino,2010-2,2019,Dependiente,"Actividades profesionales, científicas y técnicas",1,1,,"100,0%",NaN
1826-Universidad Antonio Nariño,9874-ESPECIALIZACION EN ADMINISTRACION PUBLICA,Femenino,2010-2,2019,Dependiente,Administración pública y defensa; planes de seguridad social de afiliación obligatoria,5,5,,"100,0%",NaN
1826-Universidad Antonio Nariño,9874-ESPECIALIZACION EN ADMINISTRACION PUBLICA,Femenino,2010-2,2019,Dependiente,Educación,1,1,,"100,0%",NaN
1826-Universidad Antonio Nariño,9874-ESPECIALIZACION EN ADMINISTRACION PUBLICA,Femenino,2010-2,2019,Independiente,Actividades financieras y de seguros,1,1,,"100,0%",NaN
1826-Universidad Antonio Nariño,9874-ESPECIALIZACION EN ADMINISTRACION PUBLICA,Femenino,2010-2,2019,Independiente,"Actividades profesionales, científicas y técnicas",1,1,,"100,0%",NaN
1826-Universidad Antonio Nariño,9874-ESPECIALIZACION EN ADMINISTRACION PUBLICA,Femenino,2010-2,2019,Independiente,Administración pública y defensa; planes de seguridad social de afiliación obligatoria,1,1,,"100,0%",NaN
1826-Universidad Antonio Nariño,9874-ESPECIALIZACION EN ADMINISTRACION PUBLICA,Femenino,2010-2,2019,Independiente,Educación,1,1,,"100,0%",NaN
1826-Universidad Antonio Nariño,9874-ESPECIALIZACION EN ADMINISTRACION PUBLICA,Femenino,2010-2,2019,No cotizante,Sin información,2,0,,"0,0%",NaN
1826-Universidad Antonio Nariño,9874-ESPECIALIZACION EN ADMINISTRACION PUBLICA,Femenino,2010-2,2020,Dependiente,Actividades de atención de la salud humana y de asistencia social,1,1,,"100,0%",NaN
1826-Universidad Antonio Nariño,9874-ESPECIALIZACION EN ADMINISTRACION PUBLICA,Femenino,2010-2,2020,Dependiente,Actividades financieras y de seguros,1,1,,"100,0%",NaN
1826-Universidad Antonio Nariño,9874-ESPECIALIZACION EN ADMINISTRACION PUBLICA,Femenino,2010-2,2020,Dependiente,"Actividades profesionales, científicas y técnicas",1,1,,"100,0%",NaN
1826-Universidad Antonio Nariño,9874-ESPECIALIZACION EN ADMINISTRACION PUBLICA,Femenino,2010-2,2020,Dependiente,Administración pública y defensa; planes de seguridad social de afiliación obligatoria,4,4,,"100,0%",NaN
1826-Universidad Antonio Nariño,9874-ESPECIALIZACION EN ADMINISTRACION PUBLICA,Femenino,2010-2,2020,Dependiente,Educación,1,1,,"100,0%",NaN
1826-Universidad Antonio Nariño,9874-ESPECIALIZACION EN ADMINISTRACION PUBLICA,Femenino,2010-2,2020,Dependiente,Otras actividades de servicios,1,1,,"100,0%",NaN
1826-Universidad Antonio Nariño,9874-ESPECIALIZACION EN ADMINISTRACION PUBLICA,Femenino,2010-2,2020,Independiente,"Actividades profesionales, científicas y técnicas",1,1,,"100,0%",NaN
1826-Universidad Antonio Nariño,9874-ESPECIALIZACION EN ADMINISTRACION PUBLICA,Femenino,2010-2,2020,No cotizante,Sin información,3,0,,"0,0%",NaN
1826-Universidad Antonio Nariño,9874-ESPECIALIZACION EN ADMINISTRACION PUBLICA,Femenino,2010-2,2021,Dependiente,Actividades de atención de la salud humana y de asistencia social,1,1,,"100,0%",NaN
1826-Universidad Antonio Nariño,9874-ESPECIALIZACION EN ADMINISTRACION PUBLICA,Femenino,2010-2,2021,Dependiente,Actividades financieras y de seguros,1,1,,"100,0%",NaN
1826-Universidad Antonio Nariño,9874-ESPECIALIZACION EN ADMINISTRACION PUBLICA,Femenino,2010-2,2021,Dependiente,"Actividades profesionales, científicas y técnicas",1,1,,"100,0%",NaN
1826-Universidad Antonio Nariño,9874-ESPECIALIZACION EN ADMINISTRACION PUBLICA,Femenino,2010-2,2021,Dependiente,Administración pública y defensa; planes de seguridad social de afiliación obligatoria,4,4,,"100,0%",NaN
1826-Universidad Antonio Nariño,9874-ESPECIALIZACION EN ADMINISTRACION PUBLICA,Femenino,2010-2,2021,Dependiente,Educación,1,1,,"100,0%",NaN
1826-Universidad Antonio Nariño,9874-ESPECIALIZACION EN ADMINISTRACION PUBLICA,Femenino,2010-2,2021,Dependiente,Otras actividades de servicios,1,1,,"100,0%",NaN
1826-Universidad Antonio Nariño,9874-ESPECIALIZACION EN ADMINISTRACION PUBLICA,Femenino,2010-2,2021,Independiente,"Actividades profesionales, científicas y técnicas",1,1,,"100,0%",NaN
1826-Universidad Antonio Nariño,9874-ESPECIALIZACION EN ADMINISTRACION PUBLICA,Femenino,2010-2,2021,No cotizante,Sin información,3,0,,"0,0%",NaN
1826-Universidad Antonio Nariño,9874-ESPECIALIZACION EN ADMINISTRACION PUBLICA,Femenino,2010-2,2022,Dependiente,Actividades de atención de la salud humana y de asistencia social,1,1,,"100,0%",NaN
1826-Universidad Antonio Nariño,9874-ESPECIALIZACION EN ADMINISTRACION PUBLICA,Femenino,2010-2,2022,Dependiente,Actividades financieras y de seguros,1,1,,"100,0%",NaN
1826-Universidad Antonio Nariño,9874-ESPECIALIZACION EN ADMINISTRACION PUBLICA,Femenino,2010-2,2022,Dependiente,Administración pública y defensa; planes de seguridad social de afiliación obligatoria,3,3,,"100,0%",NaN
1826-Universidad Antonio Nariño,9874-ESPECIALIZACION EN ADMINISTRACION PUBLICA,Femenino,2010-2,2022,Dependiente,Educación,1,1,,"100,0%",NaN
1826-Universidad Antonio Nariño,9874-ESPECIALIZACION EN ADMINISTRACION PUBLICA,Femenino,2010-2,2022,Dependiente,Otras actividades de servicios,1,1,,"100,0%",NaN
1826-Universidad Antonio Nariño,9874-ESPECIALIZACION EN ADMINISTRACION PUBLICA,Femenino,2010-2,2022,Independiente,"Actividades profesionales, científicas y técnicas",1,1,,"100,0%",NaN
1826-Universidad Antonio Nariño,9874-ESPECIALIZACION EN ADMINISTRACION PUBLICA,Femenino,2010-2,2022,Independiente,Administración pública y defensa; planes de seguridad social de afiliación obligatoria,1,1,,"100,0%",NaN
1826-Universidad Antonio Nariño,9874-ESPECIALIZACION EN ADMINISTRACION PUBLICA,Femenino,2010-2,2022,No cotizante,SIN DATO,3,0,,"0,0%",NaN
1826-Universidad Antonio Nariño,9874-ESPECIALIZACION EN ADMINISTRACION PUBLICA,Femenino,2010-2,2023,Dependiente,Actividades de atención de la salud humana y de asistencia social,1,1,,"100,0%",NaN
1826-Universidad Antonio Nariño,9874-ESPECIALIZACION EN ADMINISTRACION PUBLICA,Femenino,2010-2,2023,Dependiente,Administración pública y defensa; planes de seguridad social de afiliación obligatoria,3,3,,"100,0%",NaN
1826-Universidad Antonio Nariño,9874-ESPECIALIZACION EN ADMINISTRACION PUBLICA,Femenino,2010-2,2023,Dependiente,Educación,1,1,,"100,0%",NaN
1826-Universidad Antonio Nariño,9874-ESPECIALIZACION EN ADMINISTRACION PUBLICA,Femenino,2010-2,2023,Dependiente,Otras actividades de servicios,1,1,,"100,0%",NaN
1826-Universidad Antonio Nariño,9874-ESPECIALIZACION EN ADMINISTRACION PUBLICA,Femenino,2010-2,2023,Independiente,"Actividades profesionales, científicas y técnicas",2,2,,"100,0%",NaN
1826-Universidad Antonio Nariño,9874-ESPECIALIZACION EN ADMINISTRACION PUBLICA,Femenino,2010-2,2023,Independiente,Administración pública y defensa; planes de seguridad social de afiliación obligatoria,1,1,,"100,0%",NaN
1826-Universidad Antonio Nariño,9874-ESPECIALIZACION EN ADMINISTRACION PUBLICA,Femenino,2010-2,2023,No cotizante,SIN DATO,3,0,,"0,0%",NaN
1826-Universidad Antonio Nariño,9874-ESPECIALIZACION EN ADMINISTRACION PUBLICA,Masculino,2010-2,2016,Dependiente,Actividades de servicios administrativos y de apoyo,1,1,,"100,0%",$2.500.000
1826-Universidad Antonio Nariño,9874-ESPECIALIZACION EN ADMINISTRACION PUBLICA,Masculino,2010-2,2016,Dependiente,Administración pública y defensa; planes de seguridad social de afiliación obligatoria,7,7,,"100,0%",$3.863.000
1826-Universidad Antonio Nariño,9874-ESPECIALIZACION EN ADMINISTRACION PUBLICA,Masculino,2010-2,2016,Dependiente,"Agricultura, ganadería, caza, silvicultura y pesca",1,1,,"100,0%",$1.989.455
1826-Universidad Antonio Nariño,9874-ESPECIALIZACION EN ADMINISTRACION PUBLICA,Masculino,2010-2,2016,Dependiente,Construccion,1,1,,"100,0%",$6.274.000
1826-Universidad Antonio Nariño,9874-ESPECIALIZACION EN ADMINISTRACION PUBLICA,Masculino,2010-2,2016,Dependiente,Explotación de minas y canteras,1,1,,"100,0%",$3.000.000
1826-Universidad Antonio Nariño,9874-ESPECIALIZACION EN ADMINISTRACION PUBLICA,Masculino,2010-2,2016,Dependiente,Sin información,1,1,,"100,0%",$1.657.500
1826-Universidad Antonio Nariño,9874-ESPECIALIZACION EN ADMINISTRACION PUBLICA,Masculino,2010-2,2016,Independiente,"Actividades profesionales, científicas y técnicas",2,2,,"100,0%",NaN
1826-Universidad Antonio Nariño,9874-ESPECIALIZACION EN ADMINISTRACION PUBLICA,Masculino,2010-2,2016,Independiente,Administración pública y defensa; planes de seguridad social de afiliación obligatoria,2,2,,"100,0%",NaN
1826-Universidad Antonio Nariño,9874-ESPECIALIZACION EN ADMINISTRACION PUBLICA,Masculino,2010-2,2016,Independiente,Educación,1,1,,"100,0%",NaN
1826-Universidad Antonio Nariño,9874-ESPECIALIZACION EN ADMINISTRACION PUBLICA,Masculino,2010-2,2016,Independiente,Sin información,1,1,,"100,0%",NaN
1826-Universidad Antonio Nariño,9874-ESPECIALIZACION EN ADMINISTRACION PUBLICA,Masculino,2010-2,2016,No cotizante,Sin información,2,0,,"0,0%",NaN
1826-Universidad Antonio Nariño,9874-ESPECIALIZACION EN ADMINISTRACION PUBLICA,Masculino,2010-2,2017,Dependiente,Actividades de organizaciones y entidades extraterritoriales,1,1,,"100,0%",NaN
1826-Universidad Antonio Nariño,9874-ESPECIALIZACION EN ADMINISTRACION PUBLICA,Masculino,2010-2,2017,Dependiente,Actividades financieras y de seguros,1,1,,"100,0%",NaN
1826-Universidad Antonio Nariño,9874-ESPECIALIZACION EN ADMINISTRACION PUBLICA,Masculino,2010-2,2017,Dependiente,"Actividades profesionales, científicas y técnicas",3,3,,"100,0%",NaN
1826-Universidad Antonio Nariño,9874-ESPECIALIZACION EN ADMINISTRACION PUBLICA,Masculino,2010-2,2017,Dependiente,Administración pública y defensa; planes de seguridad social de afiliación obligatoria,4,4,,"100,0%",NaN
1826-Universidad Antonio Nariño,9874-ESPECIALIZACION EN ADMINISTRACION PUBLICA,Masculino,2010-2,2017,Dependiente,Educación,1,1,,"100,0%",NaN
1826-Universidad Antonio Nariño,9874-ESPECIALIZACION EN ADMINISTRACION PUBLICA,Masculino,2010-2,2017,Dependiente,Otras actividades de servicios,1,1,,"100,0%",NaN
1826-Universidad Antonio Nariño,9874-ESPECIALIZACION EN ADMINISTRACION PUBLICA,Masculino,2010-2,2017,Dependiente,Sin información,1,1,,"100,0%",NaN
1826-Universidad Antonio Nariño,9874-ESPECIALIZACION EN ADMINISTRACION PUBLICA,Masculino,2010-2,2017,Independiente,"Actividades profesionales, científicas y técnicas",3,3,,"100,0%",NaN
1826-Universidad Antonio Nariño,9874-ESPECIALIZACION EN ADMINISTRACION PUBLICA,Masculino,2010-2,2017,Independiente,Otras actividades de servicios,1,1,,"100,0%",NaN
1826-Universidad Antonio Nariño,9874-ESPECIALIZACION EN ADMINISTRACION PUBLICA,Masculino,2010-2,2017,Independiente,Sin información,1,1,,"100,0%",NaN
1826-Universidad Antonio Nariño,9874-ESPECIALIZACION EN ADMINISTRACION PUBLICA,Masculino,2010-2,2017,No cotizante,Sin información,3,0,,"0,0%",NaN
1826-Universidad Antonio Nariño,9874-ESPECIALIZACION EN ADMINISTRACION PUBLICA,Masculino,2010-2,2018,Dependiente,Actividades de organizaciones y entidades extraterritoriales,1,1,,"100,0%",NaN
1826-Universidad Antonio Nariño,9874-ESPECIALIZACION EN ADMINISTRACION PUBLICA,Masculino,2010-2,2018,Dependiente,Actividades financieras y de seguros,1,1,,"100,0%",NaN
1826-Universidad Antonio Nariño,9874-ESPECIALIZACION EN ADMINISTRACION PUBLICA,Masculino,2010-2,2018,Dependiente,"Actividades profesionales, científicas y técnicas",2,2,,"100,0%",NaN
1826-Universidad Antonio Nariño,9874-ESPECIALIZACION EN ADMINISTRACION PUBLICA,Masculino,2010-2,2018,Dependiente,Administración pública y defensa; planes de seguridad social de afiliación obligatoria,3,3,,"100,0%",NaN
1826-Universidad Antonio Nariño,9874-ESPECIALIZACION EN ADMINISTRACION PUBLICA,Masculino,2010-2,2018,Dependiente,Otras actividades de servicios,1,1,,"100,0%",NaN
1826-Universidad Antonio Nariño,9874-ESPECIALIZACION EN ADMINISTRACION PUBLICA,Masculino,2010-2,2018,Dependiente,Sin información,1,1,,"100,0%",NaN
1826-Universidad Antonio Nariño,9874-ESPECIALIZACION EN ADMINISTRACION PUBLICA,Masculino,2010-2,2018,Independiente,"Actividades profesionales, científicas y técnicas",6,6,,"100,0%",NaN
1826-Universidad Antonio Nariño,9874-ESPECIALIZACION EN ADMINISTRACION PUBLICA,Masculino,2010-2,2018,Independiente,Otras actividades de servicios,1,1,,"100,0%",NaN
1826-Universidad Antonio Nariño,9874-ESPECIALIZACION EN ADMINISTRACION PUBLICA,Masculino,2010-2,2018,Independiente,Sin información,1,1,,"100,0%",NaN
1826-Universidad Antonio Nariño,9874-ESPECIALIZACION EN ADMINISTRACION PUBLICA,Masculino,2010-2,2018,No cotizante,Sin información,2,0,,"0,0%",NaN
1826-Universidad Antonio Nariño,9874-ESPECIALIZACION EN ADMINISTRACION PUBLICA,Masculino,2010-2,2019,Dependiente,Actividades de organizaciones y entidades extraterritoriales,1,1,,"100,0%",NaN
1826-Universidad Antonio Nariño,9874-ESPECIALIZACION EN ADMINISTRACION PUBLICA,Masculino,2010-2,2019,Dependiente,"Actividades profesionales, científicas y técnicas",2,2,,"100,0%",NaN
1826-Universidad Antonio Nariño,9874-ESPECIALIZACION EN ADMINISTRACION PUBLICA,Masculino,2010-2,2019,Dependiente,Administración pública y defensa; planes de seguridad social de afiliación obligatoria,4,4,,"100,0%",NaN
1826-Universidad Antonio Nariño,9874-ESPECIALIZACION EN ADMINISTRACION PUBLICA,Masculino,2010-2,2019,Dependiente,Comercio al por mayor y al por menor; reparación de vehículos automotores y motocicletas,1,1,,"100,0%",NaN
1826-Universidad Antonio Nariño,9874-ESPECIALIZACION EN ADMINISTRACION PUBLICA,Masculino,2010-2,2019,Independiente,"Actividades profesionales, científicas y técnicas",4,4,,"100,0%",NaN
1826-Universidad Antonio Nariño,9874-ESPECIALIZACION EN ADMINISTRACION PUBLICA,Masculino,2010-2,2019,Independiente,Administración pública y defensa; planes de seguridad social de afiliación obligatoria,1,1,,"100,0%",NaN
1826-Universidad Antonio Nariño,9874-ESPECIALIZACION EN ADMINISTRACION PUBLICA,Masculino,2010-2,2019,Independiente,Comercio al por mayor y al por menor; reparación de vehículos automotores y motocicletas,1,1,,"100,0%",NaN
1826-Universidad Antonio Nariño,9874-ESPECIALIZACION EN ADMINISTRACION PUBLICA,Masculino,2010-2,2019,Independiente,Otras actividades de servicios,1,1,,"100,0%",NaN
1826-Universidad Antonio Nariño,9874-ESPECIALIZACION EN ADMINISTRACION PUBLICA,Masculino,2010-2,2019,No cotizante,Sin información,4,0,,"0,0%",NaN
1826-Universidad Antonio Nariño,9874-ESPECIALIZACION EN ADMINISTRACION PUBLICA,Masculino,2010-2,2020,Dependiente,Actividades de organizaciones y entidades extraterritoriales,1,1,,"100,0%",NaN
1826-Universidad Antonio Nariño,9874-ESPECIALIZACION EN ADMINISTRACION PUBLICA,Masculino,2010-2,2020,Dependiente,"Actividades profesionales, científicas y técnicas",2,2,,"100,0%",NaN
1826-Universidad Antonio Nariño,9874-ESPECIALIZACION EN ADMINISTRACION PUBLICA,Masculino,2010-2,2020,Dependiente,Administración pública y defensa; planes de seguridad social de afiliación obligatoria,4,4,,"100,0%",NaN
1826-Universidad Antonio Nariño,9874-ESPECIALIZACION EN ADMINISTRACION PUBLICA,Masculino,2010-2,2020,Dependiente,Alojamiento y servicios de comida,1,1,,"100,0%",NaN
1826-Universidad Antonio Nariño,9874-ESPECIALIZACION EN ADMINISTRACION PUBLICA,Masculino,2010-2,2020,Dependiente,"Distribución de agua; evacuación y tratamiento de aguas residuales, gestión de desechos y actividades de saneamiento ambiental",1,1,,"100,0%",NaN
1826-Universidad Antonio Nariño,9874-ESPECIALIZACION EN ADMINISTRACION PUBLICA,Masculino,2010-2,2020,Dependiente,Industrias manufactureras,1,1,,"100,0%",NaN
1826-Universidad Antonio Nariño,9874-ESPECIALIZACION EN ADMINISTRACION PUBLICA,Masculino,2010-2,2020,Dependiente,Otras actividades de servicios,1,1,,"100,0%",NaN
1826-Universidad Antonio Nariño,9874-ESPECIALIZACION EN ADMINISTRACION PUBLICA,Masculino,2010-2,2020,Independiente,"Actividades profesionales, científicas y técnicas",2,2,,"100,0%",NaN
1826-Universidad Antonio Nariño,9874-ESPECIALIZACION EN ADMINISTRACION PUBLICA,Masculino,2010-2,2020,Independiente,Comercio al por mayor y al por menor; reparación de vehículos automotores y motocicletas,1,1,,"100,0%",NaN
1826-Universidad Antonio Nariño,9874-ESPECIALIZACION EN ADMINISTRACION PUBLICA,Masculino,2010-2,2020,Independiente,Otras actividades de servicios,1,1,,"100,0%",NaN
1826-Universidad Antonio Nariño,9874-ESPECIALIZACION EN ADMINISTRACION PUBLICA,Masculino,2010-2,2020,No cotizante,Sin información,4,0,,"0,0%",NaN
1826-Universidad Antonio Nariño,9874-ESPECIALIZACION EN ADMINISTRACION PUBLICA,Masculino,2010-2,2021,Dependiente,Actividades de organizaciones y entidades extraterritoriales,1,1,,"100,0%",NaN
1826-Universidad Antonio Nariño,9874-ESPECIALIZACION EN ADMINISTRACION PUBLICA,Masculino,2010-2,2021,Dependiente,"Actividades profesionales, científicas y técnicas",2,2,,"100,0%",NaN
1826-Universidad Antonio Nariño,9874-ESPECIALIZACION EN ADMINISTRACION PUBLICA,Masculino,2010-2,2021,Dependiente,Administración pública y defensa; planes de seguridad social de afiliación obligatoria,2,2,,"100,0%",NaN
1826-Universidad Antonio Nariño,9874-ESPECIALIZACION EN ADMINISTRACION PUBLICA,Masculino,2010-2,2021,Dependiente,"Distribución de agua; evacuación y tratamiento de aguas residuales, gestión de desechos y actividades de saneamiento ambiental",1,1,,"100,0%",NaN
1826-Universidad Antonio Nariño,9874-ESPECIALIZACION EN ADMINISTRACION PUBLICA,Masculino,2010-2,2021,Dependiente,Industrias manufactureras,1,1,,"100,0%",NaN
1826-Universidad Antonio Nariño,9874-ESPECIALIZACION EN ADMINISTRACION PUBLICA,Masculino,2010-2,2021,Dependiente,Otras actividades de servicios,1,1,,"100,0%",NaN
1826-Universidad Antonio Nariño,9874-ESPECIALIZACION EN ADMINISTRACION PUBLICA,Masculino,2010-2,2021,Independiente,"Actividades profesionales, científicas y técnicas",3,3,,"100,0%",NaN
1826-Universidad Antonio Nariño,9874-ESPECIALIZACION EN ADMINISTRACION PUBLICA,Masculino,2010-2,2021,Independiente,Administración pública y defensa; planes de seguridad social de afiliación obligatoria,1,1,,"100,0%",NaN
1826-Universidad Antonio Nariño,9874-ESPECIALIZACION EN ADMINISTRACION PUBLICA,Masculino,2010-2,2021,Independiente,Comercio al por mayor y al por menor; reparación de vehículos automotores y motocicletas,1,1,,"100,0%",NaN
1826-Universidad Antonio Nariño,9874-ESPECIALIZACION EN ADMINISTRACION PUBLICA,Masculino,2010-2,2021,Independiente,Otras actividades de servicios,2,2,,"100,0%",NaN
1826-Universidad Antonio Nariño,9874-ESPECIALIZACION EN ADMINISTRACION PUBLICA,Masculino,2010-2,2021,No cotizante,Sin información,4,0,,"0,0%",NaN
1826-Universidad Antonio Nariño,9874-ESPECIALIZACION EN ADMINISTRACION PUBLICA,Masculino,2010-2,2022,Dependiente,"Actividades profesionales, científicas y técnicas",3,3,,"100,0%",NaN
1826-Universidad Antonio Nariño,9874-ESPECIALIZACION EN ADMINISTRACION PUBLICA,Masculino,2010-2,2022,Dependiente,Administración pública y defensa; planes de seguridad social de afiliación obligatoria,2,2,,"100,0%",NaN
1826-Universidad Antonio Nariño,9874-ESPECIALIZACION EN ADMINISTRACION PUBLICA,Masculino,2010-2,2022,Dependiente,Industrias manufactureras,1,1,,"100,0%",NaN
1826-Universidad Antonio Nariño,9874-ESPECIALIZACION EN ADMINISTRACION PUBLICA,Masculino,2010-2,2022,Dependiente,Otras actividades de servicios,1,1,,"100,0%",NaN
1826-Universidad Antonio Nariño,9874-ESPECIALIZACION EN ADMINISTRACION PUBLICA,Masculino,2010-2,2022,Independiente,"Actividades profesionales, científicas y técnicas",4,4,,"100,0%",NaN
1826-Universidad Antonio Nariño,9874-ESPECIALIZACION EN ADMINISTRACION PUBLICA,Masculino,2010-2,2022,Independiente,Administración pública y defensa; planes de seguridad social de afiliación obligatoria,1,1,,"100,0%",NaN
1826-Universidad Antonio Nariño,9874-ESPECIALIZACION EN ADMINISTRACION PUBLICA,Masculino,2010-2,2022,Independiente,Comercio al por mayor y al por menor; reparación de vehículos automotores y motocicletas,1,1,,"100,0%",NaN
1826-Universidad Antonio Nariño,9874-ESPECIALIZACION EN ADMINISTRACION PUBLICA,Masculino,2010-2,2022,Independiente,Otras actividades de servicios,1,1,,"100,0%",NaN
1826-Universidad Antonio Nariño,9874-ESPECIALIZACION EN ADMINISTRACION PUBLICA,Masculino,2010-2,2022,No cotizante,SIN DATO,5,0,,"0,0%",NaN
1826-Universidad Antonio Nariño,9874-ESPECIALIZACION EN ADMINISTRACION PUBLICA,Masculino,2010-2,2023,Dependiente,"Actividades profesionales, científicas y técnicas",2,2,,"100,0%",NaN
1826-Universidad Antonio Nariño,9874-ESPECIALIZACION EN ADMINISTRACION PUBLICA,Masculino,2010-2,2023,Dependiente,Administración pública y defensa; planes de seguridad social de afiliación obligatoria,3,3,,"100,0%",NaN
1826-Universidad Antonio Nariño,9874-ESPECIALIZACION EN ADMINISTRACION PUBLICA,Masculino,2010-2,2023,Dependiente,Industrias manufactureras,1,1,,"100,0%",NaN
1826-Universidad Antonio Nariño,9874-ESPECIALIZACION EN ADMINISTRACION PUBLICA,Masculino,2010-2,2023,Dependiente,Otras actividades de servicios,1,1,,"100,0%",NaN
1826-Universidad Antonio Nariño,9874-ESPECIALIZACION EN ADMINISTRACION PUBLICA,Masculino,2010-2,2023,Independiente,"Actividades profesionales, científicas y técnicas",4,4,,"100,0%",NaN
1826-Universidad Antonio Nariño,9874-ESPECIALIZACION EN ADMINISTRACION PUBLICA,Masculino,2010-2,2023,Independiente,Administración pública y defensa; planes de seguridad social de afiliación obligatoria,1,1,,"100,0%",NaN
1826-Universidad Antonio Nariño,9874-ESPECIALIZACION EN ADMINISTRACION PUBLICA,Masculino,2010-2,2023,Independiente,Comercio al por mayor y al por menor; reparación de vehículos automotores y motocicletas,1,1,,"100,0%",NaN
1826-Universidad Antonio Nariño,9874-ESPECIALIZACION EN ADMINISTRACION PUBLICA,Masculino,2010-2,2023,Independiente,Otras actividades de servicios,1,1,,"100,0%",NaN
1826-Universidad Antonio Nariño,9874-ESPECIALIZACION EN ADMINISTRACION PUBLICA,Masculino,2010-2,2023,No cotizante,SIN DATO,5,0,,"0,0%",NaN
1826-Universidad Antonio Nariño,2538-ESPECIALIZACION EN AUDITORIA DE SISTEMAS,Femenino,2010-2,2016,Dependiente,Actividades financieras y de seguros,1,1,,"100,0%",$3.000.000
1826-Universidad Antonio Nariño,2538-ESPECIALIZACION EN AUDITORIA DE SISTEMAS,Femenino,2010-2,2016,Dependiente,Administración pública y defensa; planes de seguridad social de afiliación obligatoria,3,3,,"100,0%",$4.479.667
1826-Universidad Antonio Nariño,2538-ESPECIALIZACION EN AUDITORIA DE SISTEMAS,Femenino,2010-2,2016,Dependiente,Comercio al por mayor y al por menor; reparación de vehículos automotores y motocicletas,1,1,,"100,0%",$689.455
1826-Universidad Antonio Nariño,2538-ESPECIALIZACION EN AUDITORIA DE SISTEMAS,Femenino,2010-2,2016,Dependiente,"Distribución de agua; evacuación y tratamiento de aguas residuales, gestión de desechos y actividades de saneamiento ambiental",1,1,,"100,0%",$2.355.000
1826-Universidad Antonio Nariño,2538-ESPECIALIZACION EN AUDITORIA DE SISTEMAS,Femenino,2010-2,2016,Independiente,"Actividades profesionales, científicas y técnicas",1,1,,"100,0%",NaN
1826-Universidad Antonio Nariño,2538-ESPECIALIZACION EN AUDITORIA DE SISTEMAS,Femenino,2010-2,2016,Independiente,Educación,1,1,,"100,0%",NaN
1826-Universidad Antonio Nariño,2538-ESPECIALIZACION EN AUDITORIA DE SISTEMAS,Femenino,2010-2,2017,Dependiente,Administración pública y defensa; planes de seguridad social de afiliación obligatoria,3,3,,"100,0%",NaN
1826-Universidad Antonio Nariño,2538-ESPECIALIZACION EN AUDITORIA DE SISTEMAS,Femenino,2010-2,2017,Dependiente,Construccion,1,1,,"100,0%",NaN
1826-Universidad Antonio Nariño,2538-ESPECIALIZACION EN AUDITORIA DE SISTEMAS,Femenino,2010-2,2017,Dependiente,"Distribución de agua; evacuación y tratamiento de aguas residuales, gestión de desechos y actividades de saneamiento ambiental",1,1,,"100,0%",NaN
1826-Universidad Antonio Nariño,2538-ESPECIALIZACION EN AUDITORIA DE SISTEMAS,Femenino,2010-2,2017,Dependiente,Industrias manufactureras,1,1,,"100,0%",NaN
1826-Universidad Antonio Nariño,2538-ESPECIALIZACION EN AUDITORIA DE SISTEMAS,Femenino,2010-2,2017,Independiente,"Actividades profesionales, científicas y técnicas",1,1,,"100,0%",NaN
1826-Universidad Antonio Nariño,2538-ESPECIALIZACION EN AUDITORIA DE SISTEMAS,Femenino,2010-2,2017,Independiente,Educación,1,1,,"100,0%",NaN
1826-Universidad Antonio Nariño,2538-ESPECIALIZACION EN AUDITORIA DE SISTEMAS,Femenino,2010-2,2018,Dependiente,Administración pública y defensa; planes de seguridad social de afiliación obligatoria,3,3,,"100,0%",NaN
1826-Universidad Antonio Nariño,2538-ESPECIALIZACION EN AUDITORIA DE SISTEMAS,Femenino,2010-2,2018,Dependiente,Construccion,1,1,,"100,0%",NaN
1826-Universidad Antonio Nariño,2538-ESPECIALIZACION EN AUDITORIA DE SISTEMAS,Femenino,2010-2,2018,Dependiente,"Distribución de agua; evacuación y tratamiento de aguas residuales, gestión de desechos y actividades de saneamiento ambiental",1,1,,"100,0%",NaN
1826-Universidad Antonio Nariño,2538-ESPECIALIZACION EN AUDITORIA DE SISTEMAS,Femenino,2010-2,2018,Dependiente,Industrias manufactureras,1,1,,"100,0%",NaN
1826-Universidad Antonio Nariño,2538-ESPECIALIZACION EN AUDITORIA DE SISTEMAS,Femenino,2010-2,2018,Independiente,"Actividades profesionales, científicas y técnicas",1,1,,"100,0%",NaN
1826-Universidad Antonio Nariño,2538-ESPECIALIZACION EN AUDITORIA DE SISTEMAS,Femenino,2010-2,2018,Independiente,Educación,1,1,,"100,0%",NaN
1826-Universidad Antonio Nariño,2538-ESPECIALIZACION EN AUDITORIA DE SISTEMAS,Femenino,2010-2,2019,Dependiente,Actividades de servicios administrativos y de apoyo,1,1,,"100,0%",NaN
1826-Universidad Antonio Nariño,2538-ESPECIALIZACION EN AUDITORIA DE SISTEMAS,Femenino,2010-2,2019,Dependiente,Administración pública y defensa; planes de seguridad social de afiliación obligatoria,3,3,,"100,0%",NaN
1826-Universidad Antonio Nariño,2538-ESPECIALIZACION EN AUDITORIA DE SISTEMAS,Femenino,2010-2,2019,Dependiente,"Distribución de agua; evacuación y tratamiento de aguas residuales, gestión de desechos y actividades de saneamiento ambiental",1,1,,"100,0%",NaN
1826-Universidad Antonio Nariño,2538-ESPECIALIZACION EN AUDITORIA DE SISTEMAS,Femenino,2010-2,2019,Independiente,"Actividades profesionales, científicas y técnicas",2,2,,"100,0%",NaN
1826-Universidad Antonio Nariño,2538-ESPECIALIZACION EN AUDITORIA DE SISTEMAS,Femenino,2010-2,2019,Independiente,Educación,1,1,,"100,0%",NaN
1826-Universidad Antonio Nariño,2538-ESPECIALIZACION EN AUDITORIA DE SISTEMAS,Femenino,2010-2,2020,Dependiente,Actividades de servicios administrativos y de apoyo,1,1,,"100,0%",NaN
1826-Universidad Antonio Nariño,2538-ESPECIALIZACION EN AUDITORIA DE SISTEMAS,Femenino,2010-2,2020,Dependiente,Administración pública y defensa; planes de seguridad social de afiliación obligatoria,3,3,,"100,0%",NaN
1826-Universidad Antonio Nariño,2538-ESPECIALIZACION EN AUDITORIA DE SISTEMAS,Femenino,2010-2,2020,Dependiente,"Distribución de agua; evacuación y tratamiento de aguas residuales, gestión de desechos y actividades de saneamiento ambiental",1,1,,"100,0%",NaN
1826-Universidad Antonio Nariño,2538-ESPECIALIZACION EN AUDITORIA DE SISTEMAS,Femenino,2010-2,2020,Independiente,"Actividades profesionales, científicas y técnicas",2,2,,"100,0%",NaN
1826-Universidad Antonio Nariño,2538-ESPECIALIZACION EN AUDITORIA DE SISTEMAS,Femenino,2010-2,2020,Independiente,Educación,1,1,,"100,0%",NaN
1826-Universidad Antonio Nariño,2538-ESPECIALIZACION EN AUDITORIA DE SISTEMAS,Femenino,2010-2,2021,Dependiente,Actividades de servicios administrativos y de apoyo,1,1,,"100,0%",NaN
1826-Universidad Antonio Nariño,2538-ESPECIALIZACION EN AUDITORIA DE SISTEMAS,Femenino,2010-2,2021,Dependiente,Administración pública y defensa; planes de seguridad social de afiliación obligatoria,3,3,,"100,0%",NaN
1826-Universidad Antonio Nariño,2538-ESPECIALIZACION EN AUDITORIA DE SISTEMAS,Femenino,2010-2,2021,Dependiente,"Distribución de agua; evacuación y tratamiento de aguas residuales, gestión de desechos y actividades de saneamiento ambiental",1,1,,"100,0%",NaN
1826-Universidad Antonio Nariño,2538-ESPECIALIZACION EN AUDITORIA DE SISTEMAS,Femenino,2010-2,2021,Independiente,"Actividades profesionales, científicas y técnicas",2,2,,"100,0%",NaN
1826-Universidad Antonio Nariño,2538-ESPECIALIZACION EN AUDITORIA DE SISTEMAS,Femenino,2010-2,2021,Independiente,Comercio al por mayor y al por menor; reparación de vehículos automotores y motocicletas,1,1,,"100,0%",NaN
1826-Universidad Antonio Nariño,2538-ESPECIALIZACION EN AUDITORIA DE SISTEMAS,Femenino,2010-2,2022,Dependiente,Administración pública y defensa; planes de seguridad social de afiliación obligatoria,3,3,,"100,0%",NaN
1826-Universidad Antonio Nariño,2538-ESPECIALIZACION EN AUDITORIA DE SISTEMAS,Femenino,2010-2,2022,Dependiente,"Distribución de agua; evacuación y tratamiento de aguas residuales, gestión de desechos y actividades de saneamiento ambiental",1,1,,"100,0%",NaN
1826-Universidad Antonio Nariño,2538-ESPECIALIZACION EN AUDITORIA DE SISTEMAS,Femenino,2010-2,2022,Independiente,"Actividades profesionales, científicas y técnicas",2,2,,"100,0%",NaN
1826-Universidad Antonio Nariño,2538-ESPECIALIZACION EN AUDITORIA DE SISTEMAS,Femenino,2010-2,2022,Independiente,Educación,1,1,,"100,0%",NaN
1826-Universidad Antonio Nariño,2538-ESPECIALIZACION EN AUDITORIA DE SISTEMAS,Femenino,2010-2,2022,Independiente,Información y comunicaciones,1,1,,"100,0%",NaN
1826-Universidad Antonio Nariño,2538-ESPECIALIZACION EN AUDITORIA DE SISTEMAS,Femenino,2010-2,2023,Dependiente,Actividades de servicios administrativos y de apoyo,1,1,,"100,0%",NaN
1826-Universidad Antonio Nariño,2538-ESPECIALIZACION EN AUDITORIA DE SISTEMAS,Femenino,2010-2,2023,Dependiente,Administración pública y defensa; planes de seguridad social de afiliación obligatoria,3,3,,"100,0%",NaN
1826-Universidad Antonio Nariño,2538-ESPECIALIZACION EN AUDITORIA DE SISTEMAS,Femenino,2010-2,2023,Dependiente,"Distribución de agua; evacuación y tratamiento de aguas residuales, gestión de desechos y actividades de saneamiento ambiental",1,1,,"100,0%",NaN
1826-Universidad Antonio Nariño,2538-ESPECIALIZACION EN AUDITORIA DE SISTEMAS,Femenino,2010-2,2023,Independiente,"Actividades profesionales, científicas y técnicas",1,1,,"100,0%",NaN
1826-Universidad Antonio Nariño,2538-ESPECIALIZACION EN AUDITORIA DE SISTEMAS,Femenino,2010-2,2023,Independiente,Educación,1,1,,"100,0%",NaN
1826-Universidad Antonio Nariño,2538-ESPECIALIZACION EN AUDITORIA DE SISTEMAS,Femenino,2010-2,2023,Independiente,Información y comunicaciones,1,1,,"100,0%",NaN
1826-Universidad Antonio Nariño,2538-ESPECIALIZACION EN AUDITORIA DE SISTEMAS,Masculino,2010-2,2016,Dependiente,Actividades de servicios administrativos y de apoyo,2,2,,"100,0%",$2.836.000
1826-Universidad Antonio Nariño,2538-ESPECIALIZACION EN AUDITORIA DE SISTEMAS,Masculino,2010-2,2016,Dependiente,"Actividades profesionales, científicas y técnicas",2,2,,"100,0%",$3.691.000
1826-Universidad Antonio Nariño,2538-ESPECIALIZACION EN AUDITORIA DE SISTEMAS,Masculino,2010-2,2016,Dependiente,Administración pública y defensa; planes de seguridad social de afiliación obligatoria,1,1,,"100,0%",$2.600.000
1826-Universidad Antonio Nariño,2538-ESPECIALIZACION EN AUDITORIA DE SISTEMAS,Masculino,2010-2,2017,Dependiente,"Actividades artísticas, de entretenimiento y recreación",2,2,,"100,0%",NaN
1826-Universidad Antonio Nariño,2538-ESPECIALIZACION EN AUDITORIA DE SISTEMAS,Masculino,2010-2,2017,Dependiente,"Actividades profesionales, científicas y técnicas",1,1,,"100,0%",NaN
1826-Universidad Antonio Nariño,2538-ESPECIALIZACION EN AUDITORIA DE SISTEMAS,Masculino,2010-2,2017,Dependiente,Administración pública y defensa; planes de seguridad social de afiliación obligatoria,1,1,,"100,0%",NaN
1826-Universidad Antonio Nariño,2538-ESPECIALIZACION EN AUDITORIA DE SISTEMAS,Masculino,2010-2,2017,Dependiente,Información y comunicaciones,1,1,,"100,0%",NaN
1826-Universidad Antonio Nariño,2538-ESPECIALIZACION EN AUDITORIA DE SISTEMAS,Masculino,2010-2,2018,Dependiente,"Actividades artísticas, de entretenimiento y recreación",1,1,,"100,0%",NaN
1826-Universidad Antonio Nariño,2538-ESPECIALIZACION EN AUDITORIA DE SISTEMAS,Masculino,2010-2,2018,Dependiente,Actividades de atención de la salud humana y de asistencia social,1,1,,"100,0%",NaN
1826-Universidad Antonio Nariño,2538-ESPECIALIZACION EN AUDITORIA DE SISTEMAS,Masculino,2010-2,2018,Dependiente,"Actividades profesionales, científicas y técnicas",1,1,,"100,0%",NaN
1826-Universidad Antonio Nariño,2538-ESPECIALIZACION EN AUDITORIA DE SISTEMAS,Masculino,2010-2,2018,Dependiente,Administración pública y defensa; planes de seguridad social de afiliación obligatoria,1,1,,"100,0%",NaN
1826-Universidad Antonio Nariño,2538-ESPECIALIZACION EN AUDITORIA DE SISTEMAS,Masculino,2010-2,2018,Independiente,Otras actividades de servicios,1,1,,"100,0%",NaN
1826-Universidad Antonio Nariño,2538-ESPECIALIZACION EN AUDITORIA DE SISTEMAS,Masculino,2010-2,2019,Dependiente,"Actividades artísticas, de entretenimiento y recreación",1,1,,"100,0%",NaN
1826-Universidad Antonio Nariño,2538-ESPECIALIZACION EN AUDITORIA DE SISTEMAS,Masculino,2010-2,2019,Dependiente,"Actividades profesionales, científicas y técnicas",2,2,,"100,0%",NaN
1826-Universidad Antonio Nariño,2538-ESPECIALIZACION EN AUDITORIA DE SISTEMAS,Masculino,2010-2,2019,Dependiente,Administración pública y defensa; planes de seguridad social de afiliación obligatoria,1,1,,"100,0%",NaN
1826-Universidad Antonio Nariño,2538-ESPECIALIZACION EN AUDITORIA DE SISTEMAS,Masculino,2010-2,2019,Independiente,Otras actividades de servicios,1,1,,"100,0%",NaN
1826-Universidad Antonio Nariño,2538-ESPECIALIZACION EN AUDITORIA DE SISTEMAS,Masculino,2010-2,2020,Dependiente,"Actividades artísticas, de entretenimiento y recreación",1,1,,"100,0%",NaN
1826-Universidad Antonio Nariño,2538-ESPECIALIZACION EN AUDITORIA DE SISTEMAS,Masculino,2010-2,2020,Dependiente,"Actividades profesionales, científicas y técnicas",2,2,,"100,0%",NaN
1826-Universidad Antonio Nariño,2538-ESPECIALIZACION EN AUDITORIA DE SISTEMAS,Masculino,2010-2,2020,Dependiente,Administración pública y defensa; planes de seguridad social de afiliación obligatoria,1,1,,"100,0%",NaN
1826-Universidad Antonio Nariño,2538-ESPECIALIZACION EN AUDITORIA DE SISTEMAS,Masculino,2010-2,2020,Independiente,"Actividades profesionales, científicas y técnicas",1,1,,"100,0%",NaN
1826-Universidad Antonio Nariño,2538-ESPECIALIZACION EN AUDITORIA DE SISTEMAS,Masculino,2010-2,2021,Dependiente,"Actividades artísticas, de entretenimiento y recreación",1,1,,"100,0%",NaN
1826-Universidad Antonio Nariño,2538-ESPECIALIZACION EN AUDITORIA DE SISTEMAS,Masculino,2010-2,2021,Dependiente,Actividades de servicios administrativos y de apoyo,1,1,,"100,0%",NaN
1826-Universidad Antonio Nariño,2538-ESPECIALIZACION EN AUDITORIA DE SISTEMAS,Masculino,2010-2,2021,Dependiente,"Actividades profesionales, científicas y técnicas",1,1,,"100,0%",NaN
1826-Universidad Antonio Nariño,2538-ESPECIALIZACION EN AUDITORIA DE SISTEMAS,Masculino,2010-2,2021,Dependiente,Administración pública y defensa; planes de seguridad social de afiliación obligatoria,1,1,,"100,0%",NaN
1826-Universidad Antonio Nariño,2538-ESPECIALIZACION EN AUDITORIA DE SISTEMAS,Masculino,2010-2,2021,Independiente,"Actividades profesionales, científicas y técnicas",1,1,,"100,0%",NaN
1826-Universidad Antonio Nariño,2538-ESPECIALIZACION EN AUDITORIA DE SISTEMAS,Masculino,2010-2,2022,Dependiente,"Actividades artísticas, de entretenimiento y recreación",1,1,,"100,0%",NaN
1826-Universidad Antonio Nariño,2538-ESPECIALIZACION EN AUDITORIA DE SISTEMAS,Masculino,2010-2,2022,Dependiente,"Actividades profesionales, científicas y técnicas",1,1,,"100,0%",NaN
1826-Universidad Antonio Nariño,2538-ESPECIALIZACION EN AUDITORIA DE SISTEMAS,Masculino,2010-2,2022,Dependiente,Construccion,1,1,,"100,0%",NaN
1826-Universidad Antonio Nariño,2538-ESPECIALIZACION EN AUDITORIA DE SISTEMAS,Masculino,2010-2,2022,Dependiente,Información y comunicaciones,1,1,,"100,0%",NaN
1826-Universidad Antonio Nariño,2538-ESPECIALIZACION EN AUDITORIA DE SISTEMAS,Masculino,2010-2,2022,Independiente,"Actividades profesionales, científicas y técnicas",1,1,,"100,0%",NaN
1826-Universidad Antonio Nariño,2538-ESPECIALIZACION EN AUDITORIA DE SISTEMAS,Masculino,2010-2,2023,Dependiente,"Actividades artísticas, de entretenimiento y recreación",1,1,,"100,0%",NaN
1826-Universidad Antonio Nariño,2538-ESPECIALIZACION EN AUDITORIA DE SISTEMAS,Masculino,2010-2,2023,Dependiente,"Actividades profesionales, científicas y técnicas",1,1,,"100,0%",NaN
1826-Universidad Antonio Nariño,2538-ESPECIALIZACION EN AUDITORIA DE SISTEMAS,Masculino,2010-2,2023,Independiente,Actividades de los hogares individuales en calidad de empleadores; actividades no diferenciadas de los hogares individuales como productores de bienes y servicios para uso propio,1,1,,"100,0%",NaN
1826-Universidad Antonio Nariño,2538-ESPECIALIZACION EN AUDITORIA DE SISTEMAS,Masculino,2010-2,2023,Independiente,"Actividades profesionales, científicas y técnicas",2,2,,"100,0%",NaN
1826-Universidad Antonio Nariño,16116-ESPECIALIZACION EN COMPUTACION PARA LA DOCENCIA,Femenino,2010-2,2016,Dependiente,Administración pública y defensa; planes de seguridad social de afiliación obligatoria,8,8,,"100,0%",$3.424.500
1826-Universidad Antonio Nariño,16116-ESPECIALIZACION EN COMPUTACION PARA LA DOCENCIA,Femenino,2010-2,2016,Dependiente,"Agricultura, ganadería, caza, silvicultura y pesca",1,1,,"100,0%",$3.183.000
1826-Universidad Antonio Nariño,16116-ESPECIALIZACION EN COMPUTACION PARA LA DOCENCIA,Femenino,2010-2,2016,Dependiente,Sin información,1,1,,"100,0%",$3.183.000
1826-Universidad Antonio Nariño,16116-ESPECIALIZACION EN COMPUTACION PARA LA DOCENCIA,Femenino,2010-2,2016,Independiente,Sin información,1,1,,"100,0%",NaN
1826-Universidad Antonio Nariño,16116-ESPECIALIZACION EN COMPUTACION PARA LA DOCENCIA,Femenino,2010-2,2017,Dependiente,Actividades de organizaciones y entidades extraterritoriales,1,1,,"100,0%",NaN
1826-Universidad Antonio Nariño,16116-ESPECIALIZACION EN COMPUTACION PARA LA DOCENCIA,Femenino,2010-2,2017,Dependiente,Sin información,9,9,,"100,0%",NaN
1826-Universidad Antonio Nariño,16116-ESPECIALIZACION EN COMPUTACION PARA LA DOCENCIA,Femenino,2010-2,2017,Independiente,Sin información,1,1,,"100,0%",NaN
1826-Universidad Antonio Nariño,16116-ESPECIALIZACION EN COMPUTACION PARA LA DOCENCIA,Femenino,2010-2,2018,Dependiente,Actividades de organizaciones y entidades extraterritoriales,1,1,,"100,0%",NaN
1826-Universidad Antonio Nariño,16116-ESPECIALIZACION EN COMPUTACION PARA LA DOCENCIA,Femenino,2010-2,2018,Dependiente,Sin información,9,9,,"100,0%",NaN
1826-Universidad Antonio Nariño,16116-ESPECIALIZACION EN COMPUTACION PARA LA DOCENCIA,Femenino,2010-2,2018,Independiente,Sin información,1,1,,"100,0%",NaN
1826-Universidad Antonio Nariño,16116-ESPECIALIZACION EN COMPUTACION PARA LA DOCENCIA,Femenino,2010-2,2019,Dependiente,Actividades de organizaciones y entidades extraterritoriales,1,1,,"100,0%",NaN
1826-Universidad Antonio Nariño,16116-ESPECIALIZACION EN COMPUTACION PARA LA DOCENCIA,Femenino,2010-2,2019,Dependiente,"Actividades profesionales, científicas y técnicas",1,1,,"100,0%",NaN
1826-Universidad Antonio Nariño,16116-ESPECIALIZACION EN COMPUTACION PARA LA DOCENCIA,Femenino,2010-2,2019,Dependiente,Administración pública y defensa; planes de seguridad social de afiliación obligatoria,2,2,,"100,0%",NaN
1826-Universidad Antonio Nariño,16116-ESPECIALIZACION EN COMPUTACION PARA LA DOCENCIA,Femenino,2010-2,2019,Dependiente,Sin información,6,6,,"100,0%",NaN
1826-Universidad Antonio Nariño,16116-ESPECIALIZACION EN COMPUTACION PARA LA DOCENCIA,Femenino,2010-2,2019,Independiente,Administración pública y defensa; planes de seguridad social de afiliación obligatoria,1,1,,"100,0%",NaN
1826-Universidad Antonio Nariño,16116-ESPECIALIZACION EN COMPUTACION PARA LA DOCENCIA,Femenino,2010-2,2020,Dependiente,Actividades de servicios administrativos y de apoyo,1,1,,"100,0%",NaN
1826-Universidad Antonio Nariño,16116-ESPECIALIZACION EN COMPUTACION PARA LA DOCENCIA,Femenino,2010-2,2020,Dependiente,"Actividades profesionales, científicas y técnicas",2,2,,"100,0%",NaN
1826-Universidad Antonio Nariño,16116-ESPECIALIZACION EN COMPUTACION PARA LA DOCENCIA,Femenino,2010-2,2020,Dependiente,Administración pública y defensa; planes de seguridad social de afiliación obligatoria,7,7,,"100,0%",NaN
1826-Universidad Antonio Nariño,16116-ESPECIALIZACION EN COMPUTACION PARA LA DOCENCIA,Femenino,2010-2,2020,Independiente,Administración pública y defensa; planes de seguridad social de afiliación obligatoria,1,1,,"100,0%",NaN
1826-Universidad Antonio Nariño,16116-ESPECIALIZACION EN COMPUTACION PARA LA DOCENCIA,Femenino,2010-2,2021,Dependiente,Actividades de organizaciones y entidades extraterritoriales,1,1,,"100,0%",NaN
1826-Universidad Antonio Nariño,16116-ESPECIALIZACION EN COMPUTACION PARA LA DOCENCIA,Femenino,2010-2,2021,Dependiente,Administración pública y defensa; planes de seguridad social de afiliación obligatoria,8,8,,"100,0%",NaN
1826-Universidad Antonio Nariño,16116-ESPECIALIZACION EN COMPUTACION PARA LA DOCENCIA,Femenino,2010-2,2021,Dependiente,"Agricultura, ganadería, caza, silvicultura y pesca",1,1,,"100,0%",NaN
1826-Universidad Antonio Nariño,16116-ESPECIALIZACION EN COMPUTACION PARA LA DOCENCIA,Femenino,2010-2,2021,No cotizante,Sin información,1,0,,"0,0%",NaN
1826-Universidad Antonio Nariño,16116-ESPECIALIZACION EN COMPUTACION PARA LA DOCENCIA,Femenino,2010-2,2022,Dependiente,"Actividades profesionales, científicas y técnicas",1,1,,"100,0%",NaN
1826-Universidad Antonio Nariño,16116-ESPECIALIZACION EN COMPUTACION PARA LA DOCENCIA,Femenino,2010-2,2022,Dependiente,Administración pública y defensa; planes de seguridad social de afiliación obligatoria,9,9,,"100,0%",NaN
1826-Universidad Antonio Nariño,16116-ESPECIALIZACION EN COMPUTACION PARA LA DOCENCIA,Femenino,2010-2,2022,No cotizante,SIN DATO,1,0,,"0,0%",NaN
1826-Universidad Antonio Nariño,16116-ESPECIALIZACION EN COMPUTACION PARA LA DOCENCIA,Femenino,2010-2,2023,Dependiente,Actividades de servicios administrativos y de apoyo,1,1,,"100,0%",NaN
1826-Universidad Antonio Nariño,16116-ESPECIALIZACION EN COMPUTACION PARA LA DOCENCIA,Femenino,2010-2,2023,Dependiente,Actividades financieras y de seguros,5,5,,"100,0%",NaN
1826-Universidad Antonio Nariño,16116-ESPECIALIZACION EN COMPUTACION PARA LA DOCENCIA,Femenino,2010-2,2023,Dependiente,Administración pública y defensa; planes de seguridad social de afiliación obligatoria,3,3,,"100,0%",NaN
1826-Universidad Antonio Nariño,16116-ESPECIALIZACION EN COMPUTACION PARA LA DOCENCIA,Femenino,2010-2,2023,No cotizante,SIN DATO,2,0,,"0,0%",NaN
1826-Universidad Antonio Nariño,16116-ESPECIALIZACION EN COMPUTACION PARA LA DOCENCIA,Masculino,2010-2,2016,Dependiente,"Actividades profesionales, científicas y técnicas",1,1,,"100,0%",$2.795.000
1826-Universidad Antonio Nariño,16116-ESPECIALIZACION EN COMPUTACION PARA LA DOCENCIA,Masculino,2010-2,2016,Dependiente,Administración pública y defensa; planes de seguridad social de afiliación obligatoria,1,1,,"100,0%",$3.889.000
1826-Universidad Antonio Nariño,16116-ESPECIALIZACION EN COMPUTACION PARA LA DOCENCIA,Masculino,2010-2,2016,Dependiente,Sin información,2,2,,"100,0%",$3.421.000
1826-Universidad Antonio Nariño,16116-ESPECIALIZACION EN COMPUTACION PARA LA DOCENCIA,Masculino,2010-2,2017,Dependiente,"Actividades profesionales, científicas y técnicas",1,1,,"100,0%",NaN
1826-Universidad Antonio Nariño,16116-ESPECIALIZACION EN COMPUTACION PARA LA DOCENCIA,Masculino,2010-2,2017,Dependiente,Sin información,3,3,,"100,0%",NaN
1826-Universidad Antonio Nariño,16116-ESPECIALIZACION EN COMPUTACION PARA LA DOCENCIA,Masculino,2010-2,2018,Dependiente,"Actividades profesionales, científicas y técnicas",1,1,,"100,0%",NaN
1826-Universidad Antonio Nariño,16116-ESPECIALIZACION EN COMPUTACION PARA LA DOCENCIA,Masculino,2010-2,2018,Dependiente,Sin información,3,3,,"100,0%",NaN
1826-Universidad Antonio Nariño,16116-ESPECIALIZACION EN COMPUTACION PARA LA DOCENCIA,Masculino,2010-2,2019,Dependiente,"Actividades profesionales, científicas y técnicas",2,2,,"100,0%",NaN
1826-Universidad Antonio Nariño,16116-ESPECIALIZACION EN COMPUTACION PARA LA DOCENCIA,Masculino,2010-2,2019,Dependiente,Administración pública y defensa; planes de seguridad social de afiliación obligatoria,1,1,,"100,0%",NaN
1826-Universidad Antonio Nariño,16116-ESPECIALIZACION EN COMPUTACION PARA LA DOCENCIA,Masculino,2010-2,2019,Dependiente,Sin información,1,1,,"100,0%",NaN
1826-Universidad Antonio Nariño,16116-ESPECIALIZACION EN COMPUTACION PARA LA DOCENCIA,Masculino,2010-2,2020,Dependiente,Actividades de servicios administrativos y de apoyo,1,1,,"100,0%",NaN
1826-Universidad Antonio Nariño,16116-ESPECIALIZACION EN COMPUTACION PARA LA DOCENCIA,Masculino,2010-2,2020,Dependiente,"Actividades profesionales, científicas y técnicas",1,1,,"100,0%",NaN
1826-Universidad Antonio Nariño,16116-ESPECIALIZACION EN COMPUTACION PARA LA DOCENCIA,Masculino,2010-2,2020,Dependiente,Administración pública y defensa; planes de seguridad social de afiliación obligatoria,2,2,,"100,0%",NaN
1826-Universidad Antonio Nariño,16116-ESPECIALIZACION EN COMPUTACION PARA LA DOCENCIA,Masculino,2010-2,2021,Dependiente,Actividades de organizaciones y entidades extraterritoriales,1,1,,"100,0%",NaN
1826-Universidad Antonio Nariño,16116-ESPECIALIZACION EN COMPUTACION PARA LA DOCENCIA,Masculino,2010-2,2021,Dependiente,"Actividades profesionales, científicas y técnicas",1,1,,"100,0%",NaN
1826-Universidad Antonio Nariño,16116-ESPECIALIZACION EN COMPUTACION PARA LA DOCENCIA,Masculino,2010-2,2021,Dependiente,Administración pública y defensa; planes de seguridad social de afiliación obligatoria,2,2,,"100,0%",NaN
1826-Universidad Antonio Nariño,16116-ESPECIALIZACION EN COMPUTACION PARA LA DOCENCIA,Masculino,2010-2,2022,Dependiente,"Actividades profesionales, científicas y técnicas",1,1,,"100,0%",NaN
1826-Universidad Antonio Nariño,16116-ESPECIALIZACION EN COMPUTACION PARA LA DOCENCIA,Masculino,2010-2,2022,Dependiente,Administración pública y defensa; planes de seguridad social de afiliación obligatoria,3,3,,"100,0%",NaN
1826-Universidad Antonio Nariño,16116-ESPECIALIZACION EN COMPUTACION PARA LA DOCENCIA,Masculino,2010-2,2023,Dependiente,Actividades de servicios administrativos y de apoyo,1,1,,"100,0%",NaN
1826-Universidad Antonio Nariño,16116-ESPECIALIZACION EN COMPUTACION PARA LA DOCENCIA,Masculino,2010-2,2023,Dependiente,Administración pública y defensa; planes de seguridad social de afiliación obligatoria,2,2,,"100,0%",NaN
1823-Universidad Autónoma de Bucaramanga - UNAB,51809-ADMINISTRACION DE EMPRESAS,Femenino,2010-2,2016,Dependiente,Administración pública y defensa; planes de seguridad social de afiliación obligatoria,1,1,,"100,0%",$7.017.000
1823-Universidad Autónoma de Bucaramanga - UNAB,51809-ADMINISTRACION DE EMPRESAS,Femenino,2010-2,2016,Dependiente,"Agricultura, ganadería, caza, silvicultura y pesca",1,1,,"100,0%",$8.495.000
1823-Universidad Autónoma de Bucaramanga - UNAB,51809-ADMINISTRACION DE EMPRESAS,Femenino,2010-2,2016,Dependiente,Construccion,1,1,,"100,0%",$1.020.000
1823-Universidad Autónoma de Bucaramanga - UNAB,51809-ADMINISTRACION DE EMPRESAS,Femenino,2010-2,2016,Dependiente,Sin información,1,1,,"100,0%",$2.101.000
1823-Universidad Autónoma de Bucaramanga - UNAB,51809-ADMINISTRACION DE EMPRESAS,Femenino,2010-2,2016,Dependiente,Transporte y almacenamiento,1,1,,"100,0%",$3.500.000
1823-Universidad Autónoma de Bucaramanga - UNAB,51809-ADMINISTRACION DE EMPRESAS,Femenino,2010-2,2016,Independiente,Comercio al por mayor y al por menor; reparación de vehículos automotores y motocicletas,1,1,,"100,0%",NaN
1823-Universidad Autónoma de Bucaramanga - UNAB,51809-ADMINISTRACION DE EMPRESAS,Femenino,2010-2,2016,Independiente,Sin información,1,1,,"100,0%",NaN
1823-Universidad Autónoma de Bucaramanga - UNAB,51809-ADMINISTRACION DE EMPRESAS,Femenino,2010-2,2016,No cotizante,Sin información,2,0,,"0,0%",NaN
1823-Universidad Autónoma de Bucaramanga - UNAB,51809-ADMINISTRACION DE EMPRESAS,Femenino,2010-2,2017,Dependiente,Actividades de atención de la salud humana y de asistencia social,1,1,,"100,0%",NaN
1823-Universidad Autónoma de Bucaramanga - UNAB,51809-ADMINISTRACION DE EMPRESAS,Femenino,2010-2,2017,Dependiente,Administración pública y defensa; planes de seguridad social de afiliación obligatoria,1,1,,"100,0%",NaN
1823-Universidad Autónoma de Bucaramanga - UNAB,51809-ADMINISTRACION DE EMPRESAS,Femenino,2010-2,2017,Dependiente,"Agricultura, ganadería, caza, silvicultura y pesca",1,1,,"100,0%",NaN
1823-Universidad Autónoma de Bucaramanga - UNAB,51809-ADMINISTRACION DE EMPRESAS,Femenino,2010-2,2017,Dependiente,Sin información,1,1,,"100,0%",NaN
1823-Universidad Autónoma de Bucaramanga - UNAB,51809-ADMINISTRACION DE EMPRESAS,Femenino,2010-2,2017,Dependiente,Transporte y almacenamiento,1,1,,"100,0%",NaN
1823-Universidad Autónoma de Bucaramanga - UNAB,51809-ADMINISTRACION DE EMPRESAS,Femenino,2010-2,2017,Independiente,Sin información,1,1,,"100,0%",NaN
1823-Universidad Autónoma de Bucaramanga - UNAB,51809-ADMINISTRACION DE EMPRESAS,Femenino,2010-2,2017,No cotizante,Sin información,2,0,,"0,0%",NaN
1823-Universidad Autónoma de Bucaramanga - UNAB,51809-ADMINISTRACION DE EMPRESAS,Femenino,2010-2,2018,Dependiente,Actividades de atención de la salud humana y de asistencia social,1,1,,"100,0%",NaN
1823-Universidad Autónoma de Bucaramanga - UNAB,51809-ADMINISTRACION DE EMPRESAS,Femenino,2010-2,2018,Dependiente,Actividades de servicios administrativos y de apoyo,1,1,,"100,0%",NaN
1823-Universidad Autónoma de Bucaramanga - UNAB,51809-ADMINISTRACION DE EMPRESAS,Femenino,2010-2,2018,Dependiente,Administración pública y defensa; planes de seguridad social de afiliación obligatoria,1,1,,"100,0%",NaN
1823-Universidad Autónoma de Bucaramanga - UNAB,51809-ADMINISTRACION DE EMPRESAS,Femenino,2010-2,2018,Dependiente,"Agricultura, ganadería, caza, silvicultura y pesca",1,1,,"100,0%",NaN
1823-Universidad Autónoma de Bucaramanga - UNAB,51809-ADMINISTRACION DE EMPRESAS,Femenino,2010-2,2018,Dependiente,Sin información,1,1,,"100,0%",NaN
1823-Universidad Autónoma de Bucaramanga - UNAB,51809-ADMINISTRACION DE EMPRESAS,Femenino,2010-2,2018,Dependiente,Transporte y almacenamiento,1,1,,"100,0%",NaN
1823-Universidad Autónoma de Bucaramanga - UNAB,51809-ADMINISTRACION DE EMPRESAS,Femenino,2010-2,2018,No cotizante,Sin información,2,0,,"0,0%",NaN
1823-Universidad Autónoma de Bucaramanga - UNAB,51809-ADMINISTRACION DE EMPRESAS,Femenino,2010-2,2019,Dependiente,Actividades de atención de la salud humana y de asistencia social,1,1,,"100,0%",NaN
1823-Universidad Autónoma de Bucaramanga - UNAB,51809-ADMINISTRACION DE EMPRESAS,Femenino,2010-2,2019,Dependiente,Administración pública y defensa; planes de seguridad social de afiliación obligatoria,1,1,,"100,0%",NaN
1823-Universidad Autónoma de Bucaramanga - UNAB,51809-ADMINISTRACION DE EMPRESAS,Femenino,2010-2,2019,Dependiente,"Agricultura, ganadería, caza, silvicultura y pesca",1,1,,"100,0%",NaN
1823-Universidad Autónoma de Bucaramanga - UNAB,51809-ADMINISTRACION DE EMPRESAS,Femenino,2010-2,2019,Dependiente,Sin información,1,1,,"100,0%",NaN
1823-Universidad Autónoma de Bucaramanga - UNAB,51809-ADMINISTRACION DE EMPRESAS,Femenino,2010-2,2019,Dependiente,Transporte y almacenamiento,1,1,,"100,0%",NaN
1823-Universidad Autónoma de Bucaramanga - UNAB,51809-ADMINISTRACION DE EMPRESAS,Femenino,2010-2,2019,Independiente,Sin información,1,1,,"100,0%",NaN
1823-Universidad Autónoma de Bucaramanga - UNAB,51809-ADMINISTRACION DE EMPRESAS,Femenino,2010-2,2019,No cotizante,Sin información,2,0,,"0,0%",NaN
1823-Universidad Autónoma de Bucaramanga - UNAB,51809-ADMINISTRACION DE EMPRESAS,Femenino,2010-2,2020,Dependiente,Actividades de atención de la salud humana y de asistencia social,1,1,,"100,0%",NaN
1823-Universidad Autónoma de Bucaramanga - UNAB,51809-ADMINISTRACION DE EMPRESAS,Femenino,2010-2,2020,Dependiente,"Agricultura, ganadería, caza, silvicultura y pesca",1,1,,"100,0%",NaN
1823-Universidad Autónoma de Bucaramanga - UNAB,51809-ADMINISTRACION DE EMPRESAS,Femenino,2010-2,2020,Dependiente,Otras actividades de servicios,1,1,,"100,0%",NaN
1823-Universidad Autónoma de Bucaramanga - UNAB,51809-ADMINISTRACION DE EMPRESAS,Femenino,2010-2,2020,Dependiente,Transporte y almacenamiento,1,1,,"100,0%",NaN
1823-Universidad Autónoma de Bucaramanga - UNAB,51809-ADMINISTRACION DE EMPRESAS,Femenino,2010-2,2020,No cotizante,Sin información,4,0,,"0,0%",NaN
1823-Universidad Autónoma de Bucaramanga - UNAB,51809-ADMINISTRACION DE EMPRESAS,Femenino,2010-2,2021,Dependiente,Explotación de minas y canteras,1,1,,"100,0%",NaN
1823-Universidad Autónoma de Bucaramanga - UNAB,51809-ADMINISTRACION DE EMPRESAS,Femenino,2010-2,2021,Dependiente,Otras actividades de servicios,1,1,,"100,0%",NaN
1823-Universidad Autónoma de Bucaramanga - UNAB,51809-ADMINISTRACION DE EMPRESAS,Femenino,2010-2,2021,Dependiente,Transporte y almacenamiento,1,1,,"100,0%",NaN
1823-Universidad Autónoma de Bucaramanga - UNAB,51809-ADMINISTRACION DE EMPRESAS,Femenino,2010-2,2021,No cotizante,Sin información,5,0,,"0,0%",NaN
1823-Universidad Autónoma de Bucaramanga - UNAB,51809-ADMINISTRACION DE EMPRESAS,Femenino,2010-2,2022,Dependiente,Actividades de atención de la salud humana y de asistencia social,1,1,,"100,0%",NaN
1823-Universidad Autónoma de Bucaramanga - UNAB,51809-ADMINISTRACION DE EMPRESAS,Femenino,2010-2,2022,Dependiente,Explotación de minas y canteras,1,1,,"100,0%",NaN
1823-Universidad Autónoma de Bucaramanga - UNAB,51809-ADMINISTRACION DE EMPRESAS,Femenino,2010-2,2022,Dependiente,Información y comunicaciones,1,1,,"100,0%",NaN
1823-Universidad Autónoma de Bucaramanga - UNAB,51809-ADMINISTRACION DE EMPRESAS,Femenino,2010-2,2022,Dependiente,Transporte y almacenamiento,1,1,,"100,0%",NaN
1823-Universidad Autónoma de Bucaramanga - UNAB,51809-ADMINISTRACION DE EMPRESAS,Femenino,2010-2,2022,No cotizante,SIN DATO,4,0,,"0,0%",NaN
1823-Universidad Autónoma de Bucaramanga - UNAB,51809-ADMINISTRACION DE EMPRESAS,Femenino,2010-2,2023,Dependiente,Construccion,1,1,,"100,0%",NaN
1823-Universidad Autónoma de Bucaramanga - UNAB,51809-ADMINISTRACION DE EMPRESAS,Femenino,2010-2,2023,Dependiente,Explotación de minas y canteras,1,1,,"100,0%",NaN
1823-Universidad Autónoma de Bucaramanga - UNAB,51809-ADMINISTRACION DE EMPRESAS,Femenino,2010-2,2023,Dependiente,Información y comunicaciones,1,1,,"100,0%",NaN
1823-Universidad Autónoma de Bucaramanga - UNAB,51809-ADMINISTRACION DE EMPRESAS,Femenino,2010-2,2023,No cotizante,SIN DATO,4,0,,"0,0%",NaN
1823-Universidad Autónoma de Bucaramanga - UNAB,51809-ADMINISTRACION DE EMPRESAS,Masculino,2010-2,2016,Dependiente,Actividades financieras y de seguros,1,1,,"100,0%",$2.791.000
1823-Universidad Autónoma de Bucaramanga - UNAB,51809-ADMINISTRACION DE EMPRESAS,Masculino,2010-2,2016,Dependiente,"Agricultura, ganadería, caza, silvicultura y pesca",3,3,,"100,0%",$12.792.000
1823-Universidad Autónoma de Bucaramanga - UNAB,51809-ADMINISTRACION DE EMPRESAS,Masculino,2010-2,2016,Dependiente,Información y comunicaciones,1,1,,"100,0%",$689.455
1823-Universidad Autónoma de Bucaramanga - UNAB,51809-ADMINISTRACION DE EMPRESAS,Masculino,2010-2,2016,Independiente,"Actividades profesionales, científicas y técnicas",1,1,,"100,0%",NaN
1823-Universidad Autónoma de Bucaramanga - UNAB,51809-ADMINISTRACION DE EMPRESAS,Masculino,2010-2,2016,No cotizante,Sin información,2,0,,"0,0%",NaN
1823-Universidad Autónoma de Bucaramanga - UNAB,51809-ADMINISTRACION DE EMPRESAS,Masculino,2010-2,2017,Dependiente,Actividades financieras y de seguros,1,1,,"100,0%",NaN
1823-Universidad Autónoma de Bucaramanga - UNAB,51809-ADMINISTRACION DE EMPRESAS,Masculino,2010-2,2017,Dependiente,"Actividades profesionales, científicas y técnicas",1,1,,"100,0%",NaN
1823-Universidad Autónoma de Bucaramanga - UNAB,51809-ADMINISTRACION DE EMPRESAS,Masculino,2010-2,2017,Dependiente,Administración pública y defensa; planes de seguridad social de afiliación obligatoria,1,1,,"100,0%",NaN
1823-Universidad Autónoma de Bucaramanga - UNAB,51809-ADMINISTRACION DE EMPRESAS,Masculino,2010-2,2017,Dependiente,"Agricultura, ganadería, caza, silvicultura y pesca",1,1,,"100,0%",NaN
1823-Universidad Autónoma de Bucaramanga - UNAB,51809-ADMINISTRACION DE EMPRESAS,Masculino,2010-2,2017,Dependiente,Industrias manufactureras,2,2,,"100,0%",NaN
1823-Universidad Autónoma de Bucaramanga - UNAB,51809-ADMINISTRACION DE EMPRESAS,Masculino,2010-2,2017,No cotizante,Sin información,2,0,,"0,0%",NaN
1823-Universidad Autónoma de Bucaramanga - UNAB,51809-ADMINISTRACION DE EMPRESAS,Masculino,2010-2,2018,Dependiente,Actividades financieras y de seguros,1,1,,"100,0%",NaN
1823-Universidad Autónoma de Bucaramanga - UNAB,51809-ADMINISTRACION DE EMPRESAS,Masculino,2010-2,2018,Dependiente,Administración pública y defensa; planes de seguridad social de afiliación obligatoria,1,1,,"100,0%",NaN
1823-Universidad Autónoma de Bucaramanga - UNAB,51809-ADMINISTRACION DE EMPRESAS,Masculino,2010-2,2018,Dependiente,"Agricultura, ganadería, caza, silvicultura y pesca",1,1,,"100,0%",NaN
1823-Universidad Autónoma de Bucaramanga - UNAB,51809-ADMINISTRACION DE EMPRESAS,Masculino,2010-2,2018,Dependiente,Industrias manufactureras,2,2,,"100,0%",NaN
1823-Universidad Autónoma de Bucaramanga - UNAB,51809-ADMINISTRACION DE EMPRESAS,Masculino,2010-2,2018,Independiente,"Agricultura, ganadería, caza, silvicultura y pesca",1,1,,"100,0%",NaN
1823-Universidad Autónoma de Bucaramanga - UNAB,51809-ADMINISTRACION DE EMPRESAS,Masculino,2010-2,2018,No cotizante,Sin información,2,0,,"0,0%",NaN
1823-Universidad Autónoma de Bucaramanga - UNAB,51809-ADMINISTRACION DE EMPRESAS,Masculino,2010-2,2019,Dependiente,Actividades financieras y de seguros,1,1,,"100,0%",NaN
1823-Universidad Autónoma de Bucaramanga - UNAB,51809-ADMINISTRACION DE EMPRESAS,Masculino,2010-2,2019,Dependiente,"Actividades profesionales, científicas y técnicas",1,1,,"100,0%",NaN
1823-Universidad Autónoma de Bucaramanga - UNAB,51809-ADMINISTRACION DE EMPRESAS,Masculino,2010-2,2019,Dependiente,Administración pública y defensa; planes de seguridad social de afiliación obligatoria,1,1,,"100,0%",NaN
1823-Universidad Autónoma de Bucaramanga - UNAB,51809-ADMINISTRACION DE EMPRESAS,Masculino,2010-2,2019,Dependiente,Industrias manufactureras,2,2,,"100,0%",NaN
1823-Universidad Autónoma de Bucaramanga - UNAB,51809-ADMINISTRACION DE EMPRESAS,Masculino,2010-2,2019,No cotizante,Sin información,2,0,,"0,0%",NaN
1823-Universidad Autónoma de Bucaramanga - UNAB,51809-ADMINISTRACION DE EMPRESAS,Masculino,2010-2,2020,Dependiente,Actividades financieras y de seguros,1,1,,"100,0%",NaN
1823-Universidad Autónoma de Bucaramanga - UNAB,51809-ADMINISTRACION DE EMPRESAS,Masculino,2010-2,2020,Dependiente,"Actividades profesionales, científicas y técnicas",1,1,,"100,0%",NaN
1823-Universidad Autónoma de Bucaramanga - UNAB,51809-ADMINISTRACION DE EMPRESAS,Masculino,2010-2,2020,Dependiente,Administración pública y defensa; planes de seguridad social de afiliación obligatoria,1,1,,"100,0%",NaN
1823-Universidad Autónoma de Bucaramanga - UNAB,51809-ADMINISTRACION DE EMPRESAS,Masculino,2010-2,2020,Dependiente,Industrias manufactureras,2,2,,"100,0%",NaN
1823-Universidad Autónoma de Bucaramanga - UNAB,51809-ADMINISTRACION DE EMPRESAS,Masculino,2010-2,2020,No cotizante,Sin información,2,0,,"0,0%",NaN
1823-Universidad Autónoma de Bucaramanga - UNAB,51809-ADMINISTRACION DE EMPRESAS,Masculino,2010-2,2021,Dependiente,Actividades financieras y de seguros,1,1,,"100,0%",NaN
1823-Universidad Autónoma de Bucaramanga - UNAB,51809-ADMINISTRACION DE EMPRESAS,Masculino,2010-2,2021,Dependiente,"Actividades profesionales, científicas y técnicas",1,1,,"100,0%",NaN
1823-Universidad Autónoma de Bucaramanga - UNAB,51809-ADMINISTRACION DE EMPRESAS,Masculino,2010-2,2021,Dependiente,Administración pública y defensa; planes de seguridad social de afiliación obligatoria,1,1,,"100,0%",NaN
1823-Universidad Autónoma de Bucaramanga - UNAB,51809-ADMINISTRACION DE EMPRESAS,Masculino,2010-2,2021,Dependiente,Industrias manufactureras,1,1,,"100,0%",NaN
1823-Universidad Autónoma de Bucaramanga - UNAB,51809-ADMINISTRACION DE EMPRESAS,Masculino,2010-2,2021,Dependiente,Transporte y almacenamiento,1,1,,"100,0%",NaN
1823-Universidad Autónoma de Bucaramanga - UNAB,51809-ADMINISTRACION DE EMPRESAS,Masculino,2010-2,2021,No cotizante,Sin información,2,0,,"0,0%",NaN
1823-Universidad Autónoma de Bucaramanga - UNAB,51809-ADMINISTRACION DE EMPRESAS,Masculino,2010-2,2022,Dependiente,Actividades financieras y de seguros,1,1,,"100,0%",NaN
1823-Universidad Autónoma de Bucaramanga - UNAB,51809-ADMINISTRACION DE EMPRESAS,Masculino,2010-2,2022,Dependiente,"Actividades profesionales, científicas y técnicas",1,1,,"100,0%",NaN
1823-Universidad Autónoma de Bucaramanga - UNAB,51809-ADMINISTRACION DE EMPRESAS,Masculino,2010-2,2022,Dependiente,Administración pública y defensa; planes de seguridad social de afiliación obligatoria,1,1,,"100,0%",NaN
1823-Universidad Autónoma de Bucaramanga - UNAB,51809-ADMINISTRACION DE EMPRESAS,Masculino,2010-2,2022,Dependiente,Industrias manufactureras,1,1,,"100,0%",NaN
1823-Universidad Autónoma de Bucaramanga - UNAB,51809-ADMINISTRACION DE EMPRESAS,Masculino,2010-2,2022,Dependiente,Transporte y almacenamiento,1,1,,"100,0%",NaN
1823-Universidad Autónoma de Bucaramanga - UNAB,51809-ADMINISTRACION DE EMPRESAS,Masculino,2010-2,2022,No cotizante,SIN DATO,2,0,,"0,0%",NaN
1823-Universidad Autónoma de Bucaramanga - UNAB,51809-ADMINISTRACION DE EMPRESAS,Masculino,2010-2,2023,Dependiente,Actividades financieras y de seguros,1,1,,"100,0%",NaN
1823-Universidad Autónoma de Bucaramanga - UNAB,51809-ADMINISTRACION DE EMPRESAS,Masculino,2010-2,2023,Dependiente,Administración pública y defensa; planes de seguridad social de afiliación obligatoria,1,1,,"100,0%",NaN
1823-Universidad Autónoma de Bucaramanga - UNAB,51809-ADMINISTRACION DE EMPRESAS,Masculino,2010-2,2023,Dependiente,Industrias manufactureras,1,1,,"100,0%",NaN
1823-Universidad Autónoma de Bucaramanga - UNAB,51809-ADMINISTRACION DE EMPRESAS,Masculino,2010-2,2023,Dependiente,Transporte y almacenamiento,1,1,,"100,0%",NaN
1823-Universidad Autónoma de Bucaramanga - UNAB,51809-ADMINISTRACION DE EMPRESAS,Masculino,2010-2,2023,Independiente,"Agricultura, ganadería, caza, silvicultura y pesca",1,1,,"100,0%",NaN
1823-Universidad Autónoma de Bucaramanga - UNAB,51809-ADMINISTRACION DE EMPRESAS,Masculino,2010-2,2023,No cotizante,SIN DATO,2,0,,"0,0%",NaN
1823-Universidad Autónoma de Bucaramanga - UNAB,15441-CONTADURIA PUBLICA,Femenino,2010-2,2016,Dependiente,Actividades de servicios administrativos y de apoyo,1,1,,"100,0%",$689.455
1823-Universidad Autónoma de Bucaramanga - UNAB,15441-CONTADURIA PUBLICA,Femenino,2010-2,2016,Dependiente,Construccion,2,2,,"100,0%",$3.455.000
1823-Universidad Autónoma de Bucaramanga - UNAB,15441-CONTADURIA PUBLICA,Femenino,2010-2,2016,Independiente,"Actividades profesionales, científicas y técnicas",1,1,,"100,0%",NaN
1823-Universidad Autónoma de Bucaramanga - UNAB,15441-CONTADURIA PUBLICA,Femenino,2010-2,2016,Independiente,Administración pública y defensa; planes de seguridad social de afiliación obligatoria,1,1,,"100,0%",NaN
1823-Universidad Autónoma de Bucaramanga - UNAB,15441-CONTADURIA PUBLICA,Femenino,2010-2,2016,Independiente,Educación,1,1,,"100,0%",NaN
1823-Universidad Autónoma de Bucaramanga - UNAB,15441-CONTADURIA PUBLICA,Femenino,2010-2,2016,Independiente,Otras actividades de servicios,1,1,,"100,0%",NaN
1823-Universidad Autónoma de Bucaramanga - UNAB,15441-CONTADURIA PUBLICA,Femenino,2010-2,2016,No cotizante,Sin información,1,0,,"0,0%",NaN
1823-Universidad Autónoma de Bucaramanga - UNAB,15441-CONTADURIA PUBLICA,Femenino,2010-2,2017,Dependiente,"Actividades profesionales, científicas y técnicas",1,1,,"100,0%",NaN
1823-Universidad Autónoma de Bucaramanga - UNAB,15441-CONTADURIA PUBLICA,Femenino,2010-2,2017,Dependiente,Construccion,1,1,,"100,0%",NaN
1823-Universidad Autónoma de Bucaramanga - UNAB,15441-CONTADURIA PUBLICA,Femenino,2010-2,2017,Independiente,Actividades financieras y de seguros,1,1,,"100,0%",NaN
1823-Universidad Autónoma de Bucaramanga - UNAB,15441-CONTADURIA PUBLICA,Femenino,2010-2,2017,Independiente,"Actividades profesionales, científicas y técnicas",1,1,,"100,0%",NaN
1823-Universidad Autónoma de Bucaramanga - UNAB,15441-CONTADURIA PUBLICA,Femenino,2010-2,2017,Independiente,Otras actividades de servicios,1,1,,"100,0%",NaN
1823-Universidad Autónoma de Bucaramanga - UNAB,15441-CONTADURIA PUBLICA,Femenino,2010-2,2017,No cotizante,Sin información,1,0,,"0,0%",NaN
1823-Universidad Autónoma de Bucaramanga - UNAB,15441-CONTADURIA PUBLICA,Femenino,2010-2,2018,Dependiente,"Actividades profesionales, científicas y técnicas",1,1,,"100,0%",NaN
1823-Universidad Autónoma de Bucaramanga - UNAB,15441-CONTADURIA PUBLICA,Femenino,2010-2,2018,Dependiente,Construccion,1,1,,"100,0%",NaN
1823-Universidad Autónoma de Bucaramanga - UNAB,15441-CONTADURIA PUBLICA,Femenino,2010-2,2018,Dependiente,Información y comunicaciones,1,1,,"100,0%",NaN
1823-Universidad Autónoma de Bucaramanga - UNAB,15441-CONTADURIA PUBLICA,Femenino,2010-2,2018,Independiente,Actividades financieras y de seguros,1,1,,"100,0%",NaN
1823-Universidad Autónoma de Bucaramanga - UNAB,15441-CONTADURIA PUBLICA,Femenino,2010-2,2018,Independiente,"Actividades profesionales, científicas y técnicas",1,1,,"100,0%",NaN
1823-Universidad Autónoma de Bucaramanga - UNAB,15441-CONTADURIA PUBLICA,Femenino,2010-2,2018,Independiente,Otras actividades de servicios,1,1,,"100,0%",NaN
1823-Universidad Autónoma de Bucaramanga - UNAB,15441-CONTADURIA PUBLICA,Femenino,2010-2,2019,Dependiente,"Actividades profesionales, científicas y técnicas",1,1,,"100,0%",NaN
1823-Universidad Autónoma de Bucaramanga - UNAB,15441-CONTADURIA PUBLICA,Femenino,2010-2,2019,Dependiente,Construccion,1,1,,"100,0%",NaN
1823-Universidad Autónoma de Bucaramanga - UNAB,15441-CONTADURIA PUBLICA,Femenino,2010-2,2019,Independiente,"Actividades profesionales, científicas y técnicas",1,1,,"100,0%",NaN
1823-Universidad Autónoma de Bucaramanga - UNAB,15441-CONTADURIA PUBLICA,Femenino,2010-2,2019,Independiente,Administración pública y defensa; planes de seguridad social de afiliación obligatoria,1,1,,"100,0%",NaN
1823-Universidad Autónoma de Bucaramanga - UNAB,15441-CONTADURIA PUBLICA,Femenino,2010-2,2019,Independiente,Otras actividades de servicios,1,1,,"100,0%",NaN
1823-Universidad Autónoma de Bucaramanga - UNAB,15441-CONTADURIA PUBLICA,Femenino,2010-2,2019,No cotizante,Sin información,1,0,,"0,0%",NaN
1823-Universidad Autónoma de Bucaramanga - UNAB,15441-CONTADURIA PUBLICA,Femenino,2010-2,2020,Dependiente,"Actividades profesionales, científicas y técnicas",1,1,,"100,0%",NaN
1823-Universidad Autónoma de Bucaramanga - UNAB,15441-CONTADURIA PUBLICA,Femenino,2010-2,2020,Dependiente,Construccion,1,1,,"100,0%",NaN
1823-Universidad Autónoma de Bucaramanga - UNAB,15441-CONTADURIA PUBLICA,Femenino,2010-2,2020,Independiente,"Actividades profesionales, científicas y técnicas",1,1,,"100,0%",NaN
1823-Universidad Autónoma de Bucaramanga - UNAB,15441-CONTADURIA PUBLICA,Femenino,2010-2,2020,Independiente,Administración pública y defensa; planes de seguridad social de afiliación obligatoria,1,1,,"100,0%",NaN
1823-Universidad Autónoma de Bucaramanga - UNAB,15441-CONTADURIA PUBLICA,Femenino,2010-2,2020,Independiente,Otras actividades de servicios,1,1,,"100,0%",NaN
1823-Universidad Autónoma de Bucaramanga - UNAB,15441-CONTADURIA PUBLICA,Femenino,2010-2,2020,No cotizante,Sin información,1,0,,"0,0%",NaN
1823-Universidad Autónoma de Bucaramanga - UNAB,15441-CONTADURIA PUBLICA,Femenino,2010-2,2021,Dependiente,"Actividades profesionales, científicas y técnicas",1,1,,"100,0%",NaN
1823-Universidad Autónoma de Bucaramanga - UNAB,15441-CONTADURIA PUBLICA,Femenino,2010-2,2021,Dependiente,Construccion,1,1,,"100,0%",NaN
1823-Universidad Autónoma de Bucaramanga - UNAB,15441-CONTADURIA PUBLICA,Femenino,2010-2,2021,Independiente,"Actividades profesionales, científicas y técnicas",1,1,,"100,0%",NaN
1823-Universidad Autónoma de Bucaramanga - UNAB,15441-CONTADURIA PUBLICA,Femenino,2010-2,2021,Independiente,Administración pública y defensa; planes de seguridad social de afiliación obligatoria,1,1,,"100,0%",NaN
1823-Universidad Autónoma de Bucaramanga - UNAB,15441-CONTADURIA PUBLICA,Femenino,2010-2,2021,Independiente,Otras actividades de servicios,1,1,,"100,0%",NaN
1823-Universidad Autónoma de Bucaramanga - UNAB,15441-CONTADURIA PUBLICA,Femenino,2010-2,2021,No cotizante,Sin información,1,0,,"0,0%",NaN
1823-Universidad Autónoma de Bucaramanga - UNAB,15441-CONTADURIA PUBLICA,Femenino,2010-2,2022,Dependiente,Actividades de servicios administrativos y de apoyo,1,1,,"100,0%",NaN
1823-Universidad Autónoma de Bucaramanga - UNAB,15441-CONTADURIA PUBLICA,Femenino,2010-2,2022,Dependiente,Construccion,1,1,,"100,0%",NaN
1823-Universidad Autónoma de Bucaramanga - UNAB,15441-CONTADURIA PUBLICA,Femenino,2010-2,2022,Dependiente,Educación,1,1,,"100,0%",NaN
1823-Universidad Autónoma de Bucaramanga - UNAB,15441-CONTADURIA PUBLICA,Femenino,2010-2,2022,Independiente,"Actividades profesionales, científicas y técnicas",1,1,,"100,0%",NaN
1823-Universidad Autónoma de Bucaramanga - UNAB,15441-CONTADURIA PUBLICA,Femenino,2010-2,2022,Independiente,Otras actividades de servicios,1,1,,"100,0%",NaN
1823-Universidad Autónoma de Bucaramanga - UNAB,15441-CONTADURIA PUBLICA,Femenino,2010-2,2022,No cotizante,SIN DATO,1,0,,"0,0%",NaN
1823-Universidad Autónoma de Bucaramanga - UNAB,15441-CONTADURIA PUBLICA,Femenino,2010-2,2023,Dependiente,"Actividades profesionales, científicas y técnicas",1,1,,"100,0%",NaN
1823-Universidad Autónoma de Bucaramanga - UNAB,15441-CONTADURIA PUBLICA,Femenino,2010-2,2023,Dependiente,Construccion,1,1,,"100,0%",NaN
1823-Universidad Autónoma de Bucaramanga - UNAB,15441-CONTADURIA PUBLICA,Femenino,2010-2,2023,Dependiente,Otras actividades de servicios,1,1,,"100,0%",NaN
1823-Universidad Autónoma de Bucaramanga - UNAB,15441-CONTADURIA PUBLICA,Femenino,2010-2,2023,Independiente,"Actividades profesionales, científicas y técnicas",1,1,,"100,0%",NaN
1823-Universidad Autónoma de Bucaramanga - UNAB,15441-CONTADURIA PUBLICA,Femenino,2010-2,2023,Independiente,Otras actividades de servicios,1,1,,"100,0%",NaN
1823-Universidad Autónoma de Bucaramanga - UNAB,15441-CONTADURIA PUBLICA,Femenino,2010-2,2023,No cotizante,SIN DATO,1,0,,"0,0%",NaN
1823-Universidad Autónoma de Bucaramanga - UNAB,15441-CONTADURIA PUBLICA,Masculino,2010-2,2016,Dependiente,"Agricultura, ganadería, caza, silvicultura y pesca",1,1,,"100,0%",$16.554.000
1823-Universidad Autónoma de Bucaramanga - UNAB,15441-CONTADURIA PUBLICA,Masculino,2010-2,2016,Dependiente,Sin información,1,1,,"100,0%",$2.328.000
1823-Universidad Autónoma de Bucaramanga - UNAB,15441-CONTADURIA PUBLICA,Masculino,2010-2,2016,No cotizante,Sin información,1,0,,"0,0%",NaN
1823-Universidad Autónoma de Bucaramanga - UNAB,15441-CONTADURIA PUBLICA,Masculino,2010-2,2017,Dependiente,"Agricultura, ganadería, caza, silvicultura y pesca",1,1,,"100,0%",NaN
1823-Universidad Autónoma de Bucaramanga - UNAB,15441-CONTADURIA PUBLICA,Masculino,2010-2,2017,Dependiente,Comercio al por mayor y al por menor; reparación de vehículos automotores y motocicletas,1,1,,"100,0%",NaN
1823-Universidad Autónoma de Bucaramanga - UNAB,15441-CONTADURIA PUBLICA,Masculino,2010-2,2017,No cotizante,Sin información,1,0,,"0,0%",NaN
1823-Universidad Autónoma de Bucaramanga - UNAB,15441-CONTADURIA PUBLICA,Masculino,2010-2,2018,Dependiente,"Actividades profesionales, científicas y técnicas",1,1,,"100,0%",NaN
1823-Universidad Autónoma de Bucaramanga - UNAB,15441-CONTADURIA PUBLICA,Masculino,2010-2,2018,Dependiente,"Agricultura, ganadería, caza, silvicultura y pesca",1,1,,"100,0%",NaN
1823-Universidad Autónoma de Bucaramanga - UNAB,15441-CONTADURIA PUBLICA,Masculino,2010-2,2018,Independiente,Administración pública y defensa; planes de seguridad social de afiliación obligatoria,1,1,,"100,0%",NaN
1823-Universidad Autónoma de Bucaramanga - UNAB,15441-CONTADURIA PUBLICA,Masculino,2010-2,2019,Dependiente,"Agricultura, ganadería, caza, silvicultura y pesca",1,1,,"100,0%",NaN
1823-Universidad Autónoma de Bucaramanga - UNAB,15441-CONTADURIA PUBLICA,Masculino,2010-2,2019,Independiente,Administración pública y defensa; planes de seguridad social de afiliación obligatoria,1,1,,"100,0%",NaN
1823-Universidad Autónoma de Bucaramanga - UNAB,15441-CONTADURIA PUBLICA,Masculino,2010-2,2019,No cotizante,Sin información,1,0,,"0,0%",NaN
1823-Universidad Autónoma de Bucaramanga - UNAB,15441-CONTADURIA PUBLICA,Masculino,2010-2,2020,Dependiente,"Agricultura, ganadería, caza, silvicultura y pesca",1,1,,"100,0%",NaN
1823-Universidad Autónoma de Bucaramanga - UNAB,15441-CONTADURIA PUBLICA,Masculino,2010-2,2020,Independiente,Administración pública y defensa; planes de seguridad social de afiliación obligatoria,1,1,,"100,0%",NaN
1823-Universidad Autónoma de Bucaramanga - UNAB,15441-CONTADURIA PUBLICA,Masculino,2010-2,2020,No cotizante,Sin información,1,0,,"0,0%",NaN
1823-Universidad Autónoma de Bucaramanga - UNAB,15441-CONTADURIA PUBLICA,Masculino,2010-2,2021,Dependiente,Explotación de minas y canteras,1,1,,"100,0%",NaN
1823-Universidad Autónoma de Bucaramanga - UNAB,15441-CONTADURIA PUBLICA,Masculino,2010-2,2021,Independiente,Administración pública y defensa; planes de seguridad social de afiliación obligatoria,1,1,,"100,0%",NaN
1823-Universidad Autónoma de Bucaramanga - UNAB,15441-CONTADURIA PUBLICA,Masculino,2010-2,2021,No cotizante,Sin información,1,0,,"0,0%",NaN
1823-Universidad Autónoma de Bucaramanga - UNAB,15441-CONTADURIA PUBLICA,Masculino,2010-2,2022,Dependiente,Explotación de minas y canteras,1,1,,"100,0%",NaN
1823-Universidad Autónoma de Bucaramanga - UNAB,15441-CONTADURIA PUBLICA,Masculino,2010-2,2022,Independiente,Administración pública y defensa; planes de seguridad social de afiliación obligatoria,1,1,,"100,0%",NaN
1823-Universidad Autónoma de Bucaramanga - UNAB,15441-CONTADURIA PUBLICA,Masculino,2010-2,2022,No cotizante,SIN DATO,1,0,,"0,0%",NaN
1823-Universidad Autónoma de Bucaramanga - UNAB,15441-CONTADURIA PUBLICA,Masculino,2010-2,2023,Dependiente,Explotación de minas y canteras,1,1,,"100,0%",NaN
1823-Universidad Autónoma de Bucaramanga - UNAB,15441-CONTADURIA PUBLICA,Masculino,2010-2,2023,Independiente,Administración pública y defensa; planes de seguridad social de afiliación obligatoria,1,1,,"100,0%",NaN
1823-Universidad Autónoma de Bucaramanga - UNAB,15441-CONTADURIA PUBLICA,Masculino,2010-2,2023,No cotizante,SIN DATO,1,0,,"0,0%",NaN
1823-Universidad Autónoma de Bucaramanga - UNAB,10363-ESPECIALIZACION EN EDUCACION CON NUEVAS TECNOLOGIAS,Femenino,2010-2,2016,Dependiente,Actividades de atención de la salud humana y de asistencia social,2,2,,"100,0%",$3.698.500
1823-Universidad Autónoma de Bucaramanga - UNAB,10363-ESPECIALIZACION EN EDUCACION CON NUEVAS TECNOLOGIAS,Femenino,2010-2,2016,Dependiente,Administración pública y defensa; planes de seguridad social de afiliación obligatoria,4,4,,"100,0%",$2.740.500
1823-Universidad Autónoma de Bucaramanga - UNAB,10363-ESPECIALIZACION EN EDUCACION CON NUEVAS TECNOLOGIAS,Femenino,2010-2,2016,Dependiente,"Agricultura, ganadería, caza, silvicultura y pesca",1,1,,"100,0%",$1.657.000
1823-Universidad Autónoma de Bucaramanga - UNAB,10363-ESPECIALIZACION EN EDUCACION CON NUEVAS TECNOLOGIAS,Femenino,2010-2,2016,Dependiente,Educación,6,6,,"100,0%",$2.090.152
1823-Universidad Autónoma de Bucaramanga - UNAB,10363-ESPECIALIZACION EN EDUCACION CON NUEVAS TECNOLOGIAS,Femenino,2010-2,2016,Dependiente,Información y comunicaciones,1,1,,"100,0%",$1.380.000
1823-Universidad Autónoma de Bucaramanga - UNAB,10363-ESPECIALIZACION EN EDUCACION CON NUEVAS TECNOLOGIAS,Femenino,2010-2,2016,No cotizante,Sin información,1,0,,"0,0%",NaN
1823-Universidad Autónoma de Bucaramanga - UNAB,10363-ESPECIALIZACION EN EDUCACION CON NUEVAS TECNOLOGIAS,Femenino,2010-2,2017,Dependiente,Administración pública y defensa; planes de seguridad social de afiliación obligatoria,4,4,,"100,0%",NaN
1823-Universidad Autónoma de Bucaramanga - UNAB,10363-ESPECIALIZACION EN EDUCACION CON NUEVAS TECNOLOGIAS,Femenino,2010-2,2017,Dependiente,"Agricultura, ganadería, caza, silvicultura y pesca",1,1,,"100,0%",NaN
1823-Universidad Autónoma de Bucaramanga - UNAB,10363-ESPECIALIZACION EN EDUCACION CON NUEVAS TECNOLOGIAS,Femenino,2010-2,2017,Dependiente,Educación,3,3,,"100,0%",NaN
1823-Universidad Autónoma de Bucaramanga - UNAB,10363-ESPECIALIZACION EN EDUCACION CON NUEVAS TECNOLOGIAS,Femenino,2010-2,2017,Dependiente,Sin información,6,6,,"100,0%",NaN
1823-Universidad Autónoma de Bucaramanga - UNAB,10363-ESPECIALIZACION EN EDUCACION CON NUEVAS TECNOLOGIAS,Femenino,2010-2,2017,No cotizante,Sin información,1,0,,"0,0%",NaN
1823-Universidad Autónoma de Bucaramanga - UNAB,10363-ESPECIALIZACION EN EDUCACION CON NUEVAS TECNOLOGIAS,Femenino,2010-2,2018,Dependiente,Administración pública y defensa; planes de seguridad social de afiliación obligatoria,4,4,,"100,0%",NaN
1823-Universidad Autónoma de Bucaramanga - UNAB,10363-ESPECIALIZACION EN EDUCACION CON NUEVAS TECNOLOGIAS,Femenino,2010-2,2018,Dependiente,"Agricultura, ganadería, caza, silvicultura y pesca",1,1,,"100,0%",NaN
1823-Universidad Autónoma de Bucaramanga - UNAB,10363-ESPECIALIZACION EN EDUCACION CON NUEVAS TECNOLOGIAS,Femenino,2010-2,2018,Dependiente,Educación,2,2,,"100,0%",NaN
1823-Universidad Autónoma de Bucaramanga - UNAB,10363-ESPECIALIZACION EN EDUCACION CON NUEVAS TECNOLOGIAS,Femenino,2010-2,2018,Dependiente,Sin información,5,5,,"100,0%",NaN
1823-Universidad Autónoma de Bucaramanga - UNAB,10363-ESPECIALIZACION EN EDUCACION CON NUEVAS TECNOLOGIAS,Femenino,2010-2,2018,No cotizante,Sin información,1,0,,"0,0%",NaN
1823-Universidad Autónoma de Bucaramanga - UNAB,10363-ESPECIALIZACION EN EDUCACION CON NUEVAS TECNOLOGIAS,Femenino,2010-2,2019,Dependiente,Administración pública y defensa; planes de seguridad social de afiliación obligatoria,7,7,,"100,0%",NaN
1823-Universidad Autónoma de Bucaramanga - UNAB,10363-ESPECIALIZACION EN EDUCACION CON NUEVAS TECNOLOGIAS,Femenino,2010-2,2019,Dependiente,Educación,1,1,,"100,0%",NaN
1823-Universidad Autónoma de Bucaramanga - UNAB,10363-ESPECIALIZACION EN EDUCACION CON NUEVAS TECNOLOGIAS,Femenino,2010-2,2019,No cotizante,Sin información,2,0,,"0,0%",NaN
1823-Universidad Autónoma de Bucaramanga - UNAB,10363-ESPECIALIZACION EN EDUCACION CON NUEVAS TECNOLOGIAS,Femenino,2010-2,2020,Dependiente,"Actividades profesionales, científicas y técnicas",2,2,,"100,0%",NaN
1823-Universidad Autónoma de Bucaramanga - UNAB,10363-ESPECIALIZACION EN EDUCACION CON NUEVAS TECNOLOGIAS,Femenino,2010-2,2020,Dependiente,Administración pública y defensa; planes de seguridad social de afiliación obligatoria,2,2,,"100,0%",NaN
1823-Universidad Autónoma de Bucaramanga - UNAB,10363-ESPECIALIZACION EN EDUCACION CON NUEVAS TECNOLOGIAS,Femenino,2010-2,2020,Dependiente,Educación,1,1,,"100,0%",NaN
1823-Universidad Autónoma de Bucaramanga - UNAB,10363-ESPECIALIZACION EN EDUCACION CON NUEVAS TECNOLOGIAS,Femenino,2010-2,2020,Dependiente,Otras actividades de servicios,2,2,,"100,0%",NaN
1823-Universidad Autónoma de Bucaramanga - UNAB,10363-ESPECIALIZACION EN EDUCACION CON NUEVAS TECNOLOGIAS,Femenino,2010-2,2020,Independiente,Otras actividades de servicios,1,1,,"100,0%",NaN
1823-Universidad Autónoma de Bucaramanga - UNAB,10363-ESPECIALIZACION EN EDUCACION CON NUEVAS TECNOLOGIAS,Femenino,2010-2,2020,No cotizante,Sin información,2,0,,"0,0%",NaN
1823-Universidad Autónoma de Bucaramanga - UNAB,10363-ESPECIALIZACION EN EDUCACION CON NUEVAS TECNOLOGIAS,Femenino,2010-2,2021,Dependiente,"Actividades profesionales, científicas y técnicas",1,1,,"100,0%",NaN
1823-Universidad Autónoma de Bucaramanga - UNAB,10363-ESPECIALIZACION EN EDUCACION CON NUEVAS TECNOLOGIAS,Femenino,2010-2,2021,Dependiente,Administración pública y defensa; planes de seguridad social de afiliación obligatoria,5,5,,"100,0%",NaN
1823-Universidad Autónoma de Bucaramanga - UNAB,10363-ESPECIALIZACION EN EDUCACION CON NUEVAS TECNOLOGIAS,Femenino,2010-2,2021,Dependiente,Educación,1,1,,"100,0%",NaN
1823-Universidad Autónoma de Bucaramanga - UNAB,10363-ESPECIALIZACION EN EDUCACION CON NUEVAS TECNOLOGIAS,Femenino,2010-2,2021,Dependiente,Otras actividades de servicios,1,1,,"100,0%",NaN
1823-Universidad Autónoma de Bucaramanga - UNAB,10363-ESPECIALIZACION EN EDUCACION CON NUEVAS TECNOLOGIAS,Femenino,2010-2,2021,No cotizante,Sin información,2,0,,"0,0%",NaN
1823-Universidad Autónoma de Bucaramanga - UNAB,10363-ESPECIALIZACION EN EDUCACION CON NUEVAS TECNOLOGIAS,Femenino,2010-2,2022,Dependiente,Actividades de servicios administrativos y de apoyo,2,2,,"100,0%",NaN
1823-Universidad Autónoma de Bucaramanga - UNAB,10363-ESPECIALIZACION EN EDUCACION CON NUEVAS TECNOLOGIAS,Femenino,2010-2,2022,Dependiente,"Actividades profesionales, científicas y técnicas",1,1,,"100,0%",NaN
1823-Universidad Autónoma de Bucaramanga - UNAB,10363-ESPECIALIZACION EN EDUCACION CON NUEVAS TECNOLOGIAS,Femenino,2010-2,2022,Dependiente,Administración pública y defensa; planes de seguridad social de afiliación obligatoria,3,3,,"100,0%",NaN
1823-Universidad Autónoma de Bucaramanga - UNAB,10363-ESPECIALIZACION EN EDUCACION CON NUEVAS TECNOLOGIAS,Femenino,2010-2,2022,Dependiente,Educación,1,1,,"100,0%",NaN
1823-Universidad Autónoma de Bucaramanga - UNAB,10363-ESPECIALIZACION EN EDUCACION CON NUEVAS TECNOLOGIAS,Femenino,2010-2,2022,Dependiente,Otras actividades de servicios,1,1,,"100,0%",NaN
1823-Universidad Autónoma de Bucaramanga - UNAB,10363-ESPECIALIZACION EN EDUCACION CON NUEVAS TECNOLOGIAS,Femenino,2010-2,2022,No cotizante,SIN DATO,2,0,,"0,0%",NaN
1823-Universidad Autónoma de Bucaramanga - UNAB,10363-ESPECIALIZACION EN EDUCACION CON NUEVAS TECNOLOGIAS,Femenino,2010-2,2023,Dependiente,Actividades de servicios administrativos y de apoyo,1,1,,"100,0%",NaN
1823-Universidad Autónoma de Bucaramanga - UNAB,10363-ESPECIALIZACION EN EDUCACION CON NUEVAS TECNOLOGIAS,Femenino,2010-2,2023,Dependiente,Administración pública y defensa; planes de seguridad social de afiliación obligatoria,5,5,,"100,0%",NaN
1823-Universidad Autónoma de Bucaramanga - UNAB,10363-ESPECIALIZACION EN EDUCACION CON NUEVAS TECNOLOGIAS,Femenino,2010-2,2023,Dependiente,Educación,2,2,,"100,0%",NaN
1823-Universidad Autónoma de Bucaramanga - UNAB,10363-ESPECIALIZACION EN EDUCACION CON NUEVAS TECNOLOGIAS,Femenino,2010-2,2023,No cotizante,SIN DATO,2,0,,"0,0%",NaN
1823-Universidad Autónoma de Bucaramanga - UNAB,10363-ESPECIALIZACION EN EDUCACION CON NUEVAS TECNOLOGIAS,Masculino,2010-2,2016,Dependiente,"Actividades profesionales, científicas y técnicas",1,1,,"100,0%",$8.444.000
1823-Universidad Autónoma de Bucaramanga - UNAB,10363-ESPECIALIZACION EN EDUCACION CON NUEVAS TECNOLOGIAS,Masculino,2010-2,2016,Dependiente,"Agricultura, ganadería, caza, silvicultura y pesca",1,1,,"100,0%",$2.301.000
1823-Universidad Autónoma de Bucaramanga - UNAB,10363-ESPECIALIZACION EN EDUCACION CON NUEVAS TECNOLOGIAS,Masculino,2010-2,2016,Dependiente,Educación,3,3,,"100,0%",$2.830.152
1823-Universidad Autónoma de Bucaramanga - UNAB,10363-ESPECIALIZACION EN EDUCACION CON NUEVAS TECNOLOGIAS,Masculino,2010-2,2016,Dependiente,Otras actividades de servicios,1,1,,"100,0%",$3.471.000
1823-Universidad Autónoma de Bucaramanga - UNAB,10363-ESPECIALIZACION EN EDUCACION CON NUEVAS TECNOLOGIAS,Masculino,2010-2,2016,Independiente,Información y comunicaciones,1,1,,"100,0%",NaN
1823-Universidad Autónoma de Bucaramanga - UNAB,10363-ESPECIALIZACION EN EDUCACION CON NUEVAS TECNOLOGIAS,Masculino,2010-2,2017,Dependiente,Actividades de los hogares individuales en calidad de empleadores; actividades no diferenciadas de los hogares individuales como productores de bienes y servicios para uso propio,1,1,,"100,0%",NaN
1823-Universidad Autónoma de Bucaramanga - UNAB,10363-ESPECIALIZACION EN EDUCACION CON NUEVAS TECNOLOGIAS,Masculino,2010-2,2017,Dependiente,Actividades de servicios administrativos y de apoyo,1,1,,"100,0%",NaN
1823-Universidad Autónoma de Bucaramanga - UNAB,10363-ESPECIALIZACION EN EDUCACION CON NUEVAS TECNOLOGIAS,Masculino,2010-2,2017,Dependiente,"Actividades profesionales, científicas y técnicas",2,2,,"100,0%",NaN
1823-Universidad Autónoma de Bucaramanga - UNAB,10363-ESPECIALIZACION EN EDUCACION CON NUEVAS TECNOLOGIAS,Masculino,2010-2,2017,Dependiente,Administración pública y defensa; planes de seguridad social de afiliación obligatoria,1,1,,"100,0%",NaN
1823-Universidad Autónoma de Bucaramanga - UNAB,10363-ESPECIALIZACION EN EDUCACION CON NUEVAS TECNOLOGIAS,Masculino,2010-2,2017,Independiente,Administración pública y defensa; planes de seguridad social de afiliación obligatoria,1,1,,"100,0%",NaN
1823-Universidad Autónoma de Bucaramanga - UNAB,10363-ESPECIALIZACION EN EDUCACION CON NUEVAS TECNOLOGIAS,Masculino,2010-2,2017,No cotizante,Sin información,1,0,,"0,0%",NaN
1823-Universidad Autónoma de Bucaramanga - UNAB,10363-ESPECIALIZACION EN EDUCACION CON NUEVAS TECNOLOGIAS,Masculino,2010-2,2018,Dependiente,Actividades de servicios administrativos y de apoyo,2,2,,"100,0%",NaN
1823-Universidad Autónoma de Bucaramanga - UNAB,10363-ESPECIALIZACION EN EDUCACION CON NUEVAS TECNOLOGIAS,Masculino,2010-2,2018,Dependiente,Administración pública y defensa; planes de seguridad social de afiliación obligatoria,1,1,,"100,0%",NaN
1823-Universidad Autónoma de Bucaramanga - UNAB,10363-ESPECIALIZACION EN EDUCACION CON NUEVAS TECNOLOGIAS,Masculino,2010-2,2018,Dependiente,Información y comunicaciones,1,1,,"100,0%",NaN
1823-Universidad Autónoma de Bucaramanga - UNAB,10363-ESPECIALIZACION EN EDUCACION CON NUEVAS TECNOLOGIAS,Masculino,2010-2,2018,Dependiente,Sin información,1,1,,"100,0%",NaN
1823-Universidad Autónoma de Bucaramanga - UNAB,10363-ESPECIALIZACION EN EDUCACION CON NUEVAS TECNOLOGIAS,Masculino,2010-2,2018,Dependiente,Transporte y almacenamiento,1,1,,"100,0%",NaN
1823-Universidad Autónoma de Bucaramanga - UNAB,10363-ESPECIALIZACION EN EDUCACION CON NUEVAS TECNOLOGIAS,Masculino,2010-2,2018,Independiente,Administración pública y defensa; planes de seguridad social de afiliación obligatoria,1,1,,"100,0%",NaN
1823-Universidad Autónoma de Bucaramanga - UNAB,10363-ESPECIALIZACION EN EDUCACION CON NUEVAS TECNOLOGIAS,Masculino,2010-2,2019,Dependiente,Actividades de servicios administrativos y de apoyo,1,1,,"100,0%",NaN
1823-Universidad Autónoma de Bucaramanga - UNAB,10363-ESPECIALIZACION EN EDUCACION CON NUEVAS TECNOLOGIAS,Masculino,2010-2,2019,Dependiente,Administración pública y defensa; planes de seguridad social de afiliación obligatoria,2,2,,"100,0%",NaN
1823-Universidad Autónoma de Bucaramanga - UNAB,10363-ESPECIALIZACION EN EDUCACION CON NUEVAS TECNOLOGIAS,Masculino,2010-2,2019,Dependiente,Educación,1,1,,"100,0%",NaN
1823-Universidad Autónoma de Bucaramanga - UNAB,10363-ESPECIALIZACION EN EDUCACION CON NUEVAS TECNOLOGIAS,Masculino,2010-2,2019,Dependiente,Información y comunicaciones,1,1,,"100,0%",NaN
1823-Universidad Autónoma de Bucaramanga - UNAB,10363-ESPECIALIZACION EN EDUCACION CON NUEVAS TECNOLOGIAS,Masculino,2010-2,2019,Dependiente,Sin información,1,1,,"100,0%",NaN
1823-Universidad Autónoma de Bucaramanga - UNAB,10363-ESPECIALIZACION EN EDUCACION CON NUEVAS TECNOLOGIAS,Masculino,2010-2,2020,Dependiente,Administración pública y defensa; planes de seguridad social de afiliación obligatoria,1,1,,"100,0%",NaN
1823-Universidad Autónoma de Bucaramanga - UNAB,10363-ESPECIALIZACION EN EDUCACION CON NUEVAS TECNOLOGIAS,Masculino,2010-2,2020,Dependiente,Educación,1,1,,"100,0%",NaN
1823-Universidad Autónoma de Bucaramanga - UNAB,10363-ESPECIALIZACION EN EDUCACION CON NUEVAS TECNOLOGIAS,Masculino,2010-2,2020,Dependiente,Información y comunicaciones,1,1,,"100,0%",NaN
1823-Universidad Autónoma de Bucaramanga - UNAB,10363-ESPECIALIZACION EN EDUCACION CON NUEVAS TECNOLOGIAS,Masculino,2010-2,2020,Dependiente,Otras actividades de servicios,1,1,,"100,0%",NaN
1823-Universidad Autónoma de Bucaramanga - UNAB,10363-ESPECIALIZACION EN EDUCACION CON NUEVAS TECNOLOGIAS,Masculino,2010-2,2020,Independiente,Administración pública y defensa; planes de seguridad social de afiliación obligatoria,1,1,,"100,0%",NaN
1823-Universidad Autónoma de Bucaramanga - UNAB,10363-ESPECIALIZACION EN EDUCACION CON NUEVAS TECNOLOGIAS,Masculino,2010-2,2020,No cotizante,Sin información,1,0,,"0,0%",NaN
1823-Universidad Autónoma de Bucaramanga - UNAB,10363-ESPECIALIZACION EN EDUCACION CON NUEVAS TECNOLOGIAS,Masculino,2010-2,2021,Dependiente,Actividades de servicios administrativos y de apoyo,1,1,,"100,0%",NaN
1823-Universidad Autónoma de Bucaramanga - UNAB,10363-ESPECIALIZACION EN EDUCACION CON NUEVAS TECNOLOGIAS,Masculino,2010-2,2021,Dependiente,Administración pública y defensa; planes de seguridad social de afiliación obligatoria,2,2,,"100,0%",NaN
1823-Universidad Autónoma de Bucaramanga - UNAB,10363-ESPECIALIZACION EN EDUCACION CON NUEVAS TECNOLOGIAS,Masculino,2010-2,2021,Dependiente,Información y comunicaciones,1,1,,"100,0%",NaN
1823-Universidad Autónoma de Bucaramanga - UNAB,10363-ESPECIALIZACION EN EDUCACION CON NUEVAS TECNOLOGIAS,Masculino,2010-2,2021,Independiente,Administración pública y defensa; planes de seguridad social de afiliación obligatoria,1,1,,"100,0%",NaN
1823-Universidad Autónoma de Bucaramanga - UNAB,10363-ESPECIALIZACION EN EDUCACION CON NUEVAS TECNOLOGIAS,Masculino,2010-2,2021,No cotizante,Sin información,1,0,,"0,0%",NaN
1823-Universidad Autónoma de Bucaramanga - UNAB,10363-ESPECIALIZACION EN EDUCACION CON NUEVAS TECNOLOGIAS,Masculino,2010-2,2022,Dependiente,Actividades de servicios administrativos y de apoyo,2,2,,"100,0%",NaN
1823-Universidad Autónoma de Bucaramanga - UNAB,10363-ESPECIALIZACION EN EDUCACION CON NUEVAS TECNOLOGIAS,Masculino,2010-2,2022,Dependiente,Administración pública y defensa; planes de seguridad social de afiliación obligatoria,1,1,,"100,0%",NaN
1823-Universidad Autónoma de Bucaramanga - UNAB,10363-ESPECIALIZACION EN EDUCACION CON NUEVAS TECNOLOGIAS,Masculino,2010-2,2022,Independiente,Administración pública y defensa; planes de seguridad social de afiliación obligatoria,1,1,,"100,0%",NaN
1823-Universidad Autónoma de Bucaramanga - UNAB,10363-ESPECIALIZACION EN EDUCACION CON NUEVAS TECNOLOGIAS,Masculino,2010-2,2022,Independiente,Educación,1,1,,"100,0%",NaN
1823-Universidad Autónoma de Bucaramanga - UNAB,10363-ESPECIALIZACION EN EDUCACION CON NUEVAS TECNOLOGIAS,Masculino,2010-2,2022,No cotizante,SIN DATO,1,0,,"0,0%",NaN
1823-Universidad Autónoma de Bucaramanga - UNAB,10363-ESPECIALIZACION EN EDUCACION CON NUEVAS TECNOLOGIAS,Masculino,2010-2,2023,Dependiente,Actividades de servicios administrativos y de apoyo,1,1,,"100,0%",NaN
1823-Universidad Autónoma de Bucaramanga - UNAB,10363-ESPECIALIZACION EN EDUCACION CON NUEVAS TECNOLOGIAS,Masculino,2010-2,2023,Dependiente,Administración pública y defensa; planes de seguridad social de afiliación obligatoria,2,2,,"100,0%",NaN
1823-Universidad Autónoma de Bucaramanga - UNAB,10363-ESPECIALIZACION EN EDUCACION CON NUEVAS TECNOLOGIAS,Masculino,2010-2,2023,Independiente,Administración pública y defensa; planes de seguridad social de afiliación obligatoria,1,1,,"100,0%",NaN
1823-Universidad Autónoma de Bucaramanga - UNAB,10363-ESPECIALIZACION EN EDUCACION CON NUEVAS TECNOLOGIAS,Masculino,2010-2,2023,Independiente,Educación,1,1,,"100,0%",NaN
1823-Universidad Autónoma de Bucaramanga - UNAB,10363-ESPECIALIZACION EN EDUCACION CON NUEVAS TECNOLOGIAS,Masculino,2010-2,2023,No cotizante,SIN DATO,1,0,,"0,0%",NaN
1823-Universidad Autónoma de Bucaramanga - UNAB,52419-MAESTRIA EN E-LEARNING,Femenino,2010-2,2012,Dependiente,Sin información,6,6,,"100,0%",$2.608.325
1823-Universidad Autónoma de Bucaramanga - UNAB,52419-MAESTRIA EN E-LEARNING,Femenino,2010-2,2013,Dependiente,Sin información,6,6,,"100,0%",$2.668.333
1823-Universidad Autónoma de Bucaramanga - UNAB,52419-MAESTRIA EN E-LEARNING,Femenino,2010-2,2014,Dependiente,Actividades financieras y de seguros,1,1,,"100,0%",$3.317.000
1823-Universidad Autónoma de Bucaramanga - UNAB,52419-MAESTRIA EN E-LEARNING,Femenino,2010-2,2014,Dependiente,Administración pública y defensa; planes de seguridad social de afiliación obligatoria,1,1,,"100,0%",$1.535.000
1823-Universidad Autónoma de Bucaramanga - UNAB,52419-MAESTRIA EN E-LEARNING,Femenino,2010-2,2014,Dependiente,Educación,3,3,,"100,0%",$2.949.000
1823-Universidad Autónoma de Bucaramanga - UNAB,52419-MAESTRIA EN E-LEARNING,Femenino,2010-2,2014,Dependiente,Información y comunicaciones,1,1,,"100,0%",$3.460.000
1823-Universidad Autónoma de Bucaramanga - UNAB,52419-MAESTRIA EN E-LEARNING,Femenino,2010-2,2015,Dependiente,Administración pública y defensa; planes de seguridad social de afiliación obligatoria,1,1,,"100,0%",$3.694.000
1823-Universidad Autónoma de Bucaramanga - UNAB,52419-MAESTRIA EN E-LEARNING,Femenino,2010-2,2015,Dependiente,Educación,2,2,,"100,0%",$2.751.000
1823-Universidad Autónoma de Bucaramanga - UNAB,52419-MAESTRIA EN E-LEARNING,Femenino,2010-2,2015,Dependiente,Información y comunicaciones,2,2,,"100,0%",$4.206.500
1823-Universidad Autónoma de Bucaramanga - UNAB,52419-MAESTRIA EN E-LEARNING,Femenino,2010-2,2015,Dependiente,Sin información,1,1,,"100,0%",$7.315.000
1823-Universidad Autónoma de Bucaramanga - UNAB,52419-MAESTRIA EN E-LEARNING,Femenino,2010-2,2016,Dependiente,"Actividades profesionales, científicas y técnicas",1,1,,"100,0%",$6.274.000
1823-Universidad Autónoma de Bucaramanga - UNAB,52419-MAESTRIA EN E-LEARNING,Femenino,2010-2,2016,Dependiente,Administración pública y defensa; planes de seguridad social de afiliación obligatoria,1,1,,"100,0%",$4.224.000
1823-Universidad Autónoma de Bucaramanga - UNAB,52419-MAESTRIA EN E-LEARNING,Femenino,2010-2,2016,Dependiente,"Agricultura, ganadería, caza, silvicultura y pesca",1,1,,"100,0%",$2.773.000
1823-Universidad Autónoma de Bucaramanga - UNAB,52419-MAESTRIA EN E-LEARNING,Femenino,2010-2,2016,Dependiente,Educación,1,1,,"100,0%",$4.335.000
1823-Universidad Autónoma de Bucaramanga - UNAB,52419-MAESTRIA EN E-LEARNING,Femenino,2010-2,2016,Dependiente,Otras actividades de servicios,1,1,,"100,0%",$1.380.000
1823-Universidad Autónoma de Bucaramanga - UNAB,52419-MAESTRIA EN E-LEARNING,Femenino,2010-2,2016,No cotizante,Sin información,1,0,,"0,0%",NaN
1823-Universidad Autónoma de Bucaramanga - UNAB,52419-MAESTRIA EN E-LEARNING,Femenino,2010-2,2017,Dependiente,Actividades de organizaciones y entidades extraterritoriales,1,1,,"100,0%",NaN
1823-Universidad Autónoma de Bucaramanga - UNAB,52419-MAESTRIA EN E-LEARNING,Femenino,2010-2,2017,Dependiente,Actividades financieras y de seguros,1,1,,"100,0%",NaN
1823-Universidad Autónoma de Bucaramanga - UNAB,52419-MAESTRIA EN E-LEARNING,Femenino,2010-2,2017,Dependiente,Educación,3,3,,"100,0%",NaN
1823-Universidad Autónoma de Bucaramanga - UNAB,52419-MAESTRIA EN E-LEARNING,Femenino,2010-2,2017,No cotizante,Sin información,1,0,,"0,0%",NaN
1823-Universidad Autónoma de Bucaramanga - UNAB,52419-MAESTRIA EN E-LEARNING,Femenino,2010-2,2018,Dependiente,Actividades financieras y de seguros,1,1,,"100,0%",NaN
1823-Universidad Autónoma de Bucaramanga - UNAB,52419-MAESTRIA EN E-LEARNING,Femenino,2010-2,2018,Dependiente,Administración pública y defensa; planes de seguridad social de afiliación obligatoria,1,1,,"100,0%",NaN
1823-Universidad Autónoma de Bucaramanga - UNAB,52419-MAESTRIA EN E-LEARNING,Femenino,2010-2,2018,Dependiente,Educación,3,3,,"100,0%",NaN
1823-Universidad Autónoma de Bucaramanga - UNAB,52419-MAESTRIA EN E-LEARNING,Femenino,2010-2,2018,No cotizante,Sin información,1,0,,"0,0%",NaN
1823-Universidad Autónoma de Bucaramanga - UNAB,52419-MAESTRIA EN E-LEARNING,Femenino,2010-2,2019,Dependiente,Actividades financieras y de seguros,1,1,,"100,0%",NaN
1823-Universidad Autónoma de Bucaramanga - UNAB,52419-MAESTRIA EN E-LEARNING,Femenino,2010-2,2019,Dependiente,Administración pública y defensa; planes de seguridad social de afiliación obligatoria,2,2,,"100,0%",NaN
1823-Universidad Autónoma de Bucaramanga - UNAB,52419-MAESTRIA EN E-LEARNING,Femenino,2010-2,2019,Dependiente,Educación,1,1,,"100,0%",NaN
1823-Universidad Autónoma de Bucaramanga - UNAB,52419-MAESTRIA EN E-LEARNING,Femenino,2010-2,2019,Independiente,"Actividades profesionales, científicas y técnicas",1,1,,"100,0%",NaN
1823-Universidad Autónoma de Bucaramanga - UNAB,52419-MAESTRIA EN E-LEARNING,Femenino,2010-2,2019,No cotizante,Sin información,1,0,,"0,0%",NaN
1823-Universidad Autónoma de Bucaramanga - UNAB,52419-MAESTRIA EN E-LEARNING,Femenino,2010-2,2020,Dependiente,Actividades financieras y de seguros,1,1,,"100,0%",NaN
1823-Universidad Autónoma de Bucaramanga - UNAB,52419-MAESTRIA EN E-LEARNING,Femenino,2010-2,2020,Dependiente,Administración pública y defensa; planes de seguridad social de afiliación obligatoria,1,1,,"100,0%",NaN
1823-Universidad Autónoma de Bucaramanga - UNAB,52419-MAESTRIA EN E-LEARNING,Femenino,2010-2,2020,Dependiente,Educación,2,2,,"100,0%",NaN
1823-Universidad Autónoma de Bucaramanga - UNAB,52419-MAESTRIA EN E-LEARNING,Femenino,2010-2,2020,Independiente,"Actividades profesionales, científicas y técnicas",1,1,,"100,0%",NaN
1823-Universidad Autónoma de Bucaramanga - UNAB,52419-MAESTRIA EN E-LEARNING,Femenino,2010-2,2020,No cotizante,Sin información,1,0,,"0,0%",NaN
1823-Universidad Autónoma de Bucaramanga - UNAB,52419-MAESTRIA EN E-LEARNING,Femenino,2010-2,2021,Dependiente,Actividades financieras y de seguros,1,1,,"100,0%",NaN
1823-Universidad Autónoma de Bucaramanga - UNAB,52419-MAESTRIA EN E-LEARNING,Femenino,2010-2,2021,Dependiente,"Actividades profesionales, científicas y técnicas",1,1,,"100,0%",NaN
1823-Universidad Autónoma de Bucaramanga - UNAB,52419-MAESTRIA EN E-LEARNING,Femenino,2010-2,2021,Dependiente,Administración pública y defensa; planes de seguridad social de afiliación obligatoria,1,1,,"100,0%",NaN
1823-Universidad Autónoma de Bucaramanga - UNAB,52419-MAESTRIA EN E-LEARNING,Femenino,2010-2,2021,Dependiente,Educación,1,1,,"100,0%",NaN
1823-Universidad Autónoma de Bucaramanga - UNAB,52419-MAESTRIA EN E-LEARNING,Femenino,2010-2,2021,Independiente,"Actividades profesionales, científicas y técnicas",1,1,,"100,0%",NaN
1823-Universidad Autónoma de Bucaramanga - UNAB,52419-MAESTRIA EN E-LEARNING,Femenino,2010-2,2021,No cotizante,Sin información,1,0,,"0,0%",NaN
1823-Universidad Autónoma de Bucaramanga - UNAB,52419-MAESTRIA EN E-LEARNING,Femenino,2010-2,2022,Dependiente,Actividades financieras y de seguros,1,1,,"100,0%",NaN
1823-Universidad Autónoma de Bucaramanga - UNAB,52419-MAESTRIA EN E-LEARNING,Femenino,2010-2,2022,Dependiente,Administración pública y defensa; planes de seguridad social de afiliación obligatoria,1,1,,"100,0%",NaN
1823-Universidad Autónoma de Bucaramanga - UNAB,52419-MAESTRIA EN E-LEARNING,Femenino,2010-2,2022,Dependiente,Educación,2,2,,"100,0%",NaN
1823-Universidad Autónoma de Bucaramanga - UNAB,52419-MAESTRIA EN E-LEARNING,Femenino,2010-2,2022,Independiente,"Actividades profesionales, científicas y técnicas",1,1,,"100,0%",NaN
1823-Universidad Autónoma de Bucaramanga - UNAB,52419-MAESTRIA EN E-LEARNING,Femenino,2010-2,2022,No cotizante,SIN DATO,1,0,,"0,0%",NaN
1823-Universidad Autónoma de Bucaramanga - UNAB,52419-MAESTRIA EN E-LEARNING,Femenino,2010-2,2023,Dependiente,Actividades financieras y de seguros,1,1,,"100,0%",NaN
1823-Universidad Autónoma de Bucaramanga - UNAB,52419-MAESTRIA EN E-LEARNING,Femenino,2010-2,2023,Dependiente,Administración pública y defensa; planes de seguridad social de afiliación obligatoria,1,1,,"100,0%",NaN
1823-Universidad Autónoma de Bucaramanga - UNAB,52419-MAESTRIA EN E-LEARNING,Femenino,2010-2,2023,Dependiente,Educación,2,2,,"100,0%",NaN
1823-Universidad Autónoma de Bucaramanga - UNAB,52419-MAESTRIA EN E-LEARNING,Femenino,2010-2,2023,Independiente,"Actividades profesionales, científicas y técnicas",1,1,,"100,0%",NaN
1823-Universidad Autónoma de Bucaramanga - UNAB,52419-MAESTRIA EN E-LEARNING,Femenino,2010-2,2023,No cotizante,SIN DATO,1,0,,"0,0%",NaN
1823-Universidad Autónoma de Bucaramanga - UNAB,52419-MAESTRIA EN E-LEARNING,Masculino,2010-2,2012,Dependiente,Sin información,10,10,,"100,0%",$3.099.364
1823-Universidad Autónoma de Bucaramanga - UNAB,52419-MAESTRIA EN E-LEARNING,Masculino,2010-2,2012,No cotizante,Sin información,1,0,,"0,0%",NaN
1823-Universidad Autónoma de Bucaramanga - UNAB,52419-MAESTRIA EN E-LEARNING,Masculino,2010-2,2013,Dependiente,Sin información,9,9,,"100,0%",$3.201.225
1823-Universidad Autónoma de Bucaramanga - UNAB,52419-MAESTRIA EN E-LEARNING,Masculino,2010-2,2013,No cotizante,Sin información,2,0,,"0,0%",NaN
1823-Universidad Autónoma de Bucaramanga - UNAB,52419-MAESTRIA EN E-LEARNING,Masculino,2010-2,2014,Dependiente,Administración pública y defensa; planes de seguridad social de afiliación obligatoria,4,4,,"100,0%",$3.664.500
1823-Universidad Autónoma de Bucaramanga - UNAB,52419-MAESTRIA EN E-LEARNING,Masculino,2010-2,2014,Dependiente,Educación,4,4,,"100,0%",$2.965.500
1823-Universidad Autónoma de Bucaramanga - UNAB,52419-MAESTRIA EN E-LEARNING,Masculino,2010-2,2014,Dependiente,Información y comunicaciones,1,1,,"100,0%",$4.119.000
1823-Universidad Autónoma de Bucaramanga - UNAB,52419-MAESTRIA EN E-LEARNING,Masculino,2010-2,2014,No cotizante,Sin información,2,0,,"0,0%",NaN
1823-Universidad Autónoma de Bucaramanga - UNAB,52419-MAESTRIA EN E-LEARNING,Masculino,2010-2,2015,Dependiente,Administración pública y defensa; planes de seguridad social de afiliación obligatoria,2,2,,"100,0%",$4.316.857
1823-Universidad Autónoma de Bucaramanga - UNAB,52419-MAESTRIA EN E-LEARNING,Masculino,2010-2,2015,Dependiente,"Agricultura, ganadería, caza, silvicultura y pesca",1,1,,"100,0%",$4.063.500
1823-Universidad Autónoma de Bucaramanga - UNAB,52419-MAESTRIA EN E-LEARNING,Masculino,2010-2,2015,Dependiente,Educación,3,3,,"100,0%",$3.394.667
1823-Universidad Autónoma de Bucaramanga - UNAB,52419-MAESTRIA EN E-LEARNING,Masculino,2010-2,2015,Dependiente,Explotación de minas y canteras,1,1,,"100,0%",$7.799.000
1823-Universidad Autónoma de Bucaramanga - UNAB,52419-MAESTRIA EN E-LEARNING,Masculino,2010-2,2015,Dependiente,Información y comunicaciones,2,2,,"100,0%",$3.530.500
1823-Universidad Autónoma de Bucaramanga - UNAB,52419-MAESTRIA EN E-LEARNING,Masculino,2010-2,2015,No cotizante,Sin información,2,0,,"0,0%",NaN
1823-Universidad Autónoma de Bucaramanga - UNAB,52419-MAESTRIA EN E-LEARNING,Masculino,2010-2,2016,Dependiente,Administración pública y defensa; planes de seguridad social de afiliación obligatoria,4,4,,"100,0%",$5.843.750
1823-Universidad Autónoma de Bucaramanga - UNAB,52419-MAESTRIA EN E-LEARNING,Masculino,2010-2,2016,Dependiente,Educación,2,2,,"100,0%",$4.226.500
1823-Universidad Autónoma de Bucaramanga - UNAB,52419-MAESTRIA EN E-LEARNING,Masculino,2010-2,2016,Dependiente,Sin información,3,3,,"100,0%",$4.312.820
1823-Universidad Autónoma de Bucaramanga - UNAB,52419-MAESTRIA EN E-LEARNING,Masculino,2010-2,2016,No cotizante,Sin información,2,0,,"0,0%",NaN
1823-Universidad Autónoma de Bucaramanga - UNAB,52419-MAESTRIA EN E-LEARNING,Masculino,2010-2,2017,Dependiente,Administración pública y defensa; planes de seguridad social de afiliación obligatoria,2,2,,"100,0%",NaN
1823-Universidad Autónoma de Bucaramanga - UNAB,52419-MAESTRIA EN E-LEARNING,Masculino,2010-2,2017,Dependiente,Educación,4,4,,"100,0%",NaN
1823-Universidad Autónoma de Bucaramanga - UNAB,52419-MAESTRIA EN E-LEARNING,Masculino,2010-2,2017,Dependiente,Sin información,3,3,,"100,0%",NaN
1823-Universidad Autónoma de Bucaramanga - UNAB,52419-MAESTRIA EN E-LEARNING,Masculino,2010-2,2017,No cotizante,Sin información,2,0,,"0,0%",NaN
1823-Universidad Autónoma de Bucaramanga - UNAB,52419-MAESTRIA EN E-LEARNING,Masculino,2010-2,2018,Dependiente,Administración pública y defensa; planes de seguridad social de afiliación obligatoria,2,2,,"100,0%",NaN
1823-Universidad Autónoma de Bucaramanga - UNAB,52419-MAESTRIA EN E-LEARNING,Masculino,2010-2,2018,Dependiente,Educación,4,4,,"100,0%",NaN
1823-Universidad Autónoma de Bucaramanga - UNAB,52419-MAESTRIA EN E-LEARNING,Masculino,2010-2,2018,Dependiente,Sin información,3,3,,"100,0%",NaN
1823-Universidad Autónoma de Bucaramanga - UNAB,52419-MAESTRIA EN E-LEARNING,Masculino,2010-2,2018,No cotizante,Sin información,2,0,,"0,0%",NaN
1823-Universidad Autónoma de Bucaramanga - UNAB,52419-MAESTRIA EN E-LEARNING,Masculino,2010-2,2019,Dependiente,Actividades de organizaciones y entidades extraterritoriales,1,1,,"100,0%",NaN
1823-Universidad Autónoma de Bucaramanga - UNAB,52419-MAESTRIA EN E-LEARNING,Masculino,2010-2,2019,Dependiente,"Actividades profesionales, científicas y técnicas",1,1,,"100,0%",NaN
1823-Universidad Autónoma de Bucaramanga - UNAB,52419-MAESTRIA EN E-LEARNING,Masculino,2010-2,2019,Dependiente,Administración pública y defensa; planes de seguridad social de afiliación obligatoria,2,2,,"100,0%",NaN
1823-Universidad Autónoma de Bucaramanga - UNAB,52419-MAESTRIA EN E-LEARNING,Masculino,2010-2,2019,Dependiente,Educación,4,4,,"100,0%",NaN
1823-Universidad Autónoma de Bucaramanga - UNAB,52419-MAESTRIA EN E-LEARNING,Masculino,2010-2,2019,Dependiente,Sin información,1,1,,"100,0%",NaN
1823-Universidad Autónoma de Bucaramanga - UNAB,52419-MAESTRIA EN E-LEARNING,Masculino,2010-2,2019,No cotizante,Sin información,2,0,,"0,0%",NaN
1823-Universidad Autónoma de Bucaramanga - UNAB,52419-MAESTRIA EN E-LEARNING,Masculino,2010-2,2020,Dependiente,"Actividades profesionales, científicas y técnicas",1,1,,"100,0%",NaN
1823-Universidad Autónoma de Bucaramanga - UNAB,52419-MAESTRIA EN E-LEARNING,Masculino,2010-2,2020,Dependiente,Administración pública y defensa; planes de seguridad social de afiliación obligatoria,3,3,,"100,0%",NaN
1823-Universidad Autónoma de Bucaramanga - UNAB,52419-MAESTRIA EN E-LEARNING,Masculino,2010-2,2020,Dependiente,Educación,5,5,,"100,0%",NaN
1823-Universidad Autónoma de Bucaramanga - UNAB,52419-MAESTRIA EN E-LEARNING,Masculino,2010-2,2020,No cotizante,Sin información,2,0,,"0,0%",NaN
1823-Universidad Autónoma de Bucaramanga - UNAB,52419-MAESTRIA EN E-LEARNING,Masculino,2010-2,2021,Dependiente,Actividades de servicios administrativos y de apoyo,2,2,,"100,0%",NaN
1823-Universidad Autónoma de Bucaramanga - UNAB,52419-MAESTRIA EN E-LEARNING,Masculino,2010-2,2021,Dependiente,"Actividades profesionales, científicas y técnicas",1,1,,"100,0%",NaN
1823-Universidad Autónoma de Bucaramanga - UNAB,52419-MAESTRIA EN E-LEARNING,Masculino,2010-2,2021,Dependiente,Administración pública y defensa; planes de seguridad social de afiliación obligatoria,3,3,,"100,0%",NaN
1823-Universidad Autónoma de Bucaramanga - UNAB,52419-MAESTRIA EN E-LEARNING,Masculino,2010-2,2021,Dependiente,Educación,3,3,,"100,0%",NaN
1823-Universidad Autónoma de Bucaramanga - UNAB,52419-MAESTRIA EN E-LEARNING,Masculino,2010-2,2021,No cotizante,Sin información,2,0,,"0,0%",NaN
1823-Universidad Autónoma de Bucaramanga - UNAB,52419-MAESTRIA EN E-LEARNING,Masculino,2010-2,2022,Dependiente,Administración pública y defensa; planes de seguridad social de afiliación obligatoria,5,5,,"100,0%",NaN
1823-Universidad Autónoma de Bucaramanga - UNAB,52419-MAESTRIA EN E-LEARNING,Masculino,2010-2,2022,Dependiente,Educación,4,4,,"100,0%",NaN
1823-Universidad Autónoma de Bucaramanga - UNAB,52419-MAESTRIA EN E-LEARNING,Masculino,2010-2,2022,No cotizante,SIN DATO,2,0,,"0,0%",NaN
1823-Universidad Autónoma de Bucaramanga - UNAB,52419-MAESTRIA EN E-LEARNING,Masculino,2010-2,2023,Dependiente,Actividades financieras y de seguros,1,1,,"100,0%",NaN
1823-Universidad Autónoma de Bucaramanga - UNAB,52419-MAESTRIA EN E-LEARNING,Masculino,2010-2,2023,Dependiente,Administración pública y defensa; planes de seguridad social de afiliación obligatoria,4,4,,"100,0%",NaN
1823-Universidad Autónoma de Bucaramanga - UNAB,52419-MAESTRIA EN E-LEARNING,Masculino,2010-2,2023,Dependiente,Educación,4,4,,"100,0%",NaN
1823-Universidad Autónoma de Bucaramanga - UNAB,52419-MAESTRIA EN E-LEARNING,Masculino,2010-2,2023,No cotizante,SIN DATO,2,0,,"0,0%",NaN
1823-Universidad Autónoma de Bucaramanga - UNAB,20845-MAESTRIA EN SOFTWARE LIBRE,Masculino,2010-2,2017,Dependiente,"Actividades profesionales, científicas y técnicas",1,1,,"100,0%",NaN
1823-Universidad Autónoma de Bucaramanga - UNAB,20845-MAESTRIA EN SOFTWARE LIBRE,Masculino,2010-2,2017,Dependiente,Administración pública y defensa; planes de seguridad social de afiliación obligatoria,1,1,,"100,0%",NaN
1823-Universidad Autónoma de Bucaramanga - UNAB,20845-MAESTRIA EN SOFTWARE LIBRE,Masculino,2010-2,2017,Dependiente,Educación,5,5,,"100,0%",NaN
1823-Universidad Autónoma de Bucaramanga - UNAB,20845-MAESTRIA EN SOFTWARE LIBRE,Masculino,2010-2,2017,Dependiente,Sin información,3,3,,"100,0%",NaN
1823-Universidad Autónoma de Bucaramanga - UNAB,20845-MAESTRIA EN SOFTWARE LIBRE,Masculino,2010-2,2017,Independiente,"Actividades profesionales, científicas y técnicas",1,1,,"100,0%",NaN
1823-Universidad Autónoma de Bucaramanga - UNAB,20845-MAESTRIA EN SOFTWARE LIBRE,Masculino,2010-2,2017,Independiente,Sin información,1,1,,"100,0%",NaN
1823-Universidad Autónoma de Bucaramanga - UNAB,20845-MAESTRIA EN SOFTWARE LIBRE,Masculino,2010-2,2018,Dependiente,"Actividades profesionales, científicas y técnicas",1,1,,"100,0%",NaN
1823-Universidad Autónoma de Bucaramanga - UNAB,20845-MAESTRIA EN SOFTWARE LIBRE,Masculino,2010-2,2018,Dependiente,Administración pública y defensa; planes de seguridad social de afiliación obligatoria,1,1,,"100,0%",NaN
1823-Universidad Autónoma de Bucaramanga - UNAB,20845-MAESTRIA EN SOFTWARE LIBRE,Masculino,2010-2,2018,Dependiente,Educación,5,5,,"100,0%",NaN
1823-Universidad Autónoma de Bucaramanga - UNAB,20845-MAESTRIA EN SOFTWARE LIBRE,Masculino,2010-2,2018,Dependiente,Sin información,3,3,,"100,0%",NaN
1823-Universidad Autónoma de Bucaramanga - UNAB,20845-MAESTRIA EN SOFTWARE LIBRE,Masculino,2010-2,2018,Independiente,"Actividades profesionales, científicas y técnicas",1,1,,"100,0%",NaN
1823-Universidad Autónoma de Bucaramanga - UNAB,20845-MAESTRIA EN SOFTWARE LIBRE,Masculino,2010-2,2018,Independiente,Sin información,1,1,,"100,0%",NaN
1823-Universidad Autónoma de Bucaramanga - UNAB,20845-MAESTRIA EN SOFTWARE LIBRE,Masculino,2010-2,2019,Dependiente,"Actividades profesionales, científicas y técnicas",1,1,,"100,0%",NaN
1823-Universidad Autónoma de Bucaramanga - UNAB,20845-MAESTRIA EN SOFTWARE LIBRE,Masculino,2010-2,2019,Dependiente,Administración pública y defensa; planes de seguridad social de afiliación obligatoria,4,4,,"100,0%",NaN
1823-Universidad Autónoma de Bucaramanga - UNAB,20845-MAESTRIA EN SOFTWARE LIBRE,Masculino,2010-2,2019,Dependiente,Educación,4,4,,"100,0%",NaN
1823-Universidad Autónoma de Bucaramanga - UNAB,20845-MAESTRIA EN SOFTWARE LIBRE,Masculino,2010-2,2019,Independiente,"Actividades profesionales, científicas y técnicas",1,1,,"100,0%",NaN
1823-Universidad Autónoma de Bucaramanga - UNAB,20845-MAESTRIA EN SOFTWARE LIBRE,Masculino,2010-2,2019,Independiente,Administración pública y defensa; planes de seguridad social de afiliación obligatoria,1,1,,"100,0%",NaN
1823-Universidad Autónoma de Bucaramanga - UNAB,20845-MAESTRIA EN SOFTWARE LIBRE,Masculino,2010-2,2020,Dependiente,"Actividades profesionales, científicas y técnicas",2,2,,"100,0%",NaN
1823-Universidad Autónoma de Bucaramanga - UNAB,20845-MAESTRIA EN SOFTWARE LIBRE,Masculino,2010-2,2020,Dependiente,Administración pública y defensa; planes de seguridad social de afiliación obligatoria,3,3,,"100,0%",NaN
1823-Universidad Autónoma de Bucaramanga - UNAB,20845-MAESTRIA EN SOFTWARE LIBRE,Masculino,2010-2,2020,Dependiente,Educación,4,4,,"100,0%",NaN
1823-Universidad Autónoma de Bucaramanga - UNAB,20845-MAESTRIA EN SOFTWARE LIBRE,Masculino,2010-2,2020,Independiente,"Actividades profesionales, científicas y técnicas",1,1,,"100,0%",NaN
1823-Universidad Autónoma de Bucaramanga - UNAB,20845-MAESTRIA EN SOFTWARE LIBRE,Masculino,2010-2,2020,Independiente,Administración pública y defensa; planes de seguridad social de afiliación obligatoria,1,1,,"100,0%",NaN
1823-Universidad Autónoma de Bucaramanga - UNAB,20845-MAESTRIA EN SOFTWARE LIBRE,Masculino,2010-2,2021,Dependiente,"Actividades profesionales, científicas y técnicas",4,4,,"100,0%",NaN
1823-Universidad Autónoma de Bucaramanga - UNAB,20845-MAESTRIA EN SOFTWARE LIBRE,Masculino,2010-2,2021,Dependiente,Administración pública y defensa; planes de seguridad social de afiliación obligatoria,2,2,,"100,0%",NaN
1823-Universidad Autónoma de Bucaramanga - UNAB,20845-MAESTRIA EN SOFTWARE LIBRE,Masculino,2010-2,2021,Dependiente,Educación,3,3,,"100,0%",NaN
1823-Universidad Autónoma de Bucaramanga - UNAB,20845-MAESTRIA EN SOFTWARE LIBRE,Masculino,2010-2,2021,Independiente,"Actividades profesionales, científicas y técnicas",1,1,,"100,0%",NaN
1823-Universidad Autónoma de Bucaramanga - UNAB,20845-MAESTRIA EN SOFTWARE LIBRE,Masculino,2010-2,2021,Independiente,Administración pública y defensa; planes de seguridad social de afiliación obligatoria,1,1,,"100,0%",NaN
1823-Universidad Autónoma de Bucaramanga - UNAB,20845-MAESTRIA EN SOFTWARE LIBRE,Masculino,2010-2,2022,Dependiente,"Actividades profesionales, científicas y técnicas",3,3,,"100,0%",NaN
1823-Universidad Autónoma de Bucaramanga - UNAB,20845-MAESTRIA EN SOFTWARE LIBRE,Masculino,2010-2,2022,Dependiente,Administración pública y defensa; planes de seguridad social de afiliación obligatoria,2,2,,"100,0%",NaN
1823-Universidad Autónoma de Bucaramanga - UNAB,20845-MAESTRIA EN SOFTWARE LIBRE,Masculino,2010-2,2022,Dependiente,Educación,3,3,,"100,0%",NaN
1823-Universidad Autónoma de Bucaramanga - UNAB,20845-MAESTRIA EN SOFTWARE LIBRE,Masculino,2010-2,2022,Independiente,"Actividades profesionales, científicas y técnicas",2,2,,"100,0%",NaN
1823-Universidad Autónoma de Bucaramanga - UNAB,20845-MAESTRIA EN SOFTWARE LIBRE,Masculino,2010-2,2022,Independiente,Administración pública y defensa; planes de seguridad social de afiliación obligatoria,1,1,,"100,0%",NaN
1823-Universidad Autónoma de Bucaramanga - UNAB,20845-MAESTRIA EN SOFTWARE LIBRE,Masculino,2010-2,2023,Dependiente,Administración pública y defensa; planes de seguridad social de afiliación obligatoria,4,4,,"100,0%",NaN
1823-Universidad Autónoma de Bucaramanga - UNAB,20845-MAESTRIA EN SOFTWARE LIBRE,Masculino,2010-2,2023,Dependiente,Educación,3,3,,"100,0%",NaN
1823-Universidad Autónoma de Bucaramanga - UNAB,20845-MAESTRIA EN SOFTWARE LIBRE,Masculino,2010-2,2023,Dependiente,Otras actividades de servicios,2,2,,"100,0%",NaN
1823-Universidad Autónoma de Bucaramanga - UNAB,20845-MAESTRIA EN SOFTWARE LIBRE,Masculino,2010-2,2023,Independiente,"Actividades profesionales, científicas y técnicas",1,1,,"100,0%",NaN
1823-Universidad Autónoma de Bucaramanga - UNAB,20845-MAESTRIA EN SOFTWARE LIBRE,Masculino,2010-2,2023,No cotizante,SIN DATO,1,0,,"0,0%",NaN
2719-Universidad Católica Luis Amigó - FUNLAM,54982-ESPECIALIZACION EN GESTION EDUCATIVA,Femenino,2010-2,2016,Dependiente,Actividades financieras y de seguros,1,1,,"100,0%",$1.318.000
2719-Universidad Católica Luis Amigó - FUNLAM,54982-ESPECIALIZACION EN GESTION EDUCATIVA,Femenino,2010-2,2016,Dependiente,Administración pública y defensa; planes de seguridad social de afiliación obligatoria,9,9,,"100,0%",$3.696.222
2719-Universidad Católica Luis Amigó - FUNLAM,54982-ESPECIALIZACION EN GESTION EDUCATIVA,Femenino,2010-2,2016,Dependiente,"Agricultura, ganadería, caza, silvicultura y pesca",1,1,,"100,0%",$1.496.000
2719-Universidad Católica Luis Amigó - FUNLAM,54982-ESPECIALIZACION EN GESTION EDUCATIVA,Femenino,2010-2,2016,Dependiente,Educación,2,2,,"100,0%",$2.200.500
2719-Universidad Católica Luis Amigó - FUNLAM,54982-ESPECIALIZACION EN GESTION EDUCATIVA,Femenino,2010-2,2016,Dependiente,Sin información,1,1,,"100,0%",$3.891.000
2719-Universidad Católica Luis Amigó - FUNLAM,54982-ESPECIALIZACION EN GESTION EDUCATIVA,Femenino,2010-2,2016,No cotizante,Sin información,2,0,,"0,0%",NaN
2719-Universidad Católica Luis Amigó - FUNLAM,54982-ESPECIALIZACION EN GESTION EDUCATIVA,Masculino,2010-2,2016,Dependiente,Administración pública y defensa; planes de seguridad social de afiliación obligatoria,4,4,,"100,0%",$3.835.750
1719-Universidad Católica de Colombia,55037-ESPECIALIZACION EN INVESTIGACION CRIMINAL  Y JUZGAMIENTO EN EL SISTEMA PENAL ACUSATORIO,Femenino,2010-2,2017,Dependiente,"Actividades profesionales, científicas y técnicas",9,9,,"100,0%",NaN
1719-Universidad Católica de Colombia,55037-ESPECIALIZACION EN INVESTIGACION CRIMINAL  Y JUZGAMIENTO EN EL SISTEMA PENAL ACUSATORIO,Femenino,2010-2,2017,Dependiente,Administración pública y defensa; planes de seguridad social de afiliación obligatoria,7,7,,"100,0%",NaN
1719-Universidad Católica de Colombia,55037-ESPECIALIZACION EN INVESTIGACION CRIMINAL  Y JUZGAMIENTO EN EL SISTEMA PENAL ACUSATORIO,Femenino,2010-2,2017,Independiente,"Actividades profesionales, científicas y técnicas",14,14,,"100,0%",NaN
1719-Universidad Católica de Colombia,55037-ESPECIALIZACION EN INVESTIGACION CRIMINAL  Y JUZGAMIENTO EN EL SISTEMA PENAL ACUSATORIO,Femenino,2010-2,2017,Independiente,Administración pública y defensa; planes de seguridad social de afiliación obligatoria,1,1,,"100,0%",NaN
1719-Universidad Católica de Colombia,55037-ESPECIALIZACION EN INVESTIGACION CRIMINAL  Y JUZGAMIENTO EN EL SISTEMA PENAL ACUSATORIO,Femenino,2010-2,2017,Independiente,Otras actividades de servicios,2,2,,"100,0%",NaN
1719-Universidad Católica de Colombia,55037-ESPECIALIZACION EN INVESTIGACION CRIMINAL  Y JUZGAMIENTO EN EL SISTEMA PENAL ACUSATORIO,Femenino,2010-2,2017,Independiente,Sin información,13,13,,"100,0%",NaN
1719-Universidad Católica de Colombia,55037-ESPECIALIZACION EN INVESTIGACION CRIMINAL  Y JUZGAMIENTO EN EL SISTEMA PENAL ACUSATORIO,Femenino,2010-2,2018,Dependiente,Actividades de organizaciones y entidades extraterritoriales,1,1,,"100,0%",NaN
1719-Universidad Católica de Colombia,55037-ESPECIALIZACION EN INVESTIGACION CRIMINAL  Y JUZGAMIENTO EN EL SISTEMA PENAL ACUSATORIO,Femenino,2010-2,2018,Dependiente,Actividades de servicios administrativos y de apoyo,1,1,,"100,0%",NaN
1719-Universidad Católica de Colombia,55037-ESPECIALIZACION EN INVESTIGACION CRIMINAL  Y JUZGAMIENTO EN EL SISTEMA PENAL ACUSATORIO,Femenino,2010-2,2018,Dependiente,"Actividades profesionales, científicas y técnicas",9,9,,"100,0%",NaN
1719-Universidad Católica de Colombia,55037-ESPECIALIZACION EN INVESTIGACION CRIMINAL  Y JUZGAMIENTO EN EL SISTEMA PENAL ACUSATORIO,Femenino,2010-2,2018,Dependiente,Administración pública y defensa; planes de seguridad social de afiliación obligatoria,9,9,,"100,0%",NaN
1719-Universidad Católica de Colombia,55037-ESPECIALIZACION EN INVESTIGACION CRIMINAL  Y JUZGAMIENTO EN EL SISTEMA PENAL ACUSATORIO,Femenino,2010-2,2018,Independiente,"Actividades profesionales, científicas y técnicas",12,12,,"100,0%",NaN
1719-Universidad Católica de Colombia,55037-ESPECIALIZACION EN INVESTIGACION CRIMINAL  Y JUZGAMIENTO EN EL SISTEMA PENAL ACUSATORIO,Femenino,2010-2,2018,Independiente,Administración pública y defensa; planes de seguridad social de afiliación obligatoria,1,1,,"100,0%",NaN
1719-Universidad Católica de Colombia,55037-ESPECIALIZACION EN INVESTIGACION CRIMINAL  Y JUZGAMIENTO EN EL SISTEMA PENAL ACUSATORIO,Femenino,2010-2,2018,Independiente,Sin información,10,10,,"100,0%",NaN
1719-Universidad Católica de Colombia,55037-ESPECIALIZACION EN INVESTIGACION CRIMINAL  Y JUZGAMIENTO EN EL SISTEMA PENAL ACUSATORIO,Femenino,2010-2,2018,No cotizante,Sin información,3,0,,"0,0%",NaN
1719-Universidad Católica de Colombia,55037-ESPECIALIZACION EN INVESTIGACION CRIMINAL  Y JUZGAMIENTO EN EL SISTEMA PENAL ACUSATORIO,Femenino,2010-2,2019,Dependiente,Actividades de organizaciones y entidades extraterritoriales,1,1,,"100,0%",NaN
1719-Universidad Católica de Colombia,55037-ESPECIALIZACION EN INVESTIGACION CRIMINAL  Y JUZGAMIENTO EN EL SISTEMA PENAL ACUSATORIO,Femenino,2010-2,2019,Dependiente,Actividades de servicios administrativos y de apoyo,1,1,,"100,0%",NaN
1719-Universidad Católica de Colombia,55037-ESPECIALIZACION EN INVESTIGACION CRIMINAL  Y JUZGAMIENTO EN EL SISTEMA PENAL ACUSATORIO,Femenino,2010-2,2019,Dependiente,"Actividades profesionales, científicas y técnicas",8,8,,"100,0%",NaN
1719-Universidad Católica de Colombia,55037-ESPECIALIZACION EN INVESTIGACION CRIMINAL  Y JUZGAMIENTO EN EL SISTEMA PENAL ACUSATORIO,Femenino,2010-2,2019,Dependiente,Administración pública y defensa; planes de seguridad social de afiliación obligatoria,9,9,,"100,0%",NaN
1719-Universidad Católica de Colombia,55037-ESPECIALIZACION EN INVESTIGACION CRIMINAL  Y JUZGAMIENTO EN EL SISTEMA PENAL ACUSATORIO,Femenino,2010-2,2019,Independiente,"Actividades profesionales, científicas y técnicas",15,15,,"100,0%",NaN
1719-Universidad Católica de Colombia,55037-ESPECIALIZACION EN INVESTIGACION CRIMINAL  Y JUZGAMIENTO EN EL SISTEMA PENAL ACUSATORIO,Femenino,2010-2,2019,Independiente,Administración pública y defensa; planes de seguridad social de afiliación obligatoria,5,5,,"100,0%",NaN
1719-Universidad Católica de Colombia,55037-ESPECIALIZACION EN INVESTIGACION CRIMINAL  Y JUZGAMIENTO EN EL SISTEMA PENAL ACUSATORIO,Femenino,2010-2,2019,Independiente,Otras actividades de servicios,1,1,,"100,0%",NaN
1719-Universidad Católica de Colombia,55037-ESPECIALIZACION EN INVESTIGACION CRIMINAL  Y JUZGAMIENTO EN EL SISTEMA PENAL ACUSATORIO,Femenino,2010-2,2019,Independiente,Sin información,4,4,,"100,0%",NaN
1719-Universidad Católica de Colombia,55037-ESPECIALIZACION EN INVESTIGACION CRIMINAL  Y JUZGAMIENTO EN EL SISTEMA PENAL ACUSATORIO,Femenino,2010-2,2019,No cotizante,Sin información,1,0,,"0,0%",NaN
1719-Universidad Católica de Colombia,55037-ESPECIALIZACION EN INVESTIGACION CRIMINAL  Y JUZGAMIENTO EN EL SISTEMA PENAL ACUSATORIO,Femenino,2010-2,2020,Dependiente,Actividades de organizaciones y entidades extraterritoriales,1,1,,"100,0%",NaN
1719-Universidad Católica de Colombia,55037-ESPECIALIZACION EN INVESTIGACION CRIMINAL  Y JUZGAMIENTO EN EL SISTEMA PENAL ACUSATORIO,Femenino,2010-2,2020,Dependiente,"Actividades profesionales, científicas y técnicas",7,7,,"100,0%",NaN
1719-Universidad Católica de Colombia,55037-ESPECIALIZACION EN INVESTIGACION CRIMINAL  Y JUZGAMIENTO EN EL SISTEMA PENAL ACUSATORIO,Femenino,2010-2,2020,Dependiente,Administración pública y defensa; planes de seguridad social de afiliación obligatoria,9,9,,"100,0%",NaN
1719-Universidad Católica de Colombia,55037-ESPECIALIZACION EN INVESTIGACION CRIMINAL  Y JUZGAMIENTO EN EL SISTEMA PENAL ACUSATORIO,Femenino,2010-2,2020,Dependiente,Construccion,1,1,,"100,0%",NaN
1719-Universidad Católica de Colombia,55037-ESPECIALIZACION EN INVESTIGACION CRIMINAL  Y JUZGAMIENTO EN EL SISTEMA PENAL ACUSATORIO,Femenino,2010-2,2020,Independiente,Actividades de servicios administrativos y de apoyo,3,3,,"100,0%",NaN
1719-Universidad Católica de Colombia,55037-ESPECIALIZACION EN INVESTIGACION CRIMINAL  Y JUZGAMIENTO EN EL SISTEMA PENAL ACUSATORIO,Femenino,2010-2,2020,Independiente,"Actividades profesionales, científicas y técnicas",17,17,,"100,0%",NaN
1719-Universidad Católica de Colombia,55037-ESPECIALIZACION EN INVESTIGACION CRIMINAL  Y JUZGAMIENTO EN EL SISTEMA PENAL ACUSATORIO,Femenino,2010-2,2020,Independiente,Administración pública y defensa; planes de seguridad social de afiliación obligatoria,5,5,,"100,0%",NaN
1719-Universidad Católica de Colombia,55037-ESPECIALIZACION EN INVESTIGACION CRIMINAL  Y JUZGAMIENTO EN EL SISTEMA PENAL ACUSATORIO,Femenino,2010-2,2020,No cotizante,Sin información,2,0,,"0,0%",NaN
1719-Universidad Católica de Colombia,55037-ESPECIALIZACION EN INVESTIGACION CRIMINAL  Y JUZGAMIENTO EN EL SISTEMA PENAL ACUSATORIO,Femenino,2010-2,2021,Dependiente,Actividades de organizaciones y entidades extraterritoriales,1,1,,"100,0%",NaN
1719-Universidad Católica de Colombia,55037-ESPECIALIZACION EN INVESTIGACION CRIMINAL  Y JUZGAMIENTO EN EL SISTEMA PENAL ACUSATORIO,Femenino,2010-2,2021,Dependiente,Actividades de servicios administrativos y de apoyo,1,1,,"100,0%",NaN
1719-Universidad Católica de Colombia,55037-ESPECIALIZACION EN INVESTIGACION CRIMINAL  Y JUZGAMIENTO EN EL SISTEMA PENAL ACUSATORIO,Femenino,2010-2,2021,Dependiente,"Actividades profesionales, científicas y técnicas",7,7,,"100,0%",NaN
1719-Universidad Católica de Colombia,55037-ESPECIALIZACION EN INVESTIGACION CRIMINAL  Y JUZGAMIENTO EN EL SISTEMA PENAL ACUSATORIO,Femenino,2010-2,2021,Dependiente,Administración pública y defensa; planes de seguridad social de afiliación obligatoria,9,9,,"100,0%",NaN
1719-Universidad Católica de Colombia,55037-ESPECIALIZACION EN INVESTIGACION CRIMINAL  Y JUZGAMIENTO EN EL SISTEMA PENAL ACUSATORIO,Femenino,2010-2,2021,Independiente,Actividades de servicios administrativos y de apoyo,2,2,,"100,0%",NaN
1719-Universidad Católica de Colombia,55037-ESPECIALIZACION EN INVESTIGACION CRIMINAL  Y JUZGAMIENTO EN EL SISTEMA PENAL ACUSATORIO,Femenino,2010-2,2021,Independiente,"Actividades profesionales, científicas y técnicas",17,17,,"100,0%",NaN
1719-Universidad Católica de Colombia,55037-ESPECIALIZACION EN INVESTIGACION CRIMINAL  Y JUZGAMIENTO EN EL SISTEMA PENAL ACUSATORIO,Femenino,2010-2,2021,Independiente,Administración pública y defensa; planes de seguridad social de afiliación obligatoria,6,6,,"100,0%",NaN
1719-Universidad Católica de Colombia,55037-ESPECIALIZACION EN INVESTIGACION CRIMINAL  Y JUZGAMIENTO EN EL SISTEMA PENAL ACUSATORIO,Femenino,2010-2,2021,No cotizante,Sin información,2,0,,"0,0%",NaN
1719-Universidad Católica de Colombia,55037-ESPECIALIZACION EN INVESTIGACION CRIMINAL  Y JUZGAMIENTO EN EL SISTEMA PENAL ACUSATORIO,Femenino,2010-2,2022,Dependiente,"Actividades profesionales, científicas y técnicas",7,7,,"100,0%",NaN
1719-Universidad Católica de Colombia,55037-ESPECIALIZACION EN INVESTIGACION CRIMINAL  Y JUZGAMIENTO EN EL SISTEMA PENAL ACUSATORIO,Femenino,2010-2,2022,Dependiente,Administración pública y defensa; planes de seguridad social de afiliación obligatoria,9,9,,"100,0%",NaN
1719-Universidad Católica de Colombia,55037-ESPECIALIZACION EN INVESTIGACION CRIMINAL  Y JUZGAMIENTO EN EL SISTEMA PENAL ACUSATORIO,Femenino,2010-2,2022,Independiente,Actividades de servicios administrativos y de apoyo,2,2,,"100,0%",NaN
1719-Universidad Católica de Colombia,55037-ESPECIALIZACION EN INVESTIGACION CRIMINAL  Y JUZGAMIENTO EN EL SISTEMA PENAL ACUSATORIO,Femenino,2010-2,2022,Independiente,"Actividades profesionales, científicas y técnicas",15,15,,"100,0%",NaN
1719-Universidad Católica de Colombia,55037-ESPECIALIZACION EN INVESTIGACION CRIMINAL  Y JUZGAMIENTO EN EL SISTEMA PENAL ACUSATORIO,Femenino,2010-2,2022,Independiente,Administración pública y defensa; planes de seguridad social de afiliación obligatoria,6,6,,"100,0%",NaN
1719-Universidad Católica de Colombia,55037-ESPECIALIZACION EN INVESTIGACION CRIMINAL  Y JUZGAMIENTO EN EL SISTEMA PENAL ACUSATORIO,Femenino,2010-2,2022,Independiente,Otras actividades de servicios,1,1,,"100,0%",NaN
1719-Universidad Católica de Colombia,55037-ESPECIALIZACION EN INVESTIGACION CRIMINAL  Y JUZGAMIENTO EN EL SISTEMA PENAL ACUSATORIO,Femenino,2010-2,2022,No cotizante,SIN DATO,5,0,,"0,0%",NaN
1719-Universidad Católica de Colombia,55037-ESPECIALIZACION EN INVESTIGACION CRIMINAL  Y JUZGAMIENTO EN EL SISTEMA PENAL ACUSATORIO,Femenino,2010-2,2023,Dependiente,"Actividades profesionales, científicas y técnicas",5,5,,"100,0%",NaN
1719-Universidad Católica de Colombia,55037-ESPECIALIZACION EN INVESTIGACION CRIMINAL  Y JUZGAMIENTO EN EL SISTEMA PENAL ACUSATORIO,Femenino,2010-2,2023,Dependiente,Administración pública y defensa; planes de seguridad social de afiliación obligatoria,10,10,,"100,0%",NaN
1719-Universidad Católica de Colombia,55037-ESPECIALIZACION EN INVESTIGACION CRIMINAL  Y JUZGAMIENTO EN EL SISTEMA PENAL ACUSATORIO,Femenino,2010-2,2023,Independiente,Actividades de servicios administrativos y de apoyo,2,2,,"100,0%",NaN
1719-Universidad Católica de Colombia,55037-ESPECIALIZACION EN INVESTIGACION CRIMINAL  Y JUZGAMIENTO EN EL SISTEMA PENAL ACUSATORIO,Femenino,2010-2,2023,Independiente,"Actividades profesionales, científicas y técnicas",17,17,,"100,0%",NaN
1719-Universidad Católica de Colombia,55037-ESPECIALIZACION EN INVESTIGACION CRIMINAL  Y JUZGAMIENTO EN EL SISTEMA PENAL ACUSATORIO,Femenino,2010-2,2023,Independiente,Administración pública y defensa; planes de seguridad social de afiliación obligatoria,5,5,,"100,0%",NaN
1719-Universidad Católica de Colombia,55037-ESPECIALIZACION EN INVESTIGACION CRIMINAL  Y JUZGAMIENTO EN EL SISTEMA PENAL ACUSATORIO,Femenino,2010-2,2023,No cotizante,SIN DATO,5,0,,"0,0%",NaN
1719-Universidad Católica de Colombia,55037-ESPECIALIZACION EN INVESTIGACION CRIMINAL  Y JUZGAMIENTO EN EL SISTEMA PENAL ACUSATORIO,Masculino,2010-2,2017,Dependiente,"Actividades profesionales, científicas y técnicas",15,15,,"100,0%",NaN
1719-Universidad Católica de Colombia,55037-ESPECIALIZACION EN INVESTIGACION CRIMINAL  Y JUZGAMIENTO EN EL SISTEMA PENAL ACUSATORIO,Masculino,2010-2,2017,Dependiente,Administración pública y defensa; planes de seguridad social de afiliación obligatoria,1,1,,"100,0%",NaN
1719-Universidad Católica de Colombia,55037-ESPECIALIZACION EN INVESTIGACION CRIMINAL  Y JUZGAMIENTO EN EL SISTEMA PENAL ACUSATORIO,Masculino,2010-2,2017,Dependiente,Educación,2,2,,"100,0%",NaN
1719-Universidad Católica de Colombia,55037-ESPECIALIZACION EN INVESTIGACION CRIMINAL  Y JUZGAMIENTO EN EL SISTEMA PENAL ACUSATORIO,Masculino,2010-2,2017,Dependiente,Sin información,2,2,,"100,0%",NaN
1719-Universidad Católica de Colombia,55037-ESPECIALIZACION EN INVESTIGACION CRIMINAL  Y JUZGAMIENTO EN EL SISTEMA PENAL ACUSATORIO,Masculino,2010-2,2017,Dependiente,Transporte y almacenamiento,1,1,,"100,0%",NaN
1719-Universidad Católica de Colombia,55037-ESPECIALIZACION EN INVESTIGACION CRIMINAL  Y JUZGAMIENTO EN EL SISTEMA PENAL ACUSATORIO,Masculino,2010-2,2017,Independiente,"Actividades profesionales, científicas y técnicas",43,43,,"100,0%",NaN
1719-Universidad Católica de Colombia,55037-ESPECIALIZACION EN INVESTIGACION CRIMINAL  Y JUZGAMIENTO EN EL SISTEMA PENAL ACUSATORIO,Masculino,2010-2,2017,Independiente,Administración pública y defensa; planes de seguridad social de afiliación obligatoria,7,7,,"100,0%",NaN
1719-Universidad Católica de Colombia,55037-ESPECIALIZACION EN INVESTIGACION CRIMINAL  Y JUZGAMIENTO EN EL SISTEMA PENAL ACUSATORIO,Masculino,2010-2,2017,Independiente,Otras actividades de servicios,1,1,,"100,0%",NaN
1719-Universidad Católica de Colombia,55037-ESPECIALIZACION EN INVESTIGACION CRIMINAL  Y JUZGAMIENTO EN EL SISTEMA PENAL ACUSATORIO,Masculino,2010-2,2017,Independiente,Sin información,21,21,,"100,0%",NaN
1719-Universidad Católica de Colombia,55037-ESPECIALIZACION EN INVESTIGACION CRIMINAL  Y JUZGAMIENTO EN EL SISTEMA PENAL ACUSATORIO,Masculino,2010-2,2017,No cotizante,Sin información,9,0,,"0,0%",NaN
1719-Universidad Católica de Colombia,55037-ESPECIALIZACION EN INVESTIGACION CRIMINAL  Y JUZGAMIENTO EN EL SISTEMA PENAL ACUSATORIO,Masculino,2010-2,2018,Dependiente,"Actividades profesionales, científicas y técnicas",14,14,,"100,0%",NaN
1719-Universidad Católica de Colombia,55037-ESPECIALIZACION EN INVESTIGACION CRIMINAL  Y JUZGAMIENTO EN EL SISTEMA PENAL ACUSATORIO,Masculino,2010-2,2018,Dependiente,Administración pública y defensa; planes de seguridad social de afiliación obligatoria,3,3,,"100,0%",NaN
1719-Universidad Católica de Colombia,55037-ESPECIALIZACION EN INVESTIGACION CRIMINAL  Y JUZGAMIENTO EN EL SISTEMA PENAL ACUSATORIO,Masculino,2010-2,2018,Dependiente,Educación,2,2,,"100,0%",NaN
1719-Universidad Católica de Colombia,55037-ESPECIALIZACION EN INVESTIGACION CRIMINAL  Y JUZGAMIENTO EN EL SISTEMA PENAL ACUSATORIO,Masculino,2010-2,2018,Dependiente,Sin información,3,3,,"100,0%",NaN
1719-Universidad Católica de Colombia,55037-ESPECIALIZACION EN INVESTIGACION CRIMINAL  Y JUZGAMIENTO EN EL SISTEMA PENAL ACUSATORIO,Masculino,2010-2,2018,Dependiente,Transporte y almacenamiento,1,1,,"100,0%",NaN
1719-Universidad Católica de Colombia,55037-ESPECIALIZACION EN INVESTIGACION CRIMINAL  Y JUZGAMIENTO EN EL SISTEMA PENAL ACUSATORIO,Masculino,2010-2,2018,Independiente,"Actividades profesionales, científicas y técnicas",40,40,,"100,0%",NaN
1719-Universidad Católica de Colombia,55037-ESPECIALIZACION EN INVESTIGACION CRIMINAL  Y JUZGAMIENTO EN EL SISTEMA PENAL ACUSATORIO,Masculino,2010-2,2018,Independiente,Administración pública y defensa; planes de seguridad social de afiliación obligatoria,6,6,,"100,0%",NaN
1719-Universidad Católica de Colombia,55037-ESPECIALIZACION EN INVESTIGACION CRIMINAL  Y JUZGAMIENTO EN EL SISTEMA PENAL ACUSATORIO,Masculino,2010-2,2018,Independiente,Comercio al por mayor y al por menor; reparación de vehículos automotores y motocicletas,1,1,,"100,0%",NaN
1719-Universidad Católica de Colombia,55037-ESPECIALIZACION EN INVESTIGACION CRIMINAL  Y JUZGAMIENTO EN EL SISTEMA PENAL ACUSATORIO,Masculino,2010-2,2018,Independiente,Otras actividades de servicios,1,1,,"100,0%",NaN
1719-Universidad Católica de Colombia,55037-ESPECIALIZACION EN INVESTIGACION CRIMINAL  Y JUZGAMIENTO EN EL SISTEMA PENAL ACUSATORIO,Masculino,2010-2,2018,Independiente,Sin información,18,18,,"100,0%",NaN
1719-Universidad Católica de Colombia,55037-ESPECIALIZACION EN INVESTIGACION CRIMINAL  Y JUZGAMIENTO EN EL SISTEMA PENAL ACUSATORIO,Masculino,2010-2,2018,No cotizante,Sin información,13,0,,"0,0%",NaN
1719-Universidad Católica de Colombia,55037-ESPECIALIZACION EN INVESTIGACION CRIMINAL  Y JUZGAMIENTO EN EL SISTEMA PENAL ACUSATORIO,Masculino,2010-2,2019,Dependiente,"Actividades profesionales, científicas y técnicas",14,14,,"100,0%",NaN
1719-Universidad Católica de Colombia,55037-ESPECIALIZACION EN INVESTIGACION CRIMINAL  Y JUZGAMIENTO EN EL SISTEMA PENAL ACUSATORIO,Masculino,2010-2,2019,Dependiente,Administración pública y defensa; planes de seguridad social de afiliación obligatoria,3,3,,"100,0%",NaN
1719-Universidad Católica de Colombia,55037-ESPECIALIZACION EN INVESTIGACION CRIMINAL  Y JUZGAMIENTO EN EL SISTEMA PENAL ACUSATORIO,Masculino,2010-2,2019,Dependiente,Educación,4,4,,"100,0%",NaN
1719-Universidad Católica de Colombia,55037-ESPECIALIZACION EN INVESTIGACION CRIMINAL  Y JUZGAMIENTO EN EL SISTEMA PENAL ACUSATORIO,Masculino,2010-2,2019,Dependiente,Transporte y almacenamiento,1,1,,"100,0%",NaN
1719-Universidad Católica de Colombia,55037-ESPECIALIZACION EN INVESTIGACION CRIMINAL  Y JUZGAMIENTO EN EL SISTEMA PENAL ACUSATORIO,Masculino,2010-2,2019,Independiente,"Actividades profesionales, científicas y técnicas",41,41,,"100,0%",NaN
1719-Universidad Católica de Colombia,55037-ESPECIALIZACION EN INVESTIGACION CRIMINAL  Y JUZGAMIENTO EN EL SISTEMA PENAL ACUSATORIO,Masculino,2010-2,2019,Independiente,Administración pública y defensa; planes de seguridad social de afiliación obligatoria,14,14,,"100,0%",NaN
1719-Universidad Católica de Colombia,55037-ESPECIALIZACION EN INVESTIGACION CRIMINAL  Y JUZGAMIENTO EN EL SISTEMA PENAL ACUSATORIO,Masculino,2010-2,2019,Independiente,Comercio al por mayor y al por menor; reparación de vehículos automotores y motocicletas,1,1,,"100,0%",NaN
1719-Universidad Católica de Colombia,55037-ESPECIALIZACION EN INVESTIGACION CRIMINAL  Y JUZGAMIENTO EN EL SISTEMA PENAL ACUSATORIO,Masculino,2010-2,2019,Independiente,Otras actividades de servicios,1,1,,"100,0%",NaN
1719-Universidad Católica de Colombia,55037-ESPECIALIZACION EN INVESTIGACION CRIMINAL  Y JUZGAMIENTO EN EL SISTEMA PENAL ACUSATORIO,Masculino,2010-2,2019,Independiente,Sin información,8,8,,"100,0%",NaN
1719-Universidad Católica de Colombia,55037-ESPECIALIZACION EN INVESTIGACION CRIMINAL  Y JUZGAMIENTO EN EL SISTEMA PENAL ACUSATORIO,Masculino,2010-2,2019,No cotizante,Sin información,14,0,,"0,0%",NaN
1719-Universidad Católica de Colombia,55037-ESPECIALIZACION EN INVESTIGACION CRIMINAL  Y JUZGAMIENTO EN EL SISTEMA PENAL ACUSATORIO,Masculino,2010-2,2020,Dependiente,Actividades inmobiliarias,1,1,,"100,0%",NaN
1719-Universidad Católica de Colombia,55037-ESPECIALIZACION EN INVESTIGACION CRIMINAL  Y JUZGAMIENTO EN EL SISTEMA PENAL ACUSATORIO,Masculino,2010-2,2020,Dependiente,"Actividades profesionales, científicas y técnicas",16,16,,"100,0%",NaN
1719-Universidad Católica de Colombia,55037-ESPECIALIZACION EN INVESTIGACION CRIMINAL  Y JUZGAMIENTO EN EL SISTEMA PENAL ACUSATORIO,Masculino,2010-2,2020,Dependiente,Administración pública y defensa; planes de seguridad social de afiliación obligatoria,2,2,,"100,0%",NaN
1719-Universidad Católica de Colombia,55037-ESPECIALIZACION EN INVESTIGACION CRIMINAL  Y JUZGAMIENTO EN EL SISTEMA PENAL ACUSATORIO,Masculino,2010-2,2020,Dependiente,Educación,5,5,,"100,0%",NaN
1719-Universidad Católica de Colombia,55037-ESPECIALIZACION EN INVESTIGACION CRIMINAL  Y JUZGAMIENTO EN EL SISTEMA PENAL ACUSATORIO,Masculino,2010-2,2020,Dependiente,Otras actividades de servicios,2,2,,"100,0%",NaN
1719-Universidad Católica de Colombia,55037-ESPECIALIZACION EN INVESTIGACION CRIMINAL  Y JUZGAMIENTO EN EL SISTEMA PENAL ACUSATORIO,Masculino,2010-2,2020,Independiente,Actividades de servicios administrativos y de apoyo,2,2,,"100,0%",NaN
1719-Universidad Católica de Colombia,55037-ESPECIALIZACION EN INVESTIGACION CRIMINAL  Y JUZGAMIENTO EN EL SISTEMA PENAL ACUSATORIO,Masculino,2010-2,2020,Independiente,"Actividades profesionales, científicas y técnicas",38,38,,"100,0%",NaN
1719-Universidad Católica de Colombia,55037-ESPECIALIZACION EN INVESTIGACION CRIMINAL  Y JUZGAMIENTO EN EL SISTEMA PENAL ACUSATORIO,Masculino,2010-2,2020,Independiente,Administración pública y defensa; planes de seguridad social de afiliación obligatoria,14,14,,"100,0%",NaN
1719-Universidad Católica de Colombia,55037-ESPECIALIZACION EN INVESTIGACION CRIMINAL  Y JUZGAMIENTO EN EL SISTEMA PENAL ACUSATORIO,Masculino,2010-2,2020,Independiente,Otras actividades de servicios,4,4,,"100,0%",NaN
1719-Universidad Católica de Colombia,55037-ESPECIALIZACION EN INVESTIGACION CRIMINAL  Y JUZGAMIENTO EN EL SISTEMA PENAL ACUSATORIO,Masculino,2010-2,2020,Independiente,Transporte y almacenamiento,1,1,,"100,0%",NaN
1719-Universidad Católica de Colombia,55037-ESPECIALIZACION EN INVESTIGACION CRIMINAL  Y JUZGAMIENTO EN EL SISTEMA PENAL ACUSATORIO,Masculino,2010-2,2020,No cotizante,Sin información,16,0,,"0,0%",NaN
1719-Universidad Católica de Colombia,55037-ESPECIALIZACION EN INVESTIGACION CRIMINAL  Y JUZGAMIENTO EN EL SISTEMA PENAL ACUSATORIO,Masculino,2010-2,2021,Dependiente,Actividades inmobiliarias,1,1,,"100,0%",NaN
1719-Universidad Católica de Colombia,55037-ESPECIALIZACION EN INVESTIGACION CRIMINAL  Y JUZGAMIENTO EN EL SISTEMA PENAL ACUSATORIO,Masculino,2010-2,2021,Dependiente,"Actividades profesionales, científicas y técnicas",17,17,,"100,0%",NaN
1719-Universidad Católica de Colombia,55037-ESPECIALIZACION EN INVESTIGACION CRIMINAL  Y JUZGAMIENTO EN EL SISTEMA PENAL ACUSATORIO,Masculino,2010-2,2021,Dependiente,Administración pública y defensa; planes de seguridad social de afiliación obligatoria,3,3,,"100,0%",NaN
1719-Universidad Católica de Colombia,55037-ESPECIALIZACION EN INVESTIGACION CRIMINAL  Y JUZGAMIENTO EN EL SISTEMA PENAL ACUSATORIO,Masculino,2010-2,2021,Dependiente,Educación,2,2,,"100,0%",NaN
1719-Universidad Católica de Colombia,55037-ESPECIALIZACION EN INVESTIGACION CRIMINAL  Y JUZGAMIENTO EN EL SISTEMA PENAL ACUSATORIO,Masculino,2010-2,2021,Dependiente,Otras actividades de servicios,1,1,,"100,0%",NaN
1719-Universidad Católica de Colombia,55037-ESPECIALIZACION EN INVESTIGACION CRIMINAL  Y JUZGAMIENTO EN EL SISTEMA PENAL ACUSATORIO,Masculino,2010-2,2021,Independiente,Actividades de servicios administrativos y de apoyo,2,2,,"100,0%",NaN
1719-Universidad Católica de Colombia,55037-ESPECIALIZACION EN INVESTIGACION CRIMINAL  Y JUZGAMIENTO EN EL SISTEMA PENAL ACUSATORIO,Masculino,2010-2,2021,Independiente,"Actividades profesionales, científicas y técnicas",39,39,,"100,0%",NaN
1719-Universidad Católica de Colombia,55037-ESPECIALIZACION EN INVESTIGACION CRIMINAL  Y JUZGAMIENTO EN EL SISTEMA PENAL ACUSATORIO,Masculino,2010-2,2021,Independiente,Administración pública y defensa; planes de seguridad social de afiliación obligatoria,12,12,,"100,0%",NaN
1719-Universidad Católica de Colombia,55037-ESPECIALIZACION EN INVESTIGACION CRIMINAL  Y JUZGAMIENTO EN EL SISTEMA PENAL ACUSATORIO,Masculino,2010-2,2021,Independiente,Otras actividades de servicios,5,5,,"100,0%",NaN
1719-Universidad Católica de Colombia,55037-ESPECIALIZACION EN INVESTIGACION CRIMINAL  Y JUZGAMIENTO EN EL SISTEMA PENAL ACUSATORIO,Masculino,2010-2,2021,Independiente,Transporte y almacenamiento,1,1,,"100,0%",NaN
1719-Universidad Católica de Colombia,55037-ESPECIALIZACION EN INVESTIGACION CRIMINAL  Y JUZGAMIENTO EN EL SISTEMA PENAL ACUSATORIO,Masculino,2010-2,2021,No cotizante,Sin información,18,0,,"0,0%",NaN
1719-Universidad Católica de Colombia,55037-ESPECIALIZACION EN INVESTIGACION CRIMINAL  Y JUZGAMIENTO EN EL SISTEMA PENAL ACUSATORIO,Masculino,2010-2,2022,Dependiente,"Actividades profesionales, científicas y técnicas",17,17,,"100,0%",NaN
1719-Universidad Católica de Colombia,55037-ESPECIALIZACION EN INVESTIGACION CRIMINAL  Y JUZGAMIENTO EN EL SISTEMA PENAL ACUSATORIO,Masculino,2010-2,2022,Dependiente,Administración pública y defensa; planes de seguridad social de afiliación obligatoria,6,6,,"100,0%",NaN
1719-Universidad Católica de Colombia,55037-ESPECIALIZACION EN INVESTIGACION CRIMINAL  Y JUZGAMIENTO EN EL SISTEMA PENAL ACUSATORIO,Masculino,2010-2,2022,Dependiente,Educación,2,2,,"100,0%",NaN
1719-Universidad Católica de Colombia,55037-ESPECIALIZACION EN INVESTIGACION CRIMINAL  Y JUZGAMIENTO EN EL SISTEMA PENAL ACUSATORIO,Masculino,2010-2,2022,Dependiente,Otras actividades de servicios,1,1,,"100,0%",NaN
1719-Universidad Católica de Colombia,55037-ESPECIALIZACION EN INVESTIGACION CRIMINAL  Y JUZGAMIENTO EN EL SISTEMA PENAL ACUSATORIO,Masculino,2010-2,2022,Independiente,Actividades de servicios administrativos y de apoyo,3,3,,"100,0%",NaN
1719-Universidad Católica de Colombia,55037-ESPECIALIZACION EN INVESTIGACION CRIMINAL  Y JUZGAMIENTO EN EL SISTEMA PENAL ACUSATORIO,Masculino,2010-2,2022,Independiente,"Actividades profesionales, científicas y técnicas",35,35,,"100,0%",NaN
1719-Universidad Católica de Colombia,55037-ESPECIALIZACION EN INVESTIGACION CRIMINAL  Y JUZGAMIENTO EN EL SISTEMA PENAL ACUSATORIO,Masculino,2010-2,2022,Independiente,Administración pública y defensa; planes de seguridad social de afiliación obligatoria,11,11,,"100,0%",NaN
1719-Universidad Católica de Colombia,55037-ESPECIALIZACION EN INVESTIGACION CRIMINAL  Y JUZGAMIENTO EN EL SISTEMA PENAL ACUSATORIO,Masculino,2010-2,2022,Independiente,Otras actividades de servicios,5,5,,"100,0%",NaN
1719-Universidad Católica de Colombia,55037-ESPECIALIZACION EN INVESTIGACION CRIMINAL  Y JUZGAMIENTO EN EL SISTEMA PENAL ACUSATORIO,Masculino,2010-2,2022,Independiente,Transporte y almacenamiento,1,1,,"100,0%",NaN
1719-Universidad Católica de Colombia,55037-ESPECIALIZACION EN INVESTIGACION CRIMINAL  Y JUZGAMIENTO EN EL SISTEMA PENAL ACUSATORIO,Masculino,2010-2,2022,No cotizante,SIN DATO,19,0,,"0,0%",NaN
1719-Universidad Católica de Colombia,55037-ESPECIALIZACION EN INVESTIGACION CRIMINAL  Y JUZGAMIENTO EN EL SISTEMA PENAL ACUSATORIO,Masculino,2010-2,2023,Dependiente,Actividades de servicios administrativos y de apoyo,1,1,,"100,0%",NaN
1719-Universidad Católica de Colombia,55037-ESPECIALIZACION EN INVESTIGACION CRIMINAL  Y JUZGAMIENTO EN EL SISTEMA PENAL ACUSATORIO,Masculino,2010-2,2023,Dependiente,"Actividades profesionales, científicas y técnicas",7,7,,"100,0%",NaN
1719-Universidad Católica de Colombia,55037-ESPECIALIZACION EN INVESTIGACION CRIMINAL  Y JUZGAMIENTO EN EL SISTEMA PENAL ACUSATORIO,Masculino,2010-2,2023,Dependiente,Administración pública y defensa; planes de seguridad social de afiliación obligatoria,11,11,,"100,0%",NaN
1719-Universidad Católica de Colombia,55037-ESPECIALIZACION EN INVESTIGACION CRIMINAL  Y JUZGAMIENTO EN EL SISTEMA PENAL ACUSATORIO,Masculino,2010-2,2023,Dependiente,Comercio al por mayor y al por menor; reparación de vehículos automotores y motocicletas,1,1,,"100,0%",NaN
1719-Universidad Católica de Colombia,55037-ESPECIALIZACION EN INVESTIGACION CRIMINAL  Y JUZGAMIENTO EN EL SISTEMA PENAL ACUSATORIO,Masculino,2010-2,2023,Dependiente,Educación,3,3,,"100,0%",NaN
1719-Universidad Católica de Colombia,55037-ESPECIALIZACION EN INVESTIGACION CRIMINAL  Y JUZGAMIENTO EN EL SISTEMA PENAL ACUSATORIO,Masculino,2010-2,2023,Independiente,Actividades de servicios administrativos y de apoyo,1,1,,"100,0%",NaN
1719-Universidad Católica de Colombia,55037-ESPECIALIZACION EN INVESTIGACION CRIMINAL  Y JUZGAMIENTO EN EL SISTEMA PENAL ACUSATORIO,Masculino,2010-2,2023,Independiente,"Actividades profesionales, científicas y técnicas",33,33,,"100,0%",NaN
1719-Universidad Católica de Colombia,55037-ESPECIALIZACION EN INVESTIGACION CRIMINAL  Y JUZGAMIENTO EN EL SISTEMA PENAL ACUSATORIO,Masculino,2010-2,2023,Independiente,Administración pública y defensa; planes de seguridad social de afiliación obligatoria,12,12,,"100,0%",NaN
1719-Universidad Católica de Colombia,55037-ESPECIALIZACION EN INVESTIGACION CRIMINAL  Y JUZGAMIENTO EN EL SISTEMA PENAL ACUSATORIO,Masculino,2010-2,2023,Independiente,Comercio al por mayor y al por menor; reparación de vehículos automotores y motocicletas,1,1,,"100,0%",NaN
1719-Universidad Católica de Colombia,55037-ESPECIALIZACION EN INVESTIGACION CRIMINAL  Y JUZGAMIENTO EN EL SISTEMA PENAL ACUSATORIO,Masculino,2010-2,2023,Independiente,Otras actividades de servicios,5,5,,"100,0%",NaN
1719-Universidad Católica de Colombia,55037-ESPECIALIZACION EN INVESTIGACION CRIMINAL  Y JUZGAMIENTO EN EL SISTEMA PENAL ACUSATORIO,Masculino,2010-2,2023,Independiente,Transporte y almacenamiento,1,1,,"100,0%",NaN
1719-Universidad Católica de Colombia,55037-ESPECIALIZACION EN INVESTIGACION CRIMINAL  Y JUZGAMIENTO EN EL SISTEMA PENAL ACUSATORIO,Masculino,2010-2,2023,No cotizante,SIN DATO,23,0,,"0,0%",NaN
2812-Universidad EAN,9517-ADMINISTRACION DE EMPRESAS,Femenino,2010-2,2016,Dependiente,Actividades de servicios administrativos y de apoyo,1,1,,"100,0%",$2.150.000
2812-Universidad EAN,9517-ADMINISTRACION DE EMPRESAS,Femenino,2010-2,2016,Dependiente,Actividades financieras y de seguros,3,3,,"100,0%",$3.595.333
2812-Universidad EAN,9517-ADMINISTRACION DE EMPRESAS,Femenino,2010-2,2016,Dependiente,Actividades inmobiliarias,1,1,,"100,0%",$2.000.000
2812-Universidad EAN,9517-ADMINISTRACION DE EMPRESAS,Femenino,2010-2,2016,Dependiente,Administración pública y defensa; planes de seguridad social de afiliación obligatoria,2,2,,"100,0%",$2.147.000
2812-Universidad EAN,9517-ADMINISTRACION DE EMPRESAS,Femenino,2010-2,2016,Dependiente,Comercio al por mayor y al por menor; reparación de vehículos automotores y motocicletas,1,1,,"100,0%",$689.455
2812-Universidad EAN,9517-ADMINISTRACION DE EMPRESAS,Femenino,2010-2,2016,Dependiente,Industrias manufactureras,2,2,,"100,0%",$5.412.500
2812-Universidad EAN,9517-ADMINISTRACION DE EMPRESAS,Femenino,2010-2,2016,Dependiente,Información y comunicaciones,5,5,,"100,0%",$3.888.200
2812-Universidad EAN,9517-ADMINISTRACION DE EMPRESAS,Femenino,2010-2,2016,Dependiente,Otras actividades de servicios,1,1,,"100,0%",$689.455
2812-Universidad EAN,9517-ADMINISTRACION DE EMPRESAS,Femenino,2010-2,2016,Dependiente,Sin información,1,1,,"100,0%",$4.900.000
2812-Universidad EAN,9517-ADMINISTRACION DE EMPRESAS,Femenino,2010-2,2016,Independiente,Actividades de los hogares individuales en calidad de empleadores; actividades no diferenciadas de los hogares individuales como productores de bienes y servicios para uso propio,1,1,,"100,0%",NaN
2812-Universidad EAN,9517-ADMINISTRACION DE EMPRESAS,Femenino,2010-2,2016,Independiente,"Actividades profesionales, científicas y técnicas",1,1,,"100,0%",NaN
2812-Universidad EAN,9517-ADMINISTRACION DE EMPRESAS,Femenino,2010-2,2016,No cotizante,Sin información,6,0,,"0,0%",NaN
2812-Universidad EAN,9517-ADMINISTRACION DE EMPRESAS,Femenino,2010-2,2017,Dependiente,Actividades de servicios administrativos y de apoyo,2,2,,"100,0%",NaN
2812-Universidad EAN,9517-ADMINISTRACION DE EMPRESAS,Femenino,2010-2,2017,Dependiente,Actividades financieras y de seguros,7,7,,"100,0%",NaN
2812-Universidad EAN,9517-ADMINISTRACION DE EMPRESAS,Femenino,2010-2,2017,Dependiente,Actividades inmobiliarias,1,1,,"100,0%",NaN
2812-Universidad EAN,9517-ADMINISTRACION DE EMPRESAS,Femenino,2010-2,2017,Dependiente,"Actividades profesionales, científicas y técnicas",1,1,,"100,0%",NaN
2812-Universidad EAN,9517-ADMINISTRACION DE EMPRESAS,Femenino,2010-2,2017,Dependiente,Administración pública y defensa; planes de seguridad social de afiliación obligatoria,1,1,,"100,0%",NaN
2812-Universidad EAN,9517-ADMINISTRACION DE EMPRESAS,Femenino,2010-2,2017,Dependiente,Industrias manufactureras,1,1,,"100,0%",NaN
2812-Universidad EAN,9517-ADMINISTRACION DE EMPRESAS,Femenino,2010-2,2017,Dependiente,Otras actividades de servicios,1,1,,"100,0%",NaN
2812-Universidad EAN,9517-ADMINISTRACION DE EMPRESAS,Femenino,2010-2,2017,Dependiente,Sin información,1,1,,"100,0%",NaN
2812-Universidad EAN,9517-ADMINISTRACION DE EMPRESAS,Femenino,2010-2,2017,Independiente,Actividades de los hogares individuales en calidad de empleadores; actividades no diferenciadas de los hogares individuales como productores de bienes y servicios para uso propio,1,1,,"100,0%",NaN
2812-Universidad EAN,9517-ADMINISTRACION DE EMPRESAS,Femenino,2010-2,2017,Independiente,"Actividades profesionales, científicas y técnicas",1,1,,"100,0%",NaN
2812-Universidad EAN,9517-ADMINISTRACION DE EMPRESAS,Femenino,2010-2,2017,No cotizante,Sin información,6,0,,"0,0%",NaN
2812-Universidad EAN,9517-ADMINISTRACION DE EMPRESAS,Femenino,2010-2,2018,Dependiente,Actividades de servicios administrativos y de apoyo,1,1,,"100,0%",NaN
2812-Universidad EAN,9517-ADMINISTRACION DE EMPRESAS,Femenino,2010-2,2018,Dependiente,Actividades financieras y de seguros,7,7,,"100,0%",NaN
2812-Universidad EAN,9517-ADMINISTRACION DE EMPRESAS,Femenino,2010-2,2018,Dependiente,Actividades inmobiliarias,1,1,,"100,0%",NaN
2812-Universidad EAN,9517-ADMINISTRACION DE EMPRESAS,Femenino,2010-2,2018,Dependiente,"Actividades profesionales, científicas y técnicas",2,2,,"100,0%",NaN
2812-Universidad EAN,9517-ADMINISTRACION DE EMPRESAS,Femenino,2010-2,2018,Dependiente,Industrias manufactureras,1,1,,"100,0%",NaN
2812-Universidad EAN,9517-ADMINISTRACION DE EMPRESAS,Femenino,2010-2,2018,Dependiente,Sin información,3,3,,"100,0%",NaN
2812-Universidad EAN,9517-ADMINISTRACION DE EMPRESAS,Femenino,2010-2,2018,Independiente,"Actividades profesionales, científicas y técnicas",3,3,,"100,0%",NaN
2812-Universidad EAN,9517-ADMINISTRACION DE EMPRESAS,Femenino,2010-2,2018,No cotizante,Sin información,5,0,,"0,0%",NaN
2812-Universidad EAN,9517-ADMINISTRACION DE EMPRESAS,Femenino,2010-2,2019,Dependiente,Actividades financieras y de seguros,4,4,,"100,0%",NaN
2812-Universidad EAN,9517-ADMINISTRACION DE EMPRESAS,Femenino,2010-2,2019,Dependiente,Actividades inmobiliarias,1,1,,"100,0%",NaN
2812-Universidad EAN,9517-ADMINISTRACION DE EMPRESAS,Femenino,2010-2,2019,Dependiente,"Actividades profesionales, científicas y técnicas",3,3,,"100,0%",NaN
2812-Universidad EAN,9517-ADMINISTRACION DE EMPRESAS,Femenino,2010-2,2019,Dependiente,Administración pública y defensa; planes de seguridad social de afiliación obligatoria,2,2,,"100,0%",NaN
2812-Universidad EAN,9517-ADMINISTRACION DE EMPRESAS,Femenino,2010-2,2019,Dependiente,Industrias manufactureras,1,1,,"100,0%",NaN
2812-Universidad EAN,9517-ADMINISTRACION DE EMPRESAS,Femenino,2010-2,2019,Independiente,Actividades financieras y de seguros,1,1,,"100,0%",NaN
2812-Universidad EAN,9517-ADMINISTRACION DE EMPRESAS,Femenino,2010-2,2019,Independiente,"Actividades profesionales, científicas y técnicas",2,2,,"100,0%",NaN
2812-Universidad EAN,9517-ADMINISTRACION DE EMPRESAS,Femenino,2010-2,2019,No cotizante,Sin información,9,0,,"0,0%",NaN
2812-Universidad EAN,9517-ADMINISTRACION DE EMPRESAS,Femenino,2010-2,2020,Dependiente,Actividades financieras y de seguros,4,4,,"100,0%",NaN
2812-Universidad EAN,9517-ADMINISTRACION DE EMPRESAS,Femenino,2010-2,2020,Dependiente,Actividades inmobiliarias,1,1,,"100,0%",NaN
2812-Universidad EAN,9517-ADMINISTRACION DE EMPRESAS,Femenino,2010-2,2020,Dependiente,"Actividades profesionales, científicas y técnicas",1,1,,"100,0%",NaN
2812-Universidad EAN,9517-ADMINISTRACION DE EMPRESAS,Femenino,2010-2,2020,Dependiente,Administración pública y defensa; planes de seguridad social de afiliación obligatoria,4,4,,"100,0%",NaN
2812-Universidad EAN,9517-ADMINISTRACION DE EMPRESAS,Femenino,2010-2,2020,Dependiente,Comercio al por mayor y al por menor; reparación de vehículos automotores y motocicletas,1,1,,"100,0%",NaN
2812-Universidad EAN,9517-ADMINISTRACION DE EMPRESAS,Femenino,2010-2,2020,Dependiente,Educación,1,1,,"100,0%",NaN
2812-Universidad EAN,9517-ADMINISTRACION DE EMPRESAS,Femenino,2010-2,2020,Independiente,Actividades financieras y de seguros,1,1,,"100,0%",NaN
2812-Universidad EAN,9517-ADMINISTRACION DE EMPRESAS,Femenino,2010-2,2020,Independiente,"Actividades profesionales, científicas y técnicas",2,2,,"100,0%",NaN
2812-Universidad EAN,9517-ADMINISTRACION DE EMPRESAS,Femenino,2010-2,2020,No cotizante,Sin información,8,0,,"0,0%",NaN
2812-Universidad EAN,9517-ADMINISTRACION DE EMPRESAS,Femenino,2010-2,2021,Dependiente,Actividades financieras y de seguros,4,4,,"100,0%",NaN
2812-Universidad EAN,9517-ADMINISTRACION DE EMPRESAS,Femenino,2010-2,2021,Dependiente,Actividades inmobiliarias,1,1,,"100,0%",NaN
2812-Universidad EAN,9517-ADMINISTRACION DE EMPRESAS,Femenino,2010-2,2021,Dependiente,"Actividades profesionales, científicas y técnicas",1,1,,"100,0%",NaN
2812-Universidad EAN,9517-ADMINISTRACION DE EMPRESAS,Femenino,2010-2,2021,Dependiente,Administración pública y defensa; planes de seguridad social de afiliación obligatoria,4,4,,"100,0%",NaN
2812-Universidad EAN,9517-ADMINISTRACION DE EMPRESAS,Femenino,2010-2,2021,Dependiente,Comercio al por mayor y al por menor; reparación de vehículos automotores y motocicletas,1,1,,"100,0%",NaN
2812-Universidad EAN,9517-ADMINISTRACION DE EMPRESAS,Femenino,2010-2,2021,Independiente,Actividades de los hogares individuales en calidad de empleadores; actividades no diferenciadas de los hogares individuales como productores de bienes y servicios para uso propio,1,1,,"100,0%",NaN
2812-Universidad EAN,9517-ADMINISTRACION DE EMPRESAS,Femenino,2010-2,2021,Independiente,Actividades financieras y de seguros,1,1,,"100,0%",NaN
2812-Universidad EAN,9517-ADMINISTRACION DE EMPRESAS,Femenino,2010-2,2021,Independiente,"Actividades profesionales, científicas y técnicas",2,2,,"100,0%",NaN
2812-Universidad EAN,9517-ADMINISTRACION DE EMPRESAS,Femenino,2010-2,2021,Independiente,Otras actividades de servicios,1,1,,"100,0%",NaN
2812-Universidad EAN,9517-ADMINISTRACION DE EMPRESAS,Femenino,2010-2,2021,No cotizante,Sin información,7,0,,"0,0%",NaN
2812-Universidad EAN,9517-ADMINISTRACION DE EMPRESAS,Femenino,2010-2,2022,Dependiente,Actividades financieras y de seguros,3,3,,"100,0%",NaN
2812-Universidad EAN,9517-ADMINISTRACION DE EMPRESAS,Femenino,2010-2,2022,Dependiente,Actividades inmobiliarias,1,1,,"100,0%",NaN
2812-Universidad EAN,9517-ADMINISTRACION DE EMPRESAS,Femenino,2010-2,2022,Dependiente,"Actividades profesionales, científicas y técnicas",1,1,,"100,0%",NaN
2812-Universidad EAN,9517-ADMINISTRACION DE EMPRESAS,Femenino,2010-2,2022,Dependiente,Administración pública y defensa; planes de seguridad social de afiliación obligatoria,2,2,,"100,0%",NaN
2812-Universidad EAN,9517-ADMINISTRACION DE EMPRESAS,Femenino,2010-2,2022,Dependiente,Comercio al por mayor y al por menor; reparación de vehículos automotores y motocicletas,1,1,,"100,0%",NaN
2812-Universidad EAN,9517-ADMINISTRACION DE EMPRESAS,Femenino,2010-2,2022,Independiente,Actividades de los hogares individuales en calidad de empleadores; actividades no diferenciadas de los hogares individuales como productores de bienes y servicios para uso propio,1,1,,"100,0%",NaN
2812-Universidad EAN,9517-ADMINISTRACION DE EMPRESAS,Femenino,2010-2,2022,Independiente,Actividades financieras y de seguros,1,1,,"100,0%",NaN
2812-Universidad EAN,9517-ADMINISTRACION DE EMPRESAS,Femenino,2010-2,2022,Independiente,"Actividades profesionales, científicas y técnicas",2,2,,"100,0%",NaN
2812-Universidad EAN,9517-ADMINISTRACION DE EMPRESAS,Femenino,2010-2,2022,Independiente,Otras actividades de servicios,1,1,,"100,0%",NaN
2812-Universidad EAN,9517-ADMINISTRACION DE EMPRESAS,Femenino,2010-2,2022,No cotizante,SIN DATO,8,0,,"0,0%",NaN
2812-Universidad EAN,9517-ADMINISTRACION DE EMPRESAS,Femenino,2010-2,2023,Dependiente,Actividades de servicios administrativos y de apoyo,1,1,,"100,0%",NaN
2812-Universidad EAN,9517-ADMINISTRACION DE EMPRESAS,Femenino,2010-2,2023,Dependiente,Actividades financieras y de seguros,3,3,,"100,0%",NaN
2812-Universidad EAN,9517-ADMINISTRACION DE EMPRESAS,Femenino,2010-2,2023,Dependiente,Actividades inmobiliarias,1,1,,"100,0%",NaN
2812-Universidad EAN,9517-ADMINISTRACION DE EMPRESAS,Femenino,2010-2,2023,Dependiente,Administración pública y defensa; planes de seguridad social de afiliación obligatoria,1,1,,"100,0%",NaN
2812-Universidad EAN,9517-ADMINISTRACION DE EMPRESAS,Femenino,2010-2,2023,Dependiente,Comercio al por mayor y al por menor; reparación de vehículos automotores y motocicletas,1,1,,"100,0%",NaN
2812-Universidad EAN,9517-ADMINISTRACION DE EMPRESAS,Femenino,2010-2,2023,Independiente,Actividades de servicios administrativos y de apoyo,1,1,,"100,0%",NaN
2812-Universidad EAN,9517-ADMINISTRACION DE EMPRESAS,Femenino,2010-2,2023,Independiente,Actividades financieras y de seguros,1,1,,"100,0%",NaN
2812-Universidad EAN,9517-ADMINISTRACION DE EMPRESAS,Femenino,2010-2,2023,Independiente,"Actividades profesionales, científicas y técnicas",1,1,,"100,0%",NaN
2812-Universidad EAN,9517-ADMINISTRACION DE EMPRESAS,Femenino,2010-2,2023,Independiente,Otras actividades de servicios,1,1,,"100,0%",NaN
2812-Universidad EAN,9517-ADMINISTRACION DE EMPRESAS,Femenino,2010-2,2023,No cotizante,SIN DATO,9,0,,"0,0%",NaN
2812-Universidad EAN,9517-ADMINISTRACION DE EMPRESAS,Masculino,2010-2,2016,Dependiente,Actividades de organizaciones y entidades extraterritoriales,3,3,,"100,0%",$8.908.000
2812-Universidad EAN,9517-ADMINISTRACION DE EMPRESAS,Masculino,2010-2,2016,Dependiente,Actividades de servicios administrativos y de apoyo,1,1,,"100,0%",$689.455
2812-Universidad EAN,9517-ADMINISTRACION DE EMPRESAS,Masculino,2010-2,2016,Dependiente,"Actividades profesionales, científicas y técnicas",4,4,,"100,0%",$6.678.500
2812-Universidad EAN,9517-ADMINISTRACION DE EMPRESAS,Masculino,2010-2,2016,Dependiente,Construccion,1,1,,"100,0%",$689.455
2812-Universidad EAN,9517-ADMINISTRACION DE EMPRESAS,Masculino,2010-2,2016,Dependiente,Industrias manufactureras,1,1,,"100,0%",$4.700.000
2812-Universidad EAN,9517-ADMINISTRACION DE EMPRESAS,Masculino,2010-2,2016,Dependiente,Información y comunicaciones,2,2,,"100,0%",$3.282.000
2812-Universidad EAN,9517-ADMINISTRACION DE EMPRESAS,Masculino,2010-2,2016,Dependiente,Transporte y almacenamiento,1,1,,"100,0%",$2.489.000
2812-Universidad EAN,9517-ADMINISTRACION DE EMPRESAS,Masculino,2010-2,2016,Independiente,Comercio al por mayor y al por menor; reparación de vehículos automotores y motocicletas,1,1,,"100,0%",NaN
2812-Universidad EAN,9517-ADMINISTRACION DE EMPRESAS,Masculino,2010-2,2016,Independiente,Sin información,1,1,,"100,0%",NaN
2812-Universidad EAN,9517-ADMINISTRACION DE EMPRESAS,Masculino,2010-2,2016,No cotizante,Sin información,12,0,,"0,0%",NaN
2812-Universidad EAN,9517-ADMINISTRACION DE EMPRESAS,Masculino,2010-2,2017,Dependiente,Actividades de organizaciones y entidades extraterritoriales,1,1,,"100,0%",NaN
2812-Universidad EAN,9517-ADMINISTRACION DE EMPRESAS,Masculino,2010-2,2017,Dependiente,Actividades de servicios administrativos y de apoyo,1,1,,"100,0%",NaN
2812-Universidad EAN,9517-ADMINISTRACION DE EMPRESAS,Masculino,2010-2,2017,Dependiente,Actividades financieras y de seguros,2,2,,"100,0%",NaN
2812-Universidad EAN,9517-ADMINISTRACION DE EMPRESAS,Masculino,2010-2,2017,Dependiente,"Actividades profesionales, científicas y técnicas",4,4,,"100,0%",NaN
2812-Universidad EAN,9517-ADMINISTRACION DE EMPRESAS,Masculino,2010-2,2017,Dependiente,Comercio al por mayor y al por menor; reparación de vehículos automotores y motocicletas,1,1,,"100,0%",NaN
2812-Universidad EAN,9517-ADMINISTRACION DE EMPRESAS,Masculino,2010-2,2017,Dependiente,Industrias manufactureras,1,1,,"100,0%",NaN
2812-Universidad EAN,9517-ADMINISTRACION DE EMPRESAS,Masculino,2010-2,2017,Dependiente,Otras actividades de servicios,2,2,,"100,0%",NaN
2812-Universidad EAN,9517-ADMINISTRACION DE EMPRESAS,Masculino,2010-2,2017,Dependiente,Sin información,3,3,,"100,0%",NaN
2812-Universidad EAN,9517-ADMINISTRACION DE EMPRESAS,Masculino,2010-2,2017,Dependiente,Transporte y almacenamiento,1,1,,"100,0%",NaN
2812-Universidad EAN,9517-ADMINISTRACION DE EMPRESAS,Masculino,2010-2,2017,Independiente,Administración pública y defensa; planes de seguridad social de afiliación obligatoria,1,1,,"100,0%",NaN
2812-Universidad EAN,9517-ADMINISTRACION DE EMPRESAS,Masculino,2010-2,2017,Independiente,Sin información,1,1,,"100,0%",NaN
2812-Universidad EAN,9517-ADMINISTRACION DE EMPRESAS,Masculino,2010-2,2017,No cotizante,Sin información,7,0,,"0,0%",NaN
2812-Universidad EAN,9517-ADMINISTRACION DE EMPRESAS,Masculino,2010-2,2018,Dependiente,Actividades de organizaciones y entidades extraterritoriales,1,1,,"100,0%",NaN
2812-Universidad EAN,9517-ADMINISTRACION DE EMPRESAS,Masculino,2010-2,2018,Dependiente,Actividades de servicios administrativos y de apoyo,2,2,,"100,0%",NaN
2812-Universidad EAN,9517-ADMINISTRACION DE EMPRESAS,Masculino,2010-2,2018,Dependiente,Actividades financieras y de seguros,2,2,,"100,0%",NaN
2812-Universidad EAN,9517-ADMINISTRACION DE EMPRESAS,Masculino,2010-2,2018,Dependiente,"Actividades profesionales, científicas y técnicas",3,3,,"100,0%",NaN
2812-Universidad EAN,9517-ADMINISTRACION DE EMPRESAS,Masculino,2010-2,2018,Dependiente,Comercio al por mayor y al por menor; reparación de vehículos automotores y motocicletas,1,1,,"100,0%",NaN
2812-Universidad EAN,9517-ADMINISTRACION DE EMPRESAS,Masculino,2010-2,2018,Dependiente,Educación,1,1,,"100,0%",NaN
2812-Universidad EAN,9517-ADMINISTRACION DE EMPRESAS,Masculino,2010-2,2018,Dependiente,Industrias manufactureras,1,1,,"100,0%",NaN
2812-Universidad EAN,9517-ADMINISTRACION DE EMPRESAS,Masculino,2010-2,2018,Dependiente,Otras actividades de servicios,2,2,,"100,0%",NaN
2812-Universidad EAN,9517-ADMINISTRACION DE EMPRESAS,Masculino,2010-2,2018,Dependiente,Sin información,2,2,,"100,0%",NaN
2812-Universidad EAN,9517-ADMINISTRACION DE EMPRESAS,Masculino,2010-2,2018,Dependiente,Transporte y almacenamiento,1,1,,"100,0%",NaN
2812-Universidad EAN,9517-ADMINISTRACION DE EMPRESAS,Masculino,2010-2,2018,Independiente,Comercio al por mayor y al por menor; reparación de vehículos automotores y motocicletas,1,1,,"100,0%",NaN
2812-Universidad EAN,9517-ADMINISTRACION DE EMPRESAS,Masculino,2010-2,2018,No cotizante,Sin información,7,0,,"0,0%",NaN
2812-Universidad EAN,9517-ADMINISTRACION DE EMPRESAS,Masculino,2010-2,2019,Dependiente,Actividades de organizaciones y entidades extraterritoriales,1,1,,"100,0%",NaN
2812-Universidad EAN,9517-ADMINISTRACION DE EMPRESAS,Masculino,2010-2,2019,Dependiente,Actividades financieras y de seguros,1,1,,"100,0%",NaN
2812-Universidad EAN,9517-ADMINISTRACION DE EMPRESAS,Masculino,2010-2,2019,Dependiente,"Actividades profesionales, científicas y técnicas",5,5,,"100,0%",NaN
2812-Universidad EAN,9517-ADMINISTRACION DE EMPRESAS,Masculino,2010-2,2019,Dependiente,Comercio al por mayor y al por menor; reparación de vehículos automotores y motocicletas,1,1,,"100,0%",NaN
2812-Universidad EAN,9517-ADMINISTRACION DE EMPRESAS,Masculino,2010-2,2019,Dependiente,Educación,1,1,,"100,0%",NaN
2812-Universidad EAN,9517-ADMINISTRACION DE EMPRESAS,Masculino,2010-2,2019,Dependiente,Industrias manufactureras,2,2,,"100,0%",NaN
2812-Universidad EAN,9517-ADMINISTRACION DE EMPRESAS,Masculino,2010-2,2019,Dependiente,Otras actividades de servicios,2,2,,"100,0%",NaN
2812-Universidad EAN,9517-ADMINISTRACION DE EMPRESAS,Masculino,2010-2,2019,Dependiente,Transporte y almacenamiento,1,1,,"100,0%",NaN
2812-Universidad EAN,9517-ADMINISTRACION DE EMPRESAS,Masculino,2010-2,2019,Independiente,"Actividades profesionales, científicas y técnicas",1,1,,"100,0%",NaN
2812-Universidad EAN,9517-ADMINISTRACION DE EMPRESAS,Masculino,2010-2,2019,Independiente,Comercio al por mayor y al por menor; reparación de vehículos automotores y motocicletas,1,1,,"100,0%",NaN
2812-Universidad EAN,9517-ADMINISTRACION DE EMPRESAS,Masculino,2010-2,2019,Independiente,Educación,1,1,,"100,0%",NaN
2812-Universidad EAN,9517-ADMINISTRACION DE EMPRESAS,Masculino,2010-2,2019,No cotizante,Sin información,6,0,,"0,0%",NaN
2812-Universidad EAN,9517-ADMINISTRACION DE EMPRESAS,Masculino,2010-2,2020,Dependiente,Actividades de organizaciones y entidades extraterritoriales,1,1,,"100,0%",NaN
2812-Universidad EAN,9517-ADMINISTRACION DE EMPRESAS,Masculino,2010-2,2020,Dependiente,Actividades de servicios administrativos y de apoyo,1,1,,"100,0%",NaN
2812-Universidad EAN,9517-ADMINISTRACION DE EMPRESAS,Masculino,2010-2,2020,Dependiente,Actividades financieras y de seguros,1,1,,"100,0%",NaN
2812-Universidad EAN,9517-ADMINISTRACION DE EMPRESAS,Masculino,2010-2,2020,Dependiente,"Actividades profesionales, científicas y técnicas",4,4,,"100,0%",NaN
2812-Universidad EAN,9517-ADMINISTRACION DE EMPRESAS,Masculino,2010-2,2020,Dependiente,Comercio al por mayor y al por menor; reparación de vehículos automotores y motocicletas,2,2,,"100,0%",NaN
2812-Universidad EAN,9517-ADMINISTRACION DE EMPRESAS,Masculino,2010-2,2020,Dependiente,Industrias manufactureras,1,1,,"100,0%",NaN
2812-Universidad EAN,9517-ADMINISTRACION DE EMPRESAS,Masculino,2010-2,2020,Dependiente,Otras actividades de servicios,2,2,,"100,0%",NaN
2812-Universidad EAN,9517-ADMINISTRACION DE EMPRESAS,Masculino,2010-2,2020,Dependiente,Transporte y almacenamiento,3,3,,"100,0%",NaN
2812-Universidad EAN,9517-ADMINISTRACION DE EMPRESAS,Masculino,2010-2,2020,No cotizante,Sin información,8,0,,"0,0%",NaN
2812-Universidad EAN,9517-ADMINISTRACION DE EMPRESAS,Masculino,2010-2,2021,Dependiente,Actividades de organizaciones y entidades extraterritoriales,1,1,,"100,0%",NaN
2812-Universidad EAN,9517-ADMINISTRACION DE EMPRESAS,Masculino,2010-2,2021,Dependiente,Actividades de servicios administrativos y de apoyo,1,1,,"100,0%",NaN
2812-Universidad EAN,9517-ADMINISTRACION DE EMPRESAS,Masculino,2010-2,2021,Dependiente,Actividades financieras y de seguros,1,1,,"100,0%",NaN
2812-Universidad EAN,9517-ADMINISTRACION DE EMPRESAS,Masculino,2010-2,2021,Dependiente,"Actividades profesionales, científicas y técnicas",3,3,,"100,0%",NaN
2812-Universidad EAN,9517-ADMINISTRACION DE EMPRESAS,Masculino,2010-2,2021,Dependiente,Comercio al por mayor y al por menor; reparación de vehículos automotores y motocicletas,3,3,,"100,0%",NaN
2812-Universidad EAN,9517-ADMINISTRACION DE EMPRESAS,Masculino,2010-2,2021,Dependiente,Industrias manufactureras,1,1,,"100,0%",NaN
2812-Universidad EAN,9517-ADMINISTRACION DE EMPRESAS,Masculino,2010-2,2021,Dependiente,Otras actividades de servicios,2,2,,"100,0%",NaN
2812-Universidad EAN,9517-ADMINISTRACION DE EMPRESAS,Masculino,2010-2,2021,Dependiente,Transporte y almacenamiento,3,3,,"100,0%",NaN
2812-Universidad EAN,9517-ADMINISTRACION DE EMPRESAS,Masculino,2010-2,2021,Independiente,"Actividades profesionales, científicas y técnicas",1,1,,"100,0%",NaN
2812-Universidad EAN,9517-ADMINISTRACION DE EMPRESAS,Masculino,2010-2,2021,No cotizante,Sin información,7,0,,"0,0%",NaN
2812-Universidad EAN,9517-ADMINISTRACION DE EMPRESAS,Masculino,2010-2,2022,Dependiente,Actividades de servicios administrativos y de apoyo,1,1,,"100,0%",NaN
2812-Universidad EAN,9517-ADMINISTRACION DE EMPRESAS,Masculino,2010-2,2022,Dependiente,Actividades financieras y de seguros,1,1,,"100,0%",NaN
2812-Universidad EAN,9517-ADMINISTRACION DE EMPRESAS,Masculino,2010-2,2022,Dependiente,"Actividades profesionales, científicas y técnicas",3,3,,"100,0%",NaN
2812-Universidad EAN,9517-ADMINISTRACION DE EMPRESAS,Masculino,2010-2,2022,Dependiente,Comercio al por mayor y al por menor; reparación de vehículos automotores y motocicletas,2,2,,"100,0%",NaN
2812-Universidad EAN,9517-ADMINISTRACION DE EMPRESAS,Masculino,2010-2,2022,Dependiente,Industrias manufactureras,1,1,,"100,0%",NaN
2812-Universidad EAN,9517-ADMINISTRACION DE EMPRESAS,Masculino,2010-2,2022,Dependiente,Otras actividades de servicios,3,3,,"100,0%",NaN
2812-Universidad EAN,9517-ADMINISTRACION DE EMPRESAS,Masculino,2010-2,2022,Dependiente,Transporte y almacenamiento,1,1,,"100,0%",NaN
2812-Universidad EAN,9517-ADMINISTRACION DE EMPRESAS,Masculino,2010-2,2022,Independiente,"Actividades profesionales, científicas y técnicas",1,1,,"100,0%",NaN
2812-Universidad EAN,9517-ADMINISTRACION DE EMPRESAS,Masculino,2010-2,2022,No cotizante,SIN DATO,9,0,,"0,0%",NaN
2812-Universidad EAN,9517-ADMINISTRACION DE EMPRESAS,Masculino,2010-2,2023,Dependiente,Actividades de servicios administrativos y de apoyo,2,2,,"100,0%",NaN
2812-Universidad EAN,9517-ADMINISTRACION DE EMPRESAS,Masculino,2010-2,2023,Dependiente,Actividades financieras y de seguros,1,1,,"100,0%",NaN
2812-Universidad EAN,9517-ADMINISTRACION DE EMPRESAS,Masculino,2010-2,2023,Dependiente,"Actividades profesionales, científicas y técnicas",1,1,,"100,0%",NaN
2812-Universidad EAN,9517-ADMINISTRACION DE EMPRESAS,Masculino,2010-2,2023,Dependiente,Comercio al por mayor y al por menor; reparación de vehículos automotores y motocicletas,2,2,,"100,0%",NaN
2812-Universidad EAN,9517-ADMINISTRACION DE EMPRESAS,Masculino,2010-2,2023,Dependiente,Industrias manufactureras,3,3,,"100,0%",NaN
2812-Universidad EAN,9517-ADMINISTRACION DE EMPRESAS,Masculino,2010-2,2023,Dependiente,Otras actividades de servicios,3,3,,"100,0%",NaN
2812-Universidad EAN,9517-ADMINISTRACION DE EMPRESAS,Masculino,2010-2,2023,Dependiente,Transporte y almacenamiento,1,1,,"100,0%",NaN
2812-Universidad EAN,9517-ADMINISTRACION DE EMPRESAS,Masculino,2010-2,2023,Independiente,"Actividades profesionales, científicas y técnicas",1,1,,"100,0%",NaN
2812-Universidad EAN,9517-ADMINISTRACION DE EMPRESAS,Masculino,2010-2,2023,No cotizante,SIN DATO,8,0,,"0,0%",NaN
2812-Universidad EAN,8322-ESPECIALIZACION EN ADMINISTRACION DE EMPRESAS,Femenino,2010-2,2016,Dependiente,Actividades de atención de la salud humana y de asistencia social,1,1,,"100,0%",$5.591.000
2812-Universidad EAN,8322-ESPECIALIZACION EN ADMINISTRACION DE EMPRESAS,Femenino,2010-2,2016,Dependiente,Actividades financieras y de seguros,1,1,,"100,0%",$6.483.000
2812-Universidad EAN,8322-ESPECIALIZACION EN ADMINISTRACION DE EMPRESAS,Femenino,2010-2,2016,Dependiente,"Actividades profesionales, científicas y técnicas",1,1,,"100,0%",$5.847.000
2812-Universidad EAN,8322-ESPECIALIZACION EN ADMINISTRACION DE EMPRESAS,Femenino,2010-2,2016,Dependiente,Información y comunicaciones,2,2,,"100,0%",$11.630.761
2812-Universidad EAN,8322-ESPECIALIZACION EN ADMINISTRACION DE EMPRESAS,Femenino,2010-2,2016,Independiente,"Actividades profesionales, científicas y técnicas",1,1,,"100,0%",NaN
2812-Universidad EAN,8322-ESPECIALIZACION EN ADMINISTRACION DE EMPRESAS,Femenino,2010-2,2016,Independiente,Sin información,1,1,,"100,0%",NaN
2812-Universidad EAN,8322-ESPECIALIZACION EN ADMINISTRACION DE EMPRESAS,Femenino,2010-2,2016,No cotizante,Sin información,2,0,,"0,0%",NaN
2812-Universidad EAN,8322-ESPECIALIZACION EN ADMINISTRACION DE EMPRESAS,Femenino,2010-2,2017,Dependiente,Actividades de atención de la salud humana y de asistencia social,1,1,,"100,0%",NaN
2812-Universidad EAN,8322-ESPECIALIZACION EN ADMINISTRACION DE EMPRESAS,Femenino,2010-2,2017,Dependiente,"Actividades profesionales, científicas y técnicas",1,1,,"100,0%",NaN
2812-Universidad EAN,8322-ESPECIALIZACION EN ADMINISTRACION DE EMPRESAS,Femenino,2010-2,2017,Dependiente,Construccion,1,1,,"100,0%",NaN
2812-Universidad EAN,8322-ESPECIALIZACION EN ADMINISTRACION DE EMPRESAS,Femenino,2010-2,2017,Dependiente,Educación,1,1,,"100,0%",NaN
2812-Universidad EAN,8322-ESPECIALIZACION EN ADMINISTRACION DE EMPRESAS,Femenino,2010-2,2017,Dependiente,Información y comunicaciones,2,2,,"100,0%",NaN
2812-Universidad EAN,8322-ESPECIALIZACION EN ADMINISTRACION DE EMPRESAS,Femenino,2010-2,2017,Independiente,Sin información,1,1,,"100,0%",NaN
2812-Universidad EAN,8322-ESPECIALIZACION EN ADMINISTRACION DE EMPRESAS,Femenino,2010-2,2017,No cotizante,Sin información,2,0,,"0,0%",NaN
2812-Universidad EAN,8322-ESPECIALIZACION EN ADMINISTRACION DE EMPRESAS,Femenino,2010-2,2018,Dependiente,"Actividades profesionales, científicas y técnicas",1,1,,"100,0%",NaN
2812-Universidad EAN,8322-ESPECIALIZACION EN ADMINISTRACION DE EMPRESAS,Femenino,2010-2,2018,Dependiente,Construccion,1,1,,"100,0%",NaN
2812-Universidad EAN,8322-ESPECIALIZACION EN ADMINISTRACION DE EMPRESAS,Femenino,2010-2,2018,Dependiente,Educación,1,1,,"100,0%",NaN
2812-Universidad EAN,8322-ESPECIALIZACION EN ADMINISTRACION DE EMPRESAS,Femenino,2010-2,2018,Independiente,"Actividades profesionales, científicas y técnicas",2,2,,"100,0%",NaN
2812-Universidad EAN,8322-ESPECIALIZACION EN ADMINISTRACION DE EMPRESAS,Femenino,2010-2,2018,Independiente,Sin información,2,2,,"100,0%",NaN
2812-Universidad EAN,8322-ESPECIALIZACION EN ADMINISTRACION DE EMPRESAS,Femenino,2010-2,2018,No cotizante,Sin información,2,0,,"0,0%",NaN
2812-Universidad EAN,8322-ESPECIALIZACION EN ADMINISTRACION DE EMPRESAS,Femenino,2010-2,2019,Dependiente,"Actividades profesionales, científicas y técnicas",1,1,,"100,0%",NaN
2812-Universidad EAN,8322-ESPECIALIZACION EN ADMINISTRACION DE EMPRESAS,Femenino,2010-2,2019,Dependiente,Construccion,1,1,,"100,0%",NaN
2812-Universidad EAN,8322-ESPECIALIZACION EN ADMINISTRACION DE EMPRESAS,Femenino,2010-2,2019,Dependiente,Educación,1,1,,"100,0%",NaN
2812-Universidad EAN,8322-ESPECIALIZACION EN ADMINISTRACION DE EMPRESAS,Femenino,2010-2,2019,Independiente,"Actividades profesionales, científicas y técnicas",3,3,,"100,0%",NaN
2812-Universidad EAN,8322-ESPECIALIZACION EN ADMINISTRACION DE EMPRESAS,Femenino,2010-2,2019,No cotizante,Sin información,3,0,,"0,0%",NaN
2812-Universidad EAN,8322-ESPECIALIZACION EN ADMINISTRACION DE EMPRESAS,Femenino,2010-2,2020,Dependiente,"Actividades profesionales, científicas y técnicas",1,1,,"100,0%",NaN
2812-Universidad EAN,8322-ESPECIALIZACION EN ADMINISTRACION DE EMPRESAS,Femenino,2010-2,2020,Dependiente,Construccion,1,1,,"100,0%",NaN
2812-Universidad EAN,8322-ESPECIALIZACION EN ADMINISTRACION DE EMPRESAS,Femenino,2010-2,2020,Dependiente,Educación,1,1,,"100,0%",NaN
2812-Universidad EAN,8322-ESPECIALIZACION EN ADMINISTRACION DE EMPRESAS,Femenino,2010-2,2020,Independiente,"Actividades profesionales, científicas y técnicas",3,3,,"100,0%",NaN
2812-Universidad EAN,8322-ESPECIALIZACION EN ADMINISTRACION DE EMPRESAS,Femenino,2010-2,2020,No cotizante,Sin información,3,0,,"0,0%",NaN
2812-Universidad EAN,8322-ESPECIALIZACION EN ADMINISTRACION DE EMPRESAS,Femenino,2010-2,2021,Dependiente,"Actividades profesionales, científicas y técnicas",1,1,,"100,0%",NaN
2812-Universidad EAN,8322-ESPECIALIZACION EN ADMINISTRACION DE EMPRESAS,Femenino,2010-2,2021,Dependiente,Construccion,1,1,,"100,0%",NaN
2812-Universidad EAN,8322-ESPECIALIZACION EN ADMINISTRACION DE EMPRESAS,Femenino,2010-2,2021,Dependiente,Educación,1,1,,"100,0%",NaN
2812-Universidad EAN,8322-ESPECIALIZACION EN ADMINISTRACION DE EMPRESAS,Femenino,2010-2,2021,Independiente,"Actividades profesionales, científicas y técnicas",3,3,,"100,0%",NaN
2812-Universidad EAN,8322-ESPECIALIZACION EN ADMINISTRACION DE EMPRESAS,Femenino,2010-2,2021,No cotizante,Sin información,3,0,,"0,0%",NaN
2812-Universidad EAN,8322-ESPECIALIZACION EN ADMINISTRACION DE EMPRESAS,Femenino,2010-2,2022,Dependiente,Actividades de atención de la salud humana y de asistencia social,1,1,,"100,0%",NaN
2812-Universidad EAN,8322-ESPECIALIZACION EN ADMINISTRACION DE EMPRESAS,Femenino,2010-2,2022,Dependiente,Administración pública y defensa; planes de seguridad social de afiliación obligatoria,1,1,,"100,0%",NaN
2812-Universidad EAN,8322-ESPECIALIZACION EN ADMINISTRACION DE EMPRESAS,Femenino,2010-2,2022,Dependiente,Construccion,1,1,,"100,0%",NaN
2812-Universidad EAN,8322-ESPECIALIZACION EN ADMINISTRACION DE EMPRESAS,Femenino,2010-2,2022,Independiente,"Actividades profesionales, científicas y técnicas",2,2,,"100,0%",NaN
2812-Universidad EAN,8322-ESPECIALIZACION EN ADMINISTRACION DE EMPRESAS,Femenino,2010-2,2022,No cotizante,SIN DATO,4,0,,"0,0%",NaN
2812-Universidad EAN,8322-ESPECIALIZACION EN ADMINISTRACION DE EMPRESAS,Femenino,2010-2,2023,Dependiente,Actividades de atención de la salud humana y de asistencia social,1,1,,"100,0%",NaN
2812-Universidad EAN,8322-ESPECIALIZACION EN ADMINISTRACION DE EMPRESAS,Femenino,2010-2,2023,Dependiente,Administración pública y defensa; planes de seguridad social de afiliación obligatoria,1,1,,"100,0%",NaN
2812-Universidad EAN,8322-ESPECIALIZACION EN ADMINISTRACION DE EMPRESAS,Femenino,2010-2,2023,Dependiente,Construccion,1,1,,"100,0%",NaN
2812-Universidad EAN,8322-ESPECIALIZACION EN ADMINISTRACION DE EMPRESAS,Femenino,2010-2,2023,Independiente,"Actividades profesionales, científicas y técnicas",2,2,,"100,0%",NaN
2812-Universidad EAN,8322-ESPECIALIZACION EN ADMINISTRACION DE EMPRESAS,Femenino,2010-2,2023,No cotizante,SIN DATO,4,0,,"0,0%",NaN
2812-Universidad EAN,8322-ESPECIALIZACION EN ADMINISTRACION DE EMPRESAS,Masculino,2010-2,2016,Dependiente,Actividades financieras y de seguros,1,1,,"100,0%",$4.180.000
2812-Universidad EAN,8322-ESPECIALIZACION EN ADMINISTRACION DE EMPRESAS,Masculino,2010-2,2016,Dependiente,Comercio al por mayor y al por menor; reparación de vehículos automotores y motocicletas,1,1,,"100,0%",$17.225.000
2812-Universidad EAN,8322-ESPECIALIZACION EN ADMINISTRACION DE EMPRESAS,Masculino,2010-2,2017,Dependiente,Actividades financieras y de seguros,1,1,,"100,0%",NaN
2812-Universidad EAN,8322-ESPECIALIZACION EN ADMINISTRACION DE EMPRESAS,Masculino,2010-2,2017,Independiente,Sin información,1,1,,"100,0%",NaN
2812-Universidad EAN,8322-ESPECIALIZACION EN ADMINISTRACION DE EMPRESAS,Masculino,2010-2,2018,Dependiente,Actividades financieras y de seguros,1,1,,"100,0%",NaN
2812-Universidad EAN,8322-ESPECIALIZACION EN ADMINISTRACION DE EMPRESAS,Masculino,2010-2,2018,Independiente,Sin información,1,1,,"100,0%",NaN
2812-Universidad EAN,8322-ESPECIALIZACION EN ADMINISTRACION DE EMPRESAS,Masculino,2010-2,2019,Dependiente,Administración pública y defensa; planes de seguridad social de afiliación obligatoria,1,1,,"100,0%",NaN
2812-Universidad EAN,8322-ESPECIALIZACION EN ADMINISTRACION DE EMPRESAS,Masculino,2010-2,2019,Independiente,"Actividades profesionales, científicas y técnicas",1,1,,"100,0%",NaN
2812-Universidad EAN,8322-ESPECIALIZACION EN ADMINISTRACION DE EMPRESAS,Masculino,2010-2,2020,Dependiente,Administración pública y defensa; planes de seguridad social de afiliación obligatoria,1,1,,"100,0%",NaN
2812-Universidad EAN,8322-ESPECIALIZACION EN ADMINISTRACION DE EMPRESAS,Masculino,2010-2,2020,Independiente,"Actividades profesionales, científicas y técnicas",1,1,,"100,0%",NaN
2812-Universidad EAN,8322-ESPECIALIZACION EN ADMINISTRACION DE EMPRESAS,Masculino,2010-2,2021,Dependiente,Administración pública y defensa; planes de seguridad social de afiliación obligatoria,1,1,,"100,0%",NaN
2812-Universidad EAN,8322-ESPECIALIZACION EN ADMINISTRACION DE EMPRESAS,Masculino,2010-2,2021,Independiente,"Actividades profesionales, científicas y técnicas",1,1,,"100,0%",NaN
2812-Universidad EAN,8322-ESPECIALIZACION EN ADMINISTRACION DE EMPRESAS,Masculino,2010-2,2022,Dependiente,Administración pública y defensa; planes de seguridad social de afiliación obligatoria,1,1,,"100,0%",NaN
2812-Universidad EAN,8322-ESPECIALIZACION EN ADMINISTRACION DE EMPRESAS,Masculino,2010-2,2022,Independiente,"Actividades profesionales, científicas y técnicas",1,1,,"100,0%",NaN
2812-Universidad EAN,8322-ESPECIALIZACION EN ADMINISTRACION DE EMPRESAS,Masculino,2010-2,2023,Dependiente,Administración pública y defensa; planes de seguridad social de afiliación obligatoria,1,1,,"100,0%",NaN
2812-Universidad EAN,8322-ESPECIALIZACION EN ADMINISTRACION DE EMPRESAS,Masculino,2010-2,2023,Independiente,"Actividades profesionales, científicas y técnicas",1,1,,"100,0%",NaN
2812-Universidad EAN,8979-ESPECIALIZACION EN GERENCIA DE PROCESOS DE CALIDAD E INNOVACION,Femenino,2010-2,2016,Dependiente,Actividades de atención de la salud humana y de asistencia social,1,1,,"100,0%",$12.548.041
2812-Universidad EAN,8979-ESPECIALIZACION EN GERENCIA DE PROCESOS DE CALIDAD E INNOVACION,Femenino,2010-2,2016,Dependiente,"Actividades profesionales, científicas y técnicas",1,1,,"100,0%",$6.888.000
2812-Universidad EAN,8979-ESPECIALIZACION EN GERENCIA DE PROCESOS DE CALIDAD E INNOVACION,Femenino,2010-2,2016,Dependiente,Comercio al por mayor y al por menor; reparación de vehículos automotores y motocicletas,3,3,,"100,0%",$3.606.667
2812-Universidad EAN,8979-ESPECIALIZACION EN GERENCIA DE PROCESOS DE CALIDAD E INNOVACION,Femenino,2010-2,2016,Dependiente,Construccion,1,1,,"100,0%",$4.196.000
2812-Universidad EAN,8979-ESPECIALIZACION EN GERENCIA DE PROCESOS DE CALIDAD E INNOVACION,Femenino,2010-2,2016,Dependiente,Educación,1,1,,"100,0%",$10.600.000
2812-Universidad EAN,8979-ESPECIALIZACION EN GERENCIA DE PROCESOS DE CALIDAD E INNOVACION,Femenino,2010-2,2016,Dependiente,Industrias manufactureras,1,1,,"100,0%",$2.585.000
2812-Universidad EAN,8979-ESPECIALIZACION EN GERENCIA DE PROCESOS DE CALIDAD E INNOVACION,Femenino,2010-2,2016,Dependiente,Información y comunicaciones,1,1,,"100,0%",$3.901.000
2812-Universidad EAN,8979-ESPECIALIZACION EN GERENCIA DE PROCESOS DE CALIDAD E INNOVACION,Femenino,2010-2,2016,Dependiente,Transporte y almacenamiento,1,1,,"100,0%",$3.768.000
2812-Universidad EAN,8979-ESPECIALIZACION EN GERENCIA DE PROCESOS DE CALIDAD E INNOVACION,Femenino,2010-2,2016,Independiente,Actividades financieras y de seguros,1,1,,"100,0%",NaN
2812-Universidad EAN,8979-ESPECIALIZACION EN GERENCIA DE PROCESOS DE CALIDAD E INNOVACION,Femenino,2010-2,2016,Independiente,"Actividades profesionales, científicas y técnicas",1,1,,"100,0%",NaN
2812-Universidad EAN,8979-ESPECIALIZACION EN GERENCIA DE PROCESOS DE CALIDAD E INNOVACION,Femenino,2010-2,2016,Independiente,Sin información,1,1,,"100,0%",NaN
2812-Universidad EAN,8979-ESPECIALIZACION EN GERENCIA DE PROCESOS DE CALIDAD E INNOVACION,Femenino,2010-2,2016,No cotizante,Sin información,1,0,,"0,0%",NaN
2812-Universidad EAN,8979-ESPECIALIZACION EN GERENCIA DE PROCESOS DE CALIDAD E INNOVACION,Femenino,2010-2,2017,Dependiente,Actividades financieras y de seguros,1,1,,"100,0%",NaN
2812-Universidad EAN,8979-ESPECIALIZACION EN GERENCIA DE PROCESOS DE CALIDAD E INNOVACION,Femenino,2010-2,2017,Dependiente,"Actividades profesionales, científicas y técnicas",1,1,,"100,0%",NaN
2812-Universidad EAN,8979-ESPECIALIZACION EN GERENCIA DE PROCESOS DE CALIDAD E INNOVACION,Femenino,2010-2,2017,Dependiente,Comercio al por mayor y al por menor; reparación de vehículos automotores y motocicletas,1,1,,"100,0%",NaN
2812-Universidad EAN,8979-ESPECIALIZACION EN GERENCIA DE PROCESOS DE CALIDAD E INNOVACION,Femenino,2010-2,2017,Dependiente,Construccion,1,1,,"100,0%",NaN
2812-Universidad EAN,8979-ESPECIALIZACION EN GERENCIA DE PROCESOS DE CALIDAD E INNOVACION,Femenino,2010-2,2017,Dependiente,Industrias manufactureras,2,2,,"100,0%",NaN
2812-Universidad EAN,8979-ESPECIALIZACION EN GERENCIA DE PROCESOS DE CALIDAD E INNOVACION,Femenino,2010-2,2017,Dependiente,Información y comunicaciones,1,1,,"100,0%",NaN
2812-Universidad EAN,8979-ESPECIALIZACION EN GERENCIA DE PROCESOS DE CALIDAD E INNOVACION,Femenino,2010-2,2017,Dependiente,Sin información,1,1,,"100,0%",NaN
2812-Universidad EAN,8979-ESPECIALIZACION EN GERENCIA DE PROCESOS DE CALIDAD E INNOVACION,Femenino,2010-2,2017,Dependiente,Transporte y almacenamiento,1,1,,"100,0%",NaN
2812-Universidad EAN,8979-ESPECIALIZACION EN GERENCIA DE PROCESOS DE CALIDAD E INNOVACION,Femenino,2010-2,2017,Independiente,"Actividades profesionales, científicas y técnicas",1,1,,"100,0%",NaN
2812-Universidad EAN,8979-ESPECIALIZACION EN GERENCIA DE PROCESOS DE CALIDAD E INNOVACION,Femenino,2010-2,2017,Independiente,Sin información,3,3,,"100,0%",NaN
2812-Universidad EAN,8979-ESPECIALIZACION EN GERENCIA DE PROCESOS DE CALIDAD E INNOVACION,Femenino,2010-2,2018,Dependiente,Actividades financieras y de seguros,1,1,,"100,0%",NaN
2812-Universidad EAN,8979-ESPECIALIZACION EN GERENCIA DE PROCESOS DE CALIDAD E INNOVACION,Femenino,2010-2,2018,Dependiente,"Actividades profesionales, científicas y técnicas",2,2,,"100,0%",NaN
2812-Universidad EAN,8979-ESPECIALIZACION EN GERENCIA DE PROCESOS DE CALIDAD E INNOVACION,Femenino,2010-2,2018,Dependiente,Comercio al por mayor y al por menor; reparación de vehículos automotores y motocicletas,2,2,,"100,0%",NaN
2812-Universidad EAN,8979-ESPECIALIZACION EN GERENCIA DE PROCESOS DE CALIDAD E INNOVACION,Femenino,2010-2,2018,Dependiente,Construccion,1,1,,"100,0%",NaN
2812-Universidad EAN,8979-ESPECIALIZACION EN GERENCIA DE PROCESOS DE CALIDAD E INNOVACION,Femenino,2010-2,2018,Dependiente,Industrias manufactureras,1,1,,"100,0%",NaN
2812-Universidad EAN,8979-ESPECIALIZACION EN GERENCIA DE PROCESOS DE CALIDAD E INNOVACION,Femenino,2010-2,2018,Dependiente,Información y comunicaciones,1,1,,"100,0%",NaN
2812-Universidad EAN,8979-ESPECIALIZACION EN GERENCIA DE PROCESOS DE CALIDAD E INNOVACION,Femenino,2010-2,2018,Dependiente,Sin información,1,1,,"100,0%",NaN
2812-Universidad EAN,8979-ESPECIALIZACION EN GERENCIA DE PROCESOS DE CALIDAD E INNOVACION,Femenino,2010-2,2018,Dependiente,Transporte y almacenamiento,1,1,,"100,0%",NaN
2812-Universidad EAN,8979-ESPECIALIZACION EN GERENCIA DE PROCESOS DE CALIDAD E INNOVACION,Femenino,2010-2,2018,Independiente,"Actividades profesionales, científicas y técnicas",1,1,,"100,0%",NaN
2812-Universidad EAN,8979-ESPECIALIZACION EN GERENCIA DE PROCESOS DE CALIDAD E INNOVACION,Femenino,2010-2,2018,Independiente,Sin información,2,2,,"100,0%",NaN
2812-Universidad EAN,8979-ESPECIALIZACION EN GERENCIA DE PROCESOS DE CALIDAD E INNOVACION,Femenino,2010-2,2019,Dependiente,Actividades financieras y de seguros,1,1,,"100,0%",NaN
2812-Universidad EAN,8979-ESPECIALIZACION EN GERENCIA DE PROCESOS DE CALIDAD E INNOVACION,Femenino,2010-2,2019,Dependiente,"Actividades profesionales, científicas y técnicas",1,1,,"100,0%",NaN
2812-Universidad EAN,8979-ESPECIALIZACION EN GERENCIA DE PROCESOS DE CALIDAD E INNOVACION,Femenino,2010-2,2019,Dependiente,"Agricultura, ganadería, caza, silvicultura y pesca",1,1,,"100,0%",NaN
2812-Universidad EAN,8979-ESPECIALIZACION EN GERENCIA DE PROCESOS DE CALIDAD E INNOVACION,Femenino,2010-2,2019,Dependiente,Comercio al por mayor y al por menor; reparación de vehículos automotores y motocicletas,2,2,,"100,0%",NaN
2812-Universidad EAN,8979-ESPECIALIZACION EN GERENCIA DE PROCESOS DE CALIDAD E INNOVACION,Femenino,2010-2,2019,Dependiente,Educación,1,1,,"100,0%",NaN
2812-Universidad EAN,8979-ESPECIALIZACION EN GERENCIA DE PROCESOS DE CALIDAD E INNOVACION,Femenino,2010-2,2019,Dependiente,Industrias manufactureras,1,1,,"100,0%",NaN
2812-Universidad EAN,8979-ESPECIALIZACION EN GERENCIA DE PROCESOS DE CALIDAD E INNOVACION,Femenino,2010-2,2019,Dependiente,Información y comunicaciones,1,1,,"100,0%",NaN
2812-Universidad EAN,8979-ESPECIALIZACION EN GERENCIA DE PROCESOS DE CALIDAD E INNOVACION,Femenino,2010-2,2019,Dependiente,Otras actividades de servicios,1,1,,"100,0%",NaN
2812-Universidad EAN,8979-ESPECIALIZACION EN GERENCIA DE PROCESOS DE CALIDAD E INNOVACION,Femenino,2010-2,2019,Independiente,"Actividades profesionales, científicas y técnicas",1,1,,"100,0%",NaN
2812-Universidad EAN,8979-ESPECIALIZACION EN GERENCIA DE PROCESOS DE CALIDAD E INNOVACION,Femenino,2010-2,2019,Independiente,Administración pública y defensa; planes de seguridad social de afiliación obligatoria,1,1,,"100,0%",NaN
2812-Universidad EAN,8979-ESPECIALIZACION EN GERENCIA DE PROCESOS DE CALIDAD E INNOVACION,Femenino,2010-2,2019,Independiente,Construccion,1,1,,"100,0%",NaN
2812-Universidad EAN,8979-ESPECIALIZACION EN GERENCIA DE PROCESOS DE CALIDAD E INNOVACION,Femenino,2010-2,2019,No cotizante,Sin información,1,0,,"0,0%",NaN
2812-Universidad EAN,8979-ESPECIALIZACION EN GERENCIA DE PROCESOS DE CALIDAD E INNOVACION,Femenino,2010-2,2020,Dependiente,Actividades financieras y de seguros,1,1,,"100,0%",NaN
2812-Universidad EAN,8979-ESPECIALIZACION EN GERENCIA DE PROCESOS DE CALIDAD E INNOVACION,Femenino,2010-2,2020,Dependiente,"Actividades profesionales, científicas y técnicas",1,1,,"100,0%",NaN
2812-Universidad EAN,8979-ESPECIALIZACION EN GERENCIA DE PROCESOS DE CALIDAD E INNOVACION,Femenino,2010-2,2020,Dependiente,"Agricultura, ganadería, caza, silvicultura y pesca",1,1,,"100,0%",NaN
2812-Universidad EAN,8979-ESPECIALIZACION EN GERENCIA DE PROCESOS DE CALIDAD E INNOVACION,Femenino,2010-2,2020,Dependiente,Comercio al por mayor y al por menor; reparación de vehículos automotores y motocicletas,2,2,,"100,0%",NaN
2812-Universidad EAN,8979-ESPECIALIZACION EN GERENCIA DE PROCESOS DE CALIDAD E INNOVACION,Femenino,2010-2,2020,Dependiente,Educación,1,1,,"100,0%",NaN
2812-Universidad EAN,8979-ESPECIALIZACION EN GERENCIA DE PROCESOS DE CALIDAD E INNOVACION,Femenino,2010-2,2020,Dependiente,Información y comunicaciones,1,1,,"100,0%",NaN
2812-Universidad EAN,8979-ESPECIALIZACION EN GERENCIA DE PROCESOS DE CALIDAD E INNOVACION,Femenino,2010-2,2020,Dependiente,Otras actividades de servicios,1,1,,"100,0%",NaN
2812-Universidad EAN,8979-ESPECIALIZACION EN GERENCIA DE PROCESOS DE CALIDAD E INNOVACION,Femenino,2010-2,2020,Independiente,"Actividades profesionales, científicas y técnicas",2,2,,"100,0%",NaN
2812-Universidad EAN,8979-ESPECIALIZACION EN GERENCIA DE PROCESOS DE CALIDAD E INNOVACION,Femenino,2010-2,2020,Independiente,Administración pública y defensa; planes de seguridad social de afiliación obligatoria,1,1,,"100,0%",NaN
2812-Universidad EAN,8979-ESPECIALIZACION EN GERENCIA DE PROCESOS DE CALIDAD E INNOVACION,Femenino,2010-2,2020,Independiente,Otras actividades de servicios,1,1,,"100,0%",NaN
2812-Universidad EAN,8979-ESPECIALIZACION EN GERENCIA DE PROCESOS DE CALIDAD E INNOVACION,Femenino,2010-2,2021,Dependiente,Actividades financieras y de seguros,1,1,,"100,0%",NaN
2812-Universidad EAN,8979-ESPECIALIZACION EN GERENCIA DE PROCESOS DE CALIDAD E INNOVACION,Femenino,2010-2,2021,Dependiente,"Agricultura, ganadería, caza, silvicultura y pesca",2,2,,"100,0%",NaN
2812-Universidad EAN,8979-ESPECIALIZACION EN GERENCIA DE PROCESOS DE CALIDAD E INNOVACION,Femenino,2010-2,2021,Dependiente,Comercio al por mayor y al por menor; reparación de vehículos automotores y motocicletas,1,1,,"100,0%",NaN
2812-Universidad EAN,8979-ESPECIALIZACION EN GERENCIA DE PROCESOS DE CALIDAD E INNOVACION,Femenino,2010-2,2021,Dependiente,Construccion,1,1,,"100,0%",NaN
2812-Universidad EAN,8979-ESPECIALIZACION EN GERENCIA DE PROCESOS DE CALIDAD E INNOVACION,Femenino,2010-2,2021,Dependiente,Educación,1,1,,"100,0%",NaN
2812-Universidad EAN,8979-ESPECIALIZACION EN GERENCIA DE PROCESOS DE CALIDAD E INNOVACION,Femenino,2010-2,2021,Dependiente,Información y comunicaciones,1,1,,"100,0%",NaN
2812-Universidad EAN,8979-ESPECIALIZACION EN GERENCIA DE PROCESOS DE CALIDAD E INNOVACION,Femenino,2010-2,2021,Dependiente,Otras actividades de servicios,1,1,,"100,0%",NaN
2812-Universidad EAN,8979-ESPECIALIZACION EN GERENCIA DE PROCESOS DE CALIDAD E INNOVACION,Femenino,2010-2,2021,Independiente,"Actividades profesionales, científicas y técnicas",2,2,,"100,0%",NaN
2812-Universidad EAN,8979-ESPECIALIZACION EN GERENCIA DE PROCESOS DE CALIDAD E INNOVACION,Femenino,2010-2,2021,Independiente,Administración pública y defensa; planes de seguridad social de afiliación obligatoria,1,1,,"100,0%",NaN
2812-Universidad EAN,8979-ESPECIALIZACION EN GERENCIA DE PROCESOS DE CALIDAD E INNOVACION,Femenino,2010-2,2021,Independiente,Otras actividades de servicios,1,1,,"100,0%",NaN
2812-Universidad EAN,8979-ESPECIALIZACION EN GERENCIA DE PROCESOS DE CALIDAD E INNOVACION,Femenino,2010-2,2022,Dependiente,Actividades financieras y de seguros,1,1,,"100,0%",NaN
2812-Universidad EAN,8979-ESPECIALIZACION EN GERENCIA DE PROCESOS DE CALIDAD E INNOVACION,Femenino,2010-2,2022,Dependiente,"Agricultura, ganadería, caza, silvicultura y pesca",1,1,,"100,0%",NaN
2812-Universidad EAN,8979-ESPECIALIZACION EN GERENCIA DE PROCESOS DE CALIDAD E INNOVACION,Femenino,2010-2,2022,Dependiente,Comercio al por mayor y al por menor; reparación de vehículos automotores y motocicletas,1,1,,"100,0%",NaN
2812-Universidad EAN,8979-ESPECIALIZACION EN GERENCIA DE PROCESOS DE CALIDAD E INNOVACION,Femenino,2010-2,2022,Dependiente,Construccion,1,1,,"100,0%",NaN
2812-Universidad EAN,8979-ESPECIALIZACION EN GERENCIA DE PROCESOS DE CALIDAD E INNOVACION,Femenino,2010-2,2022,Dependiente,Educación,1,1,,"100,0%",NaN
2812-Universidad EAN,8979-ESPECIALIZACION EN GERENCIA DE PROCESOS DE CALIDAD E INNOVACION,Femenino,2010-2,2022,Dependiente,Industrias manufactureras,1,1,,"100,0%",NaN
2812-Universidad EAN,8979-ESPECIALIZACION EN GERENCIA DE PROCESOS DE CALIDAD E INNOVACION,Femenino,2010-2,2022,Dependiente,Información y comunicaciones,1,1,,"100,0%",NaN
2812-Universidad EAN,8979-ESPECIALIZACION EN GERENCIA DE PROCESOS DE CALIDAD E INNOVACION,Femenino,2010-2,2022,Dependiente,Otras actividades de servicios,1,1,,"100,0%",NaN
2812-Universidad EAN,8979-ESPECIALIZACION EN GERENCIA DE PROCESOS DE CALIDAD E INNOVACION,Femenino,2010-2,2022,Independiente,"Actividades profesionales, científicas y técnicas",3,3,,"100,0%",NaN
2812-Universidad EAN,8979-ESPECIALIZACION EN GERENCIA DE PROCESOS DE CALIDAD E INNOVACION,Femenino,2010-2,2022,Independiente,Administración pública y defensa; planes de seguridad social de afiliación obligatoria,1,1,,"100,0%",NaN
2812-Universidad EAN,8979-ESPECIALIZACION EN GERENCIA DE PROCESOS DE CALIDAD E INNOVACION,Femenino,2010-2,2023,Dependiente,Actividades financieras y de seguros,1,1,,"100,0%",NaN
2812-Universidad EAN,8979-ESPECIALIZACION EN GERENCIA DE PROCESOS DE CALIDAD E INNOVACION,Femenino,2010-2,2023,Dependiente,"Agricultura, ganadería, caza, silvicultura y pesca",1,1,,"100,0%",NaN
2812-Universidad EAN,8979-ESPECIALIZACION EN GERENCIA DE PROCESOS DE CALIDAD E INNOVACION,Femenino,2010-2,2023,Dependiente,Comercio al por mayor y al por menor; reparación de vehículos automotores y motocicletas,1,1,,"100,0%",NaN
2812-Universidad EAN,8979-ESPECIALIZACION EN GERENCIA DE PROCESOS DE CALIDAD E INNOVACION,Femenino,2010-2,2023,Dependiente,Educación,1,1,,"100,0%",NaN
2812-Universidad EAN,8979-ESPECIALIZACION EN GERENCIA DE PROCESOS DE CALIDAD E INNOVACION,Femenino,2010-2,2023,Dependiente,Industrias manufactureras,1,1,,"100,0%",NaN
2812-Universidad EAN,8979-ESPECIALIZACION EN GERENCIA DE PROCESOS DE CALIDAD E INNOVACION,Femenino,2010-2,2023,Dependiente,Información y comunicaciones,2,2,,"100,0%",NaN
2812-Universidad EAN,8979-ESPECIALIZACION EN GERENCIA DE PROCESOS DE CALIDAD E INNOVACION,Femenino,2010-2,2023,Dependiente,Otras actividades de servicios,2,2,,"100,0%",NaN
2812-Universidad EAN,8979-ESPECIALIZACION EN GERENCIA DE PROCESOS DE CALIDAD E INNOVACION,Femenino,2010-2,2023,Independiente,"Actividades profesionales, científicas y técnicas",2,2,,"100,0%",NaN
2812-Universidad EAN,8979-ESPECIALIZACION EN GERENCIA DE PROCESOS DE CALIDAD E INNOVACION,Femenino,2010-2,2023,Independiente,Administración pública y defensa; planes de seguridad social de afiliación obligatoria,1,1,,"100,0%",NaN
2812-Universidad EAN,8979-ESPECIALIZACION EN GERENCIA DE PROCESOS DE CALIDAD E INNOVACION,Masculino,2010-2,2016,Dependiente,Actividades de atención de la salud humana y de asistencia social,1,1,,"100,0%",$4.342.000
2812-Universidad EAN,8979-ESPECIALIZACION EN GERENCIA DE PROCESOS DE CALIDAD E INNOVACION,Masculino,2010-2,2016,Dependiente,Actividades financieras y de seguros,1,1,,"100,0%",$7.323.000
2812-Universidad EAN,8979-ESPECIALIZACION EN GERENCIA DE PROCESOS DE CALIDAD E INNOVACION,Masculino,2010-2,2016,Dependiente,"Actividades profesionales, científicas y técnicas",1,1,,"100,0%",$1.861.000
2812-Universidad EAN,8979-ESPECIALIZACION EN GERENCIA DE PROCESOS DE CALIDAD E INNOVACION,Masculino,2010-2,2016,Dependiente,Administración pública y defensa; planes de seguridad social de afiliación obligatoria,1,1,,"100,0%",$2.151.000
2812-Universidad EAN,8979-ESPECIALIZACION EN GERENCIA DE PROCESOS DE CALIDAD E INNOVACION,Masculino,2010-2,2016,Dependiente,Información y comunicaciones,1,1,,"100,0%",$7.240.000
2812-Universidad EAN,8979-ESPECIALIZACION EN GERENCIA DE PROCESOS DE CALIDAD E INNOVACION,Masculino,2010-2,2016,Independiente,Educación,1,1,,"100,0%",NaN
2812-Universidad EAN,8979-ESPECIALIZACION EN GERENCIA DE PROCESOS DE CALIDAD E INNOVACION,Masculino,2010-2,2017,Dependiente,Administración pública y defensa; planes de seguridad social de afiliación obligatoria,1,1,,"100,0%",NaN
2812-Universidad EAN,8979-ESPECIALIZACION EN GERENCIA DE PROCESOS DE CALIDAD E INNOVACION,Masculino,2010-2,2017,Dependiente,Educación,2,2,,"100,0%",NaN
2812-Universidad EAN,8979-ESPECIALIZACION EN GERENCIA DE PROCESOS DE CALIDAD E INNOVACION,Masculino,2010-2,2017,Dependiente,Información y comunicaciones,1,1,,"100,0%",NaN
2812-Universidad EAN,8979-ESPECIALIZACION EN GERENCIA DE PROCESOS DE CALIDAD E INNOVACION,Masculino,2010-2,2017,Dependiente,Sin información,1,1,,"100,0%",NaN
2812-Universidad EAN,8979-ESPECIALIZACION EN GERENCIA DE PROCESOS DE CALIDAD E INNOVACION,Masculino,2010-2,2017,Independiente,Educación,1,1,,"100,0%",NaN
2812-Universidad EAN,8979-ESPECIALIZACION EN GERENCIA DE PROCESOS DE CALIDAD E INNOVACION,Masculino,2010-2,2018,Dependiente,Administración pública y defensa; planes de seguridad social de afiliación obligatoria,1,1,,"100,0%",NaN
2812-Universidad EAN,8979-ESPECIALIZACION EN GERENCIA DE PROCESOS DE CALIDAD E INNOVACION,Masculino,2010-2,2018,Dependiente,Educación,2,2,,"100,0%",NaN
2812-Universidad EAN,8979-ESPECIALIZACION EN GERENCIA DE PROCESOS DE CALIDAD E INNOVACION,Masculino,2010-2,2018,Dependiente,Información y comunicaciones,1,1,,"100,0%",NaN
2812-Universidad EAN,8979-ESPECIALIZACION EN GERENCIA DE PROCESOS DE CALIDAD E INNOVACION,Masculino,2010-2,2018,Dependiente,Sin información,1,1,,"100,0%",NaN
2812-Universidad EAN,8979-ESPECIALIZACION EN GERENCIA DE PROCESOS DE CALIDAD E INNOVACION,Masculino,2010-2,2018,Independiente,Educación,1,1,,"100,0%",NaN
2812-Universidad EAN,8979-ESPECIALIZACION EN GERENCIA DE PROCESOS DE CALIDAD E INNOVACION,Masculino,2010-2,2019,Dependiente,Actividades financieras y de seguros,1,1,,"100,0%",NaN
2812-Universidad EAN,8979-ESPECIALIZACION EN GERENCIA DE PROCESOS DE CALIDAD E INNOVACION,Masculino,2010-2,2019,Dependiente,Administración pública y defensa; planes de seguridad social de afiliación obligatoria,1,1,,"100,0%",NaN
2812-Universidad EAN,8979-ESPECIALIZACION EN GERENCIA DE PROCESOS DE CALIDAD E INNOVACION,Masculino,2010-2,2019,Dependiente,Educación,2,2,,"100,0%",NaN
2812-Universidad EAN,8979-ESPECIALIZACION EN GERENCIA DE PROCESOS DE CALIDAD E INNOVACION,Masculino,2010-2,2019,Dependiente,Información y comunicaciones,1,1,,"100,0%",NaN
2812-Universidad EAN,8979-ESPECIALIZACION EN GERENCIA DE PROCESOS DE CALIDAD E INNOVACION,Masculino,2010-2,2019,Independiente,Educación,1,1,,"100,0%",NaN
2812-Universidad EAN,8979-ESPECIALIZACION EN GERENCIA DE PROCESOS DE CALIDAD E INNOVACION,Masculino,2010-2,2020,Dependiente,Actividades financieras y de seguros,1,1,,"100,0%",NaN
2812-Universidad EAN,8979-ESPECIALIZACION EN GERENCIA DE PROCESOS DE CALIDAD E INNOVACION,Masculino,2010-2,2020,Dependiente,Administración pública y defensa; planes de seguridad social de afiliación obligatoria,1,1,,"100,0%",NaN
2812-Universidad EAN,8979-ESPECIALIZACION EN GERENCIA DE PROCESOS DE CALIDAD E INNOVACION,Masculino,2010-2,2020,Dependiente,Educación,2,2,,"100,0%",NaN
2812-Universidad EAN,8979-ESPECIALIZACION EN GERENCIA DE PROCESOS DE CALIDAD E INNOVACION,Masculino,2010-2,2020,Independiente,Educación,1,1,,"100,0%",NaN
2812-Universidad EAN,8979-ESPECIALIZACION EN GERENCIA DE PROCESOS DE CALIDAD E INNOVACION,Masculino,2010-2,2020,No cotizante,Sin información,1,0,,"0,0%",NaN
2812-Universidad EAN,8979-ESPECIALIZACION EN GERENCIA DE PROCESOS DE CALIDAD E INNOVACION,Masculino,2010-2,2021,Dependiente,Actividades de servicios administrativos y de apoyo,1,1,,"100,0%",NaN
2812-Universidad EAN,8979-ESPECIALIZACION EN GERENCIA DE PROCESOS DE CALIDAD E INNOVACION,Masculino,2010-2,2021,Dependiente,Actividades financieras y de seguros,1,1,,"100,0%",NaN
2812-Universidad EAN,8979-ESPECIALIZACION EN GERENCIA DE PROCESOS DE CALIDAD E INNOVACION,Masculino,2010-2,2021,Dependiente,Educación,1,1,,"100,0%",NaN
2812-Universidad EAN,8979-ESPECIALIZACION EN GERENCIA DE PROCESOS DE CALIDAD E INNOVACION,Masculino,2010-2,2021,Independiente,Administración pública y defensa; planes de seguridad social de afiliación obligatoria,1,1,,"100,0%",NaN
2812-Universidad EAN,8979-ESPECIALIZACION EN GERENCIA DE PROCESOS DE CALIDAD E INNOVACION,Masculino,2010-2,2021,Independiente,Educación,1,1,,"100,0%",NaN
2812-Universidad EAN,8979-ESPECIALIZACION EN GERENCIA DE PROCESOS DE CALIDAD E INNOVACION,Masculino,2010-2,2022,Dependiente,Actividades de servicios administrativos y de apoyo,1,1,,"100,0%",NaN
2812-Universidad EAN,8979-ESPECIALIZACION EN GERENCIA DE PROCESOS DE CALIDAD E INNOVACION,Masculino,2010-2,2022,Dependiente,Actividades financieras y de seguros,1,1,,"100,0%",NaN
2812-Universidad EAN,8979-ESPECIALIZACION EN GERENCIA DE PROCESOS DE CALIDAD E INNOVACION,Masculino,2010-2,2022,Dependiente,Educación,1,1,,"100,0%",NaN
2812-Universidad EAN,8979-ESPECIALIZACION EN GERENCIA DE PROCESOS DE CALIDAD E INNOVACION,Masculino,2010-2,2022,Independiente,Administración pública y defensa; planes de seguridad social de afiliación obligatoria,1,1,,"100,0%",NaN
2812-Universidad EAN,8979-ESPECIALIZACION EN GERENCIA DE PROCESOS DE CALIDAD E INNOVACION,Masculino,2010-2,2022,Independiente,Educación,1,1,,"100,0%",NaN
2812-Universidad EAN,8979-ESPECIALIZACION EN GERENCIA DE PROCESOS DE CALIDAD E INNOVACION,Masculino,2010-2,2023,Dependiente,Actividades de servicios administrativos y de apoyo,1,1,,"100,0%",NaN
2812-Universidad EAN,8979-ESPECIALIZACION EN GERENCIA DE PROCESOS DE CALIDAD E INNOVACION,Masculino,2010-2,2023,Dependiente,Actividades financieras y de seguros,1,1,,"100,0%",NaN
2812-Universidad EAN,8979-ESPECIALIZACION EN GERENCIA DE PROCESOS DE CALIDAD E INNOVACION,Masculino,2010-2,2023,Dependiente,Educación,2,2,,"100,0%",NaN
2812-Universidad EAN,8979-ESPECIALIZACION EN GERENCIA DE PROCESOS DE CALIDAD E INNOVACION,Masculino,2010-2,2023,Independiente,Educación,1,1,,"100,0%",NaN
2812-Universidad EAN,54374-ESPECIALIZACION EN GESTION DE SISTEMAS Y TECNOLOGIAS DE LA INFORMACION EN LA EMPRESA,Femenino,2010-2,2016,Dependiente,Actividades financieras y de seguros,1,1,,"100,0%",$6.892.000
2812-Universidad EAN,54374-ESPECIALIZACION EN GESTION DE SISTEMAS Y TECNOLOGIAS DE LA INFORMACION EN LA EMPRESA,Femenino,2010-2,2016,Dependiente,Comercio al por mayor y al por menor; reparación de vehículos automotores y motocicletas,1,1,,"100,0%",$3.965.000
2812-Universidad EAN,54374-ESPECIALIZACION EN GESTION DE SISTEMAS Y TECNOLOGIAS DE LA INFORMACION EN LA EMPRESA,Femenino,2010-2,2016,Independiente,"Actividades profesionales, científicas y técnicas",1,1,,"100,0%",NaN
2812-Universidad EAN,54374-ESPECIALIZACION EN GESTION DE SISTEMAS Y TECNOLOGIAS DE LA INFORMACION EN LA EMPRESA,Femenino,2010-2,2017,Dependiente,Actividades financieras y de seguros,1,1,,"100,0%",NaN
2812-Universidad EAN,54374-ESPECIALIZACION EN GESTION DE SISTEMAS Y TECNOLOGIAS DE LA INFORMACION EN LA EMPRESA,Femenino,2010-2,2017,Dependiente,Comercio al por mayor y al por menor; reparación de vehículos automotores y motocicletas,1,1,,"100,0%",NaN
2812-Universidad EAN,54374-ESPECIALIZACION EN GESTION DE SISTEMAS Y TECNOLOGIAS DE LA INFORMACION EN LA EMPRESA,Femenino,2010-2,2017,No cotizante,Sin información,1,0,,"0,0%",NaN
2812-Universidad EAN,54374-ESPECIALIZACION EN GESTION DE SISTEMAS Y TECNOLOGIAS DE LA INFORMACION EN LA EMPRESA,Femenino,2010-2,2018,Dependiente,Actividades financieras y de seguros,1,1,,"100,0%",NaN
2812-Universidad EAN,54374-ESPECIALIZACION EN GESTION DE SISTEMAS Y TECNOLOGIAS DE LA INFORMACION EN LA EMPRESA,Femenino,2010-2,2018,Dependiente,Comercio al por mayor y al por menor; reparación de vehículos automotores y motocicletas,1,1,,"100,0%",NaN
2812-Universidad EAN,54374-ESPECIALIZACION EN GESTION DE SISTEMAS Y TECNOLOGIAS DE LA INFORMACION EN LA EMPRESA,Femenino,2010-2,2018,No cotizante,Sin información,1,0,,"0,0%",NaN
2812-Universidad EAN,54374-ESPECIALIZACION EN GESTION DE SISTEMAS Y TECNOLOGIAS DE LA INFORMACION EN LA EMPRESA,Femenino,2010-2,2019,Dependiente,Actividades financieras y de seguros,1,1,,"100,0%",NaN
2812-Universidad EAN,54374-ESPECIALIZACION EN GESTION DE SISTEMAS Y TECNOLOGIAS DE LA INFORMACION EN LA EMPRESA,Femenino,2010-2,2019,Dependiente,Comercio al por mayor y al por menor; reparación de vehículos automotores y motocicletas,1,1,,"100,0%",NaN
2812-Universidad EAN,54374-ESPECIALIZACION EN GESTION DE SISTEMAS Y TECNOLOGIAS DE LA INFORMACION EN LA EMPRESA,Femenino,2010-2,2019,No cotizante,Sin información,1,0,,"0,0%",NaN
2812-Universidad EAN,54374-ESPECIALIZACION EN GESTION DE SISTEMAS Y TECNOLOGIAS DE LA INFORMACION EN LA EMPRESA,Femenino,2010-2,2020,Dependiente,Actividades financieras y de seguros,1,1,,"100,0%",NaN
2812-Universidad EAN,54374-ESPECIALIZACION EN GESTION DE SISTEMAS Y TECNOLOGIAS DE LA INFORMACION EN LA EMPRESA,Femenino,2010-2,2020,Dependiente,Comercio al por mayor y al por menor; reparación de vehículos automotores y motocicletas,1,1,,"100,0%",NaN
2812-Universidad EAN,54374-ESPECIALIZACION EN GESTION DE SISTEMAS Y TECNOLOGIAS DE LA INFORMACION EN LA EMPRESA,Femenino,2010-2,2020,No cotizante,Sin información,1,0,,"0,0%",NaN
2812-Universidad EAN,54374-ESPECIALIZACION EN GESTION DE SISTEMAS Y TECNOLOGIAS DE LA INFORMACION EN LA EMPRESA,Femenino,2010-2,2021,Dependiente,Actividades financieras y de seguros,1,1,,"100,0%",NaN
2812-Universidad EAN,54374-ESPECIALIZACION EN GESTION DE SISTEMAS Y TECNOLOGIAS DE LA INFORMACION EN LA EMPRESA,Femenino,2010-2,2021,Dependiente,Comercio al por mayor y al por menor; reparación de vehículos automotores y motocicletas,1,1,,"100,0%",NaN
2812-Universidad EAN,54374-ESPECIALIZACION EN GESTION DE SISTEMAS Y TECNOLOGIAS DE LA INFORMACION EN LA EMPRESA,Femenino,2010-2,2021,Independiente,"Actividades profesionales, científicas y técnicas",1,1,,"100,0%",NaN
2812-Universidad EAN,54374-ESPECIALIZACION EN GESTION DE SISTEMAS Y TECNOLOGIAS DE LA INFORMACION EN LA EMPRESA,Femenino,2010-2,2022,Dependiente,Actividades financieras y de seguros,1,1,,"100,0%",NaN
2812-Universidad EAN,54374-ESPECIALIZACION EN GESTION DE SISTEMAS Y TECNOLOGIAS DE LA INFORMACION EN LA EMPRESA,Femenino,2010-2,2022,Dependiente,Comercio al por mayor y al por menor; reparación de vehículos automotores y motocicletas,1,1,,"100,0%",NaN
2812-Universidad EAN,54374-ESPECIALIZACION EN GESTION DE SISTEMAS Y TECNOLOGIAS DE LA INFORMACION EN LA EMPRESA,Femenino,2010-2,2022,Independiente,"Actividades profesionales, científicas y técnicas",1,1,,"100,0%",NaN
2812-Universidad EAN,54374-ESPECIALIZACION EN GESTION DE SISTEMAS Y TECNOLOGIAS DE LA INFORMACION EN LA EMPRESA,Femenino,2010-2,2023,Dependiente,Actividades financieras y de seguros,1,1,,"100,0%",NaN
2812-Universidad EAN,54374-ESPECIALIZACION EN GESTION DE SISTEMAS Y TECNOLOGIAS DE LA INFORMACION EN LA EMPRESA,Femenino,2010-2,2023,Dependiente,Comercio al por mayor y al por menor; reparación de vehículos automotores y motocicletas,1,1,,"100,0%",NaN
2812-Universidad EAN,54374-ESPECIALIZACION EN GESTION DE SISTEMAS Y TECNOLOGIAS DE LA INFORMACION EN LA EMPRESA,Femenino,2010-2,2023,Independiente,"Actividades profesionales, científicas y técnicas",1,1,,"100,0%",NaN
2812-Universidad EAN,54374-ESPECIALIZACION EN GESTION DE SISTEMAS Y TECNOLOGIAS DE LA INFORMACION EN LA EMPRESA,Masculino,2010-2,2016,Dependiente,Actividades financieras y de seguros,1,1,,"100,0%",$15.262.000
2812-Universidad EAN,54374-ESPECIALIZACION EN GESTION DE SISTEMAS Y TECNOLOGIAS DE LA INFORMACION EN LA EMPRESA,Masculino,2010-2,2017,Dependiente,Actividades financieras y de seguros,1,1,,"100,0%",NaN
2812-Universidad EAN,54374-ESPECIALIZACION EN GESTION DE SISTEMAS Y TECNOLOGIAS DE LA INFORMACION EN LA EMPRESA,Masculino,2010-2,2018,Dependiente,Actividades financieras y de seguros,1,1,,"100,0%",NaN
2812-Universidad EAN,54374-ESPECIALIZACION EN GESTION DE SISTEMAS Y TECNOLOGIAS DE LA INFORMACION EN LA EMPRESA,Masculino,2010-2,2019,Dependiente,Actividades financieras y de seguros,1,1,,"100,0%",NaN
2812-Universidad EAN,54374-ESPECIALIZACION EN GESTION DE SISTEMAS Y TECNOLOGIAS DE LA INFORMACION EN LA EMPRESA,Masculino,2010-2,2020,Dependiente,Actividades financieras y de seguros,1,1,,"100,0%",NaN
2812-Universidad EAN,54374-ESPECIALIZACION EN GESTION DE SISTEMAS Y TECNOLOGIAS DE LA INFORMACION EN LA EMPRESA,Masculino,2010-2,2021,Dependiente,Actividades financieras y de seguros,1,1,,"100,0%",NaN
2812-Universidad EAN,7514-ESPECIALIZACION EN GESTION HUMANA,Femenino,2010-2,2016,Dependiente,Actividades de atención de la salud humana y de asistencia social,1,1,,"100,0%",$1.670.000
2812-Universidad EAN,7514-ESPECIALIZACION EN GESTION HUMANA,Femenino,2010-2,2016,Dependiente,Actividades financieras y de seguros,1,1,,"100,0%",$1.898.000
2812-Universidad EAN,7514-ESPECIALIZACION EN GESTION HUMANA,Femenino,2010-2,2016,Dependiente,Administración pública y defensa; planes de seguridad social de afiliación obligatoria,1,1,,"100,0%",$3.460.000
2812-Universidad EAN,7514-ESPECIALIZACION EN GESTION HUMANA,Femenino,2010-2,2016,Dependiente,"Agricultura, ganadería, caza, silvicultura y pesca",1,1,,"100,0%",$2.500.000
2812-Universidad EAN,7514-ESPECIALIZACION EN GESTION HUMANA,Femenino,2010-2,2016,Dependiente,Construccion,1,1,,"100,0%",$3.453.000
2812-Universidad EAN,7514-ESPECIALIZACION EN GESTION HUMANA,Femenino,2010-2,2016,Dependiente,Explotación de minas y canteras,1,1,,"100,0%",$7.720.000
2812-Universidad EAN,7514-ESPECIALIZACION EN GESTION HUMANA,Femenino,2010-2,2016,Dependiente,Industrias manufactureras,1,1,,"100,0%",$3.059.000
2812-Universidad EAN,7514-ESPECIALIZACION EN GESTION HUMANA,Femenino,2010-2,2016,Dependiente,Sin información,1,1,,"100,0%",$2.793.000
2812-Universidad EAN,7514-ESPECIALIZACION EN GESTION HUMANA,Femenino,2010-2,2016,Independiente,Información y comunicaciones,2,2,,"100,0%",NaN
2812-Universidad EAN,7514-ESPECIALIZACION EN GESTION HUMANA,Femenino,2010-2,2017,Dependiente,"Actividades profesionales, científicas y técnicas",1,1,,"100,0%",NaN
2812-Universidad EAN,7514-ESPECIALIZACION EN GESTION HUMANA,Femenino,2010-2,2017,Dependiente,Administración pública y defensa; planes de seguridad social de afiliación obligatoria,1,1,,"100,0%",NaN
2812-Universidad EAN,7514-ESPECIALIZACION EN GESTION HUMANA,Femenino,2010-2,2017,Dependiente,"Agricultura, ganadería, caza, silvicultura y pesca",1,1,,"100,0%",NaN
2812-Universidad EAN,7514-ESPECIALIZACION EN GESTION HUMANA,Femenino,2010-2,2017,Dependiente,Explotación de minas y canteras,1,1,,"100,0%",NaN
2812-Universidad EAN,7514-ESPECIALIZACION EN GESTION HUMANA,Femenino,2010-2,2017,Dependiente,Sin información,3,3,,"100,0%",NaN
2812-Universidad EAN,7514-ESPECIALIZACION EN GESTION HUMANA,Femenino,2010-2,2017,Independiente,Sin información,2,2,,"100,0%",NaN
2812-Universidad EAN,7514-ESPECIALIZACION EN GESTION HUMANA,Femenino,2010-2,2017,No cotizante,Sin información,1,0,,"0,0%",NaN
2812-Universidad EAN,7514-ESPECIALIZACION EN GESTION HUMANA,Femenino,2010-2,2018,Dependiente,Actividades de servicios administrativos y de apoyo,1,1,,"100,0%",NaN
2812-Universidad EAN,7514-ESPECIALIZACION EN GESTION HUMANA,Femenino,2010-2,2018,Dependiente,"Actividades profesionales, científicas y técnicas",1,1,,"100,0%",NaN
2812-Universidad EAN,7514-ESPECIALIZACION EN GESTION HUMANA,Femenino,2010-2,2018,Dependiente,Administración pública y defensa; planes de seguridad social de afiliación obligatoria,1,1,,"100,0%",NaN
2812-Universidad EAN,7514-ESPECIALIZACION EN GESTION HUMANA,Femenino,2010-2,2018,Dependiente,"Agricultura, ganadería, caza, silvicultura y pesca",1,1,,"100,0%",NaN
2812-Universidad EAN,7514-ESPECIALIZACION EN GESTION HUMANA,Femenino,2010-2,2018,Dependiente,Sin información,3,3,,"100,0%",NaN
2812-Universidad EAN,7514-ESPECIALIZACION EN GESTION HUMANA,Femenino,2010-2,2018,Independiente,Actividades de servicios administrativos y de apoyo,1,1,,"100,0%",NaN
2812-Universidad EAN,7514-ESPECIALIZACION EN GESTION HUMANA,Femenino,2010-2,2018,Independiente,Sin información,1,1,,"100,0%",NaN
2812-Universidad EAN,7514-ESPECIALIZACION EN GESTION HUMANA,Femenino,2010-2,2018,No cotizante,Sin información,1,0,,"0,0%",NaN
2812-Universidad EAN,7514-ESPECIALIZACION EN GESTION HUMANA,Femenino,2010-2,2019,Dependiente,Actividades de servicios administrativos y de apoyo,2,2,,"100,0%",NaN
2812-Universidad EAN,7514-ESPECIALIZACION EN GESTION HUMANA,Femenino,2010-2,2019,Dependiente,"Actividades profesionales, científicas y técnicas",1,1,,"100,0%",NaN
2812-Universidad EAN,7514-ESPECIALIZACION EN GESTION HUMANA,Femenino,2010-2,2019,Dependiente,Administración pública y defensa; planes de seguridad social de afiliación obligatoria,2,2,,"100,0%",NaN
2812-Universidad EAN,7514-ESPECIALIZACION EN GESTION HUMANA,Femenino,2010-2,2019,Dependiente,"Agricultura, ganadería, caza, silvicultura y pesca",1,1,,"100,0%",NaN
2812-Universidad EAN,7514-ESPECIALIZACION EN GESTION HUMANA,Femenino,2010-2,2019,Independiente,Actividades de servicios administrativos y de apoyo,1,1,,"100,0%",NaN
2812-Universidad EAN,7514-ESPECIALIZACION EN GESTION HUMANA,Femenino,2010-2,2019,Independiente,Administración pública y defensa; planes de seguridad social de afiliación obligatoria,1,1,,"100,0%",NaN
2812-Universidad EAN,7514-ESPECIALIZACION EN GESTION HUMANA,Femenino,2010-2,2019,No cotizante,Sin información,2,0,,"0,0%",NaN
2812-Universidad EAN,7514-ESPECIALIZACION EN GESTION HUMANA,Femenino,2010-2,2020,Dependiente,Actividades de servicios administrativos y de apoyo,2,2,,"100,0%",NaN
2812-Universidad EAN,7514-ESPECIALIZACION EN GESTION HUMANA,Femenino,2010-2,2020,Dependiente,Actividades financieras y de seguros,1,1,,"100,0%",NaN
2812-Universidad EAN,7514-ESPECIALIZACION EN GESTION HUMANA,Femenino,2010-2,2020,Dependiente,"Actividades profesionales, científicas y técnicas",2,2,,"100,0%",NaN
2812-Universidad EAN,7514-ESPECIALIZACION EN GESTION HUMANA,Femenino,2010-2,2020,Dependiente,Administración pública y defensa; planes de seguridad social de afiliación obligatoria,2,2,,"100,0%",NaN
2812-Universidad EAN,7514-ESPECIALIZACION EN GESTION HUMANA,Femenino,2010-2,2020,Dependiente,"Agricultura, ganadería, caza, silvicultura y pesca",1,1,,"100,0%",NaN
2812-Universidad EAN,7514-ESPECIALIZACION EN GESTION HUMANA,Femenino,2010-2,2020,Independiente,Administración pública y defensa; planes de seguridad social de afiliación obligatoria,1,1,,"100,0%",NaN
2812-Universidad EAN,7514-ESPECIALIZACION EN GESTION HUMANA,Femenino,2010-2,2020,No cotizante,Sin información,1,0,,"0,0%",NaN
2812-Universidad EAN,7514-ESPECIALIZACION EN GESTION HUMANA,Femenino,2010-2,2021,Dependiente,Actividades de servicios administrativos y de apoyo,1,1,,"100,0%",NaN
2812-Universidad EAN,7514-ESPECIALIZACION EN GESTION HUMANA,Femenino,2010-2,2021,Dependiente,Actividades financieras y de seguros,1,1,,"100,0%",NaN
2812-Universidad EAN,7514-ESPECIALIZACION EN GESTION HUMANA,Femenino,2010-2,2021,Dependiente,"Actividades profesionales, científicas y técnicas",2,2,,"100,0%",NaN
2812-Universidad EAN,7514-ESPECIALIZACION EN GESTION HUMANA,Femenino,2010-2,2021,Dependiente,Administración pública y defensa; planes de seguridad social de afiliación obligatoria,2,2,,"100,0%",NaN
2812-Universidad EAN,7514-ESPECIALIZACION EN GESTION HUMANA,Femenino,2010-2,2021,Dependiente,"Agricultura, ganadería, caza, silvicultura y pesca",1,1,,"100,0%",NaN
2812-Universidad EAN,7514-ESPECIALIZACION EN GESTION HUMANA,Femenino,2010-2,2021,Independiente,Administración pública y defensa; planes de seguridad social de afiliación obligatoria,1,1,,"100,0%",NaN
2812-Universidad EAN,7514-ESPECIALIZACION EN GESTION HUMANA,Femenino,2010-2,2021,No cotizante,Sin información,1,0,,"0,0%",NaN
2812-Universidad EAN,7514-ESPECIALIZACION EN GESTION HUMANA,Femenino,2010-2,2022,Dependiente,Actividades de servicios administrativos y de apoyo,1,1,,"100,0%",NaN
2812-Universidad EAN,7514-ESPECIALIZACION EN GESTION HUMANA,Femenino,2010-2,2022,Dependiente,Actividades financieras y de seguros,1,1,,"100,0%",NaN
2812-Universidad EAN,7514-ESPECIALIZACION EN GESTION HUMANA,Femenino,2010-2,2022,Dependiente,Administración pública y defensa; planes de seguridad social de afiliación obligatoria,2,2,,"100,0%",NaN
2812-Universidad EAN,7514-ESPECIALIZACION EN GESTION HUMANA,Femenino,2010-2,2022,Dependiente,"Agricultura, ganadería, caza, silvicultura y pesca",1,1,,"100,0%",NaN
2812-Universidad EAN,7514-ESPECIALIZACION EN GESTION HUMANA,Femenino,2010-2,2022,Dependiente,Educación,1,1,,"100,0%",NaN
2812-Universidad EAN,7514-ESPECIALIZACION EN GESTION HUMANA,Femenino,2010-2,2022,Independiente,Administración pública y defensa; planes de seguridad social de afiliación obligatoria,1,1,,"100,0%",NaN
2812-Universidad EAN,7514-ESPECIALIZACION EN GESTION HUMANA,Femenino,2010-2,2022,No cotizante,SIN DATO,2,0,,"0,0%",NaN
2812-Universidad EAN,7514-ESPECIALIZACION EN GESTION HUMANA,Femenino,2010-2,2023,Dependiente,Actividades de servicios administrativos y de apoyo,1,1,,"100,0%",NaN
2812-Universidad EAN,7514-ESPECIALIZACION EN GESTION HUMANA,Femenino,2010-2,2023,Dependiente,Actividades financieras y de seguros,1,1,,"100,0%",NaN
2812-Universidad EAN,7514-ESPECIALIZACION EN GESTION HUMANA,Femenino,2010-2,2023,Dependiente,Administración pública y defensa; planes de seguridad social de afiliación obligatoria,1,1,,"100,0%",NaN
2812-Universidad EAN,7514-ESPECIALIZACION EN GESTION HUMANA,Femenino,2010-2,2023,Dependiente,"Agricultura, ganadería, caza, silvicultura y pesca",1,1,,"100,0%",NaN
2812-Universidad EAN,7514-ESPECIALIZACION EN GESTION HUMANA,Femenino,2010-2,2023,Dependiente,Educación,1,1,,"100,0%",NaN
2812-Universidad EAN,7514-ESPECIALIZACION EN GESTION HUMANA,Femenino,2010-2,2023,Independiente,Administración pública y defensa; planes de seguridad social de afiliación obligatoria,1,1,,"100,0%",NaN
2812-Universidad EAN,7514-ESPECIALIZACION EN GESTION HUMANA,Femenino,2010-2,2023,No cotizante,SIN DATO,3,0,,"0,0%",NaN
2812-Universidad EAN,7514-ESPECIALIZACION EN GESTION HUMANA,Masculino,2010-2,2016,Independiente,"Actividades profesionales, científicas y técnicas",1,1,,"100,0%",NaN
2812-Universidad EAN,7514-ESPECIALIZACION EN GESTION HUMANA,Masculino,2010-2,2016,No cotizante,Sin información,3,0,,"0,0%",NaN
2812-Universidad EAN,7514-ESPECIALIZACION EN GESTION HUMANA,Masculino,2010-2,2017,No cotizante,Sin información,4,0,,"0,0%",NaN
2812-Universidad EAN,7514-ESPECIALIZACION EN GESTION HUMANA,Masculino,2010-2,2018,No cotizante,Sin información,4,0,,"0,0%",NaN
2812-Universidad EAN,7514-ESPECIALIZACION EN GESTION HUMANA,Masculino,2010-2,2019,No cotizante,Sin información,4,0,,"0,0%",NaN
2812-Universidad EAN,7514-ESPECIALIZACION EN GESTION HUMANA,Masculino,2010-2,2020,No cotizante,Sin información,4,0,,"0,0%",NaN
2812-Universidad EAN,7514-ESPECIALIZACION EN GESTION HUMANA,Masculino,2010-2,2021,No cotizante,Sin información,4,0,,"0,0%",NaN
2812-Universidad EAN,7514-ESPECIALIZACION EN GESTION HUMANA,Masculino,2010-2,2022,No cotizante,SIN DATO,4,0,,"0,0%",NaN
2812-Universidad EAN,7514-ESPECIALIZACION EN GESTION HUMANA,Masculino,2010-2,2023,No cotizante,SIN DATO,4,0,,"0,0%",NaN
2812-Universidad EAN,52891-ESPECIALIZACION EN GOBIERNO Y GERENCIA PUBLICA,Femenino,2010-2,2016,Dependiente,Administración pública y defensa; planes de seguridad social de afiliación obligatoria,1,1,,"100,0%",$3.030.840
2812-Universidad EAN,52891-ESPECIALIZACION EN GOBIERNO Y GERENCIA PUBLICA,Femenino,2010-2,2016,Dependiente,Comercio al por mayor y al por menor; reparación de vehículos automotores y motocicletas,1,1,,"100,0%",$8.070.000
2812-Universidad EAN,52891-ESPECIALIZACION EN GOBIERNO Y GERENCIA PUBLICA,Femenino,2010-2,2016,No cotizante,Sin información,1,0,,"0,0%",NaN
2812-Universidad EAN,52891-ESPECIALIZACION EN GOBIERNO Y GERENCIA PUBLICA,Femenino,2010-2,2017,Dependiente,Actividades financieras y de seguros,1,1,,"100,0%",NaN
2812-Universidad EAN,52891-ESPECIALIZACION EN GOBIERNO Y GERENCIA PUBLICA,Femenino,2010-2,2017,Dependiente,Sin información,1,1,,"100,0%",NaN
2812-Universidad EAN,52891-ESPECIALIZACION EN GOBIERNO Y GERENCIA PUBLICA,Femenino,2010-2,2017,No cotizante,Sin información,1,0,,"0,0%",NaN
2812-Universidad EAN,52891-ESPECIALIZACION EN GOBIERNO Y GERENCIA PUBLICA,Femenino,2010-2,2018,Dependiente,Sin información,2,2,,"100,0%",NaN
2812-Universidad EAN,52891-ESPECIALIZACION EN GOBIERNO Y GERENCIA PUBLICA,Femenino,2010-2,2018,No cotizante,Sin información,1,0,,"0,0%",NaN
2812-Universidad EAN,52891-ESPECIALIZACION EN GOBIERNO Y GERENCIA PUBLICA,Femenino,2010-2,2019,Dependiente,Construccion,1,1,,"100,0%",NaN
2812-Universidad EAN,52891-ESPECIALIZACION EN GOBIERNO Y GERENCIA PUBLICA,Femenino,2010-2,2019,Dependiente,Sin información,1,1,,"100,0%",NaN
2812-Universidad EAN,52891-ESPECIALIZACION EN GOBIERNO Y GERENCIA PUBLICA,Femenino,2010-2,2019,No cotizante,Sin información,1,0,,"0,0%",NaN
2812-Universidad EAN,52891-ESPECIALIZACION EN GOBIERNO Y GERENCIA PUBLICA,Femenino,2010-2,2020,Independiente,"Actividades profesionales, científicas y técnicas",1,1,,"100,0%",NaN
2812-Universidad EAN,52891-ESPECIALIZACION EN GOBIERNO Y GERENCIA PUBLICA,Femenino,2010-2,2020,No cotizante,Sin información,2,0,,"0,0%",NaN
2812-Universidad EAN,52891-ESPECIALIZACION EN GOBIERNO Y GERENCIA PUBLICA,Femenino,2010-2,2021,Independiente,"Actividades profesionales, científicas y técnicas",1,1,,"100,0%",NaN
2812-Universidad EAN,52891-ESPECIALIZACION EN GOBIERNO Y GERENCIA PUBLICA,Femenino,2010-2,2021,No cotizante,Sin información,2,0,,"0,0%",NaN
2812-Universidad EAN,52891-ESPECIALIZACION EN GOBIERNO Y GERENCIA PUBLICA,Femenino,2010-2,2022,Independiente,"Actividades profesionales, científicas y técnicas",1,1,,"100,0%",NaN
2812-Universidad EAN,52891-ESPECIALIZACION EN GOBIERNO Y GERENCIA PUBLICA,Femenino,2010-2,2022,No cotizante,SIN DATO,2,0,,"0,0%",NaN
2812-Universidad EAN,52891-ESPECIALIZACION EN GOBIERNO Y GERENCIA PUBLICA,Femenino,2010-2,2023,Independiente,"Actividades profesionales, científicas y técnicas",1,1,,"100,0%",NaN
2812-Universidad EAN,52891-ESPECIALIZACION EN GOBIERNO Y GERENCIA PUBLICA,Femenino,2010-2,2023,Independiente,Otras actividades de servicios,1,1,,"100,0%",NaN
2812-Universidad EAN,52891-ESPECIALIZACION EN GOBIERNO Y GERENCIA PUBLICA,Femenino,2010-2,2023,No cotizante,SIN DATO,1,0,,"0,0%",NaN
2812-Universidad EAN,52891-ESPECIALIZACION EN GOBIERNO Y GERENCIA PUBLICA,Masculino,2010-2,2016,Dependiente,Actividades inmobiliarias,1,1,,"100,0%",$4.223.000
2812-Universidad EAN,52891-ESPECIALIZACION EN GOBIERNO Y GERENCIA PUBLICA,Masculino,2010-2,2016,Dependiente,Administración pública y defensa; planes de seguridad social de afiliación obligatoria,2,2,,"100,0%",$6.125.000
2812-Universidad EAN,52891-ESPECIALIZACION EN GOBIERNO Y GERENCIA PUBLICA,Masculino,2010-2,2016,Dependiente,Educación,1,1,,"100,0%",$2.539.000
2812-Universidad EAN,52891-ESPECIALIZACION EN GOBIERNO Y GERENCIA PUBLICA,Masculino,2010-2,2016,Independiente,Actividades de servicios administrativos y de apoyo,1,1,,"100,0%",NaN
2812-Universidad EAN,52891-ESPECIALIZACION EN GOBIERNO Y GERENCIA PUBLICA,Masculino,2010-2,2016,No cotizante,Sin información,1,0,,"0,0%",NaN
2812-Universidad EAN,52891-ESPECIALIZACION EN GOBIERNO Y GERENCIA PUBLICA,Masculino,2010-2,2017,Dependiente,"Actividades profesionales, científicas y técnicas",2,2,,"100,0%",NaN
2812-Universidad EAN,52891-ESPECIALIZACION EN GOBIERNO Y GERENCIA PUBLICA,Masculino,2010-2,2017,Dependiente,Educación,1,1,,"100,0%",NaN
2812-Universidad EAN,52891-ESPECIALIZACION EN GOBIERNO Y GERENCIA PUBLICA,Masculino,2010-2,2017,Dependiente,Explotación de minas y canteras,1,1,,"100,0%",NaN
2812-Universidad EAN,52891-ESPECIALIZACION EN GOBIERNO Y GERENCIA PUBLICA,Masculino,2010-2,2017,Independiente,Actividades de servicios administrativos y de apoyo,1,1,,"100,0%",NaN
2812-Universidad EAN,52891-ESPECIALIZACION EN GOBIERNO Y GERENCIA PUBLICA,Masculino,2010-2,2017,No cotizante,Sin información,1,0,,"0,0%",NaN
2812-Universidad EAN,52891-ESPECIALIZACION EN GOBIERNO Y GERENCIA PUBLICA,Masculino,2010-2,2018,Dependiente,"Actividades profesionales, científicas y técnicas",2,2,,"100,0%",NaN
2812-Universidad EAN,52891-ESPECIALIZACION EN GOBIERNO Y GERENCIA PUBLICA,Masculino,2010-2,2018,Dependiente,Educación,1,1,,"100,0%",NaN
2812-Universidad EAN,52891-ESPECIALIZACION EN GOBIERNO Y GERENCIA PUBLICA,Masculino,2010-2,2018,Dependiente,Explotación de minas y canteras,1,1,,"100,0%",NaN
2812-Universidad EAN,52891-ESPECIALIZACION EN GOBIERNO Y GERENCIA PUBLICA,Masculino,2010-2,2018,No cotizante,Sin información,1,0,,"0,0%",NaN
2812-Universidad EAN,52891-ESPECIALIZACION EN GOBIERNO Y GERENCIA PUBLICA,Masculino,2010-2,2019,Dependiente,"Actividades profesionales, científicas y técnicas",3,3,,"100,0%",NaN
2812-Universidad EAN,52891-ESPECIALIZACION EN GOBIERNO Y GERENCIA PUBLICA,Masculino,2010-2,2019,Dependiente,Educación,1,1,,"100,0%",NaN
2812-Universidad EAN,52891-ESPECIALIZACION EN GOBIERNO Y GERENCIA PUBLICA,Masculino,2010-2,2019,No cotizante,Sin información,1,0,,"0,0%",NaN
2812-Universidad EAN,52891-ESPECIALIZACION EN GOBIERNO Y GERENCIA PUBLICA,Masculino,2010-2,2020,Dependiente,"Agricultura, ganadería, caza, silvicultura y pesca",1,1,,"100,0%",NaN
2812-Universidad EAN,52891-ESPECIALIZACION EN GOBIERNO Y GERENCIA PUBLICA,Masculino,2010-2,2020,Independiente,"Actividades profesionales, científicas y técnicas",3,3,,"100,0%",NaN
2812-Universidad EAN,52891-ESPECIALIZACION EN GOBIERNO Y GERENCIA PUBLICA,Masculino,2010-2,2020,No cotizante,Sin información,1,0,,"0,0%",NaN
2812-Universidad EAN,52891-ESPECIALIZACION EN GOBIERNO Y GERENCIA PUBLICA,Masculino,2010-2,2021,Dependiente,"Actividades profesionales, científicas y técnicas",1,1,,"100,0%",NaN
2812-Universidad EAN,52891-ESPECIALIZACION EN GOBIERNO Y GERENCIA PUBLICA,Masculino,2010-2,2021,Independiente,"Actividades profesionales, científicas y técnicas",3,3,,"100,0%",NaN
2812-Universidad EAN,52891-ESPECIALIZACION EN GOBIERNO Y GERENCIA PUBLICA,Masculino,2010-2,2021,No cotizante,Sin información,1,0,,"0,0%",NaN
2812-Universidad EAN,52891-ESPECIALIZACION EN GOBIERNO Y GERENCIA PUBLICA,Masculino,2010-2,2022,Dependiente,Actividades de servicios administrativos y de apoyo,1,1,,"100,0%",NaN
2812-Universidad EAN,52891-ESPECIALIZACION EN GOBIERNO Y GERENCIA PUBLICA,Masculino,2010-2,2022,Dependiente,Administración pública y defensa; planes de seguridad social de afiliación obligatoria,1,1,,"100,0%",NaN
2812-Universidad EAN,52891-ESPECIALIZACION EN GOBIERNO Y GERENCIA PUBLICA,Masculino,2010-2,2022,Dependiente,Construccion,1,1,,"100,0%",NaN
2812-Universidad EAN,52891-ESPECIALIZACION EN GOBIERNO Y GERENCIA PUBLICA,Masculino,2010-2,2022,Independiente,"Actividades profesionales, científicas y técnicas",2,2,,"100,0%",NaN
2812-Universidad EAN,52891-ESPECIALIZACION EN GOBIERNO Y GERENCIA PUBLICA,Masculino,2010-2,2023,Dependiente,Explotación de minas y canteras,1,1,,"100,0%",NaN
2812-Universidad EAN,52891-ESPECIALIZACION EN GOBIERNO Y GERENCIA PUBLICA,Masculino,2010-2,2023,Independiente,"Actividades profesionales, científicas y técnicas",3,3,,"100,0%",NaN
2812-Universidad EAN,52891-ESPECIALIZACION EN GOBIERNO Y GERENCIA PUBLICA,Masculino,2010-2,2023,No cotizante,SIN DATO,1,0,,"0,0%",NaN
1204-Universidad Industrial de Santander,683-TECNOLOGIA EMPRESARIAL,Femenino,2010-2,2016,Dependiente,Actividades de atención de la salud humana y de asistencia social,3,3,,"100,0%",$968.152
1204-Universidad Industrial de Santander,683-TECNOLOGIA EMPRESARIAL,Femenino,2010-2,2016,Dependiente,Actividades financieras y de seguros,3,3,,"100,0%",$1.884.000
1204-Universidad Industrial de Santander,683-TECNOLOGIA EMPRESARIAL,Femenino,2010-2,2016,Dependiente,"Actividades profesionales, científicas y técnicas",2,2,,"100,0%",$1.796.000
1204-Universidad Industrial de Santander,683-TECNOLOGIA EMPRESARIAL,Femenino,2010-2,2016,Dependiente,Comercio al por mayor y al por menor; reparación de vehículos automotores y motocicletas,4,4,,"100,0%",$2.138.978
1204-Universidad Industrial de Santander,683-TECNOLOGIA EMPRESARIAL,Femenino,2010-2,2016,Dependiente,Educación,2,2,,"100,0%",$2.955.500
1204-Universidad Industrial de Santander,683-TECNOLOGIA EMPRESARIAL,Femenino,2010-2,2016,Dependiente,Industrias manufactureras,1,1,,"100,0%",$3.386.000
1204-Universidad Industrial de Santander,683-TECNOLOGIA EMPRESARIAL,Femenino,2010-2,2016,Dependiente,Información y comunicaciones,1,1,,"100,0%",$5.410.000
1204-Universidad Industrial de Santander,683-TECNOLOGIA EMPRESARIAL,Femenino,2010-2,2016,Dependiente,Otras actividades de servicios,2,2,,"100,0%",$1.638.000
1204-Universidad Industrial de Santander,683-TECNOLOGIA EMPRESARIAL,Femenino,2010-2,2016,Dependiente,Transporte y almacenamiento,2,2,,"100,0%",$788.228
1204-Universidad Industrial de Santander,683-TECNOLOGIA EMPRESARIAL,Femenino,2010-2,2016,Independiente,"Actividades profesionales, científicas y técnicas",1,1,,"100,0%",NaN
1204-Universidad Industrial de Santander,683-TECNOLOGIA EMPRESARIAL,Femenino,2010-2,2016,Independiente,Información y comunicaciones,1,1,,"100,0%",NaN
1204-Universidad Industrial de Santander,683-TECNOLOGIA EMPRESARIAL,Femenino,2010-2,2016,Independiente,Sin información,1,1,,"100,0%",NaN
1204-Universidad Industrial de Santander,683-TECNOLOGIA EMPRESARIAL,Femenino,2010-2,2016,No cotizante,Sin información,10,0,,"0,0%",NaN
1204-Universidad Industrial de Santander,683-TECNOLOGIA EMPRESARIAL,Femenino,2010-2,2017,Dependiente,Actividades de atención de la salud humana y de asistencia social,3,3,,"100,0%",NaN
1204-Universidad Industrial de Santander,683-TECNOLOGIA EMPRESARIAL,Femenino,2010-2,2017,Dependiente,Actividades de servicios administrativos y de apoyo,5,5,,"100,0%",NaN
1204-Universidad Industrial de Santander,683-TECNOLOGIA EMPRESARIAL,Femenino,2010-2,2017,Dependiente,Actividades financieras y de seguros,5,5,,"100,0%",NaN
1204-Universidad Industrial de Santander,683-TECNOLOGIA EMPRESARIAL,Femenino,2010-2,2017,Dependiente,"Actividades profesionales, científicas y técnicas",7,7,,"100,0%",NaN
1204-Universidad Industrial de Santander,683-TECNOLOGIA EMPRESARIAL,Femenino,2010-2,2017,Dependiente,Administración pública y defensa; planes de seguridad social de afiliación obligatoria,3,3,,"100,0%",NaN
1204-Universidad Industrial de Santander,683-TECNOLOGIA EMPRESARIAL,Femenino,2010-2,2017,Dependiente,Comercio al por mayor y al por menor; reparación de vehículos automotores y motocicletas,9,9,,"100,0%",NaN
1204-Universidad Industrial de Santander,683-TECNOLOGIA EMPRESARIAL,Femenino,2010-2,2017,Dependiente,Construccion,3,3,,"100,0%",NaN
1204-Universidad Industrial de Santander,683-TECNOLOGIA EMPRESARIAL,Femenino,2010-2,2017,Dependiente,Industrias manufactureras,2,2,,"100,0%",NaN
1204-Universidad Industrial de Santander,683-TECNOLOGIA EMPRESARIAL,Femenino,2010-2,2017,Dependiente,Información y comunicaciones,3,3,,"100,0%",NaN
1204-Universidad Industrial de Santander,683-TECNOLOGIA EMPRESARIAL,Femenino,2010-2,2017,Dependiente,Otras actividades de servicios,1,1,,"100,0%",NaN
1204-Universidad Industrial de Santander,683-TECNOLOGIA EMPRESARIAL,Femenino,2010-2,2017,Dependiente,Sin información,2,2,,"100,0%",NaN
1204-Universidad Industrial de Santander,683-TECNOLOGIA EMPRESARIAL,Femenino,2010-2,2017,Dependiente,"Suministro de electricidad, gas, vapor y aire acondicionado",1,1,,"100,0%",NaN
1204-Universidad Industrial de Santander,683-TECNOLOGIA EMPRESARIAL,Femenino,2010-2,2017,Independiente,"Actividades profesionales, científicas y técnicas",1,1,,"100,0%",NaN
1204-Universidad Industrial de Santander,683-TECNOLOGIA EMPRESARIAL,Femenino,2010-2,2017,Independiente,Industrias manufactureras,1,1,,"100,0%",NaN
1204-Universidad Industrial de Santander,683-TECNOLOGIA EMPRESARIAL,Femenino,2010-2,2017,Independiente,Sin información,3,3,,"100,0%",NaN
1204-Universidad Industrial de Santander,683-TECNOLOGIA EMPRESARIAL,Femenino,2010-2,2017,No cotizante,Sin información,9,0,,"0,0%",NaN
1204-Universidad Industrial de Santander,683-TECNOLOGIA EMPRESARIAL,Femenino,2010-2,2018,Dependiente,Actividades de atención de la salud humana y de asistencia social,2,2,,"100,0%",NaN
1204-Universidad Industrial de Santander,683-TECNOLOGIA EMPRESARIAL,Femenino,2010-2,2018,Dependiente,Actividades de servicios administrativos y de apoyo,5,5,,"100,0%",NaN
1204-Universidad Industrial de Santander,683-TECNOLOGIA EMPRESARIAL,Femenino,2010-2,2018,Dependiente,Actividades financieras y de seguros,3,3,,"100,0%",NaN
1204-Universidad Industrial de Santander,683-TECNOLOGIA EMPRESARIAL,Femenino,2010-2,2018,Dependiente,"Actividades profesionales, científicas y técnicas",4,4,,"100,0%",NaN
1204-Universidad Industrial de Santander,683-TECNOLOGIA EMPRESARIAL,Femenino,2010-2,2018,Dependiente,Administración pública y defensa; planes de seguridad social de afiliación obligatoria,3,3,,"100,0%",NaN
1204-Universidad Industrial de Santander,683-TECNOLOGIA EMPRESARIAL,Femenino,2010-2,2018,Dependiente,Comercio al por mayor y al por menor; reparación de vehículos automotores y motocicletas,5,5,,"100,0%",NaN
1204-Universidad Industrial de Santander,683-TECNOLOGIA EMPRESARIAL,Femenino,2010-2,2018,Dependiente,Construccion,4,4,,"100,0%",NaN
1204-Universidad Industrial de Santander,683-TECNOLOGIA EMPRESARIAL,Femenino,2010-2,2018,Dependiente,Información y comunicaciones,3,3,,"100,0%",NaN
1204-Universidad Industrial de Santander,683-TECNOLOGIA EMPRESARIAL,Femenino,2010-2,2018,Dependiente,Otras actividades de servicios,3,3,,"100,0%",NaN
1204-Universidad Industrial de Santander,683-TECNOLOGIA EMPRESARIAL,Femenino,2010-2,2018,Dependiente,Sin información,4,4,,"100,0%",NaN
1204-Universidad Industrial de Santander,683-TECNOLOGIA EMPRESARIAL,Femenino,2010-2,2018,Dependiente,"Suministro de electricidad, gas, vapor y aire acondicionado",1,1,,"100,0%",NaN
1204-Universidad Industrial de Santander,683-TECNOLOGIA EMPRESARIAL,Femenino,2010-2,2018,Independiente,"Actividades profesionales, científicas y técnicas",1,1,,"100,0%",NaN
1204-Universidad Industrial de Santander,683-TECNOLOGIA EMPRESARIAL,Femenino,2010-2,2018,Independiente,Comercio al por mayor y al por menor; reparación de vehículos automotores y motocicletas,1,1,,"100,0%",NaN
1204-Universidad Industrial de Santander,683-TECNOLOGIA EMPRESARIAL,Femenino,2010-2,2018,Independiente,Sin información,4,4,,"100,0%",NaN
1204-Universidad Industrial de Santander,683-TECNOLOGIA EMPRESARIAL,Femenino,2010-2,2018,No cotizante,Sin información,11,0,,"0,0%",NaN
1204-Universidad Industrial de Santander,683-TECNOLOGIA EMPRESARIAL,Femenino,2010-2,2019,Dependiente,Actividades de atención de la salud humana y de asistencia social,3,3,,"100,0%",NaN
1204-Universidad Industrial de Santander,683-TECNOLOGIA EMPRESARIAL,Femenino,2010-2,2019,Dependiente,Actividades de servicios administrativos y de apoyo,1,1,,"100,0%",NaN
1204-Universidad Industrial de Santander,683-TECNOLOGIA EMPRESARIAL,Femenino,2010-2,2019,Dependiente,Actividades financieras y de seguros,2,2,,"100,0%",NaN
1204-Universidad Industrial de Santander,683-TECNOLOGIA EMPRESARIAL,Femenino,2010-2,2019,Dependiente,"Actividades profesionales, científicas y técnicas",8,8,,"100,0%",NaN
1204-Universidad Industrial de Santander,683-TECNOLOGIA EMPRESARIAL,Femenino,2010-2,2019,Dependiente,Administración pública y defensa; planes de seguridad social de afiliación obligatoria,4,4,,"100,0%",NaN
1204-Universidad Industrial de Santander,683-TECNOLOGIA EMPRESARIAL,Femenino,2010-2,2019,Dependiente,"Agricultura, ganadería, caza, silvicultura y pesca",1,1,,"100,0%",NaN
1204-Universidad Industrial de Santander,683-TECNOLOGIA EMPRESARIAL,Femenino,2010-2,2019,Dependiente,Comercio al por mayor y al por menor; reparación de vehículos automotores y motocicletas,6,6,,"100,0%",NaN
1204-Universidad Industrial de Santander,683-TECNOLOGIA EMPRESARIAL,Femenino,2010-2,2019,Dependiente,Construccion,2,2,,"100,0%",NaN
1204-Universidad Industrial de Santander,683-TECNOLOGIA EMPRESARIAL,Femenino,2010-2,2019,Dependiente,Información y comunicaciones,2,2,,"100,0%",NaN
1204-Universidad Industrial de Santander,683-TECNOLOGIA EMPRESARIAL,Femenino,2010-2,2019,Dependiente,"Suministro de electricidad, gas, vapor y aire acondicionado",1,1,,"100,0%",NaN
1204-Universidad Industrial de Santander,683-TECNOLOGIA EMPRESARIAL,Femenino,2010-2,2019,Independiente,"Actividades profesionales, científicas y técnicas",2,2,,"100,0%",NaN
1204-Universidad Industrial de Santander,683-TECNOLOGIA EMPRESARIAL,Femenino,2010-2,2019,Independiente,Administración pública y defensa; planes de seguridad social de afiliación obligatoria,4,4,,"100,0%",NaN
1204-Universidad Industrial de Santander,683-TECNOLOGIA EMPRESARIAL,Femenino,2010-2,2019,Independiente,Comercio al por mayor y al por menor; reparación de vehículos automotores y motocicletas,1,1,,"100,0%",NaN
1204-Universidad Industrial de Santander,683-TECNOLOGIA EMPRESARIAL,Femenino,2010-2,2019,No cotizante,Sin información,11,0,,"0,0%",NaN
1204-Universidad Industrial de Santander,683-TECNOLOGIA EMPRESARIAL,Femenino,2010-2,2020,Dependiente,Actividades de atención de la salud humana y de asistencia social,3,3,,"100,0%",NaN
1204-Universidad Industrial de Santander,683-TECNOLOGIA EMPRESARIAL,Femenino,2010-2,2020,Dependiente,Actividades de servicios administrativos y de apoyo,1,1,,"100,0%",NaN
1204-Universidad Industrial de Santander,683-TECNOLOGIA EMPRESARIAL,Femenino,2010-2,2020,Dependiente,Actividades financieras y de seguros,2,2,,"100,0%",NaN
1204-Universidad Industrial de Santander,683-TECNOLOGIA EMPRESARIAL,Femenino,2010-2,2020,Dependiente,"Actividades profesionales, científicas y técnicas",6,6,,"100,0%",NaN
1204-Universidad Industrial de Santander,683-TECNOLOGIA EMPRESARIAL,Femenino,2010-2,2020,Dependiente,Administración pública y defensa; planes de seguridad social de afiliación obligatoria,2,2,,"100,0%",NaN
1204-Universidad Industrial de Santander,683-TECNOLOGIA EMPRESARIAL,Femenino,2010-2,2020,Dependiente,"Agricultura, ganadería, caza, silvicultura y pesca",1,1,,"100,0%",NaN
1204-Universidad Industrial de Santander,683-TECNOLOGIA EMPRESARIAL,Femenino,2010-2,2020,Dependiente,Comercio al por mayor y al por menor; reparación de vehículos automotores y motocicletas,5,5,,"100,0%",NaN
1204-Universidad Industrial de Santander,683-TECNOLOGIA EMPRESARIAL,Femenino,2010-2,2020,Dependiente,Construccion,1,1,,"100,0%",NaN
1204-Universidad Industrial de Santander,683-TECNOLOGIA EMPRESARIAL,Femenino,2010-2,2020,Dependiente,Información y comunicaciones,2,2,,"100,0%",NaN
1204-Universidad Industrial de Santander,683-TECNOLOGIA EMPRESARIAL,Femenino,2010-2,2020,Dependiente,Otras actividades de servicios,2,2,,"100,0%",NaN
1204-Universidad Industrial de Santander,683-TECNOLOGIA EMPRESARIAL,Femenino,2010-2,2020,Dependiente,"Suministro de electricidad, gas, vapor y aire acondicionado",1,1,,"100,0%",NaN
1204-Universidad Industrial de Santander,683-TECNOLOGIA EMPRESARIAL,Femenino,2010-2,2020,Independiente,"Actividades profesionales, científicas y técnicas",1,1,,"100,0%",NaN
1204-Universidad Industrial de Santander,683-TECNOLOGIA EMPRESARIAL,Femenino,2010-2,2020,Independiente,Administración pública y defensa; planes de seguridad social de afiliación obligatoria,2,2,,"100,0%",NaN
1204-Universidad Industrial de Santander,683-TECNOLOGIA EMPRESARIAL,Femenino,2010-2,2020,Independiente,Comercio al por mayor y al por menor; reparación de vehículos automotores y motocicletas,1,1,,"100,0%",NaN
1204-Universidad Industrial de Santander,683-TECNOLOGIA EMPRESARIAL,Femenino,2010-2,2020,No cotizante,Sin información,17,0,,"0,0%",NaN
1204-Universidad Industrial de Santander,683-TECNOLOGIA EMPRESARIAL,Femenino,2010-2,2021,Dependiente,Actividades de atención de la salud humana y de asistencia social,3,3,,"100,0%",NaN
1204-Universidad Industrial de Santander,683-TECNOLOGIA EMPRESARIAL,Femenino,2010-2,2021,Dependiente,Actividades de servicios administrativos y de apoyo,2,2,,"100,0%",NaN
1204-Universidad Industrial de Santander,683-TECNOLOGIA EMPRESARIAL,Femenino,2010-2,2021,Dependiente,Actividades financieras y de seguros,1,1,,"100,0%",NaN
1204-Universidad Industrial de Santander,683-TECNOLOGIA EMPRESARIAL,Femenino,2010-2,2021,Dependiente,"Actividades profesionales, científicas y técnicas",3,3,,"100,0%",NaN
1204-Universidad Industrial de Santander,683-TECNOLOGIA EMPRESARIAL,Femenino,2010-2,2021,Dependiente,Administración pública y defensa; planes de seguridad social de afiliación obligatoria,1,1,,"100,0%",NaN
1204-Universidad Industrial de Santander,683-TECNOLOGIA EMPRESARIAL,Femenino,2010-2,2021,Dependiente,Comercio al por mayor y al por menor; reparación de vehículos automotores y motocicletas,3,3,,"100,0%",NaN
1204-Universidad Industrial de Santander,683-TECNOLOGIA EMPRESARIAL,Femenino,2010-2,2021,Dependiente,Información y comunicaciones,1,1,,"100,0%",NaN
1204-Universidad Industrial de Santander,683-TECNOLOGIA EMPRESARIAL,Femenino,2010-2,2021,Dependiente,Sin información,1,1,,"100,0%",NaN
1204-Universidad Industrial de Santander,683-TECNOLOGIA EMPRESARIAL,Femenino,2010-2,2021,Dependiente,"Suministro de electricidad, gas, vapor y aire acondicionado",1,1,,"100,0%",NaN
1204-Universidad Industrial de Santander,683-TECNOLOGIA EMPRESARIAL,Femenino,2010-2,2021,Independiente,"Actividades profesionales, científicas y técnicas",1,1,,"100,0%",NaN
1204-Universidad Industrial de Santander,683-TECNOLOGIA EMPRESARIAL,Femenino,2010-2,2021,Independiente,Administración pública y defensa; planes de seguridad social de afiliación obligatoria,2,2,,"100,0%",NaN
1204-Universidad Industrial de Santander,683-TECNOLOGIA EMPRESARIAL,Femenino,2010-2,2021,No cotizante,Sin información,10,0,,"0,0%",NaN
1204-Universidad Industrial de Santander,683-TECNOLOGIA EMPRESARIAL,Femenino,2010-2,2022,Dependiente,Actividades de atención de la salud humana y de asistencia social,2,2,,"100,0%",NaN
1204-Universidad Industrial de Santander,683-TECNOLOGIA EMPRESARIAL,Femenino,2010-2,2022,Dependiente,Actividades de servicios administrativos y de apoyo,4,4,,"100,0%",NaN
1204-Universidad Industrial de Santander,683-TECNOLOGIA EMPRESARIAL,Femenino,2010-2,2022,Dependiente,"Actividades profesionales, científicas y técnicas",3,3,,"100,0%",NaN
1204-Universidad Industrial de Santander,683-TECNOLOGIA EMPRESARIAL,Femenino,2010-2,2022,Dependiente,Comercio al por mayor y al por menor; reparación de vehículos automotores y motocicletas,3,3,,"100,0%",NaN
1204-Universidad Industrial de Santander,683-TECNOLOGIA EMPRESARIAL,Femenino,2010-2,2022,Dependiente,Construccion,1,1,,"100,0%",NaN
1204-Universidad Industrial de Santander,683-TECNOLOGIA EMPRESARIAL,Femenino,2010-2,2022,Dependiente,Información y comunicaciones,1,1,,"100,0%",NaN
1204-Universidad Industrial de Santander,683-TECNOLOGIA EMPRESARIAL,Femenino,2010-2,2022,Dependiente,"Suministro de electricidad, gas, vapor y aire acondicionado",1,1,,"100,0%",NaN
1204-Universidad Industrial de Santander,683-TECNOLOGIA EMPRESARIAL,Femenino,2010-2,2022,Dependiente,Transporte y almacenamiento,1,1,,"100,0%",NaN
1204-Universidad Industrial de Santander,683-TECNOLOGIA EMPRESARIAL,Femenino,2010-2,2022,Dependiente,SIN DATO,1,1,,"100,0%",NaN
1204-Universidad Industrial de Santander,683-TECNOLOGIA EMPRESARIAL,Femenino,2010-2,2022,Independiente,"Actividades profesionales, científicas y técnicas",2,2,,"100,0%",NaN
1204-Universidad Industrial de Santander,683-TECNOLOGIA EMPRESARIAL,Femenino,2010-2,2022,Independiente,Administración pública y defensa; planes de seguridad social de afiliación obligatoria,1,1,,"100,0%",NaN
1204-Universidad Industrial de Santander,683-TECNOLOGIA EMPRESARIAL,Femenino,2010-2,2022,No cotizante,SIN DATO,8,0,,"0,0%",NaN
1204-Universidad Industrial de Santander,683-TECNOLOGIA EMPRESARIAL,Femenino,2010-2,2023,Dependiente,Actividades de atención de la salud humana y de asistencia social,3,3,,"100,0%",NaN
1204-Universidad Industrial de Santander,683-TECNOLOGIA EMPRESARIAL,Femenino,2010-2,2023,Dependiente,Actividades de servicios administrativos y de apoyo,2,2,,"100,0%",NaN
1204-Universidad Industrial de Santander,683-TECNOLOGIA EMPRESARIAL,Femenino,2010-2,2023,Dependiente,"Actividades profesionales, científicas y técnicas",3,3,,"100,0%",NaN
1204-Universidad Industrial de Santander,683-TECNOLOGIA EMPRESARIAL,Femenino,2010-2,2023,Dependiente,Administración pública y defensa; planes de seguridad social de afiliación obligatoria,1,1,,"100,0%",NaN
1204-Universidad Industrial de Santander,683-TECNOLOGIA EMPRESARIAL,Femenino,2010-2,2023,Dependiente,Comercio al por mayor y al por menor; reparación de vehículos automotores y motocicletas,3,3,,"100,0%",NaN
1204-Universidad Industrial de Santander,683-TECNOLOGIA EMPRESARIAL,Femenino,2010-2,2023,Dependiente,Construccion,1,1,,"100,0%",NaN
1204-Universidad Industrial de Santander,683-TECNOLOGIA EMPRESARIAL,Femenino,2010-2,2023,Dependiente,"Distribución de agua; evacuación y tratamiento de aguas residuales, gestión de desechos y actividades de saneamiento ambiental",1,1,,"100,0%",NaN
1204-Universidad Industrial de Santander,683-TECNOLOGIA EMPRESARIAL,Femenino,2010-2,2023,Dependiente,"Suministro de electricidad, gas, vapor y aire acondicionado",1,1,,"100,0%",NaN
1204-Universidad Industrial de Santander,683-TECNOLOGIA EMPRESARIAL,Femenino,2010-2,2023,Dependiente,SIN DATO,1,1,,"100,0%",NaN
1204-Universidad Industrial de Santander,683-TECNOLOGIA EMPRESARIAL,Femenino,2010-2,2023,Independiente,"Actividades profesionales, científicas y técnicas",2,2,,"100,0%",NaN
1204-Universidad Industrial de Santander,683-TECNOLOGIA EMPRESARIAL,Femenino,2010-2,2023,Independiente,Administración pública y defensa; planes de seguridad social de afiliación obligatoria,1,1,,"100,0%",NaN
1204-Universidad Industrial de Santander,683-TECNOLOGIA EMPRESARIAL,Femenino,2010-2,2023,No cotizante,SIN DATO,8,0,,"0,0%",NaN
1204-Universidad Industrial de Santander,683-TECNOLOGIA EMPRESARIAL,Masculino,2010-2,2016,Dependiente,"Actividades profesionales, científicas y técnicas",2,2,,"100,0%",$1.609.500
1204-Universidad Industrial de Santander,683-TECNOLOGIA EMPRESARIAL,Masculino,2010-2,2016,No cotizante,Sin información,3,0,,"0,0%",NaN
1204-Universidad Industrial de Santander,683-TECNOLOGIA EMPRESARIAL,Masculino,2010-2,2017,Dependiente,Actividades de servicios administrativos y de apoyo,1,1,,"100,0%",NaN
1204-Universidad Industrial de Santander,683-TECNOLOGIA EMPRESARIAL,Masculino,2010-2,2017,Dependiente,"Actividades profesionales, científicas y técnicas",2,2,,"100,0%",NaN
1204-Universidad Industrial de Santander,683-TECNOLOGIA EMPRESARIAL,Masculino,2010-2,2017,Dependiente,Sin información,1,1,,"100,0%",NaN
1204-Universidad Industrial de Santander,683-TECNOLOGIA EMPRESARIAL,Masculino,2010-2,2017,No cotizante,Sin información,4,0,,"0,0%",NaN
1204-Universidad Industrial de Santander,683-TECNOLOGIA EMPRESARIAL,Masculino,2010-2,2018,Dependiente,Actividades de servicios administrativos y de apoyo,1,1,,"100,0%",NaN
1204-Universidad Industrial de Santander,683-TECNOLOGIA EMPRESARIAL,Masculino,2010-2,2018,Dependiente,"Actividades profesionales, científicas y técnicas",2,2,,"100,0%",NaN
1204-Universidad Industrial de Santander,683-TECNOLOGIA EMPRESARIAL,Masculino,2010-2,2018,Dependiente,Sin información,1,1,,"100,0%",NaN
1204-Universidad Industrial de Santander,683-TECNOLOGIA EMPRESARIAL,Masculino,2010-2,2018,Independiente,"Actividades profesionales, científicas y técnicas",1,1,,"100,0%",NaN
1204-Universidad Industrial de Santander,683-TECNOLOGIA EMPRESARIAL,Masculino,2010-2,2018,No cotizante,Sin información,3,0,,"0,0%",NaN
1204-Universidad Industrial de Santander,683-TECNOLOGIA EMPRESARIAL,Masculino,2010-2,2019,Dependiente,Actividades de servicios administrativos y de apoyo,1,1,,"100,0%",NaN
1204-Universidad Industrial de Santander,683-TECNOLOGIA EMPRESARIAL,Masculino,2010-2,2019,Independiente,"Actividades profesionales, científicas y técnicas",1,1,,"100,0%",NaN
1204-Universidad Industrial de Santander,683-TECNOLOGIA EMPRESARIAL,Masculino,2010-2,2019,Independiente,Administración pública y defensa; planes de seguridad social de afiliación obligatoria,1,1,,"100,0%",NaN
1204-Universidad Industrial de Santander,683-TECNOLOGIA EMPRESARIAL,Masculino,2010-2,2019,No cotizante,Sin información,4,0,,"0,0%",NaN
1204-Universidad Industrial de Santander,683-TECNOLOGIA EMPRESARIAL,Masculino,2010-2,2020,Dependiente,Actividades de servicios administrativos y de apoyo,1,1,,"100,0%",NaN
1204-Universidad Industrial de Santander,683-TECNOLOGIA EMPRESARIAL,Masculino,2010-2,2020,Independiente,"Actividades profesionales, científicas y técnicas",1,1,,"100,0%",NaN
1204-Universidad Industrial de Santander,683-TECNOLOGIA EMPRESARIAL,Masculino,2010-2,2020,No cotizante,Sin información,4,0,,"0,0%",NaN
1204-Universidad Industrial de Santander,683-TECNOLOGIA EMPRESARIAL,Masculino,2010-2,2021,Dependiente,Comercio al por mayor y al por menor; reparación de vehículos automotores y motocicletas,1,1,,"100,0%",NaN
1204-Universidad Industrial de Santander,683-TECNOLOGIA EMPRESARIAL,Masculino,2010-2,2021,Dependiente,Otras actividades de servicios,1,1,,"100,0%",NaN
1204-Universidad Industrial de Santander,683-TECNOLOGIA EMPRESARIAL,Masculino,2010-2,2021,No cotizante,Sin información,3,0,,"0,0%",NaN
1204-Universidad Industrial de Santander,683-TECNOLOGIA EMPRESARIAL,Masculino,2010-2,2022,Dependiente,Comercio al por mayor y al por menor; reparación de vehículos automotores y motocicletas,1,1,,"100,0%",NaN
1204-Universidad Industrial de Santander,683-TECNOLOGIA EMPRESARIAL,Masculino,2010-2,2022,Dependiente,Otras actividades de servicios,1,1,,"100,0%",NaN
1204-Universidad Industrial de Santander,683-TECNOLOGIA EMPRESARIAL,Masculino,2010-2,2022,No cotizante,SIN DATO,3,0,,"0,0%",NaN
1204-Universidad Industrial de Santander,683-TECNOLOGIA EMPRESARIAL,Masculino,2010-2,2023,Dependiente,Comercio al por mayor y al por menor; reparación de vehículos automotores y motocicletas,1,1,,"100,0%",NaN
1204-Universidad Industrial de Santander,683-TECNOLOGIA EMPRESARIAL,Masculino,2010-2,2023,Dependiente,Otras actividades de servicios,1,1,,"100,0%",NaN
1204-Universidad Industrial de Santander,683-TECNOLOGIA EMPRESARIAL,Masculino,2010-2,2023,No cotizante,SIN DATO,3,0,,"0,0%",NaN
1735-Universidad Manuela Beltrán - UMB,103645-PSICOLOGIA,Femenino,2010-2,2017,Independiente,"Actividades profesionales, científicas y técnicas",1,1,,"100,0%",NaN
1735-Universidad Manuela Beltrán - UMB,103645-PSICOLOGIA,Femenino,2010-2,2017,No cotizante,Sin información,2,0,,"0,0%",NaN
1735-Universidad Manuela Beltrán - UMB,103645-PSICOLOGIA,Femenino,2010-2,2018,Dependiente,Actividades financieras y de seguros,1,1,,"100,0%",NaN
1735-Universidad Manuela Beltrán - UMB,103645-PSICOLOGIA,Femenino,2010-2,2018,Independiente,"Actividades profesionales, científicas y técnicas",1,1,,"100,0%",NaN
1735-Universidad Manuela Beltrán - UMB,103645-PSICOLOGIA,Femenino,2010-2,2018,No cotizante,Sin información,1,0,,"0,0%",NaN
1735-Universidad Manuela Beltrán - UMB,103645-PSICOLOGIA,Femenino,2010-2,2019,Dependiente,Actividades de los hogares individuales en calidad de empleadores; actividades no diferenciadas de los hogares individuales como productores de bienes y servicios para uso propio,1,1,,"100,0%",NaN
1735-Universidad Manuela Beltrán - UMB,103645-PSICOLOGIA,Femenino,2010-2,2019,Independiente,"Actividades profesionales, científicas y técnicas",1,1,,"100,0%",NaN
1735-Universidad Manuela Beltrán - UMB,103645-PSICOLOGIA,Femenino,2010-2,2019,No cotizante,Sin información,1,0,,"0,0%",NaN
1735-Universidad Manuela Beltrán - UMB,103645-PSICOLOGIA,Femenino,2010-2,2020,Dependiente,Actividades de los hogares individuales en calidad de empleadores; actividades no diferenciadas de los hogares individuales como productores de bienes y servicios para uso propio,1,1,,"100,0%",NaN
1735-Universidad Manuela Beltrán - UMB,103645-PSICOLOGIA,Femenino,2010-2,2020,Independiente,"Actividades profesionales, científicas y técnicas",1,1,,"100,0%",NaN
1735-Universidad Manuela Beltrán - UMB,103645-PSICOLOGIA,Femenino,2010-2,2020,No cotizante,Sin información,1,0,,"0,0%",NaN
1735-Universidad Manuela Beltrán - UMB,103645-PSICOLOGIA,Femenino,2010-2,2021,Dependiente,Actividades de los hogares individuales en calidad de empleadores; actividades no diferenciadas de los hogares individuales como productores de bienes y servicios para uso propio,1,1,,"100,0%",NaN
1735-Universidad Manuela Beltrán - UMB,103645-PSICOLOGIA,Femenino,2010-2,2021,No cotizante,Sin información,2,0,,"0,0%",NaN
1735-Universidad Manuela Beltrán - UMB,103645-PSICOLOGIA,Femenino,2010-2,2022,Dependiente,"Actividades profesionales, científicas y técnicas",1,1,,"100,0%",NaN
1735-Universidad Manuela Beltrán - UMB,103645-PSICOLOGIA,Femenino,2010-2,2022,No cotizante,SIN DATO,2,0,,"0,0%",NaN
1735-Universidad Manuela Beltrán - UMB,103645-PSICOLOGIA,Femenino,2010-2,2023,Dependiente,"Actividades profesionales, científicas y técnicas",1,1,,"100,0%",NaN
1735-Universidad Manuela Beltrán - UMB,103645-PSICOLOGIA,Femenino,2010-2,2023,No cotizante,SIN DATO,2,0,,"0,0%",NaN
1117-Universidad Militar - Nueva Granada,10963-RELACIONES INTERNACIONALES Y ESTUDIOS POLITICOS,Femenino,2010-2,2016,Dependiente,Actividades financieras y de seguros,1,1,,"100,0%",$3.417.000
1117-Universidad Militar - Nueva Granada,10963-RELACIONES INTERNACIONALES Y ESTUDIOS POLITICOS,Femenino,2010-2,2016,Dependiente,"Actividades profesionales, científicas y técnicas",1,1,,"100,0%",$2.924.000
1117-Universidad Militar - Nueva Granada,10963-RELACIONES INTERNACIONALES Y ESTUDIOS POLITICOS,Femenino,2010-2,2016,Dependiente,Administración pública y defensa; planes de seguridad social de afiliación obligatoria,1,1,,"100,0%",$1.567.000
1117-Universidad Militar - Nueva Granada,10963-RELACIONES INTERNACIONALES Y ESTUDIOS POLITICOS,Femenino,2010-2,2016,Dependiente,"Agricultura, ganadería, caza, silvicultura y pesca",1,1,,"100,0%",$3.318.000
1117-Universidad Militar - Nueva Granada,10963-RELACIONES INTERNACIONALES Y ESTUDIOS POLITICOS,Femenino,2010-2,2016,Dependiente,Educación,1,1,,"100,0%",$2.319.000
1117-Universidad Militar - Nueva Granada,10963-RELACIONES INTERNACIONALES Y ESTUDIOS POLITICOS,Femenino,2010-2,2016,Independiente,"Actividades profesionales, científicas y técnicas",1,1,,"100,0%",NaN
1117-Universidad Militar - Nueva Granada,10963-RELACIONES INTERNACIONALES Y ESTUDIOS POLITICOS,Femenino,2010-2,2016,Independiente,Comercio al por mayor y al por menor; reparación de vehículos automotores y motocicletas,1,1,,"100,0%",NaN
1117-Universidad Militar - Nueva Granada,10963-RELACIONES INTERNACIONALES Y ESTUDIOS POLITICOS,Femenino,2010-2,2016,Independiente,Sin información,1,1,,"100,0%",NaN
1117-Universidad Militar - Nueva Granada,10963-RELACIONES INTERNACIONALES Y ESTUDIOS POLITICOS,Femenino,2010-2,2016,No cotizante,Sin información,9,0,,"0,0%",NaN
1117-Universidad Militar - Nueva Granada,10963-RELACIONES INTERNACIONALES Y ESTUDIOS POLITICOS,Femenino,2010-2,2017,Dependiente,Actividades financieras y de seguros,1,1,,"100,0%",NaN
1117-Universidad Militar - Nueva Granada,10963-RELACIONES INTERNACIONALES Y ESTUDIOS POLITICOS,Femenino,2010-2,2017,Dependiente,"Actividades profesionales, científicas y técnicas",2,2,,"100,0%",NaN
1117-Universidad Militar - Nueva Granada,10963-RELACIONES INTERNACIONALES Y ESTUDIOS POLITICOS,Femenino,2010-2,2017,Dependiente,Educación,1,1,,"100,0%",NaN
1117-Universidad Militar - Nueva Granada,10963-RELACIONES INTERNACIONALES Y ESTUDIOS POLITICOS,Femenino,2010-2,2017,Dependiente,Transporte y almacenamiento,1,1,,"100,0%",NaN
1117-Universidad Militar - Nueva Granada,10963-RELACIONES INTERNACIONALES Y ESTUDIOS POLITICOS,Femenino,2010-2,2017,Independiente,Actividades de servicios administrativos y de apoyo,1,1,,"100,0%",NaN
1117-Universidad Militar - Nueva Granada,10963-RELACIONES INTERNACIONALES Y ESTUDIOS POLITICOS,Femenino,2010-2,2017,Independiente,"Actividades profesionales, científicas y técnicas",1,1,,"100,0%",NaN
1117-Universidad Militar - Nueva Granada,10963-RELACIONES INTERNACIONALES Y ESTUDIOS POLITICOS,Femenino,2010-2,2017,Independiente,Comercio al por mayor y al por menor; reparación de vehículos automotores y motocicletas,1,1,,"100,0%",NaN
1117-Universidad Militar - Nueva Granada,10963-RELACIONES INTERNACIONALES Y ESTUDIOS POLITICOS,Femenino,2010-2,2017,No cotizante,Sin información,9,0,,"0,0%",NaN
1117-Universidad Militar - Nueva Granada,10963-RELACIONES INTERNACIONALES Y ESTUDIOS POLITICOS,Femenino,2010-2,2018,Dependiente,Actividades de servicios administrativos y de apoyo,1,1,,"100,0%",NaN
1117-Universidad Militar - Nueva Granada,10963-RELACIONES INTERNACIONALES Y ESTUDIOS POLITICOS,Femenino,2010-2,2018,Dependiente,Actividades financieras y de seguros,1,1,,"100,0%",NaN
1117-Universidad Militar - Nueva Granada,10963-RELACIONES INTERNACIONALES Y ESTUDIOS POLITICOS,Femenino,2010-2,2018,Dependiente,"Actividades profesionales, científicas y técnicas",2,2,,"100,0%",NaN
1117-Universidad Militar - Nueva Granada,10963-RELACIONES INTERNACIONALES Y ESTUDIOS POLITICOS,Femenino,2010-2,2018,Dependiente,Educación,1,1,,"100,0%",NaN
1117-Universidad Militar - Nueva Granada,10963-RELACIONES INTERNACIONALES Y ESTUDIOS POLITICOS,Femenino,2010-2,2018,Independiente,Actividades de servicios administrativos y de apoyo,1,1,,"100,0%",NaN
1117-Universidad Militar - Nueva Granada,10963-RELACIONES INTERNACIONALES Y ESTUDIOS POLITICOS,Femenino,2010-2,2018,Independiente,"Actividades profesionales, científicas y técnicas",1,1,,"100,0%",NaN
1117-Universidad Militar - Nueva Granada,10963-RELACIONES INTERNACIONALES Y ESTUDIOS POLITICOS,Femenino,2010-2,2018,Independiente,Comercio al por mayor y al por menor; reparación de vehículos automotores y motocicletas,1,1,,"100,0%",NaN
1117-Universidad Militar - Nueva Granada,10963-RELACIONES INTERNACIONALES Y ESTUDIOS POLITICOS,Femenino,2010-2,2018,No cotizante,Sin información,9,0,,"0,0%",NaN
1117-Universidad Militar - Nueva Granada,10963-RELACIONES INTERNACIONALES Y ESTUDIOS POLITICOS,Femenino,2010-2,2019,Dependiente,Actividades financieras y de seguros,1,1,,"100,0%",NaN
1117-Universidad Militar - Nueva Granada,10963-RELACIONES INTERNACIONALES Y ESTUDIOS POLITICOS,Femenino,2010-2,2019,Dependiente,"Actividades profesionales, científicas y técnicas",2,2,,"100,0%",NaN
1117-Universidad Militar - Nueva Granada,10963-RELACIONES INTERNACIONALES Y ESTUDIOS POLITICOS,Femenino,2010-2,2019,Dependiente,Administración pública y defensa; planes de seguridad social de afiliación obligatoria,1,1,,"100,0%",NaN
1117-Universidad Militar - Nueva Granada,10963-RELACIONES INTERNACIONALES Y ESTUDIOS POLITICOS,Femenino,2010-2,2019,Dependiente,Educación,1,1,,"100,0%",NaN
1117-Universidad Militar - Nueva Granada,10963-RELACIONES INTERNACIONALES Y ESTUDIOS POLITICOS,Femenino,2010-2,2019,Independiente,Actividades de servicios administrativos y de apoyo,1,1,,"100,0%",NaN
1117-Universidad Militar - Nueva Granada,10963-RELACIONES INTERNACIONALES Y ESTUDIOS POLITICOS,Femenino,2010-2,2019,No cotizante,Sin información,11,0,,"0,0%",NaN
1117-Universidad Militar - Nueva Granada,10963-RELACIONES INTERNACIONALES Y ESTUDIOS POLITICOS,Femenino,2010-2,2020,Dependiente,Actividades financieras y de seguros,1,1,,"100,0%",NaN
1117-Universidad Militar - Nueva Granada,10963-RELACIONES INTERNACIONALES Y ESTUDIOS POLITICOS,Femenino,2010-2,2020,Dependiente,"Actividades profesionales, científicas y técnicas",1,1,,"100,0%",NaN
1117-Universidad Militar - Nueva Granada,10963-RELACIONES INTERNACIONALES Y ESTUDIOS POLITICOS,Femenino,2010-2,2020,Dependiente,Administración pública y defensa; planes de seguridad social de afiliación obligatoria,1,1,,"100,0%",NaN
1117-Universidad Militar - Nueva Granada,10963-RELACIONES INTERNACIONALES Y ESTUDIOS POLITICOS,Femenino,2010-2,2020,Dependiente,Educación,1,1,,"100,0%",NaN
1117-Universidad Militar - Nueva Granada,10963-RELACIONES INTERNACIONALES Y ESTUDIOS POLITICOS,Femenino,2010-2,2020,Dependiente,Industrias manufactureras,1,1,,"100,0%",NaN
1117-Universidad Militar - Nueva Granada,10963-RELACIONES INTERNACIONALES Y ESTUDIOS POLITICOS,Femenino,2010-2,2020,Independiente,Actividades de servicios administrativos y de apoyo,1,1,,"100,0%",NaN
1117-Universidad Militar - Nueva Granada,10963-RELACIONES INTERNACIONALES Y ESTUDIOS POLITICOS,Femenino,2010-2,2020,Independiente,"Actividades profesionales, científicas y técnicas",1,1,,"100,0%",NaN
1117-Universidad Militar - Nueva Granada,10963-RELACIONES INTERNACIONALES Y ESTUDIOS POLITICOS,Femenino,2010-2,2020,No cotizante,Sin información,10,0,,"0,0%",NaN
1117-Universidad Militar - Nueva Granada,10963-RELACIONES INTERNACIONALES Y ESTUDIOS POLITICOS,Femenino,2010-2,2021,Dependiente,"Actividades profesionales, científicas y técnicas",1,1,,"100,0%",NaN
1117-Universidad Militar - Nueva Granada,10963-RELACIONES INTERNACIONALES Y ESTUDIOS POLITICOS,Femenino,2010-2,2021,Dependiente,Administración pública y defensa; planes de seguridad social de afiliación obligatoria,1,1,,"100,0%",NaN
1117-Universidad Militar - Nueva Granada,10963-RELACIONES INTERNACIONALES Y ESTUDIOS POLITICOS,Femenino,2010-2,2021,Dependiente,Educación,1,1,,"100,0%",NaN
1117-Universidad Militar - Nueva Granada,10963-RELACIONES INTERNACIONALES Y ESTUDIOS POLITICOS,Femenino,2010-2,2021,Dependiente,Industrias manufactureras,1,1,,"100,0%",NaN
1117-Universidad Militar - Nueva Granada,10963-RELACIONES INTERNACIONALES Y ESTUDIOS POLITICOS,Femenino,2010-2,2021,Independiente,Actividades de servicios administrativos y de apoyo,1,1,,"100,0%",NaN
1117-Universidad Militar - Nueva Granada,10963-RELACIONES INTERNACIONALES Y ESTUDIOS POLITICOS,Femenino,2010-2,2021,Independiente,"Actividades profesionales, científicas y técnicas",1,1,,"100,0%",NaN
1117-Universidad Militar - Nueva Granada,10963-RELACIONES INTERNACIONALES Y ESTUDIOS POLITICOS,Femenino,2010-2,2021,No cotizante,Sin información,10,0,,"0,0%",NaN
1117-Universidad Militar - Nueva Granada,10963-RELACIONES INTERNACIONALES Y ESTUDIOS POLITICOS,Femenino,2010-2,2022,Dependiente,"Actividades profesionales, científicas y técnicas",1,1,,"100,0%",NaN
1117-Universidad Militar - Nueva Granada,10963-RELACIONES INTERNACIONALES Y ESTUDIOS POLITICOS,Femenino,2010-2,2022,Dependiente,Administración pública y defensa; planes de seguridad social de afiliación obligatoria,1,1,,"100,0%",NaN
1117-Universidad Militar - Nueva Granada,10963-RELACIONES INTERNACIONALES Y ESTUDIOS POLITICOS,Femenino,2010-2,2022,Dependiente,Educación,1,1,,"100,0%",NaN
1117-Universidad Militar - Nueva Granada,10963-RELACIONES INTERNACIONALES Y ESTUDIOS POLITICOS,Femenino,2010-2,2022,Dependiente,Industrias manufactureras,1,1,,"100,0%",NaN
1117-Universidad Militar - Nueva Granada,10963-RELACIONES INTERNACIONALES Y ESTUDIOS POLITICOS,Femenino,2010-2,2022,Independiente,Actividades de servicios administrativos y de apoyo,1,1,,"100,0%",NaN
1117-Universidad Militar - Nueva Granada,10963-RELACIONES INTERNACIONALES Y ESTUDIOS POLITICOS,Femenino,2010-2,2022,Independiente,"Actividades profesionales, científicas y técnicas",1,1,,"100,0%",NaN
1117-Universidad Militar - Nueva Granada,10963-RELACIONES INTERNACIONALES Y ESTUDIOS POLITICOS,Femenino,2010-2,2022,No cotizante,SIN DATO,10,0,,"0,0%",NaN
1117-Universidad Militar - Nueva Granada,10963-RELACIONES INTERNACIONALES Y ESTUDIOS POLITICOS,Femenino,2010-2,2023,Dependiente,"Actividades profesionales, científicas y técnicas",2,2,,"100,0%",NaN
1117-Universidad Militar - Nueva Granada,10963-RELACIONES INTERNACIONALES Y ESTUDIOS POLITICOS,Femenino,2010-2,2023,Dependiente,Administración pública y defensa; planes de seguridad social de afiliación obligatoria,1,1,,"100,0%",NaN
1117-Universidad Militar - Nueva Granada,10963-RELACIONES INTERNACIONALES Y ESTUDIOS POLITICOS,Femenino,2010-2,2023,Dependiente,Educación,1,1,,"100,0%",NaN
1117-Universidad Militar - Nueva Granada,10963-RELACIONES INTERNACIONALES Y ESTUDIOS POLITICOS,Femenino,2010-2,2023,Independiente,Actividades de servicios administrativos y de apoyo,1,1,,"100,0%",NaN
1117-Universidad Militar - Nueva Granada,10963-RELACIONES INTERNACIONALES Y ESTUDIOS POLITICOS,Femenino,2010-2,2023,Independiente,"Actividades profesionales, científicas y técnicas",2,2,,"100,0%",NaN
1117-Universidad Militar - Nueva Granada,10963-RELACIONES INTERNACIONALES Y ESTUDIOS POLITICOS,Femenino,2010-2,2023,No cotizante,SIN DATO,9,0,,"0,0%",NaN
1117-Universidad Militar - Nueva Granada,10963-RELACIONES INTERNACIONALES Y ESTUDIOS POLITICOS,Masculino,2010-2,2016,Dependiente,"Actividades profesionales, científicas y técnicas",1,1,,"100,0%",$17.157.000
1117-Universidad Militar - Nueva Granada,10963-RELACIONES INTERNACIONALES Y ESTUDIOS POLITICOS,Masculino,2010-2,2016,Dependiente,Comercio al por mayor y al por menor; reparación de vehículos automotores y motocicletas,1,1,,"100,0%",$1.000.000
1117-Universidad Militar - Nueva Granada,10963-RELACIONES INTERNACIONALES Y ESTUDIOS POLITICOS,Masculino,2010-2,2016,Dependiente,Educación,1,1,,"100,0%",$2.661.429
1117-Universidad Militar - Nueva Granada,10963-RELACIONES INTERNACIONALES Y ESTUDIOS POLITICOS,Masculino,2010-2,2016,Dependiente,Sin información,1,1,,"100,0%",$5.334.000
1117-Universidad Militar - Nueva Granada,10963-RELACIONES INTERNACIONALES Y ESTUDIOS POLITICOS,Masculino,2010-2,2016,No cotizante,Sin información,4,0,,"0,0%",NaN
1117-Universidad Militar - Nueva Granada,10963-RELACIONES INTERNACIONALES Y ESTUDIOS POLITICOS,Masculino,2010-2,2017,Dependiente,Actividades de servicios administrativos y de apoyo,1,1,,"100,0%",NaN
1117-Universidad Militar - Nueva Granada,10963-RELACIONES INTERNACIONALES Y ESTUDIOS POLITICOS,Masculino,2010-2,2017,Dependiente,Educación,1,1,,"100,0%",NaN
1117-Universidad Militar - Nueva Granada,10963-RELACIONES INTERNACIONALES Y ESTUDIOS POLITICOS,Masculino,2010-2,2017,Dependiente,Sin información,1,1,,"100,0%",NaN
1117-Universidad Militar - Nueva Granada,10963-RELACIONES INTERNACIONALES Y ESTUDIOS POLITICOS,Masculino,2010-2,2017,Dependiente,Transporte y almacenamiento,1,1,,"100,0%",NaN
1117-Universidad Militar - Nueva Granada,10963-RELACIONES INTERNACIONALES Y ESTUDIOS POLITICOS,Masculino,2010-2,2017,Independiente,"Actividades profesionales, científicas y técnicas",1,1,,"100,0%",NaN
1117-Universidad Militar - Nueva Granada,10963-RELACIONES INTERNACIONALES Y ESTUDIOS POLITICOS,Masculino,2010-2,2017,Independiente,Sin información,1,1,,"100,0%",NaN
1117-Universidad Militar - Nueva Granada,10963-RELACIONES INTERNACIONALES Y ESTUDIOS POLITICOS,Masculino,2010-2,2017,No cotizante,Sin información,2,0,,"0,0%",NaN
1117-Universidad Militar - Nueva Granada,10963-RELACIONES INTERNACIONALES Y ESTUDIOS POLITICOS,Masculino,2010-2,2018,Dependiente,Actividades de servicios administrativos y de apoyo,1,1,,"100,0%",NaN
1117-Universidad Militar - Nueva Granada,10963-RELACIONES INTERNACIONALES Y ESTUDIOS POLITICOS,Masculino,2010-2,2018,Dependiente,Educación,1,1,,"100,0%",NaN
1117-Universidad Militar - Nueva Granada,10963-RELACIONES INTERNACIONALES Y ESTUDIOS POLITICOS,Masculino,2010-2,2018,Dependiente,Sin información,1,1,,"100,0%",NaN
1117-Universidad Militar - Nueva Granada,10963-RELACIONES INTERNACIONALES Y ESTUDIOS POLITICOS,Masculino,2010-2,2018,Independiente,"Actividades profesionales, científicas y técnicas",2,2,,"100,0%",NaN
1117-Universidad Militar - Nueva Granada,10963-RELACIONES INTERNACIONALES Y ESTUDIOS POLITICOS,Masculino,2010-2,2018,Independiente,Sin información,1,1,,"100,0%",NaN
1117-Universidad Militar - Nueva Granada,10963-RELACIONES INTERNACIONALES Y ESTUDIOS POLITICOS,Masculino,2010-2,2018,No cotizante,Sin información,2,0,,"0,0%",NaN
1117-Universidad Militar - Nueva Granada,10963-RELACIONES INTERNACIONALES Y ESTUDIOS POLITICOS,Masculino,2010-2,2019,Dependiente,Actividades inmobiliarias,1,1,,"100,0%",NaN
1117-Universidad Militar - Nueva Granada,10963-RELACIONES INTERNACIONALES Y ESTUDIOS POLITICOS,Masculino,2010-2,2019,Dependiente,"Actividades profesionales, científicas y técnicas",2,2,,"100,0%",NaN
1117-Universidad Militar - Nueva Granada,10963-RELACIONES INTERNACIONALES Y ESTUDIOS POLITICOS,Masculino,2010-2,2019,Dependiente,Administración pública y defensa; planes de seguridad social de afiliación obligatoria,1,1,,"100,0%",NaN
1117-Universidad Militar - Nueva Granada,10963-RELACIONES INTERNACIONALES Y ESTUDIOS POLITICOS,Masculino,2010-2,2019,Dependiente,Educación,1,1,,"100,0%",NaN
1117-Universidad Militar - Nueva Granada,10963-RELACIONES INTERNACIONALES Y ESTUDIOS POLITICOS,Masculino,2010-2,2019,Independiente,"Actividades profesionales, científicas y técnicas",1,1,,"100,0%",NaN
1117-Universidad Militar - Nueva Granada,10963-RELACIONES INTERNACIONALES Y ESTUDIOS POLITICOS,Masculino,2010-2,2019,No cotizante,Sin información,2,0,,"0,0%",NaN
1117-Universidad Militar - Nueva Granada,10963-RELACIONES INTERNACIONALES Y ESTUDIOS POLITICOS,Masculino,2010-2,2020,Dependiente,Actividades financieras y de seguros,1,1,,"100,0%",NaN
1117-Universidad Militar - Nueva Granada,10963-RELACIONES INTERNACIONALES Y ESTUDIOS POLITICOS,Masculino,2010-2,2020,Dependiente,Administración pública y defensa; planes de seguridad social de afiliación obligatoria,1,1,,"100,0%",NaN
1117-Universidad Militar - Nueva Granada,10963-RELACIONES INTERNACIONALES Y ESTUDIOS POLITICOS,Masculino,2010-2,2020,Dependiente,Educación,1,1,,"100,0%",NaN
1117-Universidad Militar - Nueva Granada,10963-RELACIONES INTERNACIONALES Y ESTUDIOS POLITICOS,Masculino,2010-2,2020,Dependiente,Transporte y almacenamiento,1,1,,"100,0%",NaN
1117-Universidad Militar - Nueva Granada,10963-RELACIONES INTERNACIONALES Y ESTUDIOS POLITICOS,Masculino,2010-2,2020,Independiente,"Actividades profesionales, científicas y técnicas",1,1,,"100,0%",NaN
1117-Universidad Militar - Nueva Granada,10963-RELACIONES INTERNACIONALES Y ESTUDIOS POLITICOS,Masculino,2010-2,2020,No cotizante,Sin información,3,0,,"0,0%",NaN
1117-Universidad Militar - Nueva Granada,10963-RELACIONES INTERNACIONALES Y ESTUDIOS POLITICOS,Masculino,2010-2,2021,Dependiente,"Actividades profesionales, científicas y técnicas",2,2,,"100,0%",NaN
1117-Universidad Militar - Nueva Granada,10963-RELACIONES INTERNACIONALES Y ESTUDIOS POLITICOS,Masculino,2010-2,2021,Dependiente,Administración pública y defensa; planes de seguridad social de afiliación obligatoria,1,1,,"100,0%",NaN
1117-Universidad Militar - Nueva Granada,10963-RELACIONES INTERNACIONALES Y ESTUDIOS POLITICOS,Masculino,2010-2,2021,Dependiente,Educación,1,1,,"100,0%",NaN
1117-Universidad Militar - Nueva Granada,10963-RELACIONES INTERNACIONALES Y ESTUDIOS POLITICOS,Masculino,2010-2,2021,Dependiente,Transporte y almacenamiento,1,1,,"100,0%",NaN
1117-Universidad Militar - Nueva Granada,10963-RELACIONES INTERNACIONALES Y ESTUDIOS POLITICOS,Masculino,2010-2,2021,No cotizante,Sin información,3,0,,"0,0%",NaN
1117-Universidad Militar - Nueva Granada,10963-RELACIONES INTERNACIONALES Y ESTUDIOS POLITICOS,Masculino,2010-2,2022,Dependiente,"Actividades profesionales, científicas y técnicas",2,2,,"100,0%",NaN
1117-Universidad Militar - Nueva Granada,10963-RELACIONES INTERNACIONALES Y ESTUDIOS POLITICOS,Masculino,2010-2,2022,Dependiente,Administración pública y defensa; planes de seguridad social de afiliación obligatoria,1,1,,"100,0%",NaN
1117-Universidad Militar - Nueva Granada,10963-RELACIONES INTERNACIONALES Y ESTUDIOS POLITICOS,Masculino,2010-2,2022,Dependiente,Transporte y almacenamiento,1,1,,"100,0%",NaN
1117-Universidad Militar - Nueva Granada,10963-RELACIONES INTERNACIONALES Y ESTUDIOS POLITICOS,Masculino,2010-2,2022,No cotizante,SIN DATO,3,0,,"0,0%",NaN
1117-Universidad Militar - Nueva Granada,10963-RELACIONES INTERNACIONALES Y ESTUDIOS POLITICOS,Masculino,2010-2,2023,Dependiente,"Actividades profesionales, científicas y técnicas",3,3,,"100,0%",NaN
1117-Universidad Militar - Nueva Granada,10963-RELACIONES INTERNACIONALES Y ESTUDIOS POLITICOS,Masculino,2010-2,2023,Dependiente,Transporte y almacenamiento,1,1,,"100,0%",NaN
1117-Universidad Militar - Nueva Granada,10963-RELACIONES INTERNACIONALES Y ESTUDIOS POLITICOS,Masculino,2010-2,2023,No cotizante,SIN DATO,3,0,,"0,0%",NaN
2102-Universidad Nacional Abierta y a Distancia - UNAD,1688-ADMINISTRACION DE EMPRESAS,Femenino,2010-2,2020,Dependiente,"Actividades artísticas, de entretenimiento y recreación",2,2,,"100,0%",NaN
2102-Universidad Nacional Abierta y a Distancia - UNAD,1688-ADMINISTRACION DE EMPRESAS,Femenino,2010-2,2020,Dependiente,Actividades de atención de la salud humana y de asistencia social,3,3,,"100,0%",NaN
2102-Universidad Nacional Abierta y a Distancia - UNAD,1688-ADMINISTRACION DE EMPRESAS,Femenino,2010-2,2020,Dependiente,Actividades de organizaciones y entidades extraterritoriales,1,1,,"100,0%",NaN
2102-Universidad Nacional Abierta y a Distancia - UNAD,1688-ADMINISTRACION DE EMPRESAS,Femenino,2010-2,2020,Dependiente,Actividades de servicios administrativos y de apoyo,9,9,,"100,0%",NaN
2102-Universidad Nacional Abierta y a Distancia - UNAD,1688-ADMINISTRACION DE EMPRESAS,Femenino,2010-2,2020,Dependiente,Actividades financieras y de seguros,6,6,,"100,0%",NaN
2102-Universidad Nacional Abierta y a Distancia - UNAD,1688-ADMINISTRACION DE EMPRESAS,Femenino,2010-2,2020,Dependiente,"Actividades profesionales, científicas y técnicas",21,21,,"100,0%",NaN
2102-Universidad Nacional Abierta y a Distancia - UNAD,1688-ADMINISTRACION DE EMPRESAS,Femenino,2010-2,2020,Dependiente,Administración pública y defensa; planes de seguridad social de afiliación obligatoria,27,27,,"100,0%",NaN
2102-Universidad Nacional Abierta y a Distancia - UNAD,1688-ADMINISTRACION DE EMPRESAS,Femenino,2010-2,2020,Dependiente,"Agricultura, ganadería, caza, silvicultura y pesca",2,2,,"100,0%",NaN
2102-Universidad Nacional Abierta y a Distancia - UNAD,1688-ADMINISTRACION DE EMPRESAS,Femenino,2010-2,2020,Dependiente,Alojamiento y servicios de comida,1,1,,"100,0%",NaN
2102-Universidad Nacional Abierta y a Distancia - UNAD,1688-ADMINISTRACION DE EMPRESAS,Femenino,2010-2,2020,Dependiente,Comercio al por mayor y al por menor; reparación de vehículos automotores y motocicletas,15,15,,"100,0%",NaN
2102-Universidad Nacional Abierta y a Distancia - UNAD,1688-ADMINISTRACION DE EMPRESAS,Femenino,2010-2,2020,Dependiente,Construccion,2,2,,"100,0%",NaN
2102-Universidad Nacional Abierta y a Distancia - UNAD,1688-ADMINISTRACION DE EMPRESAS,Femenino,2010-2,2020,Dependiente,"Distribución de agua; evacuación y tratamiento de aguas residuales, gestión de desechos y actividades de saneamiento ambiental",2,2,,"100,0%",NaN
2102-Universidad Nacional Abierta y a Distancia - UNAD,1688-ADMINISTRACION DE EMPRESAS,Femenino,2010-2,2020,Dependiente,Educación,2,2,,"100,0%",NaN
2102-Universidad Nacional Abierta y a Distancia - UNAD,1688-ADMINISTRACION DE EMPRESAS,Femenino,2010-2,2020,Dependiente,Explotación de minas y canteras,1,1,,"100,0%",NaN
2102-Universidad Nacional Abierta y a Distancia - UNAD,1688-ADMINISTRACION DE EMPRESAS,Femenino,2010-2,2020,Dependiente,Industrias manufactureras,8,8,,"100,0%",NaN
2102-Universidad Nacional Abierta y a Distancia - UNAD,1688-ADMINISTRACION DE EMPRESAS,Femenino,2010-2,2020,Dependiente,Información y comunicaciones,6,6,,"100,0%",NaN
2102-Universidad Nacional Abierta y a Distancia - UNAD,1688-ADMINISTRACION DE EMPRESAS,Femenino,2010-2,2020,Dependiente,Otras actividades de servicios,6,6,,"100,0%",NaN
2102-Universidad Nacional Abierta y a Distancia - UNAD,1688-ADMINISTRACION DE EMPRESAS,Femenino,2010-2,2020,Dependiente,"Suministro de electricidad, gas, vapor y aire acondicionado",2,2,,"100,0%",NaN
2102-Universidad Nacional Abierta y a Distancia - UNAD,1688-ADMINISTRACION DE EMPRESAS,Femenino,2010-2,2020,Dependiente,Transporte y almacenamiento,11,11,,"100,0%",NaN
2102-Universidad Nacional Abierta y a Distancia - UNAD,1688-ADMINISTRACION DE EMPRESAS,Femenino,2010-2,2020,Independiente,Actividades de servicios administrativos y de apoyo,2,2,,"100,0%",NaN
2102-Universidad Nacional Abierta y a Distancia - UNAD,1688-ADMINISTRACION DE EMPRESAS,Femenino,2010-2,2020,Independiente,"Actividades profesionales, científicas y técnicas",14,14,,"100,0%",NaN
2102-Universidad Nacional Abierta y a Distancia - UNAD,1688-ADMINISTRACION DE EMPRESAS,Femenino,2010-2,2020,Independiente,Administración pública y defensa; planes de seguridad social de afiliación obligatoria,8,8,,"100,0%",NaN
2102-Universidad Nacional Abierta y a Distancia - UNAD,1688-ADMINISTRACION DE EMPRESAS,Femenino,2010-2,2020,Independiente,Alojamiento y servicios de comida,1,1,,"100,0%",NaN
2102-Universidad Nacional Abierta y a Distancia - UNAD,1688-ADMINISTRACION DE EMPRESAS,Femenino,2010-2,2020,Independiente,Comercio al por mayor y al por menor; reparación de vehículos automotores y motocicletas,1,1,,"100,0%",NaN
2102-Universidad Nacional Abierta y a Distancia - UNAD,1688-ADMINISTRACION DE EMPRESAS,Femenino,2010-2,2020,Independiente,Información y comunicaciones,2,2,,"100,0%",NaN
2102-Universidad Nacional Abierta y a Distancia - UNAD,1688-ADMINISTRACION DE EMPRESAS,Femenino,2010-2,2020,Independiente,Otras actividades de servicios,2,2,,"100,0%",NaN
2102-Universidad Nacional Abierta y a Distancia - UNAD,1688-ADMINISTRACION DE EMPRESAS,Femenino,2010-2,2020,No cotizante,Sin información,71,0,,"0,0%",NaN
2102-Universidad Nacional Abierta y a Distancia - UNAD,1688-ADMINISTRACION DE EMPRESAS,Masculino,2010-2,2020,Dependiente,Actividades de servicios administrativos y de apoyo,2,2,,"100,0%",NaN
2102-Universidad Nacional Abierta y a Distancia - UNAD,1688-ADMINISTRACION DE EMPRESAS,Masculino,2010-2,2020,Dependiente,Actividades financieras y de seguros,6,6,,"100,0%",NaN
2102-Universidad Nacional Abierta y a Distancia - UNAD,1688-ADMINISTRACION DE EMPRESAS,Masculino,2010-2,2020,Dependiente,"Actividades profesionales, científicas y técnicas",8,8,,"100,0%",NaN
2102-Universidad Nacional Abierta y a Distancia - UNAD,1688-ADMINISTRACION DE EMPRESAS,Masculino,2010-2,2020,Dependiente,Administración pública y defensa; planes de seguridad social de afiliación obligatoria,15,15,,"100,0%",NaN
2102-Universidad Nacional Abierta y a Distancia - UNAD,1688-ADMINISTRACION DE EMPRESAS,Masculino,2010-2,2020,Dependiente,"Agricultura, ganadería, caza, silvicultura y pesca",1,1,,"100,0%",NaN
2102-Universidad Nacional Abierta y a Distancia - UNAD,1688-ADMINISTRACION DE EMPRESAS,Masculino,2010-2,2020,Dependiente,Comercio al por mayor y al por menor; reparación de vehículos automotores y motocicletas,2,2,,"100,0%",NaN
2102-Universidad Nacional Abierta y a Distancia - UNAD,1688-ADMINISTRACION DE EMPRESAS,Masculino,2010-2,2020,Dependiente,"Distribución de agua; evacuación y tratamiento de aguas residuales, gestión de desechos y actividades de saneamiento ambiental",1,1,,"100,0%",NaN
2102-Universidad Nacional Abierta y a Distancia - UNAD,1688-ADMINISTRACION DE EMPRESAS,Masculino,2010-2,2020,Dependiente,Educación,2,2,,"100,0%",NaN
2102-Universidad Nacional Abierta y a Distancia - UNAD,1688-ADMINISTRACION DE EMPRESAS,Masculino,2010-2,2020,Dependiente,Explotación de minas y canteras,2,2,,"100,0%",NaN
2102-Universidad Nacional Abierta y a Distancia - UNAD,1688-ADMINISTRACION DE EMPRESAS,Masculino,2010-2,2020,Dependiente,Industrias manufactureras,3,3,,"100,0%",NaN
2102-Universidad Nacional Abierta y a Distancia - UNAD,1688-ADMINISTRACION DE EMPRESAS,Masculino,2010-2,2020,Dependiente,Otras actividades de servicios,5,5,,"100,0%",NaN
2102-Universidad Nacional Abierta y a Distancia - UNAD,1688-ADMINISTRACION DE EMPRESAS,Masculino,2010-2,2020,Dependiente,Transporte y almacenamiento,5,5,,"100,0%",NaN
2102-Universidad Nacional Abierta y a Distancia - UNAD,1688-ADMINISTRACION DE EMPRESAS,Masculino,2010-2,2020,Independiente,"Actividades profesionales, científicas y técnicas",5,5,,"100,0%",NaN
2102-Universidad Nacional Abierta y a Distancia - UNAD,1688-ADMINISTRACION DE EMPRESAS,Masculino,2010-2,2020,Independiente,Administración pública y defensa; planes de seguridad social de afiliación obligatoria,5,5,,"100,0%",NaN
2102-Universidad Nacional Abierta y a Distancia - UNAD,1688-ADMINISTRACION DE EMPRESAS,Masculino,2010-2,2020,Independiente,Comercio al por mayor y al por menor; reparación de vehículos automotores y motocicletas,2,2,,"100,0%",NaN
2102-Universidad Nacional Abierta y a Distancia - UNAD,1688-ADMINISTRACION DE EMPRESAS,Masculino,2010-2,2020,No cotizante,Sin información,26,0,,"0,0%",NaN
2102-Universidad Nacional Abierta y a Distancia - UNAD,3425-COMUNICACION SOCIAL,Femenino,2010-2,2020,Dependiente,Actividades de servicios administrativos y de apoyo,1,1,,"100,0%",NaN
2102-Universidad Nacional Abierta y a Distancia - UNAD,3425-COMUNICACION SOCIAL,Femenino,2010-2,2020,Dependiente,Administración pública y defensa; planes de seguridad social de afiliación obligatoria,1,1,,"100,0%",NaN
2102-Universidad Nacional Abierta y a Distancia - UNAD,3425-COMUNICACION SOCIAL,Femenino,2010-2,2020,Dependiente,Comercio al por mayor y al por menor; reparación de vehículos automotores y motocicletas,1,1,,"100,0%",NaN
2102-Universidad Nacional Abierta y a Distancia - UNAD,3425-COMUNICACION SOCIAL,Femenino,2010-2,2020,Dependiente,Información y comunicaciones,2,2,,"100,0%",NaN
2102-Universidad Nacional Abierta y a Distancia - UNAD,3425-COMUNICACION SOCIAL,Femenino,2010-2,2020,Independiente,"Actividades profesionales, científicas y técnicas",3,3,,"100,0%",NaN
2102-Universidad Nacional Abierta y a Distancia - UNAD,3425-COMUNICACION SOCIAL,Femenino,2010-2,2020,Independiente,Administración pública y defensa; planes de seguridad social de afiliación obligatoria,3,3,,"100,0%",NaN
2102-Universidad Nacional Abierta y a Distancia - UNAD,3425-COMUNICACION SOCIAL,Femenino,2010-2,2020,No cotizante,Sin información,6,0,,"0,0%",NaN
2102-Universidad Nacional Abierta y a Distancia - UNAD,3425-COMUNICACION SOCIAL,Masculino,2010-2,2020,Dependiente,Actividades de servicios administrativos y de apoyo,1,1,,"100,0%",NaN
2102-Universidad Nacional Abierta y a Distancia - UNAD,3425-COMUNICACION SOCIAL,Masculino,2010-2,2020,Dependiente,"Actividades profesionales, científicas y técnicas",3,3,,"100,0%",NaN
2102-Universidad Nacional Abierta y a Distancia - UNAD,3425-COMUNICACION SOCIAL,Masculino,2010-2,2020,Dependiente,"Agricultura, ganadería, caza, silvicultura y pesca",1,1,,"100,0%",NaN
2102-Universidad Nacional Abierta y a Distancia - UNAD,3425-COMUNICACION SOCIAL,Masculino,2010-2,2020,Dependiente,Educación,2,2,,"100,0%",NaN
2102-Universidad Nacional Abierta y a Distancia - UNAD,3425-COMUNICACION SOCIAL,Masculino,2010-2,2020,Dependiente,Otras actividades de servicios,1,1,,"100,0%",NaN
2102-Universidad Nacional Abierta y a Distancia - UNAD,3425-COMUNICACION SOCIAL,Masculino,2010-2,2020,Independiente,"Actividades profesionales, científicas y técnicas",1,1,,"100,0%",NaN
2102-Universidad Nacional Abierta y a Distancia - UNAD,3425-COMUNICACION SOCIAL,Masculino,2010-2,2020,Independiente,Administración pública y defensa; planes de seguridad social de afiliación obligatoria,1,1,,"100,0%",NaN
2102-Universidad Nacional Abierta y a Distancia - UNAD,3425-COMUNICACION SOCIAL,Masculino,2010-2,2020,Independiente,Información y comunicaciones,2,2,,"100,0%",NaN
2102-Universidad Nacional Abierta y a Distancia - UNAD,3425-COMUNICACION SOCIAL,Masculino,2010-2,2020,No cotizante,Sin información,3,0,,"0,0%",NaN
2102-Universidad Nacional Abierta y a Distancia - UNAD,10673-ESPECIALIZACION EN EDUCACION SUPERIOR A DISTANCIA,Femenino,2010-2,2017,Dependiente,Actividades de organizaciones y entidades extraterritoriales,1,1,,"100,0%",NaN
2102-Universidad Nacional Abierta y a Distancia - UNAD,10673-ESPECIALIZACION EN EDUCACION SUPERIOR A DISTANCIA,Femenino,2010-2,2017,Dependiente,Educación,3,3,,"100,0%",NaN
2102-Universidad Nacional Abierta y a Distancia - UNAD,10673-ESPECIALIZACION EN EDUCACION SUPERIOR A DISTANCIA,Femenino,2010-2,2017,Independiente,Educación,1,1,,"100,0%",NaN
2102-Universidad Nacional Abierta y a Distancia - UNAD,10673-ESPECIALIZACION EN EDUCACION SUPERIOR A DISTANCIA,Femenino,2010-2,2018,Dependiente,Actividades de organizaciones y entidades extraterritoriales,1,1,,"100,0%",NaN
2102-Universidad Nacional Abierta y a Distancia - UNAD,10673-ESPECIALIZACION EN EDUCACION SUPERIOR A DISTANCIA,Femenino,2010-2,2018,Dependiente,Actividades financieras y de seguros,1,1,,"100,0%",NaN
2102-Universidad Nacional Abierta y a Distancia - UNAD,10673-ESPECIALIZACION EN EDUCACION SUPERIOR A DISTANCIA,Femenino,2010-2,2018,Dependiente,Educación,2,2,,"100,0%",NaN
2102-Universidad Nacional Abierta y a Distancia - UNAD,10673-ESPECIALIZACION EN EDUCACION SUPERIOR A DISTANCIA,Femenino,2010-2,2018,Independiente,Educación,1,1,,"100,0%",NaN
2102-Universidad Nacional Abierta y a Distancia - UNAD,10673-ESPECIALIZACION EN EDUCACION SUPERIOR A DISTANCIA,Femenino,2010-2,2019,Dependiente,Actividades de organizaciones y entidades extraterritoriales,1,1,,"100,0%",NaN
2102-Universidad Nacional Abierta y a Distancia - UNAD,10673-ESPECIALIZACION EN EDUCACION SUPERIOR A DISTANCIA,Femenino,2010-2,2019,Dependiente,Educación,1,1,,"100,0%",NaN
2102-Universidad Nacional Abierta y a Distancia - UNAD,10673-ESPECIALIZACION EN EDUCACION SUPERIOR A DISTANCIA,Femenino,2010-2,2019,Independiente,Educación,1,1,,"100,0%",NaN
2102-Universidad Nacional Abierta y a Distancia - UNAD,10673-ESPECIALIZACION EN EDUCACION SUPERIOR A DISTANCIA,Femenino,2010-2,2020,Dependiente,Educación,1,1,,"100,0%",NaN
2102-Universidad Nacional Abierta y a Distancia - UNAD,10673-ESPECIALIZACION EN EDUCACION SUPERIOR A DISTANCIA,Femenino,2010-2,2020,Independiente,Educación,1,1,,"100,0%",NaN
2102-Universidad Nacional Abierta y a Distancia - UNAD,10673-ESPECIALIZACION EN EDUCACION SUPERIOR A DISTANCIA,Femenino,2010-2,2021,Dependiente,Educación,1,1,,"100,0%",NaN
2102-Universidad Nacional Abierta y a Distancia - UNAD,10673-ESPECIALIZACION EN EDUCACION SUPERIOR A DISTANCIA,Femenino,2010-2,2021,Independiente,Educación,1,1,,"100,0%",NaN
2102-Universidad Nacional Abierta y a Distancia - UNAD,10673-ESPECIALIZACION EN EDUCACION SUPERIOR A DISTANCIA,Femenino,2010-2,2022,Dependiente,Educación,1,1,,"100,0%",NaN
2102-Universidad Nacional Abierta y a Distancia - UNAD,10673-ESPECIALIZACION EN EDUCACION SUPERIOR A DISTANCIA,Femenino,2010-2,2022,Independiente,Educación,1,1,,"100,0%",NaN
2102-Universidad Nacional Abierta y a Distancia - UNAD,10673-ESPECIALIZACION EN EDUCACION SUPERIOR A DISTANCIA,Femenino,2010-2,2023,Dependiente,Educación,1,1,,"100,0%",NaN
2102-Universidad Nacional Abierta y a Distancia - UNAD,10673-ESPECIALIZACION EN EDUCACION SUPERIOR A DISTANCIA,Femenino,2010-2,2023,Independiente,Educación,1,1,,"100,0%",NaN
2102-Universidad Nacional Abierta y a Distancia - UNAD,10673-ESPECIALIZACION EN EDUCACION SUPERIOR A DISTANCIA,Masculino,2010-2,2017,Dependiente,Actividades financieras y de seguros,1,1,,"100,0%",NaN
2102-Universidad Nacional Abierta y a Distancia - UNAD,10673-ESPECIALIZACION EN EDUCACION SUPERIOR A DISTANCIA,Masculino,2010-2,2017,Dependiente,Administración pública y defensa; planes de seguridad social de afiliación obligatoria,2,2,,"100,0%",NaN
2102-Universidad Nacional Abierta y a Distancia - UNAD,10673-ESPECIALIZACION EN EDUCACION SUPERIOR A DISTANCIA,Masculino,2010-2,2017,Dependiente,Educación,2,2,,"100,0%",NaN
2102-Universidad Nacional Abierta y a Distancia - UNAD,10673-ESPECIALIZACION EN EDUCACION SUPERIOR A DISTANCIA,Masculino,2010-2,2017,Dependiente,Otras actividades de servicios,1,1,,"100,0%",NaN
2102-Universidad Nacional Abierta y a Distancia - UNAD,10673-ESPECIALIZACION EN EDUCACION SUPERIOR A DISTANCIA,Masculino,2010-2,2017,Independiente,Industrias manufactureras,1,1,,"100,0%",NaN
2102-Universidad Nacional Abierta y a Distancia - UNAD,10673-ESPECIALIZACION EN EDUCACION SUPERIOR A DISTANCIA,Masculino,2010-2,2018,Dependiente,Actividades financieras y de seguros,1,1,,"100,0%",NaN
2102-Universidad Nacional Abierta y a Distancia - UNAD,10673-ESPECIALIZACION EN EDUCACION SUPERIOR A DISTANCIA,Masculino,2010-2,2018,Dependiente,"Actividades profesionales, científicas y técnicas",2,2,,"100,0%",NaN
2102-Universidad Nacional Abierta y a Distancia - UNAD,10673-ESPECIALIZACION EN EDUCACION SUPERIOR A DISTANCIA,Masculino,2010-2,2018,Dependiente,Administración pública y defensa; planes de seguridad social de afiliación obligatoria,1,1,,"100,0%",NaN
2102-Universidad Nacional Abierta y a Distancia - UNAD,10673-ESPECIALIZACION EN EDUCACION SUPERIOR A DISTANCIA,Masculino,2010-2,2018,Dependiente,Educación,1,1,,"100,0%",NaN
2102-Universidad Nacional Abierta y a Distancia - UNAD,10673-ESPECIALIZACION EN EDUCACION SUPERIOR A DISTANCIA,Masculino,2010-2,2018,Dependiente,Otras actividades de servicios,1,1,,"100,0%",NaN
2102-Universidad Nacional Abierta y a Distancia - UNAD,10673-ESPECIALIZACION EN EDUCACION SUPERIOR A DISTANCIA,Masculino,2010-2,2018,Dependiente,Sin información,1,1,,"100,0%",NaN
2102-Universidad Nacional Abierta y a Distancia - UNAD,10673-ESPECIALIZACION EN EDUCACION SUPERIOR A DISTANCIA,Masculino,2010-2,2019,Dependiente,Actividades financieras y de seguros,1,1,,"100,0%",NaN
2102-Universidad Nacional Abierta y a Distancia - UNAD,10673-ESPECIALIZACION EN EDUCACION SUPERIOR A DISTANCIA,Masculino,2010-2,2019,Dependiente,"Actividades profesionales, científicas y técnicas",2,2,,"100,0%",NaN
2102-Universidad Nacional Abierta y a Distancia - UNAD,10673-ESPECIALIZACION EN EDUCACION SUPERIOR A DISTANCIA,Masculino,2010-2,2019,Dependiente,Administración pública y defensa; planes de seguridad social de afiliación obligatoria,1,1,,"100,0%",NaN
2102-Universidad Nacional Abierta y a Distancia - UNAD,10673-ESPECIALIZACION EN EDUCACION SUPERIOR A DISTANCIA,Masculino,2010-2,2019,Dependiente,Educación,1,1,,"100,0%",NaN
2102-Universidad Nacional Abierta y a Distancia - UNAD,10673-ESPECIALIZACION EN EDUCACION SUPERIOR A DISTANCIA,Masculino,2010-2,2019,Dependiente,Otras actividades de servicios,1,1,,"100,0%",NaN
2102-Universidad Nacional Abierta y a Distancia - UNAD,10673-ESPECIALIZACION EN EDUCACION SUPERIOR A DISTANCIA,Masculino,2010-2,2020,Dependiente,Actividades financieras y de seguros,1,1,,"100,0%",NaN
2102-Universidad Nacional Abierta y a Distancia - UNAD,10673-ESPECIALIZACION EN EDUCACION SUPERIOR A DISTANCIA,Masculino,2010-2,2020,Dependiente,"Actividades profesionales, científicas y técnicas",1,1,,"100,0%",NaN
2102-Universidad Nacional Abierta y a Distancia - UNAD,10673-ESPECIALIZACION EN EDUCACION SUPERIOR A DISTANCIA,Masculino,2010-2,2020,Dependiente,Administración pública y defensa; planes de seguridad social de afiliación obligatoria,2,2,,"100,0%",NaN
2102-Universidad Nacional Abierta y a Distancia - UNAD,10673-ESPECIALIZACION EN EDUCACION SUPERIOR A DISTANCIA,Masculino,2010-2,2020,Dependiente,Educación,1,1,,"100,0%",NaN
2102-Universidad Nacional Abierta y a Distancia - UNAD,10673-ESPECIALIZACION EN EDUCACION SUPERIOR A DISTANCIA,Masculino,2010-2,2020,Dependiente,Otras actividades de servicios,1,1,,"100,0%",NaN
2102-Universidad Nacional Abierta y a Distancia - UNAD,10673-ESPECIALIZACION EN EDUCACION SUPERIOR A DISTANCIA,Masculino,2010-2,2021,Dependiente,Actividades financieras y de seguros,1,1,,"100,0%",NaN
2102-Universidad Nacional Abierta y a Distancia - UNAD,10673-ESPECIALIZACION EN EDUCACION SUPERIOR A DISTANCIA,Masculino,2010-2,2021,Dependiente,"Actividades profesionales, científicas y técnicas",1,1,,"100,0%",NaN
2102-Universidad Nacional Abierta y a Distancia - UNAD,10673-ESPECIALIZACION EN EDUCACION SUPERIOR A DISTANCIA,Masculino,2010-2,2021,Dependiente,Administración pública y defensa; planes de seguridad social de afiliación obligatoria,2,2,,"100,0%",NaN
2102-Universidad Nacional Abierta y a Distancia - UNAD,10673-ESPECIALIZACION EN EDUCACION SUPERIOR A DISTANCIA,Masculino,2010-2,2021,Dependiente,Otras actividades de servicios,1,1,,"100,0%",NaN
2102-Universidad Nacional Abierta y a Distancia - UNAD,10673-ESPECIALIZACION EN EDUCACION SUPERIOR A DISTANCIA,Masculino,2010-2,2021,Independiente,Administración pública y defensa; planes de seguridad social de afiliación obligatoria,1,1,,"100,0%",NaN
2102-Universidad Nacional Abierta y a Distancia - UNAD,10673-ESPECIALIZACION EN EDUCACION SUPERIOR A DISTANCIA,Masculino,2010-2,2022,Dependiente,Actividades financieras y de seguros,1,1,,"100,0%",NaN
2102-Universidad Nacional Abierta y a Distancia - UNAD,10673-ESPECIALIZACION EN EDUCACION SUPERIOR A DISTANCIA,Masculino,2010-2,2022,Dependiente,"Actividades profesionales, científicas y técnicas",1,1,,"100,0%",NaN
2102-Universidad Nacional Abierta y a Distancia - UNAD,10673-ESPECIALIZACION EN EDUCACION SUPERIOR A DISTANCIA,Masculino,2010-2,2022,Dependiente,Administración pública y defensa; planes de seguridad social de afiliación obligatoria,1,1,,"100,0%",NaN
2102-Universidad Nacional Abierta y a Distancia - UNAD,10673-ESPECIALIZACION EN EDUCACION SUPERIOR A DISTANCIA,Masculino,2010-2,2022,Dependiente,Otras actividades de servicios,1,1,,"100,0%",NaN
2102-Universidad Nacional Abierta y a Distancia - UNAD,10673-ESPECIALIZACION EN EDUCACION SUPERIOR A DISTANCIA,Masculino,2010-2,2022,Independiente,Administración pública y defensa; planes de seguridad social de afiliación obligatoria,1,1,,"100,0%",NaN
2102-Universidad Nacional Abierta y a Distancia - UNAD,10673-ESPECIALIZACION EN EDUCACION SUPERIOR A DISTANCIA,Masculino,2010-2,2022,No cotizante,SIN DATO,1,0,,"0,0%",NaN
2102-Universidad Nacional Abierta y a Distancia - UNAD,10673-ESPECIALIZACION EN EDUCACION SUPERIOR A DISTANCIA,Masculino,2010-2,2023,Dependiente,Actividades de servicios administrativos y de apoyo,1,1,,"100,0%",NaN
2102-Universidad Nacional Abierta y a Distancia - UNAD,10673-ESPECIALIZACION EN EDUCACION SUPERIOR A DISTANCIA,Masculino,2010-2,2023,Dependiente,Actividades financieras y de seguros,1,1,,"100,0%",NaN
2102-Universidad Nacional Abierta y a Distancia - UNAD,10673-ESPECIALIZACION EN EDUCACION SUPERIOR A DISTANCIA,Masculino,2010-2,2023,Dependiente,"Actividades profesionales, científicas y técnicas",1,1,,"100,0%",NaN
2102-Universidad Nacional Abierta y a Distancia - UNAD,10673-ESPECIALIZACION EN EDUCACION SUPERIOR A DISTANCIA,Masculino,2010-2,2023,Dependiente,Administración pública y defensa; planes de seguridad social de afiliación obligatoria,1,1,,"100,0%",NaN
2102-Universidad Nacional Abierta y a Distancia - UNAD,10673-ESPECIALIZACION EN EDUCACION SUPERIOR A DISTANCIA,Masculino,2010-2,2023,Independiente,Administración pública y defensa; planes de seguridad social de afiliación obligatoria,1,1,,"100,0%",NaN
2102-Universidad Nacional Abierta y a Distancia - UNAD,10673-ESPECIALIZACION EN EDUCACION SUPERIOR A DISTANCIA,Masculino,2010-2,2023,No cotizante,SIN DATO,1,0,,"0,0%",NaN
2102-Universidad Nacional Abierta y a Distancia - UNAD,"10674-ESPECIALIZACION EN EDUCACION, CULTURA Y POLITICA",Femenino,2010-2,2017,Dependiente,"Actividades profesionales, científicas y técnicas",1,1,,"100,0%",NaN
2102-Universidad Nacional Abierta y a Distancia - UNAD,"10674-ESPECIALIZACION EN EDUCACION, CULTURA Y POLITICA",Femenino,2010-2,2017,Dependiente,Educación,2,2,,"100,0%",NaN
2102-Universidad Nacional Abierta y a Distancia - UNAD,"10674-ESPECIALIZACION EN EDUCACION, CULTURA Y POLITICA",Femenino,2010-2,2017,Independiente,"Actividades profesionales, científicas y técnicas",1,1,,"100,0%",NaN
2102-Universidad Nacional Abierta y a Distancia - UNAD,"10674-ESPECIALIZACION EN EDUCACION, CULTURA Y POLITICA",Femenino,2010-2,2017,Independiente,Sin información,1,1,,"100,0%",NaN
2102-Universidad Nacional Abierta y a Distancia - UNAD,"10674-ESPECIALIZACION EN EDUCACION, CULTURA Y POLITICA",Femenino,2010-2,2017,No cotizante,Sin información,2,0,,"0,0%",NaN
2102-Universidad Nacional Abierta y a Distancia - UNAD,"10674-ESPECIALIZACION EN EDUCACION, CULTURA Y POLITICA",Femenino,2010-2,2018,Dependiente,"Actividades profesionales, científicas y técnicas",1,1,,"100,0%",NaN
2102-Universidad Nacional Abierta y a Distancia - UNAD,"10674-ESPECIALIZACION EN EDUCACION, CULTURA Y POLITICA",Femenino,2010-2,2018,Dependiente,Educación,1,1,,"100,0%",NaN
2102-Universidad Nacional Abierta y a Distancia - UNAD,"10674-ESPECIALIZACION EN EDUCACION, CULTURA Y POLITICA",Femenino,2010-2,2018,Independiente,"Actividades profesionales, científicas y técnicas",1,1,,"100,0%",NaN
2102-Universidad Nacional Abierta y a Distancia - UNAD,"10674-ESPECIALIZACION EN EDUCACION, CULTURA Y POLITICA",Femenino,2010-2,2018,Independiente,Sin información,1,1,,"100,0%",NaN
2102-Universidad Nacional Abierta y a Distancia - UNAD,"10674-ESPECIALIZACION EN EDUCACION, CULTURA Y POLITICA",Femenino,2010-2,2018,No cotizante,Sin información,2,0,,"0,0%",NaN
2102-Universidad Nacional Abierta y a Distancia - UNAD,"10674-ESPECIALIZACION EN EDUCACION, CULTURA Y POLITICA",Femenino,2010-2,2019,Dependiente,"Actividades profesionales, científicas y técnicas",2,2,,"100,0%",NaN
2102-Universidad Nacional Abierta y a Distancia - UNAD,"10674-ESPECIALIZACION EN EDUCACION, CULTURA Y POLITICA",Femenino,2010-2,2019,Dependiente,Educación,1,1,,"100,0%",NaN
2102-Universidad Nacional Abierta y a Distancia - UNAD,"10674-ESPECIALIZACION EN EDUCACION, CULTURA Y POLITICA",Femenino,2010-2,2019,Independiente,"Actividades profesionales, científicas y técnicas",2,2,,"100,0%",NaN
2102-Universidad Nacional Abierta y a Distancia - UNAD,"10674-ESPECIALIZACION EN EDUCACION, CULTURA Y POLITICA",Femenino,2010-2,2019,No cotizante,Sin información,1,0,,"0,0%",NaN
2102-Universidad Nacional Abierta y a Distancia - UNAD,"10674-ESPECIALIZACION EN EDUCACION, CULTURA Y POLITICA",Femenino,2010-2,2020,Dependiente,Administración pública y defensa; planes de seguridad social de afiliación obligatoria,2,2,,"100,0%",NaN
2102-Universidad Nacional Abierta y a Distancia - UNAD,"10674-ESPECIALIZACION EN EDUCACION, CULTURA Y POLITICA",Femenino,2010-2,2020,Dependiente,Educación,1,1,,"100,0%",NaN
2102-Universidad Nacional Abierta y a Distancia - UNAD,"10674-ESPECIALIZACION EN EDUCACION, CULTURA Y POLITICA",Femenino,2010-2,2020,Independiente,"Actividades profesionales, científicas y técnicas",1,1,,"100,0%",NaN
2102-Universidad Nacional Abierta y a Distancia - UNAD,"10674-ESPECIALIZACION EN EDUCACION, CULTURA Y POLITICA",Femenino,2010-2,2020,No cotizante,Sin información,2,0,,"0,0%",NaN
2102-Universidad Nacional Abierta y a Distancia - UNAD,"10674-ESPECIALIZACION EN EDUCACION, CULTURA Y POLITICA",Femenino,2010-2,2021,Dependiente,Administración pública y defensa; planes de seguridad social de afiliación obligatoria,2,2,,"100,0%",NaN
2102-Universidad Nacional Abierta y a Distancia - UNAD,"10674-ESPECIALIZACION EN EDUCACION, CULTURA Y POLITICA",Femenino,2010-2,2021,Dependiente,Educación,1,1,,"100,0%",NaN
2102-Universidad Nacional Abierta y a Distancia - UNAD,"10674-ESPECIALIZACION EN EDUCACION, CULTURA Y POLITICA",Femenino,2010-2,2021,Independiente,"Actividades profesionales, científicas y técnicas",1,1,,"100,0%",NaN
2102-Universidad Nacional Abierta y a Distancia - UNAD,"10674-ESPECIALIZACION EN EDUCACION, CULTURA Y POLITICA",Femenino,2010-2,2021,No cotizante,Sin información,2,0,,"0,0%",NaN
2102-Universidad Nacional Abierta y a Distancia - UNAD,"10674-ESPECIALIZACION EN EDUCACION, CULTURA Y POLITICA",Femenino,2010-2,2022,Dependiente,Actividades de servicios administrativos y de apoyo,1,1,,"100,0%",NaN
2102-Universidad Nacional Abierta y a Distancia - UNAD,"10674-ESPECIALIZACION EN EDUCACION, CULTURA Y POLITICA",Femenino,2010-2,2022,Dependiente,Administración pública y defensa; planes de seguridad social de afiliación obligatoria,1,1,,"100,0%",NaN
2102-Universidad Nacional Abierta y a Distancia - UNAD,"10674-ESPECIALIZACION EN EDUCACION, CULTURA Y POLITICA",Femenino,2010-2,2022,Dependiente,Educación,1,1,,"100,0%",NaN
2102-Universidad Nacional Abierta y a Distancia - UNAD,"10674-ESPECIALIZACION EN EDUCACION, CULTURA Y POLITICA",Femenino,2010-2,2022,Independiente,Actividades de servicios administrativos y de apoyo,1,1,,"100,0%",NaN
2102-Universidad Nacional Abierta y a Distancia - UNAD,"10674-ESPECIALIZACION EN EDUCACION, CULTURA Y POLITICA",Femenino,2010-2,2022,Independiente,"Actividades profesionales, científicas y técnicas",1,1,,"100,0%",NaN
2102-Universidad Nacional Abierta y a Distancia - UNAD,"10674-ESPECIALIZACION EN EDUCACION, CULTURA Y POLITICA",Femenino,2010-2,2022,No cotizante,SIN DATO,1,0,,"0,0%",NaN
2102-Universidad Nacional Abierta y a Distancia - UNAD,"10674-ESPECIALIZACION EN EDUCACION, CULTURA Y POLITICA",Femenino,2010-2,2023,Dependiente,Administración pública y defensa; planes de seguridad social de afiliación obligatoria,2,2,,"100,0%",NaN
2102-Universidad Nacional Abierta y a Distancia - UNAD,"10674-ESPECIALIZACION EN EDUCACION, CULTURA Y POLITICA",Femenino,2010-2,2023,Dependiente,Educación,1,1,,"100,0%",NaN
2102-Universidad Nacional Abierta y a Distancia - UNAD,"10674-ESPECIALIZACION EN EDUCACION, CULTURA Y POLITICA",Femenino,2010-2,2023,Independiente,Actividades de servicios administrativos y de apoyo,1,1,,"100,0%",NaN
2102-Universidad Nacional Abierta y a Distancia - UNAD,"10674-ESPECIALIZACION EN EDUCACION, CULTURA Y POLITICA",Femenino,2010-2,2023,Independiente,"Actividades profesionales, científicas y técnicas",1,1,,"100,0%",NaN
2102-Universidad Nacional Abierta y a Distancia - UNAD,"10674-ESPECIALIZACION EN EDUCACION, CULTURA Y POLITICA",Femenino,2010-2,2023,No cotizante,SIN DATO,1,0,,"0,0%",NaN
2102-Universidad Nacional Abierta y a Distancia - UNAD,"10674-ESPECIALIZACION EN EDUCACION, CULTURA Y POLITICA",Masculino,2010-2,2017,Dependiente,"Actividades profesionales, científicas y técnicas",3,3,,"100,0%",NaN
2102-Universidad Nacional Abierta y a Distancia - UNAD,"10674-ESPECIALIZACION EN EDUCACION, CULTURA Y POLITICA",Masculino,2010-2,2017,Dependiente,Educación,1,1,,"100,0%",NaN
2102-Universidad Nacional Abierta y a Distancia - UNAD,"10674-ESPECIALIZACION EN EDUCACION, CULTURA Y POLITICA",Masculino,2010-2,2017,Dependiente,Información y comunicaciones,1,1,,"100,0%",NaN
2102-Universidad Nacional Abierta y a Distancia - UNAD,"10674-ESPECIALIZACION EN EDUCACION, CULTURA Y POLITICA",Masculino,2010-2,2017,Dependiente,Sin información,1,1,,"100,0%",NaN
2102-Universidad Nacional Abierta y a Distancia - UNAD,"10674-ESPECIALIZACION EN EDUCACION, CULTURA Y POLITICA",Masculino,2010-2,2017,No cotizante,Sin información,1,0,,"0,0%",NaN
2102-Universidad Nacional Abierta y a Distancia - UNAD,"10674-ESPECIALIZACION EN EDUCACION, CULTURA Y POLITICA",Masculino,2010-2,2018,Dependiente,"Actividades profesionales, científicas y técnicas",3,3,,"100,0%",NaN
2102-Universidad Nacional Abierta y a Distancia - UNAD,"10674-ESPECIALIZACION EN EDUCACION, CULTURA Y POLITICA",Masculino,2010-2,2018,Dependiente,Educación,1,1,,"100,0%",NaN
2102-Universidad Nacional Abierta y a Distancia - UNAD,"10674-ESPECIALIZACION EN EDUCACION, CULTURA Y POLITICA",Masculino,2010-2,2018,Dependiente,Información y comunicaciones,1,1,,"100,0%",NaN
2102-Universidad Nacional Abierta y a Distancia - UNAD,"10674-ESPECIALIZACION EN EDUCACION, CULTURA Y POLITICA",Masculino,2010-2,2018,No cotizante,Sin información,2,0,,"0,0%",NaN
2102-Universidad Nacional Abierta y a Distancia - UNAD,"10674-ESPECIALIZACION EN EDUCACION, CULTURA Y POLITICA",Masculino,2010-2,2019,Dependiente,"Actividades profesionales, científicas y técnicas",1,1,,"100,0%",NaN
2102-Universidad Nacional Abierta y a Distancia - UNAD,"10674-ESPECIALIZACION EN EDUCACION, CULTURA Y POLITICA",Masculino,2010-2,2019,Dependiente,Administración pública y defensa; planes de seguridad social de afiliación obligatoria,1,1,,"100,0%",NaN
2102-Universidad Nacional Abierta y a Distancia - UNAD,"10674-ESPECIALIZACION EN EDUCACION, CULTURA Y POLITICA",Masculino,2010-2,2019,Dependiente,Educación,2,2,,"100,0%",NaN
2102-Universidad Nacional Abierta y a Distancia - UNAD,"10674-ESPECIALIZACION EN EDUCACION, CULTURA Y POLITICA",Masculino,2010-2,2019,Independiente,"Actividades profesionales, científicas y técnicas",1,1,,"100,0%",NaN
2102-Universidad Nacional Abierta y a Distancia - UNAD,"10674-ESPECIALIZACION EN EDUCACION, CULTURA Y POLITICA",Masculino,2010-2,2019,No cotizante,Sin información,1,0,,"0,0%",NaN
2102-Universidad Nacional Abierta y a Distancia - UNAD,"10674-ESPECIALIZACION EN EDUCACION, CULTURA Y POLITICA",Masculino,2010-2,2020,Dependiente,"Actividades profesionales, científicas y técnicas",2,2,,"100,0%",NaN
2102-Universidad Nacional Abierta y a Distancia - UNAD,"10674-ESPECIALIZACION EN EDUCACION, CULTURA Y POLITICA",Masculino,2010-2,2020,Dependiente,Educación,2,2,,"100,0%",NaN
2102-Universidad Nacional Abierta y a Distancia - UNAD,"10674-ESPECIALIZACION EN EDUCACION, CULTURA Y POLITICA",Masculino,2010-2,2020,Independiente,"Actividades profesionales, científicas y técnicas",1,1,,"100,0%",NaN
2102-Universidad Nacional Abierta y a Distancia - UNAD,"10674-ESPECIALIZACION EN EDUCACION, CULTURA Y POLITICA",Masculino,2010-2,2020,No cotizante,Sin información,1,0,,"0,0%",NaN
2102-Universidad Nacional Abierta y a Distancia - UNAD,"10674-ESPECIALIZACION EN EDUCACION, CULTURA Y POLITICA",Masculino,2010-2,2021,Dependiente,"Actividades profesionales, científicas y técnicas",2,2,,"100,0%",NaN
2102-Universidad Nacional Abierta y a Distancia - UNAD,"10674-ESPECIALIZACION EN EDUCACION, CULTURA Y POLITICA",Masculino,2010-2,2021,Dependiente,Educación,1,1,,"100,0%",NaN
2102-Universidad Nacional Abierta y a Distancia - UNAD,"10674-ESPECIALIZACION EN EDUCACION, CULTURA Y POLITICA",Masculino,2010-2,2021,Independiente,"Actividades profesionales, científicas y técnicas",1,1,,"100,0%",NaN
2102-Universidad Nacional Abierta y a Distancia - UNAD,"10674-ESPECIALIZACION EN EDUCACION, CULTURA Y POLITICA",Masculino,2010-2,2021,Independiente,Administración pública y defensa; planes de seguridad social de afiliación obligatoria,1,1,,"100,0%",NaN
2102-Universidad Nacional Abierta y a Distancia - UNAD,"10674-ESPECIALIZACION EN EDUCACION, CULTURA Y POLITICA",Masculino,2010-2,2021,No cotizante,Sin información,1,0,,"0,0%",NaN
2102-Universidad Nacional Abierta y a Distancia - UNAD,"10674-ESPECIALIZACION EN EDUCACION, CULTURA Y POLITICA",Masculino,2010-2,2022,Dependiente,"Actividades profesionales, científicas y técnicas",2,2,,"100,0%",NaN
2102-Universidad Nacional Abierta y a Distancia - UNAD,"10674-ESPECIALIZACION EN EDUCACION, CULTURA Y POLITICA",Masculino,2010-2,2022,Dependiente,Educación,1,1,,"100,0%",NaN
2102-Universidad Nacional Abierta y a Distancia - UNAD,"10674-ESPECIALIZACION EN EDUCACION, CULTURA Y POLITICA",Masculino,2010-2,2022,Independiente,Administración pública y defensa; planes de seguridad social de afiliación obligatoria,1,1,,"100,0%",NaN
2102-Universidad Nacional Abierta y a Distancia - UNAD,"10674-ESPECIALIZACION EN EDUCACION, CULTURA Y POLITICA",Masculino,2010-2,2022,No cotizante,SIN DATO,2,0,,"0,0%",NaN
2102-Universidad Nacional Abierta y a Distancia - UNAD,"10674-ESPECIALIZACION EN EDUCACION, CULTURA Y POLITICA",Masculino,2010-2,2023,Dependiente,"Actividades profesionales, científicas y técnicas",2,2,,"100,0%",NaN
2102-Universidad Nacional Abierta y a Distancia - UNAD,"10674-ESPECIALIZACION EN EDUCACION, CULTURA Y POLITICA",Masculino,2010-2,2023,Dependiente,Educación,1,1,,"100,0%",NaN
2102-Universidad Nacional Abierta y a Distancia - UNAD,"10674-ESPECIALIZACION EN EDUCACION, CULTURA Y POLITICA",Masculino,2010-2,2023,Independiente,Administración pública y defensa; planes de seguridad social de afiliación obligatoria,1,1,,"100,0%",NaN
2102-Universidad Nacional Abierta y a Distancia - UNAD,"10674-ESPECIALIZACION EN EDUCACION, CULTURA Y POLITICA",Masculino,2010-2,2023,No cotizante,SIN DATO,2,0,,"0,0%",NaN
2102-Universidad Nacional Abierta y a Distancia - UNAD,52598-ESPECIALIZACION EN GESTION DE PROYECTOS,Femenino,2010-2,2016,Dependiente,Actividades financieras y de seguros,1,1,,"100,0%",$6.343.000
2102-Universidad Nacional Abierta y a Distancia - UNAD,52598-ESPECIALIZACION EN GESTION DE PROYECTOS,Femenino,2010-2,2016,No cotizante,Sin información,1,0,,"0,0%",NaN
2102-Universidad Nacional Abierta y a Distancia - UNAD,52598-ESPECIALIZACION EN GESTION DE PROYECTOS,Femenino,2010-2,2017,Dependiente,Sin información,1,1,,"100,0%",NaN
2102-Universidad Nacional Abierta y a Distancia - UNAD,52598-ESPECIALIZACION EN GESTION DE PROYECTOS,Femenino,2010-2,2017,Independiente,Actividades inmobiliarias,1,1,,"100,0%",NaN
2102-Universidad Nacional Abierta y a Distancia - UNAD,52598-ESPECIALIZACION EN GESTION DE PROYECTOS,Femenino,2010-2,2018,Dependiente,"Actividades profesionales, científicas y técnicas",1,1,,"100,0%",NaN
2102-Universidad Nacional Abierta y a Distancia - UNAD,52598-ESPECIALIZACION EN GESTION DE PROYECTOS,Femenino,2010-2,2018,Dependiente,Sin información,1,1,,"100,0%",NaN
2102-Universidad Nacional Abierta y a Distancia - UNAD,52598-ESPECIALIZACION EN GESTION DE PROYECTOS,Femenino,2010-2,2019,Dependiente,Actividades financieras y de seguros,1,1,,"100,0%",NaN
2102-Universidad Nacional Abierta y a Distancia - UNAD,52598-ESPECIALIZACION EN GESTION DE PROYECTOS,Femenino,2010-2,2019,Dependiente,"Actividades profesionales, científicas y técnicas",1,1,,"100,0%",NaN
2102-Universidad Nacional Abierta y a Distancia - UNAD,52598-ESPECIALIZACION EN GESTION DE PROYECTOS,Femenino,2010-2,2020,Dependiente,Actividades financieras y de seguros,1,1,,"100,0%",NaN
2102-Universidad Nacional Abierta y a Distancia - UNAD,52598-ESPECIALIZACION EN GESTION DE PROYECTOS,Femenino,2010-2,2020,Dependiente,"Actividades profesionales, científicas y técnicas",1,1,,"100,0%",NaN
2102-Universidad Nacional Abierta y a Distancia - UNAD,52598-ESPECIALIZACION EN GESTION DE PROYECTOS,Femenino,2010-2,2021,Dependiente,Actividades de servicios administrativos y de apoyo,1,1,,"100,0%",NaN
2102-Universidad Nacional Abierta y a Distancia - UNAD,52598-ESPECIALIZACION EN GESTION DE PROYECTOS,Femenino,2010-2,2021,Dependiente,Actividades financieras y de seguros,1,1,,"100,0%",NaN
2102-Universidad Nacional Abierta y a Distancia - UNAD,52598-ESPECIALIZACION EN GESTION DE PROYECTOS,Femenino,2010-2,2022,Dependiente,Actividades de servicios administrativos y de apoyo,1,1,,"100,0%",NaN
2102-Universidad Nacional Abierta y a Distancia - UNAD,52598-ESPECIALIZACION EN GESTION DE PROYECTOS,Femenino,2010-2,2022,Dependiente,Actividades financieras y de seguros,1,1,,"100,0%",NaN
2102-Universidad Nacional Abierta y a Distancia - UNAD,52598-ESPECIALIZACION EN GESTION DE PROYECTOS,Femenino,2010-2,2023,Dependiente,Actividades de servicios administrativos y de apoyo,1,1,,"100,0%",NaN
2102-Universidad Nacional Abierta y a Distancia - UNAD,52598-ESPECIALIZACION EN GESTION DE PROYECTOS,Femenino,2010-2,2023,Dependiente,Actividades financieras y de seguros,1,1,,"100,0%",NaN
2102-Universidad Nacional Abierta y a Distancia - UNAD,52598-ESPECIALIZACION EN GESTION DE PROYECTOS,Masculino,2010-2,2016,Dependiente,"Agricultura, ganadería, caza, silvicultura y pesca",2,2,,"100,0%",$10.626.000
2102-Universidad Nacional Abierta y a Distancia - UNAD,52598-ESPECIALIZACION EN GESTION DE PROYECTOS,Masculino,2010-2,2016,Dependiente,Construccion,1,1,,"100,0%",$4.318.000
2102-Universidad Nacional Abierta y a Distancia - UNAD,52598-ESPECIALIZACION EN GESTION DE PROYECTOS,Masculino,2010-2,2017,Dependiente,"Agricultura, ganadería, caza, silvicultura y pesca",2,2,,"100,0%",NaN
2102-Universidad Nacional Abierta y a Distancia - UNAD,52598-ESPECIALIZACION EN GESTION DE PROYECTOS,Masculino,2010-2,2017,Dependiente,Comercio al por mayor y al por menor; reparación de vehículos automotores y motocicletas,1,1,,"100,0%",NaN
2102-Universidad Nacional Abierta y a Distancia - UNAD,52598-ESPECIALIZACION EN GESTION DE PROYECTOS,Masculino,2010-2,2018,Dependiente,"Agricultura, ganadería, caza, silvicultura y pesca",2,2,,"100,0%",NaN
2102-Universidad Nacional Abierta y a Distancia - UNAD,52598-ESPECIALIZACION EN GESTION DE PROYECTOS,Masculino,2010-2,2018,Dependiente,Comercio al por mayor y al por menor; reparación de vehículos automotores y motocicletas,1,1,,"100,0%",NaN
2102-Universidad Nacional Abierta y a Distancia - UNAD,52598-ESPECIALIZACION EN GESTION DE PROYECTOS,Masculino,2010-2,2019,Dependiente,"Agricultura, ganadería, caza, silvicultura y pesca",2,2,,"100,0%",NaN
2102-Universidad Nacional Abierta y a Distancia - UNAD,52598-ESPECIALIZACION EN GESTION DE PROYECTOS,Masculino,2010-2,2019,Dependiente,Construccion,1,1,,"100,0%",NaN
2102-Universidad Nacional Abierta y a Distancia - UNAD,52598-ESPECIALIZACION EN GESTION DE PROYECTOS,Masculino,2010-2,2020,Dependiente,"Agricultura, ganadería, caza, silvicultura y pesca",2,2,,"100,0%",NaN
2102-Universidad Nacional Abierta y a Distancia - UNAD,52598-ESPECIALIZACION EN GESTION DE PROYECTOS,Masculino,2010-2,2020,Dependiente,Construccion,1,1,,"100,0%",NaN
2102-Universidad Nacional Abierta y a Distancia - UNAD,52598-ESPECIALIZACION EN GESTION DE PROYECTOS,Masculino,2010-2,2021,Dependiente,Construccion,1,1,,"100,0%",NaN
2102-Universidad Nacional Abierta y a Distancia - UNAD,52598-ESPECIALIZACION EN GESTION DE PROYECTOS,Masculino,2010-2,2021,Dependiente,Explotación de minas y canteras,2,2,,"100,0%",NaN
2102-Universidad Nacional Abierta y a Distancia - UNAD,52598-ESPECIALIZACION EN GESTION DE PROYECTOS,Masculino,2010-2,2022,Dependiente,Construccion,1,1,,"100,0%",NaN
2102-Universidad Nacional Abierta y a Distancia - UNAD,52598-ESPECIALIZACION EN GESTION DE PROYECTOS,Masculino,2010-2,2022,Dependiente,Explotación de minas y canteras,1,1,,"100,0%",NaN
2102-Universidad Nacional Abierta y a Distancia - UNAD,52598-ESPECIALIZACION EN GESTION DE PROYECTOS,Masculino,2010-2,2022,Independiente,Actividades de servicios administrativos y de apoyo,1,1,,"100,0%",NaN
2102-Universidad Nacional Abierta y a Distancia - UNAD,52598-ESPECIALIZACION EN GESTION DE PROYECTOS,Masculino,2010-2,2023,Dependiente,Actividades financieras y de seguros,1,1,,"100,0%",NaN
2102-Universidad Nacional Abierta y a Distancia - UNAD,52598-ESPECIALIZACION EN GESTION DE PROYECTOS,Masculino,2010-2,2023,Dependiente,Explotación de minas y canteras,1,1,,"100,0%",NaN
2102-Universidad Nacional Abierta y a Distancia - UNAD,52598-ESPECIALIZACION EN GESTION DE PROYECTOS,Masculino,2010-2,2023,No cotizante,SIN DATO,1,0,,"0,0%",NaN
2102-Universidad Nacional Abierta y a Distancia - UNAD,54617-ESPECIALIZACION EN GESTION PUBLICA,Femenino,2010-2,2016,Dependiente,"Actividades artísticas, de entretenimiento y recreación",1,1,,"100,0%",$2.705.000
2102-Universidad Nacional Abierta y a Distancia - UNAD,54617-ESPECIALIZACION EN GESTION PUBLICA,Femenino,2010-2,2016,Dependiente,Actividades de atención de la salud humana y de asistencia social,22,22,,"100,0%",$4.752.591
2102-Universidad Nacional Abierta y a Distancia - UNAD,54617-ESPECIALIZACION EN GESTION PUBLICA,Femenino,2010-2,2016,Dependiente,Actividades de los hogares individuales en calidad de empleadores; actividades no diferenciadas de los hogares individuales como productores de bienes y servicios para uso propio,17,17,,"100,0%",$4.468.765
2102-Universidad Nacional Abierta y a Distancia - UNAD,54617-ESPECIALIZACION EN GESTION PUBLICA,Femenino,2010-2,2016,Dependiente,Actividades financieras y de seguros,1,1,,"100,0%",$9.999.000
2102-Universidad Nacional Abierta y a Distancia - UNAD,54617-ESPECIALIZACION EN GESTION PUBLICA,Femenino,2010-2,2016,Dependiente,"Actividades profesionales, científicas y técnicas",70,70,,"100,0%",$4.691.743
2102-Universidad Nacional Abierta y a Distancia - UNAD,54617-ESPECIALIZACION EN GESTION PUBLICA,Femenino,2010-2,2016,Dependiente,Administración pública y defensa; planes de seguridad social de afiliación obligatoria,33,33,,"100,0%",$5.359.030
2102-Universidad Nacional Abierta y a Distancia - UNAD,54617-ESPECIALIZACION EN GESTION PUBLICA,Femenino,2010-2,2016,Dependiente,Alojamiento y servicios de comida,1,1,,"100,0%",$1.100.000
2102-Universidad Nacional Abierta y a Distancia - UNAD,54617-ESPECIALIZACION EN GESTION PUBLICA,Femenino,2010-2,2016,Dependiente,Construccion,12,12,,"100,0%",$6.450.583
2102-Universidad Nacional Abierta y a Distancia - UNAD,54617-ESPECIALIZACION EN GESTION PUBLICA,Femenino,2010-2,2016,Dependiente,"Distribución de agua; evacuación y tratamiento de aguas residuales, gestión de desechos y actividades de saneamiento ambiental",9,9,,"100,0%",$4.058.111
2102-Universidad Nacional Abierta y a Distancia - UNAD,54617-ESPECIALIZACION EN GESTION PUBLICA,Femenino,2010-2,2016,Dependiente,Educación,1,1,,"100,0%",$3.821.000
2102-Universidad Nacional Abierta y a Distancia - UNAD,54617-ESPECIALIZACION EN GESTION PUBLICA,Femenino,2010-2,2016,Dependiente,Sin información,4,4,,"100,0%",$1.431.841
2102-Universidad Nacional Abierta y a Distancia - UNAD,54617-ESPECIALIZACION EN GESTION PUBLICA,Femenino,2010-2,2016,Independiente,Actividades inmobiliarias,1,1,,"100,0%",NaN
2102-Universidad Nacional Abierta y a Distancia - UNAD,54617-ESPECIALIZACION EN GESTION PUBLICA,Femenino,2010-2,2016,Independiente,"Actividades profesionales, científicas y técnicas",13,13,,"100,0%",NaN
2102-Universidad Nacional Abierta y a Distancia - UNAD,54617-ESPECIALIZACION EN GESTION PUBLICA,Femenino,2010-2,2016,Independiente,Explotación de minas y canteras,1,1,,"100,0%",NaN
2102-Universidad Nacional Abierta y a Distancia - UNAD,54617-ESPECIALIZACION EN GESTION PUBLICA,Femenino,2010-2,2016,Independiente,Información y comunicaciones,1,1,,"100,0%",NaN
2102-Universidad Nacional Abierta y a Distancia - UNAD,54617-ESPECIALIZACION EN GESTION PUBLICA,Femenino,2010-2,2016,Independiente,Sin información,3,3,,"100,0%",NaN
2102-Universidad Nacional Abierta y a Distancia - UNAD,54617-ESPECIALIZACION EN GESTION PUBLICA,Femenino,2010-2,2016,No cotizante,Sin información,12,0,,"0,0%",NaN
2102-Universidad Nacional Abierta y a Distancia - UNAD,54617-ESPECIALIZACION EN GESTION PUBLICA,Femenino,2010-2,2017,Dependiente,Actividades de atención de la salud humana y de asistencia social,20,20,,"100,0%",NaN
2102-Universidad Nacional Abierta y a Distancia - UNAD,54617-ESPECIALIZACION EN GESTION PUBLICA,Femenino,2010-2,2017,Dependiente,Actividades de los hogares individuales en calidad de empleadores; actividades no diferenciadas de los hogares individuales como productores de bienes y servicios para uso propio,24,24,,"100,0%",NaN
2102-Universidad Nacional Abierta y a Distancia - UNAD,54617-ESPECIALIZACION EN GESTION PUBLICA,Femenino,2010-2,2017,Dependiente,Actividades de servicios administrativos y de apoyo,1,1,,"100,0%",NaN
2102-Universidad Nacional Abierta y a Distancia - UNAD,54617-ESPECIALIZACION EN GESTION PUBLICA,Femenino,2010-2,2017,Dependiente,Actividades financieras y de seguros,1,1,,"100,0%",NaN
2102-Universidad Nacional Abierta y a Distancia - UNAD,54617-ESPECIALIZACION EN GESTION PUBLICA,Femenino,2010-2,2017,Dependiente,"Actividades profesionales, científicas y técnicas",87,87,,"100,0%",NaN
2102-Universidad Nacional Abierta y a Distancia - UNAD,54617-ESPECIALIZACION EN GESTION PUBLICA,Femenino,2010-2,2017,Dependiente,Administración pública y defensa; planes de seguridad social de afiliación obligatoria,22,22,,"100,0%",NaN
2102-Universidad Nacional Abierta y a Distancia - UNAD,54617-ESPECIALIZACION EN GESTION PUBLICA,Femenino,2010-2,2017,Dependiente,"Distribución de agua; evacuación y tratamiento de aguas residuales, gestión de desechos y actividades de saneamiento ambiental",9,9,,"100,0%",NaN
2102-Universidad Nacional Abierta y a Distancia - UNAD,54617-ESPECIALIZACION EN GESTION PUBLICA,Femenino,2010-2,2017,Dependiente,Educación,2,2,,"100,0%",NaN
2102-Universidad Nacional Abierta y a Distancia - UNAD,54617-ESPECIALIZACION EN GESTION PUBLICA,Femenino,2010-2,2017,Dependiente,Sin información,3,3,,"100,0%",NaN
2102-Universidad Nacional Abierta y a Distancia - UNAD,54617-ESPECIALIZACION EN GESTION PUBLICA,Femenino,2010-2,2017,Independiente,"Actividades profesionales, científicas y técnicas",14,14,,"100,0%",NaN
2102-Universidad Nacional Abierta y a Distancia - UNAD,54617-ESPECIALIZACION EN GESTION PUBLICA,Femenino,2010-2,2017,Independiente,Información y comunicaciones,1,1,,"100,0%",NaN
2102-Universidad Nacional Abierta y a Distancia - UNAD,54617-ESPECIALIZACION EN GESTION PUBLICA,Femenino,2010-2,2017,Independiente,Sin información,3,3,,"100,0%",NaN
2102-Universidad Nacional Abierta y a Distancia - UNAD,54617-ESPECIALIZACION EN GESTION PUBLICA,Femenino,2010-2,2017,No cotizante,Sin información,15,0,,"0,0%",NaN
2102-Universidad Nacional Abierta y a Distancia - UNAD,54617-ESPECIALIZACION EN GESTION PUBLICA,Femenino,2010-2,2018,Dependiente,Actividades de atención de la salud humana y de asistencia social,18,18,,"100,0%",NaN
2102-Universidad Nacional Abierta y a Distancia - UNAD,54617-ESPECIALIZACION EN GESTION PUBLICA,Femenino,2010-2,2018,Dependiente,Actividades de los hogares individuales en calidad de empleadores; actividades no diferenciadas de los hogares individuales como productores de bienes y servicios para uso propio,24,24,,"100,0%",NaN
2102-Universidad Nacional Abierta y a Distancia - UNAD,54617-ESPECIALIZACION EN GESTION PUBLICA,Femenino,2010-2,2018,Dependiente,Actividades financieras y de seguros,1,1,,"100,0%",NaN
2102-Universidad Nacional Abierta y a Distancia - UNAD,54617-ESPECIALIZACION EN GESTION PUBLICA,Femenino,2010-2,2018,Dependiente,"Actividades profesionales, científicas y técnicas",86,86,,"100,0%",NaN
2102-Universidad Nacional Abierta y a Distancia - UNAD,54617-ESPECIALIZACION EN GESTION PUBLICA,Femenino,2010-2,2018,Dependiente,Administración pública y defensa; planes de seguridad social de afiliación obligatoria,20,20,,"100,0%",NaN
2102-Universidad Nacional Abierta y a Distancia - UNAD,54617-ESPECIALIZACION EN GESTION PUBLICA,Femenino,2010-2,2018,Dependiente,"Distribución de agua; evacuación y tratamiento de aguas residuales, gestión de desechos y actividades de saneamiento ambiental",9,9,,"100,0%",NaN
2102-Universidad Nacional Abierta y a Distancia - UNAD,54617-ESPECIALIZACION EN GESTION PUBLICA,Femenino,2010-2,2018,Dependiente,Educación,1,1,,"100,0%",NaN
2102-Universidad Nacional Abierta y a Distancia - UNAD,54617-ESPECIALIZACION EN GESTION PUBLICA,Femenino,2010-2,2018,Dependiente,Sin información,4,4,,"100,0%",NaN
2102-Universidad Nacional Abierta y a Distancia - UNAD,54617-ESPECIALIZACION EN GESTION PUBLICA,Femenino,2010-2,2018,Independiente,"Actividades profesionales, científicas y técnicas",14,14,,"100,0%",NaN
2102-Universidad Nacional Abierta y a Distancia - UNAD,54617-ESPECIALIZACION EN GESTION PUBLICA,Femenino,2010-2,2018,Independiente,Información y comunicaciones,1,1,,"100,0%",NaN
2102-Universidad Nacional Abierta y a Distancia - UNAD,54617-ESPECIALIZACION EN GESTION PUBLICA,Femenino,2010-2,2018,Independiente,Sin información,5,5,,"100,0%",NaN
2102-Universidad Nacional Abierta y a Distancia - UNAD,54617-ESPECIALIZACION EN GESTION PUBLICA,Femenino,2010-2,2018,No cotizante,Sin información,17,0,,"0,0%",NaN
2102-Universidad Nacional Abierta y a Distancia - UNAD,54617-ESPECIALIZACION EN GESTION PUBLICA,Femenino,2010-2,2019,Dependiente,Actividades de atención de la salud humana y de asistencia social,17,17,,"100,0%",NaN
2102-Universidad Nacional Abierta y a Distancia - UNAD,54617-ESPECIALIZACION EN GESTION PUBLICA,Femenino,2010-2,2019,Dependiente,Actividades de los hogares individuales en calidad de empleadores; actividades no diferenciadas de los hogares individuales como productores de bienes y servicios para uso propio,23,23,,"100,0%",NaN
2102-Universidad Nacional Abierta y a Distancia - UNAD,54617-ESPECIALIZACION EN GESTION PUBLICA,Femenino,2010-2,2019,Dependiente,Actividades financieras y de seguros,1,1,,"100,0%",NaN
2102-Universidad Nacional Abierta y a Distancia - UNAD,54617-ESPECIALIZACION EN GESTION PUBLICA,Femenino,2010-2,2019,Dependiente,"Actividades profesionales, científicas y técnicas",85,85,,"100,0%",NaN
2102-Universidad Nacional Abierta y a Distancia - UNAD,54617-ESPECIALIZACION EN GESTION PUBLICA,Femenino,2010-2,2019,Dependiente,Administración pública y defensa; planes de seguridad social de afiliación obligatoria,25,25,,"100,0%",NaN
2102-Universidad Nacional Abierta y a Distancia - UNAD,54617-ESPECIALIZACION EN GESTION PUBLICA,Femenino,2010-2,2019,Dependiente,"Distribución de agua; evacuación y tratamiento de aguas residuales, gestión de desechos y actividades de saneamiento ambiental",8,8,,"100,0%",NaN
2102-Universidad Nacional Abierta y a Distancia - UNAD,54617-ESPECIALIZACION EN GESTION PUBLICA,Femenino,2010-2,2019,Dependiente,Educación,1,1,,"100,0%",NaN
2102-Universidad Nacional Abierta y a Distancia - UNAD,54617-ESPECIALIZACION EN GESTION PUBLICA,Femenino,2010-2,2019,Independiente,"Actividades profesionales, científicas y técnicas",15,15,,"100,0%",NaN
2102-Universidad Nacional Abierta y a Distancia - UNAD,54617-ESPECIALIZACION EN GESTION PUBLICA,Femenino,2010-2,2019,Independiente,Información y comunicaciones,2,2,,"100,0%",NaN
2102-Universidad Nacional Abierta y a Distancia - UNAD,54617-ESPECIALIZACION EN GESTION PUBLICA,Femenino,2010-2,2019,Independiente,Sin información,3,3,,"100,0%",NaN
2102-Universidad Nacional Abierta y a Distancia - UNAD,54617-ESPECIALIZACION EN GESTION PUBLICA,Femenino,2010-2,2019,No cotizante,Sin información,20,0,,"0,0%",NaN
2102-Universidad Nacional Abierta y a Distancia - UNAD,54617-ESPECIALIZACION EN GESTION PUBLICA,Femenino,2010-2,2020,Dependiente,Actividades de atención de la salud humana y de asistencia social,14,14,,"100,0%",NaN
2102-Universidad Nacional Abierta y a Distancia - UNAD,54617-ESPECIALIZACION EN GESTION PUBLICA,Femenino,2010-2,2020,Dependiente,Actividades de los hogares individuales en calidad de empleadores; actividades no diferenciadas de los hogares individuales como productores de bienes y servicios para uso propio,23,23,,"100,0%",NaN
2102-Universidad Nacional Abierta y a Distancia - UNAD,54617-ESPECIALIZACION EN GESTION PUBLICA,Femenino,2010-2,2020,Dependiente,Actividades de servicios administrativos y de apoyo,1,1,,"100,0%",NaN
2102-Universidad Nacional Abierta y a Distancia - UNAD,54617-ESPECIALIZACION EN GESTION PUBLICA,Femenino,2010-2,2020,Dependiente,"Actividades profesionales, científicas y técnicas",17,17,,"100,0%",NaN
2102-Universidad Nacional Abierta y a Distancia - UNAD,54617-ESPECIALIZACION EN GESTION PUBLICA,Femenino,2010-2,2020,Dependiente,Administración pública y defensa; planes de seguridad social de afiliación obligatoria,87,87,,"100,0%",NaN
2102-Universidad Nacional Abierta y a Distancia - UNAD,54617-ESPECIALIZACION EN GESTION PUBLICA,Femenino,2010-2,2020,Dependiente,"Distribución de agua; evacuación y tratamiento de aguas residuales, gestión de desechos y actividades de saneamiento ambiental",8,8,,"100,0%",NaN
2102-Universidad Nacional Abierta y a Distancia - UNAD,54617-ESPECIALIZACION EN GESTION PUBLICA,Femenino,2010-2,2020,Dependiente,Educación,1,1,,"100,0%",NaN
2102-Universidad Nacional Abierta y a Distancia - UNAD,54617-ESPECIALIZACION EN GESTION PUBLICA,Femenino,2010-2,2020,Dependiente,Otras actividades de servicios,1,1,,"100,0%",NaN
2102-Universidad Nacional Abierta y a Distancia - UNAD,54617-ESPECIALIZACION EN GESTION PUBLICA,Femenino,2010-2,2020,Independiente,Actividades de servicios administrativos y de apoyo,1,1,,"100,0%",NaN
2102-Universidad Nacional Abierta y a Distancia - UNAD,54617-ESPECIALIZACION EN GESTION PUBLICA,Femenino,2010-2,2020,Independiente,"Actividades profesionales, científicas y técnicas",13,13,,"100,0%",NaN
2102-Universidad Nacional Abierta y a Distancia - UNAD,54617-ESPECIALIZACION EN GESTION PUBLICA,Femenino,2010-2,2020,Independiente,Administración pública y defensa; planes de seguridad social de afiliación obligatoria,1,1,,"100,0%",NaN
2102-Universidad Nacional Abierta y a Distancia - UNAD,54617-ESPECIALIZACION EN GESTION PUBLICA,Femenino,2010-2,2020,Independiente,Información y comunicaciones,1,1,,"100,0%",NaN
2102-Universidad Nacional Abierta y a Distancia - UNAD,54617-ESPECIALIZACION EN GESTION PUBLICA,Femenino,2010-2,2020,Independiente,Otras actividades de servicios,1,1,,"100,0%",NaN
2102-Universidad Nacional Abierta y a Distancia - UNAD,54617-ESPECIALIZACION EN GESTION PUBLICA,Femenino,2010-2,2020,No cotizante,Sin información,30,0,,"0,0%",NaN
2102-Universidad Nacional Abierta y a Distancia - UNAD,54617-ESPECIALIZACION EN GESTION PUBLICA,Femenino,2010-2,2021,Dependiente,Actividades de atención de la salud humana y de asistencia social,14,14,,"100,0%",NaN
2102-Universidad Nacional Abierta y a Distancia - UNAD,54617-ESPECIALIZACION EN GESTION PUBLICA,Femenino,2010-2,2021,Dependiente,Actividades de los hogares individuales en calidad de empleadores; actividades no diferenciadas de los hogares individuales como productores de bienes y servicios para uso propio,16,16,,"100,0%",NaN
2102-Universidad Nacional Abierta y a Distancia - UNAD,54617-ESPECIALIZACION EN GESTION PUBLICA,Femenino,2010-2,2021,Dependiente,"Actividades profesionales, científicas y técnicas",16,16,,"100,0%",NaN
2102-Universidad Nacional Abierta y a Distancia - UNAD,54617-ESPECIALIZACION EN GESTION PUBLICA,Femenino,2010-2,2021,Dependiente,Administración pública y defensa; planes de seguridad social de afiliación obligatoria,88,88,,"100,0%",NaN
2102-Universidad Nacional Abierta y a Distancia - UNAD,54617-ESPECIALIZACION EN GESTION PUBLICA,Femenino,2010-2,2021,Dependiente,"Distribución de agua; evacuación y tratamiento de aguas residuales, gestión de desechos y actividades de saneamiento ambiental",8,8,,"100,0%",NaN
2102-Universidad Nacional Abierta y a Distancia - UNAD,54617-ESPECIALIZACION EN GESTION PUBLICA,Femenino,2010-2,2021,Dependiente,Educación,1,1,,"100,0%",NaN
2102-Universidad Nacional Abierta y a Distancia - UNAD,54617-ESPECIALIZACION EN GESTION PUBLICA,Femenino,2010-2,2021,Dependiente,Otras actividades de servicios,2,2,,"100,0%",NaN
2102-Universidad Nacional Abierta y a Distancia - UNAD,54617-ESPECIALIZACION EN GESTION PUBLICA,Femenino,2010-2,2021,Independiente,Actividades de los hogares individuales en calidad de empleadores; actividades no diferenciadas de los hogares individuales como productores de bienes y servicios para uso propio,1,1,,"100,0%",NaN
2102-Universidad Nacional Abierta y a Distancia - UNAD,54617-ESPECIALIZACION EN GESTION PUBLICA,Femenino,2010-2,2021,Independiente,Actividades de servicios administrativos y de apoyo,4,4,,"100,0%",NaN
2102-Universidad Nacional Abierta y a Distancia - UNAD,54617-ESPECIALIZACION EN GESTION PUBLICA,Femenino,2010-2,2021,Independiente,"Actividades profesionales, científicas y técnicas",12,12,,"100,0%",NaN
2102-Universidad Nacional Abierta y a Distancia - UNAD,54617-ESPECIALIZACION EN GESTION PUBLICA,Femenino,2010-2,2021,Independiente,Información y comunicaciones,1,1,,"100,0%",NaN
2102-Universidad Nacional Abierta y a Distancia - UNAD,54617-ESPECIALIZACION EN GESTION PUBLICA,Femenino,2010-2,2021,No cotizante,Sin información,35,0,,"0,0%",NaN
2102-Universidad Nacional Abierta y a Distancia - UNAD,54617-ESPECIALIZACION EN GESTION PUBLICA,Femenino,2010-2,2022,Dependiente,Actividades de atención de la salud humana y de asistencia social,15,15,,"100,0%",NaN
2102-Universidad Nacional Abierta y a Distancia - UNAD,54617-ESPECIALIZACION EN GESTION PUBLICA,Femenino,2010-2,2022,Dependiente,Actividades de los hogares individuales en calidad de empleadores; actividades no diferenciadas de los hogares individuales como productores de bienes y servicios para uso propio,16,16,,"100,0%",NaN
2102-Universidad Nacional Abierta y a Distancia - UNAD,54617-ESPECIALIZACION EN GESTION PUBLICA,Femenino,2010-2,2022,Dependiente,"Actividades profesionales, científicas y técnicas",58,58,,"100,0%",NaN
2102-Universidad Nacional Abierta y a Distancia - UNAD,54617-ESPECIALIZACION EN GESTION PUBLICA,Femenino,2010-2,2022,Dependiente,Administración pública y defensa; planes de seguridad social de afiliación obligatoria,37,37,,"100,0%",NaN
2102-Universidad Nacional Abierta y a Distancia - UNAD,54617-ESPECIALIZACION EN GESTION PUBLICA,Femenino,2010-2,2022,Dependiente,"Distribución de agua; evacuación y tratamiento de aguas residuales, gestión de desechos y actividades de saneamiento ambiental",8,8,,"100,0%",NaN
2102-Universidad Nacional Abierta y a Distancia - UNAD,54617-ESPECIALIZACION EN GESTION PUBLICA,Femenino,2010-2,2022,Dependiente,Educación,1,1,,"100,0%",NaN
2102-Universidad Nacional Abierta y a Distancia - UNAD,54617-ESPECIALIZACION EN GESTION PUBLICA,Femenino,2010-2,2022,Dependiente,Otras actividades de servicios,1,1,,"100,0%",NaN
2102-Universidad Nacional Abierta y a Distancia - UNAD,54617-ESPECIALIZACION EN GESTION PUBLICA,Femenino,2010-2,2022,Independiente,Actividades de los hogares individuales en calidad de empleadores; actividades no diferenciadas de los hogares individuales como productores de bienes y servicios para uso propio,1,1,,"100,0%",NaN
2102-Universidad Nacional Abierta y a Distancia - UNAD,54617-ESPECIALIZACION EN GESTION PUBLICA,Femenino,2010-2,2022,Independiente,Actividades de servicios administrativos y de apoyo,5,5,,"100,0%",NaN
2102-Universidad Nacional Abierta y a Distancia - UNAD,54617-ESPECIALIZACION EN GESTION PUBLICA,Femenino,2010-2,2022,Independiente,"Actividades profesionales, científicas y técnicas",14,14,,"100,0%",NaN
2102-Universidad Nacional Abierta y a Distancia - UNAD,54617-ESPECIALIZACION EN GESTION PUBLICA,Femenino,2010-2,2022,Independiente,Información y comunicaciones,1,1,,"100,0%",NaN
2102-Universidad Nacional Abierta y a Distancia - UNAD,54617-ESPECIALIZACION EN GESTION PUBLICA,Femenino,2010-2,2022,No cotizante,SIN DATO,41,0,,"0,0%",NaN
2102-Universidad Nacional Abierta y a Distancia - UNAD,54617-ESPECIALIZACION EN GESTION PUBLICA,Femenino,2010-2,2023,Dependiente,Actividades de atención de la salud humana y de asistencia social,11,11,,"100,0%",NaN
2102-Universidad Nacional Abierta y a Distancia - UNAD,54617-ESPECIALIZACION EN GESTION PUBLICA,Femenino,2010-2,2023,Dependiente,Actividades de los hogares individuales en calidad de empleadores; actividades no diferenciadas de los hogares individuales como productores de bienes y servicios para uso propio,15,15,,"100,0%",NaN
2102-Universidad Nacional Abierta y a Distancia - UNAD,54617-ESPECIALIZACION EN GESTION PUBLICA,Femenino,2010-2,2023,Dependiente,Actividades de organizaciones y entidades extraterritoriales,1,1,,"100,0%",NaN
2102-Universidad Nacional Abierta y a Distancia - UNAD,54617-ESPECIALIZACION EN GESTION PUBLICA,Femenino,2010-2,2023,Dependiente,"Actividades profesionales, científicas y técnicas",3,3,,"100,0%",NaN
2102-Universidad Nacional Abierta y a Distancia - UNAD,54617-ESPECIALIZACION EN GESTION PUBLICA,Femenino,2010-2,2023,Dependiente,Administración pública y defensa; planes de seguridad social de afiliación obligatoria,83,83,,"100,0%",NaN
2102-Universidad Nacional Abierta y a Distancia - UNAD,54617-ESPECIALIZACION EN GESTION PUBLICA,Femenino,2010-2,2023,Dependiente,Construccion,1,1,,"100,0%",NaN
2102-Universidad Nacional Abierta y a Distancia - UNAD,54617-ESPECIALIZACION EN GESTION PUBLICA,Femenino,2010-2,2023,Dependiente,"Distribución de agua; evacuación y tratamiento de aguas residuales, gestión de desechos y actividades de saneamiento ambiental",8,8,,"100,0%",NaN
2102-Universidad Nacional Abierta y a Distancia - UNAD,54617-ESPECIALIZACION EN GESTION PUBLICA,Femenino,2010-2,2023,Dependiente,Educación,1,1,,"100,0%",NaN
2102-Universidad Nacional Abierta y a Distancia - UNAD,54617-ESPECIALIZACION EN GESTION PUBLICA,Femenino,2010-2,2023,Dependiente,Información y comunicaciones,1,1,,"100,0%",NaN
2102-Universidad Nacional Abierta y a Distancia - UNAD,54617-ESPECIALIZACION EN GESTION PUBLICA,Femenino,2010-2,2023,Dependiente,Otras actividades de servicios,2,2,,"100,0%",NaN
2102-Universidad Nacional Abierta y a Distancia - UNAD,54617-ESPECIALIZACION EN GESTION PUBLICA,Femenino,2010-2,2023,Independiente,Actividades de servicios administrativos y de apoyo,2,2,,"100,0%",NaN
2102-Universidad Nacional Abierta y a Distancia - UNAD,54617-ESPECIALIZACION EN GESTION PUBLICA,Femenino,2010-2,2023,Independiente,"Actividades profesionales, científicas y técnicas",15,15,,"100,0%",NaN
2102-Universidad Nacional Abierta y a Distancia - UNAD,54617-ESPECIALIZACION EN GESTION PUBLICA,Femenino,2010-2,2023,Independiente,Alojamiento y servicios de comida,1,1,,"100,0%",NaN
2102-Universidad Nacional Abierta y a Distancia - UNAD,54617-ESPECIALIZACION EN GESTION PUBLICA,Femenino,2010-2,2023,Independiente,Comercio al por mayor y al por menor; reparación de vehículos automotores y motocicletas,1,1,,"100,0%",NaN
2102-Universidad Nacional Abierta y a Distancia - UNAD,54617-ESPECIALIZACION EN GESTION PUBLICA,Femenino,2010-2,2023,Independiente,Información y comunicaciones,1,1,,"100,0%",NaN
2102-Universidad Nacional Abierta y a Distancia - UNAD,54617-ESPECIALIZACION EN GESTION PUBLICA,Femenino,2010-2,2023,Independiente,Otras actividades de servicios,1,1,,"100,0%",NaN
2102-Universidad Nacional Abierta y a Distancia - UNAD,54617-ESPECIALIZACION EN GESTION PUBLICA,Femenino,2010-2,2023,No cotizante,SIN DATO,50,0,,"0,0%",NaN
2102-Universidad Nacional Abierta y a Distancia - UNAD,54617-ESPECIALIZACION EN GESTION PUBLICA,Masculino,2010-2,2016,Dependiente,"Actividades artísticas, de entretenimiento y recreación",2,2,,"100,0%",$5.084.000
2102-Universidad Nacional Abierta y a Distancia - UNAD,54617-ESPECIALIZACION EN GESTION PUBLICA,Masculino,2010-2,2016,Dependiente,Actividades de atención de la salud humana y de asistencia social,4,4,,"100,0%",$7.687.750
2102-Universidad Nacional Abierta y a Distancia - UNAD,54617-ESPECIALIZACION EN GESTION PUBLICA,Masculino,2010-2,2016,Dependiente,Actividades de los hogares individuales en calidad de empleadores; actividades no diferenciadas de los hogares individuales como productores de bienes y servicios para uso propio,7,7,,"100,0%",$4.767.429
2102-Universidad Nacional Abierta y a Distancia - UNAD,54617-ESPECIALIZACION EN GESTION PUBLICA,Masculino,2010-2,2016,Dependiente,Actividades de servicios administrativos y de apoyo,1,1,,"100,0%",$1.739.000
2102-Universidad Nacional Abierta y a Distancia - UNAD,54617-ESPECIALIZACION EN GESTION PUBLICA,Masculino,2010-2,2016,Dependiente,"Actividades profesionales, científicas y técnicas",37,37,,"100,0%",$5.054.405
2102-Universidad Nacional Abierta y a Distancia - UNAD,54617-ESPECIALIZACION EN GESTION PUBLICA,Masculino,2010-2,2016,Dependiente,Administración pública y defensa; planes de seguridad social de afiliación obligatoria,19,19,,"100,0%",$5.374.000
2102-Universidad Nacional Abierta y a Distancia - UNAD,54617-ESPECIALIZACION EN GESTION PUBLICA,Masculino,2010-2,2016,Dependiente,Construccion,1,1,,"100,0%",$4.088.000
2102-Universidad Nacional Abierta y a Distancia - UNAD,54617-ESPECIALIZACION EN GESTION PUBLICA,Masculino,2010-2,2016,Dependiente,"Distribución de agua; evacuación y tratamiento de aguas residuales, gestión de desechos y actividades de saneamiento ambiental",6,6,,"100,0%",$4.779.000
2102-Universidad Nacional Abierta y a Distancia - UNAD,54617-ESPECIALIZACION EN GESTION PUBLICA,Masculino,2010-2,2016,Dependiente,Educación,1,1,,"100,0%",$3.821.000
2102-Universidad Nacional Abierta y a Distancia - UNAD,54617-ESPECIALIZACION EN GESTION PUBLICA,Masculino,2010-2,2016,Dependiente,Sin información,1,1,,"100,0%",$3.067.000
2102-Universidad Nacional Abierta y a Distancia - UNAD,54617-ESPECIALIZACION EN GESTION PUBLICA,Masculino,2010-2,2016,Independiente,Actividades de servicios administrativos y de apoyo,1,1,,"100,0%",NaN
2102-Universidad Nacional Abierta y a Distancia - UNAD,54617-ESPECIALIZACION EN GESTION PUBLICA,Masculino,2010-2,2016,Independiente,"Actividades profesionales, científicas y técnicas",5,5,,"100,0%",NaN
2102-Universidad Nacional Abierta y a Distancia - UNAD,54617-ESPECIALIZACION EN GESTION PUBLICA,Masculino,2010-2,2016,Independiente,Administración pública y defensa; planes de seguridad social de afiliación obligatoria,1,1,,"100,0%",NaN
2102-Universidad Nacional Abierta y a Distancia - UNAD,54617-ESPECIALIZACION EN GESTION PUBLICA,Masculino,2010-2,2016,Independiente,Construccion,1,1,,"100,0%",NaN
2102-Universidad Nacional Abierta y a Distancia - UNAD,54617-ESPECIALIZACION EN GESTION PUBLICA,Masculino,2010-2,2016,Independiente,Explotación de minas y canteras,1,1,,"100,0%",NaN
2102-Universidad Nacional Abierta y a Distancia - UNAD,54617-ESPECIALIZACION EN GESTION PUBLICA,Masculino,2010-2,2016,Independiente,Sin información,1,1,,"100,0%",NaN
2102-Universidad Nacional Abierta y a Distancia - UNAD,54617-ESPECIALIZACION EN GESTION PUBLICA,Masculino,2010-2,2016,No cotizante,Sin información,10,0,,"0,0%",NaN
2102-Universidad Nacional Abierta y a Distancia - UNAD,54617-ESPECIALIZACION EN GESTION PUBLICA,Masculino,2010-2,2017,Dependiente,"Actividades artísticas, de entretenimiento y recreación",1,1,,"100,0%",NaN
2102-Universidad Nacional Abierta y a Distancia - UNAD,54617-ESPECIALIZACION EN GESTION PUBLICA,Masculino,2010-2,2017,Dependiente,Actividades de atención de la salud humana y de asistencia social,2,2,,"100,0%",NaN
2102-Universidad Nacional Abierta y a Distancia - UNAD,54617-ESPECIALIZACION EN GESTION PUBLICA,Masculino,2010-2,2017,Dependiente,Actividades de los hogares individuales en calidad de empleadores; actividades no diferenciadas de los hogares individuales como productores de bienes y servicios para uso propio,12,12,,"100,0%",NaN
2102-Universidad Nacional Abierta y a Distancia - UNAD,54617-ESPECIALIZACION EN GESTION PUBLICA,Masculino,2010-2,2017,Dependiente,Actividades de servicios administrativos y de apoyo,2,2,,"100,0%",NaN
2102-Universidad Nacional Abierta y a Distancia - UNAD,54617-ESPECIALIZACION EN GESTION PUBLICA,Masculino,2010-2,2017,Dependiente,"Actividades profesionales, científicas y técnicas",37,37,,"100,0%",NaN
2102-Universidad Nacional Abierta y a Distancia - UNAD,54617-ESPECIALIZACION EN GESTION PUBLICA,Masculino,2010-2,2017,Dependiente,Administración pública y defensa; planes de seguridad social de afiliación obligatoria,15,15,,"100,0%",NaN
2102-Universidad Nacional Abierta y a Distancia - UNAD,54617-ESPECIALIZACION EN GESTION PUBLICA,Masculino,2010-2,2017,Dependiente,"Distribución de agua; evacuación y tratamiento de aguas residuales, gestión de desechos y actividades de saneamiento ambiental",6,6,,"100,0%",NaN
2102-Universidad Nacional Abierta y a Distancia - UNAD,54617-ESPECIALIZACION EN GESTION PUBLICA,Masculino,2010-2,2017,Dependiente,Sin información,1,1,,"100,0%",NaN
2102-Universidad Nacional Abierta y a Distancia - UNAD,54617-ESPECIALIZACION EN GESTION PUBLICA,Masculino,2010-2,2017,Independiente,Actividades de servicios administrativos y de apoyo,1,1,,"100,0%",NaN
2102-Universidad Nacional Abierta y a Distancia - UNAD,54617-ESPECIALIZACION EN GESTION PUBLICA,Masculino,2010-2,2017,Independiente,"Actividades profesionales, científicas y técnicas",4,4,,"100,0%",NaN
2102-Universidad Nacional Abierta y a Distancia - UNAD,54617-ESPECIALIZACION EN GESTION PUBLICA,Masculino,2010-2,2017,Independiente,Administración pública y defensa; planes de seguridad social de afiliación obligatoria,1,1,,"100,0%",NaN
2102-Universidad Nacional Abierta y a Distancia - UNAD,54617-ESPECIALIZACION EN GESTION PUBLICA,Masculino,2010-2,2017,Independiente,Información y comunicaciones,1,1,,"100,0%",NaN
2102-Universidad Nacional Abierta y a Distancia - UNAD,54617-ESPECIALIZACION EN GESTION PUBLICA,Masculino,2010-2,2017,Independiente,Sin información,1,1,,"100,0%",NaN
2102-Universidad Nacional Abierta y a Distancia - UNAD,54617-ESPECIALIZACION EN GESTION PUBLICA,Masculino,2010-2,2017,No cotizante,Sin información,11,0,,"0,0%",NaN
2102-Universidad Nacional Abierta y a Distancia - UNAD,54617-ESPECIALIZACION EN GESTION PUBLICA,Masculino,2010-2,2018,Dependiente,Actividades de atención de la salud humana y de asistencia social,3,3,,"100,0%",NaN
2102-Universidad Nacional Abierta y a Distancia - UNAD,54617-ESPECIALIZACION EN GESTION PUBLICA,Masculino,2010-2,2018,Dependiente,Actividades de los hogares individuales en calidad de empleadores; actividades no diferenciadas de los hogares individuales como productores de bienes y servicios para uso propio,13,13,,"100,0%",NaN
2102-Universidad Nacional Abierta y a Distancia - UNAD,54617-ESPECIALIZACION EN GESTION PUBLICA,Masculino,2010-2,2018,Dependiente,Actividades de servicios administrativos y de apoyo,1,1,,"100,0%",NaN
2102-Universidad Nacional Abierta y a Distancia - UNAD,54617-ESPECIALIZACION EN GESTION PUBLICA,Masculino,2010-2,2018,Dependiente,"Actividades profesionales, científicas y técnicas",36,36,,"100,0%",NaN
2102-Universidad Nacional Abierta y a Distancia - UNAD,54617-ESPECIALIZACION EN GESTION PUBLICA,Masculino,2010-2,2018,Dependiente,Administración pública y defensa; planes de seguridad social de afiliación obligatoria,14,14,,"100,0%",NaN
2102-Universidad Nacional Abierta y a Distancia - UNAD,54617-ESPECIALIZACION EN GESTION PUBLICA,Masculino,2010-2,2018,Dependiente,"Distribución de agua; evacuación y tratamiento de aguas residuales, gestión de desechos y actividades de saneamiento ambiental",5,5,,"100,0%",NaN
2102-Universidad Nacional Abierta y a Distancia - UNAD,54617-ESPECIALIZACION EN GESTION PUBLICA,Masculino,2010-2,2018,Dependiente,Sin información,1,1,,"100,0%",NaN
2102-Universidad Nacional Abierta y a Distancia - UNAD,54617-ESPECIALIZACION EN GESTION PUBLICA,Masculino,2010-2,2018,Independiente,Actividades de servicios administrativos y de apoyo,1,1,,"100,0%",NaN
2102-Universidad Nacional Abierta y a Distancia - UNAD,54617-ESPECIALIZACION EN GESTION PUBLICA,Masculino,2010-2,2018,Independiente,"Actividades profesionales, científicas y técnicas",6,6,,"100,0%",NaN
2102-Universidad Nacional Abierta y a Distancia - UNAD,54617-ESPECIALIZACION EN GESTION PUBLICA,Masculino,2010-2,2018,Independiente,Administración pública y defensa; planes de seguridad social de afiliación obligatoria,1,1,,"100,0%",NaN
2102-Universidad Nacional Abierta y a Distancia - UNAD,54617-ESPECIALIZACION EN GESTION PUBLICA,Masculino,2010-2,2018,Independiente,Información y comunicaciones,1,1,,"100,0%",NaN
2102-Universidad Nacional Abierta y a Distancia - UNAD,54617-ESPECIALIZACION EN GESTION PUBLICA,Masculino,2010-2,2018,Independiente,Sin información,1,1,,"100,0%",NaN
2102-Universidad Nacional Abierta y a Distancia - UNAD,54617-ESPECIALIZACION EN GESTION PUBLICA,Masculino,2010-2,2018,No cotizante,Sin información,12,0,,"0,0%",NaN
2102-Universidad Nacional Abierta y a Distancia - UNAD,54617-ESPECIALIZACION EN GESTION PUBLICA,Masculino,2010-2,2019,Dependiente,"Actividades artísticas, de entretenimiento y recreación",1,1,,"100,0%",NaN
2102-Universidad Nacional Abierta y a Distancia - UNAD,54617-ESPECIALIZACION EN GESTION PUBLICA,Masculino,2010-2,2019,Dependiente,Actividades de atención de la salud humana y de asistencia social,2,2,,"100,0%",NaN
2102-Universidad Nacional Abierta y a Distancia - UNAD,54617-ESPECIALIZACION EN GESTION PUBLICA,Masculino,2010-2,2019,Dependiente,Actividades de los hogares individuales en calidad de empleadores; actividades no diferenciadas de los hogares individuales como productores de bienes y servicios para uso propio,10,10,,"100,0%",NaN
2102-Universidad Nacional Abierta y a Distancia - UNAD,54617-ESPECIALIZACION EN GESTION PUBLICA,Masculino,2010-2,2019,Dependiente,Actividades de servicios administrativos y de apoyo,1,1,,"100,0%",NaN
2102-Universidad Nacional Abierta y a Distancia - UNAD,54617-ESPECIALIZACION EN GESTION PUBLICA,Masculino,2010-2,2019,Dependiente,"Actividades profesionales, científicas y técnicas",39,39,,"100,0%",NaN
2102-Universidad Nacional Abierta y a Distancia - UNAD,54617-ESPECIALIZACION EN GESTION PUBLICA,Masculino,2010-2,2019,Dependiente,Administración pública y defensa; planes de seguridad social de afiliación obligatoria,16,16,,"100,0%",NaN
2102-Universidad Nacional Abierta y a Distancia - UNAD,54617-ESPECIALIZACION EN GESTION PUBLICA,Masculino,2010-2,2019,Dependiente,"Distribución de agua; evacuación y tratamiento de aguas residuales, gestión de desechos y actividades de saneamiento ambiental",5,5,,"100,0%",NaN
2102-Universidad Nacional Abierta y a Distancia - UNAD,54617-ESPECIALIZACION EN GESTION PUBLICA,Masculino,2010-2,2019,Independiente,Actividades de servicios administrativos y de apoyo,1,1,,"100,0%",NaN
2102-Universidad Nacional Abierta y a Distancia - UNAD,54617-ESPECIALIZACION EN GESTION PUBLICA,Masculino,2010-2,2019,Independiente,"Actividades profesionales, científicas y técnicas",4,4,,"100,0%",NaN
2102-Universidad Nacional Abierta y a Distancia - UNAD,54617-ESPECIALIZACION EN GESTION PUBLICA,Masculino,2010-2,2019,Independiente,Administración pública y defensa; planes de seguridad social de afiliación obligatoria,1,1,,"100,0%",NaN
2102-Universidad Nacional Abierta y a Distancia - UNAD,54617-ESPECIALIZACION EN GESTION PUBLICA,Masculino,2010-2,2019,Independiente,Información y comunicaciones,1,1,,"100,0%",NaN
2102-Universidad Nacional Abierta y a Distancia - UNAD,54617-ESPECIALIZACION EN GESTION PUBLICA,Masculino,2010-2,2019,Independiente,Sin información,1,1,,"100,0%",NaN
2102-Universidad Nacional Abierta y a Distancia - UNAD,54617-ESPECIALIZACION EN GESTION PUBLICA,Masculino,2010-2,2019,No cotizante,Sin información,13,0,,"0,0%",NaN
2102-Universidad Nacional Abierta y a Distancia - UNAD,54617-ESPECIALIZACION EN GESTION PUBLICA,Masculino,2010-2,2020,Dependiente,"Actividades artísticas, de entretenimiento y recreación",1,1,,"100,0%",NaN
2102-Universidad Nacional Abierta y a Distancia - UNAD,54617-ESPECIALIZACION EN GESTION PUBLICA,Masculino,2010-2,2020,Dependiente,Actividades de atención de la salud humana y de asistencia social,2,2,,"100,0%",NaN
2102-Universidad Nacional Abierta y a Distancia - UNAD,54617-ESPECIALIZACION EN GESTION PUBLICA,Masculino,2010-2,2020,Dependiente,Actividades de los hogares individuales en calidad de empleadores; actividades no diferenciadas de los hogares individuales como productores de bienes y servicios para uso propio,10,10,,"100,0%",NaN
2102-Universidad Nacional Abierta y a Distancia - UNAD,54617-ESPECIALIZACION EN GESTION PUBLICA,Masculino,2010-2,2020,Dependiente,Actividades de servicios administrativos y de apoyo,2,2,,"100,0%",NaN
2102-Universidad Nacional Abierta y a Distancia - UNAD,54617-ESPECIALIZACION EN GESTION PUBLICA,Masculino,2010-2,2020,Dependiente,"Actividades profesionales, científicas y técnicas",7,7,,"100,0%",NaN
2102-Universidad Nacional Abierta y a Distancia - UNAD,54617-ESPECIALIZACION EN GESTION PUBLICA,Masculino,2010-2,2020,Dependiente,Administración pública y defensa; planes de seguridad social de afiliación obligatoria,49,49,,"100,0%",NaN
2102-Universidad Nacional Abierta y a Distancia - UNAD,54617-ESPECIALIZACION EN GESTION PUBLICA,Masculino,2010-2,2020,Dependiente,"Distribución de agua; evacuación y tratamiento de aguas residuales, gestión de desechos y actividades de saneamiento ambiental",5,5,,"100,0%",NaN
2102-Universidad Nacional Abierta y a Distancia - UNAD,54617-ESPECIALIZACION EN GESTION PUBLICA,Masculino,2010-2,2020,Independiente,Actividades de servicios administrativos y de apoyo,1,1,,"100,0%",NaN
2102-Universidad Nacional Abierta y a Distancia - UNAD,54617-ESPECIALIZACION EN GESTION PUBLICA,Masculino,2010-2,2020,Independiente,"Actividades profesionales, científicas y técnicas",3,3,,"100,0%",NaN
2102-Universidad Nacional Abierta y a Distancia - UNAD,54617-ESPECIALIZACION EN GESTION PUBLICA,Masculino,2010-2,2020,Independiente,Administración pública y defensa; planes de seguridad social de afiliación obligatoria,1,1,,"100,0%",NaN
2102-Universidad Nacional Abierta y a Distancia - UNAD,54617-ESPECIALIZACION EN GESTION PUBLICA,Masculino,2010-2,2020,Independiente,Información y comunicaciones,1,1,,"100,0%",NaN
2102-Universidad Nacional Abierta y a Distancia - UNAD,54617-ESPECIALIZACION EN GESTION PUBLICA,Masculino,2010-2,2020,No cotizante,Sin información,13,0,,"0,0%",NaN
2102-Universidad Nacional Abierta y a Distancia - UNAD,54617-ESPECIALIZACION EN GESTION PUBLICA,Masculino,2010-2,2021,Dependiente,"Actividades artísticas, de entretenimiento y recreación",1,1,,"100,0%",NaN
2102-Universidad Nacional Abierta y a Distancia - UNAD,54617-ESPECIALIZACION EN GESTION PUBLICA,Masculino,2010-2,2021,Dependiente,Actividades de atención de la salud humana y de asistencia social,1,1,,"100,0%",NaN
2102-Universidad Nacional Abierta y a Distancia - UNAD,54617-ESPECIALIZACION EN GESTION PUBLICA,Masculino,2010-2,2021,Dependiente,Actividades de los hogares individuales en calidad de empleadores; actividades no diferenciadas de los hogares individuales como productores de bienes y servicios para uso propio,7,7,,"100,0%",NaN
2102-Universidad Nacional Abierta y a Distancia - UNAD,54617-ESPECIALIZACION EN GESTION PUBLICA,Masculino,2010-2,2021,Dependiente,Actividades de servicios administrativos y de apoyo,1,1,,"100,0%",NaN
2102-Universidad Nacional Abierta y a Distancia - UNAD,54617-ESPECIALIZACION EN GESTION PUBLICA,Masculino,2010-2,2021,Dependiente,"Actividades profesionales, científicas y técnicas",6,6,,"100,0%",NaN
2102-Universidad Nacional Abierta y a Distancia - UNAD,54617-ESPECIALIZACION EN GESTION PUBLICA,Masculino,2010-2,2021,Dependiente,Administración pública y defensa; planes de seguridad social de afiliación obligatoria,51,51,,"100,0%",NaN
2102-Universidad Nacional Abierta y a Distancia - UNAD,54617-ESPECIALIZACION EN GESTION PUBLICA,Masculino,2010-2,2021,Dependiente,"Distribución de agua; evacuación y tratamiento de aguas residuales, gestión de desechos y actividades de saneamiento ambiental",5,5,,"100,0%",NaN
2102-Universidad Nacional Abierta y a Distancia - UNAD,54617-ESPECIALIZACION EN GESTION PUBLICA,Masculino,2010-2,2021,Dependiente,Sin información,1,1,,"100,0%",NaN
2102-Universidad Nacional Abierta y a Distancia - UNAD,54617-ESPECIALIZACION EN GESTION PUBLICA,Masculino,2010-2,2021,Independiente,Actividades de servicios administrativos y de apoyo,1,1,,"100,0%",NaN
2102-Universidad Nacional Abierta y a Distancia - UNAD,54617-ESPECIALIZACION EN GESTION PUBLICA,Masculino,2010-2,2021,Independiente,"Actividades profesionales, científicas y técnicas",3,3,,"100,0%",NaN
2102-Universidad Nacional Abierta y a Distancia - UNAD,54617-ESPECIALIZACION EN GESTION PUBLICA,Masculino,2010-2,2021,Independiente,Administración pública y defensa; planes de seguridad social de afiliación obligatoria,1,1,,"100,0%",NaN
2102-Universidad Nacional Abierta y a Distancia - UNAD,54617-ESPECIALIZACION EN GESTION PUBLICA,Masculino,2010-2,2021,Independiente,Información y comunicaciones,1,1,,"100,0%",NaN
2102-Universidad Nacional Abierta y a Distancia - UNAD,54617-ESPECIALIZACION EN GESTION PUBLICA,Masculino,2010-2,2021,No cotizante,Sin información,15,0,,"0,0%",NaN
2102-Universidad Nacional Abierta y a Distancia - UNAD,54617-ESPECIALIZACION EN GESTION PUBLICA,Masculino,2010-2,2022,Dependiente,"Actividades artísticas, de entretenimiento y recreación",1,1,,"100,0%",NaN
2102-Universidad Nacional Abierta y a Distancia - UNAD,54617-ESPECIALIZACION EN GESTION PUBLICA,Masculino,2010-2,2022,Dependiente,Actividades de atención de la salud humana y de asistencia social,1,1,,"100,0%",NaN
2102-Universidad Nacional Abierta y a Distancia - UNAD,54617-ESPECIALIZACION EN GESTION PUBLICA,Masculino,2010-2,2022,Dependiente,Actividades de los hogares individuales en calidad de empleadores; actividades no diferenciadas de los hogares individuales como productores de bienes y servicios para uso propio,7,7,,"100,0%",NaN
2102-Universidad Nacional Abierta y a Distancia - UNAD,54617-ESPECIALIZACION EN GESTION PUBLICA,Masculino,2010-2,2022,Dependiente,Actividades de servicios administrativos y de apoyo,1,1,,"100,0%",NaN
2102-Universidad Nacional Abierta y a Distancia - UNAD,54617-ESPECIALIZACION EN GESTION PUBLICA,Masculino,2010-2,2022,Dependiente,"Actividades profesionales, científicas y técnicas",36,36,,"100,0%",NaN
2102-Universidad Nacional Abierta y a Distancia - UNAD,54617-ESPECIALIZACION EN GESTION PUBLICA,Masculino,2010-2,2022,Dependiente,Administración pública y defensa; planes de seguridad social de afiliación obligatoria,18,18,,"100,0%",NaN
2102-Universidad Nacional Abierta y a Distancia - UNAD,54617-ESPECIALIZACION EN GESTION PUBLICA,Masculino,2010-2,2022,Dependiente,"Distribución de agua; evacuación y tratamiento de aguas residuales, gestión de desechos y actividades de saneamiento ambiental",5,5,,"100,0%",NaN
2102-Universidad Nacional Abierta y a Distancia - UNAD,54617-ESPECIALIZACION EN GESTION PUBLICA,Masculino,2010-2,2022,Independiente,Actividades de servicios administrativos y de apoyo,1,1,,"100,0%",NaN
2102-Universidad Nacional Abierta y a Distancia - UNAD,54617-ESPECIALIZACION EN GESTION PUBLICA,Masculino,2010-2,2022,Independiente,Actividades financieras y de seguros,1,1,,"100,0%",NaN
2102-Universidad Nacional Abierta y a Distancia - UNAD,54617-ESPECIALIZACION EN GESTION PUBLICA,Masculino,2010-2,2022,Independiente,"Actividades profesionales, científicas y técnicas",2,2,,"100,0%",NaN
2102-Universidad Nacional Abierta y a Distancia - UNAD,54617-ESPECIALIZACION EN GESTION PUBLICA,Masculino,2010-2,2022,Independiente,Administración pública y defensa; planes de seguridad social de afiliación obligatoria,1,1,,"100,0%",NaN
2102-Universidad Nacional Abierta y a Distancia - UNAD,54617-ESPECIALIZACION EN GESTION PUBLICA,Masculino,2010-2,2022,Independiente,Información y comunicaciones,1,1,,"100,0%",NaN
2102-Universidad Nacional Abierta y a Distancia - UNAD,54617-ESPECIALIZACION EN GESTION PUBLICA,Masculino,2010-2,2022,No cotizante,SIN DATO,18,0,,"0,0%",NaN
2102-Universidad Nacional Abierta y a Distancia - UNAD,54617-ESPECIALIZACION EN GESTION PUBLICA,Masculino,2010-2,2023,Dependiente,"Actividades artísticas, de entretenimiento y recreación",1,1,,"100,0%",NaN
2102-Universidad Nacional Abierta y a Distancia - UNAD,54617-ESPECIALIZACION EN GESTION PUBLICA,Masculino,2010-2,2023,Dependiente,Actividades de atención de la salud humana y de asistencia social,1,1,,"100,0%",NaN
2102-Universidad Nacional Abierta y a Distancia - UNAD,54617-ESPECIALIZACION EN GESTION PUBLICA,Masculino,2010-2,2023,Dependiente,Actividades de los hogares individuales en calidad de empleadores; actividades no diferenciadas de los hogares individuales como productores de bienes y servicios para uso propio,7,7,,"100,0%",NaN
2102-Universidad Nacional Abierta y a Distancia - UNAD,54617-ESPECIALIZACION EN GESTION PUBLICA,Masculino,2010-2,2023,Dependiente,Actividades de servicios administrativos y de apoyo,1,1,,"100,0%",NaN
2102-Universidad Nacional Abierta y a Distancia - UNAD,54617-ESPECIALIZACION EN GESTION PUBLICA,Masculino,2010-2,2023,Dependiente,Actividades financieras y de seguros,1,1,,"100,0%",NaN
2102-Universidad Nacional Abierta y a Distancia - UNAD,54617-ESPECIALIZACION EN GESTION PUBLICA,Masculino,2010-2,2023,Dependiente,"Actividades profesionales, científicas y técnicas",3,3,,"100,0%",NaN
2102-Universidad Nacional Abierta y a Distancia - UNAD,54617-ESPECIALIZACION EN GESTION PUBLICA,Masculino,2010-2,2023,Dependiente,Administración pública y defensa; planes de seguridad social de afiliación obligatoria,46,46,,"100,0%",NaN
2102-Universidad Nacional Abierta y a Distancia - UNAD,54617-ESPECIALIZACION EN GESTION PUBLICA,Masculino,2010-2,2023,Dependiente,Comercio al por mayor y al por menor; reparación de vehículos automotores y motocicletas,1,1,,"100,0%",NaN
2102-Universidad Nacional Abierta y a Distancia - UNAD,54617-ESPECIALIZACION EN GESTION PUBLICA,Masculino,2010-2,2023,Dependiente,Construccion,1,1,,"100,0%",NaN
2102-Universidad Nacional Abierta y a Distancia - UNAD,54617-ESPECIALIZACION EN GESTION PUBLICA,Masculino,2010-2,2023,Dependiente,"Distribución de agua; evacuación y tratamiento de aguas residuales, gestión de desechos y actividades de saneamiento ambiental",5,5,,"100,0%",NaN
2102-Universidad Nacional Abierta y a Distancia - UNAD,54617-ESPECIALIZACION EN GESTION PUBLICA,Masculino,2010-2,2023,Independiente,Actividades de servicios administrativos y de apoyo,1,1,,"100,0%",NaN
2102-Universidad Nacional Abierta y a Distancia - UNAD,54617-ESPECIALIZACION EN GESTION PUBLICA,Masculino,2010-2,2023,Independiente,Actividades financieras y de seguros,1,1,,"100,0%",NaN
2102-Universidad Nacional Abierta y a Distancia - UNAD,54617-ESPECIALIZACION EN GESTION PUBLICA,Masculino,2010-2,2023,Independiente,"Actividades profesionales, científicas y técnicas",3,3,,"100,0%",NaN
2102-Universidad Nacional Abierta y a Distancia - UNAD,54617-ESPECIALIZACION EN GESTION PUBLICA,Masculino,2010-2,2023,Independiente,Administración pública y defensa; planes de seguridad social de afiliación obligatoria,1,1,,"100,0%",NaN
2102-Universidad Nacional Abierta y a Distancia - UNAD,54617-ESPECIALIZACION EN GESTION PUBLICA,Masculino,2010-2,2023,Independiente,Información y comunicaciones,1,1,,"100,0%",NaN
2102-Universidad Nacional Abierta y a Distancia - UNAD,54617-ESPECIALIZACION EN GESTION PUBLICA,Masculino,2010-2,2023,No cotizante,SIN DATO,19,0,,"0,0%",NaN
2102-Universidad Nacional Abierta y a Distancia - UNAD,10675-ESPECIALIZACION EN PEDAGOGIA PARA EL DESARROLLO DEL APRENDIZAJE AUTONOMO,Femenino,2010-2,2017,Dependiente,Actividades de organizaciones y entidades extraterritoriales,1,1,,"100,0%",NaN
2102-Universidad Nacional Abierta y a Distancia - UNAD,10675-ESPECIALIZACION EN PEDAGOGIA PARA EL DESARROLLO DEL APRENDIZAJE AUTONOMO,Femenino,2010-2,2017,Dependiente,"Actividades profesionales, científicas y técnicas",3,3,,"100,0%",NaN
2102-Universidad Nacional Abierta y a Distancia - UNAD,10675-ESPECIALIZACION EN PEDAGOGIA PARA EL DESARROLLO DEL APRENDIZAJE AUTONOMO,Femenino,2010-2,2017,Dependiente,Administración pública y defensa; planes de seguridad social de afiliación obligatoria,2,2,,"100,0%",NaN
2102-Universidad Nacional Abierta y a Distancia - UNAD,10675-ESPECIALIZACION EN PEDAGOGIA PARA EL DESARROLLO DEL APRENDIZAJE AUTONOMO,Femenino,2010-2,2017,Dependiente,"Distribución de agua; evacuación y tratamiento de aguas residuales, gestión de desechos y actividades de saneamiento ambiental",1,1,,"100,0%",NaN
2102-Universidad Nacional Abierta y a Distancia - UNAD,10675-ESPECIALIZACION EN PEDAGOGIA PARA EL DESARROLLO DEL APRENDIZAJE AUTONOMO,Femenino,2010-2,2017,Dependiente,Educación,1,1,,"100,0%",NaN
2102-Universidad Nacional Abierta y a Distancia - UNAD,10675-ESPECIALIZACION EN PEDAGOGIA PARA EL DESARROLLO DEL APRENDIZAJE AUTONOMO,Femenino,2010-2,2017,Dependiente,Sin información,1,1,,"100,0%",NaN
2102-Universidad Nacional Abierta y a Distancia - UNAD,10675-ESPECIALIZACION EN PEDAGOGIA PARA EL DESARROLLO DEL APRENDIZAJE AUTONOMO,Femenino,2010-2,2017,Independiente,"Actividades profesionales, científicas y técnicas",2,2,,"100,0%",NaN
2102-Universidad Nacional Abierta y a Distancia - UNAD,10675-ESPECIALIZACION EN PEDAGOGIA PARA EL DESARROLLO DEL APRENDIZAJE AUTONOMO,Femenino,2010-2,2017,Independiente,Sin información,2,2,,"100,0%",NaN
2102-Universidad Nacional Abierta y a Distancia - UNAD,10675-ESPECIALIZACION EN PEDAGOGIA PARA EL DESARROLLO DEL APRENDIZAJE AUTONOMO,Femenino,2010-2,2017,No cotizante,Sin información,3,0,,"0,0%",NaN
2102-Universidad Nacional Abierta y a Distancia - UNAD,10675-ESPECIALIZACION EN PEDAGOGIA PARA EL DESARROLLO DEL APRENDIZAJE AUTONOMO,Femenino,2010-2,2018,Dependiente,Actividades de organizaciones y entidades extraterritoriales,1,1,,"100,0%",NaN
2102-Universidad Nacional Abierta y a Distancia - UNAD,10675-ESPECIALIZACION EN PEDAGOGIA PARA EL DESARROLLO DEL APRENDIZAJE AUTONOMO,Femenino,2010-2,2018,Dependiente,Actividades inmobiliarias,1,1,,"100,0%",NaN
2102-Universidad Nacional Abierta y a Distancia - UNAD,10675-ESPECIALIZACION EN PEDAGOGIA PARA EL DESARROLLO DEL APRENDIZAJE AUTONOMO,Femenino,2010-2,2018,Dependiente,"Actividades profesionales, científicas y técnicas",3,3,,"100,0%",NaN
2102-Universidad Nacional Abierta y a Distancia - UNAD,10675-ESPECIALIZACION EN PEDAGOGIA PARA EL DESARROLLO DEL APRENDIZAJE AUTONOMO,Femenino,2010-2,2018,Dependiente,Administración pública y defensa; planes de seguridad social de afiliación obligatoria,2,2,,"100,0%",NaN
2102-Universidad Nacional Abierta y a Distancia - UNAD,10675-ESPECIALIZACION EN PEDAGOGIA PARA EL DESARROLLO DEL APRENDIZAJE AUTONOMO,Femenino,2010-2,2018,Dependiente,Comercio al por mayor y al por menor; reparación de vehículos automotores y motocicletas,1,1,,"100,0%",NaN
2102-Universidad Nacional Abierta y a Distancia - UNAD,10675-ESPECIALIZACION EN PEDAGOGIA PARA EL DESARROLLO DEL APRENDIZAJE AUTONOMO,Femenino,2010-2,2018,Dependiente,"Distribución de agua; evacuación y tratamiento de aguas residuales, gestión de desechos y actividades de saneamiento ambiental",1,1,,"100,0%",NaN
2102-Universidad Nacional Abierta y a Distancia - UNAD,10675-ESPECIALIZACION EN PEDAGOGIA PARA EL DESARROLLO DEL APRENDIZAJE AUTONOMO,Femenino,2010-2,2018,Dependiente,Educación,1,1,,"100,0%",NaN
2102-Universidad Nacional Abierta y a Distancia - UNAD,10675-ESPECIALIZACION EN PEDAGOGIA PARA EL DESARROLLO DEL APRENDIZAJE AUTONOMO,Femenino,2010-2,2018,Dependiente,Sin información,1,1,,"100,0%",NaN
2102-Universidad Nacional Abierta y a Distancia - UNAD,10675-ESPECIALIZACION EN PEDAGOGIA PARA EL DESARROLLO DEL APRENDIZAJE AUTONOMO,Femenino,2010-2,2018,Independiente,"Actividades profesionales, científicas y técnicas",1,1,,"100,0%",NaN
2102-Universidad Nacional Abierta y a Distancia - UNAD,10675-ESPECIALIZACION EN PEDAGOGIA PARA EL DESARROLLO DEL APRENDIZAJE AUTONOMO,Femenino,2010-2,2018,Independiente,Sin información,1,1,,"100,0%",NaN
2102-Universidad Nacional Abierta y a Distancia - UNAD,10675-ESPECIALIZACION EN PEDAGOGIA PARA EL DESARROLLO DEL APRENDIZAJE AUTONOMO,Femenino,2010-2,2018,No cotizante,Sin información,1,0,,"0,0%",NaN
2102-Universidad Nacional Abierta y a Distancia - UNAD,10675-ESPECIALIZACION EN PEDAGOGIA PARA EL DESARROLLO DEL APRENDIZAJE AUTONOMO,Femenino,2010-2,2019,Dependiente,Actividades de organizaciones y entidades extraterritoriales,1,1,,"100,0%",NaN
2102-Universidad Nacional Abierta y a Distancia - UNAD,10675-ESPECIALIZACION EN PEDAGOGIA PARA EL DESARROLLO DEL APRENDIZAJE AUTONOMO,Femenino,2010-2,2019,Dependiente,Actividades de servicios administrativos y de apoyo,1,1,,"100,0%",NaN
2102-Universidad Nacional Abierta y a Distancia - UNAD,10675-ESPECIALIZACION EN PEDAGOGIA PARA EL DESARROLLO DEL APRENDIZAJE AUTONOMO,Femenino,2010-2,2019,Dependiente,"Actividades profesionales, científicas y técnicas",2,2,,"100,0%",NaN
2102-Universidad Nacional Abierta y a Distancia - UNAD,10675-ESPECIALIZACION EN PEDAGOGIA PARA EL DESARROLLO DEL APRENDIZAJE AUTONOMO,Femenino,2010-2,2019,Dependiente,Administración pública y defensa; planes de seguridad social de afiliación obligatoria,4,4,,"100,0%",NaN
2102-Universidad Nacional Abierta y a Distancia - UNAD,10675-ESPECIALIZACION EN PEDAGOGIA PARA EL DESARROLLO DEL APRENDIZAJE AUTONOMO,Femenino,2010-2,2019,Dependiente,Educación,2,2,,"100,0%",NaN
2102-Universidad Nacional Abierta y a Distancia - UNAD,10675-ESPECIALIZACION EN PEDAGOGIA PARA EL DESARROLLO DEL APRENDIZAJE AUTONOMO,Femenino,2010-2,2019,Independiente,"Actividades profesionales, científicas y técnicas",2,2,,"100,0%",NaN
2102-Universidad Nacional Abierta y a Distancia - UNAD,10675-ESPECIALIZACION EN PEDAGOGIA PARA EL DESARROLLO DEL APRENDIZAJE AUTONOMO,Femenino,2010-2,2019,Independiente,Administración pública y defensa; planes de seguridad social de afiliación obligatoria,1,1,,"100,0%",NaN
2102-Universidad Nacional Abierta y a Distancia - UNAD,10675-ESPECIALIZACION EN PEDAGOGIA PARA EL DESARROLLO DEL APRENDIZAJE AUTONOMO,Femenino,2010-2,2019,No cotizante,Sin información,1,0,,"0,0%",NaN
2102-Universidad Nacional Abierta y a Distancia - UNAD,10675-ESPECIALIZACION EN PEDAGOGIA PARA EL DESARROLLO DEL APRENDIZAJE AUTONOMO,Femenino,2010-2,2020,Dependiente,Actividades de organizaciones y entidades extraterritoriales,1,1,,"100,0%",NaN
2102-Universidad Nacional Abierta y a Distancia - UNAD,10675-ESPECIALIZACION EN PEDAGOGIA PARA EL DESARROLLO DEL APRENDIZAJE AUTONOMO,Femenino,2010-2,2020,Dependiente,Actividades de servicios administrativos y de apoyo,1,1,,"100,0%",NaN
2102-Universidad Nacional Abierta y a Distancia - UNAD,10675-ESPECIALIZACION EN PEDAGOGIA PARA EL DESARROLLO DEL APRENDIZAJE AUTONOMO,Femenino,2010-2,2020,Dependiente,"Actividades profesionales, científicas y técnicas",2,2,,"100,0%",NaN
2102-Universidad Nacional Abierta y a Distancia - UNAD,10675-ESPECIALIZACION EN PEDAGOGIA PARA EL DESARROLLO DEL APRENDIZAJE AUTONOMO,Femenino,2010-2,2020,Dependiente,Administración pública y defensa; planes de seguridad social de afiliación obligatoria,3,3,,"100,0%",NaN
2102-Universidad Nacional Abierta y a Distancia - UNAD,10675-ESPECIALIZACION EN PEDAGOGIA PARA EL DESARROLLO DEL APRENDIZAJE AUTONOMO,Femenino,2010-2,2020,Dependiente,Educación,2,2,,"100,0%",NaN
2102-Universidad Nacional Abierta y a Distancia - UNAD,10675-ESPECIALIZACION EN PEDAGOGIA PARA EL DESARROLLO DEL APRENDIZAJE AUTONOMO,Femenino,2010-2,2020,Independiente,"Actividades profesionales, científicas y técnicas",2,2,,"100,0%",NaN
2102-Universidad Nacional Abierta y a Distancia - UNAD,10675-ESPECIALIZACION EN PEDAGOGIA PARA EL DESARROLLO DEL APRENDIZAJE AUTONOMO,Femenino,2010-2,2020,Independiente,Administración pública y defensa; planes de seguridad social de afiliación obligatoria,1,1,,"100,0%",NaN
2102-Universidad Nacional Abierta y a Distancia - UNAD,10675-ESPECIALIZACION EN PEDAGOGIA PARA EL DESARROLLO DEL APRENDIZAJE AUTONOMO,Femenino,2010-2,2020,Independiente,Educación,1,1,,"100,0%",NaN
2102-Universidad Nacional Abierta y a Distancia - UNAD,10675-ESPECIALIZACION EN PEDAGOGIA PARA EL DESARROLLO DEL APRENDIZAJE AUTONOMO,Femenino,2010-2,2020,No cotizante,Sin información,1,0,,"0,0%",NaN
2102-Universidad Nacional Abierta y a Distancia - UNAD,10675-ESPECIALIZACION EN PEDAGOGIA PARA EL DESARROLLO DEL APRENDIZAJE AUTONOMO,Femenino,2010-2,2021,Dependiente,Actividades de organizaciones y entidades extraterritoriales,1,1,,"100,0%",NaN
2102-Universidad Nacional Abierta y a Distancia - UNAD,10675-ESPECIALIZACION EN PEDAGOGIA PARA EL DESARROLLO DEL APRENDIZAJE AUTONOMO,Femenino,2010-2,2021,Dependiente,Actividades de servicios administrativos y de apoyo,1,1,,"100,0%",NaN
2102-Universidad Nacional Abierta y a Distancia - UNAD,10675-ESPECIALIZACION EN PEDAGOGIA PARA EL DESARROLLO DEL APRENDIZAJE AUTONOMO,Femenino,2010-2,2021,Dependiente,"Actividades profesionales, científicas y técnicas",1,1,,"100,0%",NaN
2102-Universidad Nacional Abierta y a Distancia - UNAD,10675-ESPECIALIZACION EN PEDAGOGIA PARA EL DESARROLLO DEL APRENDIZAJE AUTONOMO,Femenino,2010-2,2021,Dependiente,Administración pública y defensa; planes de seguridad social de afiliación obligatoria,4,4,,"100,0%",NaN
2102-Universidad Nacional Abierta y a Distancia - UNAD,10675-ESPECIALIZACION EN PEDAGOGIA PARA EL DESARROLLO DEL APRENDIZAJE AUTONOMO,Femenino,2010-2,2021,Dependiente,Educación,1,1,,"100,0%",NaN
2102-Universidad Nacional Abierta y a Distancia - UNAD,10675-ESPECIALIZACION EN PEDAGOGIA PARA EL DESARROLLO DEL APRENDIZAJE AUTONOMO,Femenino,2010-2,2021,Independiente,"Actividades profesionales, científicas y técnicas",2,2,,"100,0%",NaN
2102-Universidad Nacional Abierta y a Distancia - UNAD,10675-ESPECIALIZACION EN PEDAGOGIA PARA EL DESARROLLO DEL APRENDIZAJE AUTONOMO,Femenino,2010-2,2021,Independiente,Administración pública y defensa; planes de seguridad social de afiliación obligatoria,1,1,,"100,0%",NaN
2102-Universidad Nacional Abierta y a Distancia - UNAD,10675-ESPECIALIZACION EN PEDAGOGIA PARA EL DESARROLLO DEL APRENDIZAJE AUTONOMO,Femenino,2010-2,2021,No cotizante,Sin información,3,0,,"0,0%",NaN
2102-Universidad Nacional Abierta y a Distancia - UNAD,10675-ESPECIALIZACION EN PEDAGOGIA PARA EL DESARROLLO DEL APRENDIZAJE AUTONOMO,Femenino,2010-2,2022,Dependiente,Actividades de servicios administrativos y de apoyo,2,2,,"100,0%",NaN
2102-Universidad Nacional Abierta y a Distancia - UNAD,10675-ESPECIALIZACION EN PEDAGOGIA PARA EL DESARROLLO DEL APRENDIZAJE AUTONOMO,Femenino,2010-2,2022,Dependiente,"Actividades profesionales, científicas y técnicas",1,1,,"100,0%",NaN
2102-Universidad Nacional Abierta y a Distancia - UNAD,10675-ESPECIALIZACION EN PEDAGOGIA PARA EL DESARROLLO DEL APRENDIZAJE AUTONOMO,Femenino,2010-2,2022,Dependiente,Administración pública y defensa; planes de seguridad social de afiliación obligatoria,4,4,,"100,0%",NaN
2102-Universidad Nacional Abierta y a Distancia - UNAD,10675-ESPECIALIZACION EN PEDAGOGIA PARA EL DESARROLLO DEL APRENDIZAJE AUTONOMO,Femenino,2010-2,2022,Dependiente,Educación,1,1,,"100,0%",NaN
2102-Universidad Nacional Abierta y a Distancia - UNAD,10675-ESPECIALIZACION EN PEDAGOGIA PARA EL DESARROLLO DEL APRENDIZAJE AUTONOMO,Femenino,2010-2,2022,Independiente,"Actividades profesionales, científicas y técnicas",2,2,,"100,0%",NaN
2102-Universidad Nacional Abierta y a Distancia - UNAD,10675-ESPECIALIZACION EN PEDAGOGIA PARA EL DESARROLLO DEL APRENDIZAJE AUTONOMO,Femenino,2010-2,2022,Independiente,Administración pública y defensa; planes de seguridad social de afiliación obligatoria,1,1,,"100,0%",NaN
2102-Universidad Nacional Abierta y a Distancia - UNAD,10675-ESPECIALIZACION EN PEDAGOGIA PARA EL DESARROLLO DEL APRENDIZAJE AUTONOMO,Femenino,2010-2,2022,No cotizante,SIN DATO,3,0,,"0,0%",NaN
2102-Universidad Nacional Abierta y a Distancia - UNAD,10675-ESPECIALIZACION EN PEDAGOGIA PARA EL DESARROLLO DEL APRENDIZAJE AUTONOMO,Femenino,2010-2,2023,Dependiente,Actividades de servicios administrativos y de apoyo,2,2,,"100,0%",NaN
2102-Universidad Nacional Abierta y a Distancia - UNAD,10675-ESPECIALIZACION EN PEDAGOGIA PARA EL DESARROLLO DEL APRENDIZAJE AUTONOMO,Femenino,2010-2,2023,Dependiente,Administración pública y defensa; planes de seguridad social de afiliación obligatoria,3,3,,"100,0%",NaN
2102-Universidad Nacional Abierta y a Distancia - UNAD,10675-ESPECIALIZACION EN PEDAGOGIA PARA EL DESARROLLO DEL APRENDIZAJE AUTONOMO,Femenino,2010-2,2023,Dependiente,Educación,1,1,,"100,0%",NaN
2102-Universidad Nacional Abierta y a Distancia - UNAD,10675-ESPECIALIZACION EN PEDAGOGIA PARA EL DESARROLLO DEL APRENDIZAJE AUTONOMO,Femenino,2010-2,2023,Independiente,"Actividades profesionales, científicas y técnicas",2,2,,"100,0%",NaN
2102-Universidad Nacional Abierta y a Distancia - UNAD,10675-ESPECIALIZACION EN PEDAGOGIA PARA EL DESARROLLO DEL APRENDIZAJE AUTONOMO,Femenino,2010-2,2023,Independiente,Administración pública y defensa; planes de seguridad social de afiliación obligatoria,1,1,,"100,0%",NaN
2102-Universidad Nacional Abierta y a Distancia - UNAD,10675-ESPECIALIZACION EN PEDAGOGIA PARA EL DESARROLLO DEL APRENDIZAJE AUTONOMO,Femenino,2010-2,2023,Independiente,Educación,1,1,,"100,0%",NaN
2102-Universidad Nacional Abierta y a Distancia - UNAD,10675-ESPECIALIZACION EN PEDAGOGIA PARA EL DESARROLLO DEL APRENDIZAJE AUTONOMO,Femenino,2010-2,2023,No cotizante,SIN DATO,3,0,,"0,0%",NaN
2102-Universidad Nacional Abierta y a Distancia - UNAD,10675-ESPECIALIZACION EN PEDAGOGIA PARA EL DESARROLLO DEL APRENDIZAJE AUTONOMO,Masculino,2010-2,2017,Dependiente,"Actividades profesionales, científicas y técnicas",1,1,,"100,0%",NaN
2102-Universidad Nacional Abierta y a Distancia - UNAD,10675-ESPECIALIZACION EN PEDAGOGIA PARA EL DESARROLLO DEL APRENDIZAJE AUTONOMO,Masculino,2010-2,2017,Dependiente,Educación,1,1,,"100,0%",NaN
2102-Universidad Nacional Abierta y a Distancia - UNAD,10675-ESPECIALIZACION EN PEDAGOGIA PARA EL DESARROLLO DEL APRENDIZAJE AUTONOMO,Masculino,2010-2,2017,Dependiente,Sin información,1,1,,"100,0%",NaN
2102-Universidad Nacional Abierta y a Distancia - UNAD,10675-ESPECIALIZACION EN PEDAGOGIA PARA EL DESARROLLO DEL APRENDIZAJE AUTONOMO,Masculino,2010-2,2017,Independiente,Comercio al por mayor y al por menor; reparación de vehículos automotores y motocicletas,1,1,,"100,0%",NaN
2102-Universidad Nacional Abierta y a Distancia - UNAD,10675-ESPECIALIZACION EN PEDAGOGIA PARA EL DESARROLLO DEL APRENDIZAJE AUTONOMO,Masculino,2010-2,2017,No cotizante,Sin información,1,0,,"0,0%",NaN
2102-Universidad Nacional Abierta y a Distancia - UNAD,10675-ESPECIALIZACION EN PEDAGOGIA PARA EL DESARROLLO DEL APRENDIZAJE AUTONOMO,Masculino,2010-2,2018,Dependiente,"Actividades profesionales, científicas y técnicas",1,1,,"100,0%",NaN
2102-Universidad Nacional Abierta y a Distancia - UNAD,10675-ESPECIALIZACION EN PEDAGOGIA PARA EL DESARROLLO DEL APRENDIZAJE AUTONOMO,Masculino,2010-2,2018,Dependiente,Educación,1,1,,"100,0%",NaN
2102-Universidad Nacional Abierta y a Distancia - UNAD,10675-ESPECIALIZACION EN PEDAGOGIA PARA EL DESARROLLO DEL APRENDIZAJE AUTONOMO,Masculino,2010-2,2018,Dependiente,Sin información,1,1,,"100,0%",NaN
2102-Universidad Nacional Abierta y a Distancia - UNAD,10675-ESPECIALIZACION EN PEDAGOGIA PARA EL DESARROLLO DEL APRENDIZAJE AUTONOMO,Masculino,2010-2,2018,Independiente,Comercio al por mayor y al por menor; reparación de vehículos automotores y motocicletas,1,1,,"100,0%",NaN
2102-Universidad Nacional Abierta y a Distancia - UNAD,10675-ESPECIALIZACION EN PEDAGOGIA PARA EL DESARROLLO DEL APRENDIZAJE AUTONOMO,Masculino,2010-2,2018,No cotizante,Sin información,1,0,,"0,0%",NaN
2102-Universidad Nacional Abierta y a Distancia - UNAD,10675-ESPECIALIZACION EN PEDAGOGIA PARA EL DESARROLLO DEL APRENDIZAJE AUTONOMO,Masculino,2010-2,2019,Dependiente,"Actividades profesionales, científicas y técnicas",2,2,,"100,0%",NaN
2102-Universidad Nacional Abierta y a Distancia - UNAD,10675-ESPECIALIZACION EN PEDAGOGIA PARA EL DESARROLLO DEL APRENDIZAJE AUTONOMO,Masculino,2010-2,2019,Dependiente,Educación,1,1,,"100,0%",NaN
2102-Universidad Nacional Abierta y a Distancia - UNAD,10675-ESPECIALIZACION EN PEDAGOGIA PARA EL DESARROLLO DEL APRENDIZAJE AUTONOMO,Masculino,2010-2,2019,No cotizante,Sin información,2,0,,"0,0%",NaN
2102-Universidad Nacional Abierta y a Distancia - UNAD,10675-ESPECIALIZACION EN PEDAGOGIA PARA EL DESARROLLO DEL APRENDIZAJE AUTONOMO,Masculino,2010-2,2020,Dependiente,"Actividades profesionales, científicas y técnicas",2,2,,"100,0%",NaN
2102-Universidad Nacional Abierta y a Distancia - UNAD,10675-ESPECIALIZACION EN PEDAGOGIA PARA EL DESARROLLO DEL APRENDIZAJE AUTONOMO,Masculino,2010-2,2020,Dependiente,Educación,1,1,,"100,0%",NaN
2102-Universidad Nacional Abierta y a Distancia - UNAD,10675-ESPECIALIZACION EN PEDAGOGIA PARA EL DESARROLLO DEL APRENDIZAJE AUTONOMO,Masculino,2010-2,2020,No cotizante,Sin información,2,0,,"0,0%",NaN
2102-Universidad Nacional Abierta y a Distancia - UNAD,10675-ESPECIALIZACION EN PEDAGOGIA PARA EL DESARROLLO DEL APRENDIZAJE AUTONOMO,Masculino,2010-2,2021,Dependiente,"Actividades profesionales, científicas y técnicas",2,2,,"100,0%",NaN
2102-Universidad Nacional Abierta y a Distancia - UNAD,10675-ESPECIALIZACION EN PEDAGOGIA PARA EL DESARROLLO DEL APRENDIZAJE AUTONOMO,Masculino,2010-2,2021,Dependiente,Educación,1,1,,"100,0%",NaN
2102-Universidad Nacional Abierta y a Distancia - UNAD,10675-ESPECIALIZACION EN PEDAGOGIA PARA EL DESARROLLO DEL APRENDIZAJE AUTONOMO,Masculino,2010-2,2021,No cotizante,Sin información,2,0,,"0,0%",NaN
2102-Universidad Nacional Abierta y a Distancia - UNAD,10675-ESPECIALIZACION EN PEDAGOGIA PARA EL DESARROLLO DEL APRENDIZAJE AUTONOMO,Masculino,2010-2,2022,Dependiente,"Actividades profesionales, científicas y técnicas",2,2,,"100,0%",NaN
2102-Universidad Nacional Abierta y a Distancia - UNAD,10675-ESPECIALIZACION EN PEDAGOGIA PARA EL DESARROLLO DEL APRENDIZAJE AUTONOMO,Masculino,2010-2,2022,Dependiente,Educación,1,1,,"100,0%",NaN
2102-Universidad Nacional Abierta y a Distancia - UNAD,10675-ESPECIALIZACION EN PEDAGOGIA PARA EL DESARROLLO DEL APRENDIZAJE AUTONOMO,Masculino,2010-2,2022,No cotizante,SIN DATO,1,0,,"0,0%",NaN
2102-Universidad Nacional Abierta y a Distancia - UNAD,10675-ESPECIALIZACION EN PEDAGOGIA PARA EL DESARROLLO DEL APRENDIZAJE AUTONOMO,Masculino,2010-2,2023,Dependiente,"Actividades profesionales, científicas y técnicas",2,2,,"100,0%",NaN
2102-Universidad Nacional Abierta y a Distancia - UNAD,10675-ESPECIALIZACION EN PEDAGOGIA PARA EL DESARROLLO DEL APRENDIZAJE AUTONOMO,Masculino,2010-2,2023,Dependiente,Educación,1,1,,"100,0%",NaN
2102-Universidad Nacional Abierta y a Distancia - UNAD,10675-ESPECIALIZACION EN PEDAGOGIA PARA EL DESARROLLO DEL APRENDIZAJE AUTONOMO,Masculino,2010-2,2023,No cotizante,SIN DATO,1,0,,"0,0%",NaN
2102-Universidad Nacional Abierta y a Distancia - UNAD,53031-ESPECIALIZACION EN PROCESOS DE ALIMENTOS Y BIOMATERIALES,Masculino,2010-2,2016,Dependiente,Administración pública y defensa; planes de seguridad social de afiliación obligatoria,1,1,,"100,0%",$2.147.000
2102-Universidad Nacional Abierta y a Distancia - UNAD,53031-ESPECIALIZACION EN PROCESOS DE ALIMENTOS Y BIOMATERIALES,Masculino,2010-2,2016,Dependiente,Industrias manufactureras,1,1,,"100,0%",$5.991.000
2102-Universidad Nacional Abierta y a Distancia - UNAD,53031-ESPECIALIZACION EN PROCESOS DE ALIMENTOS Y BIOMATERIALES,Masculino,2010-2,2016,Independiente,Educación,1,1,,"100,0%",NaN
2102-Universidad Nacional Abierta y a Distancia - UNAD,53031-ESPECIALIZACION EN PROCESOS DE ALIMENTOS Y BIOMATERIALES,Masculino,2010-2,2017,Dependiente,Actividades de servicios administrativos y de apoyo,1,1,,"100,0%",NaN
2102-Universidad Nacional Abierta y a Distancia - UNAD,53031-ESPECIALIZACION EN PROCESOS DE ALIMENTOS Y BIOMATERIALES,Masculino,2010-2,2017,Dependiente,Industrias manufactureras,1,1,,"100,0%",NaN
2102-Universidad Nacional Abierta y a Distancia - UNAD,53031-ESPECIALIZACION EN PROCESOS DE ALIMENTOS Y BIOMATERIALES,Masculino,2010-2,2017,Dependiente,Sin información,1,1,,"100,0%",NaN
2102-Universidad Nacional Abierta y a Distancia - UNAD,53031-ESPECIALIZACION EN PROCESOS DE ALIMENTOS Y BIOMATERIALES,Masculino,2010-2,2018,Dependiente,Industrias manufactureras,1,1,,"100,0%",NaN
2102-Universidad Nacional Abierta y a Distancia - UNAD,53031-ESPECIALIZACION EN PROCESOS DE ALIMENTOS Y BIOMATERIALES,Masculino,2010-2,2018,Dependiente,Sin información,2,2,,"100,0%",NaN
2102-Universidad Nacional Abierta y a Distancia - UNAD,53031-ESPECIALIZACION EN PROCESOS DE ALIMENTOS Y BIOMATERIALES,Masculino,2010-2,2019,Dependiente,Industrias manufactureras,1,1,,"100,0%",NaN
2102-Universidad Nacional Abierta y a Distancia - UNAD,53031-ESPECIALIZACION EN PROCESOS DE ALIMENTOS Y BIOMATERIALES,Masculino,2010-2,2020,Dependiente,Industrias manufactureras,1,1,,"100,0%",NaN
2102-Universidad Nacional Abierta y a Distancia - UNAD,53031-ESPECIALIZACION EN PROCESOS DE ALIMENTOS Y BIOMATERIALES,Masculino,2010-2,2021,Dependiente,Industrias manufactureras,1,1,,"100,0%",NaN
2102-Universidad Nacional Abierta y a Distancia - UNAD,53031-ESPECIALIZACION EN PROCESOS DE ALIMENTOS Y BIOMATERIALES,Masculino,2010-2,2022,Dependiente,Industrias manufactureras,1,1,,"100,0%",NaN
2102-Universidad Nacional Abierta y a Distancia - UNAD,53031-ESPECIALIZACION EN PROCESOS DE ALIMENTOS Y BIOMATERIALES,Masculino,2010-2,2023,Dependiente,Industrias manufactureras,1,1,,"100,0%",NaN
2102-Universidad Nacional Abierta y a Distancia - UNAD,4074-FILOSOFIA,Masculino,2010-2,2016,Dependiente,Educación,3,3,,"100,0%",$3.092.247
2102-Universidad Nacional Abierta y a Distancia - UNAD,4074-FILOSOFIA,Masculino,2010-2,2016,No cotizante,Sin información,1,0,,"0,0%",NaN
2102-Universidad Nacional Abierta y a Distancia - UNAD,4074-FILOSOFIA,Masculino,2010-2,2017,Dependiente,Otras actividades de servicios,1,1,,"100,0%",NaN
2102-Universidad Nacional Abierta y a Distancia - UNAD,4074-FILOSOFIA,Masculino,2010-2,2017,Independiente,Información y comunicaciones,1,1,,"100,0%",NaN
2102-Universidad Nacional Abierta y a Distancia - UNAD,4074-FILOSOFIA,Masculino,2010-2,2017,No cotizante,Sin información,1,0,,"0,0%",NaN
2102-Universidad Nacional Abierta y a Distancia - UNAD,4074-FILOSOFIA,Masculino,2010-2,2018,Dependiente,Otras actividades de servicios,1,1,,"100,0%",NaN
2102-Universidad Nacional Abierta y a Distancia - UNAD,4074-FILOSOFIA,Masculino,2010-2,2018,Independiente,Información y comunicaciones,1,1,,"100,0%",NaN
2102-Universidad Nacional Abierta y a Distancia - UNAD,4074-FILOSOFIA,Masculino,2010-2,2018,No cotizante,Sin información,1,0,,"0,0%",NaN
2102-Universidad Nacional Abierta y a Distancia - UNAD,4074-FILOSOFIA,Masculino,2010-2,2019,Dependiente,Administración pública y defensa; planes de seguridad social de afiliación obligatoria,1,1,,"100,0%",NaN
2102-Universidad Nacional Abierta y a Distancia - UNAD,4074-FILOSOFIA,Masculino,2010-2,2019,Independiente,Información y comunicaciones,1,1,,"100,0%",NaN
2102-Universidad Nacional Abierta y a Distancia - UNAD,4074-FILOSOFIA,Masculino,2010-2,2019,No cotizante,Sin información,1,0,,"0,0%",NaN
2102-Universidad Nacional Abierta y a Distancia - UNAD,4074-FILOSOFIA,Masculino,2010-2,2020,Dependiente,Administración pública y defensa; planes de seguridad social de afiliación obligatoria,1,1,,"100,0%",NaN
2102-Universidad Nacional Abierta y a Distancia - UNAD,4074-FILOSOFIA,Masculino,2010-2,2020,Dependiente,Educación,1,1,,"100,0%",NaN
2102-Universidad Nacional Abierta y a Distancia - UNAD,4074-FILOSOFIA,Masculino,2010-2,2020,No cotizante,Sin información,2,0,,"0,0%",NaN
2102-Universidad Nacional Abierta y a Distancia - UNAD,4074-FILOSOFIA,Masculino,2010-2,2021,Dependiente,Administración pública y defensa; planes de seguridad social de afiliación obligatoria,1,1,,"100,0%",NaN
2102-Universidad Nacional Abierta y a Distancia - UNAD,4074-FILOSOFIA,Masculino,2010-2,2021,Dependiente,Educación,1,1,,"100,0%",NaN
2102-Universidad Nacional Abierta y a Distancia - UNAD,4074-FILOSOFIA,Masculino,2010-2,2021,No cotizante,Sin información,2,0,,"0,0%",NaN
2102-Universidad Nacional Abierta y a Distancia - UNAD,4074-FILOSOFIA,Masculino,2010-2,2022,Dependiente,Administración pública y defensa; planes de seguridad social de afiliación obligatoria,1,1,,"100,0%",NaN
2102-Universidad Nacional Abierta y a Distancia - UNAD,4074-FILOSOFIA,Masculino,2010-2,2022,Dependiente,Educación,1,1,,"100,0%",NaN
2102-Universidad Nacional Abierta y a Distancia - UNAD,4074-FILOSOFIA,Masculino,2010-2,2022,No cotizante,SIN DATO,2,0,,"0,0%",NaN
2102-Universidad Nacional Abierta y a Distancia - UNAD,4074-FILOSOFIA,Masculino,2010-2,2023,Dependiente,Administración pública y defensa; planes de seguridad social de afiliación obligatoria,1,1,,"100,0%",NaN
2102-Universidad Nacional Abierta y a Distancia - UNAD,4074-FILOSOFIA,Masculino,2010-2,2023,Independiente,Información y comunicaciones,1,1,,"100,0%",NaN
2102-Universidad Nacional Abierta y a Distancia - UNAD,4074-FILOSOFIA,Masculino,2010-2,2023,No cotizante,SIN DATO,2,0,,"0,0%",NaN
2102-Universidad Nacional Abierta y a Distancia - UNAD,1689-INGENIERIA DE ALIMENTOS,Femenino,2010-2,2016,Dependiente,"Actividades profesionales, científicas y técnicas",3,3,,"100,0%",$3.676.333
2102-Universidad Nacional Abierta y a Distancia - UNAD,1689-INGENIERIA DE ALIMENTOS,Femenino,2010-2,2016,Dependiente,"Agricultura, ganadería, caza, silvicultura y pesca",3,3,,"100,0%",$3.341.143
2102-Universidad Nacional Abierta y a Distancia - UNAD,1689-INGENIERIA DE ALIMENTOS,Femenino,2010-2,2016,Dependiente,Alojamiento y servicios de comida,1,1,,"100,0%",$2.000.000
2102-Universidad Nacional Abierta y a Distancia - UNAD,1689-INGENIERIA DE ALIMENTOS,Femenino,2010-2,2016,Dependiente,Comercio al por mayor y al por menor; reparación de vehículos automotores y motocicletas,1,1,,"100,0%",$3.073.000
2102-Universidad Nacional Abierta y a Distancia - UNAD,1689-INGENIERIA DE ALIMENTOS,Femenino,2010-2,2016,Dependiente,Construccion,1,1,,"100,0%",$1.404.000
2102-Universidad Nacional Abierta y a Distancia - UNAD,1689-INGENIERIA DE ALIMENTOS,Femenino,2010-2,2016,Dependiente,Explotación de minas y canteras,1,1,,"100,0%",$1.855.000
2102-Universidad Nacional Abierta y a Distancia - UNAD,1689-INGENIERIA DE ALIMENTOS,Femenino,2010-2,2016,Dependiente,Industrias manufactureras,2,2,,"100,0%",$894.728
2102-Universidad Nacional Abierta y a Distancia - UNAD,1689-INGENIERIA DE ALIMENTOS,Femenino,2010-2,2016,Dependiente,Sin información,2,2,,"100,0%",$1.922.728
2102-Universidad Nacional Abierta y a Distancia - UNAD,1689-INGENIERIA DE ALIMENTOS,Femenino,2010-2,2016,Dependiente,Transporte y almacenamiento,1,1,,"100,0%",$1.679.000
2102-Universidad Nacional Abierta y a Distancia - UNAD,1689-INGENIERIA DE ALIMENTOS,Femenino,2010-2,2016,Independiente,"Actividades profesionales, científicas y técnicas",4,4,,"100,0%",NaN
2102-Universidad Nacional Abierta y a Distancia - UNAD,1689-INGENIERIA DE ALIMENTOS,Femenino,2010-2,2016,Independiente,Comercio al por mayor y al por menor; reparación de vehículos automotores y motocicletas,1,1,,"100,0%",NaN
2102-Universidad Nacional Abierta y a Distancia - UNAD,1689-INGENIERIA DE ALIMENTOS,Femenino,2010-2,2016,Independiente,Información y comunicaciones,2,2,,"100,0%",NaN
2102-Universidad Nacional Abierta y a Distancia - UNAD,1689-INGENIERIA DE ALIMENTOS,Femenino,2010-2,2016,Independiente,Sin información,2,2,,"100,0%",NaN
2102-Universidad Nacional Abierta y a Distancia - UNAD,1689-INGENIERIA DE ALIMENTOS,Femenino,2010-2,2016,No cotizante,Sin información,3,0,,"0,0%",NaN
2102-Universidad Nacional Abierta y a Distancia - UNAD,1689-INGENIERIA DE ALIMENTOS,Femenino,2010-2,2017,Dependiente,Actividades de servicios administrativos y de apoyo,1,1,,"100,0%",NaN
2102-Universidad Nacional Abierta y a Distancia - UNAD,1689-INGENIERIA DE ALIMENTOS,Femenino,2010-2,2017,Dependiente,"Actividades profesionales, científicas y técnicas",4,4,,"100,0%",NaN
2102-Universidad Nacional Abierta y a Distancia - UNAD,1689-INGENIERIA DE ALIMENTOS,Femenino,2010-2,2017,Dependiente,"Agricultura, ganadería, caza, silvicultura y pesca",1,1,,"100,0%",NaN
2102-Universidad Nacional Abierta y a Distancia - UNAD,1689-INGENIERIA DE ALIMENTOS,Femenino,2010-2,2017,Dependiente,Alojamiento y servicios de comida,1,1,,"100,0%",NaN
2102-Universidad Nacional Abierta y a Distancia - UNAD,1689-INGENIERIA DE ALIMENTOS,Femenino,2010-2,2017,Dependiente,Comercio al por mayor y al por menor; reparación de vehículos automotores y motocicletas,1,1,,"100,0%",NaN
2102-Universidad Nacional Abierta y a Distancia - UNAD,1689-INGENIERIA DE ALIMENTOS,Femenino,2010-2,2017,Dependiente,Industrias manufactureras,3,3,,"100,0%",NaN
2102-Universidad Nacional Abierta y a Distancia - UNAD,1689-INGENIERIA DE ALIMENTOS,Femenino,2010-2,2017,Dependiente,Información y comunicaciones,1,1,,"100,0%",NaN
2102-Universidad Nacional Abierta y a Distancia - UNAD,1689-INGENIERIA DE ALIMENTOS,Femenino,2010-2,2017,Dependiente,Otras actividades de servicios,1,1,,"100,0%",NaN
2102-Universidad Nacional Abierta y a Distancia - UNAD,1689-INGENIERIA DE ALIMENTOS,Femenino,2010-2,2017,Dependiente,Sin información,1,1,,"100,0%",NaN
2102-Universidad Nacional Abierta y a Distancia - UNAD,1689-INGENIERIA DE ALIMENTOS,Femenino,2010-2,2017,Independiente,"Actividades profesionales, científicas y técnicas",5,5,,"100,0%",NaN
2102-Universidad Nacional Abierta y a Distancia - UNAD,1689-INGENIERIA DE ALIMENTOS,Femenino,2010-2,2017,Independiente,Comercio al por mayor y al por menor; reparación de vehículos automotores y motocicletas,1,1,,"100,0%",NaN
2102-Universidad Nacional Abierta y a Distancia - UNAD,1689-INGENIERIA DE ALIMENTOS,Femenino,2010-2,2017,Independiente,Sin información,3,3,,"100,0%",NaN
2102-Universidad Nacional Abierta y a Distancia - UNAD,1689-INGENIERIA DE ALIMENTOS,Femenino,2010-2,2017,No cotizante,Sin información,3,0,,"0,0%",NaN
2102-Universidad Nacional Abierta y a Distancia - UNAD,1689-INGENIERIA DE ALIMENTOS,Femenino,2010-2,2018,Dependiente,Actividades de servicios administrativos y de apoyo,3,3,,"100,0%",NaN
2102-Universidad Nacional Abierta y a Distancia - UNAD,1689-INGENIERIA DE ALIMENTOS,Femenino,2010-2,2018,Dependiente,"Actividades profesionales, científicas y técnicas",3,3,,"100,0%",NaN
2102-Universidad Nacional Abierta y a Distancia - UNAD,1689-INGENIERIA DE ALIMENTOS,Femenino,2010-2,2018,Dependiente,"Agricultura, ganadería, caza, silvicultura y pesca",1,1,,"100,0%",NaN
2102-Universidad Nacional Abierta y a Distancia - UNAD,1689-INGENIERIA DE ALIMENTOS,Femenino,2010-2,2018,Dependiente,Alojamiento y servicios de comida,1,1,,"100,0%",NaN
2102-Universidad Nacional Abierta y a Distancia - UNAD,1689-INGENIERIA DE ALIMENTOS,Femenino,2010-2,2018,Dependiente,Comercio al por mayor y al por menor; reparación de vehículos automotores y motocicletas,1,1,,"100,0%",NaN
2102-Universidad Nacional Abierta y a Distancia - UNAD,1689-INGENIERIA DE ALIMENTOS,Femenino,2010-2,2018,Dependiente,Educación,1,1,,"100,0%",NaN
2102-Universidad Nacional Abierta y a Distancia - UNAD,1689-INGENIERIA DE ALIMENTOS,Femenino,2010-2,2018,Dependiente,Industrias manufactureras,2,2,,"100,0%",NaN
2102-Universidad Nacional Abierta y a Distancia - UNAD,1689-INGENIERIA DE ALIMENTOS,Femenino,2010-2,2018,Dependiente,Sin información,1,1,,"100,0%",NaN
2102-Universidad Nacional Abierta y a Distancia - UNAD,1689-INGENIERIA DE ALIMENTOS,Femenino,2010-2,2018,Independiente,"Actividades profesionales, científicas y técnicas",5,5,,"100,0%",NaN
2102-Universidad Nacional Abierta y a Distancia - UNAD,1689-INGENIERIA DE ALIMENTOS,Femenino,2010-2,2018,Independiente,Sin información,4,4,,"100,0%",NaN
2102-Universidad Nacional Abierta y a Distancia - UNAD,1689-INGENIERIA DE ALIMENTOS,Femenino,2010-2,2018,No cotizante,Sin información,3,0,,"0,0%",NaN
2102-Universidad Nacional Abierta y a Distancia - UNAD,1689-INGENIERIA DE ALIMENTOS,Femenino,2010-2,2019,Dependiente,"Actividades profesionales, científicas y técnicas",4,4,,"100,0%",NaN
2102-Universidad Nacional Abierta y a Distancia - UNAD,1689-INGENIERIA DE ALIMENTOS,Femenino,2010-2,2019,Dependiente,Administración pública y defensa; planes de seguridad social de afiliación obligatoria,1,1,,"100,0%",NaN
2102-Universidad Nacional Abierta y a Distancia - UNAD,1689-INGENIERIA DE ALIMENTOS,Femenino,2010-2,2019,Dependiente,Alojamiento y servicios de comida,2,2,,"100,0%",NaN
2102-Universidad Nacional Abierta y a Distancia - UNAD,1689-INGENIERIA DE ALIMENTOS,Femenino,2010-2,2019,Dependiente,Comercio al por mayor y al por menor; reparación de vehículos automotores y motocicletas,1,1,,"100,0%",NaN
2102-Universidad Nacional Abierta y a Distancia - UNAD,1689-INGENIERIA DE ALIMENTOS,Femenino,2010-2,2019,Dependiente,Educación,1,1,,"100,0%",NaN
2102-Universidad Nacional Abierta y a Distancia - UNAD,1689-INGENIERIA DE ALIMENTOS,Femenino,2010-2,2019,Dependiente,Industrias manufactureras,2,2,,"100,0%",NaN
2102-Universidad Nacional Abierta y a Distancia - UNAD,1689-INGENIERIA DE ALIMENTOS,Femenino,2010-2,2019,Independiente,"Actividades profesionales, científicas y técnicas",5,5,,"100,0%",NaN
2102-Universidad Nacional Abierta y a Distancia - UNAD,1689-INGENIERIA DE ALIMENTOS,Femenino,2010-2,2019,Independiente,Administración pública y defensa; planes de seguridad social de afiliación obligatoria,1,1,,"100,0%",NaN
2102-Universidad Nacional Abierta y a Distancia - UNAD,1689-INGENIERIA DE ALIMENTOS,Femenino,2010-2,2019,Independiente,Otras actividades de servicios,1,1,,"100,0%",NaN
2102-Universidad Nacional Abierta y a Distancia - UNAD,1689-INGENIERIA DE ALIMENTOS,Femenino,2010-2,2019,Independiente,Sin información,1,1,,"100,0%",NaN
2102-Universidad Nacional Abierta y a Distancia - UNAD,1689-INGENIERIA DE ALIMENTOS,Femenino,2010-2,2019,No cotizante,Sin información,4,0,,"0,0%",NaN
2102-Universidad Nacional Abierta y a Distancia - UNAD,1689-INGENIERIA DE ALIMENTOS,Femenino,2010-2,2020,Dependiente,Actividades de servicios administrativos y de apoyo,1,1,,"100,0%",NaN
2102-Universidad Nacional Abierta y a Distancia - UNAD,1689-INGENIERIA DE ALIMENTOS,Femenino,2010-2,2020,Dependiente,"Actividades profesionales, científicas y técnicas",3,3,,"100,0%",NaN
2102-Universidad Nacional Abierta y a Distancia - UNAD,1689-INGENIERIA DE ALIMENTOS,Femenino,2010-2,2020,Dependiente,Administración pública y defensa; planes de seguridad social de afiliación obligatoria,2,2,,"100,0%",NaN
2102-Universidad Nacional Abierta y a Distancia - UNAD,1689-INGENIERIA DE ALIMENTOS,Femenino,2010-2,2020,Dependiente,Alojamiento y servicios de comida,1,1,,"100,0%",NaN
2102-Universidad Nacional Abierta y a Distancia - UNAD,1689-INGENIERIA DE ALIMENTOS,Femenino,2010-2,2020,Dependiente,Comercio al por mayor y al por menor; reparación de vehículos automotores y motocicletas,1,1,,"100,0%",NaN
2102-Universidad Nacional Abierta y a Distancia - UNAD,1689-INGENIERIA DE ALIMENTOS,Femenino,2010-2,2020,Dependiente,Educación,1,1,,"100,0%",NaN
2102-Universidad Nacional Abierta y a Distancia - UNAD,1689-INGENIERIA DE ALIMENTOS,Femenino,2010-2,2020,Dependiente,Industrias manufactureras,3,3,,"100,0%",NaN
2102-Universidad Nacional Abierta y a Distancia - UNAD,1689-INGENIERIA DE ALIMENTOS,Femenino,2010-2,2020,Independiente,"Actividades profesionales, científicas y técnicas",5,5,,"100,0%",NaN
2102-Universidad Nacional Abierta y a Distancia - UNAD,1689-INGENIERIA DE ALIMENTOS,Femenino,2010-2,2020,No cotizante,Sin información,5,0,,"0,0%",NaN
2102-Universidad Nacional Abierta y a Distancia - UNAD,1689-INGENIERIA DE ALIMENTOS,Femenino,2010-2,2021,Dependiente,"Actividades profesionales, científicas y técnicas",3,3,,"100,0%",NaN
2102-Universidad Nacional Abierta y a Distancia - UNAD,1689-INGENIERIA DE ALIMENTOS,Femenino,2010-2,2021,Dependiente,Administración pública y defensa; planes de seguridad social de afiliación obligatoria,2,2,,"100,0%",NaN
2102-Universidad Nacional Abierta y a Distancia - UNAD,1689-INGENIERIA DE ALIMENTOS,Femenino,2010-2,2021,Dependiente,Alojamiento y servicios de comida,1,1,,"100,0%",NaN
2102-Universidad Nacional Abierta y a Distancia - UNAD,1689-INGENIERIA DE ALIMENTOS,Femenino,2010-2,2021,Dependiente,Educación,1,1,,"100,0%",NaN
2102-Universidad Nacional Abierta y a Distancia - UNAD,1689-INGENIERIA DE ALIMENTOS,Femenino,2010-2,2021,Dependiente,Industrias manufactureras,4,4,,"100,0%",NaN
2102-Universidad Nacional Abierta y a Distancia - UNAD,1689-INGENIERIA DE ALIMENTOS,Femenino,2010-2,2021,Independiente,"Actividades profesionales, científicas y técnicas",6,6,,"100,0%",NaN
2102-Universidad Nacional Abierta y a Distancia - UNAD,1689-INGENIERIA DE ALIMENTOS,Femenino,2010-2,2021,Independiente,Explotación de minas y canteras,1,1,,"100,0%",NaN
2102-Universidad Nacional Abierta y a Distancia - UNAD,1689-INGENIERIA DE ALIMENTOS,Femenino,2010-2,2021,No cotizante,Sin información,3,0,,"0,0%",NaN
2102-Universidad Nacional Abierta y a Distancia - UNAD,1689-INGENIERIA DE ALIMENTOS,Femenino,2010-2,2022,Dependiente,"Actividades profesionales, científicas y técnicas",3,3,,"100,0%",NaN
2102-Universidad Nacional Abierta y a Distancia - UNAD,1689-INGENIERIA DE ALIMENTOS,Femenino,2010-2,2022,Dependiente,Alojamiento y servicios de comida,2,2,,"100,0%",NaN
2102-Universidad Nacional Abierta y a Distancia - UNAD,1689-INGENIERIA DE ALIMENTOS,Femenino,2010-2,2022,Dependiente,Comercio al por mayor y al por menor; reparación de vehículos automotores y motocicletas,1,1,,"100,0%",NaN
2102-Universidad Nacional Abierta y a Distancia - UNAD,1689-INGENIERIA DE ALIMENTOS,Femenino,2010-2,2022,Dependiente,Educación,1,1,,"100,0%",NaN
2102-Universidad Nacional Abierta y a Distancia - UNAD,1689-INGENIERIA DE ALIMENTOS,Femenino,2010-2,2022,Dependiente,Industrias manufactureras,4,4,,"100,0%",NaN
2102-Universidad Nacional Abierta y a Distancia - UNAD,1689-INGENIERIA DE ALIMENTOS,Femenino,2010-2,2022,Dependiente,Otras actividades de servicios,1,1,,"100,0%",NaN
2102-Universidad Nacional Abierta y a Distancia - UNAD,1689-INGENIERIA DE ALIMENTOS,Femenino,2010-2,2022,Independiente,"Actividades profesionales, científicas y técnicas",4,4,,"100,0%",NaN
2102-Universidad Nacional Abierta y a Distancia - UNAD,1689-INGENIERIA DE ALIMENTOS,Femenino,2010-2,2022,No cotizante,SIN DATO,4,0,,"0,0%",NaN
2102-Universidad Nacional Abierta y a Distancia - UNAD,1689-INGENIERIA DE ALIMENTOS,Femenino,2010-2,2023,Dependiente,"Actividades profesionales, científicas y técnicas",1,1,,"100,0%",NaN
2102-Universidad Nacional Abierta y a Distancia - UNAD,1689-INGENIERIA DE ALIMENTOS,Femenino,2010-2,2023,Dependiente,Administración pública y defensa; planes de seguridad social de afiliación obligatoria,2,2,,"100,0%",NaN
2102-Universidad Nacional Abierta y a Distancia - UNAD,1689-INGENIERIA DE ALIMENTOS,Femenino,2010-2,2023,Dependiente,Alojamiento y servicios de comida,1,1,,"100,0%",NaN
2102-Universidad Nacional Abierta y a Distancia - UNAD,1689-INGENIERIA DE ALIMENTOS,Femenino,2010-2,2023,Dependiente,Comercio al por mayor y al por menor; reparación de vehículos automotores y motocicletas,1,1,,"100,0%",NaN
2102-Universidad Nacional Abierta y a Distancia - UNAD,1689-INGENIERIA DE ALIMENTOS,Femenino,2010-2,2023,Dependiente,Educación,1,1,,"100,0%",NaN
2102-Universidad Nacional Abierta y a Distancia - UNAD,1689-INGENIERIA DE ALIMENTOS,Femenino,2010-2,2023,Dependiente,Industrias manufactureras,4,4,,"100,0%",NaN
2102-Universidad Nacional Abierta y a Distancia - UNAD,1689-INGENIERIA DE ALIMENTOS,Femenino,2010-2,2023,Independiente,"Actividades profesionales, científicas y técnicas",4,4,,"100,0%",NaN
2102-Universidad Nacional Abierta y a Distancia - UNAD,1689-INGENIERIA DE ALIMENTOS,Femenino,2010-2,2023,Independiente,Comercio al por mayor y al por menor; reparación de vehículos automotores y motocicletas,1,1,,"100,0%",NaN
2102-Universidad Nacional Abierta y a Distancia - UNAD,1689-INGENIERIA DE ALIMENTOS,Femenino,2010-2,2023,No cotizante,SIN DATO,5,0,,"0,0%",NaN
2102-Universidad Nacional Abierta y a Distancia - UNAD,1689-INGENIERIA DE ALIMENTOS,Masculino,2010-2,2016,Dependiente,Administración pública y defensa; planes de seguridad social de afiliación obligatoria,1,1,,"100,0%",$2.690.000
2102-Universidad Nacional Abierta y a Distancia - UNAD,1689-INGENIERIA DE ALIMENTOS,Masculino,2010-2,2016,Dependiente,Comercio al por mayor y al por menor; reparación de vehículos automotores y motocicletas,1,1,,"100,0%",$4.389.000
2102-Universidad Nacional Abierta y a Distancia - UNAD,1689-INGENIERIA DE ALIMENTOS,Masculino,2010-2,2016,Dependiente,Industrias manufactureras,5,5,,"100,0%",$4.464.200
2102-Universidad Nacional Abierta y a Distancia - UNAD,1689-INGENIERIA DE ALIMENTOS,Masculino,2010-2,2016,Dependiente,Sin información,7,7,,"100,0%",$3.695.143
2102-Universidad Nacional Abierta y a Distancia - UNAD,1689-INGENIERIA DE ALIMENTOS,Masculino,2010-2,2016,Independiente,Información y comunicaciones,1,1,,"100,0%",NaN
2102-Universidad Nacional Abierta y a Distancia - UNAD,1689-INGENIERIA DE ALIMENTOS,Masculino,2010-2,2016,Independiente,Sin información,1,1,,"100,0%",NaN
2102-Universidad Nacional Abierta y a Distancia - UNAD,1689-INGENIERIA DE ALIMENTOS,Masculino,2010-2,2016,No cotizante,Sin información,2,0,,"0,0%",NaN
2102-Universidad Nacional Abierta y a Distancia - UNAD,1689-INGENIERIA DE ALIMENTOS,Masculino,2010-2,2017,Dependiente,Administración pública y defensa; planes de seguridad social de afiliación obligatoria,2,2,,"100,0%",NaN
2102-Universidad Nacional Abierta y a Distancia - UNAD,1689-INGENIERIA DE ALIMENTOS,Masculino,2010-2,2017,Dependiente,Comercio al por mayor y al por menor; reparación de vehículos automotores y motocicletas,2,2,,"100,0%",NaN
2102-Universidad Nacional Abierta y a Distancia - UNAD,1689-INGENIERIA DE ALIMENTOS,Masculino,2010-2,2017,Dependiente,Industrias manufactureras,5,5,,"100,0%",NaN
2102-Universidad Nacional Abierta y a Distancia - UNAD,1689-INGENIERIA DE ALIMENTOS,Masculino,2010-2,2017,Dependiente,Sin información,4,4,,"100,0%",NaN
2102-Universidad Nacional Abierta y a Distancia - UNAD,1689-INGENIERIA DE ALIMENTOS,Masculino,2010-2,2017,Independiente,Sin información,2,2,,"100,0%",NaN
2102-Universidad Nacional Abierta y a Distancia - UNAD,1689-INGENIERIA DE ALIMENTOS,Masculino,2010-2,2017,No cotizante,Sin información,2,0,,"0,0%",NaN
2102-Universidad Nacional Abierta y a Distancia - UNAD,1689-INGENIERIA DE ALIMENTOS,Masculino,2010-2,2018,Dependiente,Administración pública y defensa; planes de seguridad social de afiliación obligatoria,2,2,,"100,0%",NaN
2102-Universidad Nacional Abierta y a Distancia - UNAD,1689-INGENIERIA DE ALIMENTOS,Masculino,2010-2,2018,Dependiente,Comercio al por mayor y al por menor; reparación de vehículos automotores y motocicletas,1,1,,"100,0%",NaN
2102-Universidad Nacional Abierta y a Distancia - UNAD,1689-INGENIERIA DE ALIMENTOS,Masculino,2010-2,2018,Dependiente,Industrias manufactureras,5,5,,"100,0%",NaN
2102-Universidad Nacional Abierta y a Distancia - UNAD,1689-INGENIERIA DE ALIMENTOS,Masculino,2010-2,2018,Dependiente,Sin información,4,4,,"100,0%",NaN
2102-Universidad Nacional Abierta y a Distancia - UNAD,1689-INGENIERIA DE ALIMENTOS,Masculino,2010-2,2018,Independiente,Sin información,2,2,,"100,0%",NaN
2102-Universidad Nacional Abierta y a Distancia - UNAD,1689-INGENIERIA DE ALIMENTOS,Masculino,2010-2,2018,No cotizante,Sin información,3,0,,"0,0%",NaN
2102-Universidad Nacional Abierta y a Distancia - UNAD,1689-INGENIERIA DE ALIMENTOS,Masculino,2010-2,2019,Dependiente,Administración pública y defensa; planes de seguridad social de afiliación obligatoria,4,4,,"100,0%",NaN
2102-Universidad Nacional Abierta y a Distancia - UNAD,1689-INGENIERIA DE ALIMENTOS,Masculino,2010-2,2019,Dependiente,Comercio al por mayor y al por menor; reparación de vehículos automotores y motocicletas,1,1,,"100,0%",NaN
2102-Universidad Nacional Abierta y a Distancia - UNAD,1689-INGENIERIA DE ALIMENTOS,Masculino,2010-2,2019,Dependiente,Industrias manufactureras,4,4,,"100,0%",NaN
2102-Universidad Nacional Abierta y a Distancia - UNAD,1689-INGENIERIA DE ALIMENTOS,Masculino,2010-2,2019,Dependiente,Otras actividades de servicios,1,1,,"100,0%",NaN
2102-Universidad Nacional Abierta y a Distancia - UNAD,1689-INGENIERIA DE ALIMENTOS,Masculino,2010-2,2019,Dependiente,Sin información,1,1,,"100,0%",NaN
2102-Universidad Nacional Abierta y a Distancia - UNAD,1689-INGENIERIA DE ALIMENTOS,Masculino,2010-2,2019,Independiente,Administración pública y defensa; planes de seguridad social de afiliación obligatoria,1,1,,"100,0%",NaN
2102-Universidad Nacional Abierta y a Distancia - UNAD,1689-INGENIERIA DE ALIMENTOS,Masculino,2010-2,2019,Independiente,Sin información,1,1,,"100,0%",NaN
2102-Universidad Nacional Abierta y a Distancia - UNAD,1689-INGENIERIA DE ALIMENTOS,Masculino,2010-2,2019,No cotizante,Sin información,4,0,,"0,0%",NaN
2102-Universidad Nacional Abierta y a Distancia - UNAD,1689-INGENIERIA DE ALIMENTOS,Masculino,2010-2,2020,Dependiente,Administración pública y defensa; planes de seguridad social de afiliación obligatoria,4,4,,"100,0%",NaN
2102-Universidad Nacional Abierta y a Distancia - UNAD,1689-INGENIERIA DE ALIMENTOS,Masculino,2010-2,2020,Dependiente,Comercio al por mayor y al por menor; reparación de vehículos automotores y motocicletas,2,2,,"100,0%",NaN
2102-Universidad Nacional Abierta y a Distancia - UNAD,1689-INGENIERIA DE ALIMENTOS,Masculino,2010-2,2020,Dependiente,Industrias manufactureras,6,6,,"100,0%",NaN
2102-Universidad Nacional Abierta y a Distancia - UNAD,1689-INGENIERIA DE ALIMENTOS,Masculino,2010-2,2020,Independiente,Actividades de servicios administrativos y de apoyo,1,1,,"100,0%",NaN
2102-Universidad Nacional Abierta y a Distancia - UNAD,1689-INGENIERIA DE ALIMENTOS,Masculino,2010-2,2020,Independiente,Administración pública y defensa; planes de seguridad social de afiliación obligatoria,1,1,,"100,0%",NaN
2102-Universidad Nacional Abierta y a Distancia - UNAD,1689-INGENIERIA DE ALIMENTOS,Masculino,2010-2,2020,No cotizante,Sin información,3,0,,"0,0%",NaN
2102-Universidad Nacional Abierta y a Distancia - UNAD,1689-INGENIERIA DE ALIMENTOS,Masculino,2010-2,2021,Dependiente,Administración pública y defensa; planes de seguridad social de afiliación obligatoria,4,4,,"100,0%",NaN
2102-Universidad Nacional Abierta y a Distancia - UNAD,1689-INGENIERIA DE ALIMENTOS,Masculino,2010-2,2021,Dependiente,Comercio al por mayor y al por menor; reparación de vehículos automotores y motocicletas,2,2,,"100,0%",NaN
2102-Universidad Nacional Abierta y a Distancia - UNAD,1689-INGENIERIA DE ALIMENTOS,Masculino,2010-2,2021,Dependiente,Industrias manufactureras,6,6,,"100,0%",NaN
2102-Universidad Nacional Abierta y a Distancia - UNAD,1689-INGENIERIA DE ALIMENTOS,Masculino,2010-2,2021,Independiente,Actividades de servicios administrativos y de apoyo,1,1,,"100,0%",NaN
2102-Universidad Nacional Abierta y a Distancia - UNAD,1689-INGENIERIA DE ALIMENTOS,Masculino,2010-2,2021,Independiente,Administración pública y defensa; planes de seguridad social de afiliación obligatoria,1,1,,"100,0%",NaN
2102-Universidad Nacional Abierta y a Distancia - UNAD,1689-INGENIERIA DE ALIMENTOS,Masculino,2010-2,2021,No cotizante,Sin información,3,0,,"0,0%",NaN
2102-Universidad Nacional Abierta y a Distancia - UNAD,1689-INGENIERIA DE ALIMENTOS,Masculino,2010-2,2022,Dependiente,Administración pública y defensa; planes de seguridad social de afiliación obligatoria,4,4,,"100,0%",NaN
2102-Universidad Nacional Abierta y a Distancia - UNAD,1689-INGENIERIA DE ALIMENTOS,Masculino,2010-2,2022,Dependiente,Comercio al por mayor y al por menor; reparación de vehículos automotores y motocicletas,2,2,,"100,0%",NaN
2102-Universidad Nacional Abierta y a Distancia - UNAD,1689-INGENIERIA DE ALIMENTOS,Masculino,2010-2,2022,Dependiente,Industrias manufactureras,5,5,,"100,0%",NaN
2102-Universidad Nacional Abierta y a Distancia - UNAD,1689-INGENIERIA DE ALIMENTOS,Masculino,2010-2,2022,Independiente,Actividades de servicios administrativos y de apoyo,1,1,,"100,0%",NaN
2102-Universidad Nacional Abierta y a Distancia - UNAD,1689-INGENIERIA DE ALIMENTOS,Masculino,2010-2,2022,Independiente,"Actividades profesionales, científicas y técnicas",1,1,,"100,0%",NaN
2102-Universidad Nacional Abierta y a Distancia - UNAD,1689-INGENIERIA DE ALIMENTOS,Masculino,2010-2,2022,Independiente,Administración pública y defensa; planes de seguridad social de afiliación obligatoria,1,1,,"100,0%",NaN
2102-Universidad Nacional Abierta y a Distancia - UNAD,1689-INGENIERIA DE ALIMENTOS,Masculino,2010-2,2022,No cotizante,SIN DATO,3,0,,"0,0%",NaN
2102-Universidad Nacional Abierta y a Distancia - UNAD,1689-INGENIERIA DE ALIMENTOS,Masculino,2010-2,2023,Dependiente,"Actividades profesionales, científicas y técnicas",1,1,,"100,0%",NaN
2102-Universidad Nacional Abierta y a Distancia - UNAD,1689-INGENIERIA DE ALIMENTOS,Masculino,2010-2,2023,Dependiente,Administración pública y defensa; planes de seguridad social de afiliación obligatoria,4,4,,"100,0%",NaN
2102-Universidad Nacional Abierta y a Distancia - UNAD,1689-INGENIERIA DE ALIMENTOS,Masculino,2010-2,2023,Dependiente,Comercio al por mayor y al por menor; reparación de vehículos automotores y motocicletas,2,2,,"100,0%",NaN
2102-Universidad Nacional Abierta y a Distancia - UNAD,1689-INGENIERIA DE ALIMENTOS,Masculino,2010-2,2023,Dependiente,Industrias manufactureras,4,4,,"100,0%",NaN
2102-Universidad Nacional Abierta y a Distancia - UNAD,1689-INGENIERIA DE ALIMENTOS,Masculino,2010-2,2023,Independiente,Actividades de servicios administrativos y de apoyo,1,1,,"100,0%",NaN
2102-Universidad Nacional Abierta y a Distancia - UNAD,1689-INGENIERIA DE ALIMENTOS,Masculino,2010-2,2023,Independiente,Administración pública y defensa; planes de seguridad social de afiliación obligatoria,1,1,,"100,0%",NaN
2102-Universidad Nacional Abierta y a Distancia - UNAD,1689-INGENIERIA DE ALIMENTOS,Masculino,2010-2,2023,No cotizante,SIN DATO,4,0,,"0,0%",NaN
2102-Universidad Nacional Abierta y a Distancia - UNAD,2776-INGENIERIA DE SISTEMAS,Femenino,2010-2,2017,Dependiente,"Actividades artísticas, de entretenimiento y recreación",1,1,,"100,0%",NaN
2102-Universidad Nacional Abierta y a Distancia - UNAD,2776-INGENIERIA DE SISTEMAS,Femenino,2010-2,2017,Dependiente,Actividades de atención de la salud humana y de asistencia social,2,2,,"100,0%",NaN
2102-Universidad Nacional Abierta y a Distancia - UNAD,2776-INGENIERIA DE SISTEMAS,Femenino,2010-2,2017,Dependiente,Actividades de servicios administrativos y de apoyo,5,5,,"100,0%",NaN
2102-Universidad Nacional Abierta y a Distancia - UNAD,2776-INGENIERIA DE SISTEMAS,Femenino,2010-2,2017,Dependiente,Actividades financieras y de seguros,2,2,,"100,0%",NaN
2102-Universidad Nacional Abierta y a Distancia - UNAD,2776-INGENIERIA DE SISTEMAS,Femenino,2010-2,2017,Dependiente,"Actividades profesionales, científicas y técnicas",2,2,,"100,0%",NaN
2102-Universidad Nacional Abierta y a Distancia - UNAD,2776-INGENIERIA DE SISTEMAS,Femenino,2010-2,2017,Dependiente,Administración pública y defensa; planes de seguridad social de afiliación obligatoria,5,5,,"100,0%",NaN
2102-Universidad Nacional Abierta y a Distancia - UNAD,2776-INGENIERIA DE SISTEMAS,Femenino,2010-2,2017,Dependiente,Comercio al por mayor y al por menor; reparación de vehículos automotores y motocicletas,2,2,,"100,0%",NaN
2102-Universidad Nacional Abierta y a Distancia - UNAD,2776-INGENIERIA DE SISTEMAS,Femenino,2010-2,2017,Dependiente,Construccion,2,2,,"100,0%",NaN
2102-Universidad Nacional Abierta y a Distancia - UNAD,2776-INGENIERIA DE SISTEMAS,Femenino,2010-2,2017,Dependiente,Educación,8,8,,"100,0%",NaN
2102-Universidad Nacional Abierta y a Distancia - UNAD,2776-INGENIERIA DE SISTEMAS,Femenino,2010-2,2017,Dependiente,Información y comunicaciones,2,2,,"100,0%",NaN
2102-Universidad Nacional Abierta y a Distancia - UNAD,2776-INGENIERIA DE SISTEMAS,Femenino,2010-2,2017,Dependiente,Otras actividades de servicios,3,3,,"100,0%",NaN
2102-Universidad Nacional Abierta y a Distancia - UNAD,2776-INGENIERIA DE SISTEMAS,Femenino,2010-2,2017,Dependiente,Sin información,4,4,,"100,0%",NaN
2102-Universidad Nacional Abierta y a Distancia - UNAD,2776-INGENIERIA DE SISTEMAS,Femenino,2010-2,2017,Dependiente,"Suministro de electricidad, gas, vapor y aire acondicionado",2,2,,"100,0%",NaN
2102-Universidad Nacional Abierta y a Distancia - UNAD,2776-INGENIERIA DE SISTEMAS,Femenino,2010-2,2017,Independiente,"Actividades profesionales, científicas y técnicas",4,4,,"100,0%",NaN
2102-Universidad Nacional Abierta y a Distancia - UNAD,2776-INGENIERIA DE SISTEMAS,Femenino,2010-2,2017,Independiente,Sin información,17,17,,"100,0%",NaN
2102-Universidad Nacional Abierta y a Distancia - UNAD,2776-INGENIERIA DE SISTEMAS,Femenino,2010-2,2017,No cotizante,Sin información,17,0,,"0,0%",NaN
2102-Universidad Nacional Abierta y a Distancia - UNAD,2776-INGENIERIA DE SISTEMAS,Femenino,2010-2,2018,Dependiente,"Actividades artísticas, de entretenimiento y recreación",2,2,,"100,0%",NaN
2102-Universidad Nacional Abierta y a Distancia - UNAD,2776-INGENIERIA DE SISTEMAS,Femenino,2010-2,2018,Dependiente,Actividades de atención de la salud humana y de asistencia social,2,2,,"100,0%",NaN
2102-Universidad Nacional Abierta y a Distancia - UNAD,2776-INGENIERIA DE SISTEMAS,Femenino,2010-2,2018,Dependiente,Actividades de servicios administrativos y de apoyo,3,3,,"100,0%",NaN
2102-Universidad Nacional Abierta y a Distancia - UNAD,2776-INGENIERIA DE SISTEMAS,Femenino,2010-2,2018,Dependiente,Actividades financieras y de seguros,3,3,,"100,0%",NaN
2102-Universidad Nacional Abierta y a Distancia - UNAD,2776-INGENIERIA DE SISTEMAS,Femenino,2010-2,2018,Dependiente,"Actividades profesionales, científicas y técnicas",4,4,,"100,0%",NaN
2102-Universidad Nacional Abierta y a Distancia - UNAD,2776-INGENIERIA DE SISTEMAS,Femenino,2010-2,2018,Dependiente,Administración pública y defensa; planes de seguridad social de afiliación obligatoria,7,7,,"100,0%",NaN
2102-Universidad Nacional Abierta y a Distancia - UNAD,2776-INGENIERIA DE SISTEMAS,Femenino,2010-2,2018,Dependiente,"Agricultura, ganadería, caza, silvicultura y pesca",2,2,,"100,0%",NaN
2102-Universidad Nacional Abierta y a Distancia - UNAD,2776-INGENIERIA DE SISTEMAS,Femenino,2010-2,2018,Dependiente,Comercio al por mayor y al por menor; reparación de vehículos automotores y motocicletas,1,1,,"100,0%",NaN
2102-Universidad Nacional Abierta y a Distancia - UNAD,2776-INGENIERIA DE SISTEMAS,Femenino,2010-2,2018,Dependiente,Construccion,2,2,,"100,0%",NaN
2102-Universidad Nacional Abierta y a Distancia - UNAD,2776-INGENIERIA DE SISTEMAS,Femenino,2010-2,2018,Dependiente,Educación,6,6,,"100,0%",NaN
2102-Universidad Nacional Abierta y a Distancia - UNAD,2776-INGENIERIA DE SISTEMAS,Femenino,2010-2,2018,Dependiente,Industrias manufactureras,1,1,,"100,0%",NaN
2102-Universidad Nacional Abierta y a Distancia - UNAD,2776-INGENIERIA DE SISTEMAS,Femenino,2010-2,2018,Dependiente,Información y comunicaciones,3,3,,"100,0%",NaN
2102-Universidad Nacional Abierta y a Distancia - UNAD,2776-INGENIERIA DE SISTEMAS,Femenino,2010-2,2018,Dependiente,Sin información,4,4,,"100,0%",NaN
2102-Universidad Nacional Abierta y a Distancia - UNAD,2776-INGENIERIA DE SISTEMAS,Femenino,2010-2,2018,Dependiente,"Suministro de electricidad, gas, vapor y aire acondicionado",2,2,,"100,0%",NaN
2102-Universidad Nacional Abierta y a Distancia - UNAD,2776-INGENIERIA DE SISTEMAS,Femenino,2010-2,2018,Independiente,"Actividades profesionales, científicas y técnicas",6,6,,"100,0%",NaN
2102-Universidad Nacional Abierta y a Distancia - UNAD,2776-INGENIERIA DE SISTEMAS,Femenino,2010-2,2018,Independiente,Comercio al por mayor y al por menor; reparación de vehículos automotores y motocicletas,1,1,,"100,0%",NaN
2102-Universidad Nacional Abierta y a Distancia - UNAD,2776-INGENIERIA DE SISTEMAS,Femenino,2010-2,2018,Independiente,Sin información,10,10,,"100,0%",NaN
2102-Universidad Nacional Abierta y a Distancia - UNAD,2776-INGENIERIA DE SISTEMAS,Femenino,2010-2,2018,No cotizante,Sin información,19,0,,"0,0%",NaN
2102-Universidad Nacional Abierta y a Distancia - UNAD,2776-INGENIERIA DE SISTEMAS,Femenino,2010-2,2019,Dependiente,"Actividades artísticas, de entretenimiento y recreación",1,1,,"100,0%",NaN
2102-Universidad Nacional Abierta y a Distancia - UNAD,2776-INGENIERIA DE SISTEMAS,Femenino,2010-2,2019,Dependiente,Actividades de atención de la salud humana y de asistencia social,2,2,,"100,0%",NaN
2102-Universidad Nacional Abierta y a Distancia - UNAD,2776-INGENIERIA DE SISTEMAS,Femenino,2010-2,2019,Dependiente,Actividades de servicios administrativos y de apoyo,3,3,,"100,0%",NaN
2102-Universidad Nacional Abierta y a Distancia - UNAD,2776-INGENIERIA DE SISTEMAS,Femenino,2010-2,2019,Dependiente,Actividades financieras y de seguros,2,2,,"100,0%",NaN
2102-Universidad Nacional Abierta y a Distancia - UNAD,2776-INGENIERIA DE SISTEMAS,Femenino,2010-2,2019,Dependiente,"Actividades profesionales, científicas y técnicas",5,5,,"100,0%",NaN
2102-Universidad Nacional Abierta y a Distancia - UNAD,2776-INGENIERIA DE SISTEMAS,Femenino,2010-2,2019,Dependiente,Administración pública y defensa; planes de seguridad social de afiliación obligatoria,7,7,,"100,0%",NaN
2102-Universidad Nacional Abierta y a Distancia - UNAD,2776-INGENIERIA DE SISTEMAS,Femenino,2010-2,2019,Dependiente,"Agricultura, ganadería, caza, silvicultura y pesca",2,2,,"100,0%",NaN
2102-Universidad Nacional Abierta y a Distancia - UNAD,2776-INGENIERIA DE SISTEMAS,Femenino,2010-2,2019,Dependiente,Comercio al por mayor y al por menor; reparación de vehículos automotores y motocicletas,1,1,,"100,0%",NaN
2102-Universidad Nacional Abierta y a Distancia - UNAD,2776-INGENIERIA DE SISTEMAS,Femenino,2010-2,2019,Dependiente,Construccion,1,1,,"100,0%",NaN
2102-Universidad Nacional Abierta y a Distancia - UNAD,2776-INGENIERIA DE SISTEMAS,Femenino,2010-2,2019,Dependiente,"Distribución de agua; evacuación y tratamiento de aguas residuales, gestión de desechos y actividades de saneamiento ambiental",1,1,,"100,0%",NaN
2102-Universidad Nacional Abierta y a Distancia - UNAD,2776-INGENIERIA DE SISTEMAS,Femenino,2010-2,2019,Dependiente,Educación,1,1,,"100,0%",NaN
2102-Universidad Nacional Abierta y a Distancia - UNAD,2776-INGENIERIA DE SISTEMAS,Femenino,2010-2,2019,Dependiente,Información y comunicaciones,4,4,,"100,0%",NaN
2102-Universidad Nacional Abierta y a Distancia - UNAD,2776-INGENIERIA DE SISTEMAS,Femenino,2010-2,2019,Dependiente,Sin información,2,2,,"100,0%",NaN
2102-Universidad Nacional Abierta y a Distancia - UNAD,2776-INGENIERIA DE SISTEMAS,Femenino,2010-2,2019,Dependiente,"Suministro de electricidad, gas, vapor y aire acondicionado",2,2,,"100,0%",NaN
2102-Universidad Nacional Abierta y a Distancia - UNAD,2776-INGENIERIA DE SISTEMAS,Femenino,2010-2,2019,Independiente,Actividades de servicios administrativos y de apoyo,1,1,,"100,0%",NaN
2102-Universidad Nacional Abierta y a Distancia - UNAD,2776-INGENIERIA DE SISTEMAS,Femenino,2010-2,2019,Independiente,"Actividades profesionales, científicas y técnicas",8,8,,"100,0%",NaN
2102-Universidad Nacional Abierta y a Distancia - UNAD,2776-INGENIERIA DE SISTEMAS,Femenino,2010-2,2019,Independiente,Administración pública y defensa; planes de seguridad social de afiliación obligatoria,6,6,,"100,0%",NaN
2102-Universidad Nacional Abierta y a Distancia - UNAD,2776-INGENIERIA DE SISTEMAS,Femenino,2010-2,2019,Independiente,Sin información,2,2,,"100,0%",NaN
2102-Universidad Nacional Abierta y a Distancia - UNAD,2776-INGENIERIA DE SISTEMAS,Femenino,2010-2,2019,No cotizante,Sin información,26,0,,"0,0%",NaN
2102-Universidad Nacional Abierta y a Distancia - UNAD,2776-INGENIERIA DE SISTEMAS,Femenino,2010-2,2020,Dependiente,"Actividades artísticas, de entretenimiento y recreación",1,1,,"100,0%",NaN
2102-Universidad Nacional Abierta y a Distancia - UNAD,2776-INGENIERIA DE SISTEMAS,Femenino,2010-2,2020,Dependiente,Actividades de atención de la salud humana y de asistencia social,2,2,,"100,0%",NaN
2102-Universidad Nacional Abierta y a Distancia - UNAD,2776-INGENIERIA DE SISTEMAS,Femenino,2010-2,2020,Dependiente,Actividades de servicios administrativos y de apoyo,5,5,,"100,0%",NaN
2102-Universidad Nacional Abierta y a Distancia - UNAD,2776-INGENIERIA DE SISTEMAS,Femenino,2010-2,2020,Dependiente,Actividades financieras y de seguros,2,2,,"100,0%",NaN
2102-Universidad Nacional Abierta y a Distancia - UNAD,2776-INGENIERIA DE SISTEMAS,Femenino,2010-2,2020,Dependiente,"Actividades profesionales, científicas y técnicas",3,3,,"100,0%",NaN
2102-Universidad Nacional Abierta y a Distancia - UNAD,2776-INGENIERIA DE SISTEMAS,Femenino,2010-2,2020,Dependiente,Administración pública y defensa; planes de seguridad social de afiliación obligatoria,4,4,,"100,0%",NaN
2102-Universidad Nacional Abierta y a Distancia - UNAD,2776-INGENIERIA DE SISTEMAS,Femenino,2010-2,2020,Dependiente,Comercio al por mayor y al por menor; reparación de vehículos automotores y motocicletas,1,1,,"100,0%",NaN
2102-Universidad Nacional Abierta y a Distancia - UNAD,2776-INGENIERIA DE SISTEMAS,Femenino,2010-2,2020,Dependiente,Construccion,1,1,,"100,0%",NaN
2102-Universidad Nacional Abierta y a Distancia - UNAD,2776-INGENIERIA DE SISTEMAS,Femenino,2010-2,2020,Dependiente,"Distribución de agua; evacuación y tratamiento de aguas residuales, gestión de desechos y actividades de saneamiento ambiental",1,1,,"100,0%",NaN
2102-Universidad Nacional Abierta y a Distancia - UNAD,2776-INGENIERIA DE SISTEMAS,Femenino,2010-2,2020,Dependiente,Educación,4,4,,"100,0%",NaN
2102-Universidad Nacional Abierta y a Distancia - UNAD,2776-INGENIERIA DE SISTEMAS,Femenino,2010-2,2020,Dependiente,Información y comunicaciones,3,3,,"100,0%",NaN
2102-Universidad Nacional Abierta y a Distancia - UNAD,2776-INGENIERIA DE SISTEMAS,Femenino,2010-2,2020,Dependiente,Otras actividades de servicios,1,1,,"100,0%",NaN
2102-Universidad Nacional Abierta y a Distancia - UNAD,2776-INGENIERIA DE SISTEMAS,Femenino,2010-2,2020,Dependiente,"Suministro de electricidad, gas, vapor y aire acondicionado",1,1,,"100,0%",NaN
2102-Universidad Nacional Abierta y a Distancia - UNAD,2776-INGENIERIA DE SISTEMAS,Femenino,2010-2,2020,Independiente,Actividades de servicios administrativos y de apoyo,1,1,,"100,0%",NaN
2102-Universidad Nacional Abierta y a Distancia - UNAD,2776-INGENIERIA DE SISTEMAS,Femenino,2010-2,2020,Independiente,"Actividades profesionales, científicas y técnicas",7,7,,"100,0%",NaN
2102-Universidad Nacional Abierta y a Distancia - UNAD,2776-INGENIERIA DE SISTEMAS,Femenino,2010-2,2020,Independiente,Administración pública y defensa; planes de seguridad social de afiliación obligatoria,3,3,,"100,0%",NaN
2102-Universidad Nacional Abierta y a Distancia - UNAD,2776-INGENIERIA DE SISTEMAS,Femenino,2010-2,2020,No cotizante,Sin información,33,0,,"0,0%",NaN
2102-Universidad Nacional Abierta y a Distancia - UNAD,2776-INGENIERIA DE SISTEMAS,Femenino,2010-2,2021,Dependiente,"Actividades artísticas, de entretenimiento y recreación",1,1,,"100,0%",NaN
2102-Universidad Nacional Abierta y a Distancia - UNAD,2776-INGENIERIA DE SISTEMAS,Femenino,2010-2,2021,Dependiente,Actividades de atención de la salud humana y de asistencia social,1,1,,"100,0%",NaN
2102-Universidad Nacional Abierta y a Distancia - UNAD,2776-INGENIERIA DE SISTEMAS,Femenino,2010-2,2021,Dependiente,Actividades de organizaciones y entidades extraterritoriales,1,1,,"100,0%",NaN
2102-Universidad Nacional Abierta y a Distancia - UNAD,2776-INGENIERIA DE SISTEMAS,Femenino,2010-2,2021,Dependiente,Actividades de servicios administrativos y de apoyo,4,4,,"100,0%",NaN
2102-Universidad Nacional Abierta y a Distancia - UNAD,2776-INGENIERIA DE SISTEMAS,Femenino,2010-2,2021,Dependiente,Actividades financieras y de seguros,1,1,,"100,0%",NaN
2102-Universidad Nacional Abierta y a Distancia - UNAD,2776-INGENIERIA DE SISTEMAS,Femenino,2010-2,2021,Dependiente,"Actividades profesionales, científicas y técnicas",4,4,,"100,0%",NaN
2102-Universidad Nacional Abierta y a Distancia - UNAD,2776-INGENIERIA DE SISTEMAS,Femenino,2010-2,2021,Dependiente,Administración pública y defensa; planes de seguridad social de afiliación obligatoria,6,6,,"100,0%",NaN
2102-Universidad Nacional Abierta y a Distancia - UNAD,2776-INGENIERIA DE SISTEMAS,Femenino,2010-2,2021,Dependiente,"Agricultura, ganadería, caza, silvicultura y pesca",1,1,,"100,0%",NaN
2102-Universidad Nacional Abierta y a Distancia - UNAD,2776-INGENIERIA DE SISTEMAS,Femenino,2010-2,2021,Dependiente,Comercio al por mayor y al por menor; reparación de vehículos automotores y motocicletas,2,2,,"100,0%",NaN
2102-Universidad Nacional Abierta y a Distancia - UNAD,2776-INGENIERIA DE SISTEMAS,Femenino,2010-2,2021,Dependiente,Construccion,2,2,,"100,0%",NaN
2102-Universidad Nacional Abierta y a Distancia - UNAD,2776-INGENIERIA DE SISTEMAS,Femenino,2010-2,2021,Dependiente,Educación,4,4,,"100,0%",NaN
2102-Universidad Nacional Abierta y a Distancia - UNAD,2776-INGENIERIA DE SISTEMAS,Femenino,2010-2,2021,Dependiente,Información y comunicaciones,3,3,,"100,0%",NaN
2102-Universidad Nacional Abierta y a Distancia - UNAD,2776-INGENIERIA DE SISTEMAS,Femenino,2010-2,2021,Dependiente,Sin información,1,1,,"100,0%",NaN
2102-Universidad Nacional Abierta y a Distancia - UNAD,2776-INGENIERIA DE SISTEMAS,Femenino,2010-2,2021,Dependiente,"Suministro de electricidad, gas, vapor y aire acondicionado",1,1,,"100,0%",NaN
2102-Universidad Nacional Abierta y a Distancia - UNAD,2776-INGENIERIA DE SISTEMAS,Femenino,2010-2,2021,Independiente,"Actividades profesionales, científicas y técnicas",4,4,,"100,0%",NaN
2102-Universidad Nacional Abierta y a Distancia - UNAD,2776-INGENIERIA DE SISTEMAS,Femenino,2010-2,2021,Independiente,Administración pública y defensa; planes de seguridad social de afiliación obligatoria,2,2,,"100,0%",NaN
2102-Universidad Nacional Abierta y a Distancia - UNAD,2776-INGENIERIA DE SISTEMAS,Femenino,2010-2,2021,Independiente,Comercio al por mayor y al por menor; reparación de vehículos automotores y motocicletas,1,1,,"100,0%",NaN
2102-Universidad Nacional Abierta y a Distancia - UNAD,2776-INGENIERIA DE SISTEMAS,Femenino,2010-2,2021,Independiente,Transporte y almacenamiento,1,1,,"100,0%",NaN
2102-Universidad Nacional Abierta y a Distancia - UNAD,2776-INGENIERIA DE SISTEMAS,Femenino,2010-2,2021,No cotizante,Sin información,31,0,,"0,0%",NaN
2102-Universidad Nacional Abierta y a Distancia - UNAD,2776-INGENIERIA DE SISTEMAS,Femenino,2010-2,2022,Dependiente,"Actividades artísticas, de entretenimiento y recreación",1,1,,"100,0%",NaN
2102-Universidad Nacional Abierta y a Distancia - UNAD,2776-INGENIERIA DE SISTEMAS,Femenino,2010-2,2022,Dependiente,Actividades de atención de la salud humana y de asistencia social,1,1,,"100,0%",NaN
2102-Universidad Nacional Abierta y a Distancia - UNAD,2776-INGENIERIA DE SISTEMAS,Femenino,2010-2,2022,Dependiente,Actividades de servicios administrativos y de apoyo,5,5,,"100,0%",NaN
2102-Universidad Nacional Abierta y a Distancia - UNAD,2776-INGENIERIA DE SISTEMAS,Femenino,2010-2,2022,Dependiente,"Actividades profesionales, científicas y técnicas",4,4,,"100,0%",NaN
2102-Universidad Nacional Abierta y a Distancia - UNAD,2776-INGENIERIA DE SISTEMAS,Femenino,2010-2,2022,Dependiente,Administración pública y defensa; planes de seguridad social de afiliación obligatoria,3,3,,"100,0%",NaN
2102-Universidad Nacional Abierta y a Distancia - UNAD,2776-INGENIERIA DE SISTEMAS,Femenino,2010-2,2022,Dependiente,"Agricultura, ganadería, caza, silvicultura y pesca",1,1,,"100,0%",NaN
2102-Universidad Nacional Abierta y a Distancia - UNAD,2776-INGENIERIA DE SISTEMAS,Femenino,2010-2,2022,Dependiente,Comercio al por mayor y al por menor; reparación de vehículos automotores y motocicletas,3,3,,"100,0%",NaN
2102-Universidad Nacional Abierta y a Distancia - UNAD,2776-INGENIERIA DE SISTEMAS,Femenino,2010-2,2022,Dependiente,Construccion,2,2,,"100,0%",NaN
2102-Universidad Nacional Abierta y a Distancia - UNAD,2776-INGENIERIA DE SISTEMAS,Femenino,2010-2,2022,Dependiente,Educación,2,2,,"100,0%",NaN
2102-Universidad Nacional Abierta y a Distancia - UNAD,2776-INGENIERIA DE SISTEMAS,Femenino,2010-2,2022,Dependiente,Industrias manufactureras,1,1,,"100,0%",NaN
2102-Universidad Nacional Abierta y a Distancia - UNAD,2776-INGENIERIA DE SISTEMAS,Femenino,2010-2,2022,Dependiente,Información y comunicaciones,4,4,,"100,0%",NaN
2102-Universidad Nacional Abierta y a Distancia - UNAD,2776-INGENIERIA DE SISTEMAS,Femenino,2010-2,2022,Dependiente,Otras actividades de servicios,1,1,,"100,0%",NaN
2102-Universidad Nacional Abierta y a Distancia - UNAD,2776-INGENIERIA DE SISTEMAS,Femenino,2010-2,2022,Dependiente,"Suministro de electricidad, gas, vapor y aire acondicionado",1,1,,"100,0%",NaN
2102-Universidad Nacional Abierta y a Distancia - UNAD,2776-INGENIERIA DE SISTEMAS,Femenino,2010-2,2022,Dependiente,SIN DATO,1,1,,"100,0%",NaN
2102-Universidad Nacional Abierta y a Distancia - UNAD,2776-INGENIERIA DE SISTEMAS,Femenino,2010-2,2022,Independiente,"Actividades profesionales, científicas y técnicas",6,6,,"100,0%",NaN
2102-Universidad Nacional Abierta y a Distancia - UNAD,2776-INGENIERIA DE SISTEMAS,Femenino,2010-2,2022,Independiente,Administración pública y defensa; planes de seguridad social de afiliación obligatoria,2,2,,"100,0%",NaN
2102-Universidad Nacional Abierta y a Distancia - UNAD,2776-INGENIERIA DE SISTEMAS,Femenino,2010-2,2022,Independiente,Información y comunicaciones,1,1,,"100,0%",NaN
2102-Universidad Nacional Abierta y a Distancia - UNAD,2776-INGENIERIA DE SISTEMAS,Femenino,2010-2,2022,Independiente,Transporte y almacenamiento,1,1,,"100,0%",NaN
2102-Universidad Nacional Abierta y a Distancia - UNAD,2776-INGENIERIA DE SISTEMAS,Femenino,2010-2,2022,No cotizante,SIN DATO,28,0,,"0,0%",NaN
2102-Universidad Nacional Abierta y a Distancia - UNAD,2776-INGENIERIA DE SISTEMAS,Femenino,2010-2,2023,Dependiente,"Actividades artísticas, de entretenimiento y recreación",1,1,,"100,0%",NaN
2102-Universidad Nacional Abierta y a Distancia - UNAD,2776-INGENIERIA DE SISTEMAS,Femenino,2010-2,2023,Dependiente,Actividades de servicios administrativos y de apoyo,4,4,,"100,0%",NaN
2102-Universidad Nacional Abierta y a Distancia - UNAD,2776-INGENIERIA DE SISTEMAS,Femenino,2010-2,2023,Dependiente,Actividades financieras y de seguros,1,1,,"100,0%",NaN
2102-Universidad Nacional Abierta y a Distancia - UNAD,2776-INGENIERIA DE SISTEMAS,Femenino,2010-2,2023,Dependiente,"Actividades profesionales, científicas y técnicas",1,1,,"100,0%",NaN
2102-Universidad Nacional Abierta y a Distancia - UNAD,2776-INGENIERIA DE SISTEMAS,Femenino,2010-2,2023,Dependiente,Administración pública y defensa; planes de seguridad social de afiliación obligatoria,2,2,,"100,0%",NaN
2102-Universidad Nacional Abierta y a Distancia - UNAD,2776-INGENIERIA DE SISTEMAS,Femenino,2010-2,2023,Dependiente,"Agricultura, ganadería, caza, silvicultura y pesca",1,1,,"100,0%",NaN
2102-Universidad Nacional Abierta y a Distancia - UNAD,2776-INGENIERIA DE SISTEMAS,Femenino,2010-2,2023,Dependiente,Comercio al por mayor y al por menor; reparación de vehículos automotores y motocicletas,3,3,,"100,0%",NaN
2102-Universidad Nacional Abierta y a Distancia - UNAD,2776-INGENIERIA DE SISTEMAS,Femenino,2010-2,2023,Dependiente,Construccion,2,2,,"100,0%",NaN
2102-Universidad Nacional Abierta y a Distancia - UNAD,2776-INGENIERIA DE SISTEMAS,Femenino,2010-2,2023,Dependiente,Educación,4,4,,"100,0%",NaN
2102-Universidad Nacional Abierta y a Distancia - UNAD,2776-INGENIERIA DE SISTEMAS,Femenino,2010-2,2023,Dependiente,Industrias manufactureras,1,1,,"100,0%",NaN
2102-Universidad Nacional Abierta y a Distancia - UNAD,2776-INGENIERIA DE SISTEMAS,Femenino,2010-2,2023,Dependiente,Información y comunicaciones,5,5,,"100,0%",NaN
2102-Universidad Nacional Abierta y a Distancia - UNAD,2776-INGENIERIA DE SISTEMAS,Femenino,2010-2,2023,Dependiente,Otras actividades de servicios,1,1,,"100,0%",NaN
2102-Universidad Nacional Abierta y a Distancia - UNAD,2776-INGENIERIA DE SISTEMAS,Femenino,2010-2,2023,Dependiente,"Suministro de electricidad, gas, vapor y aire acondicionado",1,1,,"100,0%",NaN
2102-Universidad Nacional Abierta y a Distancia - UNAD,2776-INGENIERIA DE SISTEMAS,Femenino,2010-2,2023,Dependiente,SIN DATO,1,1,,"100,0%",NaN
2102-Universidad Nacional Abierta y a Distancia - UNAD,2776-INGENIERIA DE SISTEMAS,Femenino,2010-2,2023,Independiente,"Actividades profesionales, científicas y técnicas",5,5,,"100,0%",NaN
2102-Universidad Nacional Abierta y a Distancia - UNAD,2776-INGENIERIA DE SISTEMAS,Femenino,2010-2,2023,Independiente,Administración pública y defensa; planes de seguridad social de afiliación obligatoria,2,2,,"100,0%",NaN
2102-Universidad Nacional Abierta y a Distancia - UNAD,2776-INGENIERIA DE SISTEMAS,Femenino,2010-2,2023,Independiente,Comercio al por mayor y al por menor; reparación de vehículos automotores y motocicletas,1,1,,"100,0%",NaN
2102-Universidad Nacional Abierta y a Distancia - UNAD,2776-INGENIERIA DE SISTEMAS,Femenino,2010-2,2023,Independiente,Información y comunicaciones,1,1,,"100,0%",NaN
2102-Universidad Nacional Abierta y a Distancia - UNAD,2776-INGENIERIA DE SISTEMAS,Femenino,2010-2,2023,Independiente,Transporte y almacenamiento,1,1,,"100,0%",NaN
2102-Universidad Nacional Abierta y a Distancia - UNAD,2776-INGENIERIA DE SISTEMAS,Femenino,2010-2,2023,No cotizante,SIN DATO,27,0,,"0,0%",NaN
2102-Universidad Nacional Abierta y a Distancia - UNAD,2776-INGENIERIA DE SISTEMAS,Masculino,2010-2,2017,Dependiente,Actividades de atención de la salud humana y de asistencia social,1,1,,"100,0%",NaN
2102-Universidad Nacional Abierta y a Distancia - UNAD,2776-INGENIERIA DE SISTEMAS,Masculino,2010-2,2017,Dependiente,Actividades de los hogares individuales en calidad de empleadores; actividades no diferenciadas de los hogares individuales como productores de bienes y servicios para uso propio,1,1,,"100,0%",NaN
2102-Universidad Nacional Abierta y a Distancia - UNAD,2776-INGENIERIA DE SISTEMAS,Masculino,2010-2,2017,Dependiente,Actividades de organizaciones y entidades extraterritoriales,2,2,,"100,0%",NaN
2102-Universidad Nacional Abierta y a Distancia - UNAD,2776-INGENIERIA DE SISTEMAS,Masculino,2010-2,2017,Dependiente,Actividades de servicios administrativos y de apoyo,3,3,,"100,0%",NaN
2102-Universidad Nacional Abierta y a Distancia - UNAD,2776-INGENIERIA DE SISTEMAS,Masculino,2010-2,2017,Dependiente,Actividades financieras y de seguros,3,3,,"100,0%",NaN
2102-Universidad Nacional Abierta y a Distancia - UNAD,2776-INGENIERIA DE SISTEMAS,Masculino,2010-2,2017,Dependiente,"Actividades profesionales, científicas y técnicas",11,11,,"100,0%",NaN
2102-Universidad Nacional Abierta y a Distancia - UNAD,2776-INGENIERIA DE SISTEMAS,Masculino,2010-2,2017,Dependiente,Administración pública y defensa; planes de seguridad social de afiliación obligatoria,7,7,,"100,0%",NaN
2102-Universidad Nacional Abierta y a Distancia - UNAD,2776-INGENIERIA DE SISTEMAS,Masculino,2010-2,2017,Dependiente,Comercio al por mayor y al por menor; reparación de vehículos automotores y motocicletas,3,3,,"100,0%",NaN
2102-Universidad Nacional Abierta y a Distancia - UNAD,2776-INGENIERIA DE SISTEMAS,Masculino,2010-2,2017,Dependiente,Educación,4,4,,"100,0%",NaN
2102-Universidad Nacional Abierta y a Distancia - UNAD,2776-INGENIERIA DE SISTEMAS,Masculino,2010-2,2017,Dependiente,Explotación de minas y canteras,2,2,,"100,0%",NaN
2102-Universidad Nacional Abierta y a Distancia - UNAD,2776-INGENIERIA DE SISTEMAS,Masculino,2010-2,2017,Dependiente,Industrias manufactureras,3,3,,"100,0%",NaN
2102-Universidad Nacional Abierta y a Distancia - UNAD,2776-INGENIERIA DE SISTEMAS,Masculino,2010-2,2017,Dependiente,Información y comunicaciones,7,7,,"100,0%",NaN
2102-Universidad Nacional Abierta y a Distancia - UNAD,2776-INGENIERIA DE SISTEMAS,Masculino,2010-2,2017,Dependiente,Sin información,5,5,,"100,0%",NaN
2102-Universidad Nacional Abierta y a Distancia - UNAD,2776-INGENIERIA DE SISTEMAS,Masculino,2010-2,2017,Dependiente,Transporte y almacenamiento,3,3,,"100,0%",NaN
2102-Universidad Nacional Abierta y a Distancia - UNAD,2776-INGENIERIA DE SISTEMAS,Masculino,2010-2,2017,Independiente,Actividades financieras y de seguros,1,1,,"100,0%",NaN
2102-Universidad Nacional Abierta y a Distancia - UNAD,2776-INGENIERIA DE SISTEMAS,Masculino,2010-2,2017,Independiente,"Actividades profesionales, científicas y técnicas",6,6,,"100,0%",NaN
2102-Universidad Nacional Abierta y a Distancia - UNAD,2776-INGENIERIA DE SISTEMAS,Masculino,2010-2,2017,Independiente,Sin información,10,10,,"100,0%",NaN
2102-Universidad Nacional Abierta y a Distancia - UNAD,2776-INGENIERIA DE SISTEMAS,Masculino,2010-2,2017,No cotizante,Sin información,17,0,,"0,0%",NaN
2102-Universidad Nacional Abierta y a Distancia - UNAD,2776-INGENIERIA DE SISTEMAS,Masculino,2010-2,2018,Dependiente,Actividades de los hogares individuales en calidad de empleadores; actividades no diferenciadas de los hogares individuales como productores de bienes y servicios para uso propio,1,1,,"100,0%",NaN
2102-Universidad Nacional Abierta y a Distancia - UNAD,2776-INGENIERIA DE SISTEMAS,Masculino,2010-2,2018,Dependiente,Actividades de organizaciones y entidades extraterritoriales,2,2,,"100,0%",NaN
2102-Universidad Nacional Abierta y a Distancia - UNAD,2776-INGENIERIA DE SISTEMAS,Masculino,2010-2,2018,Dependiente,Actividades de servicios administrativos y de apoyo,2,2,,"100,0%",NaN
2102-Universidad Nacional Abierta y a Distancia - UNAD,2776-INGENIERIA DE SISTEMAS,Masculino,2010-2,2018,Dependiente,Actividades financieras y de seguros,2,2,,"100,0%",NaN
2102-Universidad Nacional Abierta y a Distancia - UNAD,2776-INGENIERIA DE SISTEMAS,Masculino,2010-2,2018,Dependiente,"Actividades profesionales, científicas y técnicas",12,12,,"100,0%",NaN
2102-Universidad Nacional Abierta y a Distancia - UNAD,2776-INGENIERIA DE SISTEMAS,Masculino,2010-2,2018,Dependiente,Administración pública y defensa; planes de seguridad social de afiliación obligatoria,7,7,,"100,0%",NaN
2102-Universidad Nacional Abierta y a Distancia - UNAD,2776-INGENIERIA DE SISTEMAS,Masculino,2010-2,2018,Dependiente,Comercio al por mayor y al por menor; reparación de vehículos automotores y motocicletas,3,3,,"100,0%",NaN
2102-Universidad Nacional Abierta y a Distancia - UNAD,2776-INGENIERIA DE SISTEMAS,Masculino,2010-2,2018,Dependiente,Construccion,1,1,,"100,0%",NaN
2102-Universidad Nacional Abierta y a Distancia - UNAD,2776-INGENIERIA DE SISTEMAS,Masculino,2010-2,2018,Dependiente,Educación,4,4,,"100,0%",NaN
2102-Universidad Nacional Abierta y a Distancia - UNAD,2776-INGENIERIA DE SISTEMAS,Masculino,2010-2,2018,Dependiente,Explotación de minas y canteras,2,2,,"100,0%",NaN
2102-Universidad Nacional Abierta y a Distancia - UNAD,2776-INGENIERIA DE SISTEMAS,Masculino,2010-2,2018,Dependiente,Industrias manufactureras,3,3,,"100,0%",NaN
2102-Universidad Nacional Abierta y a Distancia - UNAD,2776-INGENIERIA DE SISTEMAS,Masculino,2010-2,2018,Dependiente,Información y comunicaciones,7,7,,"100,0%",NaN
2102-Universidad Nacional Abierta y a Distancia - UNAD,2776-INGENIERIA DE SISTEMAS,Masculino,2010-2,2018,Dependiente,Otras actividades de servicios,1,1,,"100,0%",NaN
2102-Universidad Nacional Abierta y a Distancia - UNAD,2776-INGENIERIA DE SISTEMAS,Masculino,2010-2,2018,Dependiente,Sin información,5,5,,"100,0%",NaN
2102-Universidad Nacional Abierta y a Distancia - UNAD,2776-INGENIERIA DE SISTEMAS,Masculino,2010-2,2018,Dependiente,Transporte y almacenamiento,3,3,,"100,0%",NaN
2102-Universidad Nacional Abierta y a Distancia - UNAD,2776-INGENIERIA DE SISTEMAS,Masculino,2010-2,2018,Independiente,Actividades financieras y de seguros,1,1,,"100,0%",NaN
2102-Universidad Nacional Abierta y a Distancia - UNAD,2776-INGENIERIA DE SISTEMAS,Masculino,2010-2,2018,Independiente,"Actividades profesionales, científicas y técnicas",6,6,,"100,0%",NaN
2102-Universidad Nacional Abierta y a Distancia - UNAD,2776-INGENIERIA DE SISTEMAS,Masculino,2010-2,2018,Independiente,Información y comunicaciones,1,1,,"100,0%",NaN
2102-Universidad Nacional Abierta y a Distancia - UNAD,2776-INGENIERIA DE SISTEMAS,Masculino,2010-2,2018,Independiente,Sin información,9,9,,"100,0%",NaN
2102-Universidad Nacional Abierta y a Distancia - UNAD,2776-INGENIERIA DE SISTEMAS,Masculino,2010-2,2018,No cotizante,Sin información,16,0,,"0,0%",NaN
2102-Universidad Nacional Abierta y a Distancia - UNAD,2776-INGENIERIA DE SISTEMAS,Masculino,2010-2,2019,Dependiente,Actividades de los hogares individuales en calidad de empleadores; actividades no diferenciadas de los hogares individuales como productores de bienes y servicios para uso propio,1,1,,"100,0%",NaN
2102-Universidad Nacional Abierta y a Distancia - UNAD,2776-INGENIERIA DE SISTEMAS,Masculino,2010-2,2019,Dependiente,Actividades de organizaciones y entidades extraterritoriales,2,2,,"100,0%",NaN
2102-Universidad Nacional Abierta y a Distancia - UNAD,2776-INGENIERIA DE SISTEMAS,Masculino,2010-2,2019,Dependiente,Actividades de servicios administrativos y de apoyo,2,2,,"100,0%",NaN
2102-Universidad Nacional Abierta y a Distancia - UNAD,2776-INGENIERIA DE SISTEMAS,Masculino,2010-2,2019,Dependiente,Actividades financieras y de seguros,2,2,,"100,0%",NaN
2102-Universidad Nacional Abierta y a Distancia - UNAD,2776-INGENIERIA DE SISTEMAS,Masculino,2010-2,2019,Dependiente,"Actividades profesionales, científicas y técnicas",14,14,,"100,0%",NaN
2102-Universidad Nacional Abierta y a Distancia - UNAD,2776-INGENIERIA DE SISTEMAS,Masculino,2010-2,2019,Dependiente,Administración pública y defensa; planes de seguridad social de afiliación obligatoria,8,8,,"100,0%",NaN
2102-Universidad Nacional Abierta y a Distancia - UNAD,2776-INGENIERIA DE SISTEMAS,Masculino,2010-2,2019,Dependiente,Alojamiento y servicios de comida,1,1,,"100,0%",NaN
2102-Universidad Nacional Abierta y a Distancia - UNAD,2776-INGENIERIA DE SISTEMAS,Masculino,2010-2,2019,Dependiente,Comercio al por mayor y al por menor; reparación de vehículos automotores y motocicletas,3,3,,"100,0%",NaN
2102-Universidad Nacional Abierta y a Distancia - UNAD,2776-INGENIERIA DE SISTEMAS,Masculino,2010-2,2019,Dependiente,Construccion,1,1,,"100,0%",NaN
2102-Universidad Nacional Abierta y a Distancia - UNAD,2776-INGENIERIA DE SISTEMAS,Masculino,2010-2,2019,Dependiente,Educación,3,3,,"100,0%",NaN
2102-Universidad Nacional Abierta y a Distancia - UNAD,2776-INGENIERIA DE SISTEMAS,Masculino,2010-2,2019,Dependiente,Explotación de minas y canteras,1,1,,"100,0%",NaN
2102-Universidad Nacional Abierta y a Distancia - UNAD,2776-INGENIERIA DE SISTEMAS,Masculino,2010-2,2019,Dependiente,Industrias manufactureras,3,3,,"100,0%",NaN
2102-Universidad Nacional Abierta y a Distancia - UNAD,2776-INGENIERIA DE SISTEMAS,Masculino,2010-2,2019,Dependiente,Información y comunicaciones,6,6,,"100,0%",NaN
2102-Universidad Nacional Abierta y a Distancia - UNAD,2776-INGENIERIA DE SISTEMAS,Masculino,2010-2,2019,Dependiente,Sin información,1,1,,"100,0%",NaN
2102-Universidad Nacional Abierta y a Distancia - UNAD,2776-INGENIERIA DE SISTEMAS,Masculino,2010-2,2019,Dependiente,Transporte y almacenamiento,3,3,,"100,0%",NaN
2102-Universidad Nacional Abierta y a Distancia - UNAD,2776-INGENIERIA DE SISTEMAS,Masculino,2010-2,2019,Independiente,Actividades financieras y de seguros,2,2,,"100,0%",NaN
2102-Universidad Nacional Abierta y a Distancia - UNAD,2776-INGENIERIA DE SISTEMAS,Masculino,2010-2,2019,Independiente,"Actividades profesionales, científicas y técnicas",6,6,,"100,0%",NaN
2102-Universidad Nacional Abierta y a Distancia - UNAD,2776-INGENIERIA DE SISTEMAS,Masculino,2010-2,2019,Independiente,Administración pública y defensa; planes de seguridad social de afiliación obligatoria,4,4,,"100,0%",NaN
2102-Universidad Nacional Abierta y a Distancia - UNAD,2776-INGENIERIA DE SISTEMAS,Masculino,2010-2,2019,Independiente,Comercio al por mayor y al por menor; reparación de vehículos automotores y motocicletas,1,1,,"100,0%",NaN
2102-Universidad Nacional Abierta y a Distancia - UNAD,2776-INGENIERIA DE SISTEMAS,Masculino,2010-2,2019,Independiente,Sin información,2,2,,"100,0%",NaN
2102-Universidad Nacional Abierta y a Distancia - UNAD,2776-INGENIERIA DE SISTEMAS,Masculino,2010-2,2019,No cotizante,Sin información,15,0,,"0,0%",NaN
2102-Universidad Nacional Abierta y a Distancia - UNAD,2776-INGENIERIA DE SISTEMAS,Masculino,2010-2,2020,Dependiente,Actividades de los hogares individuales en calidad de empleadores; actividades no diferenciadas de los hogares individuales como productores de bienes y servicios para uso propio,1,1,,"100,0%",NaN
2102-Universidad Nacional Abierta y a Distancia - UNAD,2776-INGENIERIA DE SISTEMAS,Masculino,2010-2,2020,Dependiente,Actividades de organizaciones y entidades extraterritoriales,1,1,,"100,0%",NaN
2102-Universidad Nacional Abierta y a Distancia - UNAD,2776-INGENIERIA DE SISTEMAS,Masculino,2010-2,2020,Dependiente,Actividades de servicios administrativos y de apoyo,5,5,,"100,0%",NaN
2102-Universidad Nacional Abierta y a Distancia - UNAD,2776-INGENIERIA DE SISTEMAS,Masculino,2010-2,2020,Dependiente,Actividades financieras y de seguros,2,2,,"100,0%",NaN
2102-Universidad Nacional Abierta y a Distancia - UNAD,2776-INGENIERIA DE SISTEMAS,Masculino,2010-2,2020,Dependiente,"Actividades profesionales, científicas y técnicas",10,10,,"100,0%",NaN
2102-Universidad Nacional Abierta y a Distancia - UNAD,2776-INGENIERIA DE SISTEMAS,Masculino,2010-2,2020,Dependiente,Administración pública y defensa; planes de seguridad social de afiliación obligatoria,6,6,,"100,0%",NaN
2102-Universidad Nacional Abierta y a Distancia - UNAD,2776-INGENIERIA DE SISTEMAS,Masculino,2010-2,2020,Dependiente,Alojamiento y servicios de comida,1,1,,"100,0%",NaN
2102-Universidad Nacional Abierta y a Distancia - UNAD,2776-INGENIERIA DE SISTEMAS,Masculino,2010-2,2020,Dependiente,Comercio al por mayor y al por menor; reparación de vehículos automotores y motocicletas,4,4,,"100,0%",NaN
2102-Universidad Nacional Abierta y a Distancia - UNAD,2776-INGENIERIA DE SISTEMAS,Masculino,2010-2,2020,Dependiente,Construccion,2,2,,"100,0%",NaN
2102-Universidad Nacional Abierta y a Distancia - UNAD,2776-INGENIERIA DE SISTEMAS,Masculino,2010-2,2020,Dependiente,Educación,4,4,,"100,0%",NaN
2102-Universidad Nacional Abierta y a Distancia - UNAD,2776-INGENIERIA DE SISTEMAS,Masculino,2010-2,2020,Dependiente,Explotación de minas y canteras,1,1,,"100,0%",NaN
2102-Universidad Nacional Abierta y a Distancia - UNAD,2776-INGENIERIA DE SISTEMAS,Masculino,2010-2,2020,Dependiente,Industrias manufactureras,2,2,,"100,0%",NaN
2102-Universidad Nacional Abierta y a Distancia - UNAD,2776-INGENIERIA DE SISTEMAS,Masculino,2010-2,2020,Dependiente,Información y comunicaciones,6,6,,"100,0%",NaN
2102-Universidad Nacional Abierta y a Distancia - UNAD,2776-INGENIERIA DE SISTEMAS,Masculino,2010-2,2020,Dependiente,Otras actividades de servicios,1,1,,"100,0%",NaN
2102-Universidad Nacional Abierta y a Distancia - UNAD,2776-INGENIERIA DE SISTEMAS,Masculino,2010-2,2020,Dependiente,Transporte y almacenamiento,3,3,,"100,0%",NaN
2102-Universidad Nacional Abierta y a Distancia - UNAD,2776-INGENIERIA DE SISTEMAS,Masculino,2010-2,2020,Independiente,Actividades de servicios administrativos y de apoyo,1,1,,"100,0%",NaN
2102-Universidad Nacional Abierta y a Distancia - UNAD,2776-INGENIERIA DE SISTEMAS,Masculino,2010-2,2020,Independiente,Actividades financieras y de seguros,2,2,,"100,0%",NaN
2102-Universidad Nacional Abierta y a Distancia - UNAD,2776-INGENIERIA DE SISTEMAS,Masculino,2010-2,2020,Independiente,"Actividades profesionales, científicas y técnicas",6,6,,"100,0%",NaN
2102-Universidad Nacional Abierta y a Distancia - UNAD,2776-INGENIERIA DE SISTEMAS,Masculino,2010-2,2020,Independiente,Administración pública y defensa; planes de seguridad social de afiliación obligatoria,5,5,,"100,0%",NaN
2102-Universidad Nacional Abierta y a Distancia - UNAD,2776-INGENIERIA DE SISTEMAS,Masculino,2010-2,2020,Independiente,Comercio al por mayor y al por menor; reparación de vehículos automotores y motocicletas,1,1,,"100,0%",NaN
2102-Universidad Nacional Abierta y a Distancia - UNAD,2776-INGENIERIA DE SISTEMAS,Masculino,2010-2,2020,No cotizante,Sin información,17,0,,"0,0%",NaN
2102-Universidad Nacional Abierta y a Distancia - UNAD,2776-INGENIERIA DE SISTEMAS,Masculino,2010-2,2021,Dependiente,Actividades de los hogares individuales en calidad de empleadores; actividades no diferenciadas de los hogares individuales como productores de bienes y servicios para uso propio,1,1,,"100,0%",NaN
2102-Universidad Nacional Abierta y a Distancia - UNAD,2776-INGENIERIA DE SISTEMAS,Masculino,2010-2,2021,Dependiente,Actividades de organizaciones y entidades extraterritoriales,1,1,,"100,0%",NaN
2102-Universidad Nacional Abierta y a Distancia - UNAD,2776-INGENIERIA DE SISTEMAS,Masculino,2010-2,2021,Dependiente,Actividades de servicios administrativos y de apoyo,7,7,,"100,0%",NaN
2102-Universidad Nacional Abierta y a Distancia - UNAD,2776-INGENIERIA DE SISTEMAS,Masculino,2010-2,2021,Dependiente,Actividades financieras y de seguros,2,2,,"100,0%",NaN
2102-Universidad Nacional Abierta y a Distancia - UNAD,2776-INGENIERIA DE SISTEMAS,Masculino,2010-2,2021,Dependiente,"Actividades profesionales, científicas y técnicas",8,8,,"100,0%",NaN
2102-Universidad Nacional Abierta y a Distancia - UNAD,2776-INGENIERIA DE SISTEMAS,Masculino,2010-2,2021,Dependiente,Administración pública y defensa; planes de seguridad social de afiliación obligatoria,7,7,,"100,0%",NaN
2102-Universidad Nacional Abierta y a Distancia - UNAD,2776-INGENIERIA DE SISTEMAS,Masculino,2010-2,2021,Dependiente,Alojamiento y servicios de comida,1,1,,"100,0%",NaN
2102-Universidad Nacional Abierta y a Distancia - UNAD,2776-INGENIERIA DE SISTEMAS,Masculino,2010-2,2021,Dependiente,Comercio al por mayor y al por menor; reparación de vehículos automotores y motocicletas,4,4,,"100,0%",NaN
2102-Universidad Nacional Abierta y a Distancia - UNAD,2776-INGENIERIA DE SISTEMAS,Masculino,2010-2,2021,Dependiente,Construccion,2,2,,"100,0%",NaN
2102-Universidad Nacional Abierta y a Distancia - UNAD,2776-INGENIERIA DE SISTEMAS,Masculino,2010-2,2021,Dependiente,Educación,4,4,,"100,0%",NaN
2102-Universidad Nacional Abierta y a Distancia - UNAD,2776-INGENIERIA DE SISTEMAS,Masculino,2010-2,2021,Dependiente,Explotación de minas y canteras,1,1,,"100,0%",NaN
2102-Universidad Nacional Abierta y a Distancia - UNAD,2776-INGENIERIA DE SISTEMAS,Masculino,2010-2,2021,Dependiente,Industrias manufactureras,1,1,,"100,0%",NaN
2102-Universidad Nacional Abierta y a Distancia - UNAD,2776-INGENIERIA DE SISTEMAS,Masculino,2010-2,2021,Dependiente,Información y comunicaciones,6,6,,"100,0%",NaN
2102-Universidad Nacional Abierta y a Distancia - UNAD,2776-INGENIERIA DE SISTEMAS,Masculino,2010-2,2021,Dependiente,Otras actividades de servicios,3,3,,"100,0%",NaN
2102-Universidad Nacional Abierta y a Distancia - UNAD,2776-INGENIERIA DE SISTEMAS,Masculino,2010-2,2021,Dependiente,Transporte y almacenamiento,2,2,,"100,0%",NaN
2102-Universidad Nacional Abierta y a Distancia - UNAD,2776-INGENIERIA DE SISTEMAS,Masculino,2010-2,2021,Independiente,Actividades de servicios administrativos y de apoyo,6,6,,"100,0%",NaN
2102-Universidad Nacional Abierta y a Distancia - UNAD,2776-INGENIERIA DE SISTEMAS,Masculino,2010-2,2021,Independiente,"Actividades profesionales, científicas y técnicas",3,3,,"100,0%",NaN
2102-Universidad Nacional Abierta y a Distancia - UNAD,2776-INGENIERIA DE SISTEMAS,Masculino,2010-2,2021,Independiente,Administración pública y defensa; planes de seguridad social de afiliación obligatoria,4,4,,"100,0%",NaN
2102-Universidad Nacional Abierta y a Distancia - UNAD,2776-INGENIERIA DE SISTEMAS,Masculino,2010-2,2021,Independiente,"Agricultura, ganadería, caza, silvicultura y pesca",1,1,,"100,0%",NaN
2102-Universidad Nacional Abierta y a Distancia - UNAD,2776-INGENIERIA DE SISTEMAS,Masculino,2010-2,2021,Independiente,Comercio al por mayor y al por menor; reparación de vehículos automotores y motocicletas,1,1,,"100,0%",NaN
2102-Universidad Nacional Abierta y a Distancia - UNAD,2776-INGENIERIA DE SISTEMAS,Masculino,2010-2,2021,Independiente,Otras actividades de servicios,1,1,,"100,0%",NaN
2102-Universidad Nacional Abierta y a Distancia - UNAD,2776-INGENIERIA DE SISTEMAS,Masculino,2010-2,2021,No cotizante,Sin información,13,0,,"0,0%",NaN
2102-Universidad Nacional Abierta y a Distancia - UNAD,2776-INGENIERIA DE SISTEMAS,Masculino,2010-2,2022,Dependiente,Actividades de atención de la salud humana y de asistencia social,1,1,,"100,0%",NaN
2102-Universidad Nacional Abierta y a Distancia - UNAD,2776-INGENIERIA DE SISTEMAS,Masculino,2010-2,2022,Dependiente,Actividades de los hogares individuales en calidad de empleadores; actividades no diferenciadas de los hogares individuales como productores de bienes y servicios para uso propio,1,1,,"100,0%",NaN
2102-Universidad Nacional Abierta y a Distancia - UNAD,2776-INGENIERIA DE SISTEMAS,Masculino,2010-2,2022,Dependiente,Actividades de servicios administrativos y de apoyo,6,6,,"100,0%",NaN
2102-Universidad Nacional Abierta y a Distancia - UNAD,2776-INGENIERIA DE SISTEMAS,Masculino,2010-2,2022,Dependiente,Actividades financieras y de seguros,2,2,,"100,0%",NaN
2102-Universidad Nacional Abierta y a Distancia - UNAD,2776-INGENIERIA DE SISTEMAS,Masculino,2010-2,2022,Dependiente,"Actividades profesionales, científicas y técnicas",9,9,,"100,0%",NaN
2102-Universidad Nacional Abierta y a Distancia - UNAD,2776-INGENIERIA DE SISTEMAS,Masculino,2010-2,2022,Dependiente,Administración pública y defensa; planes de seguridad social de afiliación obligatoria,8,8,,"100,0%",NaN
2102-Universidad Nacional Abierta y a Distancia - UNAD,2776-INGENIERIA DE SISTEMAS,Masculino,2010-2,2022,Dependiente,Alojamiento y servicios de comida,1,1,,"100,0%",NaN
2102-Universidad Nacional Abierta y a Distancia - UNAD,2776-INGENIERIA DE SISTEMAS,Masculino,2010-2,2022,Dependiente,Comercio al por mayor y al por menor; reparación de vehículos automotores y motocicletas,4,4,,"100,0%",NaN
2102-Universidad Nacional Abierta y a Distancia - UNAD,2776-INGENIERIA DE SISTEMAS,Masculino,2010-2,2022,Dependiente,Construccion,1,1,,"100,0%",NaN
2102-Universidad Nacional Abierta y a Distancia - UNAD,2776-INGENIERIA DE SISTEMAS,Masculino,2010-2,2022,Dependiente,Educación,4,4,,"100,0%",NaN
2102-Universidad Nacional Abierta y a Distancia - UNAD,2776-INGENIERIA DE SISTEMAS,Masculino,2010-2,2022,Dependiente,Explotación de minas y canteras,1,1,,"100,0%",NaN
2102-Universidad Nacional Abierta y a Distancia - UNAD,2776-INGENIERIA DE SISTEMAS,Masculino,2010-2,2022,Dependiente,Industrias manufactureras,1,1,,"100,0%",NaN
2102-Universidad Nacional Abierta y a Distancia - UNAD,2776-INGENIERIA DE SISTEMAS,Masculino,2010-2,2022,Dependiente,Información y comunicaciones,6,6,,"100,0%",NaN
2102-Universidad Nacional Abierta y a Distancia - UNAD,2776-INGENIERIA DE SISTEMAS,Masculino,2010-2,2022,Dependiente,Otras actividades de servicios,3,3,,"100,0%",NaN
2102-Universidad Nacional Abierta y a Distancia - UNAD,2776-INGENIERIA DE SISTEMAS,Masculino,2010-2,2022,Dependiente,Transporte y almacenamiento,3,3,,"100,0%",NaN
2102-Universidad Nacional Abierta y a Distancia - UNAD,2776-INGENIERIA DE SISTEMAS,Masculino,2010-2,2022,Independiente,Actividades de servicios administrativos y de apoyo,4,4,,"100,0%",NaN
2102-Universidad Nacional Abierta y a Distancia - UNAD,2776-INGENIERIA DE SISTEMAS,Masculino,2010-2,2022,Independiente,"Actividades profesionales, científicas y técnicas",3,3,,"100,0%",NaN
2102-Universidad Nacional Abierta y a Distancia - UNAD,2776-INGENIERIA DE SISTEMAS,Masculino,2010-2,2022,Independiente,Administración pública y defensa; planes de seguridad social de afiliación obligatoria,4,4,,"100,0%",NaN
2102-Universidad Nacional Abierta y a Distancia - UNAD,2776-INGENIERIA DE SISTEMAS,Masculino,2010-2,2022,Independiente,"Agricultura, ganadería, caza, silvicultura y pesca",1,1,,"100,0%",NaN
2102-Universidad Nacional Abierta y a Distancia - UNAD,2776-INGENIERIA DE SISTEMAS,Masculino,2010-2,2022,Independiente,Comercio al por mayor y al por menor; reparación de vehículos automotores y motocicletas,1,1,,"100,0%",NaN
2102-Universidad Nacional Abierta y a Distancia - UNAD,2776-INGENIERIA DE SISTEMAS,Masculino,2010-2,2022,No cotizante,SIN DATO,13,0,,"0,0%",NaN
2102-Universidad Nacional Abierta y a Distancia - UNAD,2776-INGENIERIA DE SISTEMAS,Masculino,2010-2,2023,Dependiente,Actividades de servicios administrativos y de apoyo,7,7,,"100,0%",NaN
2102-Universidad Nacional Abierta y a Distancia - UNAD,2776-INGENIERIA DE SISTEMAS,Masculino,2010-2,2023,Dependiente,Actividades financieras y de seguros,3,3,,"100,0%",NaN
2102-Universidad Nacional Abierta y a Distancia - UNAD,2776-INGENIERIA DE SISTEMAS,Masculino,2010-2,2023,Dependiente,"Actividades profesionales, científicas y técnicas",6,6,,"100,0%",NaN
2102-Universidad Nacional Abierta y a Distancia - UNAD,2776-INGENIERIA DE SISTEMAS,Masculino,2010-2,2023,Dependiente,Administración pública y defensa; planes de seguridad social de afiliación obligatoria,6,6,,"100,0%",NaN
2102-Universidad Nacional Abierta y a Distancia - UNAD,2776-INGENIERIA DE SISTEMAS,Masculino,2010-2,2023,Dependiente,Alojamiento y servicios de comida,1,1,,"100,0%",NaN
2102-Universidad Nacional Abierta y a Distancia - UNAD,2776-INGENIERIA DE SISTEMAS,Masculino,2010-2,2023,Dependiente,Comercio al por mayor y al por menor; reparación de vehículos automotores y motocicletas,2,2,,"100,0%",NaN
2102-Universidad Nacional Abierta y a Distancia - UNAD,2776-INGENIERIA DE SISTEMAS,Masculino,2010-2,2023,Dependiente,Construccion,1,1,,"100,0%",NaN
2102-Universidad Nacional Abierta y a Distancia - UNAD,2776-INGENIERIA DE SISTEMAS,Masculino,2010-2,2023,Dependiente,Educación,5,5,,"100,0%",NaN
2102-Universidad Nacional Abierta y a Distancia - UNAD,2776-INGENIERIA DE SISTEMAS,Masculino,2010-2,2023,Dependiente,Industrias manufactureras,2,2,,"100,0%",NaN
2102-Universidad Nacional Abierta y a Distancia - UNAD,2776-INGENIERIA DE SISTEMAS,Masculino,2010-2,2023,Dependiente,Información y comunicaciones,7,7,,"100,0%",NaN
2102-Universidad Nacional Abierta y a Distancia - UNAD,2776-INGENIERIA DE SISTEMAS,Masculino,2010-2,2023,Dependiente,Otras actividades de servicios,3,3,,"100,0%",NaN
2102-Universidad Nacional Abierta y a Distancia - UNAD,2776-INGENIERIA DE SISTEMAS,Masculino,2010-2,2023,Dependiente,"Suministro de electricidad, gas, vapor y aire acondicionado",1,1,,"100,0%",NaN
2102-Universidad Nacional Abierta y a Distancia - UNAD,2776-INGENIERIA DE SISTEMAS,Masculino,2010-2,2023,Dependiente,Transporte y almacenamiento,3,3,,"100,0%",NaN
2102-Universidad Nacional Abierta y a Distancia - UNAD,2776-INGENIERIA DE SISTEMAS,Masculino,2010-2,2023,Independiente,Actividades de servicios administrativos y de apoyo,4,4,,"100,0%",NaN
2102-Universidad Nacional Abierta y a Distancia - UNAD,2776-INGENIERIA DE SISTEMAS,Masculino,2010-2,2023,Independiente,"Actividades profesionales, científicas y técnicas",3,3,,"100,0%",NaN
2102-Universidad Nacional Abierta y a Distancia - UNAD,2776-INGENIERIA DE SISTEMAS,Masculino,2010-2,2023,Independiente,Administración pública y defensa; planes de seguridad social de afiliación obligatoria,4,4,,"100,0%",NaN
2102-Universidad Nacional Abierta y a Distancia - UNAD,2776-INGENIERIA DE SISTEMAS,Masculino,2010-2,2023,Independiente,"Agricultura, ganadería, caza, silvicultura y pesca",1,1,,"100,0%",NaN
2102-Universidad Nacional Abierta y a Distancia - UNAD,2776-INGENIERIA DE SISTEMAS,Masculino,2010-2,2023,Independiente,Comercio al por mayor y al por menor; reparación de vehículos automotores y motocicletas,1,1,,"100,0%",NaN
2102-Universidad Nacional Abierta y a Distancia - UNAD,2776-INGENIERIA DE SISTEMAS,Masculino,2010-2,2023,No cotizante,SIN DATO,15,0,,"0,0%",NaN
2102-Universidad Nacional Abierta y a Distancia - UNAD,1681-TECNOLOGIA EN GESTION COMERCIAL Y DE NEGOCIOS,Femenino,2010-2,2016,Dependiente,Actividades de servicios administrativos y de apoyo,1,1,,"100,0%",$689.455
2102-Universidad Nacional Abierta y a Distancia - UNAD,1681-TECNOLOGIA EN GESTION COMERCIAL Y DE NEGOCIOS,Femenino,2010-2,2016,Dependiente,Actividades financieras y de seguros,1,1,,"100,0%",$1.378.800
2102-Universidad Nacional Abierta y a Distancia - UNAD,1681-TECNOLOGIA EN GESTION COMERCIAL Y DE NEGOCIOS,Femenino,2010-2,2016,Dependiente,Administración pública y defensa; planes de seguridad social de afiliación obligatoria,1,1,,"100,0%",$1.021.000
2102-Universidad Nacional Abierta y a Distancia - UNAD,1681-TECNOLOGIA EN GESTION COMERCIAL Y DE NEGOCIOS,Femenino,2010-2,2016,Dependiente,Comercio al por mayor y al por menor; reparación de vehículos automotores y motocicletas,2,2,,"100,0%",$3.731.500
2102-Universidad Nacional Abierta y a Distancia - UNAD,1681-TECNOLOGIA EN GESTION COMERCIAL Y DE NEGOCIOS,Femenino,2010-2,2016,Dependiente,Educación,2,2,,"100,0%",$1.416.000
2102-Universidad Nacional Abierta y a Distancia - UNAD,1681-TECNOLOGIA EN GESTION COMERCIAL Y DE NEGOCIOS,Femenino,2010-2,2016,Dependiente,Industrias manufactureras,1,1,,"100,0%",$2.569.000
2102-Universidad Nacional Abierta y a Distancia - UNAD,1681-TECNOLOGIA EN GESTION COMERCIAL Y DE NEGOCIOS,Femenino,2010-2,2016,Dependiente,Sin información,1,1,,"100,0%",$6.317.000
2102-Universidad Nacional Abierta y a Distancia - UNAD,1681-TECNOLOGIA EN GESTION COMERCIAL Y DE NEGOCIOS,Femenino,2010-2,2016,Independiente,"Actividades profesionales, científicas y técnicas",1,1,,"100,0%",NaN
2102-Universidad Nacional Abierta y a Distancia - UNAD,1681-TECNOLOGIA EN GESTION COMERCIAL Y DE NEGOCIOS,Femenino,2010-2,2016,No cotizante,Sin información,3,0,,"0,0%",NaN
2102-Universidad Nacional Abierta y a Distancia - UNAD,1681-TECNOLOGIA EN GESTION COMERCIAL Y DE NEGOCIOS,Femenino,2010-2,2017,Dependiente,"Actividades profesionales, científicas y técnicas",1,1,,"100,0%",NaN
2102-Universidad Nacional Abierta y a Distancia - UNAD,1681-TECNOLOGIA EN GESTION COMERCIAL Y DE NEGOCIOS,Femenino,2010-2,2017,Dependiente,Administración pública y defensa; planes de seguridad social de afiliación obligatoria,1,1,,"100,0%",NaN
2102-Universidad Nacional Abierta y a Distancia - UNAD,1681-TECNOLOGIA EN GESTION COMERCIAL Y DE NEGOCIOS,Femenino,2010-2,2017,Dependiente,Comercio al por mayor y al por menor; reparación de vehículos automotores y motocicletas,1,1,,"100,0%",NaN
2102-Universidad Nacional Abierta y a Distancia - UNAD,1681-TECNOLOGIA EN GESTION COMERCIAL Y DE NEGOCIOS,Femenino,2010-2,2017,Dependiente,Construccion,1,1,,"100,0%",NaN
2102-Universidad Nacional Abierta y a Distancia - UNAD,1681-TECNOLOGIA EN GESTION COMERCIAL Y DE NEGOCIOS,Femenino,2010-2,2017,Dependiente,Educación,2,2,,"100,0%",NaN
2102-Universidad Nacional Abierta y a Distancia - UNAD,1681-TECNOLOGIA EN GESTION COMERCIAL Y DE NEGOCIOS,Femenino,2010-2,2017,Dependiente,Industrias manufactureras,1,1,,"100,0%",NaN
2102-Universidad Nacional Abierta y a Distancia - UNAD,1681-TECNOLOGIA EN GESTION COMERCIAL Y DE NEGOCIOS,Femenino,2010-2,2017,Dependiente,Transporte y almacenamiento,2,2,,"100,0%",NaN
2102-Universidad Nacional Abierta y a Distancia - UNAD,1681-TECNOLOGIA EN GESTION COMERCIAL Y DE NEGOCIOS,Femenino,2010-2,2017,No cotizante,Sin información,6,0,,"0,0%",NaN
2102-Universidad Nacional Abierta y a Distancia - UNAD,1681-TECNOLOGIA EN GESTION COMERCIAL Y DE NEGOCIOS,Femenino,2010-2,2018,Dependiente,"Actividades profesionales, científicas y técnicas",1,1,,"100,0%",NaN
2102-Universidad Nacional Abierta y a Distancia - UNAD,1681-TECNOLOGIA EN GESTION COMERCIAL Y DE NEGOCIOS,Femenino,2010-2,2018,Dependiente,Administración pública y defensa; planes de seguridad social de afiliación obligatoria,1,1,,"100,0%",NaN
2102-Universidad Nacional Abierta y a Distancia - UNAD,1681-TECNOLOGIA EN GESTION COMERCIAL Y DE NEGOCIOS,Femenino,2010-2,2018,Dependiente,Educación,2,2,,"100,0%",NaN
2102-Universidad Nacional Abierta y a Distancia - UNAD,1681-TECNOLOGIA EN GESTION COMERCIAL Y DE NEGOCIOS,Femenino,2010-2,2018,Dependiente,Industrias manufactureras,1,1,,"100,0%",NaN
2102-Universidad Nacional Abierta y a Distancia - UNAD,1681-TECNOLOGIA EN GESTION COMERCIAL Y DE NEGOCIOS,Femenino,2010-2,2018,Dependiente,Transporte y almacenamiento,2,2,,"100,0%",NaN
2102-Universidad Nacional Abierta y a Distancia - UNAD,1681-TECNOLOGIA EN GESTION COMERCIAL Y DE NEGOCIOS,Femenino,2010-2,2018,No cotizante,Sin información,8,0,,"0,0%",NaN
2102-Universidad Nacional Abierta y a Distancia - UNAD,1681-TECNOLOGIA EN GESTION COMERCIAL Y DE NEGOCIOS,Femenino,2010-2,2019,Dependiente,Administración pública y defensa; planes de seguridad social de afiliación obligatoria,1,1,,"100,0%",NaN
2102-Universidad Nacional Abierta y a Distancia - UNAD,1681-TECNOLOGIA EN GESTION COMERCIAL Y DE NEGOCIOS,Femenino,2010-2,2019,Dependiente,Educación,1,1,,"100,0%",NaN
2102-Universidad Nacional Abierta y a Distancia - UNAD,1681-TECNOLOGIA EN GESTION COMERCIAL Y DE NEGOCIOS,Femenino,2010-2,2019,Dependiente,Industrias manufactureras,1,1,,"100,0%",NaN
2102-Universidad Nacional Abierta y a Distancia - UNAD,1681-TECNOLOGIA EN GESTION COMERCIAL Y DE NEGOCIOS,Femenino,2010-2,2019,Dependiente,Transporte y almacenamiento,2,2,,"100,0%",NaN
2102-Universidad Nacional Abierta y a Distancia - UNAD,1681-TECNOLOGIA EN GESTION COMERCIAL Y DE NEGOCIOS,Femenino,2010-2,2019,Independiente,Administración pública y defensa; planes de seguridad social de afiliación obligatoria,1,1,,"100,0%",NaN
2102-Universidad Nacional Abierta y a Distancia - UNAD,1681-TECNOLOGIA EN GESTION COMERCIAL Y DE NEGOCIOS,Femenino,2010-2,2019,No cotizante,Sin información,8,0,,"0,0%",NaN
2102-Universidad Nacional Abierta y a Distancia - UNAD,1681-TECNOLOGIA EN GESTION COMERCIAL Y DE NEGOCIOS,Femenino,2010-2,2020,Dependiente,Administración pública y defensa; planes de seguridad social de afiliación obligatoria,1,1,,"100,0%",NaN
2102-Universidad Nacional Abierta y a Distancia - UNAD,1681-TECNOLOGIA EN GESTION COMERCIAL Y DE NEGOCIOS,Femenino,2010-2,2020,Dependiente,Educación,2,2,,"100,0%",NaN
2102-Universidad Nacional Abierta y a Distancia - UNAD,1681-TECNOLOGIA EN GESTION COMERCIAL Y DE NEGOCIOS,Femenino,2010-2,2020,Dependiente,Industrias manufactureras,1,1,,"100,0%",NaN
2102-Universidad Nacional Abierta y a Distancia - UNAD,1681-TECNOLOGIA EN GESTION COMERCIAL Y DE NEGOCIOS,Femenino,2010-2,2020,Dependiente,Transporte y almacenamiento,2,2,,"100,0%",NaN
2102-Universidad Nacional Abierta y a Distancia - UNAD,1681-TECNOLOGIA EN GESTION COMERCIAL Y DE NEGOCIOS,Femenino,2010-2,2020,No cotizante,Sin información,8,0,,"0,0%",NaN
2102-Universidad Nacional Abierta y a Distancia - UNAD,1681-TECNOLOGIA EN GESTION COMERCIAL Y DE NEGOCIOS,Femenino,2010-2,2021,Dependiente,Administración pública y defensa; planes de seguridad social de afiliación obligatoria,1,1,,"100,0%",NaN
2102-Universidad Nacional Abierta y a Distancia - UNAD,1681-TECNOLOGIA EN GESTION COMERCIAL Y DE NEGOCIOS,Femenino,2010-2,2021,Dependiente,Educación,2,2,,"100,0%",NaN
2102-Universidad Nacional Abierta y a Distancia - UNAD,1681-TECNOLOGIA EN GESTION COMERCIAL Y DE NEGOCIOS,Femenino,2010-2,2021,Dependiente,Industrias manufactureras,1,1,,"100,0%",NaN
2102-Universidad Nacional Abierta y a Distancia - UNAD,1681-TECNOLOGIA EN GESTION COMERCIAL Y DE NEGOCIOS,Femenino,2010-2,2021,Dependiente,Transporte y almacenamiento,2,2,,"100,0%",NaN
2102-Universidad Nacional Abierta y a Distancia - UNAD,1681-TECNOLOGIA EN GESTION COMERCIAL Y DE NEGOCIOS,Femenino,2010-2,2021,No cotizante,Sin información,8,0,,"0,0%",NaN
2102-Universidad Nacional Abierta y a Distancia - UNAD,1681-TECNOLOGIA EN GESTION COMERCIAL Y DE NEGOCIOS,Femenino,2010-2,2022,Dependiente,Administración pública y defensa; planes de seguridad social de afiliación obligatoria,1,1,,"100,0%",NaN
2102-Universidad Nacional Abierta y a Distancia - UNAD,1681-TECNOLOGIA EN GESTION COMERCIAL Y DE NEGOCIOS,Femenino,2010-2,2022,Dependiente,Educación,1,1,,"100,0%",NaN
2102-Universidad Nacional Abierta y a Distancia - UNAD,1681-TECNOLOGIA EN GESTION COMERCIAL Y DE NEGOCIOS,Femenino,2010-2,2022,Dependiente,Transporte y almacenamiento,2,2,,"100,0%",NaN
2102-Universidad Nacional Abierta y a Distancia - UNAD,1681-TECNOLOGIA EN GESTION COMERCIAL Y DE NEGOCIOS,Femenino,2010-2,2022,Independiente,Otras actividades de servicios,1,1,,"100,0%",NaN
2102-Universidad Nacional Abierta y a Distancia - UNAD,1681-TECNOLOGIA EN GESTION COMERCIAL Y DE NEGOCIOS,Femenino,2010-2,2022,No cotizante,SIN DATO,8,0,,"0,0%",NaN
2102-Universidad Nacional Abierta y a Distancia - UNAD,1681-TECNOLOGIA EN GESTION COMERCIAL Y DE NEGOCIOS,Femenino,2010-2,2023,Dependiente,Administración pública y defensa; planes de seguridad social de afiliación obligatoria,1,1,,"100,0%",NaN
2102-Universidad Nacional Abierta y a Distancia - UNAD,1681-TECNOLOGIA EN GESTION COMERCIAL Y DE NEGOCIOS,Femenino,2010-2,2023,Dependiente,Transporte y almacenamiento,2,2,,"100,0%",NaN
2102-Universidad Nacional Abierta y a Distancia - UNAD,1681-TECNOLOGIA EN GESTION COMERCIAL Y DE NEGOCIOS,Femenino,2010-2,2023,No cotizante,SIN DATO,9,0,,"0,0%",NaN
2102-Universidad Nacional Abierta y a Distancia - UNAD,1681-TECNOLOGIA EN GESTION COMERCIAL Y DE NEGOCIOS,Masculino,2010-2,2016,Dependiente,Actividades inmobiliarias,1,1,,"100,0%",$689.500
2102-Universidad Nacional Abierta y a Distancia - UNAD,1681-TECNOLOGIA EN GESTION COMERCIAL Y DE NEGOCIOS,Masculino,2010-2,2016,Dependiente,"Actividades profesionales, científicas y técnicas",1,1,,"100,0%",$9.386.000
2102-Universidad Nacional Abierta y a Distancia - UNAD,1681-TECNOLOGIA EN GESTION COMERCIAL Y DE NEGOCIOS,Masculino,2010-2,2016,Dependiente,Administración pública y defensa; planes de seguridad social de afiliación obligatoria,1,1,,"100,0%",$9.544.000
2102-Universidad Nacional Abierta y a Distancia - UNAD,1681-TECNOLOGIA EN GESTION COMERCIAL Y DE NEGOCIOS,Masculino,2010-2,2016,Dependiente,Comercio al por mayor y al por menor; reparación de vehículos automotores y motocicletas,1,1,,"100,0%",$1.570.000
2102-Universidad Nacional Abierta y a Distancia - UNAD,1681-TECNOLOGIA EN GESTION COMERCIAL Y DE NEGOCIOS,Masculino,2010-2,2016,Dependiente,Transporte y almacenamiento,1,1,,"100,0%",$689.455
2102-Universidad Nacional Abierta y a Distancia - UNAD,1681-TECNOLOGIA EN GESTION COMERCIAL Y DE NEGOCIOS,Masculino,2010-2,2016,Independiente,"Actividades profesionales, científicas y técnicas",1,1,,"100,0%",NaN
2102-Universidad Nacional Abierta y a Distancia - UNAD,1681-TECNOLOGIA EN GESTION COMERCIAL Y DE NEGOCIOS,Masculino,2010-2,2016,No cotizante,Sin información,1,0,,"0,0%",NaN
2102-Universidad Nacional Abierta y a Distancia - UNAD,1681-TECNOLOGIA EN GESTION COMERCIAL Y DE NEGOCIOS,Masculino,2010-2,2017,Dependiente,"Actividades profesionales, científicas y técnicas",1,1,,"100,0%",NaN
2102-Universidad Nacional Abierta y a Distancia - UNAD,1681-TECNOLOGIA EN GESTION COMERCIAL Y DE NEGOCIOS,Masculino,2010-2,2017,Dependiente,Administración pública y defensa; planes de seguridad social de afiliación obligatoria,1,1,,"100,0%",NaN
2102-Universidad Nacional Abierta y a Distancia - UNAD,1681-TECNOLOGIA EN GESTION COMERCIAL Y DE NEGOCIOS,Masculino,2010-2,2017,Dependiente,Sin información,2,2,,"100,0%",NaN
2102-Universidad Nacional Abierta y a Distancia - UNAD,1681-TECNOLOGIA EN GESTION COMERCIAL Y DE NEGOCIOS,Masculino,2010-2,2017,Dependiente,Transporte y almacenamiento,1,1,,"100,0%",NaN
2102-Universidad Nacional Abierta y a Distancia - UNAD,1681-TECNOLOGIA EN GESTION COMERCIAL Y DE NEGOCIOS,Masculino,2010-2,2017,No cotizante,Sin información,2,0,,"0,0%",NaN
2102-Universidad Nacional Abierta y a Distancia - UNAD,1681-TECNOLOGIA EN GESTION COMERCIAL Y DE NEGOCIOS,Masculino,2010-2,2018,Dependiente,"Actividades profesionales, científicas y técnicas",1,1,,"100,0%",NaN
2102-Universidad Nacional Abierta y a Distancia - UNAD,1681-TECNOLOGIA EN GESTION COMERCIAL Y DE NEGOCIOS,Masculino,2010-2,2018,Dependiente,Administración pública y defensa; planes de seguridad social de afiliación obligatoria,1,1,,"100,0%",NaN
2102-Universidad Nacional Abierta y a Distancia - UNAD,1681-TECNOLOGIA EN GESTION COMERCIAL Y DE NEGOCIOS,Masculino,2010-2,2018,Dependiente,Sin información,1,1,,"100,0%",NaN
2102-Universidad Nacional Abierta y a Distancia - UNAD,1681-TECNOLOGIA EN GESTION COMERCIAL Y DE NEGOCIOS,Masculino,2010-2,2018,Dependiente,Transporte y almacenamiento,1,1,,"100,0%",NaN
2102-Universidad Nacional Abierta y a Distancia - UNAD,1681-TECNOLOGIA EN GESTION COMERCIAL Y DE NEGOCIOS,Masculino,2010-2,2018,Independiente,"Actividades profesionales, científicas y técnicas",1,1,,"100,0%",NaN
2102-Universidad Nacional Abierta y a Distancia - UNAD,1681-TECNOLOGIA EN GESTION COMERCIAL Y DE NEGOCIOS,Masculino,2010-2,2018,No cotizante,Sin información,2,0,,"0,0%",NaN
2102-Universidad Nacional Abierta y a Distancia - UNAD,1681-TECNOLOGIA EN GESTION COMERCIAL Y DE NEGOCIOS,Masculino,2010-2,2019,Dependiente,"Actividades profesionales, científicas y técnicas",1,1,,"100,0%",NaN
2102-Universidad Nacional Abierta y a Distancia - UNAD,1681-TECNOLOGIA EN GESTION COMERCIAL Y DE NEGOCIOS,Masculino,2010-2,2019,Dependiente,Administración pública y defensa; planes de seguridad social de afiliación obligatoria,1,1,,"100,0%",NaN
2102-Universidad Nacional Abierta y a Distancia - UNAD,1681-TECNOLOGIA EN GESTION COMERCIAL Y DE NEGOCIOS,Masculino,2010-2,2019,Dependiente,Transporte y almacenamiento,1,1,,"100,0%",NaN
2102-Universidad Nacional Abierta y a Distancia - UNAD,1681-TECNOLOGIA EN GESTION COMERCIAL Y DE NEGOCIOS,Masculino,2010-2,2019,No cotizante,Sin información,3,0,,"0,0%",NaN
2102-Universidad Nacional Abierta y a Distancia - UNAD,1681-TECNOLOGIA EN GESTION COMERCIAL Y DE NEGOCIOS,Masculino,2010-2,2020,Dependiente,Actividades inmobiliarias,1,1,,"100,0%",NaN
2102-Universidad Nacional Abierta y a Distancia - UNAD,1681-TECNOLOGIA EN GESTION COMERCIAL Y DE NEGOCIOS,Masculino,2010-2,2020,Dependiente,"Actividades profesionales, científicas y técnicas",1,1,,"100,0%",NaN
2102-Universidad Nacional Abierta y a Distancia - UNAD,1681-TECNOLOGIA EN GESTION COMERCIAL Y DE NEGOCIOS,Masculino,2010-2,2020,Dependiente,Transporte y almacenamiento,1,1,,"100,0%",NaN
2102-Universidad Nacional Abierta y a Distancia - UNAD,1681-TECNOLOGIA EN GESTION COMERCIAL Y DE NEGOCIOS,Masculino,2010-2,2020,Independiente,Otras actividades de servicios,1,1,,"100,0%",NaN
2102-Universidad Nacional Abierta y a Distancia - UNAD,1681-TECNOLOGIA EN GESTION COMERCIAL Y DE NEGOCIOS,Masculino,2010-2,2020,No cotizante,Sin información,1,0,,"0,0%",NaN
2102-Universidad Nacional Abierta y a Distancia - UNAD,1681-TECNOLOGIA EN GESTION COMERCIAL Y DE NEGOCIOS,Masculino,2010-2,2021,Dependiente,Actividades inmobiliarias,1,1,,"100,0%",NaN
2102-Universidad Nacional Abierta y a Distancia - UNAD,1681-TECNOLOGIA EN GESTION COMERCIAL Y DE NEGOCIOS,Masculino,2010-2,2021,Dependiente,"Actividades profesionales, científicas y técnicas",1,1,,"100,0%",NaN
2102-Universidad Nacional Abierta y a Distancia - UNAD,1681-TECNOLOGIA EN GESTION COMERCIAL Y DE NEGOCIOS,Masculino,2010-2,2021,Dependiente,Transporte y almacenamiento,1,1,,"100,0%",NaN
2102-Universidad Nacional Abierta y a Distancia - UNAD,1681-TECNOLOGIA EN GESTION COMERCIAL Y DE NEGOCIOS,Masculino,2010-2,2021,No cotizante,Sin información,2,0,,"0,0%",NaN
2102-Universidad Nacional Abierta y a Distancia - UNAD,1681-TECNOLOGIA EN GESTION COMERCIAL Y DE NEGOCIOS,Masculino,2010-2,2022,Dependiente,Actividades inmobiliarias,1,1,,"100,0%",NaN
2102-Universidad Nacional Abierta y a Distancia - UNAD,1681-TECNOLOGIA EN GESTION COMERCIAL Y DE NEGOCIOS,Masculino,2010-2,2022,Dependiente,"Actividades profesionales, científicas y técnicas",1,1,,"100,0%",NaN
2102-Universidad Nacional Abierta y a Distancia - UNAD,1681-TECNOLOGIA EN GESTION COMERCIAL Y DE NEGOCIOS,Masculino,2010-2,2022,Dependiente,Transporte y almacenamiento,1,1,,"100,0%",NaN
2102-Universidad Nacional Abierta y a Distancia - UNAD,1681-TECNOLOGIA EN GESTION COMERCIAL Y DE NEGOCIOS,Masculino,2010-2,2022,Independiente,"Actividades profesionales, científicas y técnicas",1,1,,"100,0%",NaN
2102-Universidad Nacional Abierta y a Distancia - UNAD,1681-TECNOLOGIA EN GESTION COMERCIAL Y DE NEGOCIOS,Masculino,2010-2,2022,No cotizante,SIN DATO,1,0,,"0,0%",NaN
2102-Universidad Nacional Abierta y a Distancia - UNAD,1681-TECNOLOGIA EN GESTION COMERCIAL Y DE NEGOCIOS,Masculino,2010-2,2023,Dependiente,Actividades inmobiliarias,1,1,,"100,0%",NaN
2102-Universidad Nacional Abierta y a Distancia - UNAD,1681-TECNOLOGIA EN GESTION COMERCIAL Y DE NEGOCIOS,Masculino,2010-2,2023,Dependiente,"Actividades profesionales, científicas y técnicas",1,1,,"100,0%",NaN
2102-Universidad Nacional Abierta y a Distancia - UNAD,1681-TECNOLOGIA EN GESTION COMERCIAL Y DE NEGOCIOS,Masculino,2010-2,2023,Dependiente,Transporte y almacenamiento,1,1,,"100,0%",NaN
2102-Universidad Nacional Abierta y a Distancia - UNAD,1681-TECNOLOGIA EN GESTION COMERCIAL Y DE NEGOCIOS,Masculino,2010-2,2023,No cotizante,SIN DATO,2,0,,"0,0%",NaN
2102-Universidad Nacional Abierta y a Distancia - UNAD,1679-TECNOLOGIA EN GESTION DE OBRAS CIVILES Y CONSTRUCCIONES,Masculino,2010-2,2016,Independiente,Construccion,1,1,,"100,0%",NaN
2102-Universidad Nacional Abierta y a Distancia - UNAD,1679-TECNOLOGIA EN GESTION DE OBRAS CIVILES Y CONSTRUCCIONES,Masculino,2010-2,2017,Independiente,Sin información,1,1,,"100,0%",NaN
2102-Universidad Nacional Abierta y a Distancia - UNAD,1679-TECNOLOGIA EN GESTION DE OBRAS CIVILES Y CONSTRUCCIONES,Masculino,2010-2,2018,Independiente,Sin información,1,1,,"100,0%",NaN
2102-Universidad Nacional Abierta y a Distancia - UNAD,1679-TECNOLOGIA EN GESTION DE OBRAS CIVILES Y CONSTRUCCIONES,Masculino,2010-2,2019,Independiente,Administración pública y defensa; planes de seguridad social de afiliación obligatoria,1,1,,"100,0%",NaN
1710-Universidad Pontificia Bolivariana,11167-ESPECIALIZACION EN PERIODISMO ELECTRONICO,Masculino,2010-2,2016,No cotizante,Sin información,1,0,,"0,0%",NaN
1710-Universidad Pontificia Bolivariana,11167-ESPECIALIZACION EN PERIODISMO ELECTRONICO,Masculino,2010-2,2017,Independiente,Actividades de los hogares individuales en calidad de empleadores; actividades no diferenciadas de los hogares individuales como productores de bienes y servicios para uso propio,1,1,,"100,0%",NaN
1710-Universidad Pontificia Bolivariana,11167-ESPECIALIZACION EN PERIODISMO ELECTRONICO,Masculino,2010-2,2018,Independiente,Actividades de los hogares individuales en calidad de empleadores; actividades no diferenciadas de los hogares individuales como productores de bienes y servicios para uso propio,1,1,,"100,0%",NaN
1710-Universidad Pontificia Bolivariana,11167-ESPECIALIZACION EN PERIODISMO ELECTRONICO,Masculino,2010-2,2019,No cotizante,Sin información,1,0,,"0,0%",NaN
1710-Universidad Pontificia Bolivariana,11167-ESPECIALIZACION EN PERIODISMO ELECTRONICO,Masculino,2010-2,2020,No cotizante,Sin información,1,0,,"0,0%",NaN
1710-Universidad Pontificia Bolivariana,11167-ESPECIALIZACION EN PERIODISMO ELECTRONICO,Masculino,2010-2,2021,No cotizante,Sin información,1,0,,"0,0%",NaN
1710-Universidad Pontificia Bolivariana,11167-ESPECIALIZACION EN PERIODISMO ELECTRONICO,Masculino,2010-2,2022,No cotizante,SIN DATO,1,0,,"0,0%",NaN
1710-Universidad Pontificia Bolivariana,11167-ESPECIALIZACION EN PERIODISMO ELECTRONICO,Masculino,2010-2,2023,Dependiente,Actividades de servicios administrativos y de apoyo,1,1,,"100,0%",NaN
1723-Universidad Pontificia Bolivariana,52396-ESPECIALIZACION EN SEGURIDAD INFORMATICA,Femenino,2010-2,2020,Dependiente,"Actividades profesionales, científicas y técnicas",1,1,,"100,0%",NaN
1723-Universidad Pontificia Bolivariana,52396-ESPECIALIZACION EN SEGURIDAD INFORMATICA,Femenino,2010-2,2020,Independiente,"Actividades profesionales, científicas y técnicas",1,1,,"100,0%",NaN
1723-Universidad Pontificia Bolivariana,52396-ESPECIALIZACION EN SEGURIDAD INFORMATICA,Masculino,2010-2,2020,Dependiente,Actividades financieras y de seguros,1,1,,"100,0%",NaN
1723-Universidad Pontificia Bolivariana,52396-ESPECIALIZACION EN SEGURIDAD INFORMATICA,Masculino,2010-2,2020,Dependiente,Comercio al por mayor y al por menor; reparación de vehículos automotores y motocicletas,1,1,,"100,0%",NaN
1723-Universidad Pontificia Bolivariana,52396-ESPECIALIZACION EN SEGURIDAD INFORMATICA,Masculino,2010-2,2020,Dependiente,Educación,1,1,,"100,0%",NaN
1723-Universidad Pontificia Bolivariana,52396-ESPECIALIZACION EN SEGURIDAD INFORMATICA,Masculino,2010-2,2020,Dependiente,Industrias manufactureras,1,1,,"100,0%",NaN
1723-Universidad Pontificia Bolivariana,52396-ESPECIALIZACION EN SEGURIDAD INFORMATICA,Masculino,2010-2,2020,Independiente,Educación,1,1,,"100,0%",NaN
1805-Universidad Santiago de Cali,53072-ESPECIALIZACION EN DERECHO ADMINISTRATIVO,Femenino,2010-2,2016,Dependiente,"Actividades profesionales, científicas y técnicas",1,1,,"100,0%",$17.225.000
1805-Universidad Santiago de Cali,53072-ESPECIALIZACION EN DERECHO ADMINISTRATIVO,Femenino,2010-2,2016,Dependiente,Educación,1,1,,"100,0%",$4.019.000
1805-Universidad Santiago de Cali,53072-ESPECIALIZACION EN DERECHO ADMINISTRATIVO,Femenino,2010-2,2016,Independiente,Sin información,1,1,,"100,0%",NaN
1805-Universidad Santiago de Cali,53072-ESPECIALIZACION EN DERECHO ADMINISTRATIVO,Femenino,2010-2,2016,No cotizante,Sin información,1,0,,"0,0%",NaN
1805-Universidad Santiago de Cali,53072-ESPECIALIZACION EN DERECHO ADMINISTRATIVO,Femenino,2010-2,2017,Dependiente,Actividades de servicios administrativos y de apoyo,1,1,,"100,0%",NaN
1805-Universidad Santiago de Cali,53072-ESPECIALIZACION EN DERECHO ADMINISTRATIVO,Femenino,2010-2,2017,Dependiente,"Actividades profesionales, científicas y técnicas",1,1,,"100,0%",NaN
1805-Universidad Santiago de Cali,53072-ESPECIALIZACION EN DERECHO ADMINISTRATIVO,Femenino,2010-2,2017,Independiente,"Actividades profesionales, científicas y técnicas",1,1,,"100,0%",NaN
1805-Universidad Santiago de Cali,53072-ESPECIALIZACION EN DERECHO ADMINISTRATIVO,Femenino,2010-2,2017,Independiente,Sin información,1,1,,"100,0%",NaN
1805-Universidad Santiago de Cali,53072-ESPECIALIZACION EN DERECHO ADMINISTRATIVO,Femenino,2010-2,2018,Dependiente,Actividades de servicios administrativos y de apoyo,1,1,,"100,0%",NaN
1805-Universidad Santiago de Cali,53072-ESPECIALIZACION EN DERECHO ADMINISTRATIVO,Femenino,2010-2,2018,Dependiente,"Actividades profesionales, científicas y técnicas",1,1,,"100,0%",NaN
1805-Universidad Santiago de Cali,53072-ESPECIALIZACION EN DERECHO ADMINISTRATIVO,Femenino,2010-2,2018,Independiente,"Actividades profesionales, científicas y técnicas",1,1,,"100,0%",NaN
1805-Universidad Santiago de Cali,53072-ESPECIALIZACION EN DERECHO ADMINISTRATIVO,Femenino,2010-2,2018,Independiente,Sin información,1,1,,"100,0%",NaN
1805-Universidad Santiago de Cali,53072-ESPECIALIZACION EN DERECHO ADMINISTRATIVO,Femenino,2010-2,2019,Dependiente,Actividades de servicios administrativos y de apoyo,1,1,,"100,0%",NaN
1805-Universidad Santiago de Cali,53072-ESPECIALIZACION EN DERECHO ADMINISTRATIVO,Femenino,2010-2,2019,Dependiente,"Actividades profesionales, científicas y técnicas",1,1,,"100,0%",NaN
1805-Universidad Santiago de Cali,53072-ESPECIALIZACION EN DERECHO ADMINISTRATIVO,Femenino,2010-2,2019,Independiente,"Actividades profesionales, científicas y técnicas",1,1,,"100,0%",NaN
1805-Universidad Santiago de Cali,53072-ESPECIALIZACION EN DERECHO ADMINISTRATIVO,Femenino,2010-2,2019,Independiente,Administración pública y defensa; planes de seguridad social de afiliación obligatoria,1,1,,"100,0%",NaN
1805-Universidad Santiago de Cali,53072-ESPECIALIZACION EN DERECHO ADMINISTRATIVO,Femenino,2010-2,2020,Dependiente,Actividades de servicios administrativos y de apoyo,1,1,,"100,0%",NaN
1805-Universidad Santiago de Cali,53072-ESPECIALIZACION EN DERECHO ADMINISTRATIVO,Femenino,2010-2,2020,Dependiente,"Actividades profesionales, científicas y técnicas",1,1,,"100,0%",NaN
1805-Universidad Santiago de Cali,53072-ESPECIALIZACION EN DERECHO ADMINISTRATIVO,Femenino,2010-2,2020,Independiente,"Actividades profesionales, científicas y técnicas",1,1,,"100,0%",NaN
1805-Universidad Santiago de Cali,53072-ESPECIALIZACION EN DERECHO ADMINISTRATIVO,Femenino,2010-2,2020,Independiente,Administración pública y defensa; planes de seguridad social de afiliación obligatoria,1,1,,"100,0%",NaN
1805-Universidad Santiago de Cali,53072-ESPECIALIZACION EN DERECHO ADMINISTRATIVO,Femenino,2010-2,2021,Dependiente,"Actividades profesionales, científicas y técnicas",1,1,,"100,0%",NaN
1805-Universidad Santiago de Cali,53072-ESPECIALIZACION EN DERECHO ADMINISTRATIVO,Femenino,2010-2,2021,Dependiente,Administración pública y defensa; planes de seguridad social de afiliación obligatoria,1,1,,"100,0%",NaN
1805-Universidad Santiago de Cali,53072-ESPECIALIZACION EN DERECHO ADMINISTRATIVO,Femenino,2010-2,2021,Independiente,"Actividades profesionales, científicas y técnicas",1,1,,"100,0%",NaN
1805-Universidad Santiago de Cali,53072-ESPECIALIZACION EN DERECHO ADMINISTRATIVO,Femenino,2010-2,2021,Independiente,Administración pública y defensa; planes de seguridad social de afiliación obligatoria,1,1,,"100,0%",NaN
1805-Universidad Santiago de Cali,53072-ESPECIALIZACION EN DERECHO ADMINISTRATIVO,Femenino,2010-2,2022,Dependiente,"Actividades profesionales, científicas y técnicas",1,1,,"100,0%",NaN
1805-Universidad Santiago de Cali,53072-ESPECIALIZACION EN DERECHO ADMINISTRATIVO,Femenino,2010-2,2022,Dependiente,Administración pública y defensa; planes de seguridad social de afiliación obligatoria,1,1,,"100,0%",NaN
1805-Universidad Santiago de Cali,53072-ESPECIALIZACION EN DERECHO ADMINISTRATIVO,Femenino,2010-2,2022,Independiente,"Actividades profesionales, científicas y técnicas",1,1,,"100,0%",NaN
1805-Universidad Santiago de Cali,53072-ESPECIALIZACION EN DERECHO ADMINISTRATIVO,Femenino,2010-2,2022,Independiente,Administración pública y defensa; planes de seguridad social de afiliación obligatoria,1,1,,"100,0%",NaN
1805-Universidad Santiago de Cali,53072-ESPECIALIZACION EN DERECHO ADMINISTRATIVO,Femenino,2010-2,2023,Dependiente,Actividades de servicios administrativos y de apoyo,1,1,,"100,0%",NaN
1805-Universidad Santiago de Cali,53072-ESPECIALIZACION EN DERECHO ADMINISTRATIVO,Femenino,2010-2,2023,Dependiente,"Actividades profesionales, científicas y técnicas",1,1,,"100,0%",NaN
1805-Universidad Santiago de Cali,53072-ESPECIALIZACION EN DERECHO ADMINISTRATIVO,Femenino,2010-2,2023,Independiente,"Actividades profesionales, científicas y técnicas",1,1,,"100,0%",NaN
1805-Universidad Santiago de Cali,53072-ESPECIALIZACION EN DERECHO ADMINISTRATIVO,Femenino,2010-2,2023,Independiente,Administración pública y defensa; planes de seguridad social de afiliación obligatoria,1,1,,"100,0%",NaN
1805-Universidad Santiago de Cali,53072-ESPECIALIZACION EN DERECHO ADMINISTRATIVO,Masculino,2010-2,2016,Dependiente,"Agricultura, ganadería, caza, silvicultura y pesca",1,1,,"100,0%",$2.485.000
1805-Universidad Santiago de Cali,53072-ESPECIALIZACION EN DERECHO ADMINISTRATIVO,Masculino,2010-2,2016,Dependiente,Educación,1,1,,"100,0%",$7.134.000
1805-Universidad Santiago de Cali,53072-ESPECIALIZACION EN DERECHO ADMINISTRATIVO,Masculino,2010-2,2016,Independiente,"Actividades profesionales, científicas y técnicas",1,1,,"100,0%",NaN
1805-Universidad Santiago de Cali,53072-ESPECIALIZACION EN DERECHO ADMINISTRATIVO,Masculino,2010-2,2016,No cotizante,Sin información,2,0,,"0,0%",NaN
1805-Universidad Santiago de Cali,53072-ESPECIALIZACION EN DERECHO ADMINISTRATIVO,Masculino,2010-2,2017,Dependiente,Actividades de servicios administrativos y de apoyo,1,1,,"100,0%",NaN
1805-Universidad Santiago de Cali,53072-ESPECIALIZACION EN DERECHO ADMINISTRATIVO,Masculino,2010-2,2017,Dependiente,Otras actividades de servicios,1,1,,"100,0%",NaN
1805-Universidad Santiago de Cali,53072-ESPECIALIZACION EN DERECHO ADMINISTRATIVO,Masculino,2010-2,2017,Independiente,Otras actividades de servicios,1,1,,"100,0%",NaN
1805-Universidad Santiago de Cali,53072-ESPECIALIZACION EN DERECHO ADMINISTRATIVO,Masculino,2010-2,2017,No cotizante,Sin información,2,0,,"0,0%",NaN
1805-Universidad Santiago de Cali,53072-ESPECIALIZACION EN DERECHO ADMINISTRATIVO,Masculino,2010-2,2018,Dependiente,Actividades de servicios administrativos y de apoyo,1,1,,"100,0%",NaN
1805-Universidad Santiago de Cali,53072-ESPECIALIZACION EN DERECHO ADMINISTRATIVO,Masculino,2010-2,2018,Dependiente,Otras actividades de servicios,1,1,,"100,0%",NaN
1805-Universidad Santiago de Cali,53072-ESPECIALIZACION EN DERECHO ADMINISTRATIVO,Masculino,2010-2,2018,Independiente,Otras actividades de servicios,1,1,,"100,0%",NaN
1805-Universidad Santiago de Cali,53072-ESPECIALIZACION EN DERECHO ADMINISTRATIVO,Masculino,2010-2,2018,No cotizante,Sin información,2,0,,"0,0%",NaN
1805-Universidad Santiago de Cali,53072-ESPECIALIZACION EN DERECHO ADMINISTRATIVO,Masculino,2010-2,2019,Dependiente,Transporte y almacenamiento,1,1,,"100,0%",NaN
1805-Universidad Santiago de Cali,53072-ESPECIALIZACION EN DERECHO ADMINISTRATIVO,Masculino,2010-2,2019,Independiente,Otras actividades de servicios,1,1,,"100,0%",NaN
1805-Universidad Santiago de Cali,53072-ESPECIALIZACION EN DERECHO ADMINISTRATIVO,Masculino,2010-2,2019,Independiente,Sin información,1,1,,"100,0%",NaN
1805-Universidad Santiago de Cali,53072-ESPECIALIZACION EN DERECHO ADMINISTRATIVO,Masculino,2010-2,2019,No cotizante,Sin información,2,0,,"0,0%",NaN
1805-Universidad Santiago de Cali,53072-ESPECIALIZACION EN DERECHO ADMINISTRATIVO,Masculino,2010-2,2020,Dependiente,Transporte y almacenamiento,1,1,,"100,0%",NaN
1805-Universidad Santiago de Cali,53072-ESPECIALIZACION EN DERECHO ADMINISTRATIVO,Masculino,2010-2,2020,Independiente,Actividades de servicios administrativos y de apoyo,1,1,,"100,0%",NaN
1805-Universidad Santiago de Cali,53072-ESPECIALIZACION EN DERECHO ADMINISTRATIVO,Masculino,2010-2,2020,Independiente,Otras actividades de servicios,1,1,,"100,0%",NaN
1805-Universidad Santiago de Cali,53072-ESPECIALIZACION EN DERECHO ADMINISTRATIVO,Masculino,2010-2,2020,No cotizante,Sin información,2,0,,"0,0%",NaN
1805-Universidad Santiago de Cali,53072-ESPECIALIZACION EN DERECHO ADMINISTRATIVO,Masculino,2010-2,2021,Dependiente,Transporte y almacenamiento,1,1,,"100,0%",NaN
1805-Universidad Santiago de Cali,53072-ESPECIALIZACION EN DERECHO ADMINISTRATIVO,Masculino,2010-2,2021,Independiente,Actividades de servicios administrativos y de apoyo,1,1,,"100,0%",NaN
1805-Universidad Santiago de Cali,53072-ESPECIALIZACION EN DERECHO ADMINISTRATIVO,Masculino,2010-2,2021,Independiente,Otras actividades de servicios,1,1,,"100,0%",NaN
1805-Universidad Santiago de Cali,53072-ESPECIALIZACION EN DERECHO ADMINISTRATIVO,Masculino,2010-2,2021,No cotizante,Sin información,2,0,,"0,0%",NaN
1805-Universidad Santiago de Cali,53072-ESPECIALIZACION EN DERECHO ADMINISTRATIVO,Masculino,2010-2,2022,Dependiente,Actividades de servicios administrativos y de apoyo,1,1,,"100,0%",NaN
1805-Universidad Santiago de Cali,53072-ESPECIALIZACION EN DERECHO ADMINISTRATIVO,Masculino,2010-2,2022,Independiente,Actividades de servicios administrativos y de apoyo,1,1,,"100,0%",NaN
1805-Universidad Santiago de Cali,53072-ESPECIALIZACION EN DERECHO ADMINISTRATIVO,Masculino,2010-2,2022,Independiente,Otras actividades de servicios,1,1,,"100,0%",NaN
1805-Universidad Santiago de Cali,53072-ESPECIALIZACION EN DERECHO ADMINISTRATIVO,Masculino,2010-2,2022,No cotizante,SIN DATO,2,0,,"0,0%",NaN
1805-Universidad Santiago de Cali,53072-ESPECIALIZACION EN DERECHO ADMINISTRATIVO,Masculino,2010-2,2023,Dependiente,Educación,1,1,,"100,0%",NaN
1805-Universidad Santiago de Cali,53072-ESPECIALIZACION EN DERECHO ADMINISTRATIVO,Masculino,2010-2,2023,Independiente,Actividades de servicios administrativos y de apoyo,1,1,,"100,0%",NaN
1805-Universidad Santiago de Cali,53072-ESPECIALIZACION EN DERECHO ADMINISTRATIVO,Masculino,2010-2,2023,Independiente,Otras actividades de servicios,1,1,,"100,0%",NaN
1805-Universidad Santiago de Cali,53072-ESPECIALIZACION EN DERECHO ADMINISTRATIVO,Masculino,2010-2,2023,No cotizante,SIN DATO,2,0,,"0,0%",NaN
1805-Universidad Santiago de Cali,52241-ESPECIALIZACION EN DESARROLLO HUMANO EN LAS ORGANIZACIONES,Masculino,2010-2,2016,Dependiente,Educación,2,2,,"100,0%",$6.495.000
1805-Universidad Santiago de Cali,52241-ESPECIALIZACION EN DESARROLLO HUMANO EN LAS ORGANIZACIONES,Masculino,2010-2,2016,Independiente,"Actividades profesionales, científicas y técnicas",1,1,,"100,0%",NaN
1805-Universidad Santiago de Cali,52241-ESPECIALIZACION EN DESARROLLO HUMANO EN LAS ORGANIZACIONES,Masculino,2010-2,2017,Dependiente,Educación,2,2,,"100,0%",NaN
1805-Universidad Santiago de Cali,52241-ESPECIALIZACION EN DESARROLLO HUMANO EN LAS ORGANIZACIONES,Masculino,2010-2,2017,Independiente,"Actividades profesionales, científicas y técnicas",1,1,,"100,0%",NaN
1805-Universidad Santiago de Cali,52241-ESPECIALIZACION EN DESARROLLO HUMANO EN LAS ORGANIZACIONES,Masculino,2010-2,2018,Dependiente,Educación,2,2,,"100,0%",NaN
1805-Universidad Santiago de Cali,52241-ESPECIALIZACION EN DESARROLLO HUMANO EN LAS ORGANIZACIONES,Masculino,2010-2,2018,Independiente,"Actividades profesionales, científicas y técnicas",1,1,,"100,0%",NaN
1805-Universidad Santiago de Cali,52241-ESPECIALIZACION EN DESARROLLO HUMANO EN LAS ORGANIZACIONES,Masculino,2010-2,2019,Dependiente,Educación,2,2,,"100,0%",NaN
1805-Universidad Santiago de Cali,52241-ESPECIALIZACION EN DESARROLLO HUMANO EN LAS ORGANIZACIONES,Masculino,2010-2,2019,Independiente,"Actividades profesionales, científicas y técnicas",1,1,,"100,0%",NaN
1805-Universidad Santiago de Cali,52241-ESPECIALIZACION EN DESARROLLO HUMANO EN LAS ORGANIZACIONES,Masculino,2010-2,2020,Dependiente,Educación,2,2,,"100,0%",NaN
1805-Universidad Santiago de Cali,52241-ESPECIALIZACION EN DESARROLLO HUMANO EN LAS ORGANIZACIONES,Masculino,2010-2,2020,Independiente,"Actividades profesionales, científicas y técnicas",1,1,,"100,0%",NaN
1805-Universidad Santiago de Cali,52241-ESPECIALIZACION EN DESARROLLO HUMANO EN LAS ORGANIZACIONES,Masculino,2010-2,2021,Dependiente,Educación,2,2,,"100,0%",NaN
1805-Universidad Santiago de Cali,52241-ESPECIALIZACION EN DESARROLLO HUMANO EN LAS ORGANIZACIONES,Masculino,2010-2,2021,Independiente,"Actividades profesionales, científicas y técnicas",1,1,,"100,0%",NaN
1805-Universidad Santiago de Cali,52241-ESPECIALIZACION EN DESARROLLO HUMANO EN LAS ORGANIZACIONES,Masculino,2010-2,2022,Dependiente,Educación,2,2,,"100,0%",NaN
1805-Universidad Santiago de Cali,52241-ESPECIALIZACION EN DESARROLLO HUMANO EN LAS ORGANIZACIONES,Masculino,2010-2,2022,Independiente,"Actividades profesionales, científicas y técnicas",1,1,,"100,0%",NaN
1805-Universidad Santiago de Cali,52241-ESPECIALIZACION EN DESARROLLO HUMANO EN LAS ORGANIZACIONES,Masculino,2010-2,2023,Dependiente,Educación,2,2,,"100,0%",NaN
1805-Universidad Santiago de Cali,52241-ESPECIALIZACION EN DESARROLLO HUMANO EN LAS ORGANIZACIONES,Masculino,2010-2,2023,Independiente,"Actividades profesionales, científicas y técnicas",1,1,,"100,0%",NaN
1705-Universidad Santo Tomás,12206-ESPECIALIZACION EN ADMINISTRACION DEPORTIVA,Femenino,2010-2,2020,Dependiente,"Actividades profesionales, científicas y técnicas",1,1,,"100,0%",NaN
1705-Universidad Santo Tomás,12206-ESPECIALIZACION EN ADMINISTRACION DEPORTIVA,Femenino,2010-2,2020,No cotizante,Sin información,1,0,,"0,0%",NaN
1705-Universidad Santo Tomás,12206-ESPECIALIZACION EN ADMINISTRACION DEPORTIVA,Masculino,2010-2,2020,Dependiente,"Actividades profesionales, científicas y técnicas",3,3,,"100,0%",NaN
1705-Universidad Santo Tomás,12206-ESPECIALIZACION EN ADMINISTRACION DEPORTIVA,Masculino,2010-2,2020,Dependiente,Administración pública y defensa; planes de seguridad social de afiliación obligatoria,1,1,,"100,0%",NaN
1705-Universidad Santo Tomás,12206-ESPECIALIZACION EN ADMINISTRACION DEPORTIVA,Masculino,2010-2,2020,Dependiente,Educación,2,2,,"100,0%",NaN
1705-Universidad Santo Tomás,12206-ESPECIALIZACION EN ADMINISTRACION DEPORTIVA,Masculino,2010-2,2020,Independiente,"Actividades profesionales, científicas y técnicas",1,1,,"100,0%",NaN
1705-Universidad Santo Tomás,12206-ESPECIALIZACION EN ADMINISTRACION DEPORTIVA,Masculino,2010-2,2020,No cotizante,Sin información,2,0,,"0,0%",NaN
1705-Universidad Santo Tomás,4243-ESPECIALIZACION EN FINANZAS PUBLICAS,Femenino,2010-2,2020,Dependiente,Educación,1,1,,"100,0%",NaN
1705-Universidad Santo Tomás,4243-ESPECIALIZACION EN FINANZAS PUBLICAS,Femenino,2010-2,2020,Dependiente,Otras actividades de servicios,4,4,,"100,0%",NaN
1705-Universidad Santo Tomás,4243-ESPECIALIZACION EN FINANZAS PUBLICAS,Femenino,2010-2,2020,Independiente,Actividades de servicios administrativos y de apoyo,2,2,,"100,0%",NaN
1705-Universidad Santo Tomás,4243-ESPECIALIZACION EN FINANZAS PUBLICAS,Femenino,2010-2,2020,Independiente,Transporte y almacenamiento,1,1,,"100,0%",NaN
1705-Universidad Santo Tomás,4243-ESPECIALIZACION EN FINANZAS PUBLICAS,Masculino,2010-2,2020,Dependiente,"Actividades artísticas, de entretenimiento y recreación",1,1,,"100,0%",NaN
1705-Universidad Santo Tomás,4243-ESPECIALIZACION EN FINANZAS PUBLICAS,Masculino,2010-2,2020,Dependiente,Administración pública y defensa; planes de seguridad social de afiliación obligatoria,2,2,,"100,0%",NaN
1705-Universidad Santo Tomás,4243-ESPECIALIZACION EN FINANZAS PUBLICAS,Masculino,2010-2,2020,Independiente,Administración pública y defensa; planes de seguridad social de afiliación obligatoria,1,1,,"100,0%",NaN
1832-Universidad Tecnológica de Bolívar,103911-CONTADURIA PUBLICA,Femenino,2010-2,2017,Dependiente,"Actividades profesionales, científicas y técnicas",1,1,,"100,0%",NaN
1832-Universidad Tecnológica de Bolívar,103911-CONTADURIA PUBLICA,Femenino,2010-2,2017,Dependiente,Comercio al por mayor y al por menor; reparación de vehículos automotores y motocicletas,1,1,,"100,0%",NaN
1832-Universidad Tecnológica de Bolívar,103911-CONTADURIA PUBLICA,Femenino,2010-2,2018,Dependiente,"Actividades profesionales, científicas y técnicas",1,1,,"100,0%",NaN
1832-Universidad Tecnológica de Bolívar,103911-CONTADURIA PUBLICA,Femenino,2010-2,2018,Dependiente,Comercio al por mayor y al por menor; reparación de vehículos automotores y motocicletas,1,1,,"100,0%",NaN
1832-Universidad Tecnológica de Bolívar,103911-CONTADURIA PUBLICA,Femenino,2010-2,2019,Dependiente,Comercio al por mayor y al por menor; reparación de vehículos automotores y motocicletas,1,1,,"100,0%",NaN
1832-Universidad Tecnológica de Bolívar,103911-CONTADURIA PUBLICA,Femenino,2010-2,2019,Independiente,"Actividades profesionales, científicas y técnicas",1,1,,"100,0%",NaN
1832-Universidad Tecnológica de Bolívar,103911-CONTADURIA PUBLICA,Femenino,2010-2,2020,Dependiente,Comercio al por mayor y al por menor; reparación de vehículos automotores y motocicletas,1,1,,"100,0%",NaN
1832-Universidad Tecnológica de Bolívar,103911-CONTADURIA PUBLICA,Femenino,2010-2,2020,No cotizante,Sin información,1,0,,"0,0%",NaN
1832-Universidad Tecnológica de Bolívar,103911-CONTADURIA PUBLICA,Femenino,2010-2,2021,Dependiente,"Actividades profesionales, científicas y técnicas",1,1,,"100,0%",NaN
1832-Universidad Tecnológica de Bolívar,103911-CONTADURIA PUBLICA,Femenino,2010-2,2021,Dependiente,Comercio al por mayor y al por menor; reparación de vehículos automotores y motocicletas,1,1,,"100,0%",NaN
1832-Universidad Tecnológica de Bolívar,103911-CONTADURIA PUBLICA,Femenino,2010-2,2022,Dependiente,Comercio al por mayor y al por menor; reparación de vehículos automotores y motocicletas,1,1,,"100,0%",NaN
1832-Universidad Tecnológica de Bolívar,103911-CONTADURIA PUBLICA,Femenino,2010-2,2022,Dependiente,Transporte y almacenamiento,1,1,,"100,0%",NaN
1832-Universidad Tecnológica de Bolívar,103911-CONTADURIA PUBLICA,Femenino,2010-2,2023,Dependiente,Comercio al por mayor y al por menor; reparación de vehículos automotores y motocicletas,1,1,,"100,0%",NaN
1832-Universidad Tecnológica de Bolívar,103911-CONTADURIA PUBLICA,Femenino,2010-2,2023,Dependiente,Transporte y almacenamiento,1,1,,"100,0%",NaN
1832-Universidad Tecnológica de Bolívar,103911-CONTADURIA PUBLICA,Masculino,2010-2,2020,No cotizante,Sin información,1,0,,"0,0%",NaN
1832-Universidad Tecnológica de Bolívar,103911-CONTADURIA PUBLICA,Masculino,2010-2,2021,No cotizante,Sin información,1,0,,"0,0%",NaN
1832-Universidad Tecnológica de Bolívar,103911-CONTADURIA PUBLICA,Masculino,2010-2,2022,No cotizante,SIN DATO,1,0,,"0,0%",NaN
1832-Universidad Tecnológica de Bolívar,103911-CONTADURIA PUBLICA,Masculino,2010-2,2023,No cotizante,SIN DATO,1,0,,"0,0%",NaN
1201-Universidad de Antioquia,20609-INGENIERIA INDUSTRIAL,Masculino,2010-2,2016,No cotizante,Sin información,1,0,,"0,0%",NaN
1201-Universidad de Antioquia,20609-INGENIERIA INDUSTRIAL,Masculino,2010-2,2017,No cotizante,Sin información,1,0,,"0,0%",NaN
1201-Universidad de Antioquia,20609-INGENIERIA INDUSTRIAL,Masculino,2010-2,2018,No cotizante,Sin información,1,0,,"0,0%",NaN
1201-Universidad de Antioquia,20609-INGENIERIA INDUSTRIAL,Masculino,2010-2,2019,No cotizante,Sin información,1,0,,"0,0%",NaN
1201-Universidad de Antioquia,20609-INGENIERIA INDUSTRIAL,Masculino,2010-2,2020,No cotizante,Sin información,1,0,,"0,0%",NaN
1201-Universidad de Antioquia,20609-INGENIERIA INDUSTRIAL,Masculino,2010-2,2021,Dependiente,Alojamiento y servicios de comida,1,1,,"100,0%",NaN
1201-Universidad de Antioquia,20609-INGENIERIA INDUSTRIAL,Masculino,2010-2,2022,No cotizante,SIN DATO,1,0,,"0,0%",NaN
1201-Universidad de Antioquia,20609-INGENIERIA INDUSTRIAL,Masculino,2010-2,2023,Dependiente,Industrias manufactureras,1,1,,"100,0%",NaN
2847-Universidad de Investigación y Desarrollo - UDI,103912-TECNOLOGIA EN GESTION EMPRESARIAL,Femenino,2010-2,2017,Dependiente,Actividades financieras y de seguros,1,1,,"100,0%",NaN
2847-Universidad de Investigación y Desarrollo - UDI,103912-TECNOLOGIA EN GESTION EMPRESARIAL,Femenino,2010-2,2017,Dependiente,"Actividades profesionales, científicas y técnicas",3,3,,"100,0%",NaN
2847-Universidad de Investigación y Desarrollo - UDI,103912-TECNOLOGIA EN GESTION EMPRESARIAL,Femenino,2010-2,2017,Dependiente,Industrias manufactureras,1,1,,"100,0%",NaN
2847-Universidad de Investigación y Desarrollo - UDI,103912-TECNOLOGIA EN GESTION EMPRESARIAL,Femenino,2010-2,2017,Dependiente,Sin información,3,3,,"100,0%",NaN
2847-Universidad de Investigación y Desarrollo - UDI,103912-TECNOLOGIA EN GESTION EMPRESARIAL,Femenino,2010-2,2017,Dependiente,Transporte y almacenamiento,1,1,,"100,0%",NaN
2847-Universidad de Investigación y Desarrollo - UDI,103912-TECNOLOGIA EN GESTION EMPRESARIAL,Femenino,2010-2,2017,Independiente,"Actividades profesionales, científicas y técnicas",1,1,,"100,0%",NaN
2847-Universidad de Investigación y Desarrollo - UDI,103912-TECNOLOGIA EN GESTION EMPRESARIAL,Femenino,2010-2,2017,Independiente,Comercio al por mayor y al por menor; reparación de vehículos automotores y motocicletas,1,1,,"100,0%",NaN
2847-Universidad de Investigación y Desarrollo - UDI,103912-TECNOLOGIA EN GESTION EMPRESARIAL,Femenino,2010-2,2017,Independiente,Otras actividades de servicios,1,1,,"100,0%",NaN
2847-Universidad de Investigación y Desarrollo - UDI,103912-TECNOLOGIA EN GESTION EMPRESARIAL,Femenino,2010-2,2017,No cotizante,Sin información,10,0,,"0,0%",NaN
2847-Universidad de Investigación y Desarrollo - UDI,103912-TECNOLOGIA EN GESTION EMPRESARIAL,Femenino,2010-2,2018,Dependiente,Actividades financieras y de seguros,1,1,,"100,0%",NaN
2847-Universidad de Investigación y Desarrollo - UDI,103912-TECNOLOGIA EN GESTION EMPRESARIAL,Femenino,2010-2,2018,Dependiente,"Actividades profesionales, científicas y técnicas",2,2,,"100,0%",NaN
2847-Universidad de Investigación y Desarrollo - UDI,103912-TECNOLOGIA EN GESTION EMPRESARIAL,Femenino,2010-2,2018,Dependiente,Industrias manufactureras,1,1,,"100,0%",NaN
2847-Universidad de Investigación y Desarrollo - UDI,103912-TECNOLOGIA EN GESTION EMPRESARIAL,Femenino,2010-2,2018,Dependiente,Sin información,3,3,,"100,0%",NaN
2847-Universidad de Investigación y Desarrollo - UDI,103912-TECNOLOGIA EN GESTION EMPRESARIAL,Femenino,2010-2,2018,Independiente,"Actividades profesionales, científicas y técnicas",1,1,,"100,0%",NaN
2847-Universidad de Investigación y Desarrollo - UDI,103912-TECNOLOGIA EN GESTION EMPRESARIAL,Femenino,2010-2,2018,Independiente,Comercio al por mayor y al por menor; reparación de vehículos automotores y motocicletas,1,1,,"100,0%",NaN
2847-Universidad de Investigación y Desarrollo - UDI,103912-TECNOLOGIA EN GESTION EMPRESARIAL,Femenino,2010-2,2018,Independiente,Otras actividades de servicios,1,1,,"100,0%",NaN
2847-Universidad de Investigación y Desarrollo - UDI,103912-TECNOLOGIA EN GESTION EMPRESARIAL,Femenino,2010-2,2018,Independiente,Sin información,1,1,,"100,0%",NaN
2847-Universidad de Investigación y Desarrollo - UDI,103912-TECNOLOGIA EN GESTION EMPRESARIAL,Femenino,2010-2,2018,No cotizante,Sin información,10,0,,"0,0%",NaN
2847-Universidad de Investigación y Desarrollo - UDI,103912-TECNOLOGIA EN GESTION EMPRESARIAL,Femenino,2010-2,2019,Dependiente,Actividades financieras y de seguros,1,1,,"100,0%",NaN
2847-Universidad de Investigación y Desarrollo - UDI,103912-TECNOLOGIA EN GESTION EMPRESARIAL,Femenino,2010-2,2019,Dependiente,"Actividades profesionales, científicas y técnicas",2,2,,"100,0%",NaN
2847-Universidad de Investigación y Desarrollo - UDI,103912-TECNOLOGIA EN GESTION EMPRESARIAL,Femenino,2010-2,2019,Dependiente,Administración pública y defensa; planes de seguridad social de afiliación obligatoria,1,1,,"100,0%",NaN
2847-Universidad de Investigación y Desarrollo - UDI,103912-TECNOLOGIA EN GESTION EMPRESARIAL,Femenino,2010-2,2019,Dependiente,Construccion,1,1,,"100,0%",NaN
2847-Universidad de Investigación y Desarrollo - UDI,103912-TECNOLOGIA EN GESTION EMPRESARIAL,Femenino,2010-2,2019,Dependiente,Información y comunicaciones,1,1,,"100,0%",NaN
2847-Universidad de Investigación y Desarrollo - UDI,103912-TECNOLOGIA EN GESTION EMPRESARIAL,Femenino,2010-2,2019,Dependiente,Otras actividades de servicios,1,1,,"100,0%",NaN
2847-Universidad de Investigación y Desarrollo - UDI,103912-TECNOLOGIA EN GESTION EMPRESARIAL,Femenino,2010-2,2019,Dependiente,Sin información,1,1,,"100,0%",NaN
2847-Universidad de Investigación y Desarrollo - UDI,103912-TECNOLOGIA EN GESTION EMPRESARIAL,Femenino,2010-2,2019,Independiente,"Actividades profesionales, científicas y técnicas",1,1,,"100,0%",NaN
2847-Universidad de Investigación y Desarrollo - UDI,103912-TECNOLOGIA EN GESTION EMPRESARIAL,Femenino,2010-2,2019,Independiente,Otras actividades de servicios,1,1,,"100,0%",NaN
2847-Universidad de Investigación y Desarrollo - UDI,103912-TECNOLOGIA EN GESTION EMPRESARIAL,Femenino,2010-2,2019,No cotizante,Sin información,10,0,,"0,0%",NaN
2847-Universidad de Investigación y Desarrollo - UDI,103912-TECNOLOGIA EN GESTION EMPRESARIAL,Femenino,2010-2,2020,Dependiente,Actividades financieras y de seguros,1,1,,"100,0%",NaN
2847-Universidad de Investigación y Desarrollo - UDI,103912-TECNOLOGIA EN GESTION EMPRESARIAL,Femenino,2010-2,2020,Dependiente,Actividades inmobiliarias,1,1,,"100,0%",NaN
2847-Universidad de Investigación y Desarrollo - UDI,103912-TECNOLOGIA EN GESTION EMPRESARIAL,Femenino,2010-2,2020,Dependiente,"Actividades profesionales, científicas y técnicas",2,2,,"100,0%",NaN
2847-Universidad de Investigación y Desarrollo - UDI,103912-TECNOLOGIA EN GESTION EMPRESARIAL,Femenino,2010-2,2020,Dependiente,Industrias manufactureras,1,1,,"100,0%",NaN
2847-Universidad de Investigación y Desarrollo - UDI,103912-TECNOLOGIA EN GESTION EMPRESARIAL,Femenino,2010-2,2020,Dependiente,Información y comunicaciones,1,1,,"100,0%",NaN
2847-Universidad de Investigación y Desarrollo - UDI,103912-TECNOLOGIA EN GESTION EMPRESARIAL,Femenino,2010-2,2020,Dependiente,Otras actividades de servicios,1,1,,"100,0%",NaN
2847-Universidad de Investigación y Desarrollo - UDI,103912-TECNOLOGIA EN GESTION EMPRESARIAL,Femenino,2010-2,2020,Independiente,Otras actividades de servicios,1,1,,"100,0%",NaN
2847-Universidad de Investigación y Desarrollo - UDI,103912-TECNOLOGIA EN GESTION EMPRESARIAL,Femenino,2010-2,2020,No cotizante,Sin información,11,0,,"0,0%",NaN
2847-Universidad de Investigación y Desarrollo - UDI,103912-TECNOLOGIA EN GESTION EMPRESARIAL,Femenino,2010-2,2021,Dependiente,Actividades de los hogares individuales en calidad de empleadores; actividades no diferenciadas de los hogares individuales como productores de bienes y servicios para uso propio,1,1,,"100,0%",NaN
2847-Universidad de Investigación y Desarrollo - UDI,103912-TECNOLOGIA EN GESTION EMPRESARIAL,Femenino,2010-2,2021,Dependiente,Actividades inmobiliarias,1,1,,"100,0%",NaN
2847-Universidad de Investigación y Desarrollo - UDI,103912-TECNOLOGIA EN GESTION EMPRESARIAL,Femenino,2010-2,2021,Dependiente,"Actividades profesionales, científicas y técnicas",2,2,,"100,0%",NaN
2847-Universidad de Investigación y Desarrollo - UDI,103912-TECNOLOGIA EN GESTION EMPRESARIAL,Femenino,2010-2,2021,Dependiente,Administración pública y defensa; planes de seguridad social de afiliación obligatoria,1,1,,"100,0%",NaN
2847-Universidad de Investigación y Desarrollo - UDI,103912-TECNOLOGIA EN GESTION EMPRESARIAL,Femenino,2010-2,2021,Dependiente,Construccion,1,1,,"100,0%",NaN
2847-Universidad de Investigación y Desarrollo - UDI,103912-TECNOLOGIA EN GESTION EMPRESARIAL,Femenino,2010-2,2021,Dependiente,Otras actividades de servicios,1,1,,"100,0%",NaN
2847-Universidad de Investigación y Desarrollo - UDI,103912-TECNOLOGIA EN GESTION EMPRESARIAL,Femenino,2010-2,2021,Independiente,Administración pública y defensa; planes de seguridad social de afiliación obligatoria,1,1,,"100,0%",NaN
2847-Universidad de Investigación y Desarrollo - UDI,103912-TECNOLOGIA EN GESTION EMPRESARIAL,Femenino,2010-2,2021,Independiente,Otras actividades de servicios,1,1,,"100,0%",NaN
2847-Universidad de Investigación y Desarrollo - UDI,103912-TECNOLOGIA EN GESTION EMPRESARIAL,Femenino,2010-2,2021,No cotizante,Sin información,10,0,,"0,0%",NaN
2847-Universidad de Investigación y Desarrollo - UDI,103912-TECNOLOGIA EN GESTION EMPRESARIAL,Femenino,2010-2,2022,Dependiente,Actividades de servicios administrativos y de apoyo,1,1,,"100,0%",NaN
2847-Universidad de Investigación y Desarrollo - UDI,103912-TECNOLOGIA EN GESTION EMPRESARIAL,Femenino,2010-2,2022,Dependiente,Actividades inmobiliarias,1,1,,"100,0%",NaN
2847-Universidad de Investigación y Desarrollo - UDI,103912-TECNOLOGIA EN GESTION EMPRESARIAL,Femenino,2010-2,2022,Dependiente,"Actividades profesionales, científicas y técnicas",2,2,,"100,0%",NaN
2847-Universidad de Investigación y Desarrollo - UDI,103912-TECNOLOGIA EN GESTION EMPRESARIAL,Femenino,2010-2,2022,Dependiente,Construccion,1,1,,"100,0%",NaN
2847-Universidad de Investigación y Desarrollo - UDI,103912-TECNOLOGIA EN GESTION EMPRESARIAL,Femenino,2010-2,2022,Independiente,Administración pública y defensa; planes de seguridad social de afiliación obligatoria,1,1,,"100,0%",NaN
2847-Universidad de Investigación y Desarrollo - UDI,103912-TECNOLOGIA EN GESTION EMPRESARIAL,Femenino,2010-2,2022,Independiente,Comercio al por mayor y al por menor; reparación de vehículos automotores y motocicletas,1,1,,"100,0%",NaN
2847-Universidad de Investigación y Desarrollo - UDI,103912-TECNOLOGIA EN GESTION EMPRESARIAL,Femenino,2010-2,2022,Independiente,Industrias manufactureras,1,1,,"100,0%",NaN
2847-Universidad de Investigación y Desarrollo - UDI,103912-TECNOLOGIA EN GESTION EMPRESARIAL,Femenino,2010-2,2022,Independiente,Otras actividades de servicios,1,1,,"100,0%",NaN
2847-Universidad de Investigación y Desarrollo - UDI,103912-TECNOLOGIA EN GESTION EMPRESARIAL,Femenino,2010-2,2022,No cotizante,SIN DATO,9,0,,"0,0%",NaN
2847-Universidad de Investigación y Desarrollo - UDI,103912-TECNOLOGIA EN GESTION EMPRESARIAL,Femenino,2010-2,2023,Dependiente,"Actividades profesionales, científicas y técnicas",1,1,,"100,0%",NaN
2847-Universidad de Investigación y Desarrollo - UDI,103912-TECNOLOGIA EN GESTION EMPRESARIAL,Femenino,2010-2,2023,Dependiente,Administración pública y defensa; planes de seguridad social de afiliación obligatoria,1,1,,"100,0%",NaN
2847-Universidad de Investigación y Desarrollo - UDI,103912-TECNOLOGIA EN GESTION EMPRESARIAL,Femenino,2010-2,2023,Dependiente,"Agricultura, ganadería, caza, silvicultura y pesca",1,1,,"100,0%",NaN
2847-Universidad de Investigación y Desarrollo - UDI,103912-TECNOLOGIA EN GESTION EMPRESARIAL,Femenino,2010-2,2023,Independiente,"Actividades profesionales, científicas y técnicas",1,1,,"100,0%",NaN
2847-Universidad de Investigación y Desarrollo - UDI,103912-TECNOLOGIA EN GESTION EMPRESARIAL,Femenino,2010-2,2023,Independiente,Administración pública y defensa; planes de seguridad social de afiliación obligatoria,2,2,,"100,0%",NaN
2847-Universidad de Investigación y Desarrollo - UDI,103912-TECNOLOGIA EN GESTION EMPRESARIAL,Femenino,2010-2,2023,Independiente,Comercio al por mayor y al por menor; reparación de vehículos automotores y motocicletas,1,1,,"100,0%",NaN
2847-Universidad de Investigación y Desarrollo - UDI,103912-TECNOLOGIA EN GESTION EMPRESARIAL,Femenino,2010-2,2023,Independiente,Industrias manufactureras,1,1,,"100,0%",NaN
2847-Universidad de Investigación y Desarrollo - UDI,103912-TECNOLOGIA EN GESTION EMPRESARIAL,Femenino,2010-2,2023,Independiente,Otras actividades de servicios,1,1,,"100,0%",NaN
2847-Universidad de Investigación y Desarrollo - UDI,103912-TECNOLOGIA EN GESTION EMPRESARIAL,Femenino,2010-2,2023,No cotizante,SIN DATO,9,0,,"0,0%",NaN
2847-Universidad de Investigación y Desarrollo - UDI,103912-TECNOLOGIA EN GESTION EMPRESARIAL,Masculino,2010-2,2017,Dependiente,Actividades de servicios administrativos y de apoyo,1,1,,"100,0%",NaN
2847-Universidad de Investigación y Desarrollo - UDI,103912-TECNOLOGIA EN GESTION EMPRESARIAL,Masculino,2010-2,2017,Dependiente,Actividades financieras y de seguros,2,2,,"100,0%",NaN
2847-Universidad de Investigación y Desarrollo - UDI,103912-TECNOLOGIA EN GESTION EMPRESARIAL,Masculino,2010-2,2017,Dependiente,"Actividades profesionales, científicas y técnicas",1,1,,"100,0%",NaN
2847-Universidad de Investigación y Desarrollo - UDI,103912-TECNOLOGIA EN GESTION EMPRESARIAL,Masculino,2010-2,2017,Dependiente,"Agricultura, ganadería, caza, silvicultura y pesca",2,2,,"100,0%",NaN
2847-Universidad de Investigación y Desarrollo - UDI,103912-TECNOLOGIA EN GESTION EMPRESARIAL,Masculino,2010-2,2017,Dependiente,Educación,2,2,,"100,0%",NaN
2847-Universidad de Investigación y Desarrollo - UDI,103912-TECNOLOGIA EN GESTION EMPRESARIAL,Masculino,2010-2,2017,Dependiente,Industrias manufactureras,1,1,,"100,0%",NaN
2847-Universidad de Investigación y Desarrollo - UDI,103912-TECNOLOGIA EN GESTION EMPRESARIAL,Masculino,2010-2,2017,Dependiente,Sin información,2,2,,"100,0%",NaN
2847-Universidad de Investigación y Desarrollo - UDI,103912-TECNOLOGIA EN GESTION EMPRESARIAL,Masculino,2010-2,2017,Independiente,Actividades de los hogares individuales en calidad de empleadores; actividades no diferenciadas de los hogares individuales como productores de bienes y servicios para uso propio,1,1,,"100,0%",NaN
2847-Universidad de Investigación y Desarrollo - UDI,103912-TECNOLOGIA EN GESTION EMPRESARIAL,Masculino,2010-2,2017,Independiente,Sin información,1,1,,"100,0%",NaN
2847-Universidad de Investigación y Desarrollo - UDI,103912-TECNOLOGIA EN GESTION EMPRESARIAL,Masculino,2010-2,2018,Dependiente,Actividades de servicios administrativos y de apoyo,1,1,,"100,0%",NaN
2847-Universidad de Investigación y Desarrollo - UDI,103912-TECNOLOGIA EN GESTION EMPRESARIAL,Masculino,2010-2,2018,Dependiente,Actividades financieras y de seguros,2,2,,"100,0%",NaN
2847-Universidad de Investigación y Desarrollo - UDI,103912-TECNOLOGIA EN GESTION EMPRESARIAL,Masculino,2010-2,2018,Dependiente,"Actividades profesionales, científicas y técnicas",2,2,,"100,0%",NaN
2847-Universidad de Investigación y Desarrollo - UDI,103912-TECNOLOGIA EN GESTION EMPRESARIAL,Masculino,2010-2,2018,Dependiente,"Agricultura, ganadería, caza, silvicultura y pesca",1,1,,"100,0%",NaN
2847-Universidad de Investigación y Desarrollo - UDI,103912-TECNOLOGIA EN GESTION EMPRESARIAL,Masculino,2010-2,2018,Dependiente,Comercio al por mayor y al por menor; reparación de vehículos automotores y motocicletas,1,1,,"100,0%",NaN
2847-Universidad de Investigación y Desarrollo - UDI,103912-TECNOLOGIA EN GESTION EMPRESARIAL,Masculino,2010-2,2018,Dependiente,Industrias manufactureras,1,1,,"100,0%",NaN
2847-Universidad de Investigación y Desarrollo - UDI,103912-TECNOLOGIA EN GESTION EMPRESARIAL,Masculino,2010-2,2018,Dependiente,Otras actividades de servicios,1,1,,"100,0%",NaN
2847-Universidad de Investigación y Desarrollo - UDI,103912-TECNOLOGIA EN GESTION EMPRESARIAL,Masculino,2010-2,2018,Dependiente,Sin información,1,1,,"100,0%",NaN
2847-Universidad de Investigación y Desarrollo - UDI,103912-TECNOLOGIA EN GESTION EMPRESARIAL,Masculino,2010-2,2018,Independiente,Sin información,1,1,,"100,0%",NaN
2847-Universidad de Investigación y Desarrollo - UDI,103912-TECNOLOGIA EN GESTION EMPRESARIAL,Masculino,2010-2,2018,No cotizante,Sin información,1,0,,"0,0%",NaN
2847-Universidad de Investigación y Desarrollo - UDI,103912-TECNOLOGIA EN GESTION EMPRESARIAL,Masculino,2010-2,2019,Dependiente,Actividades financieras y de seguros,2,2,,"100,0%",NaN
2847-Universidad de Investigación y Desarrollo - UDI,103912-TECNOLOGIA EN GESTION EMPRESARIAL,Masculino,2010-2,2019,Dependiente,"Actividades profesionales, científicas y técnicas",3,3,,"100,0%",NaN
2847-Universidad de Investigación y Desarrollo - UDI,103912-TECNOLOGIA EN GESTION EMPRESARIAL,Masculino,2010-2,2019,Dependiente,Administración pública y defensa; planes de seguridad social de afiliación obligatoria,1,1,,"100,0%",NaN
2847-Universidad de Investigación y Desarrollo - UDI,103912-TECNOLOGIA EN GESTION EMPRESARIAL,Masculino,2010-2,2019,Dependiente,"Agricultura, ganadería, caza, silvicultura y pesca",1,1,,"100,0%",NaN
2847-Universidad de Investigación y Desarrollo - UDI,103912-TECNOLOGIA EN GESTION EMPRESARIAL,Masculino,2010-2,2019,Dependiente,Industrias manufactureras,1,1,,"100,0%",NaN
2847-Universidad de Investigación y Desarrollo - UDI,103912-TECNOLOGIA EN GESTION EMPRESARIAL,Masculino,2010-2,2019,Dependiente,Otras actividades de servicios,1,1,,"100,0%",NaN
2847-Universidad de Investigación y Desarrollo - UDI,103912-TECNOLOGIA EN GESTION EMPRESARIAL,Masculino,2010-2,2019,Independiente,Actividades de los hogares individuales en calidad de empleadores; actividades no diferenciadas de los hogares individuales como productores de bienes y servicios para uso propio,1,1,,"100,0%",NaN
2847-Universidad de Investigación y Desarrollo - UDI,103912-TECNOLOGIA EN GESTION EMPRESARIAL,Masculino,2010-2,2019,Independiente,Sin información,1,1,,"100,0%",NaN
2847-Universidad de Investigación y Desarrollo - UDI,103912-TECNOLOGIA EN GESTION EMPRESARIAL,Masculino,2010-2,2019,No cotizante,Sin información,1,0,,"0,0%",NaN
2847-Universidad de Investigación y Desarrollo - UDI,103912-TECNOLOGIA EN GESTION EMPRESARIAL,Masculino,2010-2,2020,Dependiente,Actividades de servicios administrativos y de apoyo,1,1,,"100,0%",NaN
2847-Universidad de Investigación y Desarrollo - UDI,103912-TECNOLOGIA EN GESTION EMPRESARIAL,Masculino,2010-2,2020,Dependiente,"Actividades profesionales, científicas y técnicas",3,3,,"100,0%",NaN
2847-Universidad de Investigación y Desarrollo - UDI,103912-TECNOLOGIA EN GESTION EMPRESARIAL,Masculino,2010-2,2020,Dependiente,Administración pública y defensa; planes de seguridad social de afiliación obligatoria,1,1,,"100,0%",NaN
2847-Universidad de Investigación y Desarrollo - UDI,103912-TECNOLOGIA EN GESTION EMPRESARIAL,Masculino,2010-2,2020,Dependiente,Industrias manufactureras,2,2,,"100,0%",NaN
2847-Universidad de Investigación y Desarrollo - UDI,103912-TECNOLOGIA EN GESTION EMPRESARIAL,Masculino,2010-2,2020,Dependiente,Otras actividades de servicios,2,2,,"100,0%",NaN
2847-Universidad de Investigación y Desarrollo - UDI,103912-TECNOLOGIA EN GESTION EMPRESARIAL,Masculino,2010-2,2020,Independiente,Actividades de servicios administrativos y de apoyo,1,1,,"100,0%",NaN
2847-Universidad de Investigación y Desarrollo - UDI,103912-TECNOLOGIA EN GESTION EMPRESARIAL,Masculino,2010-2,2020,Independiente,Otras actividades de servicios,1,1,,"100,0%",NaN
2847-Universidad de Investigación y Desarrollo - UDI,103912-TECNOLOGIA EN GESTION EMPRESARIAL,Masculino,2010-2,2021,Dependiente,Actividades de servicios administrativos y de apoyo,1,1,,"100,0%",NaN
2847-Universidad de Investigación y Desarrollo - UDI,103912-TECNOLOGIA EN GESTION EMPRESARIAL,Masculino,2010-2,2021,Dependiente,"Actividades profesionales, científicas y técnicas",3,3,,"100,0%",NaN
2847-Universidad de Investigación y Desarrollo - UDI,103912-TECNOLOGIA EN GESTION EMPRESARIAL,Masculino,2010-2,2021,Dependiente,Administración pública y defensa; planes de seguridad social de afiliación obligatoria,1,1,,"100,0%",NaN
2847-Universidad de Investigación y Desarrollo - UDI,103912-TECNOLOGIA EN GESTION EMPRESARIAL,Masculino,2010-2,2021,Dependiente,Industrias manufactureras,1,1,,"100,0%",NaN
2847-Universidad de Investigación y Desarrollo - UDI,103912-TECNOLOGIA EN GESTION EMPRESARIAL,Masculino,2010-2,2021,Dependiente,Otras actividades de servicios,1,1,,"100,0%",NaN
2847-Universidad de Investigación y Desarrollo - UDI,103912-TECNOLOGIA EN GESTION EMPRESARIAL,Masculino,2010-2,2021,Independiente,Actividades de servicios administrativos y de apoyo,1,1,,"100,0%",NaN
2847-Universidad de Investigación y Desarrollo - UDI,103912-TECNOLOGIA EN GESTION EMPRESARIAL,Masculino,2010-2,2021,Independiente,Otras actividades de servicios,1,1,,"100,0%",NaN
2847-Universidad de Investigación y Desarrollo - UDI,103912-TECNOLOGIA EN GESTION EMPRESARIAL,Masculino,2010-2,2021,No cotizante,Sin información,2,0,,"0,0%",NaN
2847-Universidad de Investigación y Desarrollo - UDI,103912-TECNOLOGIA EN GESTION EMPRESARIAL,Masculino,2010-2,2022,Dependiente,Actividades de servicios administrativos y de apoyo,1,1,,"100,0%",NaN
2847-Universidad de Investigación y Desarrollo - UDI,103912-TECNOLOGIA EN GESTION EMPRESARIAL,Masculino,2010-2,2022,Dependiente,"Actividades profesionales, científicas y técnicas",3,3,,"100,0%",NaN
2847-Universidad de Investigación y Desarrollo - UDI,103912-TECNOLOGIA EN GESTION EMPRESARIAL,Masculino,2010-2,2022,Dependiente,Administración pública y defensa; planes de seguridad social de afiliación obligatoria,1,1,,"100,0%",NaN
2847-Universidad de Investigación y Desarrollo - UDI,103912-TECNOLOGIA EN GESTION EMPRESARIAL,Masculino,2010-2,2022,Dependiente,"Agricultura, ganadería, caza, silvicultura y pesca",1,1,,"100,0%",NaN
2847-Universidad de Investigación y Desarrollo - UDI,103912-TECNOLOGIA EN GESTION EMPRESARIAL,Masculino,2010-2,2022,Dependiente,Educación,1,1,,"100,0%",NaN
2847-Universidad de Investigación y Desarrollo - UDI,103912-TECNOLOGIA EN GESTION EMPRESARIAL,Masculino,2010-2,2022,Dependiente,Industrias manufactureras,1,1,,"100,0%",NaN
2847-Universidad de Investigación y Desarrollo - UDI,103912-TECNOLOGIA EN GESTION EMPRESARIAL,Masculino,2010-2,2022,Dependiente,Otras actividades de servicios,1,1,,"100,0%",NaN
2847-Universidad de Investigación y Desarrollo - UDI,103912-TECNOLOGIA EN GESTION EMPRESARIAL,Masculino,2010-2,2022,Independiente,Otras actividades de servicios,1,1,,"100,0%",NaN
2847-Universidad de Investigación y Desarrollo - UDI,103912-TECNOLOGIA EN GESTION EMPRESARIAL,Masculino,2010-2,2022,No cotizante,SIN DATO,1,0,,"0,0%",NaN
2847-Universidad de Investigación y Desarrollo - UDI,103912-TECNOLOGIA EN GESTION EMPRESARIAL,Masculino,2010-2,2023,Dependiente,Actividades de servicios administrativos y de apoyo,1,1,,"100,0%",NaN
2847-Universidad de Investigación y Desarrollo - UDI,103912-TECNOLOGIA EN GESTION EMPRESARIAL,Masculino,2010-2,2023,Dependiente,"Actividades profesionales, científicas y técnicas",3,3,,"100,0%",NaN
2847-Universidad de Investigación y Desarrollo - UDI,103912-TECNOLOGIA EN GESTION EMPRESARIAL,Masculino,2010-2,2023,Dependiente,Administración pública y defensa; planes de seguridad social de afiliación obligatoria,1,1,,"100,0%",NaN
2847-Universidad de Investigación y Desarrollo - UDI,103912-TECNOLOGIA EN GESTION EMPRESARIAL,Masculino,2010-2,2023,Dependiente,"Agricultura, ganadería, caza, silvicultura y pesca",1,1,,"100,0%",NaN
2847-Universidad de Investigación y Desarrollo - UDI,103912-TECNOLOGIA EN GESTION EMPRESARIAL,Masculino,2010-2,2023,Dependiente,Educación,1,1,,"100,0%",NaN
2847-Universidad de Investigación y Desarrollo - UDI,103912-TECNOLOGIA EN GESTION EMPRESARIAL,Masculino,2010-2,2023,Dependiente,Industrias manufactureras,1,1,,"100,0%",NaN
2847-Universidad de Investigación y Desarrollo - UDI,103912-TECNOLOGIA EN GESTION EMPRESARIAL,Masculino,2010-2,2023,Dependiente,Otras actividades de servicios,1,1,,"100,0%",NaN
2847-Universidad de Investigación y Desarrollo - UDI,103912-TECNOLOGIA EN GESTION EMPRESARIAL,Masculino,2010-2,2023,Independiente,Otras actividades de servicios,2,2,,"100,0%",NaN
1212-Universidad de Pamplona,11411-ESPECIALIZACION EN GESTION DE PROYECTOS INFORMATICOS,Femenino,2010-2,2016,Dependiente,Actividades financieras y de seguros,1,1,,"100,0%",$1.116.000
1212-Universidad de Pamplona,11411-ESPECIALIZACION EN GESTION DE PROYECTOS INFORMATICOS,Femenino,2010-2,2016,Dependiente,"Actividades profesionales, científicas y técnicas",30,30,,"100,0%",$3.096.233
1212-Universidad de Pamplona,11411-ESPECIALIZACION EN GESTION DE PROYECTOS INFORMATICOS,Femenino,2010-2,2016,Dependiente,Administración pública y defensa; planes de seguridad social de afiliación obligatoria,39,39,,"100,0%",$2.970.308
1212-Universidad de Pamplona,11411-ESPECIALIZACION EN GESTION DE PROYECTOS INFORMATICOS,Femenino,2010-2,2016,Dependiente,"Agricultura, ganadería, caza, silvicultura y pesca",1,1,,"100,0%",$2.250.000
1212-Universidad de Pamplona,11411-ESPECIALIZACION EN GESTION DE PROYECTOS INFORMATICOS,Femenino,2010-2,2016,Dependiente,Información y comunicaciones,1,1,,"100,0%",$1.262.000
1212-Universidad de Pamplona,11411-ESPECIALIZACION EN GESTION DE PROYECTOS INFORMATICOS,Femenino,2010-2,2016,No cotizante,Sin información,6,0,,"0,0%",NaN
1212-Universidad de Pamplona,11411-ESPECIALIZACION EN GESTION DE PROYECTOS INFORMATICOS,Femenino,2010-2,2017,Dependiente,Actividades de organizaciones y entidades extraterritoriales,6,6,,"100,0%",NaN
1212-Universidad de Pamplona,11411-ESPECIALIZACION EN GESTION DE PROYECTOS INFORMATICOS,Femenino,2010-2,2017,Dependiente,Actividades financieras y de seguros,1,1,,"100,0%",NaN
1212-Universidad de Pamplona,11411-ESPECIALIZACION EN GESTION DE PROYECTOS INFORMATICOS,Femenino,2010-2,2017,Dependiente,"Actividades profesionales, científicas y técnicas",56,56,,"100,0%",NaN
1212-Universidad de Pamplona,11411-ESPECIALIZACION EN GESTION DE PROYECTOS INFORMATICOS,Femenino,2010-2,2017,Dependiente,Administración pública y defensa; planes de seguridad social de afiliación obligatoria,9,9,,"100,0%",NaN
1212-Universidad de Pamplona,11411-ESPECIALIZACION EN GESTION DE PROYECTOS INFORMATICOS,Femenino,2010-2,2017,Dependiente,Otras actividades de servicios,1,1,,"100,0%",NaN
1212-Universidad de Pamplona,11411-ESPECIALIZACION EN GESTION DE PROYECTOS INFORMATICOS,Femenino,2010-2,2017,No cotizante,Sin información,5,0,,"0,0%",NaN
1212-Universidad de Pamplona,11411-ESPECIALIZACION EN GESTION DE PROYECTOS INFORMATICOS,Femenino,2010-2,2018,Dependiente,Actividades de organizaciones y entidades extraterritoriales,6,6,,"100,0%",NaN
1212-Universidad de Pamplona,11411-ESPECIALIZACION EN GESTION DE PROYECTOS INFORMATICOS,Femenino,2010-2,2018,Dependiente,Actividades financieras y de seguros,1,1,,"100,0%",NaN
1212-Universidad de Pamplona,11411-ESPECIALIZACION EN GESTION DE PROYECTOS INFORMATICOS,Femenino,2010-2,2018,Dependiente,"Actividades profesionales, científicas y técnicas",55,55,,"100,0%",NaN
1212-Universidad de Pamplona,11411-ESPECIALIZACION EN GESTION DE PROYECTOS INFORMATICOS,Femenino,2010-2,2018,Dependiente,Administración pública y defensa; planes de seguridad social de afiliación obligatoria,8,8,,"100,0%",NaN
1212-Universidad de Pamplona,11411-ESPECIALIZACION EN GESTION DE PROYECTOS INFORMATICOS,Femenino,2010-2,2018,Dependiente,Otras actividades de servicios,2,2,,"100,0%",NaN
1212-Universidad de Pamplona,11411-ESPECIALIZACION EN GESTION DE PROYECTOS INFORMATICOS,Femenino,2010-2,2018,Dependiente,Sin información,3,3,,"100,0%",NaN
1212-Universidad de Pamplona,11411-ESPECIALIZACION EN GESTION DE PROYECTOS INFORMATICOS,Femenino,2010-2,2018,No cotizante,Sin información,1,0,,"0,0%",NaN
1212-Universidad de Pamplona,11411-ESPECIALIZACION EN GESTION DE PROYECTOS INFORMATICOS,Femenino,2010-2,2019,Dependiente,Actividades financieras y de seguros,1,1,,"100,0%",NaN
1212-Universidad de Pamplona,11411-ESPECIALIZACION EN GESTION DE PROYECTOS INFORMATICOS,Femenino,2010-2,2019,Dependiente,"Actividades profesionales, científicas y técnicas",35,35,,"100,0%",NaN
1212-Universidad de Pamplona,11411-ESPECIALIZACION EN GESTION DE PROYECTOS INFORMATICOS,Femenino,2010-2,2019,Dependiente,Administración pública y defensa; planes de seguridad social de afiliación obligatoria,33,33,,"100,0%",NaN
1212-Universidad de Pamplona,11411-ESPECIALIZACION EN GESTION DE PROYECTOS INFORMATICOS,Femenino,2010-2,2019,Dependiente,Otras actividades de servicios,1,1,,"100,0%",NaN
1212-Universidad de Pamplona,11411-ESPECIALIZACION EN GESTION DE PROYECTOS INFORMATICOS,Femenino,2010-2,2019,Dependiente,Sin información,3,3,,"100,0%",NaN
1212-Universidad de Pamplona,11411-ESPECIALIZACION EN GESTION DE PROYECTOS INFORMATICOS,Femenino,2010-2,2019,No cotizante,Sin información,2,0,,"0,0%",NaN
1212-Universidad de Pamplona,11411-ESPECIALIZACION EN GESTION DE PROYECTOS INFORMATICOS,Femenino,2010-2,2020,Dependiente,Actividades financieras y de seguros,1,1,,"100,0%",NaN
1212-Universidad de Pamplona,11411-ESPECIALIZACION EN GESTION DE PROYECTOS INFORMATICOS,Femenino,2010-2,2020,Dependiente,"Actividades profesionales, científicas y técnicas",40,40,,"100,0%",NaN
1212-Universidad de Pamplona,11411-ESPECIALIZACION EN GESTION DE PROYECTOS INFORMATICOS,Femenino,2010-2,2020,Dependiente,Administración pública y defensa; planes de seguridad social de afiliación obligatoria,24,24,,"100,0%",NaN
1212-Universidad de Pamplona,11411-ESPECIALIZACION EN GESTION DE PROYECTOS INFORMATICOS,Femenino,2010-2,2020,Independiente,Actividades de servicios administrativos y de apoyo,1,1,,"100,0%",NaN
1212-Universidad de Pamplona,11411-ESPECIALIZACION EN GESTION DE PROYECTOS INFORMATICOS,Femenino,2010-2,2020,No cotizante,Sin información,9,0,,"0,0%",NaN
1212-Universidad de Pamplona,11411-ESPECIALIZACION EN GESTION DE PROYECTOS INFORMATICOS,Femenino,2010-2,2021,Dependiente,Actividades financieras y de seguros,1,1,,"100,0%",NaN
1212-Universidad de Pamplona,11411-ESPECIALIZACION EN GESTION DE PROYECTOS INFORMATICOS,Femenino,2010-2,2021,Dependiente,"Actividades profesionales, científicas y técnicas",39,39,,"100,0%",NaN
1212-Universidad de Pamplona,11411-ESPECIALIZACION EN GESTION DE PROYECTOS INFORMATICOS,Femenino,2010-2,2021,Dependiente,Administración pública y defensa; planes de seguridad social de afiliación obligatoria,23,23,,"100,0%",NaN
1212-Universidad de Pamplona,11411-ESPECIALIZACION EN GESTION DE PROYECTOS INFORMATICOS,Femenino,2010-2,2021,Independiente,Actividades de servicios administrativos y de apoyo,1,1,,"100,0%",NaN
1212-Universidad de Pamplona,11411-ESPECIALIZACION EN GESTION DE PROYECTOS INFORMATICOS,Femenino,2010-2,2021,No cotizante,Sin información,11,0,,"0,0%",NaN
1212-Universidad de Pamplona,11411-ESPECIALIZACION EN GESTION DE PROYECTOS INFORMATICOS,Femenino,2010-2,2022,Dependiente,Actividades de servicios administrativos y de apoyo,16,16,,"100,0%",NaN
1212-Universidad de Pamplona,11411-ESPECIALIZACION EN GESTION DE PROYECTOS INFORMATICOS,Femenino,2010-2,2022,Dependiente,Actividades financieras y de seguros,1,1,,"100,0%",NaN
1212-Universidad de Pamplona,11411-ESPECIALIZACION EN GESTION DE PROYECTOS INFORMATICOS,Femenino,2010-2,2022,Dependiente,"Actividades profesionales, científicas y técnicas",38,38,,"100,0%",NaN
1212-Universidad de Pamplona,11411-ESPECIALIZACION EN GESTION DE PROYECTOS INFORMATICOS,Femenino,2010-2,2022,Dependiente,Administración pública y defensa; planes de seguridad social de afiliación obligatoria,7,7,,"100,0%",NaN
1212-Universidad de Pamplona,11411-ESPECIALIZACION EN GESTION DE PROYECTOS INFORMATICOS,Femenino,2010-2,2022,Independiente,Actividades de servicios administrativos y de apoyo,1,1,,"100,0%",NaN
1212-Universidad de Pamplona,11411-ESPECIALIZACION EN GESTION DE PROYECTOS INFORMATICOS,Femenino,2010-2,2022,No cotizante,SIN DATO,12,0,,"0,0%",NaN
1212-Universidad de Pamplona,11411-ESPECIALIZACION EN GESTION DE PROYECTOS INFORMATICOS,Femenino,2010-2,2023,Dependiente,Actividades financieras y de seguros,1,1,,"100,0%",NaN
1212-Universidad de Pamplona,11411-ESPECIALIZACION EN GESTION DE PROYECTOS INFORMATICOS,Femenino,2010-2,2023,Dependiente,"Actividades profesionales, científicas y técnicas",36,36,,"100,0%",NaN
1212-Universidad de Pamplona,11411-ESPECIALIZACION EN GESTION DE PROYECTOS INFORMATICOS,Femenino,2010-2,2023,Dependiente,Administración pública y defensa; planes de seguridad social de afiliación obligatoria,20,20,,"100,0%",NaN
1212-Universidad de Pamplona,11411-ESPECIALIZACION EN GESTION DE PROYECTOS INFORMATICOS,Femenino,2010-2,2023,Independiente,Actividades de servicios administrativos y de apoyo,1,1,,"100,0%",NaN
1212-Universidad de Pamplona,11411-ESPECIALIZACION EN GESTION DE PROYECTOS INFORMATICOS,Femenino,2010-2,2023,No cotizante,SIN DATO,17,0,,"0,0%",NaN
1212-Universidad de Pamplona,11411-ESPECIALIZACION EN GESTION DE PROYECTOS INFORMATICOS,Masculino,2010-2,2016,Dependiente,Actividades de organizaciones y entidades extraterritoriales,1,1,,"100,0%",$3.183.000
1212-Universidad de Pamplona,11411-ESPECIALIZACION EN GESTION DE PROYECTOS INFORMATICOS,Masculino,2010-2,2016,Dependiente,Actividades financieras y de seguros,1,1,,"100,0%",$2.779.000
1212-Universidad de Pamplona,11411-ESPECIALIZACION EN GESTION DE PROYECTOS INFORMATICOS,Masculino,2010-2,2016,Dependiente,"Actividades profesionales, científicas y técnicas",15,15,,"100,0%",$3.054.967
1212-Universidad de Pamplona,11411-ESPECIALIZACION EN GESTION DE PROYECTOS INFORMATICOS,Masculino,2010-2,2016,Dependiente,Administración pública y defensa; planes de seguridad social de afiliación obligatoria,25,25,,"100,0%",$3.148.040
1212-Universidad de Pamplona,11411-ESPECIALIZACION EN GESTION DE PROYECTOS INFORMATICOS,Masculino,2010-2,2016,Dependiente,Información y comunicaciones,1,1,,"100,0%",$5.844.000
1212-Universidad de Pamplona,11411-ESPECIALIZACION EN GESTION DE PROYECTOS INFORMATICOS,Masculino,2010-2,2016,Dependiente,Sin información,1,1,,"100,0%",$2.427.000
1212-Universidad de Pamplona,11411-ESPECIALIZACION EN GESTION DE PROYECTOS INFORMATICOS,Masculino,2010-2,2016,Independiente,Información y comunicaciones,1,1,,"100,0%",NaN
1212-Universidad de Pamplona,11411-ESPECIALIZACION EN GESTION DE PROYECTOS INFORMATICOS,Masculino,2010-2,2016,No cotizante,Sin información,3,0,,"0,0%",NaN
1212-Universidad de Pamplona,11411-ESPECIALIZACION EN GESTION DE PROYECTOS INFORMATICOS,Masculino,2010-2,2017,Dependiente,Actividades de organizaciones y entidades extraterritoriales,5,5,,"100,0%",NaN
1212-Universidad de Pamplona,11411-ESPECIALIZACION EN GESTION DE PROYECTOS INFORMATICOS,Masculino,2010-2,2017,Dependiente,Actividades financieras y de seguros,1,1,,"100,0%",NaN
1212-Universidad de Pamplona,11411-ESPECIALIZACION EN GESTION DE PROYECTOS INFORMATICOS,Masculino,2010-2,2017,Dependiente,"Actividades profesionales, científicas y técnicas",29,29,,"100,0%",NaN
1212-Universidad de Pamplona,11411-ESPECIALIZACION EN GESTION DE PROYECTOS INFORMATICOS,Masculino,2010-2,2017,Dependiente,Administración pública y defensa; planes de seguridad social de afiliación obligatoria,6,6,,"100,0%",NaN
1212-Universidad de Pamplona,11411-ESPECIALIZACION EN GESTION DE PROYECTOS INFORMATICOS,Masculino,2010-2,2017,Dependiente,Sin información,2,2,,"100,0%",NaN
1212-Universidad de Pamplona,11411-ESPECIALIZACION EN GESTION DE PROYECTOS INFORMATICOS,Masculino,2010-2,2017,Independiente,Información y comunicaciones,1,1,,"100,0%",NaN
1212-Universidad de Pamplona,11411-ESPECIALIZACION EN GESTION DE PROYECTOS INFORMATICOS,Masculino,2010-2,2017,No cotizante,Sin información,4,0,,"0,0%",NaN
1212-Universidad de Pamplona,11411-ESPECIALIZACION EN GESTION DE PROYECTOS INFORMATICOS,Masculino,2010-2,2018,Dependiente,Actividades de organizaciones y entidades extraterritoriales,5,5,,"100,0%",NaN
1212-Universidad de Pamplona,11411-ESPECIALIZACION EN GESTION DE PROYECTOS INFORMATICOS,Masculino,2010-2,2018,Dependiente,Actividades financieras y de seguros,1,1,,"100,0%",NaN
1212-Universidad de Pamplona,11411-ESPECIALIZACION EN GESTION DE PROYECTOS INFORMATICOS,Masculino,2010-2,2018,Dependiente,"Actividades profesionales, científicas y técnicas",27,27,,"100,0%",NaN
1212-Universidad de Pamplona,11411-ESPECIALIZACION EN GESTION DE PROYECTOS INFORMATICOS,Masculino,2010-2,2018,Dependiente,Administración pública y defensa; planes de seguridad social de afiliación obligatoria,6,6,,"100,0%",NaN
1212-Universidad de Pamplona,11411-ESPECIALIZACION EN GESTION DE PROYECTOS INFORMATICOS,Masculino,2010-2,2018,Dependiente,Sin información,6,6,,"100,0%",NaN
1212-Universidad de Pamplona,11411-ESPECIALIZACION EN GESTION DE PROYECTOS INFORMATICOS,Masculino,2010-2,2018,Independiente,Información y comunicaciones,1,1,,"100,0%",NaN
1212-Universidad de Pamplona,11411-ESPECIALIZACION EN GESTION DE PROYECTOS INFORMATICOS,Masculino,2010-2,2019,Dependiente,"Actividades profesionales, científicas y técnicas",21,21,,"100,0%",NaN
1212-Universidad de Pamplona,11411-ESPECIALIZACION EN GESTION DE PROYECTOS INFORMATICOS,Masculino,2010-2,2019,Dependiente,Administración pública y defensa; planes de seguridad social de afiliación obligatoria,20,20,,"100,0%",NaN
1212-Universidad de Pamplona,11411-ESPECIALIZACION EN GESTION DE PROYECTOS INFORMATICOS,Masculino,2010-2,2019,Dependiente,Sin información,1,1,,"100,0%",NaN
1212-Universidad de Pamplona,11411-ESPECIALIZACION EN GESTION DE PROYECTOS INFORMATICOS,Masculino,2010-2,2019,Independiente,Información y comunicaciones,1,1,,"100,0%",NaN
1212-Universidad de Pamplona,11411-ESPECIALIZACION EN GESTION DE PROYECTOS INFORMATICOS,Masculino,2010-2,2019,No cotizante,Sin información,3,0,,"0,0%",NaN
1212-Universidad de Pamplona,11411-ESPECIALIZACION EN GESTION DE PROYECTOS INFORMATICOS,Masculino,2010-2,2020,Dependiente,"Actividades profesionales, científicas y técnicas",22,22,,"100,0%",NaN
1212-Universidad de Pamplona,11411-ESPECIALIZACION EN GESTION DE PROYECTOS INFORMATICOS,Masculino,2010-2,2020,Dependiente,Administración pública y defensa; planes de seguridad social de afiliación obligatoria,18,18,,"100,0%",NaN
1212-Universidad de Pamplona,11411-ESPECIALIZACION EN GESTION DE PROYECTOS INFORMATICOS,Masculino,2010-2,2020,Independiente,Información y comunicaciones,1,1,,"100,0%",NaN
1212-Universidad de Pamplona,11411-ESPECIALIZACION EN GESTION DE PROYECTOS INFORMATICOS,Masculino,2010-2,2020,No cotizante,Sin información,5,0,,"0,0%",NaN
1212-Universidad de Pamplona,11411-ESPECIALIZACION EN GESTION DE PROYECTOS INFORMATICOS,Masculino,2010-2,2021,Dependiente,Actividades de organizaciones y entidades extraterritoriales,1,1,,"100,0%",NaN
1212-Universidad de Pamplona,11411-ESPECIALIZACION EN GESTION DE PROYECTOS INFORMATICOS,Masculino,2010-2,2021,Dependiente,"Actividades profesionales, científicas y técnicas",22,22,,"100,0%",NaN
1212-Universidad de Pamplona,11411-ESPECIALIZACION EN GESTION DE PROYECTOS INFORMATICOS,Masculino,2010-2,2021,Dependiente,Administración pública y defensa; planes de seguridad social de afiliación obligatoria,15,15,,"100,0%",NaN
1212-Universidad de Pamplona,11411-ESPECIALIZACION EN GESTION DE PROYECTOS INFORMATICOS,Masculino,2010-2,2021,Independiente,Información y comunicaciones,1,1,,"100,0%",NaN
1212-Universidad de Pamplona,11411-ESPECIALIZACION EN GESTION DE PROYECTOS INFORMATICOS,Masculino,2010-2,2021,No cotizante,Sin información,5,0,,"0,0%",NaN
1212-Universidad de Pamplona,11411-ESPECIALIZACION EN GESTION DE PROYECTOS INFORMATICOS,Masculino,2010-2,2022,Dependiente,Actividades de organizaciones y entidades extraterritoriales,1,1,,"100,0%",NaN
1212-Universidad de Pamplona,11411-ESPECIALIZACION EN GESTION DE PROYECTOS INFORMATICOS,Masculino,2010-2,2022,Dependiente,Actividades de servicios administrativos y de apoyo,8,8,,"100,0%",NaN
1212-Universidad de Pamplona,11411-ESPECIALIZACION EN GESTION DE PROYECTOS INFORMATICOS,Masculino,2010-2,2022,Dependiente,"Actividades profesionales, científicas y técnicas",21,21,,"100,0%",NaN
1212-Universidad de Pamplona,11411-ESPECIALIZACION EN GESTION DE PROYECTOS INFORMATICOS,Masculino,2010-2,2022,Dependiente,Administración pública y defensa; planes de seguridad social de afiliación obligatoria,7,7,,"100,0%",NaN
1212-Universidad de Pamplona,11411-ESPECIALIZACION EN GESTION DE PROYECTOS INFORMATICOS,Masculino,2010-2,2022,Dependiente,Información y comunicaciones,1,1,,"100,0%",NaN
1212-Universidad de Pamplona,11411-ESPECIALIZACION EN GESTION DE PROYECTOS INFORMATICOS,Masculino,2010-2,2022,No cotizante,SIN DATO,6,0,,"0,0%",NaN
1212-Universidad de Pamplona,11411-ESPECIALIZACION EN GESTION DE PROYECTOS INFORMATICOS,Masculino,2010-2,2023,Dependiente,"Actividades profesionales, científicas y técnicas",20,20,,"100,0%",NaN
1212-Universidad de Pamplona,11411-ESPECIALIZACION EN GESTION DE PROYECTOS INFORMATICOS,Masculino,2010-2,2023,Dependiente,Administración pública y defensa; planes de seguridad social de afiliación obligatoria,16,16,,"100,0%",NaN
1212-Universidad de Pamplona,11411-ESPECIALIZACION EN GESTION DE PROYECTOS INFORMATICOS,Masculino,2010-2,2023,Dependiente,Información y comunicaciones,1,1,,"100,0%",NaN
1212-Universidad de Pamplona,11411-ESPECIALIZACION EN GESTION DE PROYECTOS INFORMATICOS,Masculino,2010-2,2023,Dependiente,Otras actividades de servicios,1,1,,"100,0%",NaN
1212-Universidad de Pamplona,11411-ESPECIALIZACION EN GESTION DE PROYECTOS INFORMATICOS,Masculino,2010-2,2023,No cotizante,SIN DATO,6,0,,"0,0%",NaN
2832-Universidad de Santander - UDES,8374-ESPECIALIZACION EN GERENCIA DE EMPRESAS,Masculino,2010-2,2017,Independiente,Información y comunicaciones,1,1,,"100,0%",NaN
2832-Universidad de Santander - UDES,8374-ESPECIALIZACION EN GERENCIA DE EMPRESAS,Masculino,2010-2,2017,No cotizante,Sin información,1,0,,"0,0%",NaN
2832-Universidad de Santander - UDES,8374-ESPECIALIZACION EN GERENCIA DE EMPRESAS,Masculino,2010-2,2018,Independiente,Información y comunicaciones,1,1,,"100,0%",NaN
2832-Universidad de Santander - UDES,8374-ESPECIALIZACION EN GERENCIA DE EMPRESAS,Masculino,2010-2,2018,No cotizante,Sin información,1,0,,"0,0%",NaN
2832-Universidad de Santander - UDES,8374-ESPECIALIZACION EN GERENCIA DE EMPRESAS,Masculino,2010-2,2019,Independiente,Información y comunicaciones,1,1,,"100,0%",NaN
2832-Universidad de Santander - UDES,8374-ESPECIALIZACION EN GERENCIA DE EMPRESAS,Masculino,2010-2,2019,No cotizante,Sin información,1,0,,"0,0%",NaN
2832-Universidad de Santander - UDES,8374-ESPECIALIZACION EN GERENCIA DE EMPRESAS,Masculino,2010-2,2020,Independiente,Información y comunicaciones,1,1,,"100,0%",NaN
2832-Universidad de Santander - UDES,8374-ESPECIALIZACION EN GERENCIA DE EMPRESAS,Masculino,2010-2,2020,No cotizante,Sin información,1,0,,"0,0%",NaN
2832-Universidad de Santander - UDES,8374-ESPECIALIZACION EN GERENCIA DE EMPRESAS,Masculino,2010-2,2021,Independiente,Información y comunicaciones,1,1,,"100,0%",NaN
2832-Universidad de Santander - UDES,8374-ESPECIALIZACION EN GERENCIA DE EMPRESAS,Masculino,2010-2,2021,No cotizante,Sin información,1,0,,"0,0%",NaN
2832-Universidad de Santander - UDES,8374-ESPECIALIZACION EN GERENCIA DE EMPRESAS,Masculino,2010-2,2022,Dependiente,Administración pública y defensa; planes de seguridad social de afiliación obligatoria,1,1,,"100,0%",NaN
2832-Universidad de Santander - UDES,8374-ESPECIALIZACION EN GERENCIA DE EMPRESAS,Masculino,2010-2,2022,No cotizante,SIN DATO,1,0,,"0,0%",NaN
2832-Universidad de Santander - UDES,8374-ESPECIALIZACION EN GERENCIA DE EMPRESAS,Masculino,2010-2,2023,Dependiente,Administración pública y defensa; planes de seguridad social de afiliación obligatoria,1,1,,"100,0%",NaN
2832-Universidad de Santander - UDES,8374-ESPECIALIZACION EN GERENCIA DE EMPRESAS,Masculino,2010-2,2023,No cotizante,SIN DATO,1,0,,"0,0%",NaN
2832-Universidad de Santander - UDES,8257-ESPECIALIZACION EN GERENCIA DE MERCADEO,Femenino,2010-2,2017,No cotizante,Sin información,1,0,,"0,0%",NaN
2832-Universidad de Santander - UDES,8257-ESPECIALIZACION EN GERENCIA DE MERCADEO,Femenino,2010-2,2018,No cotizante,Sin información,1,0,,"0,0%",NaN
2832-Universidad de Santander - UDES,8257-ESPECIALIZACION EN GERENCIA DE MERCADEO,Femenino,2010-2,2019,No cotizante,Sin información,1,0,,"0,0%",NaN
2832-Universidad de Santander - UDES,8257-ESPECIALIZACION EN GERENCIA DE MERCADEO,Femenino,2010-2,2020,No cotizante,Sin información,1,0,,"0,0%",NaN
2832-Universidad de Santander - UDES,8257-ESPECIALIZACION EN GERENCIA DE MERCADEO,Femenino,2010-2,2021,No cotizante,Sin información,1,0,,"0,0%",NaN
2832-Universidad de Santander - UDES,8257-ESPECIALIZACION EN GERENCIA DE MERCADEO,Femenino,2010-2,2022,No cotizante,SIN DATO,1,0,,"0,0%",NaN
2832-Universidad de Santander - UDES,8257-ESPECIALIZACION EN GERENCIA DE MERCADEO,Femenino,2010-2,2023,No cotizante,SIN DATO,1,0,,"0,0%",NaN
2832-Universidad de Santander - UDES,8257-ESPECIALIZACION EN GERENCIA DE MERCADEO,Masculino,2010-2,2016,Independiente,Sin información,1,1,,"100,0%",NaN
2832-Universidad de Santander - UDES,8257-ESPECIALIZACION EN GERENCIA DE MERCADEO,Masculino,2010-2,2017,Dependiente,Industrias manufactureras,1,1,,"100,0%",NaN
2832-Universidad de Santander - UDES,8257-ESPECIALIZACION EN GERENCIA DE MERCADEO,Masculino,2010-2,2018,Dependiente,Industrias manufactureras,1,1,,"100,0%",NaN
2832-Universidad de Santander - UDES,8257-ESPECIALIZACION EN GERENCIA DE MERCADEO,Masculino,2010-2,2019,Dependiente,Industrias manufactureras,1,1,,"100,0%",NaN
2832-Universidad de Santander - UDES,8257-ESPECIALIZACION EN GERENCIA DE MERCADEO,Masculino,2010-2,2020,Dependiente,Industrias manufactureras,1,1,,"100,0%",NaN
2832-Universidad de Santander - UDES,8257-ESPECIALIZACION EN GERENCIA DE MERCADEO,Masculino,2010-2,2021,Dependiente,Industrias manufactureras,1,1,,"100,0%",NaN
2832-Universidad de Santander - UDES,8257-ESPECIALIZACION EN GERENCIA DE MERCADEO,Masculino,2010-2,2022,Dependiente,Industrias manufactureras,1,1,,"100,0%",NaN
2832-Universidad de Santander - UDES,8257-ESPECIALIZACION EN GERENCIA DE MERCADEO,Masculino,2010-2,2023,Dependiente,Industrias manufactureras,1,1,,"100,0%",NaN
2832-Universidad de Santander - UDES,8564-ESPECIALIZACION EN GERENCIA DE SERVICIOS DE SALUD,Masculino,2010-2,2016,Independiente,Otras actividades de servicios,1,1,,"100,0%",NaN
2832-Universidad de Santander - UDES,8564-ESPECIALIZACION EN GERENCIA DE SERVICIOS DE SALUD,Masculino,2010-2,2017,Independiente,Sin información,1,1,,"100,0%",NaN
2832-Universidad de Santander - UDES,8564-ESPECIALIZACION EN GERENCIA DE SERVICIOS DE SALUD,Masculino,2010-2,2018,Independiente,Sin información,1,1,,"100,0%",NaN
2832-Universidad de Santander - UDES,8564-ESPECIALIZACION EN GERENCIA DE SERVICIOS DE SALUD,Masculino,2010-2,2019,Independiente,Administración pública y defensa; planes de seguridad social de afiliación obligatoria,1,1,,"100,0%",NaN
2832-Universidad de Santander - UDES,8564-ESPECIALIZACION EN GERENCIA DE SERVICIOS DE SALUD,Masculino,2010-2,2020,Independiente,Administración pública y defensa; planes de seguridad social de afiliación obligatoria,1,1,,"100,0%",NaN
2832-Universidad de Santander - UDES,8564-ESPECIALIZACION EN GERENCIA DE SERVICIOS DE SALUD,Masculino,2010-2,2021,Independiente,Administración pública y defensa; planes de seguridad social de afiliación obligatoria,1,1,,"100,0%",NaN
2832-Universidad de Santander - UDES,8564-ESPECIALIZACION EN GERENCIA DE SERVICIOS DE SALUD,Masculino,2010-2,2022,Independiente,Administración pública y defensa; planes de seguridad social de afiliación obligatoria,1,1,,"100,0%",NaN
2832-Universidad de Santander - UDES,8564-ESPECIALIZACION EN GERENCIA DE SERVICIOS DE SALUD,Masculino,2010-2,2023,Independiente,Administración pública y defensa; planes de seguridad social de afiliación obligatoria,1,1,,"100,0%",NaN
2832-Universidad de Santander - UDES,8250-ESPECIALIZACION EN GERENCIA FINANCIERA,Femenino,2010-2,2017,Dependiente,Sin información,2,2,,"100,0%",NaN
2832-Universidad de Santander - UDES,8250-ESPECIALIZACION EN GERENCIA FINANCIERA,Femenino,2010-2,2018,Dependiente,Sin información,2,2,,"100,0%",NaN
2832-Universidad de Santander - UDES,8250-ESPECIALIZACION EN GERENCIA FINANCIERA,Femenino,2010-2,2019,Dependiente,Administración pública y defensa; planes de seguridad social de afiliación obligatoria,2,2,,"100,0%",NaN
2832-Universidad de Santander - UDES,8250-ESPECIALIZACION EN GERENCIA FINANCIERA,Femenino,2010-2,2020,Dependiente,Administración pública y defensa; planes de seguridad social de afiliación obligatoria,2,2,,"100,0%",NaN
2832-Universidad de Santander - UDES,8250-ESPECIALIZACION EN GERENCIA FINANCIERA,Femenino,2010-2,2021,Dependiente,Administración pública y defensa; planes de seguridad social de afiliación obligatoria,2,2,,"100,0%",NaN
2832-Universidad de Santander - UDES,8250-ESPECIALIZACION EN GERENCIA FINANCIERA,Femenino,2010-2,2022,Dependiente,Administración pública y defensa; planes de seguridad social de afiliación obligatoria,2,2,,"100,0%",NaN
2832-Universidad de Santander - UDES,8250-ESPECIALIZACION EN GERENCIA FINANCIERA,Femenino,2010-2,2023,Dependiente,Administración pública y defensa; planes de seguridad social de afiliación obligatoria,2,2,,"100,0%",NaN
2832-Universidad de Santander - UDES,8250-ESPECIALIZACION EN GERENCIA FINANCIERA,Masculino,2010-2,2016,Dependiente,Educación,1,1,,"100,0%",$8.428.000
2832-Universidad de Santander - UDES,8250-ESPECIALIZACION EN GERENCIA FINANCIERA,Masculino,2010-2,2017,Dependiente,Sin información,1,1,,"100,0%",NaN
2832-Universidad de Santander - UDES,8250-ESPECIALIZACION EN GERENCIA FINANCIERA,Masculino,2010-2,2018,Dependiente,Sin información,1,1,,"100,0%",NaN
2832-Universidad de Santander - UDES,8250-ESPECIALIZACION EN GERENCIA FINANCIERA,Masculino,2010-2,2019,Dependiente,Administración pública y defensa; planes de seguridad social de afiliación obligatoria,1,1,,"100,0%",NaN
2832-Universidad de Santander - UDES,8250-ESPECIALIZACION EN GERENCIA FINANCIERA,Masculino,2010-2,2020,Dependiente,Administración pública y defensa; planes de seguridad social de afiliación obligatoria,1,1,,"100,0%",NaN
2832-Universidad de Santander - UDES,8250-ESPECIALIZACION EN GERENCIA FINANCIERA,Masculino,2010-2,2021,Independiente,Otras actividades de servicios,1,1,,"100,0%",NaN
2832-Universidad de Santander - UDES,8250-ESPECIALIZACION EN GERENCIA FINANCIERA,Masculino,2010-2,2022,Independiente,Otras actividades de servicios,1,1,,"100,0%",NaN
2832-Universidad de Santander - UDES,8250-ESPECIALIZACION EN GERENCIA FINANCIERA,Masculino,2010-2,2023,Dependiente,Educación,1,1,,"100,0%",NaN
2832-Universidad de Santander - UDES,8258-ESPECIALIZACION EN GERENCIA PUBLICA,Femenino,2010-2,2017,Dependiente,"Actividades profesionales, científicas y técnicas",1,1,,"100,0%",NaN
2832-Universidad de Santander - UDES,8258-ESPECIALIZACION EN GERENCIA PUBLICA,Femenino,2010-2,2018,Dependiente,"Actividades profesionales, científicas y técnicas",1,1,,"100,0%",NaN
2832-Universidad de Santander - UDES,8258-ESPECIALIZACION EN GERENCIA PUBLICA,Femenino,2010-2,2019,Dependiente,"Actividades profesionales, científicas y técnicas",1,1,,"100,0%",NaN
2832-Universidad de Santander - UDES,8258-ESPECIALIZACION EN GERENCIA PUBLICA,Femenino,2010-2,2020,Dependiente,"Actividades profesionales, científicas y técnicas",1,1,,"100,0%",NaN
2832-Universidad de Santander - UDES,8258-ESPECIALIZACION EN GERENCIA PUBLICA,Femenino,2010-2,2021,Dependiente,"Actividades profesionales, científicas y técnicas",1,1,,"100,0%",NaN
2832-Universidad de Santander - UDES,8258-ESPECIALIZACION EN GERENCIA PUBLICA,Femenino,2010-2,2022,Dependiente,"Actividades profesionales, científicas y técnicas",1,1,,"100,0%",NaN
2832-Universidad de Santander - UDES,8258-ESPECIALIZACION EN GERENCIA PUBLICA,Femenino,2010-2,2023,Dependiente,"Actividades profesionales, científicas y técnicas",1,1,,"100,0%",NaN
1711-Universidad de la Sabana,53009-ESPECIALIZACION EN PEDAGOGIA E INVESTIGACION EN EL AULA,Femenino,2010-2,2016,Dependiente,"Actividades profesionales, científicas y técnicas",2,2,,"100,0%",$2.294.500
1711-Universidad de la Sabana,53009-ESPECIALIZACION EN PEDAGOGIA E INVESTIGACION EN EL AULA,Femenino,2010-2,2016,Dependiente,"Agricultura, ganadería, caza, silvicultura y pesca",1,1,,"100,0%",$1.657.000
1711-Universidad de la Sabana,53009-ESPECIALIZACION EN PEDAGOGIA E INVESTIGACION EN EL AULA,Femenino,2010-2,2016,Dependiente,Educación,2,2,,"100,0%",$4.657.500
1711-Universidad de la Sabana,53009-ESPECIALIZACION EN PEDAGOGIA E INVESTIGACION EN EL AULA,Femenino,2010-2,2016,No cotizante,Sin información,2,0,,"0,0%",NaN
1711-Universidad de la Sabana,53009-ESPECIALIZACION EN PEDAGOGIA E INVESTIGACION EN EL AULA,Femenino,2010-2,2017,Dependiente,Actividades de servicios administrativos y de apoyo,1,1,,"100,0%",NaN
1711-Universidad de la Sabana,53009-ESPECIALIZACION EN PEDAGOGIA E INVESTIGACION EN EL AULA,Femenino,2010-2,2017,Dependiente,"Actividades profesionales, científicas y técnicas",1,1,,"100,0%",NaN
1711-Universidad de la Sabana,53009-ESPECIALIZACION EN PEDAGOGIA E INVESTIGACION EN EL AULA,Femenino,2010-2,2017,Dependiente,Educación,3,3,,"100,0%",NaN
1711-Universidad de la Sabana,53009-ESPECIALIZACION EN PEDAGOGIA E INVESTIGACION EN EL AULA,Femenino,2010-2,2017,No cotizante,Sin información,2,0,,"0,0%",NaN
1711-Universidad de la Sabana,53009-ESPECIALIZACION EN PEDAGOGIA E INVESTIGACION EN EL AULA,Femenino,2010-2,2018,Dependiente,Actividades de servicios administrativos y de apoyo,1,1,,"100,0%",NaN
1711-Universidad de la Sabana,53009-ESPECIALIZACION EN PEDAGOGIA E INVESTIGACION EN EL AULA,Femenino,2010-2,2018,Dependiente,"Actividades profesionales, científicas y técnicas",1,1,,"100,0%",NaN
1711-Universidad de la Sabana,53009-ESPECIALIZACION EN PEDAGOGIA E INVESTIGACION EN EL AULA,Femenino,2010-2,2018,Dependiente,Educación,3,3,,"100,0%",NaN
1711-Universidad de la Sabana,53009-ESPECIALIZACION EN PEDAGOGIA E INVESTIGACION EN EL AULA,Femenino,2010-2,2018,No cotizante,Sin información,2,0,,"0,0%",NaN
1711-Universidad de la Sabana,53009-ESPECIALIZACION EN PEDAGOGIA E INVESTIGACION EN EL AULA,Femenino,2010-2,2019,Dependiente,"Actividades profesionales, científicas y técnicas",1,1,,"100,0%",NaN
1711-Universidad de la Sabana,53009-ESPECIALIZACION EN PEDAGOGIA E INVESTIGACION EN EL AULA,Femenino,2010-2,2019,Dependiente,Educación,3,3,,"100,0%",NaN
1711-Universidad de la Sabana,53009-ESPECIALIZACION EN PEDAGOGIA E INVESTIGACION EN EL AULA,Femenino,2010-2,2019,No cotizante,Sin información,3,0,,"0,0%",NaN
1711-Universidad de la Sabana,53009-ESPECIALIZACION EN PEDAGOGIA E INVESTIGACION EN EL AULA,Femenino,2010-2,2020,Dependiente,Educación,4,4,,"100,0%",NaN
1711-Universidad de la Sabana,53009-ESPECIALIZACION EN PEDAGOGIA E INVESTIGACION EN EL AULA,Femenino,2010-2,2020,No cotizante,Sin información,3,0,,"0,0%",NaN
1711-Universidad de la Sabana,53009-ESPECIALIZACION EN PEDAGOGIA E INVESTIGACION EN EL AULA,Femenino,2010-2,2021,Dependiente,Educación,4,4,,"100,0%",NaN
1711-Universidad de la Sabana,53009-ESPECIALIZACION EN PEDAGOGIA E INVESTIGACION EN EL AULA,Femenino,2010-2,2021,No cotizante,Sin información,3,0,,"0,0%",NaN
1711-Universidad de la Sabana,53009-ESPECIALIZACION EN PEDAGOGIA E INVESTIGACION EN EL AULA,Femenino,2010-2,2022,Dependiente,Educación,3,3,,"100,0%",NaN
1711-Universidad de la Sabana,53009-ESPECIALIZACION EN PEDAGOGIA E INVESTIGACION EN EL AULA,Femenino,2010-2,2022,Independiente,"Actividades profesionales, científicas y técnicas",1,1,,"100,0%",NaN
1711-Universidad de la Sabana,53009-ESPECIALIZACION EN PEDAGOGIA E INVESTIGACION EN EL AULA,Femenino,2010-2,2022,No cotizante,SIN DATO,3,0,,"0,0%",NaN
1711-Universidad de la Sabana,53009-ESPECIALIZACION EN PEDAGOGIA E INVESTIGACION EN EL AULA,Femenino,2010-2,2023,Dependiente,Educación,3,3,,"100,0%",NaN
1711-Universidad de la Sabana,53009-ESPECIALIZACION EN PEDAGOGIA E INVESTIGACION EN EL AULA,Femenino,2010-2,2023,Independiente,"Actividades profesionales, científicas y técnicas",1,1,,"100,0%",NaN
1711-Universidad de la Sabana,53009-ESPECIALIZACION EN PEDAGOGIA E INVESTIGACION EN EL AULA,Femenino,2010-2,2023,No cotizante,SIN DATO,3,0,,"0,0%",NaN
1711-Universidad de la Sabana,53009-ESPECIALIZACION EN PEDAGOGIA E INVESTIGACION EN EL AULA,Masculino,2010-2,2016,Dependiente,Administración pública y defensa; planes de seguridad social de afiliación obligatoria,1,1,,"100,0%",$3.183.000
1711-Universidad de la Sabana,53009-ESPECIALIZACION EN PEDAGOGIA E INVESTIGACION EN EL AULA,Masculino,2010-2,2016,Dependiente,Educación,2,2,,"100,0%",$3.604.500
1711-Universidad de la Sabana,53009-ESPECIALIZACION EN PEDAGOGIA E INVESTIGACION EN EL AULA,Masculino,2010-2,2016,Dependiente,Sin información,1,1,,"100,0%",$1.424.348
1711-Universidad de la Sabana,53009-ESPECIALIZACION EN PEDAGOGIA E INVESTIGACION EN EL AULA,Masculino,2010-2,2016,Independiente,Sin información,1,1,,"100,0%",NaN
1711-Universidad de la Sabana,53009-ESPECIALIZACION EN PEDAGOGIA E INVESTIGACION EN EL AULA,Masculino,2010-2,2016,No cotizante,Sin información,1,0,,"0,0%",NaN
1711-Universidad de la Sabana,53009-ESPECIALIZACION EN PEDAGOGIA E INVESTIGACION EN EL AULA,Masculino,2010-2,2017,Dependiente,Actividades de servicios administrativos y de apoyo,1,1,,"100,0%",NaN
1711-Universidad de la Sabana,53009-ESPECIALIZACION EN PEDAGOGIA E INVESTIGACION EN EL AULA,Masculino,2010-2,2017,Dependiente,Administración pública y defensa; planes de seguridad social de afiliación obligatoria,1,1,,"100,0%",NaN
1711-Universidad de la Sabana,53009-ESPECIALIZACION EN PEDAGOGIA E INVESTIGACION EN EL AULA,Masculino,2010-2,2017,Dependiente,Sin información,1,1,,"100,0%",NaN
1711-Universidad de la Sabana,53009-ESPECIALIZACION EN PEDAGOGIA E INVESTIGACION EN EL AULA,Masculino,2010-2,2017,Independiente,Educación,1,1,,"100,0%",NaN
1711-Universidad de la Sabana,53009-ESPECIALIZACION EN PEDAGOGIA E INVESTIGACION EN EL AULA,Masculino,2010-2,2017,Independiente,Sin información,1,1,,"100,0%",NaN
1711-Universidad de la Sabana,53009-ESPECIALIZACION EN PEDAGOGIA E INVESTIGACION EN EL AULA,Masculino,2010-2,2017,No cotizante,Sin información,1,0,,"0,0%",NaN
1711-Universidad de la Sabana,53009-ESPECIALIZACION EN PEDAGOGIA E INVESTIGACION EN EL AULA,Masculino,2010-2,2018,Dependiente,Actividades de servicios administrativos y de apoyo,1,1,,"100,0%",NaN
1711-Universidad de la Sabana,53009-ESPECIALIZACION EN PEDAGOGIA E INVESTIGACION EN EL AULA,Masculino,2010-2,2018,Dependiente,"Actividades profesionales, científicas y técnicas",1,1,,"100,0%",NaN
1711-Universidad de la Sabana,53009-ESPECIALIZACION EN PEDAGOGIA E INVESTIGACION EN EL AULA,Masculino,2010-2,2018,Dependiente,Educación,1,1,,"100,0%",NaN
1711-Universidad de la Sabana,53009-ESPECIALIZACION EN PEDAGOGIA E INVESTIGACION EN EL AULA,Masculino,2010-2,2018,Independiente,Educación,1,1,,"100,0%",NaN
1711-Universidad de la Sabana,53009-ESPECIALIZACION EN PEDAGOGIA E INVESTIGACION EN EL AULA,Masculino,2010-2,2018,Independiente,Sin información,1,1,,"100,0%",NaN
1711-Universidad de la Sabana,53009-ESPECIALIZACION EN PEDAGOGIA E INVESTIGACION EN EL AULA,Masculino,2010-2,2018,No cotizante,Sin información,1,0,,"0,0%",NaN
1711-Universidad de la Sabana,53009-ESPECIALIZACION EN PEDAGOGIA E INVESTIGACION EN EL AULA,Masculino,2010-2,2019,Dependiente,Actividades de servicios administrativos y de apoyo,1,1,,"100,0%",NaN
1711-Universidad de la Sabana,53009-ESPECIALIZACION EN PEDAGOGIA E INVESTIGACION EN EL AULA,Masculino,2010-2,2019,Dependiente,"Actividades profesionales, científicas y técnicas",1,1,,"100,0%",NaN
1711-Universidad de la Sabana,53009-ESPECIALIZACION EN PEDAGOGIA E INVESTIGACION EN EL AULA,Masculino,2010-2,2019,Dependiente,Administración pública y defensa; planes de seguridad social de afiliación obligatoria,1,1,,"100,0%",NaN
1711-Universidad de la Sabana,53009-ESPECIALIZACION EN PEDAGOGIA E INVESTIGACION EN EL AULA,Masculino,2010-2,2019,Independiente,Educación,1,1,,"100,0%",NaN
1711-Universidad de la Sabana,53009-ESPECIALIZACION EN PEDAGOGIA E INVESTIGACION EN EL AULA,Masculino,2010-2,2019,Independiente,Sin información,1,1,,"100,0%",NaN
1711-Universidad de la Sabana,53009-ESPECIALIZACION EN PEDAGOGIA E INVESTIGACION EN EL AULA,Masculino,2010-2,2019,No cotizante,Sin información,1,0,,"0,0%",NaN
1711-Universidad de la Sabana,53009-ESPECIALIZACION EN PEDAGOGIA E INVESTIGACION EN EL AULA,Masculino,2010-2,2020,Dependiente,Administración pública y defensa; planes de seguridad social de afiliación obligatoria,1,1,,"100,0%",NaN
1711-Universidad de la Sabana,53009-ESPECIALIZACION EN PEDAGOGIA E INVESTIGACION EN EL AULA,Masculino,2010-2,2020,Dependiente,Educación,1,1,,"100,0%",NaN
1711-Universidad de la Sabana,53009-ESPECIALIZACION EN PEDAGOGIA E INVESTIGACION EN EL AULA,Masculino,2010-2,2020,Independiente,"Actividades profesionales, científicas y técnicas",1,1,,"100,0%",NaN
1711-Universidad de la Sabana,53009-ESPECIALIZACION EN PEDAGOGIA E INVESTIGACION EN EL AULA,Masculino,2010-2,2020,Independiente,Educación,1,1,,"100,0%",NaN
1711-Universidad de la Sabana,53009-ESPECIALIZACION EN PEDAGOGIA E INVESTIGACION EN EL AULA,Masculino,2010-2,2020,No cotizante,Sin información,2,0,,"0,0%",NaN
1711-Universidad de la Sabana,53009-ESPECIALIZACION EN PEDAGOGIA E INVESTIGACION EN EL AULA,Masculino,2010-2,2021,Dependiente,Administración pública y defensa; planes de seguridad social de afiliación obligatoria,2,2,,"100,0%",NaN
1711-Universidad de la Sabana,53009-ESPECIALIZACION EN PEDAGOGIA E INVESTIGACION EN EL AULA,Masculino,2010-2,2021,Independiente,"Actividades profesionales, científicas y técnicas",1,1,,"100,0%",NaN
1711-Universidad de la Sabana,53009-ESPECIALIZACION EN PEDAGOGIA E INVESTIGACION EN EL AULA,Masculino,2010-2,2021,Independiente,Educación,1,1,,"100,0%",NaN
1711-Universidad de la Sabana,53009-ESPECIALIZACION EN PEDAGOGIA E INVESTIGACION EN EL AULA,Masculino,2010-2,2021,No cotizante,Sin información,2,0,,"0,0%",NaN
1711-Universidad de la Sabana,53009-ESPECIALIZACION EN PEDAGOGIA E INVESTIGACION EN EL AULA,Masculino,2010-2,2022,Dependiente,"Actividades profesionales, científicas y técnicas",1,1,,"100,0%",NaN
1711-Universidad de la Sabana,53009-ESPECIALIZACION EN PEDAGOGIA E INVESTIGACION EN EL AULA,Masculino,2010-2,2022,Dependiente,Administración pública y defensa; planes de seguridad social de afiliación obligatoria,1,1,,"100,0%",NaN
1711-Universidad de la Sabana,53009-ESPECIALIZACION EN PEDAGOGIA E INVESTIGACION EN EL AULA,Masculino,2010-2,2022,Dependiente,Educación,1,1,,"100,0%",NaN
1711-Universidad de la Sabana,53009-ESPECIALIZACION EN PEDAGOGIA E INVESTIGACION EN EL AULA,Masculino,2010-2,2022,Independiente,"Actividades profesionales, científicas y técnicas",1,1,,"100,0%",NaN
1711-Universidad de la Sabana,53009-ESPECIALIZACION EN PEDAGOGIA E INVESTIGACION EN EL AULA,Masculino,2010-2,2022,Independiente,Educación,1,1,,"100,0%",NaN
1711-Universidad de la Sabana,53009-ESPECIALIZACION EN PEDAGOGIA E INVESTIGACION EN EL AULA,Masculino,2010-2,2022,No cotizante,SIN DATO,1,0,,"0,0%",NaN
1711-Universidad de la Sabana,53009-ESPECIALIZACION EN PEDAGOGIA E INVESTIGACION EN EL AULA,Masculino,2010-2,2023,Dependiente,Administración pública y defensa; planes de seguridad social de afiliación obligatoria,1,1,,"100,0%",NaN
1711-Universidad de la Sabana,53009-ESPECIALIZACION EN PEDAGOGIA E INVESTIGACION EN EL AULA,Masculino,2010-2,2023,Independiente,Educación,1,1,,"100,0%",NaN
1711-Universidad de la Sabana,53009-ESPECIALIZACION EN PEDAGOGIA E INVESTIGACION EN EL AULA,Masculino,2010-2,2023,No cotizante,SIN DATO,3,0,,"0,0%",NaN
1208-Universidad del Quindío,"104516-CIENCIA DE LA INFORMACION Y LA DOCUMENTACION, BIBLIOTECOLOGIA Y ARCHIVISTICA",Femenino,2010-2,2017,No cotizante,Sin información,1,0,,"0,0%",NaN
1208-Universidad del Quindío,"104516-CIENCIA DE LA INFORMACION Y LA DOCUMENTACION, BIBLIOTECOLOGIA Y ARCHIVISTICA",Femenino,2010-2,2018,No cotizante,Sin información,1,0,,"0,0%",NaN
1208-Universidad del Quindío,"104516-CIENCIA DE LA INFORMACION Y LA DOCUMENTACION, BIBLIOTECOLOGIA Y ARCHIVISTICA",Femenino,2010-2,2019,No cotizante,Sin información,1,0,,"0,0%",NaN
1208-Universidad del Quindío,"104516-CIENCIA DE LA INFORMACION Y LA DOCUMENTACION, BIBLIOTECOLOGIA Y ARCHIVISTICA",Femenino,2010-2,2020,No cotizante,Sin información,1,0,,"0,0%",NaN
1208-Universidad del Quindío,"104516-CIENCIA DE LA INFORMACION Y LA DOCUMENTACION, BIBLIOTECOLOGIA Y ARCHIVISTICA",Femenino,2010-2,2021,No cotizante,Sin información,1,0,,"0,0%",NaN
1208-Universidad del Quindío,"104516-CIENCIA DE LA INFORMACION Y LA DOCUMENTACION, BIBLIOTECOLOGIA Y ARCHIVISTICA",Femenino,2010-2,2022,No cotizante,SIN DATO,1,0,,"0,0%",NaN
1208-Universidad del Quindío,"104516-CIENCIA DE LA INFORMACION Y LA DOCUMENTACION, BIBLIOTECOLOGIA Y ARCHIVISTICA",Femenino,2010-2,2023,No cotizante,SIN DATO,1,0,,"0,0%",NaN
1208-Universidad del Quindío,833-CIENCIAS DE LA INFORMACION Y LA DOCUMENTACION,Femenino,2010-2,2016,Dependiente,Actividades de atención de la salud humana y de asistencia social,2,2,,"100,0%",$2.145.500
1208-Universidad del Quindío,833-CIENCIAS DE LA INFORMACION Y LA DOCUMENTACION,Femenino,2010-2,2016,Dependiente,Actividades financieras y de seguros,1,1,,"100,0%",$3.402.000
1208-Universidad del Quindío,833-CIENCIAS DE LA INFORMACION Y LA DOCUMENTACION,Femenino,2010-2,2016,Dependiente,"Actividades profesionales, científicas y técnicas",1,1,,"100,0%",$2.577.000
1208-Universidad del Quindío,833-CIENCIAS DE LA INFORMACION Y LA DOCUMENTACION,Femenino,2010-2,2016,Dependiente,Administración pública y defensa; planes de seguridad social de afiliación obligatoria,5,5,,"100,0%",$2.995.400
1208-Universidad del Quindío,833-CIENCIAS DE LA INFORMACION Y LA DOCUMENTACION,Femenino,2010-2,2016,Dependiente,"Agricultura, ganadería, caza, silvicultura y pesca",2,2,,"100,0%",$2.130.500
1208-Universidad del Quindío,833-CIENCIAS DE LA INFORMACION Y LA DOCUMENTACION,Femenino,2010-2,2016,Dependiente,Construccion,1,1,,"100,0%",$3.886.000
1208-Universidad del Quindío,833-CIENCIAS DE LA INFORMACION Y LA DOCUMENTACION,Femenino,2010-2,2016,Dependiente,Educación,8,8,,"100,0%",$2.338.375
1208-Universidad del Quindío,833-CIENCIAS DE LA INFORMACION Y LA DOCUMENTACION,Femenino,2010-2,2016,Dependiente,Otras actividades de servicios,1,1,,"100,0%",$1.235.000
1208-Universidad del Quindío,833-CIENCIAS DE LA INFORMACION Y LA DOCUMENTACION,Femenino,2010-2,2016,Dependiente,Sin información,2,2,,"100,0%",$4.207.500
1208-Universidad del Quindío,833-CIENCIAS DE LA INFORMACION Y LA DOCUMENTACION,Femenino,2010-2,2016,Independiente,"Actividades profesionales, científicas y técnicas",1,1,,"100,0%",NaN
1208-Universidad del Quindío,833-CIENCIAS DE LA INFORMACION Y LA DOCUMENTACION,Femenino,2010-2,2016,Independiente,Información y comunicaciones,2,2,,"100,0%",NaN
1208-Universidad del Quindío,833-CIENCIAS DE LA INFORMACION Y LA DOCUMENTACION,Femenino,2010-2,2016,Independiente,Sin información,2,2,,"100,0%",NaN
1208-Universidad del Quindío,833-CIENCIAS DE LA INFORMACION Y LA DOCUMENTACION,Femenino,2010-2,2016,No cotizante,Sin información,1,0,,"0,0%",NaN
1208-Universidad del Quindío,833-CIENCIAS DE LA INFORMACION Y LA DOCUMENTACION,Femenino,2010-2,2017,Dependiente,Actividades de atención de la salud humana y de asistencia social,2,2,,"100,0%",NaN
1208-Universidad del Quindío,833-CIENCIAS DE LA INFORMACION Y LA DOCUMENTACION,Femenino,2010-2,2017,Dependiente,"Actividades profesionales, científicas y técnicas",2,2,,"100,0%",NaN
1208-Universidad del Quindío,833-CIENCIAS DE LA INFORMACION Y LA DOCUMENTACION,Femenino,2010-2,2017,Dependiente,Administración pública y defensa; planes de seguridad social de afiliación obligatoria,3,3,,"100,0%",NaN
1208-Universidad del Quindío,833-CIENCIAS DE LA INFORMACION Y LA DOCUMENTACION,Femenino,2010-2,2017,Dependiente,Comercio al por mayor y al por menor; reparación de vehículos automotores y motocicletas,1,1,,"100,0%",NaN
1208-Universidad del Quindío,833-CIENCIAS DE LA INFORMACION Y LA DOCUMENTACION,Femenino,2010-2,2017,Dependiente,Educación,9,9,,"100,0%",NaN
1208-Universidad del Quindío,833-CIENCIAS DE LA INFORMACION Y LA DOCUMENTACION,Femenino,2010-2,2017,Dependiente,Sin información,5,5,,"100,0%",NaN
1208-Universidad del Quindío,833-CIENCIAS DE LA INFORMACION Y LA DOCUMENTACION,Femenino,2010-2,2017,Independiente,"Actividades artísticas, de entretenimiento y recreación",1,1,,"100,0%",NaN
1208-Universidad del Quindío,833-CIENCIAS DE LA INFORMACION Y LA DOCUMENTACION,Femenino,2010-2,2017,Independiente,"Actividades profesionales, científicas y técnicas",2,2,,"100,0%",NaN
1208-Universidad del Quindío,833-CIENCIAS DE LA INFORMACION Y LA DOCUMENTACION,Femenino,2010-2,2017,Independiente,Sin información,2,2,,"100,0%",NaN
1208-Universidad del Quindío,833-CIENCIAS DE LA INFORMACION Y LA DOCUMENTACION,Femenino,2010-2,2017,No cotizante,Sin información,2,0,,"0,0%",NaN
1208-Universidad del Quindío,833-CIENCIAS DE LA INFORMACION Y LA DOCUMENTACION,Femenino,2010-2,2018,Dependiente,Actividades de atención de la salud humana y de asistencia social,2,2,,"100,0%",NaN
1208-Universidad del Quindío,833-CIENCIAS DE LA INFORMACION Y LA DOCUMENTACION,Femenino,2010-2,2018,Dependiente,"Actividades profesionales, científicas y técnicas",2,2,,"100,0%",NaN
1208-Universidad del Quindío,833-CIENCIAS DE LA INFORMACION Y LA DOCUMENTACION,Femenino,2010-2,2018,Dependiente,Administración pública y defensa; planes de seguridad social de afiliación obligatoria,3,3,,"100,0%",NaN
1208-Universidad del Quindío,833-CIENCIAS DE LA INFORMACION Y LA DOCUMENTACION,Femenino,2010-2,2018,Dependiente,Comercio al por mayor y al por menor; reparación de vehículos automotores y motocicletas,1,1,,"100,0%",NaN
1208-Universidad del Quindío,833-CIENCIAS DE LA INFORMACION Y LA DOCUMENTACION,Femenino,2010-2,2018,Dependiente,Educación,8,8,,"100,0%",NaN
1208-Universidad del Quindío,833-CIENCIAS DE LA INFORMACION Y LA DOCUMENTACION,Femenino,2010-2,2018,Dependiente,Sin información,3,3,,"100,0%",NaN
1208-Universidad del Quindío,833-CIENCIAS DE LA INFORMACION Y LA DOCUMENTACION,Femenino,2010-2,2018,Independiente,"Actividades artísticas, de entretenimiento y recreación",1,1,,"100,0%",NaN
1208-Universidad del Quindío,833-CIENCIAS DE LA INFORMACION Y LA DOCUMENTACION,Femenino,2010-2,2018,Independiente,"Actividades profesionales, científicas y técnicas",2,2,,"100,0%",NaN
1208-Universidad del Quindío,833-CIENCIAS DE LA INFORMACION Y LA DOCUMENTACION,Femenino,2010-2,2018,Independiente,Educación,1,1,,"100,0%",NaN
1208-Universidad del Quindío,833-CIENCIAS DE LA INFORMACION Y LA DOCUMENTACION,Femenino,2010-2,2018,Independiente,Sin información,2,2,,"100,0%",NaN
1208-Universidad del Quindío,833-CIENCIAS DE LA INFORMACION Y LA DOCUMENTACION,Femenino,2010-2,2018,No cotizante,Sin información,2,0,,"0,0%",NaN
1208-Universidad del Quindío,833-CIENCIAS DE LA INFORMACION Y LA DOCUMENTACION,Femenino,2010-2,2019,Dependiente,Actividades de atención de la salud humana y de asistencia social,1,1,,"100,0%",NaN
1208-Universidad del Quindío,833-CIENCIAS DE LA INFORMACION Y LA DOCUMENTACION,Femenino,2010-2,2019,Dependiente,"Actividades profesionales, científicas y técnicas",1,1,,"100,0%",NaN
1208-Universidad del Quindío,833-CIENCIAS DE LA INFORMACION Y LA DOCUMENTACION,Femenino,2010-2,2019,Dependiente,Administración pública y defensa; planes de seguridad social de afiliación obligatoria,6,6,,"100,0%",NaN
1208-Universidad del Quindío,833-CIENCIAS DE LA INFORMACION Y LA DOCUMENTACION,Femenino,2010-2,2019,Dependiente,Educación,7,7,,"100,0%",NaN
1208-Universidad del Quindío,833-CIENCIAS DE LA INFORMACION Y LA DOCUMENTACION,Femenino,2010-2,2019,Dependiente,Otras actividades de servicios,1,1,,"100,0%",NaN
1208-Universidad del Quindío,833-CIENCIAS DE LA INFORMACION Y LA DOCUMENTACION,Femenino,2010-2,2019,Independiente,"Actividades profesionales, científicas y técnicas",5,5,,"100,0%",NaN
1208-Universidad del Quindío,833-CIENCIAS DE LA INFORMACION Y LA DOCUMENTACION,Femenino,2010-2,2019,Independiente,Información y comunicaciones,1,1,,"100,0%",NaN
1208-Universidad del Quindío,833-CIENCIAS DE LA INFORMACION Y LA DOCUMENTACION,Femenino,2010-2,2019,Independiente,Sin información,1,1,,"100,0%",NaN
1208-Universidad del Quindío,833-CIENCIAS DE LA INFORMACION Y LA DOCUMENTACION,Femenino,2010-2,2019,No cotizante,Sin información,3,0,,"0,0%",NaN
1208-Universidad del Quindío,833-CIENCIAS DE LA INFORMACION Y LA DOCUMENTACION,Femenino,2010-2,2020,Dependiente,Actividades de atención de la salud humana y de asistencia social,1,1,,"100,0%",NaN
1208-Universidad del Quindío,833-CIENCIAS DE LA INFORMACION Y LA DOCUMENTACION,Femenino,2010-2,2020,Dependiente,"Actividades profesionales, científicas y técnicas",2,2,,"100,0%",NaN
1208-Universidad del Quindío,833-CIENCIAS DE LA INFORMACION Y LA DOCUMENTACION,Femenino,2010-2,2020,Dependiente,Administración pública y defensa; planes de seguridad social de afiliación obligatoria,3,3,,"100,0%",NaN
1208-Universidad del Quindío,833-CIENCIAS DE LA INFORMACION Y LA DOCUMENTACION,Femenino,2010-2,2020,Dependiente,"Distribución de agua; evacuación y tratamiento de aguas residuales, gestión de desechos y actividades de saneamiento ambiental",1,1,,"100,0%",NaN
1208-Universidad del Quindío,833-CIENCIAS DE LA INFORMACION Y LA DOCUMENTACION,Femenino,2010-2,2020,Dependiente,Educación,7,7,,"100,0%",NaN
1208-Universidad del Quindío,833-CIENCIAS DE LA INFORMACION Y LA DOCUMENTACION,Femenino,2010-2,2020,Dependiente,Otras actividades de servicios,1,1,,"100,0%",NaN
1208-Universidad del Quindío,833-CIENCIAS DE LA INFORMACION Y LA DOCUMENTACION,Femenino,2010-2,2020,Independiente,"Actividades profesionales, científicas y técnicas",3,3,,"100,0%",NaN
1208-Universidad del Quindío,833-CIENCIAS DE LA INFORMACION Y LA DOCUMENTACION,Femenino,2010-2,2020,Independiente,Información y comunicaciones,1,1,,"100,0%",NaN
1208-Universidad del Quindío,833-CIENCIAS DE LA INFORMACION Y LA DOCUMENTACION,Femenino,2010-2,2020,Independiente,Otras actividades de servicios,1,1,,"100,0%",NaN
1208-Universidad del Quindío,833-CIENCIAS DE LA INFORMACION Y LA DOCUMENTACION,Femenino,2010-2,2020,No cotizante,Sin información,5,0,,"0,0%",NaN
1208-Universidad del Quindío,833-CIENCIAS DE LA INFORMACION Y LA DOCUMENTACION,Femenino,2010-2,2021,Dependiente,Actividades de atención de la salud humana y de asistencia social,1,1,,"100,0%",NaN
1208-Universidad del Quindío,833-CIENCIAS DE LA INFORMACION Y LA DOCUMENTACION,Femenino,2010-2,2021,Dependiente,Actividades de servicios administrativos y de apoyo,1,1,,"100,0%",NaN
1208-Universidad del Quindío,833-CIENCIAS DE LA INFORMACION Y LA DOCUMENTACION,Femenino,2010-2,2021,Dependiente,"Actividades profesionales, científicas y técnicas",1,1,,"100,0%",NaN
1208-Universidad del Quindío,833-CIENCIAS DE LA INFORMACION Y LA DOCUMENTACION,Femenino,2010-2,2021,Dependiente,Administración pública y defensa; planes de seguridad social de afiliación obligatoria,3,3,,"100,0%",NaN
1208-Universidad del Quindío,833-CIENCIAS DE LA INFORMACION Y LA DOCUMENTACION,Femenino,2010-2,2021,Dependiente,"Distribución de agua; evacuación y tratamiento de aguas residuales, gestión de desechos y actividades de saneamiento ambiental",1,1,,"100,0%",NaN
1208-Universidad del Quindío,833-CIENCIAS DE LA INFORMACION Y LA DOCUMENTACION,Femenino,2010-2,2021,Dependiente,Educación,6,6,,"100,0%",NaN
1208-Universidad del Quindío,833-CIENCIAS DE LA INFORMACION Y LA DOCUMENTACION,Femenino,2010-2,2021,Dependiente,Otras actividades de servicios,1,1,,"100,0%",NaN
1208-Universidad del Quindío,833-CIENCIAS DE LA INFORMACION Y LA DOCUMENTACION,Femenino,2010-2,2021,Independiente,"Actividades profesionales, científicas y técnicas",3,3,,"100,0%",NaN
1208-Universidad del Quindío,833-CIENCIAS DE LA INFORMACION Y LA DOCUMENTACION,Femenino,2010-2,2021,Independiente,Otras actividades de servicios,1,1,,"100,0%",NaN
1208-Universidad del Quindío,833-CIENCIAS DE LA INFORMACION Y LA DOCUMENTACION,Femenino,2010-2,2021,No cotizante,Sin información,5,0,,"0,0%",NaN
1208-Universidad del Quindío,833-CIENCIAS DE LA INFORMACION Y LA DOCUMENTACION,Femenino,2010-2,2022,Dependiente,"Actividades artísticas, de entretenimiento y recreación",1,1,,"100,0%",NaN
1208-Universidad del Quindío,833-CIENCIAS DE LA INFORMACION Y LA DOCUMENTACION,Femenino,2010-2,2022,Dependiente,Actividades de atención de la salud humana y de asistencia social,1,1,,"100,0%",NaN
1208-Universidad del Quindío,833-CIENCIAS DE LA INFORMACION Y LA DOCUMENTACION,Femenino,2010-2,2022,Dependiente,"Actividades profesionales, científicas y técnicas",1,1,,"100,0%",NaN
1208-Universidad del Quindío,833-CIENCIAS DE LA INFORMACION Y LA DOCUMENTACION,Femenino,2010-2,2022,Dependiente,Administración pública y defensa; planes de seguridad social de afiliación obligatoria,3,3,,"100,0%",NaN
1208-Universidad del Quindío,833-CIENCIAS DE LA INFORMACION Y LA DOCUMENTACION,Femenino,2010-2,2022,Dependiente,"Distribución de agua; evacuación y tratamiento de aguas residuales, gestión de desechos y actividades de saneamiento ambiental",1,1,,"100,0%",NaN
1208-Universidad del Quindío,833-CIENCIAS DE LA INFORMACION Y LA DOCUMENTACION,Femenino,2010-2,2022,Dependiente,Educación,4,4,,"100,0%",NaN
1208-Universidad del Quindío,833-CIENCIAS DE LA INFORMACION Y LA DOCUMENTACION,Femenino,2010-2,2022,Dependiente,Industrias manufactureras,1,1,,"100,0%",NaN
1208-Universidad del Quindío,833-CIENCIAS DE LA INFORMACION Y LA DOCUMENTACION,Femenino,2010-2,2022,Dependiente,Información y comunicaciones,1,1,,"100,0%",NaN
1208-Universidad del Quindío,833-CIENCIAS DE LA INFORMACION Y LA DOCUMENTACION,Femenino,2010-2,2022,Dependiente,Otras actividades de servicios,1,1,,"100,0%",NaN
1208-Universidad del Quindío,833-CIENCIAS DE LA INFORMACION Y LA DOCUMENTACION,Femenino,2010-2,2022,Independiente,"Actividades profesionales, científicas y técnicas",1,1,,"100,0%",NaN
1208-Universidad del Quindío,833-CIENCIAS DE LA INFORMACION Y LA DOCUMENTACION,Femenino,2010-2,2022,No cotizante,SIN DATO,8,0,,"0,0%",NaN
1208-Universidad del Quindío,833-CIENCIAS DE LA INFORMACION Y LA DOCUMENTACION,Femenino,2010-2,2023,Dependiente,Actividades de atención de la salud humana y de asistencia social,1,1,,"100,0%",NaN
1208-Universidad del Quindío,833-CIENCIAS DE LA INFORMACION Y LA DOCUMENTACION,Femenino,2010-2,2023,Dependiente,"Actividades profesionales, científicas y técnicas",1,1,,"100,0%",NaN
1208-Universidad del Quindío,833-CIENCIAS DE LA INFORMACION Y LA DOCUMENTACION,Femenino,2010-2,2023,Dependiente,Administración pública y defensa; planes de seguridad social de afiliación obligatoria,3,3,,"100,0%",NaN
1208-Universidad del Quindío,833-CIENCIAS DE LA INFORMACION Y LA DOCUMENTACION,Femenino,2010-2,2023,Dependiente,"Distribución de agua; evacuación y tratamiento de aguas residuales, gestión de desechos y actividades de saneamiento ambiental",1,1,,"100,0%",NaN
1208-Universidad del Quindío,833-CIENCIAS DE LA INFORMACION Y LA DOCUMENTACION,Femenino,2010-2,2023,Dependiente,Educación,5,5,,"100,0%",NaN
1208-Universidad del Quindío,833-CIENCIAS DE LA INFORMACION Y LA DOCUMENTACION,Femenino,2010-2,2023,Dependiente,Industrias manufactureras,1,1,,"100,0%",NaN
1208-Universidad del Quindío,833-CIENCIAS DE LA INFORMACION Y LA DOCUMENTACION,Femenino,2010-2,2023,Dependiente,Otras actividades de servicios,1,1,,"100,0%",NaN
1208-Universidad del Quindío,833-CIENCIAS DE LA INFORMACION Y LA DOCUMENTACION,Femenino,2010-2,2023,Independiente,"Actividades profesionales, científicas y técnicas",1,1,,"100,0%",NaN
1208-Universidad del Quindío,833-CIENCIAS DE LA INFORMACION Y LA DOCUMENTACION,Femenino,2010-2,2023,Independiente,Administración pública y defensa; planes de seguridad social de afiliación obligatoria,1,1,,"100,0%",NaN
1208-Universidad del Quindío,833-CIENCIAS DE LA INFORMACION Y LA DOCUMENTACION,Femenino,2010-2,2023,Independiente,Información y comunicaciones,1,1,,"100,0%",NaN
1208-Universidad del Quindío,833-CIENCIAS DE LA INFORMACION Y LA DOCUMENTACION,Femenino,2010-2,2023,No cotizante,SIN DATO,7,0,,"0,0%",NaN
1208-Universidad del Quindío,833-CIENCIAS DE LA INFORMACION Y LA DOCUMENTACION,Masculino,2010-2,2016,Dependiente,Educación,3,3,,"100,0%",$2.729.667
1208-Universidad del Quindío,833-CIENCIAS DE LA INFORMACION Y LA DOCUMENTACION,Masculino,2010-2,2016,No cotizante,Sin información,1,0,,"0,0%",NaN
1208-Universidad del Quindío,833-CIENCIAS DE LA INFORMACION Y LA DOCUMENTACION,Masculino,2010-2,2017,Dependiente,Educación,3,3,,"100,0%",NaN
1208-Universidad del Quindío,833-CIENCIAS DE LA INFORMACION Y LA DOCUMENTACION,Masculino,2010-2,2017,No cotizante,Sin información,1,0,,"0,0%",NaN
1208-Universidad del Quindío,833-CIENCIAS DE LA INFORMACION Y LA DOCUMENTACION,Masculino,2010-2,2018,Dependiente,Educación,3,3,,"100,0%",NaN
1208-Universidad del Quindío,833-CIENCIAS DE LA INFORMACION Y LA DOCUMENTACION,Masculino,2010-2,2018,No cotizante,Sin información,1,0,,"0,0%",NaN
1208-Universidad del Quindío,833-CIENCIAS DE LA INFORMACION Y LA DOCUMENTACION,Masculino,2010-2,2019,Dependiente,Educación,3,3,,"100,0%",NaN
1208-Universidad del Quindío,833-CIENCIAS DE LA INFORMACION Y LA DOCUMENTACION,Masculino,2010-2,2019,No cotizante,Sin información,1,0,,"0,0%",NaN
1208-Universidad del Quindío,833-CIENCIAS DE LA INFORMACION Y LA DOCUMENTACION,Masculino,2010-2,2020,Dependiente,Educación,3,3,,"100,0%",NaN
1208-Universidad del Quindío,833-CIENCIAS DE LA INFORMACION Y LA DOCUMENTACION,Masculino,2010-2,2020,No cotizante,Sin información,1,0,,"0,0%",NaN
1208-Universidad del Quindío,833-CIENCIAS DE LA INFORMACION Y LA DOCUMENTACION,Masculino,2010-2,2021,Dependiente,Educación,2,2,,"100,0%",NaN
1208-Universidad del Quindío,833-CIENCIAS DE LA INFORMACION Y LA DOCUMENTACION,Masculino,2010-2,2021,Independiente,Educación,1,1,,"100,0%",NaN
1208-Universidad del Quindío,833-CIENCIAS DE LA INFORMACION Y LA DOCUMENTACION,Masculino,2010-2,2021,No cotizante,Sin información,1,0,,"0,0%",NaN
1208-Universidad del Quindío,833-CIENCIAS DE LA INFORMACION Y LA DOCUMENTACION,Masculino,2010-2,2022,Dependiente,Educación,2,2,,"100,0%",NaN
1208-Universidad del Quindío,833-CIENCIAS DE LA INFORMACION Y LA DOCUMENTACION,Masculino,2010-2,2022,Independiente,Educación,1,1,,"100,0%",NaN
1208-Universidad del Quindío,833-CIENCIAS DE LA INFORMACION Y LA DOCUMENTACION,Masculino,2010-2,2022,No cotizante,SIN DATO,1,0,,"0,0%",NaN
1208-Universidad del Quindío,833-CIENCIAS DE LA INFORMACION Y LA DOCUMENTACION,Masculino,2010-2,2023,Dependiente,Educación,2,2,,"100,0%",NaN
1208-Universidad del Quindío,833-CIENCIAS DE LA INFORMACION Y LA DOCUMENTACION,Masculino,2010-2,2023,Independiente,"Actividades artísticas, de entretenimiento y recreación",1,1,,"100,0%",NaN
1208-Universidad del Quindío,833-CIENCIAS DE LA INFORMACION Y LA DOCUMENTACION,Masculino,2010-2,2023,No cotizante,SIN DATO,1,0,,"0,0%",NaN
