,,,,,,,Lugar de grado,,Medidas,,
,,,,,,,País,,Medidas,,
Instituciones,Programa,Sexo,Periodo graduación,Año de corte,Tipo de cotizante,Sector económico,Colombia,,,,
Código institución,Código programa,Sexo,Semestre,Año,Tipo de cotizante,Sección,Graduados,Graduados que cotizan,,Tasa de cotizantes,IBC estimado
2829-Corporación Universitaria Minuto de Dios - UNIMINUTO,12165-ESPECIALIZACION EN DISEÑO DE AMBIENTES DE APRENDIZAJE,Femenino,2009-1,2016,Dependiente,Educación,1,1,,"100,0%",$3.479.000
2829-Corporación Universitaria Minuto de Dios - UNIMINUTO,12165-ESPECIALIZACION EN DISEÑO DE AMBIENTES DE APRENDIZAJE,Femenino,2009-1,2017,Dependiente,Educación,1,1,,"100,0%",NaN
2829-Corporación Universitaria Minuto de Dios - UNIMINUTO,12165-ESPECIALIZACION EN DISEÑO DE AMBIENTES DE APRENDIZAJE,Femenino,2009-1,2018,Dependiente,Educación,1,1,,"100,0%",NaN
2829-Corporación Universitaria Minuto de Dios - UNIMINUTO,12165-ESPECIALIZACION EN DISEÑO DE AMBIENTES DE APRENDIZAJE,Femenino,2009-1,2019,Dependiente,Educación,1,1,,"100,0%",NaN
2829-Corporación Universitaria Minuto de Dios - UNIMINUTO,12165-ESPECIALIZACION EN DISEÑO DE AMBIENTES DE APRENDIZAJE,Femenino,2009-1,2020,Independiente,"Actividades profesionales, científicas y técnicas",1,1,,"100,0%",NaN
2829-Corporación Universitaria Minuto de Dios - UNIMINUTO,12165-ESPECIALIZACION EN DISEÑO DE AMBIENTES DE APRENDIZAJE,Femenino,2009-1,2021,Independiente,"Actividades profesionales, científicas y técnicas",1,1,,"100,0%",NaN
2829-Corporación Universitaria Minuto de Dios - UNIMINUTO,12165-ESPECIALIZACION EN DISEÑO DE AMBIENTES DE APRENDIZAJE,Femenino,2009-1,2022,Independiente,Educación,1,1,,"100,0%",NaN
2829-Corporación Universitaria Minuto de Dios - UNIMINUTO,12165-ESPECIALIZACION EN DISEÑO DE AMBIENTES DE APRENDIZAJE,Femenino,2009-1,2023,Independiente,Educación,1,1,,"100,0%",NaN
2829-Corporación Universitaria Minuto de Dios - UNIMINUTO,12165-ESPECIALIZACION EN DISEÑO DE AMBIENTES DE APRENDIZAJE,Masculino,2009-1,2016,Dependiente,Educación,2,2,,"100,0%",$9.503.500
2829-Corporación Universitaria Minuto de Dios - UNIMINUTO,12165-ESPECIALIZACION EN DISEÑO DE AMBIENTES DE APRENDIZAJE,Masculino,2009-1,2016,Independiente,Sin información,1,1,,"100,0%",NaN
2829-Corporación Universitaria Minuto de Dios - UNIMINUTO,12165-ESPECIALIZACION EN DISEÑO DE AMBIENTES DE APRENDIZAJE,Masculino,2009-1,2017,Dependiente,Educación,2,2,,"100,0%",NaN
2829-Corporación Universitaria Minuto de Dios - UNIMINUTO,12165-ESPECIALIZACION EN DISEÑO DE AMBIENTES DE APRENDIZAJE,Masculino,2009-1,2017,No cotizante,Sin información,1,0,,"0,0%",NaN
2829-Corporación Universitaria Minuto de Dios - UNIMINUTO,12165-ESPECIALIZACION EN DISEÑO DE AMBIENTES DE APRENDIZAJE,Masculino,2009-1,2018,Dependiente,Educación,2,2,,"100,0%",NaN
2829-Corporación Universitaria Minuto de Dios - UNIMINUTO,12165-ESPECIALIZACION EN DISEÑO DE AMBIENTES DE APRENDIZAJE,Masculino,2009-1,2018,No cotizante,Sin información,1,0,,"0,0%",NaN
2829-Corporación Universitaria Minuto de Dios - UNIMINUTO,12165-ESPECIALIZACION EN DISEÑO DE AMBIENTES DE APRENDIZAJE,Masculino,2009-1,2019,Dependiente,Educación,2,2,,"100,0%",NaN
2829-Corporación Universitaria Minuto de Dios - UNIMINUTO,12165-ESPECIALIZACION EN DISEÑO DE AMBIENTES DE APRENDIZAJE,Masculino,2009-1,2019,No cotizante,Sin información,1,0,,"0,0%",NaN
2829-Corporación Universitaria Minuto de Dios - UNIMINUTO,12165-ESPECIALIZACION EN DISEÑO DE AMBIENTES DE APRENDIZAJE,Masculino,2009-1,2020,Dependiente,Educación,1,1,,"100,0%",NaN
2829-Corporación Universitaria Minuto de Dios - UNIMINUTO,12165-ESPECIALIZACION EN DISEÑO DE AMBIENTES DE APRENDIZAJE,Masculino,2009-1,2020,No cotizante,Sin información,2,0,,"0,0%",NaN
2829-Corporación Universitaria Minuto de Dios - UNIMINUTO,12165-ESPECIALIZACION EN DISEÑO DE AMBIENTES DE APRENDIZAJE,Masculino,2009-1,2021,Independiente,Transporte y almacenamiento,1,1,,"100,0%",NaN
2829-Corporación Universitaria Minuto de Dios - UNIMINUTO,12165-ESPECIALIZACION EN DISEÑO DE AMBIENTES DE APRENDIZAJE,Masculino,2009-1,2021,No cotizante,Sin información,2,0,,"0,0%",NaN
2829-Corporación Universitaria Minuto de Dios - UNIMINUTO,12165-ESPECIALIZACION EN DISEÑO DE AMBIENTES DE APRENDIZAJE,Masculino,2009-1,2022,Independiente,Transporte y almacenamiento,1,1,,"100,0%",NaN
2829-Corporación Universitaria Minuto de Dios - UNIMINUTO,12165-ESPECIALIZACION EN DISEÑO DE AMBIENTES DE APRENDIZAJE,Masculino,2009-1,2022,No cotizante,SIN DATO,2,0,,"0,0%",NaN
2829-Corporación Universitaria Minuto de Dios - UNIMINUTO,12165-ESPECIALIZACION EN DISEÑO DE AMBIENTES DE APRENDIZAJE,Masculino,2009-1,2023,No cotizante,SIN DATO,3,0,,"0,0%",NaN
2727-Fundación Universitaria - CEIPA,52092-ADMINISTRACION DE EMPRESAS,Femenino,2009-1,2017,No cotizante,Sin información,1,0,,"0,0%",NaN
2727-Fundación Universitaria - CEIPA,52092-ADMINISTRACION DE EMPRESAS,Femenino,2009-1,2018,No cotizante,Sin información,1,0,,"0,0%",NaN
2727-Fundación Universitaria - CEIPA,52092-ADMINISTRACION DE EMPRESAS,Femenino,2009-1,2019,No cotizante,Sin información,1,0,,"0,0%",NaN
2727-Fundación Universitaria - CEIPA,52092-ADMINISTRACION DE EMPRESAS,Femenino,2009-1,2020,No cotizante,Sin información,2,0,,"0,0%",NaN
2727-Fundación Universitaria - CEIPA,52092-ADMINISTRACION DE EMPRESAS,Femenino,2009-1,2021,No cotizante,Sin información,2,0,,"0,0%",NaN
2727-Fundación Universitaria - CEIPA,52092-ADMINISTRACION DE EMPRESAS,Femenino,2009-1,2022,No cotizante,SIN DATO,2,0,,"0,0%",NaN
2727-Fundación Universitaria - CEIPA,52092-ADMINISTRACION DE EMPRESAS,Femenino,2009-1,2023,No cotizante,SIN DATO,2,0,,"0,0%",NaN
2732-Fundación Universitaria Católica del Norte,11361-ADMINISTRACION AMBIENTAL,Femenino,2009-1,2016,Dependiente,Construccion,1,1,,"100,0%",$745.000
2732-Fundación Universitaria Católica del Norte,11361-ADMINISTRACION AMBIENTAL,Femenino,2009-1,2017,Dependiente,Sin información,1,1,,"100,0%",NaN
2732-Fundación Universitaria Católica del Norte,11361-ADMINISTRACION AMBIENTAL,Femenino,2009-1,2018,No cotizante,Sin información,1,0,,"0,0%",NaN
2732-Fundación Universitaria Católica del Norte,11361-ADMINISTRACION AMBIENTAL,Femenino,2009-1,2019,No cotizante,Sin información,1,0,,"0,0%",NaN
2732-Fundación Universitaria Católica del Norte,11361-ADMINISTRACION AMBIENTAL,Femenino,2009-1,2020,No cotizante,Sin información,1,0,,"0,0%",NaN
2732-Fundación Universitaria Católica del Norte,11361-ADMINISTRACION AMBIENTAL,Femenino,2009-1,2021,No cotizante,Sin información,1,0,,"0,0%",NaN
2732-Fundación Universitaria Católica del Norte,11361-ADMINISTRACION AMBIENTAL,Femenino,2009-1,2022,No cotizante,SIN DATO,1,0,,"0,0%",NaN
2732-Fundación Universitaria Católica del Norte,11361-ADMINISTRACION AMBIENTAL,Femenino,2009-1,2023,No cotizante,SIN DATO,1,0,,"0,0%",NaN
2732-Fundación Universitaria Católica del Norte,11361-ADMINISTRACION AMBIENTAL,Masculino,2009-1,2016,Dependiente,Industrias manufactureras,1,1,,"100,0%",$2.450.000
2732-Fundación Universitaria Católica del Norte,11361-ADMINISTRACION AMBIENTAL,Masculino,2009-1,2017,Dependiente,Industrias manufactureras,1,1,,"100,0%",NaN
2732-Fundación Universitaria Católica del Norte,11361-ADMINISTRACION AMBIENTAL,Masculino,2009-1,2018,Dependiente,Industrias manufactureras,1,1,,"100,0%",NaN
2732-Fundación Universitaria Católica del Norte,11361-ADMINISTRACION AMBIENTAL,Masculino,2009-1,2019,No cotizante,Sin información,1,0,,"0,0%",NaN
2732-Fundación Universitaria Católica del Norte,11361-ADMINISTRACION AMBIENTAL,Masculino,2009-1,2020,No cotizante,Sin información,1,0,,"0,0%",NaN
2732-Fundación Universitaria Católica del Norte,11361-ADMINISTRACION AMBIENTAL,Masculino,2009-1,2021,No cotizante,Sin información,1,0,,"0,0%",NaN
2732-Fundación Universitaria Católica del Norte,11361-ADMINISTRACION AMBIENTAL,Masculino,2009-1,2022,No cotizante,SIN DATO,1,0,,"0,0%",NaN
2732-Fundación Universitaria Católica del Norte,11361-ADMINISTRACION AMBIENTAL,Masculino,2009-1,2023,No cotizante,SIN DATO,1,0,,"0,0%",NaN
2732-Fundación Universitaria Católica del Norte,9809-ADMINISTRACION DE EMPRESAS,Femenino,2009-1,2016,Dependiente,Actividades de servicios administrativos y de apoyo,1,1,,"100,0%",$1.161.000
2732-Fundación Universitaria Católica del Norte,9809-ADMINISTRACION DE EMPRESAS,Femenino,2009-1,2016,Dependiente,"Actividades profesionales, científicas y técnicas",2,2,,"100,0%",$2.498.000
2732-Fundación Universitaria Católica del Norte,9809-ADMINISTRACION DE EMPRESAS,Femenino,2009-1,2016,Dependiente,Administración pública y defensa; planes de seguridad social de afiliación obligatoria,2,2,,"100,0%",$2.138.500
2732-Fundación Universitaria Católica del Norte,9809-ADMINISTRACION DE EMPRESAS,Femenino,2009-1,2016,Dependiente,Educación,1,1,,"100,0%",$2.155.714
2732-Fundación Universitaria Católica del Norte,9809-ADMINISTRACION DE EMPRESAS,Femenino,2009-1,2016,Dependiente,Transporte y almacenamiento,1,1,,"100,0%",$689.455
2732-Fundación Universitaria Católica del Norte,9809-ADMINISTRACION DE EMPRESAS,Femenino,2009-1,2016,No cotizante,Sin información,2,0,,"0,0%",NaN
2732-Fundación Universitaria Católica del Norte,9809-ADMINISTRACION DE EMPRESAS,Femenino,2009-1,2017,Dependiente,Actividades de atención de la salud humana y de asistencia social,1,1,,"100,0%",NaN
2732-Fundación Universitaria Católica del Norte,9809-ADMINISTRACION DE EMPRESAS,Femenino,2009-1,2017,Dependiente,Administración pública y defensa; planes de seguridad social de afiliación obligatoria,2,2,,"100,0%",NaN
2732-Fundación Universitaria Católica del Norte,9809-ADMINISTRACION DE EMPRESAS,Femenino,2009-1,2017,Dependiente,Educación,1,1,,"100,0%",NaN
2732-Fundación Universitaria Católica del Norte,9809-ADMINISTRACION DE EMPRESAS,Femenino,2009-1,2017,Dependiente,"Suministro de electricidad, gas, vapor y aire acondicionado",1,1,,"100,0%",NaN
2732-Fundación Universitaria Católica del Norte,9809-ADMINISTRACION DE EMPRESAS,Femenino,2009-1,2017,Independiente,Sin información,1,1,,"100,0%",NaN
2732-Fundación Universitaria Católica del Norte,9809-ADMINISTRACION DE EMPRESAS,Femenino,2009-1,2017,Independiente,Transporte y almacenamiento,1,1,,"100,0%",NaN
2732-Fundación Universitaria Católica del Norte,9809-ADMINISTRACION DE EMPRESAS,Femenino,2009-1,2017,No cotizante,Sin información,2,0,,"0,0%",NaN
2732-Fundación Universitaria Católica del Norte,9809-ADMINISTRACION DE EMPRESAS,Femenino,2009-1,2018,Dependiente,Actividades de atención de la salud humana y de asistencia social,1,1,,"100,0%",NaN
2732-Fundación Universitaria Católica del Norte,9809-ADMINISTRACION DE EMPRESAS,Femenino,2009-1,2018,Dependiente,Administración pública y defensa; planes de seguridad social de afiliación obligatoria,1,1,,"100,0%",NaN
2732-Fundación Universitaria Católica del Norte,9809-ADMINISTRACION DE EMPRESAS,Femenino,2009-1,2018,Dependiente,"Suministro de electricidad, gas, vapor y aire acondicionado",1,1,,"100,0%",NaN
2732-Fundación Universitaria Católica del Norte,9809-ADMINISTRACION DE EMPRESAS,Femenino,2009-1,2018,Independiente,Otras actividades de servicios,1,1,,"100,0%",NaN
2732-Fundación Universitaria Católica del Norte,9809-ADMINISTRACION DE EMPRESAS,Femenino,2009-1,2018,Independiente,Sin información,1,1,,"100,0%",NaN
2732-Fundación Universitaria Católica del Norte,9809-ADMINISTRACION DE EMPRESAS,Femenino,2009-1,2018,Independiente,Transporte y almacenamiento,1,1,,"100,0%",NaN
2732-Fundación Universitaria Católica del Norte,9809-ADMINISTRACION DE EMPRESAS,Femenino,2009-1,2018,No cotizante,Sin información,2,0,,"0,0%",NaN
2732-Fundación Universitaria Católica del Norte,9809-ADMINISTRACION DE EMPRESAS,Femenino,2009-1,2019,Dependiente,"Actividades profesionales, científicas y técnicas",1,1,,"100,0%",NaN
2732-Fundación Universitaria Católica del Norte,9809-ADMINISTRACION DE EMPRESAS,Femenino,2009-1,2019,Dependiente,Administración pública y defensa; planes de seguridad social de afiliación obligatoria,1,1,,"100,0%",NaN
2732-Fundación Universitaria Católica del Norte,9809-ADMINISTRACION DE EMPRESAS,Femenino,2009-1,2019,Dependiente,"Suministro de electricidad, gas, vapor y aire acondicionado",1,1,,"100,0%",NaN
2732-Fundación Universitaria Católica del Norte,9809-ADMINISTRACION DE EMPRESAS,Femenino,2009-1,2019,Independiente,Administración pública y defensa; planes de seguridad social de afiliación obligatoria,1,1,,"100,0%",NaN
2732-Fundación Universitaria Católica del Norte,9809-ADMINISTRACION DE EMPRESAS,Femenino,2009-1,2019,Independiente,Transporte y almacenamiento,1,1,,"100,0%",NaN
2732-Fundación Universitaria Católica del Norte,9809-ADMINISTRACION DE EMPRESAS,Femenino,2009-1,2019,No cotizante,Sin información,2,0,,"0,0%",NaN
2732-Fundación Universitaria Católica del Norte,9809-ADMINISTRACION DE EMPRESAS,Femenino,2009-1,2020,Dependiente,"Actividades profesionales, científicas y técnicas",1,1,,"100,0%",NaN
2732-Fundación Universitaria Católica del Norte,9809-ADMINISTRACION DE EMPRESAS,Femenino,2009-1,2020,Dependiente,Administración pública y defensa; planes de seguridad social de afiliación obligatoria,1,1,,"100,0%",NaN
2732-Fundación Universitaria Católica del Norte,9809-ADMINISTRACION DE EMPRESAS,Femenino,2009-1,2020,Independiente,Administración pública y defensa; planes de seguridad social de afiliación obligatoria,1,1,,"100,0%",NaN
2732-Fundación Universitaria Católica del Norte,9809-ADMINISTRACION DE EMPRESAS,Femenino,2009-1,2020,Independiente,Industrias manufactureras,1,1,,"100,0%",NaN
2732-Fundación Universitaria Católica del Norte,9809-ADMINISTRACION DE EMPRESAS,Femenino,2009-1,2020,No cotizante,Sin información,2,0,,"0,0%",NaN
2732-Fundación Universitaria Católica del Norte,9809-ADMINISTRACION DE EMPRESAS,Femenino,2009-1,2021,Dependiente,Administración pública y defensa; planes de seguridad social de afiliación obligatoria,1,1,,"100,0%",NaN
2732-Fundación Universitaria Católica del Norte,9809-ADMINISTRACION DE EMPRESAS,Femenino,2009-1,2021,Dependiente,"Suministro de electricidad, gas, vapor y aire acondicionado",1,1,,"100,0%",NaN
2732-Fundación Universitaria Católica del Norte,9809-ADMINISTRACION DE EMPRESAS,Femenino,2009-1,2021,Independiente,Administración pública y defensa; planes de seguridad social de afiliación obligatoria,1,1,,"100,0%",NaN
2732-Fundación Universitaria Católica del Norte,9809-ADMINISTRACION DE EMPRESAS,Femenino,2009-1,2021,Independiente,Industrias manufactureras,1,1,,"100,0%",NaN
2732-Fundación Universitaria Católica del Norte,9809-ADMINISTRACION DE EMPRESAS,Femenino,2009-1,2021,No cotizante,Sin información,2,0,,"0,0%",NaN
2732-Fundación Universitaria Católica del Norte,9809-ADMINISTRACION DE EMPRESAS,Femenino,2009-1,2022,Dependiente,"Actividades profesionales, científicas y técnicas",1,1,,"100,0%",NaN
2732-Fundación Universitaria Católica del Norte,9809-ADMINISTRACION DE EMPRESAS,Femenino,2009-1,2022,Dependiente,Administración pública y defensa; planes de seguridad social de afiliación obligatoria,1,1,,"100,0%",NaN
2732-Fundación Universitaria Católica del Norte,9809-ADMINISTRACION DE EMPRESAS,Femenino,2009-1,2022,Independiente,Industrias manufactureras,1,1,,"100,0%",NaN
2732-Fundación Universitaria Católica del Norte,9809-ADMINISTRACION DE EMPRESAS,Femenino,2009-1,2022,No cotizante,SIN DATO,2,0,,"0,0%",NaN
2732-Fundación Universitaria Católica del Norte,9809-ADMINISTRACION DE EMPRESAS,Femenino,2009-1,2023,Dependiente,Administración pública y defensa; planes de seguridad social de afiliación obligatoria,1,1,,"100,0%",NaN
2732-Fundación Universitaria Católica del Norte,9809-ADMINISTRACION DE EMPRESAS,Femenino,2009-1,2023,Dependiente,"Suministro de electricidad, gas, vapor y aire acondicionado",1,1,,"100,0%",NaN
2732-Fundación Universitaria Católica del Norte,9809-ADMINISTRACION DE EMPRESAS,Femenino,2009-1,2023,Independiente,Industrias manufactureras,1,1,,"100,0%",NaN
2732-Fundación Universitaria Católica del Norte,9809-ADMINISTRACION DE EMPRESAS,Femenino,2009-1,2023,No cotizante,SIN DATO,2,0,,"0,0%",NaN
2732-Fundación Universitaria Católica del Norte,9809-ADMINISTRACION DE EMPRESAS,Masculino,2009-1,2016,Dependiente,"Actividades profesionales, científicas y técnicas",1,1,,"100,0%",$2.499.000
2732-Fundación Universitaria Católica del Norte,9809-ADMINISTRACION DE EMPRESAS,Masculino,2009-1,2016,Dependiente,Explotación de minas y canteras,1,1,,"100,0%",$8.316.000
2732-Fundación Universitaria Católica del Norte,9809-ADMINISTRACION DE EMPRESAS,Masculino,2009-1,2016,Independiente,"Agricultura, ganadería, caza, silvicultura y pesca",1,1,,"100,0%",NaN
2732-Fundación Universitaria Católica del Norte,9809-ADMINISTRACION DE EMPRESAS,Masculino,2009-1,2016,Independiente,Educación,1,1,,"100,0%",NaN
2732-Fundación Universitaria Católica del Norte,9809-ADMINISTRACION DE EMPRESAS,Masculino,2009-1,2016,No cotizante,Sin información,2,0,,"0,0%",NaN
2732-Fundación Universitaria Católica del Norte,9809-ADMINISTRACION DE EMPRESAS,Masculino,2009-1,2017,Dependiente,Actividades de servicios administrativos y de apoyo,1,1,,"100,0%",NaN
2732-Fundación Universitaria Católica del Norte,9809-ADMINISTRACION DE EMPRESAS,Masculino,2009-1,2017,Dependiente,Explotación de minas y canteras,1,1,,"100,0%",NaN
2732-Fundación Universitaria Católica del Norte,9809-ADMINISTRACION DE EMPRESAS,Masculino,2009-1,2017,Independiente,"Agricultura, ganadería, caza, silvicultura y pesca",1,1,,"100,0%",NaN
2732-Fundación Universitaria Católica del Norte,9809-ADMINISTRACION DE EMPRESAS,Masculino,2009-1,2017,Independiente,Sin información,1,1,,"100,0%",NaN
2732-Fundación Universitaria Católica del Norte,9809-ADMINISTRACION DE EMPRESAS,Masculino,2009-1,2017,No cotizante,Sin información,2,0,,"0,0%",NaN
2732-Fundación Universitaria Católica del Norte,9809-ADMINISTRACION DE EMPRESAS,Masculino,2009-1,2018,Dependiente,"Actividades profesionales, científicas y técnicas",1,1,,"100,0%",NaN
2732-Fundación Universitaria Católica del Norte,9809-ADMINISTRACION DE EMPRESAS,Masculino,2009-1,2018,Dependiente,Explotación de minas y canteras,1,1,,"100,0%",NaN
2732-Fundación Universitaria Católica del Norte,9809-ADMINISTRACION DE EMPRESAS,Masculino,2009-1,2018,Independiente,"Agricultura, ganadería, caza, silvicultura y pesca",1,1,,"100,0%",NaN
2732-Fundación Universitaria Católica del Norte,9809-ADMINISTRACION DE EMPRESAS,Masculino,2009-1,2018,Independiente,Sin información,1,1,,"100,0%",NaN
2732-Fundación Universitaria Católica del Norte,9809-ADMINISTRACION DE EMPRESAS,Masculino,2009-1,2018,No cotizante,Sin información,2,0,,"0,0%",NaN
2732-Fundación Universitaria Católica del Norte,9809-ADMINISTRACION DE EMPRESAS,Masculino,2009-1,2019,Dependiente,Actividades financieras y de seguros,1,1,,"100,0%",NaN
2732-Fundación Universitaria Católica del Norte,9809-ADMINISTRACION DE EMPRESAS,Masculino,2009-1,2019,Dependiente,Explotación de minas y canteras,1,1,,"100,0%",NaN
2732-Fundación Universitaria Católica del Norte,9809-ADMINISTRACION DE EMPRESAS,Masculino,2009-1,2019,Independiente,Administración pública y defensa; planes de seguridad social de afiliación obligatoria,1,1,,"100,0%",NaN
2732-Fundación Universitaria Católica del Norte,9809-ADMINISTRACION DE EMPRESAS,Masculino,2009-1,2019,Independiente,"Agricultura, ganadería, caza, silvicultura y pesca",1,1,,"100,0%",NaN
2732-Fundación Universitaria Católica del Norte,9809-ADMINISTRACION DE EMPRESAS,Masculino,2009-1,2019,No cotizante,Sin información,2,0,,"0,0%",NaN
2732-Fundación Universitaria Católica del Norte,9809-ADMINISTRACION DE EMPRESAS,Masculino,2009-1,2020,Dependiente,Actividades de servicios administrativos y de apoyo,1,1,,"100,0%",NaN
2732-Fundación Universitaria Católica del Norte,9809-ADMINISTRACION DE EMPRESAS,Masculino,2009-1,2020,Dependiente,Explotación de minas y canteras,1,1,,"100,0%",NaN
2732-Fundación Universitaria Católica del Norte,9809-ADMINISTRACION DE EMPRESAS,Masculino,2009-1,2020,Independiente,Administración pública y defensa; planes de seguridad social de afiliación obligatoria,1,1,,"100,0%",NaN
2732-Fundación Universitaria Católica del Norte,9809-ADMINISTRACION DE EMPRESAS,Masculino,2009-1,2020,Independiente,"Agricultura, ganadería, caza, silvicultura y pesca",1,1,,"100,0%",NaN
2732-Fundación Universitaria Católica del Norte,9809-ADMINISTRACION DE EMPRESAS,Masculino,2009-1,2020,No cotizante,Sin información,2,0,,"0,0%",NaN
2732-Fundación Universitaria Católica del Norte,9809-ADMINISTRACION DE EMPRESAS,Masculino,2009-1,2021,Dependiente,Actividades de servicios administrativos y de apoyo,1,1,,"100,0%",NaN
2732-Fundación Universitaria Católica del Norte,9809-ADMINISTRACION DE EMPRESAS,Masculino,2009-1,2021,Dependiente,Explotación de minas y canteras,1,1,,"100,0%",NaN
2732-Fundación Universitaria Católica del Norte,9809-ADMINISTRACION DE EMPRESAS,Masculino,2009-1,2021,Independiente,Administración pública y defensa; planes de seguridad social de afiliación obligatoria,1,1,,"100,0%",NaN
2732-Fundación Universitaria Católica del Norte,9809-ADMINISTRACION DE EMPRESAS,Masculino,2009-1,2021,Independiente,"Agricultura, ganadería, caza, silvicultura y pesca",1,1,,"100,0%",NaN
2732-Fundación Universitaria Católica del Norte,9809-ADMINISTRACION DE EMPRESAS,Masculino,2009-1,2021,No cotizante,Sin información,2,0,,"0,0%",NaN
2732-Fundación Universitaria Católica del Norte,9809-ADMINISTRACION DE EMPRESAS,Masculino,2009-1,2022,Dependiente,Actividades financieras y de seguros,1,1,,"100,0%",NaN
2732-Fundación Universitaria Católica del Norte,9809-ADMINISTRACION DE EMPRESAS,Masculino,2009-1,2022,Dependiente,Industrias manufactureras,1,1,,"100,0%",NaN
2732-Fundación Universitaria Católica del Norte,9809-ADMINISTRACION DE EMPRESAS,Masculino,2009-1,2022,Independiente,Administración pública y defensa; planes de seguridad social de afiliación obligatoria,1,1,,"100,0%",NaN
2732-Fundación Universitaria Católica del Norte,9809-ADMINISTRACION DE EMPRESAS,Masculino,2009-1,2022,Independiente,"Agricultura, ganadería, caza, silvicultura y pesca",1,1,,"100,0%",NaN
2732-Fundación Universitaria Católica del Norte,9809-ADMINISTRACION DE EMPRESAS,Masculino,2009-1,2022,No cotizante,SIN DATO,2,0,,"0,0%",NaN
2732-Fundación Universitaria Católica del Norte,9809-ADMINISTRACION DE EMPRESAS,Masculino,2009-1,2023,Dependiente,Actividades de servicios administrativos y de apoyo,1,1,,"100,0%",NaN
2732-Fundación Universitaria Católica del Norte,9809-ADMINISTRACION DE EMPRESAS,Masculino,2009-1,2023,Dependiente,Construccion,1,1,,"100,0%",NaN
2732-Fundación Universitaria Católica del Norte,9809-ADMINISTRACION DE EMPRESAS,Masculino,2009-1,2023,Independiente,Actividades de servicios administrativos y de apoyo,1,1,,"100,0%",NaN
2732-Fundación Universitaria Católica del Norte,9809-ADMINISTRACION DE EMPRESAS,Masculino,2009-1,2023,Independiente,Administración pública y defensa; planes de seguridad social de afiliación obligatoria,1,1,,"100,0%",NaN
2732-Fundación Universitaria Católica del Norte,9809-ADMINISTRACION DE EMPRESAS,Masculino,2009-1,2023,Independiente,"Agricultura, ganadería, caza, silvicultura y pesca",1,1,,"100,0%",NaN
2732-Fundación Universitaria Católica del Norte,9809-ADMINISTRACION DE EMPRESAS,Masculino,2009-1,2023,No cotizante,SIN DATO,1,0,,"0,0%",NaN
2732-Fundación Universitaria Católica del Norte,8958-COMUNICACION SOCIAL,Masculino,2009-1,2016,Independiente,Información y comunicaciones,1,1,,"100,0%",NaN
2732-Fundación Universitaria Católica del Norte,8958-COMUNICACION SOCIAL,Masculino,2009-1,2017,Independiente,Sin información,1,1,,"100,0%",NaN
2732-Fundación Universitaria Católica del Norte,8958-COMUNICACION SOCIAL,Masculino,2009-1,2018,Independiente,Sin información,1,1,,"100,0%",NaN
2732-Fundación Universitaria Católica del Norte,8958-COMUNICACION SOCIAL,Masculino,2009-1,2019,Independiente,Administración pública y defensa; planes de seguridad social de afiliación obligatoria,1,1,,"100,0%",NaN
2732-Fundación Universitaria Católica del Norte,8958-COMUNICACION SOCIAL,Masculino,2009-1,2020,Independiente,Administración pública y defensa; planes de seguridad social de afiliación obligatoria,1,1,,"100,0%",NaN
2732-Fundación Universitaria Católica del Norte,8958-COMUNICACION SOCIAL,Masculino,2009-1,2021,Independiente,Administración pública y defensa; planes de seguridad social de afiliación obligatoria,1,1,,"100,0%",NaN
2732-Fundación Universitaria Católica del Norte,8958-COMUNICACION SOCIAL,Masculino,2009-1,2022,Independiente,Administración pública y defensa; planes de seguridad social de afiliación obligatoria,1,1,,"100,0%",NaN
2732-Fundación Universitaria Católica del Norte,8958-COMUNICACION SOCIAL,Masculino,2009-1,2023,Independiente,Administración pública y defensa; planes de seguridad social de afiliación obligatoria,1,1,,"100,0%",NaN
2732-Fundación Universitaria Católica del Norte,19219-ESPECIALIZACION EN PEDAGOGIA DE LA VIRTUALIDAD,Femenino,2009-1,2016,Dependiente,Administración pública y defensa; planes de seguridad social de afiliación obligatoria,1,1,,"100,0%",$1.974.000
2732-Fundación Universitaria Católica del Norte,19219-ESPECIALIZACION EN PEDAGOGIA DE LA VIRTUALIDAD,Femenino,2009-1,2016,Dependiente,Educación,1,1,,"100,0%",$4.017.000
2732-Fundación Universitaria Católica del Norte,19219-ESPECIALIZACION EN PEDAGOGIA DE LA VIRTUALIDAD,Femenino,2009-1,2016,Dependiente,Sin información,1,1,,"100,0%",$3.659.000
2732-Fundación Universitaria Católica del Norte,19219-ESPECIALIZACION EN PEDAGOGIA DE LA VIRTUALIDAD,Femenino,2009-1,2016,Independiente,"Actividades profesionales, científicas y técnicas",1,1,,"100,0%",NaN
2732-Fundación Universitaria Católica del Norte,19219-ESPECIALIZACION EN PEDAGOGIA DE LA VIRTUALIDAD,Femenino,2009-1,2016,Independiente,Educación,1,1,,"100,0%",NaN
2732-Fundación Universitaria Católica del Norte,19219-ESPECIALIZACION EN PEDAGOGIA DE LA VIRTUALIDAD,Femenino,2009-1,2016,Independiente,Sin información,2,2,,"100,0%",NaN
2732-Fundación Universitaria Católica del Norte,19219-ESPECIALIZACION EN PEDAGOGIA DE LA VIRTUALIDAD,Femenino,2009-1,2017,Dependiente,Administración pública y defensa; planes de seguridad social de afiliación obligatoria,1,1,,"100,0%",NaN
2732-Fundación Universitaria Católica del Norte,19219-ESPECIALIZACION EN PEDAGOGIA DE LA VIRTUALIDAD,Femenino,2009-1,2017,Dependiente,Educación,1,1,,"100,0%",NaN
2732-Fundación Universitaria Católica del Norte,19219-ESPECIALIZACION EN PEDAGOGIA DE LA VIRTUALIDAD,Femenino,2009-1,2017,Dependiente,Sin información,1,1,,"100,0%",NaN
2732-Fundación Universitaria Católica del Norte,19219-ESPECIALIZACION EN PEDAGOGIA DE LA VIRTUALIDAD,Femenino,2009-1,2017,Independiente,"Actividades profesionales, científicas y técnicas",1,1,,"100,0%",NaN
2732-Fundación Universitaria Católica del Norte,19219-ESPECIALIZACION EN PEDAGOGIA DE LA VIRTUALIDAD,Femenino,2009-1,2017,Independiente,Educación,1,1,,"100,0%",NaN
2732-Fundación Universitaria Católica del Norte,19219-ESPECIALIZACION EN PEDAGOGIA DE LA VIRTUALIDAD,Femenino,2009-1,2017,Independiente,Sin información,2,2,,"100,0%",NaN
2732-Fundación Universitaria Católica del Norte,19219-ESPECIALIZACION EN PEDAGOGIA DE LA VIRTUALIDAD,Femenino,2009-1,2018,Dependiente,"Actividades profesionales, científicas y técnicas",1,1,,"100,0%",NaN
2732-Fundación Universitaria Católica del Norte,19219-ESPECIALIZACION EN PEDAGOGIA DE LA VIRTUALIDAD,Femenino,2009-1,2018,Dependiente,Administración pública y defensa; planes de seguridad social de afiliación obligatoria,1,1,,"100,0%",NaN
2732-Fundación Universitaria Católica del Norte,19219-ESPECIALIZACION EN PEDAGOGIA DE LA VIRTUALIDAD,Femenino,2009-1,2018,Dependiente,Sin información,2,2,,"100,0%",NaN
2732-Fundación Universitaria Católica del Norte,19219-ESPECIALIZACION EN PEDAGOGIA DE LA VIRTUALIDAD,Femenino,2009-1,2018,Independiente,"Actividades profesionales, científicas y técnicas",1,1,,"100,0%",NaN
2732-Fundación Universitaria Católica del Norte,19219-ESPECIALIZACION EN PEDAGOGIA DE LA VIRTUALIDAD,Femenino,2009-1,2018,Independiente,Educación,1,1,,"100,0%",NaN
2732-Fundación Universitaria Católica del Norte,19219-ESPECIALIZACION EN PEDAGOGIA DE LA VIRTUALIDAD,Femenino,2009-1,2018,Independiente,Sin información,1,1,,"100,0%",NaN
2732-Fundación Universitaria Católica del Norte,19219-ESPECIALIZACION EN PEDAGOGIA DE LA VIRTUALIDAD,Femenino,2009-1,2019,Dependiente,Actividades de servicios administrativos y de apoyo,1,1,,"100,0%",NaN
2732-Fundación Universitaria Católica del Norte,19219-ESPECIALIZACION EN PEDAGOGIA DE LA VIRTUALIDAD,Femenino,2009-1,2019,Dependiente,"Actividades profesionales, científicas y técnicas",1,1,,"100,0%",NaN
2732-Fundación Universitaria Católica del Norte,19219-ESPECIALIZACION EN PEDAGOGIA DE LA VIRTUALIDAD,Femenino,2009-1,2019,Dependiente,Administración pública y defensa; planes de seguridad social de afiliación obligatoria,2,2,,"100,0%",NaN
2732-Fundación Universitaria Católica del Norte,19219-ESPECIALIZACION EN PEDAGOGIA DE LA VIRTUALIDAD,Femenino,2009-1,2019,Independiente,"Actividades profesionales, científicas y técnicas",1,1,,"100,0%",NaN
2732-Fundación Universitaria Católica del Norte,19219-ESPECIALIZACION EN PEDAGOGIA DE LA VIRTUALIDAD,Femenino,2009-1,2019,Independiente,Educación,1,1,,"100,0%",NaN
2732-Fundación Universitaria Católica del Norte,19219-ESPECIALIZACION EN PEDAGOGIA DE LA VIRTUALIDAD,Femenino,2009-1,2019,Independiente,Sin información,1,1,,"100,0%",NaN
2732-Fundación Universitaria Católica del Norte,19219-ESPECIALIZACION EN PEDAGOGIA DE LA VIRTUALIDAD,Femenino,2009-1,2020,Dependiente,Administración pública y defensa; planes de seguridad social de afiliación obligatoria,3,3,,"100,0%",NaN
2732-Fundación Universitaria Católica del Norte,19219-ESPECIALIZACION EN PEDAGOGIA DE LA VIRTUALIDAD,Femenino,2009-1,2020,Dependiente,Educación,1,1,,"100,0%",NaN
2732-Fundación Universitaria Católica del Norte,19219-ESPECIALIZACION EN PEDAGOGIA DE LA VIRTUALIDAD,Femenino,2009-1,2020,Independiente,"Actividades profesionales, científicas y técnicas",1,1,,"100,0%",NaN
2732-Fundación Universitaria Católica del Norte,19219-ESPECIALIZACION EN PEDAGOGIA DE LA VIRTUALIDAD,Femenino,2009-1,2020,Independiente,Educación,2,2,,"100,0%",NaN
2732-Fundación Universitaria Católica del Norte,19219-ESPECIALIZACION EN PEDAGOGIA DE LA VIRTUALIDAD,Femenino,2009-1,2021,Dependiente,"Actividades profesionales, científicas y técnicas",1,1,,"100,0%",NaN
2732-Fundación Universitaria Católica del Norte,19219-ESPECIALIZACION EN PEDAGOGIA DE LA VIRTUALIDAD,Femenino,2009-1,2021,Dependiente,Administración pública y defensa; planes de seguridad social de afiliación obligatoria,2,2,,"100,0%",NaN
2732-Fundación Universitaria Católica del Norte,19219-ESPECIALIZACION EN PEDAGOGIA DE LA VIRTUALIDAD,Femenino,2009-1,2021,Dependiente,Educación,1,1,,"100,0%",NaN
2732-Fundación Universitaria Católica del Norte,19219-ESPECIALIZACION EN PEDAGOGIA DE LA VIRTUALIDAD,Femenino,2009-1,2021,Independiente,"Actividades profesionales, científicas y técnicas",1,1,,"100,0%",NaN
2732-Fundación Universitaria Católica del Norte,19219-ESPECIALIZACION EN PEDAGOGIA DE LA VIRTUALIDAD,Femenino,2009-1,2021,Independiente,Educación,2,2,,"100,0%",NaN
2732-Fundación Universitaria Católica del Norte,19219-ESPECIALIZACION EN PEDAGOGIA DE LA VIRTUALIDAD,Femenino,2009-1,2022,Dependiente,Administración pública y defensa; planes de seguridad social de afiliación obligatoria,2,2,,"100,0%",NaN
2732-Fundación Universitaria Católica del Norte,19219-ESPECIALIZACION EN PEDAGOGIA DE LA VIRTUALIDAD,Femenino,2009-1,2022,Dependiente,Educación,1,1,,"100,0%",NaN
2732-Fundación Universitaria Católica del Norte,19219-ESPECIALIZACION EN PEDAGOGIA DE LA VIRTUALIDAD,Femenino,2009-1,2022,Independiente,Educación,2,2,,"100,0%",NaN
2732-Fundación Universitaria Católica del Norte,19219-ESPECIALIZACION EN PEDAGOGIA DE LA VIRTUALIDAD,Femenino,2009-1,2022,No cotizante,SIN DATO,1,0,,"0,0%",NaN
2732-Fundación Universitaria Católica del Norte,19219-ESPECIALIZACION EN PEDAGOGIA DE LA VIRTUALIDAD,Femenino,2009-1,2023,Dependiente,Administración pública y defensa; planes de seguridad social de afiliación obligatoria,2,2,,"100,0%",NaN
2732-Fundación Universitaria Católica del Norte,19219-ESPECIALIZACION EN PEDAGOGIA DE LA VIRTUALIDAD,Femenino,2009-1,2023,Dependiente,Educación,1,1,,"100,0%",NaN
2732-Fundación Universitaria Católica del Norte,19219-ESPECIALIZACION EN PEDAGOGIA DE LA VIRTUALIDAD,Femenino,2009-1,2023,Independiente,Educación,2,2,,"100,0%",NaN
2732-Fundación Universitaria Católica del Norte,19219-ESPECIALIZACION EN PEDAGOGIA DE LA VIRTUALIDAD,Femenino,2009-1,2023,No cotizante,SIN DATO,1,0,,"0,0%",NaN
2732-Fundación Universitaria Católica del Norte,19219-ESPECIALIZACION EN PEDAGOGIA DE LA VIRTUALIDAD,Masculino,2009-1,2016,Dependiente,Educación,1,1,,"100,0%",$3.309.000
2732-Fundación Universitaria Católica del Norte,19219-ESPECIALIZACION EN PEDAGOGIA DE LA VIRTUALIDAD,Masculino,2009-1,2016,Independiente,Otras actividades de servicios,1,1,,"100,0%",NaN
2732-Fundación Universitaria Católica del Norte,19219-ESPECIALIZACION EN PEDAGOGIA DE LA VIRTUALIDAD,Masculino,2009-1,2016,Independiente,Sin información,1,1,,"100,0%",NaN
2732-Fundación Universitaria Católica del Norte,19219-ESPECIALIZACION EN PEDAGOGIA DE LA VIRTUALIDAD,Masculino,2009-1,2017,Dependiente,Educación,1,1,,"100,0%",NaN
2732-Fundación Universitaria Católica del Norte,19219-ESPECIALIZACION EN PEDAGOGIA DE LA VIRTUALIDAD,Masculino,2009-1,2017,Dependiente,Otras actividades de servicios,1,1,,"100,0%",NaN
2732-Fundación Universitaria Católica del Norte,19219-ESPECIALIZACION EN PEDAGOGIA DE LA VIRTUALIDAD,Masculino,2009-1,2017,Independiente,Otras actividades de servicios,1,1,,"100,0%",NaN
2732-Fundación Universitaria Católica del Norte,19219-ESPECIALIZACION EN PEDAGOGIA DE LA VIRTUALIDAD,Masculino,2009-1,2018,Dependiente,Otras actividades de servicios,1,1,,"100,0%",NaN
2732-Fundación Universitaria Católica del Norte,19219-ESPECIALIZACION EN PEDAGOGIA DE LA VIRTUALIDAD,Masculino,2009-1,2018,Independiente,Otras actividades de servicios,1,1,,"100,0%",NaN
2732-Fundación Universitaria Católica del Norte,19219-ESPECIALIZACION EN PEDAGOGIA DE LA VIRTUALIDAD,Masculino,2009-1,2018,Independiente,Sin información,1,1,,"100,0%",NaN
2732-Fundación Universitaria Católica del Norte,19219-ESPECIALIZACION EN PEDAGOGIA DE LA VIRTUALIDAD,Masculino,2009-1,2019,Dependiente,Otras actividades de servicios,1,1,,"100,0%",NaN
2732-Fundación Universitaria Católica del Norte,19219-ESPECIALIZACION EN PEDAGOGIA DE LA VIRTUALIDAD,Masculino,2009-1,2019,Independiente,"Actividades profesionales, científicas y técnicas",1,1,,"100,0%",NaN
2732-Fundación Universitaria Católica del Norte,19219-ESPECIALIZACION EN PEDAGOGIA DE LA VIRTUALIDAD,Masculino,2009-1,2020,Dependiente,Otras actividades de servicios,1,1,,"100,0%",NaN
2732-Fundación Universitaria Católica del Norte,19219-ESPECIALIZACION EN PEDAGOGIA DE LA VIRTUALIDAD,Masculino,2009-1,2020,Independiente,"Actividades profesionales, científicas y técnicas",1,1,,"100,0%",NaN
2732-Fundación Universitaria Católica del Norte,19219-ESPECIALIZACION EN PEDAGOGIA DE LA VIRTUALIDAD,Masculino,2009-1,2021,Dependiente,Otras actividades de servicios,1,1,,"100,0%",NaN
2732-Fundación Universitaria Católica del Norte,19219-ESPECIALIZACION EN PEDAGOGIA DE LA VIRTUALIDAD,Masculino,2009-1,2021,Independiente,"Actividades profesionales, científicas y técnicas",1,1,,"100,0%",NaN
2732-Fundación Universitaria Católica del Norte,19219-ESPECIALIZACION EN PEDAGOGIA DE LA VIRTUALIDAD,Masculino,2009-1,2022,Independiente,"Actividades profesionales, científicas y técnicas",2,2,,"100,0%",NaN
2732-Fundación Universitaria Católica del Norte,19219-ESPECIALIZACION EN PEDAGOGIA DE LA VIRTUALIDAD,Masculino,2009-1,2023,Independiente,"Actividades profesionales, científicas y técnicas",1,1,,"100,0%",NaN
2732-Fundación Universitaria Católica del Norte,19219-ESPECIALIZACION EN PEDAGOGIA DE LA VIRTUALIDAD,Masculino,2009-1,2023,No cotizante,SIN DATO,1,0,,"0,0%",NaN
2732-Fundación Universitaria Católica del Norte,5097-INGENIERIA INFORMATICA,Femenino,2009-1,2016,Dependiente,"Actividades profesionales, científicas y técnicas",1,1,,"100,0%",$689.455
2732-Fundación Universitaria Católica del Norte,5097-INGENIERIA INFORMATICA,Femenino,2009-1,2016,Dependiente,"Agricultura, ganadería, caza, silvicultura y pesca",1,1,,"100,0%",$2.221.000
2732-Fundación Universitaria Católica del Norte,5097-INGENIERIA INFORMATICA,Femenino,2009-1,2016,No cotizante,Sin información,1,0,,"0,0%",NaN
2732-Fundación Universitaria Católica del Norte,5097-INGENIERIA INFORMATICA,Femenino,2009-1,2017,Dependiente,Otras actividades de servicios,1,1,,"100,0%",NaN
2732-Fundación Universitaria Católica del Norte,5097-INGENIERIA INFORMATICA,Femenino,2009-1,2017,Dependiente,Sin información,1,1,,"100,0%",NaN
2732-Fundación Universitaria Católica del Norte,5097-INGENIERIA INFORMATICA,Femenino,2009-1,2017,No cotizante,Sin información,1,0,,"0,0%",NaN
2732-Fundación Universitaria Católica del Norte,5097-INGENIERIA INFORMATICA,Femenino,2009-1,2018,Dependiente,Otras actividades de servicios,1,1,,"100,0%",NaN
2732-Fundación Universitaria Católica del Norte,5097-INGENIERIA INFORMATICA,Femenino,2009-1,2018,No cotizante,Sin información,2,0,,"0,0%",NaN
2732-Fundación Universitaria Católica del Norte,5097-INGENIERIA INFORMATICA,Femenino,2009-1,2019,Dependiente,Otras actividades de servicios,1,1,,"100,0%",NaN
2732-Fundación Universitaria Católica del Norte,5097-INGENIERIA INFORMATICA,Femenino,2009-1,2019,No cotizante,Sin información,2,0,,"0,0%",NaN
2732-Fundación Universitaria Católica del Norte,5097-INGENIERIA INFORMATICA,Femenino,2009-1,2020,Dependiente,Otras actividades de servicios,1,1,,"100,0%",NaN
2732-Fundación Universitaria Católica del Norte,5097-INGENIERIA INFORMATICA,Femenino,2009-1,2020,No cotizante,Sin información,2,0,,"0,0%",NaN
2732-Fundación Universitaria Católica del Norte,5097-INGENIERIA INFORMATICA,Femenino,2009-1,2021,Dependiente,Otras actividades de servicios,1,1,,"100,0%",NaN
2732-Fundación Universitaria Católica del Norte,5097-INGENIERIA INFORMATICA,Femenino,2009-1,2021,No cotizante,Sin información,2,0,,"0,0%",NaN
2732-Fundación Universitaria Católica del Norte,5097-INGENIERIA INFORMATICA,Femenino,2009-1,2022,Dependiente,Otras actividades de servicios,1,1,,"100,0%",NaN
2732-Fundación Universitaria Católica del Norte,5097-INGENIERIA INFORMATICA,Femenino,2009-1,2022,No cotizante,SIN DATO,2,0,,"0,0%",NaN
2732-Fundación Universitaria Católica del Norte,5097-INGENIERIA INFORMATICA,Femenino,2009-1,2023,Dependiente,Otras actividades de servicios,1,1,,"100,0%",NaN
2732-Fundación Universitaria Católica del Norte,5097-INGENIERIA INFORMATICA,Femenino,2009-1,2023,No cotizante,SIN DATO,2,0,,"0,0%",NaN
2732-Fundación Universitaria Católica del Norte,5097-INGENIERIA INFORMATICA,Masculino,2009-1,2016,Dependiente,Actividades de servicios administrativos y de apoyo,1,1,,"100,0%",$2.181.818
2732-Fundación Universitaria Católica del Norte,5097-INGENIERIA INFORMATICA,Masculino,2009-1,2016,Dependiente,Actividades financieras y de seguros,2,2,,"100,0%",$3.908.500
2732-Fundación Universitaria Católica del Norte,5097-INGENIERIA INFORMATICA,Masculino,2009-1,2016,Dependiente,"Actividades profesionales, científicas y técnicas",3,3,,"100,0%",$5.218.333
2732-Fundación Universitaria Católica del Norte,5097-INGENIERIA INFORMATICA,Masculino,2009-1,2016,Dependiente,Administración pública y defensa; planes de seguridad social de afiliación obligatoria,1,1,,"100,0%",$1.870.000
2732-Fundación Universitaria Católica del Norte,5097-INGENIERIA INFORMATICA,Masculino,2009-1,2016,Dependiente,Educación,1,1,,"100,0%",$6.678.000
2732-Fundación Universitaria Católica del Norte,5097-INGENIERIA INFORMATICA,Masculino,2009-1,2016,Dependiente,Información y comunicaciones,2,2,,"100,0%",$4.559.500
2732-Fundación Universitaria Católica del Norte,5097-INGENIERIA INFORMATICA,Masculino,2009-1,2016,Dependiente,Sin información,2,2,,"100,0%",$2.959.728
2732-Fundación Universitaria Católica del Norte,5097-INGENIERIA INFORMATICA,Masculino,2009-1,2016,Independiente,Educación,1,1,,"100,0%",NaN
2732-Fundación Universitaria Católica del Norte,5097-INGENIERIA INFORMATICA,Masculino,2009-1,2016,Independiente,Sin información,1,1,,"100,0%",NaN
2732-Fundación Universitaria Católica del Norte,5097-INGENIERIA INFORMATICA,Masculino,2009-1,2016,No cotizante,Sin información,3,0,,"0,0%",NaN
2732-Fundación Universitaria Católica del Norte,5097-INGENIERIA INFORMATICA,Masculino,2009-1,2017,Dependiente,Actividades de servicios administrativos y de apoyo,2,2,,"100,0%",NaN
2732-Fundación Universitaria Católica del Norte,5097-INGENIERIA INFORMATICA,Masculino,2009-1,2017,Dependiente,"Actividades profesionales, científicas y técnicas",2,2,,"100,0%",NaN
2732-Fundación Universitaria Católica del Norte,5097-INGENIERIA INFORMATICA,Masculino,2009-1,2017,Dependiente,Administración pública y defensa; planes de seguridad social de afiliación obligatoria,1,1,,"100,0%",NaN
2732-Fundación Universitaria Católica del Norte,5097-INGENIERIA INFORMATICA,Masculino,2009-1,2017,Dependiente,Educación,1,1,,"100,0%",NaN
2732-Fundación Universitaria Católica del Norte,5097-INGENIERIA INFORMATICA,Masculino,2009-1,2017,Dependiente,Información y comunicaciones,1,1,,"100,0%",NaN
2732-Fundación Universitaria Católica del Norte,5097-INGENIERIA INFORMATICA,Masculino,2009-1,2017,Dependiente,Sin información,3,3,,"100,0%",NaN
2732-Fundación Universitaria Católica del Norte,5097-INGENIERIA INFORMATICA,Masculino,2009-1,2017,Dependiente,"Suministro de electricidad, gas, vapor y aire acondicionado",2,2,,"100,0%",NaN
2732-Fundación Universitaria Católica del Norte,5097-INGENIERIA INFORMATICA,Masculino,2009-1,2017,Independiente,Educación,1,1,,"100,0%",NaN
2732-Fundación Universitaria Católica del Norte,5097-INGENIERIA INFORMATICA,Masculino,2009-1,2017,Independiente,Otras actividades de servicios,1,1,,"100,0%",NaN
2732-Fundación Universitaria Católica del Norte,5097-INGENIERIA INFORMATICA,Masculino,2009-1,2017,Independiente,Sin información,2,2,,"100,0%",NaN
2732-Fundación Universitaria Católica del Norte,5097-INGENIERIA INFORMATICA,Masculino,2009-1,2017,No cotizante,Sin información,2,0,,"0,0%",NaN
2732-Fundación Universitaria Católica del Norte,5097-INGENIERIA INFORMATICA,Masculino,2009-1,2018,Dependiente,Actividades de servicios administrativos y de apoyo,1,1,,"100,0%",NaN
2732-Fundación Universitaria Católica del Norte,5097-INGENIERIA INFORMATICA,Masculino,2009-1,2018,Dependiente,"Actividades profesionales, científicas y técnicas",2,2,,"100,0%",NaN
2732-Fundación Universitaria Católica del Norte,5097-INGENIERIA INFORMATICA,Masculino,2009-1,2018,Dependiente,Administración pública y defensa; planes de seguridad social de afiliación obligatoria,1,1,,"100,0%",NaN
2732-Fundación Universitaria Católica del Norte,5097-INGENIERIA INFORMATICA,Masculino,2009-1,2018,Dependiente,Industrias manufactureras,1,1,,"100,0%",NaN
2732-Fundación Universitaria Católica del Norte,5097-INGENIERIA INFORMATICA,Masculino,2009-1,2018,Dependiente,Información y comunicaciones,1,1,,"100,0%",NaN
2732-Fundación Universitaria Católica del Norte,5097-INGENIERIA INFORMATICA,Masculino,2009-1,2018,Dependiente,Sin información,3,3,,"100,0%",NaN
2732-Fundación Universitaria Católica del Norte,5097-INGENIERIA INFORMATICA,Masculino,2009-1,2018,Dependiente,"Suministro de electricidad, gas, vapor y aire acondicionado",2,2,,"100,0%",NaN
2732-Fundación Universitaria Católica del Norte,5097-INGENIERIA INFORMATICA,Masculino,2009-1,2018,Independiente,"Actividades profesionales, científicas y técnicas",1,1,,"100,0%",NaN
2732-Fundación Universitaria Católica del Norte,5097-INGENIERIA INFORMATICA,Masculino,2009-1,2018,Independiente,Educación,1,1,,"100,0%",NaN
2732-Fundación Universitaria Católica del Norte,5097-INGENIERIA INFORMATICA,Masculino,2009-1,2018,Independiente,Otras actividades de servicios,1,1,,"100,0%",NaN
2732-Fundación Universitaria Católica del Norte,5097-INGENIERIA INFORMATICA,Masculino,2009-1,2018,Independiente,Sin información,2,2,,"100,0%",NaN
2732-Fundación Universitaria Católica del Norte,5097-INGENIERIA INFORMATICA,Masculino,2009-1,2018,No cotizante,Sin información,2,0,,"0,0%",NaN
2732-Fundación Universitaria Católica del Norte,5097-INGENIERIA INFORMATICA,Masculino,2009-1,2019,Dependiente,Actividades de servicios administrativos y de apoyo,1,1,,"100,0%",NaN
2732-Fundación Universitaria Católica del Norte,5097-INGENIERIA INFORMATICA,Masculino,2009-1,2019,Dependiente,Actividades financieras y de seguros,1,1,,"100,0%",NaN
2732-Fundación Universitaria Católica del Norte,5097-INGENIERIA INFORMATICA,Masculino,2009-1,2019,Dependiente,"Actividades profesionales, científicas y técnicas",2,2,,"100,0%",NaN
2732-Fundación Universitaria Católica del Norte,5097-INGENIERIA INFORMATICA,Masculino,2009-1,2019,Dependiente,Administración pública y defensa; planes de seguridad social de afiliación obligatoria,1,1,,"100,0%",NaN
2732-Fundación Universitaria Católica del Norte,5097-INGENIERIA INFORMATICA,Masculino,2009-1,2019,Dependiente,Educación,1,1,,"100,0%",NaN
2732-Fundación Universitaria Católica del Norte,5097-INGENIERIA INFORMATICA,Masculino,2009-1,2019,Dependiente,Industrias manufactureras,1,1,,"100,0%",NaN
2732-Fundación Universitaria Católica del Norte,5097-INGENIERIA INFORMATICA,Masculino,2009-1,2019,Dependiente,Información y comunicaciones,1,1,,"100,0%",NaN
2732-Fundación Universitaria Católica del Norte,5097-INGENIERIA INFORMATICA,Masculino,2009-1,2019,Dependiente,"Suministro de electricidad, gas, vapor y aire acondicionado",2,2,,"100,0%",NaN
2732-Fundación Universitaria Católica del Norte,5097-INGENIERIA INFORMATICA,Masculino,2009-1,2019,Independiente,"Actividades profesionales, científicas y técnicas",2,2,,"100,0%",NaN
2732-Fundación Universitaria Católica del Norte,5097-INGENIERIA INFORMATICA,Masculino,2009-1,2019,Independiente,Administración pública y defensa; planes de seguridad social de afiliación obligatoria,1,1,,"100,0%",NaN
2732-Fundación Universitaria Católica del Norte,5097-INGENIERIA INFORMATICA,Masculino,2009-1,2019,Independiente,Sin información,1,1,,"100,0%",NaN
2732-Fundación Universitaria Católica del Norte,5097-INGENIERIA INFORMATICA,Masculino,2009-1,2019,No cotizante,Sin información,2,0,,"0,0%",NaN
2732-Fundación Universitaria Católica del Norte,5097-INGENIERIA INFORMATICA,Masculino,2009-1,2020,Dependiente,Actividades de servicios administrativos y de apoyo,1,1,,"100,0%",NaN
2732-Fundación Universitaria Católica del Norte,5097-INGENIERIA INFORMATICA,Masculino,2009-1,2020,Dependiente,Actividades financieras y de seguros,1,1,,"100,0%",NaN
2732-Fundación Universitaria Católica del Norte,5097-INGENIERIA INFORMATICA,Masculino,2009-1,2020,Dependiente,"Actividades profesionales, científicas y técnicas",3,3,,"100,0%",NaN
2732-Fundación Universitaria Católica del Norte,5097-INGENIERIA INFORMATICA,Masculino,2009-1,2020,Dependiente,Administración pública y defensa; planes de seguridad social de afiliación obligatoria,1,1,,"100,0%",NaN
2732-Fundación Universitaria Católica del Norte,5097-INGENIERIA INFORMATICA,Masculino,2009-1,2020,Dependiente,Construccion,1,1,,"100,0%",NaN
2732-Fundación Universitaria Católica del Norte,5097-INGENIERIA INFORMATICA,Masculino,2009-1,2020,Dependiente,Educación,1,1,,"100,0%",NaN
2732-Fundación Universitaria Católica del Norte,5097-INGENIERIA INFORMATICA,Masculino,2009-1,2020,Dependiente,Industrias manufactureras,1,1,,"100,0%",NaN
2732-Fundación Universitaria Católica del Norte,5097-INGENIERIA INFORMATICA,Masculino,2009-1,2020,Dependiente,Información y comunicaciones,1,1,,"100,0%",NaN
2732-Fundación Universitaria Católica del Norte,5097-INGENIERIA INFORMATICA,Masculino,2009-1,2020,Independiente,"Actividades profesionales, científicas y técnicas",2,2,,"100,0%",NaN
2732-Fundación Universitaria Católica del Norte,5097-INGENIERIA INFORMATICA,Masculino,2009-1,2020,Independiente,Administración pública y defensa; planes de seguridad social de afiliación obligatoria,1,1,,"100,0%",NaN
2732-Fundación Universitaria Católica del Norte,5097-INGENIERIA INFORMATICA,Masculino,2009-1,2020,No cotizante,Sin información,3,0,,"0,0%",NaN
2732-Fundación Universitaria Católica del Norte,5097-INGENIERIA INFORMATICA,Masculino,2009-1,2021,Dependiente,Actividades de servicios administrativos y de apoyo,2,2,,"100,0%",NaN
2732-Fundación Universitaria Católica del Norte,5097-INGENIERIA INFORMATICA,Masculino,2009-1,2021,Dependiente,Actividades financieras y de seguros,1,1,,"100,0%",NaN
2732-Fundación Universitaria Católica del Norte,5097-INGENIERIA INFORMATICA,Masculino,2009-1,2021,Dependiente,"Actividades profesionales, científicas y técnicas",1,1,,"100,0%",NaN
2732-Fundación Universitaria Católica del Norte,5097-INGENIERIA INFORMATICA,Masculino,2009-1,2021,Dependiente,Administración pública y defensa; planes de seguridad social de afiliación obligatoria,2,2,,"100,0%",NaN
2732-Fundación Universitaria Católica del Norte,5097-INGENIERIA INFORMATICA,Masculino,2009-1,2021,Dependiente,Educación,1,1,,"100,0%",NaN
2732-Fundación Universitaria Católica del Norte,5097-INGENIERIA INFORMATICA,Masculino,2009-1,2021,Dependiente,Industrias manufactureras,1,1,,"100,0%",NaN
2732-Fundación Universitaria Católica del Norte,5097-INGENIERIA INFORMATICA,Masculino,2009-1,2021,Dependiente,Información y comunicaciones,1,1,,"100,0%",NaN
2732-Fundación Universitaria Católica del Norte,5097-INGENIERIA INFORMATICA,Masculino,2009-1,2021,Dependiente,"Suministro de electricidad, gas, vapor y aire acondicionado",1,1,,"100,0%",NaN
2732-Fundación Universitaria Católica del Norte,5097-INGENIERIA INFORMATICA,Masculino,2009-1,2021,Independiente,"Actividades profesionales, científicas y técnicas",1,1,,"100,0%",NaN
2732-Fundación Universitaria Católica del Norte,5097-INGENIERIA INFORMATICA,Masculino,2009-1,2021,Independiente,Administración pública y defensa; planes de seguridad social de afiliación obligatoria,2,2,,"100,0%",NaN
2732-Fundación Universitaria Católica del Norte,5097-INGENIERIA INFORMATICA,Masculino,2009-1,2021,No cotizante,Sin información,3,0,,"0,0%",NaN
2732-Fundación Universitaria Católica del Norte,5097-INGENIERIA INFORMATICA,Masculino,2009-1,2022,Dependiente,Actividades de servicios administrativos y de apoyo,2,2,,"100,0%",NaN
2732-Fundación Universitaria Católica del Norte,5097-INGENIERIA INFORMATICA,Masculino,2009-1,2022,Dependiente,Actividades financieras y de seguros,1,1,,"100,0%",NaN
2732-Fundación Universitaria Católica del Norte,5097-INGENIERIA INFORMATICA,Masculino,2009-1,2022,Dependiente,"Actividades profesionales, científicas y técnicas",2,2,,"100,0%",NaN
2732-Fundación Universitaria Católica del Norte,5097-INGENIERIA INFORMATICA,Masculino,2009-1,2022,Dependiente,Administración pública y defensa; planes de seguridad social de afiliación obligatoria,3,3,,"100,0%",NaN
2732-Fundación Universitaria Católica del Norte,5097-INGENIERIA INFORMATICA,Masculino,2009-1,2022,Dependiente,Industrias manufactureras,1,1,,"100,0%",NaN
2732-Fundación Universitaria Católica del Norte,5097-INGENIERIA INFORMATICA,Masculino,2009-1,2022,Dependiente,Información y comunicaciones,1,1,,"100,0%",NaN
2732-Fundación Universitaria Católica del Norte,5097-INGENIERIA INFORMATICA,Masculino,2009-1,2022,Independiente,Administración pública y defensa; planes de seguridad social de afiliación obligatoria,1,1,,"100,0%",NaN
2732-Fundación Universitaria Católica del Norte,5097-INGENIERIA INFORMATICA,Masculino,2009-1,2022,Independiente,Educación,1,1,,"100,0%",NaN
2732-Fundación Universitaria Católica del Norte,5097-INGENIERIA INFORMATICA,Masculino,2009-1,2022,No cotizante,SIN DATO,4,0,,"0,0%",NaN
2732-Fundación Universitaria Católica del Norte,5097-INGENIERIA INFORMATICA,Masculino,2009-1,2023,Dependiente,Actividades de servicios administrativos y de apoyo,1,1,,"100,0%",NaN
2732-Fundación Universitaria Católica del Norte,5097-INGENIERIA INFORMATICA,Masculino,2009-1,2023,Dependiente,Actividades financieras y de seguros,1,1,,"100,0%",NaN
2732-Fundación Universitaria Católica del Norte,5097-INGENIERIA INFORMATICA,Masculino,2009-1,2023,Dependiente,Industrias manufactureras,1,1,,"100,0%",NaN
2732-Fundación Universitaria Católica del Norte,5097-INGENIERIA INFORMATICA,Masculino,2009-1,2023,Dependiente,Información y comunicaciones,1,1,,"100,0%",NaN
2732-Fundación Universitaria Católica del Norte,5097-INGENIERIA INFORMATICA,Masculino,2009-1,2023,Dependiente,"Suministro de electricidad, gas, vapor y aire acondicionado",2,2,,"100,0%",NaN
2732-Fundación Universitaria Católica del Norte,5097-INGENIERIA INFORMATICA,Masculino,2009-1,2023,Independiente,Actividades de servicios administrativos y de apoyo,1,1,,"100,0%",NaN
2732-Fundación Universitaria Católica del Norte,5097-INGENIERIA INFORMATICA,Masculino,2009-1,2023,Independiente,Educación,1,1,,"100,0%",NaN
2732-Fundación Universitaria Católica del Norte,5097-INGENIERIA INFORMATICA,Masculino,2009-1,2023,No cotizante,SIN DATO,7,0,,"0,0%",NaN
2732-Fundación Universitaria Católica del Norte,9570-LICENCIATURA EN FILOSOFIA Y EDUCACION RELIGIOSA,Masculino,2009-1,2016,Dependiente,Educación,1,1,,"100,0%",$2.500.000
2732-Fundación Universitaria Católica del Norte,9570-LICENCIATURA EN FILOSOFIA Y EDUCACION RELIGIOSA,Masculino,2009-1,2017,Dependiente,Educación,1,1,,"100,0%",NaN
2732-Fundación Universitaria Católica del Norte,9570-LICENCIATURA EN FILOSOFIA Y EDUCACION RELIGIOSA,Masculino,2009-1,2018,Dependiente,Educación,1,1,,"100,0%",NaN
2732-Fundación Universitaria Católica del Norte,10282-LICENCIATURA EN LENGUA CASTELLANA,Femenino,2009-1,2016,Dependiente,Administración pública y defensa; planes de seguridad social de afiliación obligatoria,1,1,,"100,0%",$2.851.000
2732-Fundación Universitaria Católica del Norte,10282-LICENCIATURA EN LENGUA CASTELLANA,Femenino,2009-1,2016,Dependiente,Educación,1,1,,"100,0%",$4.256.000
2732-Fundación Universitaria Católica del Norte,10282-LICENCIATURA EN LENGUA CASTELLANA,Femenino,2009-1,2016,Dependiente,Sin información,1,1,,"100,0%",$3.728.571
2732-Fundación Universitaria Católica del Norte,10282-LICENCIATURA EN LENGUA CASTELLANA,Femenino,2009-1,2016,Independiente,Educación,1,1,,"100,0%",NaN
2732-Fundación Universitaria Católica del Norte,10282-LICENCIATURA EN LENGUA CASTELLANA,Femenino,2009-1,2016,Independiente,Sin información,1,1,,"100,0%",NaN
2732-Fundación Universitaria Católica del Norte,10282-LICENCIATURA EN LENGUA CASTELLANA,Femenino,2009-1,2017,Dependiente,Sin información,1,1,,"100,0%",NaN
2732-Fundación Universitaria Católica del Norte,10282-LICENCIATURA EN LENGUA CASTELLANA,Femenino,2009-1,2017,Independiente,Educación,1,1,,"100,0%",NaN
2732-Fundación Universitaria Católica del Norte,10282-LICENCIATURA EN LENGUA CASTELLANA,Femenino,2009-1,2017,Independiente,Sin información,1,1,,"100,0%",NaN
2732-Fundación Universitaria Católica del Norte,10282-LICENCIATURA EN LENGUA CASTELLANA,Femenino,2009-1,2017,No cotizante,Sin información,1,0,,"0,0%",NaN
2732-Fundación Universitaria Católica del Norte,10282-LICENCIATURA EN LENGUA CASTELLANA,Femenino,2009-1,2018,Dependiente,Industrias manufactureras,1,1,,"100,0%",NaN
2732-Fundación Universitaria Católica del Norte,10282-LICENCIATURA EN LENGUA CASTELLANA,Femenino,2009-1,2018,Dependiente,Sin información,1,1,,"100,0%",NaN
2732-Fundación Universitaria Católica del Norte,10282-LICENCIATURA EN LENGUA CASTELLANA,Femenino,2009-1,2018,Independiente,Educación,1,1,,"100,0%",NaN
2732-Fundación Universitaria Católica del Norte,10282-LICENCIATURA EN LENGUA CASTELLANA,Femenino,2009-1,2018,No cotizante,Sin información,1,0,,"0,0%",NaN
2732-Fundación Universitaria Católica del Norte,10282-LICENCIATURA EN LENGUA CASTELLANA,Femenino,2009-1,2019,Dependiente,Administración pública y defensa; planes de seguridad social de afiliación obligatoria,1,1,,"100,0%",NaN
2732-Fundación Universitaria Católica del Norte,10282-LICENCIATURA EN LENGUA CASTELLANA,Femenino,2009-1,2019,Dependiente,Industrias manufactureras,1,1,,"100,0%",NaN
2732-Fundación Universitaria Católica del Norte,10282-LICENCIATURA EN LENGUA CASTELLANA,Femenino,2009-1,2019,Independiente,Educación,1,1,,"100,0%",NaN
2732-Fundación Universitaria Católica del Norte,10282-LICENCIATURA EN LENGUA CASTELLANA,Femenino,2009-1,2019,No cotizante,Sin información,1,0,,"0,0%",NaN
2732-Fundación Universitaria Católica del Norte,10282-LICENCIATURA EN LENGUA CASTELLANA,Femenino,2009-1,2020,Dependiente,Administración pública y defensa; planes de seguridad social de afiliación obligatoria,1,1,,"100,0%",NaN
2732-Fundación Universitaria Católica del Norte,10282-LICENCIATURA EN LENGUA CASTELLANA,Femenino,2009-1,2020,No cotizante,Sin información,3,0,,"0,0%",NaN
2732-Fundación Universitaria Católica del Norte,10282-LICENCIATURA EN LENGUA CASTELLANA,Femenino,2009-1,2021,Dependiente,Administración pública y defensa; planes de seguridad social de afiliación obligatoria,1,1,,"100,0%",NaN
2732-Fundación Universitaria Católica del Norte,10282-LICENCIATURA EN LENGUA CASTELLANA,Femenino,2009-1,2021,No cotizante,Sin información,3,0,,"0,0%",NaN
2732-Fundación Universitaria Católica del Norte,10282-LICENCIATURA EN LENGUA CASTELLANA,Femenino,2009-1,2022,Dependiente,Administración pública y defensa; planes de seguridad social de afiliación obligatoria,1,1,,"100,0%",NaN
2732-Fundación Universitaria Católica del Norte,10282-LICENCIATURA EN LENGUA CASTELLANA,Femenino,2009-1,2022,No cotizante,SIN DATO,3,0,,"0,0%",NaN
2732-Fundación Universitaria Católica del Norte,10282-LICENCIATURA EN LENGUA CASTELLANA,Femenino,2009-1,2023,Dependiente,Administración pública y defensa; planes de seguridad social de afiliación obligatoria,1,1,,"100,0%",NaN
2732-Fundación Universitaria Católica del Norte,10282-LICENCIATURA EN LENGUA CASTELLANA,Femenino,2009-1,2023,No cotizante,SIN DATO,3,0,,"0,0%",NaN
2732-Fundación Universitaria Católica del Norte,10282-LICENCIATURA EN LENGUA CASTELLANA,Masculino,2009-1,2016,Dependiente,Sin información,1,1,,"100,0%",$4.377.000
2732-Fundación Universitaria Católica del Norte,10282-LICENCIATURA EN LENGUA CASTELLANA,Masculino,2009-1,2016,No cotizante,Sin información,1,0,,"0,0%",NaN
2732-Fundación Universitaria Católica del Norte,10282-LICENCIATURA EN LENGUA CASTELLANA,Masculino,2009-1,2017,Dependiente,Sin información,1,1,,"100,0%",NaN
2732-Fundación Universitaria Católica del Norte,10282-LICENCIATURA EN LENGUA CASTELLANA,Masculino,2009-1,2017,No cotizante,Sin información,1,0,,"0,0%",NaN
2732-Fundación Universitaria Católica del Norte,10282-LICENCIATURA EN LENGUA CASTELLANA,Masculino,2009-1,2018,Dependiente,Sin información,1,1,,"100,0%",NaN
2732-Fundación Universitaria Católica del Norte,10282-LICENCIATURA EN LENGUA CASTELLANA,Masculino,2009-1,2018,No cotizante,Sin información,1,0,,"0,0%",NaN
2732-Fundación Universitaria Católica del Norte,10282-LICENCIATURA EN LENGUA CASTELLANA,Masculino,2009-1,2019,Dependiente,Otras actividades de servicios,1,1,,"100,0%",NaN
2732-Fundación Universitaria Católica del Norte,10282-LICENCIATURA EN LENGUA CASTELLANA,Masculino,2009-1,2019,No cotizante,Sin información,1,0,,"0,0%",NaN
2732-Fundación Universitaria Católica del Norte,10282-LICENCIATURA EN LENGUA CASTELLANA,Masculino,2009-1,2020,Dependiente,Otras actividades de servicios,1,1,,"100,0%",NaN
2732-Fundación Universitaria Católica del Norte,10282-LICENCIATURA EN LENGUA CASTELLANA,Masculino,2009-1,2020,No cotizante,Sin información,1,0,,"0,0%",NaN
2732-Fundación Universitaria Católica del Norte,10282-LICENCIATURA EN LENGUA CASTELLANA,Masculino,2009-1,2021,Dependiente,Otras actividades de servicios,1,1,,"100,0%",NaN
2732-Fundación Universitaria Católica del Norte,10282-LICENCIATURA EN LENGUA CASTELLANA,Masculino,2009-1,2021,No cotizante,Sin información,1,0,,"0,0%",NaN
2732-Fundación Universitaria Católica del Norte,10282-LICENCIATURA EN LENGUA CASTELLANA,Masculino,2009-1,2022,Dependiente,Otras actividades de servicios,1,1,,"100,0%",NaN
2732-Fundación Universitaria Católica del Norte,10282-LICENCIATURA EN LENGUA CASTELLANA,Masculino,2009-1,2022,No cotizante,SIN DATO,1,0,,"0,0%",NaN
2732-Fundación Universitaria Católica del Norte,10282-LICENCIATURA EN LENGUA CASTELLANA,Masculino,2009-1,2023,Dependiente,Otras actividades de servicios,1,1,,"100,0%",NaN
2732-Fundación Universitaria Católica del Norte,10282-LICENCIATURA EN LENGUA CASTELLANA,Masculino,2009-1,2023,No cotizante,SIN DATO,1,0,,"0,0%",NaN
2732-Fundación Universitaria Católica del Norte,6687-PSICOLOGIA,Femenino,2009-1,2016,Dependiente,Actividades de servicios administrativos y de apoyo,1,1,,"100,0%",$2.700.000
2732-Fundación Universitaria Católica del Norte,6687-PSICOLOGIA,Femenino,2009-1,2016,Dependiente,"Actividades profesionales, científicas y técnicas",2,2,,"100,0%",$2.943.500
2732-Fundación Universitaria Católica del Norte,6687-PSICOLOGIA,Femenino,2009-1,2016,Dependiente,Alojamiento y servicios de comida,1,1,,"100,0%",$850.000
2732-Fundación Universitaria Católica del Norte,6687-PSICOLOGIA,Femenino,2009-1,2016,Dependiente,Comercio al por mayor y al por menor; reparación de vehículos automotores y motocicletas,1,1,,"100,0%",$3.910.000
2732-Fundación Universitaria Católica del Norte,6687-PSICOLOGIA,Femenino,2009-1,2016,Dependiente,Educación,3,3,,"100,0%",$2.053.333
2732-Fundación Universitaria Católica del Norte,6687-PSICOLOGIA,Femenino,2009-1,2016,Independiente,Actividades de atención de la salud humana y de asistencia social,1,1,,"100,0%",NaN
2732-Fundación Universitaria Católica del Norte,6687-PSICOLOGIA,Femenino,2009-1,2016,Independiente,"Actividades profesionales, científicas y técnicas",1,1,,"100,0%",NaN
2732-Fundación Universitaria Católica del Norte,6687-PSICOLOGIA,Femenino,2009-1,2016,Independiente,Comercio al por mayor y al por menor; reparación de vehículos automotores y motocicletas,1,1,,"100,0%",NaN
2732-Fundación Universitaria Católica del Norte,6687-PSICOLOGIA,Femenino,2009-1,2016,Independiente,Educación,1,1,,"100,0%",NaN
2732-Fundación Universitaria Católica del Norte,6687-PSICOLOGIA,Femenino,2009-1,2016,Independiente,Sin información,1,1,,"100,0%",NaN
2732-Fundación Universitaria Católica del Norte,6687-PSICOLOGIA,Femenino,2009-1,2016,No cotizante,Sin información,5,0,,"0,0%",NaN
2732-Fundación Universitaria Católica del Norte,6687-PSICOLOGIA,Femenino,2009-1,2017,Dependiente,Actividades de atención de la salud humana y de asistencia social,1,1,,"100,0%",NaN
2732-Fundación Universitaria Católica del Norte,6687-PSICOLOGIA,Femenino,2009-1,2017,Dependiente,"Actividades profesionales, científicas y técnicas",1,1,,"100,0%",NaN
2732-Fundación Universitaria Católica del Norte,6687-PSICOLOGIA,Femenino,2009-1,2017,Dependiente,Comercio al por mayor y al por menor; reparación de vehículos automotores y motocicletas,1,1,,"100,0%",NaN
2732-Fundación Universitaria Católica del Norte,6687-PSICOLOGIA,Femenino,2009-1,2017,Dependiente,Educación,3,3,,"100,0%",NaN
2732-Fundación Universitaria Católica del Norte,6687-PSICOLOGIA,Femenino,2009-1,2017,Dependiente,Sin información,2,2,,"100,0%",NaN
2732-Fundación Universitaria Católica del Norte,6687-PSICOLOGIA,Femenino,2009-1,2017,Dependiente,"Suministro de electricidad, gas, vapor y aire acondicionado",1,1,,"100,0%",NaN
2732-Fundación Universitaria Católica del Norte,6687-PSICOLOGIA,Femenino,2009-1,2017,Independiente,"Actividades profesionales, científicas y técnicas",1,1,,"100,0%",NaN
2732-Fundación Universitaria Católica del Norte,6687-PSICOLOGIA,Femenino,2009-1,2017,Independiente,Sin información,3,3,,"100,0%",NaN
2732-Fundación Universitaria Católica del Norte,6687-PSICOLOGIA,Femenino,2009-1,2017,No cotizante,Sin información,4,0,,"0,0%",NaN
2732-Fundación Universitaria Católica del Norte,6687-PSICOLOGIA,Femenino,2009-1,2018,Dependiente,Actividades de atención de la salud humana y de asistencia social,1,1,,"100,0%",NaN
2732-Fundación Universitaria Católica del Norte,6687-PSICOLOGIA,Femenino,2009-1,2018,Dependiente,"Actividades profesionales, científicas y técnicas",1,1,,"100,0%",NaN
2732-Fundación Universitaria Católica del Norte,6687-PSICOLOGIA,Femenino,2009-1,2018,Dependiente,Comercio al por mayor y al por menor; reparación de vehículos automotores y motocicletas,1,1,,"100,0%",NaN
2732-Fundación Universitaria Católica del Norte,6687-PSICOLOGIA,Femenino,2009-1,2018,Dependiente,Educación,3,3,,"100,0%",NaN
2732-Fundación Universitaria Católica del Norte,6687-PSICOLOGIA,Femenino,2009-1,2018,Dependiente,Sin información,1,1,,"100,0%",NaN
2732-Fundación Universitaria Católica del Norte,6687-PSICOLOGIA,Femenino,2009-1,2018,Dependiente,"Suministro de electricidad, gas, vapor y aire acondicionado",1,1,,"100,0%",NaN
2732-Fundación Universitaria Católica del Norte,6687-PSICOLOGIA,Femenino,2009-1,2018,Independiente,"Actividades profesionales, científicas y técnicas",1,1,,"100,0%",NaN
2732-Fundación Universitaria Católica del Norte,6687-PSICOLOGIA,Femenino,2009-1,2018,Independiente,Sin información,2,2,,"100,0%",NaN
2732-Fundación Universitaria Católica del Norte,6687-PSICOLOGIA,Femenino,2009-1,2018,No cotizante,Sin información,5,0,,"0,0%",NaN
2732-Fundación Universitaria Católica del Norte,6687-PSICOLOGIA,Femenino,2009-1,2019,Dependiente,Actividades de atención de la salud humana y de asistencia social,1,1,,"100,0%",NaN
2732-Fundación Universitaria Católica del Norte,6687-PSICOLOGIA,Femenino,2009-1,2019,Dependiente,"Actividades profesionales, científicas y técnicas",1,1,,"100,0%",NaN
2732-Fundación Universitaria Católica del Norte,6687-PSICOLOGIA,Femenino,2009-1,2019,Dependiente,Comercio al por mayor y al por menor; reparación de vehículos automotores y motocicletas,1,1,,"100,0%",NaN
2732-Fundación Universitaria Católica del Norte,6687-PSICOLOGIA,Femenino,2009-1,2019,Dependiente,Educación,3,3,,"100,0%",NaN
2732-Fundación Universitaria Católica del Norte,6687-PSICOLOGIA,Femenino,2009-1,2019,Dependiente,"Suministro de electricidad, gas, vapor y aire acondicionado",1,1,,"100,0%",NaN
2732-Fundación Universitaria Católica del Norte,6687-PSICOLOGIA,Femenino,2009-1,2019,Independiente,"Actividades profesionales, científicas y técnicas",1,1,,"100,0%",NaN
2732-Fundación Universitaria Católica del Norte,6687-PSICOLOGIA,Femenino,2009-1,2019,Independiente,Administración pública y defensa; planes de seguridad social de afiliación obligatoria,2,2,,"100,0%",NaN
2732-Fundación Universitaria Católica del Norte,6687-PSICOLOGIA,Femenino,2009-1,2019,Independiente,Alojamiento y servicios de comida,1,1,,"100,0%",NaN
2732-Fundación Universitaria Católica del Norte,6687-PSICOLOGIA,Femenino,2009-1,2019,No cotizante,Sin información,5,0,,"0,0%",NaN
2732-Fundación Universitaria Católica del Norte,6687-PSICOLOGIA,Femenino,2009-1,2020,Dependiente,"Actividades profesionales, científicas y técnicas",1,1,,"100,0%",NaN
2732-Fundación Universitaria Católica del Norte,6687-PSICOLOGIA,Femenino,2009-1,2020,Dependiente,Comercio al por mayor y al por menor; reparación de vehículos automotores y motocicletas,1,1,,"100,0%",NaN
2732-Fundación Universitaria Católica del Norte,6687-PSICOLOGIA,Femenino,2009-1,2020,Dependiente,Educación,3,3,,"100,0%",NaN
2732-Fundación Universitaria Católica del Norte,6687-PSICOLOGIA,Femenino,2009-1,2020,Independiente,"Actividades profesionales, científicas y técnicas",1,1,,"100,0%",NaN
2732-Fundación Universitaria Católica del Norte,6687-PSICOLOGIA,Femenino,2009-1,2020,Independiente,Administración pública y defensa; planes de seguridad social de afiliación obligatoria,1,1,,"100,0%",NaN
2732-Fundación Universitaria Católica del Norte,6687-PSICOLOGIA,Femenino,2009-1,2020,Independiente,Alojamiento y servicios de comida,1,1,,"100,0%",NaN
2732-Fundación Universitaria Católica del Norte,6687-PSICOLOGIA,Femenino,2009-1,2020,No cotizante,Sin información,7,0,,"0,0%",NaN
2732-Fundación Universitaria Católica del Norte,6687-PSICOLOGIA,Femenino,2009-1,2021,Dependiente,Administración pública y defensa; planes de seguridad social de afiliación obligatoria,1,1,,"100,0%",NaN
2732-Fundación Universitaria Católica del Norte,6687-PSICOLOGIA,Femenino,2009-1,2021,Dependiente,Comercio al por mayor y al por menor; reparación de vehículos automotores y motocicletas,1,1,,"100,0%",NaN
2732-Fundación Universitaria Católica del Norte,6687-PSICOLOGIA,Femenino,2009-1,2021,Dependiente,Educación,2,2,,"100,0%",NaN
2732-Fundación Universitaria Católica del Norte,6687-PSICOLOGIA,Femenino,2009-1,2021,Independiente,"Actividades profesionales, científicas y técnicas",2,2,,"100,0%",NaN
2732-Fundación Universitaria Católica del Norte,6687-PSICOLOGIA,Femenino,2009-1,2021,Independiente,Administración pública y defensa; planes de seguridad social de afiliación obligatoria,2,2,,"100,0%",NaN
2732-Fundación Universitaria Católica del Norte,6687-PSICOLOGIA,Femenino,2009-1,2021,No cotizante,Sin información,6,0,,"0,0%",NaN
2732-Fundación Universitaria Católica del Norte,6687-PSICOLOGIA,Femenino,2009-1,2022,Dependiente,"Actividades profesionales, científicas y técnicas",1,1,,"100,0%",NaN
2732-Fundación Universitaria Católica del Norte,6687-PSICOLOGIA,Femenino,2009-1,2022,Dependiente,Comercio al por mayor y al por menor; reparación de vehículos automotores y motocicletas,1,1,,"100,0%",NaN
2732-Fundación Universitaria Católica del Norte,6687-PSICOLOGIA,Femenino,2009-1,2022,Dependiente,Educación,2,2,,"100,0%",NaN
2732-Fundación Universitaria Católica del Norte,6687-PSICOLOGIA,Femenino,2009-1,2022,Independiente,"Actividades profesionales, científicas y técnicas",1,1,,"100,0%",NaN
2732-Fundación Universitaria Católica del Norte,6687-PSICOLOGIA,Femenino,2009-1,2022,Independiente,Administración pública y defensa; planes de seguridad social de afiliación obligatoria,2,2,,"100,0%",NaN
2732-Fundación Universitaria Católica del Norte,6687-PSICOLOGIA,Femenino,2009-1,2022,No cotizante,SIN DATO,7,0,,"0,0%",NaN
2732-Fundación Universitaria Católica del Norte,6687-PSICOLOGIA,Femenino,2009-1,2023,Dependiente,"Actividades profesionales, científicas y técnicas",1,1,,"100,0%",NaN
2732-Fundación Universitaria Católica del Norte,6687-PSICOLOGIA,Femenino,2009-1,2023,Dependiente,Comercio al por mayor y al por menor; reparación de vehículos automotores y motocicletas,1,1,,"100,0%",NaN
2732-Fundación Universitaria Católica del Norte,6687-PSICOLOGIA,Femenino,2009-1,2023,Dependiente,Construccion,1,1,,"100,0%",NaN
2732-Fundación Universitaria Católica del Norte,6687-PSICOLOGIA,Femenino,2009-1,2023,Dependiente,Educación,2,2,,"100,0%",NaN
2732-Fundación Universitaria Católica del Norte,6687-PSICOLOGIA,Femenino,2009-1,2023,Independiente,"Actividades profesionales, científicas y técnicas",1,1,,"100,0%",NaN
2732-Fundación Universitaria Católica del Norte,6687-PSICOLOGIA,Femenino,2009-1,2023,Independiente,Administración pública y defensa; planes de seguridad social de afiliación obligatoria,2,2,,"100,0%",NaN
2732-Fundación Universitaria Católica del Norte,6687-PSICOLOGIA,Femenino,2009-1,2023,No cotizante,SIN DATO,6,0,,"0,0%",NaN
2732-Fundación Universitaria Católica del Norte,6687-PSICOLOGIA,Masculino,2009-1,2016,Dependiente,"Actividades profesionales, científicas y técnicas",1,1,,"100,0%",$1.379.000
2732-Fundación Universitaria Católica del Norte,6687-PSICOLOGIA,Masculino,2009-1,2016,Dependiente,Administración pública y defensa; planes de seguridad social de afiliación obligatoria,2,2,,"100,0%",$2.563.500
2732-Fundación Universitaria Católica del Norte,6687-PSICOLOGIA,Masculino,2009-1,2017,Dependiente,"Actividades profesionales, científicas y técnicas",1,1,,"100,0%",NaN
2732-Fundación Universitaria Católica del Norte,6687-PSICOLOGIA,Masculino,2009-1,2017,Dependiente,Sin información,2,2,,"100,0%",NaN
2732-Fundación Universitaria Católica del Norte,6687-PSICOLOGIA,Masculino,2009-1,2018,Dependiente,"Actividades profesionales, científicas y técnicas",1,1,,"100,0%",NaN
2732-Fundación Universitaria Católica del Norte,6687-PSICOLOGIA,Masculino,2009-1,2018,Dependiente,Sin información,2,2,,"100,0%",NaN
2732-Fundación Universitaria Católica del Norte,6687-PSICOLOGIA,Masculino,2009-1,2019,Dependiente,"Actividades profesionales, científicas y técnicas",1,1,,"100,0%",NaN
2732-Fundación Universitaria Católica del Norte,6687-PSICOLOGIA,Masculino,2009-1,2019,Dependiente,Administración pública y defensa; planes de seguridad social de afiliación obligatoria,2,2,,"100,0%",NaN
2732-Fundación Universitaria Católica del Norte,6687-PSICOLOGIA,Masculino,2009-1,2020,Dependiente,Administración pública y defensa; planes de seguridad social de afiliación obligatoria,1,1,,"100,0%",NaN
2732-Fundación Universitaria Católica del Norte,6687-PSICOLOGIA,Masculino,2009-1,2020,Dependiente,Otras actividades de servicios,1,1,,"100,0%",NaN
2732-Fundación Universitaria Católica del Norte,6687-PSICOLOGIA,Masculino,2009-1,2021,Dependiente,Administración pública y defensa; planes de seguridad social de afiliación obligatoria,1,1,,"100,0%",NaN
2732-Fundación Universitaria Católica del Norte,6687-PSICOLOGIA,Masculino,2009-1,2021,Independiente,Comercio al por mayor y al por menor; reparación de vehículos automotores y motocicletas,1,1,,"100,0%",NaN
2732-Fundación Universitaria Católica del Norte,6687-PSICOLOGIA,Masculino,2009-1,2022,Dependiente,Administración pública y defensa; planes de seguridad social de afiliación obligatoria,1,1,,"100,0%",NaN
2732-Fundación Universitaria Católica del Norte,6687-PSICOLOGIA,Masculino,2009-1,2022,Independiente,Otras actividades de servicios,1,1,,"100,0%",NaN
2732-Fundación Universitaria Católica del Norte,6687-PSICOLOGIA,Masculino,2009-1,2023,Dependiente,Administración pública y defensa; planes de seguridad social de afiliación obligatoria,1,1,,"100,0%",NaN
2732-Fundación Universitaria Católica del Norte,6687-PSICOLOGIA,Masculino,2009-1,2023,Independiente,Comercio al por mayor y al por menor; reparación de vehículos automotores y motocicletas,1,1,,"100,0%",NaN
2745-Fundación Universitaria Compensar,101415-ADMINISTRACION DE EMPRESAS,Femenino,2009-1,2017,Dependiente,Actividades de atención de la salud humana y de asistencia social,1,1,,"100,0%",NaN
2745-Fundación Universitaria Compensar,101415-ADMINISTRACION DE EMPRESAS,Femenino,2009-1,2018,Dependiente,Sin información,1,1,,"100,0%",NaN
2745-Fundación Universitaria Compensar,101415-ADMINISTRACION DE EMPRESAS,Femenino,2009-1,2019,Independiente,Actividades de servicios administrativos y de apoyo,1,1,,"100,0%",NaN
2745-Fundación Universitaria Compensar,101415-ADMINISTRACION DE EMPRESAS,Femenino,2009-1,2020,Dependiente,Otras actividades de servicios,1,1,,"100,0%",NaN
2745-Fundación Universitaria Compensar,101415-ADMINISTRACION DE EMPRESAS,Femenino,2009-1,2021,No cotizante,Sin información,1,0,,"0,0%",NaN
2745-Fundación Universitaria Compensar,101415-ADMINISTRACION DE EMPRESAS,Femenino,2009-1,2022,No cotizante,SIN DATO,1,0,,"0,0%",NaN
2745-Fundación Universitaria Compensar,101415-ADMINISTRACION DE EMPRESAS,Femenino,2009-1,2023,No cotizante,SIN DATO,1,0,,"0,0%",NaN
2728-Fundación Universitaria del Área Andina,9757-ESPECIALIZACION EN AUDITORIA EN SALUD,Femenino,2009-1,2016,Dependiente,Actividades de atención de la salud humana y de asistencia social,4,4,,"100,0%",$4.382.000
2728-Fundación Universitaria del Área Andina,9757-ESPECIALIZACION EN AUDITORIA EN SALUD,Femenino,2009-1,2016,Dependiente,Actividades de servicios administrativos y de apoyo,1,1,,"100,0%",$2.390.000
2728-Fundación Universitaria del Área Andina,9757-ESPECIALIZACION EN AUDITORIA EN SALUD,Femenino,2009-1,2016,Dependiente,Actividades financieras y de seguros,1,1,,"100,0%",$3.234.000
2728-Fundación Universitaria del Área Andina,9757-ESPECIALIZACION EN AUDITORIA EN SALUD,Femenino,2009-1,2016,Dependiente,"Agricultura, ganadería, caza, silvicultura y pesca",1,1,,"100,0%",$2.606.000
2728-Fundación Universitaria del Área Andina,9757-ESPECIALIZACION EN AUDITORIA EN SALUD,Femenino,2009-1,2016,Dependiente,Comercio al por mayor y al por menor; reparación de vehículos automotores y motocicletas,1,1,,"100,0%",$930.000
2728-Fundación Universitaria del Área Andina,9757-ESPECIALIZACION EN AUDITORIA EN SALUD,Femenino,2009-1,2016,Dependiente,Educación,1,1,,"100,0%",$3.821.000
2728-Fundación Universitaria del Área Andina,9757-ESPECIALIZACION EN AUDITORIA EN SALUD,Femenino,2009-1,2016,Dependiente,Sin información,2,2,,"100,0%",$1.655.000
2728-Fundación Universitaria del Área Andina,9757-ESPECIALIZACION EN AUDITORIA EN SALUD,Femenino,2009-1,2016,Independiente,"Actividades profesionales, científicas y técnicas",2,2,,"100,0%",NaN
2728-Fundación Universitaria del Área Andina,9757-ESPECIALIZACION EN AUDITORIA EN SALUD,Femenino,2009-1,2016,Independiente,Sin información,1,1,,"100,0%",NaN
2728-Fundación Universitaria del Área Andina,9757-ESPECIALIZACION EN AUDITORIA EN SALUD,Femenino,2009-1,2016,No cotizante,Sin información,2,0,,"0,0%",NaN
2728-Fundación Universitaria del Área Andina,9757-ESPECIALIZACION EN AUDITORIA EN SALUD,Femenino,2009-1,2017,Dependiente,Actividades de atención de la salud humana y de asistencia social,2,2,,"100,0%",NaN
2728-Fundación Universitaria del Área Andina,9757-ESPECIALIZACION EN AUDITORIA EN SALUD,Femenino,2009-1,2017,Dependiente,Actividades de servicios administrativos y de apoyo,1,1,,"100,0%",NaN
2728-Fundación Universitaria del Área Andina,9757-ESPECIALIZACION EN AUDITORIA EN SALUD,Femenino,2009-1,2017,Dependiente,Actividades financieras y de seguros,1,1,,"100,0%",NaN
2728-Fundación Universitaria del Área Andina,9757-ESPECIALIZACION EN AUDITORIA EN SALUD,Femenino,2009-1,2017,Dependiente,Educación,2,2,,"100,0%",NaN
2728-Fundación Universitaria del Área Andina,9757-ESPECIALIZACION EN AUDITORIA EN SALUD,Femenino,2009-1,2017,Dependiente,Información y comunicaciones,1,1,,"100,0%",NaN
2728-Fundación Universitaria del Área Andina,9757-ESPECIALIZACION EN AUDITORIA EN SALUD,Femenino,2009-1,2017,Dependiente,Otras actividades de servicios,1,1,,"100,0%",NaN
2728-Fundación Universitaria del Área Andina,9757-ESPECIALIZACION EN AUDITORIA EN SALUD,Femenino,2009-1,2017,Independiente,"Actividades profesionales, científicas y técnicas",3,3,,"100,0%",NaN
2728-Fundación Universitaria del Área Andina,9757-ESPECIALIZACION EN AUDITORIA EN SALUD,Femenino,2009-1,2017,Independiente,Sin información,3,3,,"100,0%",NaN
2728-Fundación Universitaria del Área Andina,9757-ESPECIALIZACION EN AUDITORIA EN SALUD,Femenino,2009-1,2017,No cotizante,Sin información,2,0,,"0,0%",NaN
2728-Fundación Universitaria del Área Andina,9757-ESPECIALIZACION EN AUDITORIA EN SALUD,Femenino,2009-1,2018,Dependiente,Actividades de atención de la salud humana y de asistencia social,3,3,,"100,0%",NaN
2728-Fundación Universitaria del Área Andina,9757-ESPECIALIZACION EN AUDITORIA EN SALUD,Femenino,2009-1,2018,Dependiente,"Actividades profesionales, científicas y técnicas",1,1,,"100,0%",NaN
2728-Fundación Universitaria del Área Andina,9757-ESPECIALIZACION EN AUDITORIA EN SALUD,Femenino,2009-1,2018,Dependiente,Educación,2,2,,"100,0%",NaN
2728-Fundación Universitaria del Área Andina,9757-ESPECIALIZACION EN AUDITORIA EN SALUD,Femenino,2009-1,2018,Dependiente,Otras actividades de servicios,2,2,,"100,0%",NaN
2728-Fundación Universitaria del Área Andina,9757-ESPECIALIZACION EN AUDITORIA EN SALUD,Femenino,2009-1,2018,Independiente,"Actividades profesionales, científicas y técnicas",2,2,,"100,0%",NaN
2728-Fundación Universitaria del Área Andina,9757-ESPECIALIZACION EN AUDITORIA EN SALUD,Femenino,2009-1,2018,Independiente,Sin información,3,3,,"100,0%",NaN
2728-Fundación Universitaria del Área Andina,9757-ESPECIALIZACION EN AUDITORIA EN SALUD,Femenino,2009-1,2018,No cotizante,Sin información,3,0,,"0,0%",NaN
2728-Fundación Universitaria del Área Andina,9757-ESPECIALIZACION EN AUDITORIA EN SALUD,Femenino,2009-1,2019,Dependiente,Actividades de atención de la salud humana y de asistencia social,5,5,,"100,0%",NaN
2728-Fundación Universitaria del Área Andina,9757-ESPECIALIZACION EN AUDITORIA EN SALUD,Femenino,2009-1,2019,Dependiente,Actividades financieras y de seguros,1,1,,"100,0%",NaN
2728-Fundación Universitaria del Área Andina,9757-ESPECIALIZACION EN AUDITORIA EN SALUD,Femenino,2009-1,2019,Dependiente,"Actividades profesionales, científicas y técnicas",1,1,,"100,0%",NaN
2728-Fundación Universitaria del Área Andina,9757-ESPECIALIZACION EN AUDITORIA EN SALUD,Femenino,2009-1,2019,Dependiente,Administración pública y defensa; planes de seguridad social de afiliación obligatoria,1,1,,"100,0%",NaN
2728-Fundación Universitaria del Área Andina,9757-ESPECIALIZACION EN AUDITORIA EN SALUD,Femenino,2009-1,2019,Dependiente,Educación,1,1,,"100,0%",NaN
2728-Fundación Universitaria del Área Andina,9757-ESPECIALIZACION EN AUDITORIA EN SALUD,Femenino,2009-1,2019,Dependiente,Otras actividades de servicios,1,1,,"100,0%",NaN
2728-Fundación Universitaria del Área Andina,9757-ESPECIALIZACION EN AUDITORIA EN SALUD,Femenino,2009-1,2019,Independiente,"Actividades profesionales, científicas y técnicas",4,4,,"100,0%",NaN
2728-Fundación Universitaria del Área Andina,9757-ESPECIALIZACION EN AUDITORIA EN SALUD,Femenino,2009-1,2019,No cotizante,Sin información,2,0,,"0,0%",NaN
2728-Fundación Universitaria del Área Andina,9757-ESPECIALIZACION EN AUDITORIA EN SALUD,Femenino,2009-1,2020,Dependiente,Actividades de atención de la salud humana y de asistencia social,3,3,,"100,0%",NaN
2728-Fundación Universitaria del Área Andina,9757-ESPECIALIZACION EN AUDITORIA EN SALUD,Femenino,2009-1,2020,Dependiente,Actividades de servicios administrativos y de apoyo,1,1,,"100,0%",NaN
2728-Fundación Universitaria del Área Andina,9757-ESPECIALIZACION EN AUDITORIA EN SALUD,Femenino,2009-1,2020,Dependiente,Actividades financieras y de seguros,2,2,,"100,0%",NaN
2728-Fundación Universitaria del Área Andina,9757-ESPECIALIZACION EN AUDITORIA EN SALUD,Femenino,2009-1,2020,Dependiente,Administración pública y defensa; planes de seguridad social de afiliación obligatoria,2,2,,"100,0%",NaN
2728-Fundación Universitaria del Área Andina,9757-ESPECIALIZACION EN AUDITORIA EN SALUD,Femenino,2009-1,2020,Dependiente,Educación,2,2,,"100,0%",NaN
2728-Fundación Universitaria del Área Andina,9757-ESPECIALIZACION EN AUDITORIA EN SALUD,Femenino,2009-1,2020,Dependiente,Otras actividades de servicios,1,1,,"100,0%",NaN
2728-Fundación Universitaria del Área Andina,9757-ESPECIALIZACION EN AUDITORIA EN SALUD,Femenino,2009-1,2020,Independiente,"Actividades profesionales, científicas y técnicas",3,3,,"100,0%",NaN
2728-Fundación Universitaria del Área Andina,9757-ESPECIALIZACION EN AUDITORIA EN SALUD,Femenino,2009-1,2020,No cotizante,Sin información,2,0,,"0,0%",NaN
2728-Fundación Universitaria del Área Andina,9757-ESPECIALIZACION EN AUDITORIA EN SALUD,Femenino,2009-1,2021,Dependiente,Actividades de atención de la salud humana y de asistencia social,3,3,,"100,0%",NaN
2728-Fundación Universitaria del Área Andina,9757-ESPECIALIZACION EN AUDITORIA EN SALUD,Femenino,2009-1,2021,Dependiente,Actividades financieras y de seguros,1,1,,"100,0%",NaN
2728-Fundación Universitaria del Área Andina,9757-ESPECIALIZACION EN AUDITORIA EN SALUD,Femenino,2009-1,2021,Dependiente,"Actividades profesionales, científicas y técnicas",2,2,,"100,0%",NaN
2728-Fundación Universitaria del Área Andina,9757-ESPECIALIZACION EN AUDITORIA EN SALUD,Femenino,2009-1,2021,Dependiente,Administración pública y defensa; planes de seguridad social de afiliación obligatoria,2,2,,"100,0%",NaN
2728-Fundación Universitaria del Área Andina,9757-ESPECIALIZACION EN AUDITORIA EN SALUD,Femenino,2009-1,2021,Dependiente,Comercio al por mayor y al por menor; reparación de vehículos automotores y motocicletas,1,1,,"100,0%",NaN
2728-Fundación Universitaria del Área Andina,9757-ESPECIALIZACION EN AUDITORIA EN SALUD,Femenino,2009-1,2021,Dependiente,Educación,2,2,,"100,0%",NaN
2728-Fundación Universitaria del Área Andina,9757-ESPECIALIZACION EN AUDITORIA EN SALUD,Femenino,2009-1,2021,Independiente,"Actividades profesionales, científicas y técnicas",3,3,,"100,0%",NaN
2728-Fundación Universitaria del Área Andina,9757-ESPECIALIZACION EN AUDITORIA EN SALUD,Femenino,2009-1,2021,Independiente,Otras actividades de servicios,1,1,,"100,0%",NaN
2728-Fundación Universitaria del Área Andina,9757-ESPECIALIZACION EN AUDITORIA EN SALUD,Femenino,2009-1,2021,No cotizante,Sin información,1,0,,"0,0%",NaN
2728-Fundación Universitaria del Área Andina,9757-ESPECIALIZACION EN AUDITORIA EN SALUD,Femenino,2009-1,2022,Dependiente,Actividades de atención de la salud humana y de asistencia social,5,5,,"100,0%",NaN
2728-Fundación Universitaria del Área Andina,9757-ESPECIALIZACION EN AUDITORIA EN SALUD,Femenino,2009-1,2022,Dependiente,Actividades financieras y de seguros,1,1,,"100,0%",NaN
2728-Fundación Universitaria del Área Andina,9757-ESPECIALIZACION EN AUDITORIA EN SALUD,Femenino,2009-1,2022,Dependiente,Administración pública y defensa; planes de seguridad social de afiliación obligatoria,3,3,,"100,0%",NaN
2728-Fundación Universitaria del Área Andina,9757-ESPECIALIZACION EN AUDITORIA EN SALUD,Femenino,2009-1,2022,Dependiente,Educación,1,1,,"100,0%",NaN
2728-Fundación Universitaria del Área Andina,9757-ESPECIALIZACION EN AUDITORIA EN SALUD,Femenino,2009-1,2022,Independiente,"Actividades profesionales, científicas y técnicas",2,2,,"100,0%",NaN
2728-Fundación Universitaria del Área Andina,9757-ESPECIALIZACION EN AUDITORIA EN SALUD,Femenino,2009-1,2022,Independiente,Administración pública y defensa; planes de seguridad social de afiliación obligatoria,1,1,,"100,0%",NaN
2728-Fundación Universitaria del Área Andina,9757-ESPECIALIZACION EN AUDITORIA EN SALUD,Femenino,2009-1,2022,Independiente,Construccion,1,1,,"100,0%",NaN
2728-Fundación Universitaria del Área Andina,9757-ESPECIALIZACION EN AUDITORIA EN SALUD,Femenino,2009-1,2022,No cotizante,SIN DATO,1,0,,"0,0%",NaN
2728-Fundación Universitaria del Área Andina,9757-ESPECIALIZACION EN AUDITORIA EN SALUD,Femenino,2009-1,2023,Dependiente,Actividades de atención de la salud humana y de asistencia social,6,6,,"100,0%",NaN
2728-Fundación Universitaria del Área Andina,9757-ESPECIALIZACION EN AUDITORIA EN SALUD,Femenino,2009-1,2023,Dependiente,Actividades financieras y de seguros,1,1,,"100,0%",NaN
2728-Fundación Universitaria del Área Andina,9757-ESPECIALIZACION EN AUDITORIA EN SALUD,Femenino,2009-1,2023,Dependiente,Administración pública y defensa; planes de seguridad social de afiliación obligatoria,3,3,,"100,0%",NaN
2728-Fundación Universitaria del Área Andina,9757-ESPECIALIZACION EN AUDITORIA EN SALUD,Femenino,2009-1,2023,Independiente,"Actividades profesionales, científicas y técnicas",2,2,,"100,0%",NaN
2728-Fundación Universitaria del Área Andina,9757-ESPECIALIZACION EN AUDITORIA EN SALUD,Femenino,2009-1,2023,Independiente,Otras actividades de servicios,1,1,,"100,0%",NaN
2728-Fundación Universitaria del Área Andina,9757-ESPECIALIZACION EN AUDITORIA EN SALUD,Femenino,2009-1,2023,No cotizante,SIN DATO,2,0,,"0,0%",NaN
2728-Fundación Universitaria del Área Andina,9757-ESPECIALIZACION EN AUDITORIA EN SALUD,Masculino,2009-1,2016,Dependiente,Actividades de atención de la salud humana y de asistencia social,1,1,,"100,0%",$2.070.000
2728-Fundación Universitaria del Área Andina,9757-ESPECIALIZACION EN AUDITORIA EN SALUD,Masculino,2009-1,2016,Independiente,Educación,1,1,,"100,0%",NaN
2728-Fundación Universitaria del Área Andina,9757-ESPECIALIZACION EN AUDITORIA EN SALUD,Masculino,2009-1,2016,No cotizante,Sin información,1,0,,"0,0%",NaN
2728-Fundación Universitaria del Área Andina,9757-ESPECIALIZACION EN AUDITORIA EN SALUD,Masculino,2009-1,2017,Dependiente,Actividades de atención de la salud humana y de asistencia social,1,1,,"100,0%",NaN
2728-Fundación Universitaria del Área Andina,9757-ESPECIALIZACION EN AUDITORIA EN SALUD,Masculino,2009-1,2017,Independiente,"Actividades profesionales, científicas y técnicas",1,1,,"100,0%",NaN
2728-Fundación Universitaria del Área Andina,9757-ESPECIALIZACION EN AUDITORIA EN SALUD,Masculino,2009-1,2017,No cotizante,Sin información,1,0,,"0,0%",NaN
2728-Fundación Universitaria del Área Andina,9757-ESPECIALIZACION EN AUDITORIA EN SALUD,Masculino,2009-1,2018,Dependiente,Actividades de atención de la salud humana y de asistencia social,1,1,,"100,0%",NaN
2728-Fundación Universitaria del Área Andina,9757-ESPECIALIZACION EN AUDITORIA EN SALUD,Masculino,2009-1,2018,Independiente,"Actividades profesionales, científicas y técnicas",1,1,,"100,0%",NaN
2728-Fundación Universitaria del Área Andina,9757-ESPECIALIZACION EN AUDITORIA EN SALUD,Masculino,2009-1,2018,No cotizante,Sin información,1,0,,"0,0%",NaN
2728-Fundación Universitaria del Área Andina,9757-ESPECIALIZACION EN AUDITORIA EN SALUD,Masculino,2009-1,2019,Dependiente,Información y comunicaciones,1,1,,"100,0%",NaN
2728-Fundación Universitaria del Área Andina,9757-ESPECIALIZACION EN AUDITORIA EN SALUD,Masculino,2009-1,2019,Independiente,"Actividades profesionales, científicas y técnicas",1,1,,"100,0%",NaN
2728-Fundación Universitaria del Área Andina,9757-ESPECIALIZACION EN AUDITORIA EN SALUD,Masculino,2009-1,2020,Dependiente,Otras actividades de servicios,1,1,,"100,0%",NaN
2728-Fundación Universitaria del Área Andina,9757-ESPECIALIZACION EN AUDITORIA EN SALUD,Masculino,2009-1,2020,Independiente,"Actividades profesionales, científicas y técnicas",1,1,,"100,0%",NaN
2728-Fundación Universitaria del Área Andina,9757-ESPECIALIZACION EN AUDITORIA EN SALUD,Masculino,2009-1,2021,Dependiente,Otras actividades de servicios,1,1,,"100,0%",NaN
2728-Fundación Universitaria del Área Andina,9757-ESPECIALIZACION EN AUDITORIA EN SALUD,Masculino,2009-1,2021,Independiente,"Actividades profesionales, científicas y técnicas",1,1,,"100,0%",NaN
2728-Fundación Universitaria del Área Andina,9757-ESPECIALIZACION EN AUDITORIA EN SALUD,Masculino,2009-1,2022,Independiente,"Actividades profesionales, científicas y técnicas",1,1,,"100,0%",NaN
2728-Fundación Universitaria del Área Andina,9757-ESPECIALIZACION EN AUDITORIA EN SALUD,Masculino,2009-1,2022,No cotizante,SIN DATO,1,0,,"0,0%",NaN
2728-Fundación Universitaria del Área Andina,9757-ESPECIALIZACION EN AUDITORIA EN SALUD,Masculino,2009-1,2023,Independiente,"Actividades profesionales, científicas y técnicas",1,1,,"100,0%",NaN
2728-Fundación Universitaria del Área Andina,9757-ESPECIALIZACION EN AUDITORIA EN SALUD,Masculino,2009-1,2023,No cotizante,SIN DATO,1,0,,"0,0%",NaN
2728-Fundación Universitaria del Área Andina,9756-ESPECIALIZACION EN GERENCIA EN SALUD OCUPACIONAL,Femenino,2009-1,2016,Dependiente,Actividades de atención de la salud humana y de asistencia social,3,3,,"100,0%",$3.870.667
2728-Fundación Universitaria del Área Andina,9756-ESPECIALIZACION EN GERENCIA EN SALUD OCUPACIONAL,Femenino,2009-1,2016,Dependiente,Actividades financieras y de seguros,1,1,,"100,0%",$10.194.000
2728-Fundación Universitaria del Área Andina,9756-ESPECIALIZACION EN GERENCIA EN SALUD OCUPACIONAL,Femenino,2009-1,2016,Dependiente,"Agricultura, ganadería, caza, silvicultura y pesca",3,3,,"100,0%",$8.725.000
2728-Fundación Universitaria del Área Andina,9756-ESPECIALIZACION EN GERENCIA EN SALUD OCUPACIONAL,Femenino,2009-1,2016,Dependiente,Educación,1,1,,"100,0%",$964.000
2728-Fundación Universitaria del Área Andina,9756-ESPECIALIZACION EN GERENCIA EN SALUD OCUPACIONAL,Femenino,2009-1,2016,Dependiente,Industrias manufactureras,1,1,,"100,0%",$2.300.000
2728-Fundación Universitaria del Área Andina,9756-ESPECIALIZACION EN GERENCIA EN SALUD OCUPACIONAL,Femenino,2009-1,2016,Dependiente,Sin información,1,1,,"100,0%",$4.200.000
2728-Fundación Universitaria del Área Andina,9756-ESPECIALIZACION EN GERENCIA EN SALUD OCUPACIONAL,Femenino,2009-1,2016,Independiente,"Actividades profesionales, científicas y técnicas",1,1,,"100,0%",NaN
2728-Fundación Universitaria del Área Andina,9756-ESPECIALIZACION EN GERENCIA EN SALUD OCUPACIONAL,Femenino,2009-1,2016,Independiente,Sin información,2,2,,"100,0%",NaN
2728-Fundación Universitaria del Área Andina,9756-ESPECIALIZACION EN GERENCIA EN SALUD OCUPACIONAL,Femenino,2009-1,2016,No cotizante,Sin información,1,0,,"0,0%",NaN
2728-Fundación Universitaria del Área Andina,9756-ESPECIALIZACION EN GERENCIA EN SALUD OCUPACIONAL,Femenino,2009-1,2017,Dependiente,Actividades de atención de la salud humana y de asistencia social,3,3,,"100,0%",NaN
2728-Fundación Universitaria del Área Andina,9756-ESPECIALIZACION EN GERENCIA EN SALUD OCUPACIONAL,Femenino,2009-1,2017,Dependiente,Actividades financieras y de seguros,1,1,,"100,0%",NaN
2728-Fundación Universitaria del Área Andina,9756-ESPECIALIZACION EN GERENCIA EN SALUD OCUPACIONAL,Femenino,2009-1,2017,Dependiente,"Actividades profesionales, científicas y técnicas",1,1,,"100,0%",NaN
2728-Fundación Universitaria del Área Andina,9756-ESPECIALIZACION EN GERENCIA EN SALUD OCUPACIONAL,Femenino,2009-1,2017,Dependiente,"Agricultura, ganadería, caza, silvicultura y pesca",3,3,,"100,0%",NaN
2728-Fundación Universitaria del Área Andina,9756-ESPECIALIZACION EN GERENCIA EN SALUD OCUPACIONAL,Femenino,2009-1,2017,Dependiente,Educación,1,1,,"100,0%",NaN
2728-Fundación Universitaria del Área Andina,9756-ESPECIALIZACION EN GERENCIA EN SALUD OCUPACIONAL,Femenino,2009-1,2017,Dependiente,Industrias manufactureras,1,1,,"100,0%",NaN
2728-Fundación Universitaria del Área Andina,9756-ESPECIALIZACION EN GERENCIA EN SALUD OCUPACIONAL,Femenino,2009-1,2017,Independiente,Sin información,4,4,,"100,0%",NaN
2728-Fundación Universitaria del Área Andina,9756-ESPECIALIZACION EN GERENCIA EN SALUD OCUPACIONAL,Femenino,2009-1,2018,Dependiente,Actividades de atención de la salud humana y de asistencia social,2,2,,"100,0%",NaN
2728-Fundación Universitaria del Área Andina,9756-ESPECIALIZACION EN GERENCIA EN SALUD OCUPACIONAL,Femenino,2009-1,2018,Dependiente,Actividades de servicios administrativos y de apoyo,1,1,,"100,0%",NaN
2728-Fundación Universitaria del Área Andina,9756-ESPECIALIZACION EN GERENCIA EN SALUD OCUPACIONAL,Femenino,2009-1,2018,Dependiente,Actividades financieras y de seguros,1,1,,"100,0%",NaN
2728-Fundación Universitaria del Área Andina,9756-ESPECIALIZACION EN GERENCIA EN SALUD OCUPACIONAL,Femenino,2009-1,2018,Dependiente,"Actividades profesionales, científicas y técnicas",3,3,,"100,0%",NaN
2728-Fundación Universitaria del Área Andina,9756-ESPECIALIZACION EN GERENCIA EN SALUD OCUPACIONAL,Femenino,2009-1,2018,Dependiente,"Agricultura, ganadería, caza, silvicultura y pesca",3,3,,"100,0%",NaN
2728-Fundación Universitaria del Área Andina,9756-ESPECIALIZACION EN GERENCIA EN SALUD OCUPACIONAL,Femenino,2009-1,2018,Dependiente,Educación,1,1,,"100,0%",NaN
2728-Fundación Universitaria del Área Andina,9756-ESPECIALIZACION EN GERENCIA EN SALUD OCUPACIONAL,Femenino,2009-1,2018,Independiente,Sin información,2,2,,"100,0%",NaN
2728-Fundación Universitaria del Área Andina,9756-ESPECIALIZACION EN GERENCIA EN SALUD OCUPACIONAL,Femenino,2009-1,2018,No cotizante,Sin información,1,0,,"0,0%",NaN
2728-Fundación Universitaria del Área Andina,9756-ESPECIALIZACION EN GERENCIA EN SALUD OCUPACIONAL,Femenino,2009-1,2019,Dependiente,Actividades de atención de la salud humana y de asistencia social,2,2,,"100,0%",NaN
2728-Fundación Universitaria del Área Andina,9756-ESPECIALIZACION EN GERENCIA EN SALUD OCUPACIONAL,Femenino,2009-1,2019,Dependiente,Actividades financieras y de seguros,2,2,,"100,0%",NaN
2728-Fundación Universitaria del Área Andina,9756-ESPECIALIZACION EN GERENCIA EN SALUD OCUPACIONAL,Femenino,2009-1,2019,Dependiente,"Actividades profesionales, científicas y técnicas",3,3,,"100,0%",NaN
2728-Fundación Universitaria del Área Andina,9756-ESPECIALIZACION EN GERENCIA EN SALUD OCUPACIONAL,Femenino,2009-1,2019,Dependiente,Administración pública y defensa; planes de seguridad social de afiliación obligatoria,1,1,,"100,0%",NaN
2728-Fundación Universitaria del Área Andina,9756-ESPECIALIZACION EN GERENCIA EN SALUD OCUPACIONAL,Femenino,2009-1,2019,Dependiente,"Agricultura, ganadería, caza, silvicultura y pesca",3,3,,"100,0%",NaN
2728-Fundación Universitaria del Área Andina,9756-ESPECIALIZACION EN GERENCIA EN SALUD OCUPACIONAL,Femenino,2009-1,2019,Dependiente,Educación,1,1,,"100,0%",NaN
2728-Fundación Universitaria del Área Andina,9756-ESPECIALIZACION EN GERENCIA EN SALUD OCUPACIONAL,Femenino,2009-1,2019,Independiente,Actividades de atención de la salud humana y de asistencia social,1,1,,"100,0%",NaN
2728-Fundación Universitaria del Área Andina,9756-ESPECIALIZACION EN GERENCIA EN SALUD OCUPACIONAL,Femenino,2009-1,2019,Independiente,Administración pública y defensa; planes de seguridad social de afiliación obligatoria,1,1,,"100,0%",NaN
2728-Fundación Universitaria del Área Andina,9756-ESPECIALIZACION EN GERENCIA EN SALUD OCUPACIONAL,Femenino,2009-1,2020,Dependiente,Actividades de atención de la salud humana y de asistencia social,2,2,,"100,0%",NaN
2728-Fundación Universitaria del Área Andina,9756-ESPECIALIZACION EN GERENCIA EN SALUD OCUPACIONAL,Femenino,2009-1,2020,Dependiente,Actividades de servicios administrativos y de apoyo,1,1,,"100,0%",NaN
2728-Fundación Universitaria del Área Andina,9756-ESPECIALIZACION EN GERENCIA EN SALUD OCUPACIONAL,Femenino,2009-1,2020,Dependiente,Actividades financieras y de seguros,1,1,,"100,0%",NaN
2728-Fundación Universitaria del Área Andina,9756-ESPECIALIZACION EN GERENCIA EN SALUD OCUPACIONAL,Femenino,2009-1,2020,Dependiente,"Actividades profesionales, científicas y técnicas",3,3,,"100,0%",NaN
2728-Fundación Universitaria del Área Andina,9756-ESPECIALIZACION EN GERENCIA EN SALUD OCUPACIONAL,Femenino,2009-1,2020,Dependiente,"Agricultura, ganadería, caza, silvicultura y pesca",2,2,,"100,0%",NaN
2728-Fundación Universitaria del Área Andina,9756-ESPECIALIZACION EN GERENCIA EN SALUD OCUPACIONAL,Femenino,2009-1,2020,Dependiente,Educación,1,1,,"100,0%",NaN
2728-Fundación Universitaria del Área Andina,9756-ESPECIALIZACION EN GERENCIA EN SALUD OCUPACIONAL,Femenino,2009-1,2020,Dependiente,Industrias manufactureras,1,1,,"100,0%",NaN
2728-Fundación Universitaria del Área Andina,9756-ESPECIALIZACION EN GERENCIA EN SALUD OCUPACIONAL,Femenino,2009-1,2020,Independiente,Actividades de atención de la salud humana y de asistencia social,1,1,,"100,0%",NaN
2728-Fundación Universitaria del Área Andina,9756-ESPECIALIZACION EN GERENCIA EN SALUD OCUPACIONAL,Femenino,2009-1,2020,Independiente,Administración pública y defensa; planes de seguridad social de afiliación obligatoria,2,2,,"100,0%",NaN
2728-Fundación Universitaria del Área Andina,9756-ESPECIALIZACION EN GERENCIA EN SALUD OCUPACIONAL,Femenino,2009-1,2021,Dependiente,Actividades de atención de la salud humana y de asistencia social,2,2,,"100,0%",NaN
2728-Fundación Universitaria del Área Andina,9756-ESPECIALIZACION EN GERENCIA EN SALUD OCUPACIONAL,Femenino,2009-1,2021,Dependiente,Actividades de servicios administrativos y de apoyo,2,2,,"100,0%",NaN
2728-Fundación Universitaria del Área Andina,9756-ESPECIALIZACION EN GERENCIA EN SALUD OCUPACIONAL,Femenino,2009-1,2021,Dependiente,Actividades financieras y de seguros,1,1,,"100,0%",NaN
2728-Fundación Universitaria del Área Andina,9756-ESPECIALIZACION EN GERENCIA EN SALUD OCUPACIONAL,Femenino,2009-1,2021,Dependiente,"Actividades profesionales, científicas y técnicas",2,2,,"100,0%",NaN
2728-Fundación Universitaria del Área Andina,9756-ESPECIALIZACION EN GERENCIA EN SALUD OCUPACIONAL,Femenino,2009-1,2021,Dependiente,Explotación de minas y canteras,2,2,,"100,0%",NaN
2728-Fundación Universitaria del Área Andina,9756-ESPECIALIZACION EN GERENCIA EN SALUD OCUPACIONAL,Femenino,2009-1,2021,Dependiente,Transporte y almacenamiento,1,1,,"100,0%",NaN
2728-Fundación Universitaria del Área Andina,9756-ESPECIALIZACION EN GERENCIA EN SALUD OCUPACIONAL,Femenino,2009-1,2021,Independiente,Actividades de atención de la salud humana y de asistencia social,1,1,,"100,0%",NaN
2728-Fundación Universitaria del Área Andina,9756-ESPECIALIZACION EN GERENCIA EN SALUD OCUPACIONAL,Femenino,2009-1,2021,Independiente,Administración pública y defensa; planes de seguridad social de afiliación obligatoria,3,3,,"100,0%",NaN
2728-Fundación Universitaria del Área Andina,9756-ESPECIALIZACION EN GERENCIA EN SALUD OCUPACIONAL,Femenino,2009-1,2022,Dependiente,Actividades de atención de la salud humana y de asistencia social,2,2,,"100,0%",NaN
2728-Fundación Universitaria del Área Andina,9756-ESPECIALIZACION EN GERENCIA EN SALUD OCUPACIONAL,Femenino,2009-1,2022,Dependiente,Actividades de servicios administrativos y de apoyo,1,1,,"100,0%",NaN
2728-Fundación Universitaria del Área Andina,9756-ESPECIALIZACION EN GERENCIA EN SALUD OCUPACIONAL,Femenino,2009-1,2022,Dependiente,Actividades financieras y de seguros,1,1,,"100,0%",NaN
2728-Fundación Universitaria del Área Andina,9756-ESPECIALIZACION EN GERENCIA EN SALUD OCUPACIONAL,Femenino,2009-1,2022,Dependiente,"Actividades profesionales, científicas y técnicas",3,3,,"100,0%",NaN
2728-Fundación Universitaria del Área Andina,9756-ESPECIALIZACION EN GERENCIA EN SALUD OCUPACIONAL,Femenino,2009-1,2022,Dependiente,Explotación de minas y canteras,2,2,,"100,0%",NaN
2728-Fundación Universitaria del Área Andina,9756-ESPECIALIZACION EN GERENCIA EN SALUD OCUPACIONAL,Femenino,2009-1,2022,Dependiente,Otras actividades de servicios,1,1,,"100,0%",NaN
2728-Fundación Universitaria del Área Andina,9756-ESPECIALIZACION EN GERENCIA EN SALUD OCUPACIONAL,Femenino,2009-1,2022,Dependiente,Transporte y almacenamiento,1,1,,"100,0%",NaN
2728-Fundación Universitaria del Área Andina,9756-ESPECIALIZACION EN GERENCIA EN SALUD OCUPACIONAL,Femenino,2009-1,2022,Independiente,Administración pública y defensa; planes de seguridad social de afiliación obligatoria,3,3,,"100,0%",NaN
2728-Fundación Universitaria del Área Andina,9756-ESPECIALIZACION EN GERENCIA EN SALUD OCUPACIONAL,Femenino,2009-1,2023,Dependiente,Actividades de atención de la salud humana y de asistencia social,2,2,,"100,0%",NaN
2728-Fundación Universitaria del Área Andina,9756-ESPECIALIZACION EN GERENCIA EN SALUD OCUPACIONAL,Femenino,2009-1,2023,Dependiente,Actividades de servicios administrativos y de apoyo,2,2,,"100,0%",NaN
2728-Fundación Universitaria del Área Andina,9756-ESPECIALIZACION EN GERENCIA EN SALUD OCUPACIONAL,Femenino,2009-1,2023,Dependiente,Actividades financieras y de seguros,1,1,,"100,0%",NaN
2728-Fundación Universitaria del Área Andina,9756-ESPECIALIZACION EN GERENCIA EN SALUD OCUPACIONAL,Femenino,2009-1,2023,Dependiente,"Actividades profesionales, científicas y técnicas",1,1,,"100,0%",NaN
2728-Fundación Universitaria del Área Andina,9756-ESPECIALIZACION EN GERENCIA EN SALUD OCUPACIONAL,Femenino,2009-1,2023,Dependiente,Comercio al por mayor y al por menor; reparación de vehículos automotores y motocicletas,1,1,,"100,0%",NaN
2728-Fundación Universitaria del Área Andina,9756-ESPECIALIZACION EN GERENCIA EN SALUD OCUPACIONAL,Femenino,2009-1,2023,Dependiente,Explotación de minas y canteras,2,2,,"100,0%",NaN
2728-Fundación Universitaria del Área Andina,9756-ESPECIALIZACION EN GERENCIA EN SALUD OCUPACIONAL,Femenino,2009-1,2023,Dependiente,Otras actividades de servicios,1,1,,"100,0%",NaN
2728-Fundación Universitaria del Área Andina,9756-ESPECIALIZACION EN GERENCIA EN SALUD OCUPACIONAL,Femenino,2009-1,2023,Dependiente,Transporte y almacenamiento,1,1,,"100,0%",NaN
2728-Fundación Universitaria del Área Andina,9756-ESPECIALIZACION EN GERENCIA EN SALUD OCUPACIONAL,Femenino,2009-1,2023,Independiente,Administración pública y defensa; planes de seguridad social de afiliación obligatoria,2,2,,"100,0%",NaN
2728-Fundación Universitaria del Área Andina,9756-ESPECIALIZACION EN GERENCIA EN SALUD OCUPACIONAL,Masculino,2009-1,2016,Dependiente,Actividades de atención de la salud humana y de asistencia social,1,1,,"100,0%",$2.399.000
2728-Fundación Universitaria del Área Andina,9756-ESPECIALIZACION EN GERENCIA EN SALUD OCUPACIONAL,Masculino,2009-1,2016,Dependiente,"Agricultura, ganadería, caza, silvicultura y pesca",1,1,,"100,0%",$3.207.000
2728-Fundación Universitaria del Área Andina,9756-ESPECIALIZACION EN GERENCIA EN SALUD OCUPACIONAL,Masculino,2009-1,2016,Dependiente,Construccion,1,1,,"100,0%",$2.500.000
2728-Fundación Universitaria del Área Andina,9756-ESPECIALIZACION EN GERENCIA EN SALUD OCUPACIONAL,Masculino,2009-1,2016,Dependiente,Educación,1,1,,"100,0%",$2.592.000
2728-Fundación Universitaria del Área Andina,9756-ESPECIALIZACION EN GERENCIA EN SALUD OCUPACIONAL,Masculino,2009-1,2016,Independiente,"Actividades profesionales, científicas y técnicas",2,2,,"100,0%",NaN
2728-Fundación Universitaria del Área Andina,9756-ESPECIALIZACION EN GERENCIA EN SALUD OCUPACIONAL,Masculino,2009-1,2016,Independiente,Educación,1,1,,"100,0%",NaN
2728-Fundación Universitaria del Área Andina,9756-ESPECIALIZACION EN GERENCIA EN SALUD OCUPACIONAL,Masculino,2009-1,2016,Independiente,Explotación de minas y canteras,1,1,,"100,0%",NaN
2728-Fundación Universitaria del Área Andina,9756-ESPECIALIZACION EN GERENCIA EN SALUD OCUPACIONAL,Masculino,2009-1,2016,Independiente,Sin información,2,2,,"100,0%",NaN
2728-Fundación Universitaria del Área Andina,9756-ESPECIALIZACION EN GERENCIA EN SALUD OCUPACIONAL,Masculino,2009-1,2017,Dependiente,Actividades de atención de la salud humana y de asistencia social,1,1,,"100,0%",NaN
2728-Fundación Universitaria del Área Andina,9756-ESPECIALIZACION EN GERENCIA EN SALUD OCUPACIONAL,Masculino,2009-1,2017,Dependiente,"Actividades profesionales, científicas y técnicas",1,1,,"100,0%",NaN
2728-Fundación Universitaria del Área Andina,9756-ESPECIALIZACION EN GERENCIA EN SALUD OCUPACIONAL,Masculino,2009-1,2017,Dependiente,"Agricultura, ganadería, caza, silvicultura y pesca",1,1,,"100,0%",NaN
2728-Fundación Universitaria del Área Andina,9756-ESPECIALIZACION EN GERENCIA EN SALUD OCUPACIONAL,Masculino,2009-1,2017,Dependiente,Construccion,1,1,,"100,0%",NaN
2728-Fundación Universitaria del Área Andina,9756-ESPECIALIZACION EN GERENCIA EN SALUD OCUPACIONAL,Masculino,2009-1,2017,Dependiente,Explotación de minas y canteras,2,2,,"100,0%",NaN
2728-Fundación Universitaria del Área Andina,9756-ESPECIALIZACION EN GERENCIA EN SALUD OCUPACIONAL,Masculino,2009-1,2017,Dependiente,Industrias manufactureras,1,1,,"100,0%",NaN
2728-Fundación Universitaria del Área Andina,9756-ESPECIALIZACION EN GERENCIA EN SALUD OCUPACIONAL,Masculino,2009-1,2017,Independiente,"Actividades profesionales, científicas y técnicas",3,3,,"100,0%",NaN
2728-Fundación Universitaria del Área Andina,9756-ESPECIALIZACION EN GERENCIA EN SALUD OCUPACIONAL,Masculino,2009-1,2018,Dependiente,"Actividades profesionales, científicas y técnicas",2,2,,"100,0%",NaN
2728-Fundación Universitaria del Área Andina,9756-ESPECIALIZACION EN GERENCIA EN SALUD OCUPACIONAL,Masculino,2009-1,2018,Dependiente,Administración pública y defensa; planes de seguridad social de afiliación obligatoria,1,1,,"100,0%",NaN
2728-Fundación Universitaria del Área Andina,9756-ESPECIALIZACION EN GERENCIA EN SALUD OCUPACIONAL,Masculino,2009-1,2018,Dependiente,"Agricultura, ganadería, caza, silvicultura y pesca",1,1,,"100,0%",NaN
2728-Fundación Universitaria del Área Andina,9756-ESPECIALIZACION EN GERENCIA EN SALUD OCUPACIONAL,Masculino,2009-1,2018,Dependiente,Explotación de minas y canteras,1,1,,"100,0%",NaN
2728-Fundación Universitaria del Área Andina,9756-ESPECIALIZACION EN GERENCIA EN SALUD OCUPACIONAL,Masculino,2009-1,2018,Dependiente,Industrias manufactureras,1,1,,"100,0%",NaN
2728-Fundación Universitaria del Área Andina,9756-ESPECIALIZACION EN GERENCIA EN SALUD OCUPACIONAL,Masculino,2009-1,2018,Dependiente,Sin información,1,1,,"100,0%",NaN
2728-Fundación Universitaria del Área Andina,9756-ESPECIALIZACION EN GERENCIA EN SALUD OCUPACIONAL,Masculino,2009-1,2018,Independiente,"Actividades profesionales, científicas y técnicas",2,2,,"100,0%",NaN
2728-Fundación Universitaria del Área Andina,9756-ESPECIALIZACION EN GERENCIA EN SALUD OCUPACIONAL,Masculino,2009-1,2018,Independiente,Información y comunicaciones,1,1,,"100,0%",NaN
2728-Fundación Universitaria del Área Andina,9756-ESPECIALIZACION EN GERENCIA EN SALUD OCUPACIONAL,Masculino,2009-1,2019,Dependiente,Actividades de atención de la salud humana y de asistencia social,1,1,,"100,0%",NaN
2728-Fundación Universitaria del Área Andina,9756-ESPECIALIZACION EN GERENCIA EN SALUD OCUPACIONAL,Masculino,2009-1,2019,Dependiente,"Actividades profesionales, científicas y técnicas",3,3,,"100,0%",NaN
2728-Fundación Universitaria del Área Andina,9756-ESPECIALIZACION EN GERENCIA EN SALUD OCUPACIONAL,Masculino,2009-1,2019,Dependiente,Administración pública y defensa; planes de seguridad social de afiliación obligatoria,1,1,,"100,0%",NaN
2728-Fundación Universitaria del Área Andina,9756-ESPECIALIZACION EN GERENCIA EN SALUD OCUPACIONAL,Masculino,2009-1,2019,Dependiente,"Agricultura, ganadería, caza, silvicultura y pesca",1,1,,"100,0%",NaN
2728-Fundación Universitaria del Área Andina,9756-ESPECIALIZACION EN GERENCIA EN SALUD OCUPACIONAL,Masculino,2009-1,2019,Dependiente,Explotación de minas y canteras,1,1,,"100,0%",NaN
2728-Fundación Universitaria del Área Andina,9756-ESPECIALIZACION EN GERENCIA EN SALUD OCUPACIONAL,Masculino,2009-1,2019,Dependiente,Industrias manufactureras,1,1,,"100,0%",NaN
2728-Fundación Universitaria del Área Andina,9756-ESPECIALIZACION EN GERENCIA EN SALUD OCUPACIONAL,Masculino,2009-1,2019,Independiente,"Actividades profesionales, científicas y técnicas",2,2,,"100,0%",NaN
2728-Fundación Universitaria del Área Andina,9756-ESPECIALIZACION EN GERENCIA EN SALUD OCUPACIONAL,Masculino,2009-1,2020,Dependiente,Actividades de atención de la salud humana y de asistencia social,1,1,,"100,0%",NaN
2728-Fundación Universitaria del Área Andina,9756-ESPECIALIZACION EN GERENCIA EN SALUD OCUPACIONAL,Masculino,2009-1,2020,Dependiente,"Actividades profesionales, científicas y técnicas",1,1,,"100,0%",NaN
2728-Fundación Universitaria del Área Andina,9756-ESPECIALIZACION EN GERENCIA EN SALUD OCUPACIONAL,Masculino,2009-1,2020,Dependiente,"Agricultura, ganadería, caza, silvicultura y pesca",2,2,,"100,0%",NaN
2728-Fundación Universitaria del Área Andina,9756-ESPECIALIZACION EN GERENCIA EN SALUD OCUPACIONAL,Masculino,2009-1,2020,Dependiente,Construccion,1,1,,"100,0%",NaN
2728-Fundación Universitaria del Área Andina,9756-ESPECIALIZACION EN GERENCIA EN SALUD OCUPACIONAL,Masculino,2009-1,2020,Dependiente,Explotación de minas y canteras,2,2,,"100,0%",NaN
2728-Fundación Universitaria del Área Andina,9756-ESPECIALIZACION EN GERENCIA EN SALUD OCUPACIONAL,Masculino,2009-1,2020,Dependiente,Otras actividades de servicios,1,1,,"100,0%",NaN
2728-Fundación Universitaria del Área Andina,9756-ESPECIALIZACION EN GERENCIA EN SALUD OCUPACIONAL,Masculino,2009-1,2020,Independiente,"Actividades profesionales, científicas y técnicas",2,2,,"100,0%",NaN
2728-Fundación Universitaria del Área Andina,9756-ESPECIALIZACION EN GERENCIA EN SALUD OCUPACIONAL,Masculino,2009-1,2021,Dependiente,Actividades de atención de la salud humana y de asistencia social,1,1,,"100,0%",NaN
2728-Fundación Universitaria del Área Andina,9756-ESPECIALIZACION EN GERENCIA EN SALUD OCUPACIONAL,Masculino,2009-1,2021,Dependiente,Administración pública y defensa; planes de seguridad social de afiliación obligatoria,1,1,,"100,0%",NaN
2728-Fundación Universitaria del Área Andina,9756-ESPECIALIZACION EN GERENCIA EN SALUD OCUPACIONAL,Masculino,2009-1,2021,Dependiente,Construccion,1,1,,"100,0%",NaN
2728-Fundación Universitaria del Área Andina,9756-ESPECIALIZACION EN GERENCIA EN SALUD OCUPACIONAL,Masculino,2009-1,2021,Dependiente,Explotación de minas y canteras,4,4,,"100,0%",NaN
2728-Fundación Universitaria del Área Andina,9756-ESPECIALIZACION EN GERENCIA EN SALUD OCUPACIONAL,Masculino,2009-1,2021,Dependiente,Transporte y almacenamiento,1,1,,"100,0%",NaN
2728-Fundación Universitaria del Área Andina,9756-ESPECIALIZACION EN GERENCIA EN SALUD OCUPACIONAL,Masculino,2009-1,2021,Independiente,"Actividades profesionales, científicas y técnicas",2,2,,"100,0%",NaN
2728-Fundación Universitaria del Área Andina,9756-ESPECIALIZACION EN GERENCIA EN SALUD OCUPACIONAL,Masculino,2009-1,2022,Dependiente,Actividades de atención de la salud humana y de asistencia social,1,1,,"100,0%",NaN
2728-Fundación Universitaria del Área Andina,9756-ESPECIALIZACION EN GERENCIA EN SALUD OCUPACIONAL,Masculino,2009-1,2022,Dependiente,"Actividades profesionales, científicas y técnicas",2,2,,"100,0%",NaN
2728-Fundación Universitaria del Área Andina,9756-ESPECIALIZACION EN GERENCIA EN SALUD OCUPACIONAL,Masculino,2009-1,2022,Dependiente,Construccion,1,1,,"100,0%",NaN
2728-Fundación Universitaria del Área Andina,9756-ESPECIALIZACION EN GERENCIA EN SALUD OCUPACIONAL,Masculino,2009-1,2022,Dependiente,Explotación de minas y canteras,3,3,,"100,0%",NaN
2728-Fundación Universitaria del Área Andina,9756-ESPECIALIZACION EN GERENCIA EN SALUD OCUPACIONAL,Masculino,2009-1,2022,Dependiente,Transporte y almacenamiento,1,1,,"100,0%",NaN
2728-Fundación Universitaria del Área Andina,9756-ESPECIALIZACION EN GERENCIA EN SALUD OCUPACIONAL,Masculino,2009-1,2022,Independiente,"Actividades profesionales, científicas y técnicas",2,2,,"100,0%",NaN
2728-Fundación Universitaria del Área Andina,9756-ESPECIALIZACION EN GERENCIA EN SALUD OCUPACIONAL,Masculino,2009-1,2023,Dependiente,Actividades de servicios administrativos y de apoyo,1,1,,"100,0%",NaN
2728-Fundación Universitaria del Área Andina,9756-ESPECIALIZACION EN GERENCIA EN SALUD OCUPACIONAL,Masculino,2009-1,2023,Dependiente,"Actividades profesionales, científicas y técnicas",1,1,,"100,0%",NaN
2728-Fundación Universitaria del Área Andina,9756-ESPECIALIZACION EN GERENCIA EN SALUD OCUPACIONAL,Masculino,2009-1,2023,Dependiente,Administración pública y defensa; planes de seguridad social de afiliación obligatoria,1,1,,"100,0%",NaN
2728-Fundación Universitaria del Área Andina,9756-ESPECIALIZACION EN GERENCIA EN SALUD OCUPACIONAL,Masculino,2009-1,2023,Dependiente,Construccion,1,1,,"100,0%",NaN
2728-Fundación Universitaria del Área Andina,9756-ESPECIALIZACION EN GERENCIA EN SALUD OCUPACIONAL,Masculino,2009-1,2023,Dependiente,Explotación de minas y canteras,3,3,,"100,0%",NaN
2728-Fundación Universitaria del Área Andina,9756-ESPECIALIZACION EN GERENCIA EN SALUD OCUPACIONAL,Masculino,2009-1,2023,Independiente,"Actividades profesionales, científicas y técnicas",2,2,,"100,0%",NaN
2728-Fundación Universitaria del Área Andina,9756-ESPECIALIZACION EN GERENCIA EN SALUD OCUPACIONAL,Masculino,2009-1,2023,No cotizante,SIN DATO,1,0,,"0,0%",NaN
2728-Fundación Universitaria del Área Andina,9794-ESPECIALIZACION EN GESTION AMBIENTAL,Femenino,2009-1,2016,Dependiente,Educación,1,1,,"100,0%",$2.142.000
2728-Fundación Universitaria del Área Andina,9794-ESPECIALIZACION EN GESTION AMBIENTAL,Femenino,2009-1,2016,No cotizante,Sin información,2,0,,"0,0%",NaN
2728-Fundación Universitaria del Área Andina,9794-ESPECIALIZACION EN GESTION AMBIENTAL,Femenino,2009-1,2017,Dependiente,Actividades de servicios administrativos y de apoyo,1,1,,"100,0%",NaN
2728-Fundación Universitaria del Área Andina,9794-ESPECIALIZACION EN GESTION AMBIENTAL,Femenino,2009-1,2017,Independiente,"Actividades profesionales, científicas y técnicas",1,1,,"100,0%",NaN
2728-Fundación Universitaria del Área Andina,9794-ESPECIALIZACION EN GESTION AMBIENTAL,Femenino,2009-1,2017,No cotizante,Sin información,1,0,,"0,0%",NaN
2728-Fundación Universitaria del Área Andina,9794-ESPECIALIZACION EN GESTION AMBIENTAL,Femenino,2009-1,2018,Dependiente,Actividades de servicios administrativos y de apoyo,1,1,,"100,0%",NaN
2728-Fundación Universitaria del Área Andina,9794-ESPECIALIZACION EN GESTION AMBIENTAL,Femenino,2009-1,2018,Independiente,"Actividades profesionales, científicas y técnicas",1,1,,"100,0%",NaN
2728-Fundación Universitaria del Área Andina,9794-ESPECIALIZACION EN GESTION AMBIENTAL,Femenino,2009-1,2018,No cotizante,Sin información,1,0,,"0,0%",NaN
2728-Fundación Universitaria del Área Andina,9794-ESPECIALIZACION EN GESTION AMBIENTAL,Femenino,2009-1,2019,Dependiente,Actividades de servicios administrativos y de apoyo,1,1,,"100,0%",NaN
2728-Fundación Universitaria del Área Andina,9794-ESPECIALIZACION EN GESTION AMBIENTAL,Femenino,2009-1,2019,No cotizante,Sin información,2,0,,"0,0%",NaN
2728-Fundación Universitaria del Área Andina,9794-ESPECIALIZACION EN GESTION AMBIENTAL,Femenino,2009-1,2020,Dependiente,Actividades de servicios administrativos y de apoyo,1,1,,"100,0%",NaN
2728-Fundación Universitaria del Área Andina,9794-ESPECIALIZACION EN GESTION AMBIENTAL,Femenino,2009-1,2020,No cotizante,Sin información,2,0,,"0,0%",NaN
2728-Fundación Universitaria del Área Andina,9794-ESPECIALIZACION EN GESTION AMBIENTAL,Femenino,2009-1,2021,Dependiente,Administración pública y defensa; planes de seguridad social de afiliación obligatoria,1,1,,"100,0%",NaN
2728-Fundación Universitaria del Área Andina,9794-ESPECIALIZACION EN GESTION AMBIENTAL,Femenino,2009-1,2021,No cotizante,Sin información,2,0,,"0,0%",NaN
2728-Fundación Universitaria del Área Andina,9794-ESPECIALIZACION EN GESTION AMBIENTAL,Femenino,2009-1,2022,Dependiente,Administración pública y defensa; planes de seguridad social de afiliación obligatoria,1,1,,"100,0%",NaN
2728-Fundación Universitaria del Área Andina,9794-ESPECIALIZACION EN GESTION AMBIENTAL,Femenino,2009-1,2022,No cotizante,SIN DATO,2,0,,"0,0%",NaN
2728-Fundación Universitaria del Área Andina,9794-ESPECIALIZACION EN GESTION AMBIENTAL,Femenino,2009-1,2023,No cotizante,SIN DATO,3,0,,"0,0%",NaN
2728-Fundación Universitaria del Área Andina,9794-ESPECIALIZACION EN GESTION AMBIENTAL,Masculino,2009-1,2016,Dependiente,Construccion,1,1,,"100,0%",$3.000.000
2728-Fundación Universitaria del Área Andina,9794-ESPECIALIZACION EN GESTION AMBIENTAL,Masculino,2009-1,2016,Dependiente,Educación,1,1,,"100,0%",$10.890.000
2728-Fundación Universitaria del Área Andina,9794-ESPECIALIZACION EN GESTION AMBIENTAL,Masculino,2009-1,2016,Dependiente,Explotación de minas y canteras,1,1,,"100,0%",$689.455
2728-Fundación Universitaria del Área Andina,9794-ESPECIALIZACION EN GESTION AMBIENTAL,Masculino,2009-1,2016,Independiente,"Actividades profesionales, científicas y técnicas",2,2,,"100,0%",NaN
2728-Fundación Universitaria del Área Andina,9794-ESPECIALIZACION EN GESTION AMBIENTAL,Masculino,2009-1,2017,Dependiente,Educación,1,1,,"100,0%",NaN
2728-Fundación Universitaria del Área Andina,9794-ESPECIALIZACION EN GESTION AMBIENTAL,Masculino,2009-1,2017,Dependiente,Sin información,1,1,,"100,0%",NaN
2728-Fundación Universitaria del Área Andina,9794-ESPECIALIZACION EN GESTION AMBIENTAL,Masculino,2009-1,2017,Independiente,"Actividades profesionales, científicas y técnicas",2,2,,"100,0%",NaN
2728-Fundación Universitaria del Área Andina,9794-ESPECIALIZACION EN GESTION AMBIENTAL,Masculino,2009-1,2017,No cotizante,Sin información,1,0,,"0,0%",NaN
2728-Fundación Universitaria del Área Andina,9794-ESPECIALIZACION EN GESTION AMBIENTAL,Masculino,2009-1,2018,Dependiente,Sin información,2,2,,"100,0%",NaN
2728-Fundación Universitaria del Área Andina,9794-ESPECIALIZACION EN GESTION AMBIENTAL,Masculino,2009-1,2018,Independiente,"Actividades profesionales, científicas y técnicas",2,2,,"100,0%",NaN
2728-Fundación Universitaria del Área Andina,9794-ESPECIALIZACION EN GESTION AMBIENTAL,Masculino,2009-1,2018,Independiente,Sin información,1,1,,"100,0%",NaN
2728-Fundación Universitaria del Área Andina,9794-ESPECIALIZACION EN GESTION AMBIENTAL,Masculino,2009-1,2019,Dependiente,Administración pública y defensa; planes de seguridad social de afiliación obligatoria,2,2,,"100,0%",NaN
2728-Fundación Universitaria del Área Andina,9794-ESPECIALIZACION EN GESTION AMBIENTAL,Masculino,2009-1,2019,Independiente,"Actividades profesionales, científicas y técnicas",2,2,,"100,0%",NaN
2728-Fundación Universitaria del Área Andina,9794-ESPECIALIZACION EN GESTION AMBIENTAL,Masculino,2009-1,2019,Independiente,Sin información,1,1,,"100,0%",NaN
2728-Fundación Universitaria del Área Andina,9794-ESPECIALIZACION EN GESTION AMBIENTAL,Masculino,2009-1,2020,Dependiente,"Actividades profesionales, científicas y técnicas",1,1,,"100,0%",NaN
2728-Fundación Universitaria del Área Andina,9794-ESPECIALIZACION EN GESTION AMBIENTAL,Masculino,2009-1,2020,Dependiente,Administración pública y defensa; planes de seguridad social de afiliación obligatoria,1,1,,"100,0%",NaN
2728-Fundación Universitaria del Área Andina,9794-ESPECIALIZACION EN GESTION AMBIENTAL,Masculino,2009-1,2020,Independiente,Actividades de servicios administrativos y de apoyo,1,1,,"100,0%",NaN
2728-Fundación Universitaria del Área Andina,9794-ESPECIALIZACION EN GESTION AMBIENTAL,Masculino,2009-1,2020,Independiente,"Actividades profesionales, científicas y técnicas",2,2,,"100,0%",NaN
2728-Fundación Universitaria del Área Andina,9794-ESPECIALIZACION EN GESTION AMBIENTAL,Masculino,2009-1,2021,Dependiente,Actividades de servicios administrativos y de apoyo,1,1,,"100,0%",NaN
2728-Fundación Universitaria del Área Andina,9794-ESPECIALIZACION EN GESTION AMBIENTAL,Masculino,2009-1,2021,Dependiente,Administración pública y defensa; planes de seguridad social de afiliación obligatoria,1,1,,"100,0%",NaN
2728-Fundación Universitaria del Área Andina,9794-ESPECIALIZACION EN GESTION AMBIENTAL,Masculino,2009-1,2021,Dependiente,Construccion,1,1,,"100,0%",NaN
2728-Fundación Universitaria del Área Andina,9794-ESPECIALIZACION EN GESTION AMBIENTAL,Masculino,2009-1,2021,Independiente,Actividades de servicios administrativos y de apoyo,1,1,,"100,0%",NaN
2728-Fundación Universitaria del Área Andina,9794-ESPECIALIZACION EN GESTION AMBIENTAL,Masculino,2009-1,2021,Independiente,Construccion,1,1,,"100,0%",NaN
2728-Fundación Universitaria del Área Andina,9794-ESPECIALIZACION EN GESTION AMBIENTAL,Masculino,2009-1,2022,Dependiente,Actividades de servicios administrativos y de apoyo,1,1,,"100,0%",NaN
2728-Fundación Universitaria del Área Andina,9794-ESPECIALIZACION EN GESTION AMBIENTAL,Masculino,2009-1,2022,Dependiente,Administración pública y defensa; planes de seguridad social de afiliación obligatoria,1,1,,"100,0%",NaN
2728-Fundación Universitaria del Área Andina,9794-ESPECIALIZACION EN GESTION AMBIENTAL,Masculino,2009-1,2022,Dependiente,Construccion,1,1,,"100,0%",NaN
2728-Fundación Universitaria del Área Andina,9794-ESPECIALIZACION EN GESTION AMBIENTAL,Masculino,2009-1,2022,Independiente,Actividades de servicios administrativos y de apoyo,1,1,,"100,0%",NaN
2728-Fundación Universitaria del Área Andina,9794-ESPECIALIZACION EN GESTION AMBIENTAL,Masculino,2009-1,2022,Independiente,Construccion,1,1,,"100,0%",NaN
2728-Fundación Universitaria del Área Andina,9794-ESPECIALIZACION EN GESTION AMBIENTAL,Masculino,2009-1,2023,Dependiente,Actividades de servicios administrativos y de apoyo,1,1,,"100,0%",NaN
2728-Fundación Universitaria del Área Andina,9794-ESPECIALIZACION EN GESTION AMBIENTAL,Masculino,2009-1,2023,Dependiente,Administración pública y defensa; planes de seguridad social de afiliación obligatoria,1,1,,"100,0%",NaN
2728-Fundación Universitaria del Área Andina,9794-ESPECIALIZACION EN GESTION AMBIENTAL,Masculino,2009-1,2023,Independiente,Actividades de servicios administrativos y de apoyo,1,1,,"100,0%",NaN
2728-Fundación Universitaria del Área Andina,9794-ESPECIALIZACION EN GESTION AMBIENTAL,Masculino,2009-1,2023,No cotizante,SIN DATO,2,0,,"0,0%",NaN
2725-Politécnico Grancolombiano,101389-INGENIERIA INDUSTRIAL,Femenino,2009-1,2017,No cotizante,Sin información,1,0,,"0,0%",NaN
2725-Politécnico Grancolombiano,101389-INGENIERIA INDUSTRIAL,Femenino,2009-1,2018,No cotizante,Sin información,1,0,,"0,0%",NaN
2725-Politécnico Grancolombiano,101389-INGENIERIA INDUSTRIAL,Femenino,2009-1,2019,No cotizante,Sin información,1,0,,"0,0%",NaN
2725-Politécnico Grancolombiano,101389-INGENIERIA INDUSTRIAL,Femenino,2009-1,2020,No cotizante,Sin información,1,0,,"0,0%",NaN
2725-Politécnico Grancolombiano,101389-INGENIERIA INDUSTRIAL,Femenino,2009-1,2021,No cotizante,Sin información,1,0,,"0,0%",NaN
2725-Politécnico Grancolombiano,101389-INGENIERIA INDUSTRIAL,Femenino,2009-1,2022,No cotizante,SIN DATO,1,0,,"0,0%",NaN
2725-Politécnico Grancolombiano,101389-INGENIERIA INDUSTRIAL,Femenino,2009-1,2023,No cotizante,SIN DATO,1,0,,"0,0%",NaN
3716-Tecnológica FITEC,103181-TECNOLOGIA EN GESTION EMPRESARIAL,Femenino,2009-1,2017,No cotizante,Sin información,2,0,,"0,0%",NaN
3716-Tecnológica FITEC,103181-TECNOLOGIA EN GESTION EMPRESARIAL,Femenino,2009-1,2018,No cotizante,Sin información,2,0,,"0,0%",NaN
3716-Tecnológica FITEC,103181-TECNOLOGIA EN GESTION EMPRESARIAL,Femenino,2009-1,2019,No cotizante,Sin información,2,0,,"0,0%",NaN
3716-Tecnológica FITEC,103181-TECNOLOGIA EN GESTION EMPRESARIAL,Femenino,2009-1,2020,No cotizante,Sin información,2,0,,"0,0%",NaN
3716-Tecnológica FITEC,103181-TECNOLOGIA EN GESTION EMPRESARIAL,Femenino,2009-1,2021,No cotizante,Sin información,2,0,,"0,0%",NaN
3716-Tecnológica FITEC,103181-TECNOLOGIA EN GESTION EMPRESARIAL,Femenino,2009-1,2022,No cotizante,SIN DATO,2,0,,"0,0%",NaN
3716-Tecnológica FITEC,103181-TECNOLOGIA EN GESTION EMPRESARIAL,Femenino,2009-1,2023,No cotizante,SIN DATO,2,0,,"0,0%",NaN
1826-Universidad Antonio Nariño,9874-ESPECIALIZACION EN ADMINISTRACION PUBLICA,Femenino,2009-1,2016,Dependiente,Actividades de atención de la salud humana y de asistencia social,1,1,,"100,0%",$4.095.000
1826-Universidad Antonio Nariño,9874-ESPECIALIZACION EN ADMINISTRACION PUBLICA,Femenino,2009-1,2016,Dependiente,"Actividades profesionales, científicas y técnicas",3,3,,"100,0%",$2.626.667
1826-Universidad Antonio Nariño,9874-ESPECIALIZACION EN ADMINISTRACION PUBLICA,Femenino,2009-1,2016,Dependiente,Construccion,1,1,,"100,0%",$2.550.000
1826-Universidad Antonio Nariño,9874-ESPECIALIZACION EN ADMINISTRACION PUBLICA,Femenino,2009-1,2016,Dependiente,Otras actividades de servicios,1,1,,"100,0%",$689.455
1826-Universidad Antonio Nariño,9874-ESPECIALIZACION EN ADMINISTRACION PUBLICA,Femenino,2009-1,2016,Dependiente,Sin información,7,7,,"100,0%",$4.136.857
1826-Universidad Antonio Nariño,9874-ESPECIALIZACION EN ADMINISTRACION PUBLICA,Femenino,2009-1,2016,Independiente,"Actividades profesionales, científicas y técnicas",1,1,,"100,0%",NaN
1826-Universidad Antonio Nariño,9874-ESPECIALIZACION EN ADMINISTRACION PUBLICA,Femenino,2009-1,2016,Independiente,Comercio al por mayor y al por menor; reparación de vehículos automotores y motocicletas,1,1,,"100,0%",NaN
1826-Universidad Antonio Nariño,9874-ESPECIALIZACION EN ADMINISTRACION PUBLICA,Femenino,2009-1,2016,Independiente,Sin información,1,1,,"100,0%",NaN
1826-Universidad Antonio Nariño,9874-ESPECIALIZACION EN ADMINISTRACION PUBLICA,Femenino,2009-1,2016,No cotizante,Sin información,2,0,,"0,0%",NaN
1826-Universidad Antonio Nariño,9874-ESPECIALIZACION EN ADMINISTRACION PUBLICA,Femenino,2009-1,2017,Dependiente,Actividades de servicios administrativos y de apoyo,7,7,,"100,0%",NaN
1826-Universidad Antonio Nariño,9874-ESPECIALIZACION EN ADMINISTRACION PUBLICA,Femenino,2009-1,2017,Dependiente,"Actividades profesionales, científicas y técnicas",2,2,,"100,0%",NaN
1826-Universidad Antonio Nariño,9874-ESPECIALIZACION EN ADMINISTRACION PUBLICA,Femenino,2009-1,2017,Dependiente,Administración pública y defensa; planes de seguridad social de afiliación obligatoria,1,1,,"100,0%",NaN
1826-Universidad Antonio Nariño,9874-ESPECIALIZACION EN ADMINISTRACION PUBLICA,Femenino,2009-1,2017,Dependiente,Construccion,1,1,,"100,0%",NaN
1826-Universidad Antonio Nariño,9874-ESPECIALIZACION EN ADMINISTRACION PUBLICA,Femenino,2009-1,2017,Dependiente,Otras actividades de servicios,1,1,,"100,0%",NaN
1826-Universidad Antonio Nariño,9874-ESPECIALIZACION EN ADMINISTRACION PUBLICA,Femenino,2009-1,2017,Dependiente,Sin información,1,1,,"100,0%",NaN
1826-Universidad Antonio Nariño,9874-ESPECIALIZACION EN ADMINISTRACION PUBLICA,Femenino,2009-1,2017,Independiente,"Actividades profesionales, científicas y técnicas",2,2,,"100,0%",NaN
1826-Universidad Antonio Nariño,9874-ESPECIALIZACION EN ADMINISTRACION PUBLICA,Femenino,2009-1,2017,Independiente,Comercio al por mayor y al por menor; reparación de vehículos automotores y motocicletas,1,1,,"100,0%",NaN
1826-Universidad Antonio Nariño,9874-ESPECIALIZACION EN ADMINISTRACION PUBLICA,Femenino,2009-1,2017,Independiente,Sin información,1,1,,"100,0%",NaN
1826-Universidad Antonio Nariño,9874-ESPECIALIZACION EN ADMINISTRACION PUBLICA,Femenino,2009-1,2017,No cotizante,Sin información,1,0,,"0,0%",NaN
1826-Universidad Antonio Nariño,9874-ESPECIALIZACION EN ADMINISTRACION PUBLICA,Femenino,2009-1,2018,Dependiente,Actividades de servicios administrativos y de apoyo,7,7,,"100,0%",NaN
1826-Universidad Antonio Nariño,9874-ESPECIALIZACION EN ADMINISTRACION PUBLICA,Femenino,2009-1,2018,Dependiente,"Actividades profesionales, científicas y técnicas",1,1,,"100,0%",NaN
1826-Universidad Antonio Nariño,9874-ESPECIALIZACION EN ADMINISTRACION PUBLICA,Femenino,2009-1,2018,Dependiente,Administración pública y defensa; planes de seguridad social de afiliación obligatoria,2,2,,"100,0%",NaN
1826-Universidad Antonio Nariño,9874-ESPECIALIZACION EN ADMINISTRACION PUBLICA,Femenino,2009-1,2018,Dependiente,Otras actividades de servicios,1,1,,"100,0%",NaN
1826-Universidad Antonio Nariño,9874-ESPECIALIZACION EN ADMINISTRACION PUBLICA,Femenino,2009-1,2018,Dependiente,Sin información,1,1,,"100,0%",NaN
1826-Universidad Antonio Nariño,9874-ESPECIALIZACION EN ADMINISTRACION PUBLICA,Femenino,2009-1,2018,Independiente,"Actividades profesionales, científicas y técnicas",2,2,,"100,0%",NaN
1826-Universidad Antonio Nariño,9874-ESPECIALIZACION EN ADMINISTRACION PUBLICA,Femenino,2009-1,2018,Independiente,Comercio al por mayor y al por menor; reparación de vehículos automotores y motocicletas,1,1,,"100,0%",NaN
1826-Universidad Antonio Nariño,9874-ESPECIALIZACION EN ADMINISTRACION PUBLICA,Femenino,2009-1,2018,Independiente,Sin información,1,1,,"100,0%",NaN
1826-Universidad Antonio Nariño,9874-ESPECIALIZACION EN ADMINISTRACION PUBLICA,Femenino,2009-1,2018,No cotizante,Sin información,1,0,,"0,0%",NaN
1826-Universidad Antonio Nariño,9874-ESPECIALIZACION EN ADMINISTRACION PUBLICA,Femenino,2009-1,2019,Dependiente,Actividades de servicios administrativos y de apoyo,7,7,,"100,0%",NaN
1826-Universidad Antonio Nariño,9874-ESPECIALIZACION EN ADMINISTRACION PUBLICA,Femenino,2009-1,2019,Dependiente,"Actividades profesionales, científicas y técnicas",2,2,,"100,0%",NaN
1826-Universidad Antonio Nariño,9874-ESPECIALIZACION EN ADMINISTRACION PUBLICA,Femenino,2009-1,2019,Dependiente,Administración pública y defensa; planes de seguridad social de afiliación obligatoria,1,1,,"100,0%",NaN
1826-Universidad Antonio Nariño,9874-ESPECIALIZACION EN ADMINISTRACION PUBLICA,Femenino,2009-1,2019,Dependiente,Otras actividades de servicios,1,1,,"100,0%",NaN
1826-Universidad Antonio Nariño,9874-ESPECIALIZACION EN ADMINISTRACION PUBLICA,Femenino,2009-1,2019,Independiente,"Actividades profesionales, científicas y técnicas",2,2,,"100,0%",NaN
1826-Universidad Antonio Nariño,9874-ESPECIALIZACION EN ADMINISTRACION PUBLICA,Femenino,2009-1,2019,Independiente,Comercio al por mayor y al por menor; reparación de vehículos automotores y motocicletas,1,1,,"100,0%",NaN
1826-Universidad Antonio Nariño,9874-ESPECIALIZACION EN ADMINISTRACION PUBLICA,Femenino,2009-1,2019,Independiente,Sin información,1,1,,"100,0%",NaN
1826-Universidad Antonio Nariño,9874-ESPECIALIZACION EN ADMINISTRACION PUBLICA,Femenino,2009-1,2019,No cotizante,Sin información,1,0,,"0,0%",NaN
1826-Universidad Antonio Nariño,9874-ESPECIALIZACION EN ADMINISTRACION PUBLICA,Femenino,2009-1,2020,Dependiente,Actividades de servicios administrativos y de apoyo,7,7,,"100,0%",NaN
1826-Universidad Antonio Nariño,9874-ESPECIALIZACION EN ADMINISTRACION PUBLICA,Femenino,2009-1,2020,Dependiente,"Actividades profesionales, científicas y técnicas",2,2,,"100,0%",NaN
1826-Universidad Antonio Nariño,9874-ESPECIALIZACION EN ADMINISTRACION PUBLICA,Femenino,2009-1,2020,Dependiente,Administración pública y defensa; planes de seguridad social de afiliación obligatoria,2,2,,"100,0%",NaN
1826-Universidad Antonio Nariño,9874-ESPECIALIZACION EN ADMINISTRACION PUBLICA,Femenino,2009-1,2020,Independiente,"Actividades profesionales, científicas y técnicas",1,1,,"100,0%",NaN
1826-Universidad Antonio Nariño,9874-ESPECIALIZACION EN ADMINISTRACION PUBLICA,Femenino,2009-1,2020,Independiente,Comercio al por mayor y al por menor; reparación de vehículos automotores y motocicletas,1,1,,"100,0%",NaN
1826-Universidad Antonio Nariño,9874-ESPECIALIZACION EN ADMINISTRACION PUBLICA,Femenino,2009-1,2020,No cotizante,Sin información,3,0,,"0,0%",NaN
1826-Universidad Antonio Nariño,9874-ESPECIALIZACION EN ADMINISTRACION PUBLICA,Femenino,2009-1,2021,Dependiente,Actividades de servicios administrativos y de apoyo,5,5,,"100,0%",NaN
1826-Universidad Antonio Nariño,9874-ESPECIALIZACION EN ADMINISTRACION PUBLICA,Femenino,2009-1,2021,Dependiente,"Actividades profesionales, científicas y técnicas",3,3,,"100,0%",NaN
1826-Universidad Antonio Nariño,9874-ESPECIALIZACION EN ADMINISTRACION PUBLICA,Femenino,2009-1,2021,Dependiente,Administración pública y defensa; planes de seguridad social de afiliación obligatoria,3,3,,"100,0%",NaN
1826-Universidad Antonio Nariño,9874-ESPECIALIZACION EN ADMINISTRACION PUBLICA,Femenino,2009-1,2021,Independiente,"Actividades profesionales, científicas y técnicas",2,2,,"100,0%",NaN
1826-Universidad Antonio Nariño,9874-ESPECIALIZACION EN ADMINISTRACION PUBLICA,Femenino,2009-1,2021,Independiente,Comercio al por mayor y al por menor; reparación de vehículos automotores y motocicletas,1,1,,"100,0%",NaN
1826-Universidad Antonio Nariño,9874-ESPECIALIZACION EN ADMINISTRACION PUBLICA,Femenino,2009-1,2021,No cotizante,Sin información,2,0,,"0,0%",NaN
1826-Universidad Antonio Nariño,9874-ESPECIALIZACION EN ADMINISTRACION PUBLICA,Femenino,2009-1,2022,Dependiente,Actividades de servicios administrativos y de apoyo,5,5,,"100,0%",NaN
1826-Universidad Antonio Nariño,9874-ESPECIALIZACION EN ADMINISTRACION PUBLICA,Femenino,2009-1,2022,Dependiente,"Actividades profesionales, científicas y técnicas",4,4,,"100,0%",NaN
1826-Universidad Antonio Nariño,9874-ESPECIALIZACION EN ADMINISTRACION PUBLICA,Femenino,2009-1,2022,Dependiente,Administración pública y defensa; planes de seguridad social de afiliación obligatoria,4,4,,"100,0%",NaN
1826-Universidad Antonio Nariño,9874-ESPECIALIZACION EN ADMINISTRACION PUBLICA,Femenino,2009-1,2022,Independiente,"Actividades profesionales, científicas y técnicas",1,1,,"100,0%",NaN
1826-Universidad Antonio Nariño,9874-ESPECIALIZACION EN ADMINISTRACION PUBLICA,Femenino,2009-1,2022,Independiente,Comercio al por mayor y al por menor; reparación de vehículos automotores y motocicletas,1,1,,"100,0%",NaN
1826-Universidad Antonio Nariño,9874-ESPECIALIZACION EN ADMINISTRACION PUBLICA,Femenino,2009-1,2022,No cotizante,SIN DATO,1,0,,"0,0%",NaN
1826-Universidad Antonio Nariño,9874-ESPECIALIZACION EN ADMINISTRACION PUBLICA,Femenino,2009-1,2023,Dependiente,Actividades de servicios administrativos y de apoyo,6,6,,"100,0%",NaN
1826-Universidad Antonio Nariño,9874-ESPECIALIZACION EN ADMINISTRACION PUBLICA,Femenino,2009-1,2023,Dependiente,"Actividades profesionales, científicas y técnicas",3,3,,"100,0%",NaN
1826-Universidad Antonio Nariño,9874-ESPECIALIZACION EN ADMINISTRACION PUBLICA,Femenino,2009-1,2023,Dependiente,Administración pública y defensa; planes de seguridad social de afiliación obligatoria,2,2,,"100,0%",NaN
1826-Universidad Antonio Nariño,9874-ESPECIALIZACION EN ADMINISTRACION PUBLICA,Femenino,2009-1,2023,Independiente,"Actividades profesionales, científicas y técnicas",1,1,,"100,0%",NaN
1826-Universidad Antonio Nariño,9874-ESPECIALIZACION EN ADMINISTRACION PUBLICA,Femenino,2009-1,2023,Independiente,Comercio al por mayor y al por menor; reparación de vehículos automotores y motocicletas,1,1,,"100,0%",NaN
1826-Universidad Antonio Nariño,9874-ESPECIALIZACION EN ADMINISTRACION PUBLICA,Femenino,2009-1,2023,No cotizante,SIN DATO,3,0,,"0,0%",NaN
1826-Universidad Antonio Nariño,9874-ESPECIALIZACION EN ADMINISTRACION PUBLICA,Masculino,2009-1,2016,Dependiente,"Actividades profesionales, científicas y técnicas",3,3,,"100,0%",$3.178.818
1826-Universidad Antonio Nariño,9874-ESPECIALIZACION EN ADMINISTRACION PUBLICA,Masculino,2009-1,2016,Dependiente,Administración pública y defensa; planes de seguridad social de afiliación obligatoria,4,4,,"100,0%",$3.559.250
1826-Universidad Antonio Nariño,9874-ESPECIALIZACION EN ADMINISTRACION PUBLICA,Masculino,2009-1,2016,Dependiente,"Distribución de agua; evacuación y tratamiento de aguas residuales, gestión de desechos y actividades de saneamiento ambiental",1,1,,"100,0%",$3.500.000
1826-Universidad Antonio Nariño,9874-ESPECIALIZACION EN ADMINISTRACION PUBLICA,Masculino,2009-1,2016,Dependiente,Sin información,1,1,,"100,0%",$4.854.000
1826-Universidad Antonio Nariño,9874-ESPECIALIZACION EN ADMINISTRACION PUBLICA,Masculino,2009-1,2016,Independiente,"Actividades profesionales, científicas y técnicas",2,2,,"100,0%",NaN
1826-Universidad Antonio Nariño,9874-ESPECIALIZACION EN ADMINISTRACION PUBLICA,Masculino,2009-1,2016,Independiente,Sin información,2,2,,"100,0%",NaN
1826-Universidad Antonio Nariño,9874-ESPECIALIZACION EN ADMINISTRACION PUBLICA,Masculino,2009-1,2016,No cotizante,Sin información,3,0,,"0,0%",NaN
1826-Universidad Antonio Nariño,9874-ESPECIALIZACION EN ADMINISTRACION PUBLICA,Masculino,2009-1,2017,Dependiente,Actividades de servicios administrativos y de apoyo,1,1,,"100,0%",NaN
1826-Universidad Antonio Nariño,9874-ESPECIALIZACION EN ADMINISTRACION PUBLICA,Masculino,2009-1,2017,Dependiente,"Actividades profesionales, científicas y técnicas",2,2,,"100,0%",NaN
1826-Universidad Antonio Nariño,9874-ESPECIALIZACION EN ADMINISTRACION PUBLICA,Masculino,2009-1,2017,Dependiente,Administración pública y defensa; planes de seguridad social de afiliación obligatoria,1,1,,"100,0%",NaN
1826-Universidad Antonio Nariño,9874-ESPECIALIZACION EN ADMINISTRACION PUBLICA,Masculino,2009-1,2017,Dependiente,"Distribución de agua; evacuación y tratamiento de aguas residuales, gestión de desechos y actividades de saneamiento ambiental",1,1,,"100,0%",NaN
1826-Universidad Antonio Nariño,9874-ESPECIALIZACION EN ADMINISTRACION PUBLICA,Masculino,2009-1,2017,Dependiente,Educación,1,1,,"100,0%",NaN
1826-Universidad Antonio Nariño,9874-ESPECIALIZACION EN ADMINISTRACION PUBLICA,Masculino,2009-1,2017,Dependiente,Sin información,1,1,,"100,0%",NaN
1826-Universidad Antonio Nariño,9874-ESPECIALIZACION EN ADMINISTRACION PUBLICA,Masculino,2009-1,2017,Independiente,"Actividades profesionales, científicas y técnicas",3,3,,"100,0%",NaN
1826-Universidad Antonio Nariño,9874-ESPECIALIZACION EN ADMINISTRACION PUBLICA,Masculino,2009-1,2017,Independiente,Sin información,2,2,,"100,0%",NaN
1826-Universidad Antonio Nariño,9874-ESPECIALIZACION EN ADMINISTRACION PUBLICA,Masculino,2009-1,2017,No cotizante,Sin información,4,0,,"0,0%",NaN
1826-Universidad Antonio Nariño,9874-ESPECIALIZACION EN ADMINISTRACION PUBLICA,Masculino,2009-1,2018,Dependiente,Actividades de servicios administrativos y de apoyo,1,1,,"100,0%",NaN
1826-Universidad Antonio Nariño,9874-ESPECIALIZACION EN ADMINISTRACION PUBLICA,Masculino,2009-1,2018,Dependiente,"Actividades profesionales, científicas y técnicas",2,2,,"100,0%",NaN
1826-Universidad Antonio Nariño,9874-ESPECIALIZACION EN ADMINISTRACION PUBLICA,Masculino,2009-1,2018,Dependiente,Administración pública y defensa; planes de seguridad social de afiliación obligatoria,1,1,,"100,0%",NaN
1826-Universidad Antonio Nariño,9874-ESPECIALIZACION EN ADMINISTRACION PUBLICA,Masculino,2009-1,2018,Dependiente,"Distribución de agua; evacuación y tratamiento de aguas residuales, gestión de desechos y actividades de saneamiento ambiental",1,1,,"100,0%",NaN
1826-Universidad Antonio Nariño,9874-ESPECIALIZACION EN ADMINISTRACION PUBLICA,Masculino,2009-1,2018,Dependiente,Educación,1,1,,"100,0%",NaN
1826-Universidad Antonio Nariño,9874-ESPECIALIZACION EN ADMINISTRACION PUBLICA,Masculino,2009-1,2018,Dependiente,Sin información,1,1,,"100,0%",NaN
1826-Universidad Antonio Nariño,9874-ESPECIALIZACION EN ADMINISTRACION PUBLICA,Masculino,2009-1,2018,Independiente,"Actividades profesionales, científicas y técnicas",4,4,,"100,0%",NaN
1826-Universidad Antonio Nariño,9874-ESPECIALIZACION EN ADMINISTRACION PUBLICA,Masculino,2009-1,2018,Independiente,Sin información,3,3,,"100,0%",NaN
1826-Universidad Antonio Nariño,9874-ESPECIALIZACION EN ADMINISTRACION PUBLICA,Masculino,2009-1,2018,No cotizante,Sin información,2,0,,"0,0%",NaN
1826-Universidad Antonio Nariño,9874-ESPECIALIZACION EN ADMINISTRACION PUBLICA,Masculino,2009-1,2019,Dependiente,Actividades de servicios administrativos y de apoyo,1,1,,"100,0%",NaN
1826-Universidad Antonio Nariño,9874-ESPECIALIZACION EN ADMINISTRACION PUBLICA,Masculino,2009-1,2019,Dependiente,"Actividades profesionales, científicas y técnicas",1,1,,"100,0%",NaN
1826-Universidad Antonio Nariño,9874-ESPECIALIZACION EN ADMINISTRACION PUBLICA,Masculino,2009-1,2019,Dependiente,Administración pública y defensa; planes de seguridad social de afiliación obligatoria,5,5,,"100,0%",NaN
1826-Universidad Antonio Nariño,9874-ESPECIALIZACION EN ADMINISTRACION PUBLICA,Masculino,2009-1,2019,Dependiente,"Distribución de agua; evacuación y tratamiento de aguas residuales, gestión de desechos y actividades de saneamiento ambiental",1,1,,"100,0%",NaN
1826-Universidad Antonio Nariño,9874-ESPECIALIZACION EN ADMINISTRACION PUBLICA,Masculino,2009-1,2019,Independiente,"Actividades profesionales, científicas y técnicas",5,5,,"100,0%",NaN
1826-Universidad Antonio Nariño,9874-ESPECIALIZACION EN ADMINISTRACION PUBLICA,Masculino,2009-1,2019,No cotizante,Sin información,2,0,,"0,0%",NaN
1826-Universidad Antonio Nariño,9874-ESPECIALIZACION EN ADMINISTRACION PUBLICA,Masculino,2009-1,2020,Dependiente,Actividades de servicios administrativos y de apoyo,1,1,,"100,0%",NaN
1826-Universidad Antonio Nariño,9874-ESPECIALIZACION EN ADMINISTRACION PUBLICA,Masculino,2009-1,2020,Dependiente,"Actividades profesionales, científicas y técnicas",1,1,,"100,0%",NaN
1826-Universidad Antonio Nariño,9874-ESPECIALIZACION EN ADMINISTRACION PUBLICA,Masculino,2009-1,2020,Dependiente,Administración pública y defensa; planes de seguridad social de afiliación obligatoria,3,3,,"100,0%",NaN
1826-Universidad Antonio Nariño,9874-ESPECIALIZACION EN ADMINISTRACION PUBLICA,Masculino,2009-1,2020,Dependiente,Otras actividades de servicios,1,1,,"100,0%",NaN
1826-Universidad Antonio Nariño,9874-ESPECIALIZACION EN ADMINISTRACION PUBLICA,Masculino,2009-1,2020,Independiente,"Actividades profesionales, científicas y técnicas",4,4,,"100,0%",NaN
1826-Universidad Antonio Nariño,9874-ESPECIALIZACION EN ADMINISTRACION PUBLICA,Masculino,2009-1,2020,No cotizante,Sin información,5,0,,"0,0%",NaN
1826-Universidad Antonio Nariño,9874-ESPECIALIZACION EN ADMINISTRACION PUBLICA,Masculino,2009-1,2021,Dependiente,"Actividades profesionales, científicas y técnicas",3,3,,"100,0%",NaN
1826-Universidad Antonio Nariño,9874-ESPECIALIZACION EN ADMINISTRACION PUBLICA,Masculino,2009-1,2021,Dependiente,Administración pública y defensa; planes de seguridad social de afiliación obligatoria,4,4,,"100,0%",NaN
1826-Universidad Antonio Nariño,9874-ESPECIALIZACION EN ADMINISTRACION PUBLICA,Masculino,2009-1,2021,Independiente,"Actividades profesionales, científicas y técnicas",4,4,,"100,0%",NaN
1826-Universidad Antonio Nariño,9874-ESPECIALIZACION EN ADMINISTRACION PUBLICA,Masculino,2009-1,2021,No cotizante,Sin información,4,0,,"0,0%",NaN
1826-Universidad Antonio Nariño,9874-ESPECIALIZACION EN ADMINISTRACION PUBLICA,Masculino,2009-1,2022,Dependiente,"Actividades profesionales, científicas y técnicas",2,2,,"100,0%",NaN
1826-Universidad Antonio Nariño,9874-ESPECIALIZACION EN ADMINISTRACION PUBLICA,Masculino,2009-1,2022,Dependiente,Administración pública y defensa; planes de seguridad social de afiliación obligatoria,5,5,,"100,0%",NaN
1826-Universidad Antonio Nariño,9874-ESPECIALIZACION EN ADMINISTRACION PUBLICA,Masculino,2009-1,2022,Independiente,"Actividades profesionales, científicas y técnicas",4,4,,"100,0%",NaN
1826-Universidad Antonio Nariño,9874-ESPECIALIZACION EN ADMINISTRACION PUBLICA,Masculino,2009-1,2022,Independiente,Educación,1,1,,"100,0%",NaN
1826-Universidad Antonio Nariño,9874-ESPECIALIZACION EN ADMINISTRACION PUBLICA,Masculino,2009-1,2022,No cotizante,SIN DATO,3,0,,"0,0%",NaN
1826-Universidad Antonio Nariño,9874-ESPECIALIZACION EN ADMINISTRACION PUBLICA,Masculino,2009-1,2023,Dependiente,"Actividades profesionales, científicas y técnicas",1,1,,"100,0%",NaN
1826-Universidad Antonio Nariño,9874-ESPECIALIZACION EN ADMINISTRACION PUBLICA,Masculino,2009-1,2023,Dependiente,Administración pública y defensa; planes de seguridad social de afiliación obligatoria,3,3,,"100,0%",NaN
1826-Universidad Antonio Nariño,9874-ESPECIALIZACION EN ADMINISTRACION PUBLICA,Masculino,2009-1,2023,Dependiente,Alojamiento y servicios de comida,1,1,,"100,0%",NaN
1826-Universidad Antonio Nariño,9874-ESPECIALIZACION EN ADMINISTRACION PUBLICA,Masculino,2009-1,2023,Independiente,"Actividades profesionales, científicas y técnicas",6,6,,"100,0%",NaN
1826-Universidad Antonio Nariño,9874-ESPECIALIZACION EN ADMINISTRACION PUBLICA,Masculino,2009-1,2023,No cotizante,SIN DATO,4,0,,"0,0%",NaN
1826-Universidad Antonio Nariño,16116-ESPECIALIZACION EN COMPUTACION PARA LA DOCENCIA,Femenino,2009-1,2016,Dependiente,Actividades de organizaciones y entidades extraterritoriales,1,1,,"100,0%",$3.183.000
1826-Universidad Antonio Nariño,16116-ESPECIALIZACION EN COMPUTACION PARA LA DOCENCIA,Femenino,2009-1,2016,Dependiente,Administración pública y defensa; planes de seguridad social de afiliación obligatoria,5,5,,"100,0%",$2.692.600
1826-Universidad Antonio Nariño,16116-ESPECIALIZACION EN COMPUTACION PARA LA DOCENCIA,Femenino,2009-1,2016,No cotizante,Sin información,1,0,,"0,0%",NaN
1826-Universidad Antonio Nariño,16116-ESPECIALIZACION EN COMPUTACION PARA LA DOCENCIA,Femenino,2009-1,2017,Dependiente,Administración pública y defensa; planes de seguridad social de afiliación obligatoria,6,6,,"100,0%",NaN
1826-Universidad Antonio Nariño,16116-ESPECIALIZACION EN COMPUTACION PARA LA DOCENCIA,Femenino,2009-1,2017,No cotizante,Sin información,1,0,,"0,0%",NaN
1826-Universidad Antonio Nariño,16116-ESPECIALIZACION EN COMPUTACION PARA LA DOCENCIA,Femenino,2009-1,2018,Dependiente,Administración pública y defensa; planes de seguridad social de afiliación obligatoria,6,6,,"100,0%",NaN
1826-Universidad Antonio Nariño,16116-ESPECIALIZACION EN COMPUTACION PARA LA DOCENCIA,Femenino,2009-1,2018,No cotizante,Sin información,1,0,,"0,0%",NaN
1826-Universidad Antonio Nariño,16116-ESPECIALIZACION EN COMPUTACION PARA LA DOCENCIA,Femenino,2009-1,2019,Dependiente,Administración pública y defensa; planes de seguridad social de afiliación obligatoria,6,6,,"100,0%",NaN
1826-Universidad Antonio Nariño,16116-ESPECIALIZACION EN COMPUTACION PARA LA DOCENCIA,Femenino,2009-1,2019,No cotizante,Sin información,1,0,,"0,0%",NaN
1826-Universidad Antonio Nariño,16116-ESPECIALIZACION EN COMPUTACION PARA LA DOCENCIA,Femenino,2009-1,2020,Dependiente,Administración pública y defensa; planes de seguridad social de afiliación obligatoria,6,6,,"100,0%",NaN
1826-Universidad Antonio Nariño,16116-ESPECIALIZACION EN COMPUTACION PARA LA DOCENCIA,Femenino,2009-1,2020,No cotizante,Sin información,1,0,,"0,0%",NaN
1826-Universidad Antonio Nariño,16116-ESPECIALIZACION EN COMPUTACION PARA LA DOCENCIA,Femenino,2009-1,2021,Dependiente,Actividades de organizaciones y entidades extraterritoriales,1,1,,"100,0%",NaN
1826-Universidad Antonio Nariño,16116-ESPECIALIZACION EN COMPUTACION PARA LA DOCENCIA,Femenino,2009-1,2021,Dependiente,"Actividades profesionales, científicas y técnicas",5,5,,"100,0%",NaN
1826-Universidad Antonio Nariño,16116-ESPECIALIZACION EN COMPUTACION PARA LA DOCENCIA,Femenino,2009-1,2021,No cotizante,Sin información,1,0,,"0,0%",NaN
1826-Universidad Antonio Nariño,16116-ESPECIALIZACION EN COMPUTACION PARA LA DOCENCIA,Femenino,2009-1,2022,Dependiente,Actividades de organizaciones y entidades extraterritoriales,1,1,,"100,0%",NaN
1826-Universidad Antonio Nariño,16116-ESPECIALIZACION EN COMPUTACION PARA LA DOCENCIA,Femenino,2009-1,2022,Dependiente,"Actividades profesionales, científicas y técnicas",5,5,,"100,0%",NaN
1826-Universidad Antonio Nariño,16116-ESPECIALIZACION EN COMPUTACION PARA LA DOCENCIA,Femenino,2009-1,2022,No cotizante,SIN DATO,1,0,,"0,0%",NaN
1826-Universidad Antonio Nariño,16116-ESPECIALIZACION EN COMPUTACION PARA LA DOCENCIA,Femenino,2009-1,2023,Dependiente,Administración pública y defensa; planes de seguridad social de afiliación obligatoria,6,6,,"100,0%",NaN
1826-Universidad Antonio Nariño,16116-ESPECIALIZACION EN COMPUTACION PARA LA DOCENCIA,Femenino,2009-1,2023,No cotizante,SIN DATO,1,0,,"0,0%",NaN
1826-Universidad Antonio Nariño,16116-ESPECIALIZACION EN COMPUTACION PARA LA DOCENCIA,Masculino,2009-1,2016,Dependiente,Actividades de organizaciones y entidades extraterritoriales,1,1,,"100,0%",$3.183.000
1826-Universidad Antonio Nariño,16116-ESPECIALIZACION EN COMPUTACION PARA LA DOCENCIA,Masculino,2009-1,2016,Dependiente,Administración pública y defensa; planes de seguridad social de afiliación obligatoria,2,2,,"100,0%",$2.854.000
1826-Universidad Antonio Nariño,16116-ESPECIALIZACION EN COMPUTACION PARA LA DOCENCIA,Masculino,2009-1,2017,Dependiente,Administración pública y defensa; planes de seguridad social de afiliación obligatoria,2,2,,"100,0%",NaN
1826-Universidad Antonio Nariño,16116-ESPECIALIZACION EN COMPUTACION PARA LA DOCENCIA,Masculino,2009-1,2017,Dependiente,Sin información,1,1,,"100,0%",NaN
1826-Universidad Antonio Nariño,16116-ESPECIALIZACION EN COMPUTACION PARA LA DOCENCIA,Masculino,2009-1,2018,Dependiente,Administración pública y defensa; planes de seguridad social de afiliación obligatoria,2,2,,"100,0%",NaN
1826-Universidad Antonio Nariño,16116-ESPECIALIZACION EN COMPUTACION PARA LA DOCENCIA,Masculino,2009-1,2018,Dependiente,Sin información,1,1,,"100,0%",NaN
1826-Universidad Antonio Nariño,16116-ESPECIALIZACION EN COMPUTACION PARA LA DOCENCIA,Masculino,2009-1,2019,Dependiente,Administración pública y defensa; planes de seguridad social de afiliación obligatoria,3,3,,"100,0%",NaN
1826-Universidad Antonio Nariño,16116-ESPECIALIZACION EN COMPUTACION PARA LA DOCENCIA,Masculino,2009-1,2020,Dependiente,"Actividades profesionales, científicas y técnicas",1,1,,"100,0%",NaN
1826-Universidad Antonio Nariño,16116-ESPECIALIZACION EN COMPUTACION PARA LA DOCENCIA,Masculino,2009-1,2020,Dependiente,Administración pública y defensa; planes de seguridad social de afiliación obligatoria,2,2,,"100,0%",NaN
1826-Universidad Antonio Nariño,16116-ESPECIALIZACION EN COMPUTACION PARA LA DOCENCIA,Masculino,2009-1,2021,Dependiente,Actividades de organizaciones y entidades extraterritoriales,1,1,,"100,0%",NaN
1826-Universidad Antonio Nariño,16116-ESPECIALIZACION EN COMPUTACION PARA LA DOCENCIA,Masculino,2009-1,2021,Dependiente,"Actividades profesionales, científicas y técnicas",1,1,,"100,0%",NaN
1826-Universidad Antonio Nariño,16116-ESPECIALIZACION EN COMPUTACION PARA LA DOCENCIA,Masculino,2009-1,2021,Dependiente,Administración pública y defensa; planes de seguridad social de afiliación obligatoria,1,1,,"100,0%",NaN
1826-Universidad Antonio Nariño,16116-ESPECIALIZACION EN COMPUTACION PARA LA DOCENCIA,Masculino,2009-1,2022,Dependiente,Actividades de organizaciones y entidades extraterritoriales,1,1,,"100,0%",NaN
1826-Universidad Antonio Nariño,16116-ESPECIALIZACION EN COMPUTACION PARA LA DOCENCIA,Masculino,2009-1,2022,Dependiente,"Actividades profesionales, científicas y técnicas",1,1,,"100,0%",NaN
1826-Universidad Antonio Nariño,16116-ESPECIALIZACION EN COMPUTACION PARA LA DOCENCIA,Masculino,2009-1,2022,Dependiente,Administración pública y defensa; planes de seguridad social de afiliación obligatoria,1,1,,"100,0%",NaN
1826-Universidad Antonio Nariño,16116-ESPECIALIZACION EN COMPUTACION PARA LA DOCENCIA,Masculino,2009-1,2023,Dependiente,Administración pública y defensa; planes de seguridad social de afiliación obligatoria,2,2,,"100,0%",NaN
1826-Universidad Antonio Nariño,9716-ESPECIALIZACION EN FINANZAS,Femenino,2009-1,2016,Dependiente,Educación,1,1,,"100,0%",$1.293.000
1826-Universidad Antonio Nariño,9716-ESPECIALIZACION EN FINANZAS,Femenino,2009-1,2016,Dependiente,Sin información,1,1,,"100,0%",$3.659.000
1826-Universidad Antonio Nariño,9716-ESPECIALIZACION EN FINANZAS,Femenino,2009-1,2017,Dependiente,Educación,1,1,,"100,0%",NaN
1826-Universidad Antonio Nariño,9716-ESPECIALIZACION EN FINANZAS,Femenino,2009-1,2018,Dependiente,Educación,1,1,,"100,0%",NaN
1826-Universidad Antonio Nariño,9716-ESPECIALIZACION EN FINANZAS,Femenino,2009-1,2019,Dependiente,Educación,1,1,,"100,0%",NaN
1826-Universidad Antonio Nariño,9716-ESPECIALIZACION EN FINANZAS,Femenino,2009-1,2020,Dependiente,Educación,1,1,,"100,0%",NaN
1826-Universidad Antonio Nariño,9716-ESPECIALIZACION EN FINANZAS,Femenino,2009-1,2021,Dependiente,Educación,1,1,,"100,0%",NaN
1826-Universidad Antonio Nariño,9716-ESPECIALIZACION EN FINANZAS,Femenino,2009-1,2022,Dependiente,Educación,1,1,,"100,0%",NaN
1826-Universidad Antonio Nariño,9716-ESPECIALIZACION EN FINANZAS,Femenino,2009-1,2023,Dependiente,Educación,1,1,,"100,0%",NaN
1823-Universidad Autónoma de Bucaramanga - UNAB,15441-CONTADURIA PUBLICA,Femenino,2009-1,2016,Dependiente,Administración pública y defensa; planes de seguridad social de afiliación obligatoria,1,1,,"100,0%",$689.500
1823-Universidad Autónoma de Bucaramanga - UNAB,15441-CONTADURIA PUBLICA,Femenino,2009-1,2017,Dependiente,"Actividades profesionales, científicas y técnicas",1,1,,"100,0%",NaN
1823-Universidad Autónoma de Bucaramanga - UNAB,15441-CONTADURIA PUBLICA,Femenino,2009-1,2017,No cotizante,Sin información,1,0,,"0,0%",NaN
1823-Universidad Autónoma de Bucaramanga - UNAB,15441-CONTADURIA PUBLICA,Femenino,2009-1,2018,No cotizante,Sin información,2,0,,"0,0%",NaN
1823-Universidad Autónoma de Bucaramanga - UNAB,15441-CONTADURIA PUBLICA,Femenino,2009-1,2019,No cotizante,Sin información,2,0,,"0,0%",NaN
1823-Universidad Autónoma de Bucaramanga - UNAB,15441-CONTADURIA PUBLICA,Femenino,2009-1,2020,No cotizante,Sin información,2,0,,"0,0%",NaN
1823-Universidad Autónoma de Bucaramanga - UNAB,15441-CONTADURIA PUBLICA,Femenino,2009-1,2021,No cotizante,Sin información,2,0,,"0,0%",NaN
1823-Universidad Autónoma de Bucaramanga - UNAB,15441-CONTADURIA PUBLICA,Femenino,2009-1,2022,No cotizante,SIN DATO,2,0,,"0,0%",NaN
1823-Universidad Autónoma de Bucaramanga - UNAB,15441-CONTADURIA PUBLICA,Femenino,2009-1,2023,No cotizante,SIN DATO,2,0,,"0,0%",NaN
1823-Universidad Autónoma de Bucaramanga - UNAB,15441-CONTADURIA PUBLICA,Masculino,2009-1,2016,Independiente,"Actividades profesionales, científicas y técnicas",1,1,,"100,0%",NaN
1823-Universidad Autónoma de Bucaramanga - UNAB,15441-CONTADURIA PUBLICA,Masculino,2009-1,2016,No cotizante,Sin información,1,0,,"0,0%",NaN
1823-Universidad Autónoma de Bucaramanga - UNAB,15441-CONTADURIA PUBLICA,Masculino,2009-1,2017,Dependiente,Construccion,1,1,,"100,0%",NaN
1823-Universidad Autónoma de Bucaramanga - UNAB,15441-CONTADURIA PUBLICA,Masculino,2009-1,2017,No cotizante,Sin información,1,0,,"0,0%",NaN
1823-Universidad Autónoma de Bucaramanga - UNAB,15441-CONTADURIA PUBLICA,Masculino,2009-1,2018,No cotizante,Sin información,2,0,,"0,0%",NaN
1823-Universidad Autónoma de Bucaramanga - UNAB,15441-CONTADURIA PUBLICA,Masculino,2009-1,2019,No cotizante,Sin información,2,0,,"0,0%",NaN
1823-Universidad Autónoma de Bucaramanga - UNAB,15441-CONTADURIA PUBLICA,Masculino,2009-1,2020,Dependiente,Construccion,1,1,,"100,0%",NaN
1823-Universidad Autónoma de Bucaramanga - UNAB,15441-CONTADURIA PUBLICA,Masculino,2009-1,2020,No cotizante,Sin información,1,0,,"0,0%",NaN
1823-Universidad Autónoma de Bucaramanga - UNAB,15441-CONTADURIA PUBLICA,Masculino,2009-1,2021,Dependiente,Construccion,1,1,,"100,0%",NaN
1823-Universidad Autónoma de Bucaramanga - UNAB,15441-CONTADURIA PUBLICA,Masculino,2009-1,2021,No cotizante,Sin información,1,0,,"0,0%",NaN
1823-Universidad Autónoma de Bucaramanga - UNAB,15441-CONTADURIA PUBLICA,Masculino,2009-1,2022,Dependiente,Administración pública y defensa; planes de seguridad social de afiliación obligatoria,1,1,,"100,0%",NaN
1823-Universidad Autónoma de Bucaramanga - UNAB,15441-CONTADURIA PUBLICA,Masculino,2009-1,2022,Dependiente,Construccion,1,1,,"100,0%",NaN
1823-Universidad Autónoma de Bucaramanga - UNAB,15441-CONTADURIA PUBLICA,Masculino,2009-1,2023,Dependiente,Administración pública y defensa; planes de seguridad social de afiliación obligatoria,1,1,,"100,0%",NaN
1823-Universidad Autónoma de Bucaramanga - UNAB,15441-CONTADURIA PUBLICA,Masculino,2009-1,2023,Dependiente,Construccion,1,1,,"100,0%",NaN
1823-Universidad Autónoma de Bucaramanga - UNAB,10363-ESPECIALIZACION EN EDUCACION CON NUEVAS TECNOLOGIAS,Femenino,2009-1,2016,Dependiente,Administración pública y defensa; planes de seguridad social de afiliación obligatoria,1,1,,"100,0%",$2.313.000
1823-Universidad Autónoma de Bucaramanga - UNAB,10363-ESPECIALIZACION EN EDUCACION CON NUEVAS TECNOLOGIAS,Femenino,2009-1,2016,Independiente,Otras actividades de servicios,1,1,,"100,0%",NaN
1823-Universidad Autónoma de Bucaramanga - UNAB,10363-ESPECIALIZACION EN EDUCACION CON NUEVAS TECNOLOGIAS,Femenino,2009-1,2017,Dependiente,Sin información,1,1,,"100,0%",NaN
1823-Universidad Autónoma de Bucaramanga - UNAB,10363-ESPECIALIZACION EN EDUCACION CON NUEVAS TECNOLOGIAS,Femenino,2009-1,2017,Independiente,"Actividades profesionales, científicas y técnicas",1,1,,"100,0%",NaN
1823-Universidad Autónoma de Bucaramanga - UNAB,10363-ESPECIALIZACION EN EDUCACION CON NUEVAS TECNOLOGIAS,Femenino,2009-1,2018,Dependiente,"Actividades profesionales, científicas y técnicas",1,1,,"100,0%",NaN
1823-Universidad Autónoma de Bucaramanga - UNAB,10363-ESPECIALIZACION EN EDUCACION CON NUEVAS TECNOLOGIAS,Femenino,2009-1,2018,Dependiente,Sin información,1,1,,"100,0%",NaN
1823-Universidad Autónoma de Bucaramanga - UNAB,10363-ESPECIALIZACION EN EDUCACION CON NUEVAS TECNOLOGIAS,Femenino,2009-1,2019,Dependiente,"Actividades profesionales, científicas y técnicas",1,1,,"100,0%",NaN
1823-Universidad Autónoma de Bucaramanga - UNAB,10363-ESPECIALIZACION EN EDUCACION CON NUEVAS TECNOLOGIAS,Femenino,2009-1,2019,Dependiente,Sin información,1,1,,"100,0%",NaN
1823-Universidad Autónoma de Bucaramanga - UNAB,10363-ESPECIALIZACION EN EDUCACION CON NUEVAS TECNOLOGIAS,Femenino,2009-1,2020,Dependiente,Otras actividades de servicios,1,1,,"100,0%",NaN
1823-Universidad Autónoma de Bucaramanga - UNAB,10363-ESPECIALIZACION EN EDUCACION CON NUEVAS TECNOLOGIAS,Femenino,2009-1,2020,No cotizante,Sin información,1,0,,"0,0%",NaN
1823-Universidad Autónoma de Bucaramanga - UNAB,10363-ESPECIALIZACION EN EDUCACION CON NUEVAS TECNOLOGIAS,Femenino,2009-1,2021,Dependiente,"Actividades profesionales, científicas y técnicas",1,1,,"100,0%",NaN
1823-Universidad Autónoma de Bucaramanga - UNAB,10363-ESPECIALIZACION EN EDUCACION CON NUEVAS TECNOLOGIAS,Femenino,2009-1,2021,No cotizante,Sin información,1,0,,"0,0%",NaN
1823-Universidad Autónoma de Bucaramanga - UNAB,10363-ESPECIALIZACION EN EDUCACION CON NUEVAS TECNOLOGIAS,Femenino,2009-1,2022,Dependiente,Otras actividades de servicios,1,1,,"100,0%",NaN
1823-Universidad Autónoma de Bucaramanga - UNAB,10363-ESPECIALIZACION EN EDUCACION CON NUEVAS TECNOLOGIAS,Femenino,2009-1,2022,No cotizante,SIN DATO,1,0,,"0,0%",NaN
1823-Universidad Autónoma de Bucaramanga - UNAB,10363-ESPECIALIZACION EN EDUCACION CON NUEVAS TECNOLOGIAS,Femenino,2009-1,2023,Dependiente,Otras actividades de servicios,1,1,,"100,0%",NaN
1823-Universidad Autónoma de Bucaramanga - UNAB,10363-ESPECIALIZACION EN EDUCACION CON NUEVAS TECNOLOGIAS,Femenino,2009-1,2023,No cotizante,SIN DATO,1,0,,"0,0%",NaN
1823-Universidad Autónoma de Bucaramanga - UNAB,10363-ESPECIALIZACION EN EDUCACION CON NUEVAS TECNOLOGIAS,Masculino,2009-1,2016,Dependiente,Administración pública y defensa; planes de seguridad social de afiliación obligatoria,1,1,,"100,0%",$3.961.696
1823-Universidad Autónoma de Bucaramanga - UNAB,10363-ESPECIALIZACION EN EDUCACION CON NUEVAS TECNOLOGIAS,Masculino,2009-1,2017,Dependiente,Administración pública y defensa; planes de seguridad social de afiliación obligatoria,1,1,,"100,0%",NaN
1823-Universidad Autónoma de Bucaramanga - UNAB,10363-ESPECIALIZACION EN EDUCACION CON NUEVAS TECNOLOGIAS,Masculino,2009-1,2018,Dependiente,Administración pública y defensa; planes de seguridad social de afiliación obligatoria,1,1,,"100,0%",NaN
1823-Universidad Autónoma de Bucaramanga - UNAB,10363-ESPECIALIZACION EN EDUCACION CON NUEVAS TECNOLOGIAS,Masculino,2009-1,2019,Dependiente,"Actividades profesionales, científicas y técnicas",1,1,,"100,0%",NaN
1823-Universidad Autónoma de Bucaramanga - UNAB,10363-ESPECIALIZACION EN EDUCACION CON NUEVAS TECNOLOGIAS,Masculino,2009-1,2020,Dependiente,"Actividades profesionales, científicas y técnicas",1,1,,"100,0%",NaN
1823-Universidad Autónoma de Bucaramanga - UNAB,10363-ESPECIALIZACION EN EDUCACION CON NUEVAS TECNOLOGIAS,Masculino,2009-1,2021,Dependiente,Administración pública y defensa; planes de seguridad social de afiliación obligatoria,1,1,,"100,0%",NaN
1823-Universidad Autónoma de Bucaramanga - UNAB,10363-ESPECIALIZACION EN EDUCACION CON NUEVAS TECNOLOGIAS,Masculino,2009-1,2022,Dependiente,Administración pública y defensa; planes de seguridad social de afiliación obligatoria,1,1,,"100,0%",NaN
1823-Universidad Autónoma de Bucaramanga - UNAB,10363-ESPECIALIZACION EN EDUCACION CON NUEVAS TECNOLOGIAS,Masculino,2009-1,2023,Dependiente,Administración pública y defensa; planes de seguridad social de afiliación obligatoria,1,1,,"100,0%",NaN
1823-Universidad Autónoma de Bucaramanga - UNAB,20845-MAESTRIA EN SOFTWARE LIBRE,Femenino,2009-1,2017,Dependiente,Educación,2,2,,"100,0%",NaN
1823-Universidad Autónoma de Bucaramanga - UNAB,20845-MAESTRIA EN SOFTWARE LIBRE,Femenino,2009-1,2018,Dependiente,Educación,1,1,,"100,0%",NaN
1823-Universidad Autónoma de Bucaramanga - UNAB,20845-MAESTRIA EN SOFTWARE LIBRE,Femenino,2009-1,2019,Dependiente,Educación,1,1,,"100,0%",NaN
1823-Universidad Autónoma de Bucaramanga - UNAB,20845-MAESTRIA EN SOFTWARE LIBRE,Femenino,2009-1,2020,Dependiente,Educación,1,1,,"100,0%",NaN
1823-Universidad Autónoma de Bucaramanga - UNAB,20845-MAESTRIA EN SOFTWARE LIBRE,Femenino,2009-1,2021,Dependiente,Educación,1,1,,"100,0%",NaN
1823-Universidad Autónoma de Bucaramanga - UNAB,20845-MAESTRIA EN SOFTWARE LIBRE,Femenino,2009-1,2022,Dependiente,Educación,1,1,,"100,0%",NaN
1823-Universidad Autónoma de Bucaramanga - UNAB,20845-MAESTRIA EN SOFTWARE LIBRE,Femenino,2009-1,2023,Dependiente,Educación,1,1,,"100,0%",NaN
1823-Universidad Autónoma de Bucaramanga - UNAB,20845-MAESTRIA EN SOFTWARE LIBRE,Masculino,2009-1,2017,Dependiente,Actividades de organizaciones y entidades extraterritoriales,1,1,,"100,0%",NaN
1823-Universidad Autónoma de Bucaramanga - UNAB,20845-MAESTRIA EN SOFTWARE LIBRE,Masculino,2009-1,2017,Dependiente,Actividades de servicios administrativos y de apoyo,1,1,,"100,0%",NaN
1823-Universidad Autónoma de Bucaramanga - UNAB,20845-MAESTRIA EN SOFTWARE LIBRE,Masculino,2009-1,2017,Dependiente,"Actividades profesionales, científicas y técnicas",1,1,,"100,0%",NaN
1823-Universidad Autónoma de Bucaramanga - UNAB,20845-MAESTRIA EN SOFTWARE LIBRE,Masculino,2009-1,2017,Dependiente,Educación,3,3,,"100,0%",NaN
1823-Universidad Autónoma de Bucaramanga - UNAB,20845-MAESTRIA EN SOFTWARE LIBRE,Masculino,2009-1,2018,Dependiente,Actividades de organizaciones y entidades extraterritoriales,2,2,,"100,0%",NaN
1823-Universidad Autónoma de Bucaramanga - UNAB,20845-MAESTRIA EN SOFTWARE LIBRE,Masculino,2009-1,2018,Dependiente,Actividades de servicios administrativos y de apoyo,1,1,,"100,0%",NaN
1823-Universidad Autónoma de Bucaramanga - UNAB,20845-MAESTRIA EN SOFTWARE LIBRE,Masculino,2009-1,2018,Dependiente,"Actividades profesionales, científicas y técnicas",2,2,,"100,0%",NaN
1823-Universidad Autónoma de Bucaramanga - UNAB,20845-MAESTRIA EN SOFTWARE LIBRE,Masculino,2009-1,2018,Dependiente,Educación,1,1,,"100,0%",NaN
1823-Universidad Autónoma de Bucaramanga - UNAB,20845-MAESTRIA EN SOFTWARE LIBRE,Masculino,2009-1,2019,Dependiente,Actividades de servicios administrativos y de apoyo,1,1,,"100,0%",NaN
1823-Universidad Autónoma de Bucaramanga - UNAB,20845-MAESTRIA EN SOFTWARE LIBRE,Masculino,2009-1,2019,Dependiente,"Actividades profesionales, científicas y técnicas",1,1,,"100,0%",NaN
1823-Universidad Autónoma de Bucaramanga - UNAB,20845-MAESTRIA EN SOFTWARE LIBRE,Masculino,2009-1,2019,Dependiente,Administración pública y defensa; planes de seguridad social de afiliación obligatoria,2,2,,"100,0%",NaN
1823-Universidad Autónoma de Bucaramanga - UNAB,20845-MAESTRIA EN SOFTWARE LIBRE,Masculino,2009-1,2019,Dependiente,Educación,2,2,,"100,0%",NaN
1823-Universidad Autónoma de Bucaramanga - UNAB,20845-MAESTRIA EN SOFTWARE LIBRE,Masculino,2009-1,2020,Dependiente,"Actividades profesionales, científicas y técnicas",2,2,,"100,0%",NaN
1823-Universidad Autónoma de Bucaramanga - UNAB,20845-MAESTRIA EN SOFTWARE LIBRE,Masculino,2009-1,2020,Dependiente,Comercio al por mayor y al por menor; reparación de vehículos automotores y motocicletas,1,1,,"100,0%",NaN
1823-Universidad Autónoma de Bucaramanga - UNAB,20845-MAESTRIA EN SOFTWARE LIBRE,Masculino,2009-1,2020,Dependiente,Educación,3,3,,"100,0%",NaN
1823-Universidad Autónoma de Bucaramanga - UNAB,20845-MAESTRIA EN SOFTWARE LIBRE,Masculino,2009-1,2021,Dependiente,Actividades de servicios administrativos y de apoyo,1,1,,"100,0%",NaN
1823-Universidad Autónoma de Bucaramanga - UNAB,20845-MAESTRIA EN SOFTWARE LIBRE,Masculino,2009-1,2021,Dependiente,"Actividades profesionales, científicas y técnicas",2,2,,"100,0%",NaN
1823-Universidad Autónoma de Bucaramanga - UNAB,20845-MAESTRIA EN SOFTWARE LIBRE,Masculino,2009-1,2021,Dependiente,Comercio al por mayor y al por menor; reparación de vehículos automotores y motocicletas,1,1,,"100,0%",NaN
1823-Universidad Autónoma de Bucaramanga - UNAB,20845-MAESTRIA EN SOFTWARE LIBRE,Masculino,2009-1,2021,Dependiente,Educación,2,2,,"100,0%",NaN
1823-Universidad Autónoma de Bucaramanga - UNAB,20845-MAESTRIA EN SOFTWARE LIBRE,Masculino,2009-1,2022,Dependiente,Actividades de atención de la salud humana y de asistencia social,1,1,,"100,0%",NaN
1823-Universidad Autónoma de Bucaramanga - UNAB,20845-MAESTRIA EN SOFTWARE LIBRE,Masculino,2009-1,2022,Dependiente,Administración pública y defensa; planes de seguridad social de afiliación obligatoria,2,2,,"100,0%",NaN
1823-Universidad Autónoma de Bucaramanga - UNAB,20845-MAESTRIA EN SOFTWARE LIBRE,Masculino,2009-1,2022,Dependiente,Educación,2,2,,"100,0%",NaN
1823-Universidad Autónoma de Bucaramanga - UNAB,20845-MAESTRIA EN SOFTWARE LIBRE,Masculino,2009-1,2022,Dependiente,Información y comunicaciones,1,1,,"100,0%",NaN
1823-Universidad Autónoma de Bucaramanga - UNAB,20845-MAESTRIA EN SOFTWARE LIBRE,Masculino,2009-1,2023,Dependiente,Actividades de servicios administrativos y de apoyo,1,1,,"100,0%",NaN
1823-Universidad Autónoma de Bucaramanga - UNAB,20845-MAESTRIA EN SOFTWARE LIBRE,Masculino,2009-1,2023,Dependiente,Administración pública y defensa; planes de seguridad social de afiliación obligatoria,2,2,,"100,0%",NaN
1823-Universidad Autónoma de Bucaramanga - UNAB,20845-MAESTRIA EN SOFTWARE LIBRE,Masculino,2009-1,2023,Dependiente,Educación,2,2,,"100,0%",NaN
1823-Universidad Autónoma de Bucaramanga - UNAB,20845-MAESTRIA EN SOFTWARE LIBRE,Masculino,2009-1,2023,Dependiente,Información y comunicaciones,1,1,,"100,0%",NaN
1830-Universidad Autónoma de Occidente,20105-ESPECIALIZACION EN GESTION AMBIENTAL,Femenino,2009-1,2016,Independiente,Información y comunicaciones,1,1,,"100,0%",NaN
1830-Universidad Autónoma de Occidente,20105-ESPECIALIZACION EN GESTION AMBIENTAL,Femenino,2009-1,2017,Independiente,Sin información,1,1,,"100,0%",NaN
1830-Universidad Autónoma de Occidente,20105-ESPECIALIZACION EN GESTION AMBIENTAL,Femenino,2009-1,2018,Independiente,Sin información,1,1,,"100,0%",NaN
1830-Universidad Autónoma de Occidente,20105-ESPECIALIZACION EN GESTION AMBIENTAL,Femenino,2009-1,2019,Independiente,Administración pública y defensa; planes de seguridad social de afiliación obligatoria,1,1,,"100,0%",NaN
1830-Universidad Autónoma de Occidente,20105-ESPECIALIZACION EN GESTION AMBIENTAL,Femenino,2009-1,2020,Independiente,Administración pública y defensa; planes de seguridad social de afiliación obligatoria,1,1,,"100,0%",NaN
1830-Universidad Autónoma de Occidente,20105-ESPECIALIZACION EN GESTION AMBIENTAL,Femenino,2009-1,2021,Independiente,Administración pública y defensa; planes de seguridad social de afiliación obligatoria,1,1,,"100,0%",NaN
1830-Universidad Autónoma de Occidente,20105-ESPECIALIZACION EN GESTION AMBIENTAL,Femenino,2009-1,2022,Independiente,Administración pública y defensa; planes de seguridad social de afiliación obligatoria,1,1,,"100,0%",NaN
1830-Universidad Autónoma de Occidente,20105-ESPECIALIZACION EN GESTION AMBIENTAL,Femenino,2009-1,2023,Independiente,Administración pública y defensa; planes de seguridad social de afiliación obligatoria,1,1,,"100,0%",NaN
1818-Universidad Cooperativa de Colombia,19937-ESPECIALIZACION EN DOCENCIA UNIVERSITARIA,Femenino,2009-1,2016,Dependiente,"Actividades profesionales, científicas y técnicas",1,1,,"100,0%",$9.110.000
1818-Universidad Cooperativa de Colombia,19937-ESPECIALIZACION EN DOCENCIA UNIVERSITARIA,Femenino,2009-1,2016,Dependiente,Administración pública y defensa; planes de seguridad social de afiliación obligatoria,1,1,,"100,0%",$3.183.000
1818-Universidad Cooperativa de Colombia,19937-ESPECIALIZACION EN DOCENCIA UNIVERSITARIA,Femenino,2009-1,2016,Dependiente,Educación,1,1,,"100,0%",$1.697.000
1818-Universidad Cooperativa de Colombia,19937-ESPECIALIZACION EN DOCENCIA UNIVERSITARIA,Femenino,2009-1,2016,No cotizante,Sin información,1,0,,"0,0%",NaN
1818-Universidad Cooperativa de Colombia,19937-ESPECIALIZACION EN DOCENCIA UNIVERSITARIA,Femenino,2009-1,2017,Dependiente,"Actividades profesionales, científicas y técnicas",1,1,,"100,0%",NaN
1818-Universidad Cooperativa de Colombia,19937-ESPECIALIZACION EN DOCENCIA UNIVERSITARIA,Femenino,2009-1,2017,Dependiente,Sin información,1,1,,"100,0%",NaN
1818-Universidad Cooperativa de Colombia,19937-ESPECIALIZACION EN DOCENCIA UNIVERSITARIA,Femenino,2009-1,2017,No cotizante,Sin información,1,0,,"0,0%",NaN
1818-Universidad Cooperativa de Colombia,19937-ESPECIALIZACION EN DOCENCIA UNIVERSITARIA,Femenino,2009-1,2018,Dependiente,"Actividades profesionales, científicas y técnicas",1,1,,"100,0%",NaN
1818-Universidad Cooperativa de Colombia,19937-ESPECIALIZACION EN DOCENCIA UNIVERSITARIA,Femenino,2009-1,2018,Dependiente,Sin información,2,2,,"100,0%",NaN
1818-Universidad Cooperativa de Colombia,19937-ESPECIALIZACION EN DOCENCIA UNIVERSITARIA,Femenino,2009-1,2019,Dependiente,"Actividades profesionales, científicas y técnicas",1,1,,"100,0%",NaN
1818-Universidad Cooperativa de Colombia,19937-ESPECIALIZACION EN DOCENCIA UNIVERSITARIA,Femenino,2009-1,2019,Dependiente,Administración pública y defensa; planes de seguridad social de afiliación obligatoria,1,1,,"100,0%",NaN
1818-Universidad Cooperativa de Colombia,19937-ESPECIALIZACION EN DOCENCIA UNIVERSITARIA,Femenino,2009-1,2019,Dependiente,Sin información,1,1,,"100,0%",NaN
1818-Universidad Cooperativa de Colombia,19937-ESPECIALIZACION EN DOCENCIA UNIVERSITARIA,Femenino,2009-1,2020,Dependiente,"Actividades profesionales, científicas y técnicas",1,1,,"100,0%",NaN
1818-Universidad Cooperativa de Colombia,19937-ESPECIALIZACION EN DOCENCIA UNIVERSITARIA,Femenino,2009-1,2020,Dependiente,Administración pública y defensa; planes de seguridad social de afiliación obligatoria,1,1,,"100,0%",NaN
1818-Universidad Cooperativa de Colombia,19937-ESPECIALIZACION EN DOCENCIA UNIVERSITARIA,Femenino,2009-1,2020,No cotizante,Sin información,1,0,,"0,0%",NaN
1818-Universidad Cooperativa de Colombia,19937-ESPECIALIZACION EN DOCENCIA UNIVERSITARIA,Femenino,2009-1,2021,Dependiente,"Actividades profesionales, científicas y técnicas",1,1,,"100,0%",NaN
1818-Universidad Cooperativa de Colombia,19937-ESPECIALIZACION EN DOCENCIA UNIVERSITARIA,Femenino,2009-1,2021,Dependiente,Educación,1,1,,"100,0%",NaN
1818-Universidad Cooperativa de Colombia,19937-ESPECIALIZACION EN DOCENCIA UNIVERSITARIA,Femenino,2009-1,2021,No cotizante,Sin información,1,0,,"0,0%",NaN
1818-Universidad Cooperativa de Colombia,19937-ESPECIALIZACION EN DOCENCIA UNIVERSITARIA,Femenino,2009-1,2022,Dependiente,"Actividades profesionales, científicas y técnicas",1,1,,"100,0%",NaN
1818-Universidad Cooperativa de Colombia,19937-ESPECIALIZACION EN DOCENCIA UNIVERSITARIA,Femenino,2009-1,2022,Dependiente,Educación,1,1,,"100,0%",NaN
1818-Universidad Cooperativa de Colombia,19937-ESPECIALIZACION EN DOCENCIA UNIVERSITARIA,Femenino,2009-1,2022,No cotizante,SIN DATO,1,0,,"0,0%",NaN
1818-Universidad Cooperativa de Colombia,19937-ESPECIALIZACION EN DOCENCIA UNIVERSITARIA,Femenino,2009-1,2023,Dependiente,"Actividades profesionales, científicas y técnicas",1,1,,"100,0%",NaN
1818-Universidad Cooperativa de Colombia,19937-ESPECIALIZACION EN DOCENCIA UNIVERSITARIA,Femenino,2009-1,2023,Independiente,"Actividades profesionales, científicas y técnicas",1,1,,"100,0%",NaN
1818-Universidad Cooperativa de Colombia,19937-ESPECIALIZACION EN DOCENCIA UNIVERSITARIA,Femenino,2009-1,2023,No cotizante,SIN DATO,1,0,,"0,0%",NaN
1818-Universidad Cooperativa de Colombia,19937-ESPECIALIZACION EN DOCENCIA UNIVERSITARIA,Masculino,2009-1,2016,Dependiente,"Agricultura, ganadería, caza, silvicultura y pesca",1,1,,"100,0%",$3.183.000
1818-Universidad Cooperativa de Colombia,19937-ESPECIALIZACION EN DOCENCIA UNIVERSITARIA,Masculino,2009-1,2016,Independiente,"Actividades profesionales, científicas y técnicas",1,1,,"100,0%",NaN
1818-Universidad Cooperativa de Colombia,19937-ESPECIALIZACION EN DOCENCIA UNIVERSITARIA,Masculino,2009-1,2016,Independiente,Información y comunicaciones,1,1,,"100,0%",NaN
1818-Universidad Cooperativa de Colombia,19937-ESPECIALIZACION EN DOCENCIA UNIVERSITARIA,Masculino,2009-1,2017,Dependiente,Actividades de servicios administrativos y de apoyo,1,1,,"100,0%",NaN
1818-Universidad Cooperativa de Colombia,19937-ESPECIALIZACION EN DOCENCIA UNIVERSITARIA,Masculino,2009-1,2017,Dependiente,"Actividades profesionales, científicas y técnicas",1,1,,"100,0%",NaN
1818-Universidad Cooperativa de Colombia,19937-ESPECIALIZACION EN DOCENCIA UNIVERSITARIA,Masculino,2009-1,2017,Independiente,"Actividades profesionales, científicas y técnicas",1,1,,"100,0%",NaN
1818-Universidad Cooperativa de Colombia,19937-ESPECIALIZACION EN DOCENCIA UNIVERSITARIA,Masculino,2009-1,2018,Dependiente,Actividades de servicios administrativos y de apoyo,1,1,,"100,0%",NaN
1818-Universidad Cooperativa de Colombia,19937-ESPECIALIZACION EN DOCENCIA UNIVERSITARIA,Masculino,2009-1,2018,Independiente,"Actividades profesionales, científicas y técnicas",1,1,,"100,0%",NaN
1818-Universidad Cooperativa de Colombia,19937-ESPECIALIZACION EN DOCENCIA UNIVERSITARIA,Masculino,2009-1,2018,No cotizante,Sin información,1,0,,"0,0%",NaN
1818-Universidad Cooperativa de Colombia,19937-ESPECIALIZACION EN DOCENCIA UNIVERSITARIA,Masculino,2009-1,2019,Dependiente,Administración pública y defensa; planes de seguridad social de afiliación obligatoria,1,1,,"100,0%",NaN
1818-Universidad Cooperativa de Colombia,19937-ESPECIALIZACION EN DOCENCIA UNIVERSITARIA,Masculino,2009-1,2019,Dependiente,Educación,1,1,,"100,0%",NaN
1818-Universidad Cooperativa de Colombia,19937-ESPECIALIZACION EN DOCENCIA UNIVERSITARIA,Masculino,2009-1,2019,Dependiente,Sin información,1,1,,"100,0%",NaN
1818-Universidad Cooperativa de Colombia,19937-ESPECIALIZACION EN DOCENCIA UNIVERSITARIA,Masculino,2009-1,2020,Dependiente,Administración pública y defensa; planes de seguridad social de afiliación obligatoria,1,1,,"100,0%",NaN
1818-Universidad Cooperativa de Colombia,19937-ESPECIALIZACION EN DOCENCIA UNIVERSITARIA,Masculino,2009-1,2020,No cotizante,Sin información,2,0,,"0,0%",NaN
1818-Universidad Cooperativa de Colombia,19937-ESPECIALIZACION EN DOCENCIA UNIVERSITARIA,Masculino,2009-1,2021,Dependiente,Administración pública y defensa; planes de seguridad social de afiliación obligatoria,1,1,,"100,0%",NaN
1818-Universidad Cooperativa de Colombia,19937-ESPECIALIZACION EN DOCENCIA UNIVERSITARIA,Masculino,2009-1,2021,No cotizante,Sin información,2,0,,"0,0%",NaN
1818-Universidad Cooperativa de Colombia,19937-ESPECIALIZACION EN DOCENCIA UNIVERSITARIA,Masculino,2009-1,2022,Dependiente,Administración pública y defensa; planes de seguridad social de afiliación obligatoria,1,1,,"100,0%",NaN
1818-Universidad Cooperativa de Colombia,19937-ESPECIALIZACION EN DOCENCIA UNIVERSITARIA,Masculino,2009-1,2022,No cotizante,SIN DATO,2,0,,"0,0%",NaN
1818-Universidad Cooperativa de Colombia,19937-ESPECIALIZACION EN DOCENCIA UNIVERSITARIA,Masculino,2009-1,2023,Dependiente,Administración pública y defensa; planes de seguridad social de afiliación obligatoria,1,1,,"100,0%",NaN
1818-Universidad Cooperativa de Colombia,19937-ESPECIALIZACION EN DOCENCIA UNIVERSITARIA,Masculino,2009-1,2023,No cotizante,SIN DATO,2,0,,"0,0%",NaN
2812-Universidad EAN,9517-ADMINISTRACION DE EMPRESAS,Femenino,2009-1,2016,Dependiente,Actividades financieras y de seguros,2,2,,"100,0%",$6.799.000
2812-Universidad EAN,9517-ADMINISTRACION DE EMPRESAS,Femenino,2009-1,2016,Dependiente,"Actividades profesionales, científicas y técnicas",2,2,,"100,0%",$3.053.000
2812-Universidad EAN,9517-ADMINISTRACION DE EMPRESAS,Femenino,2009-1,2016,Dependiente,Comercio al por mayor y al por menor; reparación de vehículos automotores y motocicletas,1,1,,"100,0%",$2.524.000
2812-Universidad EAN,9517-ADMINISTRACION DE EMPRESAS,Femenino,2009-1,2016,Dependiente,Industrias manufactureras,2,2,,"100,0%",$7.878.000
2812-Universidad EAN,9517-ADMINISTRACION DE EMPRESAS,Femenino,2009-1,2016,Dependiente,Información y comunicaciones,1,1,,"100,0%",$10.000.000
2812-Universidad EAN,9517-ADMINISTRACION DE EMPRESAS,Femenino,2009-1,2016,Dependiente,Sin información,2,2,,"100,0%",$5.526.500
2812-Universidad EAN,9517-ADMINISTRACION DE EMPRESAS,Femenino,2009-1,2016,Dependiente,Transporte y almacenamiento,2,2,,"100,0%",$4.029.000
2812-Universidad EAN,9517-ADMINISTRACION DE EMPRESAS,Femenino,2009-1,2016,Independiente,"Actividades profesionales, científicas y técnicas",1,1,,"100,0%",NaN
2812-Universidad EAN,9517-ADMINISTRACION DE EMPRESAS,Femenino,2009-1,2016,No cotizante,Sin información,6,0,,"0,0%",NaN
2812-Universidad EAN,9517-ADMINISTRACION DE EMPRESAS,Femenino,2009-1,2017,Dependiente,Actividades de servicios administrativos y de apoyo,1,1,,"100,0%",NaN
2812-Universidad EAN,9517-ADMINISTRACION DE EMPRESAS,Femenino,2009-1,2017,Dependiente,Actividades financieras y de seguros,1,1,,"100,0%",NaN
2812-Universidad EAN,9517-ADMINISTRACION DE EMPRESAS,Femenino,2009-1,2017,Dependiente,"Actividades profesionales, científicas y técnicas",1,1,,"100,0%",NaN
2812-Universidad EAN,9517-ADMINISTRACION DE EMPRESAS,Femenino,2009-1,2017,Dependiente,Comercio al por mayor y al por menor; reparación de vehículos automotores y motocicletas,1,1,,"100,0%",NaN
2812-Universidad EAN,9517-ADMINISTRACION DE EMPRESAS,Femenino,2009-1,2017,Dependiente,Construccion,1,1,,"100,0%",NaN
2812-Universidad EAN,9517-ADMINISTRACION DE EMPRESAS,Femenino,2009-1,2017,Dependiente,Industrias manufactureras,2,2,,"100,0%",NaN
2812-Universidad EAN,9517-ADMINISTRACION DE EMPRESAS,Femenino,2009-1,2017,Dependiente,Sin información,3,3,,"100,0%",NaN
2812-Universidad EAN,9517-ADMINISTRACION DE EMPRESAS,Femenino,2009-1,2017,Dependiente,Transporte y almacenamiento,2,2,,"100,0%",NaN
2812-Universidad EAN,9517-ADMINISTRACION DE EMPRESAS,Femenino,2009-1,2017,No cotizante,Sin información,7,0,,"0,0%",NaN
2812-Universidad EAN,9517-ADMINISTRACION DE EMPRESAS,Femenino,2009-1,2018,Dependiente,Actividades de servicios administrativos y de apoyo,1,1,,"100,0%",NaN
2812-Universidad EAN,9517-ADMINISTRACION DE EMPRESAS,Femenino,2009-1,2018,Dependiente,Actividades financieras y de seguros,1,1,,"100,0%",NaN
2812-Universidad EAN,9517-ADMINISTRACION DE EMPRESAS,Femenino,2009-1,2018,Dependiente,"Actividades profesionales, científicas y técnicas",2,2,,"100,0%",NaN
2812-Universidad EAN,9517-ADMINISTRACION DE EMPRESAS,Femenino,2009-1,2018,Dependiente,Comercio al por mayor y al por menor; reparación de vehículos automotores y motocicletas,1,1,,"100,0%",NaN
2812-Universidad EAN,9517-ADMINISTRACION DE EMPRESAS,Femenino,2009-1,2018,Dependiente,Industrias manufactureras,2,2,,"100,0%",NaN
2812-Universidad EAN,9517-ADMINISTRACION DE EMPRESAS,Femenino,2009-1,2018,Dependiente,Sin información,3,3,,"100,0%",NaN
2812-Universidad EAN,9517-ADMINISTRACION DE EMPRESAS,Femenino,2009-1,2018,Dependiente,Transporte y almacenamiento,2,2,,"100,0%",NaN
2812-Universidad EAN,9517-ADMINISTRACION DE EMPRESAS,Femenino,2009-1,2018,No cotizante,Sin información,7,0,,"0,0%",NaN
2812-Universidad EAN,9517-ADMINISTRACION DE EMPRESAS,Femenino,2009-1,2019,Dependiente,Actividades financieras y de seguros,2,2,,"100,0%",NaN
2812-Universidad EAN,9517-ADMINISTRACION DE EMPRESAS,Femenino,2009-1,2019,Dependiente,"Actividades profesionales, científicas y técnicas",3,3,,"100,0%",NaN
2812-Universidad EAN,9517-ADMINISTRACION DE EMPRESAS,Femenino,2009-1,2019,Dependiente,Administración pública y defensa; planes de seguridad social de afiliación obligatoria,1,1,,"100,0%",NaN
2812-Universidad EAN,9517-ADMINISTRACION DE EMPRESAS,Femenino,2009-1,2019,Dependiente,Comercio al por mayor y al por menor; reparación de vehículos automotores y motocicletas,1,1,,"100,0%",NaN
2812-Universidad EAN,9517-ADMINISTRACION DE EMPRESAS,Femenino,2009-1,2019,Dependiente,Industrias manufactureras,2,2,,"100,0%",NaN
2812-Universidad EAN,9517-ADMINISTRACION DE EMPRESAS,Femenino,2009-1,2019,Dependiente,Transporte y almacenamiento,2,2,,"100,0%",NaN
2812-Universidad EAN,9517-ADMINISTRACION DE EMPRESAS,Femenino,2009-1,2019,Independiente,Otras actividades de servicios,1,1,,"100,0%",NaN
2812-Universidad EAN,9517-ADMINISTRACION DE EMPRESAS,Femenino,2009-1,2019,No cotizante,Sin información,7,0,,"0,0%",NaN
2812-Universidad EAN,9517-ADMINISTRACION DE EMPRESAS,Femenino,2009-1,2020,Dependiente,Actividades de servicios administrativos y de apoyo,1,1,,"100,0%",NaN
2812-Universidad EAN,9517-ADMINISTRACION DE EMPRESAS,Femenino,2009-1,2020,Dependiente,Actividades financieras y de seguros,3,3,,"100,0%",NaN
2812-Universidad EAN,9517-ADMINISTRACION DE EMPRESAS,Femenino,2009-1,2020,Dependiente,Administración pública y defensa; planes de seguridad social de afiliación obligatoria,2,2,,"100,0%",NaN
2812-Universidad EAN,9517-ADMINISTRACION DE EMPRESAS,Femenino,2009-1,2020,Dependiente,Comercio al por mayor y al por menor; reparación de vehículos automotores y motocicletas,1,1,,"100,0%",NaN
2812-Universidad EAN,9517-ADMINISTRACION DE EMPRESAS,Femenino,2009-1,2020,Dependiente,Industrias manufactureras,1,1,,"100,0%",NaN
2812-Universidad EAN,9517-ADMINISTRACION DE EMPRESAS,Femenino,2009-1,2020,Dependiente,Transporte y almacenamiento,2,2,,"100,0%",NaN
2812-Universidad EAN,9517-ADMINISTRACION DE EMPRESAS,Femenino,2009-1,2020,Independiente,"Actividades profesionales, científicas y técnicas",1,1,,"100,0%",NaN
2812-Universidad EAN,9517-ADMINISTRACION DE EMPRESAS,Femenino,2009-1,2020,Independiente,Otras actividades de servicios,1,1,,"100,0%",NaN
2812-Universidad EAN,9517-ADMINISTRACION DE EMPRESAS,Femenino,2009-1,2020,No cotizante,Sin información,7,0,,"0,0%",NaN
2812-Universidad EAN,9517-ADMINISTRACION DE EMPRESAS,Femenino,2009-1,2021,Dependiente,Actividades de servicios administrativos y de apoyo,1,1,,"100,0%",NaN
2812-Universidad EAN,9517-ADMINISTRACION DE EMPRESAS,Femenino,2009-1,2021,Dependiente,Actividades financieras y de seguros,2,2,,"100,0%",NaN
2812-Universidad EAN,9517-ADMINISTRACION DE EMPRESAS,Femenino,2009-1,2021,Dependiente,"Actividades profesionales, científicas y técnicas",1,1,,"100,0%",NaN
2812-Universidad EAN,9517-ADMINISTRACION DE EMPRESAS,Femenino,2009-1,2021,Dependiente,Administración pública y defensa; planes de seguridad social de afiliación obligatoria,2,2,,"100,0%",NaN
2812-Universidad EAN,9517-ADMINISTRACION DE EMPRESAS,Femenino,2009-1,2021,Dependiente,Comercio al por mayor y al por menor; reparación de vehículos automotores y motocicletas,1,1,,"100,0%",NaN
2812-Universidad EAN,9517-ADMINISTRACION DE EMPRESAS,Femenino,2009-1,2021,Dependiente,Industrias manufactureras,1,1,,"100,0%",NaN
2812-Universidad EAN,9517-ADMINISTRACION DE EMPRESAS,Femenino,2009-1,2021,Dependiente,Transporte y almacenamiento,1,1,,"100,0%",NaN
2812-Universidad EAN,9517-ADMINISTRACION DE EMPRESAS,Femenino,2009-1,2021,Independiente,"Actividades profesionales, científicas y técnicas",2,2,,"100,0%",NaN
2812-Universidad EAN,9517-ADMINISTRACION DE EMPRESAS,Femenino,2009-1,2021,Independiente,Otras actividades de servicios,1,1,,"100,0%",NaN
2812-Universidad EAN,9517-ADMINISTRACION DE EMPRESAS,Femenino,2009-1,2021,No cotizante,Sin información,7,0,,"0,0%",NaN
2812-Universidad EAN,9517-ADMINISTRACION DE EMPRESAS,Femenino,2009-1,2022,Dependiente,Actividades de servicios administrativos y de apoyo,1,1,,"100,0%",NaN
2812-Universidad EAN,9517-ADMINISTRACION DE EMPRESAS,Femenino,2009-1,2022,Dependiente,Actividades financieras y de seguros,2,2,,"100,0%",NaN
2812-Universidad EAN,9517-ADMINISTRACION DE EMPRESAS,Femenino,2009-1,2022,Dependiente,"Actividades profesionales, científicas y técnicas",1,1,,"100,0%",NaN
2812-Universidad EAN,9517-ADMINISTRACION DE EMPRESAS,Femenino,2009-1,2022,Dependiente,Administración pública y defensa; planes de seguridad social de afiliación obligatoria,1,1,,"100,0%",NaN
2812-Universidad EAN,9517-ADMINISTRACION DE EMPRESAS,Femenino,2009-1,2022,Dependiente,Comercio al por mayor y al por menor; reparación de vehículos automotores y motocicletas,1,1,,"100,0%",NaN
2812-Universidad EAN,9517-ADMINISTRACION DE EMPRESAS,Femenino,2009-1,2022,Dependiente,Industrias manufactureras,2,2,,"100,0%",NaN
2812-Universidad EAN,9517-ADMINISTRACION DE EMPRESAS,Femenino,2009-1,2022,Dependiente,Transporte y almacenamiento,1,1,,"100,0%",NaN
2812-Universidad EAN,9517-ADMINISTRACION DE EMPRESAS,Femenino,2009-1,2022,Independiente,"Actividades profesionales, científicas y técnicas",1,1,,"100,0%",NaN
2812-Universidad EAN,9517-ADMINISTRACION DE EMPRESAS,Femenino,2009-1,2022,Independiente,Comercio al por mayor y al por menor; reparación de vehículos automotores y motocicletas,1,1,,"100,0%",NaN
2812-Universidad EAN,9517-ADMINISTRACION DE EMPRESAS,Femenino,2009-1,2022,Independiente,Otras actividades de servicios,1,1,,"100,0%",NaN
2812-Universidad EAN,9517-ADMINISTRACION DE EMPRESAS,Femenino,2009-1,2022,No cotizante,SIN DATO,7,0,,"0,0%",NaN
2812-Universidad EAN,9517-ADMINISTRACION DE EMPRESAS,Femenino,2009-1,2023,Dependiente,Actividades de servicios administrativos y de apoyo,1,1,,"100,0%",NaN
2812-Universidad EAN,9517-ADMINISTRACION DE EMPRESAS,Femenino,2009-1,2023,Dependiente,Actividades financieras y de seguros,2,2,,"100,0%",NaN
2812-Universidad EAN,9517-ADMINISTRACION DE EMPRESAS,Femenino,2009-1,2023,Dependiente,Administración pública y defensa; planes de seguridad social de afiliación obligatoria,3,3,,"100,0%",NaN
2812-Universidad EAN,9517-ADMINISTRACION DE EMPRESAS,Femenino,2009-1,2023,Dependiente,Comercio al por mayor y al por menor; reparación de vehículos automotores y motocicletas,1,1,,"100,0%",NaN
2812-Universidad EAN,9517-ADMINISTRACION DE EMPRESAS,Femenino,2009-1,2023,Dependiente,Industrias manufactureras,2,2,,"100,0%",NaN
2812-Universidad EAN,9517-ADMINISTRACION DE EMPRESAS,Femenino,2009-1,2023,Dependiente,Transporte y almacenamiento,1,1,,"100,0%",NaN
2812-Universidad EAN,9517-ADMINISTRACION DE EMPRESAS,Femenino,2009-1,2023,Independiente,"Actividades profesionales, científicas y técnicas",1,1,,"100,0%",NaN
2812-Universidad EAN,9517-ADMINISTRACION DE EMPRESAS,Femenino,2009-1,2023,Independiente,Comercio al por mayor y al por menor; reparación de vehículos automotores y motocicletas,1,1,,"100,0%",NaN
2812-Universidad EAN,9517-ADMINISTRACION DE EMPRESAS,Femenino,2009-1,2023,Independiente,Otras actividades de servicios,1,1,,"100,0%",NaN
2812-Universidad EAN,9517-ADMINISTRACION DE EMPRESAS,Femenino,2009-1,2023,No cotizante,SIN DATO,6,0,,"0,0%",NaN
2812-Universidad EAN,9517-ADMINISTRACION DE EMPRESAS,Masculino,2009-1,2016,Dependiente,Actividades de servicios administrativos y de apoyo,1,1,,"100,0%",$2.150.000
2812-Universidad EAN,9517-ADMINISTRACION DE EMPRESAS,Masculino,2009-1,2016,Dependiente,"Actividades profesionales, científicas y técnicas",2,2,,"100,0%",$9.883.000
2812-Universidad EAN,9517-ADMINISTRACION DE EMPRESAS,Masculino,2009-1,2016,Dependiente,Comercio al por mayor y al por menor; reparación de vehículos automotores y motocicletas,2,2,,"100,0%",$1.845.000
2812-Universidad EAN,9517-ADMINISTRACION DE EMPRESAS,Masculino,2009-1,2016,Dependiente,Industrias manufactureras,1,1,,"100,0%",$1.305.000
2812-Universidad EAN,9517-ADMINISTRACION DE EMPRESAS,Masculino,2009-1,2016,Dependiente,Información y comunicaciones,1,1,,"100,0%",$5.611.000
2812-Universidad EAN,9517-ADMINISTRACION DE EMPRESAS,Masculino,2009-1,2016,Dependiente,Transporte y almacenamiento,1,1,,"100,0%",$6.500.000
2812-Universidad EAN,9517-ADMINISTRACION DE EMPRESAS,Masculino,2009-1,2016,Independiente,"Agricultura, ganadería, caza, silvicultura y pesca",1,1,,"100,0%",NaN
2812-Universidad EAN,9517-ADMINISTRACION DE EMPRESAS,Masculino,2009-1,2016,Independiente,Información y comunicaciones,1,1,,"100,0%",NaN
2812-Universidad EAN,9517-ADMINISTRACION DE EMPRESAS,Masculino,2009-1,2016,No cotizante,Sin información,3,0,,"0,0%",NaN
2812-Universidad EAN,9517-ADMINISTRACION DE EMPRESAS,Masculino,2009-1,2017,Dependiente,Actividades financieras y de seguros,1,1,,"100,0%",NaN
2812-Universidad EAN,9517-ADMINISTRACION DE EMPRESAS,Masculino,2009-1,2017,Dependiente,"Actividades profesionales, científicas y técnicas",2,2,,"100,0%",NaN
2812-Universidad EAN,9517-ADMINISTRACION DE EMPRESAS,Masculino,2009-1,2017,Dependiente,Comercio al por mayor y al por menor; reparación de vehículos automotores y motocicletas,3,3,,"100,0%",NaN
2812-Universidad EAN,9517-ADMINISTRACION DE EMPRESAS,Masculino,2009-1,2017,Dependiente,Transporte y almacenamiento,1,1,,"100,0%",NaN
2812-Universidad EAN,9517-ADMINISTRACION DE EMPRESAS,Masculino,2009-1,2017,Independiente,Actividades de servicios administrativos y de apoyo,1,1,,"100,0%",NaN
2812-Universidad EAN,9517-ADMINISTRACION DE EMPRESAS,Masculino,2009-1,2017,Independiente,Sin información,1,1,,"100,0%",NaN
2812-Universidad EAN,9517-ADMINISTRACION DE EMPRESAS,Masculino,2009-1,2017,No cotizante,Sin información,4,0,,"0,0%",NaN
2812-Universidad EAN,9517-ADMINISTRACION DE EMPRESAS,Masculino,2009-1,2018,Dependiente,Actividades de servicios administrativos y de apoyo,1,1,,"100,0%",NaN
2812-Universidad EAN,9517-ADMINISTRACION DE EMPRESAS,Masculino,2009-1,2018,Dependiente,Actividades financieras y de seguros,1,1,,"100,0%",NaN
2812-Universidad EAN,9517-ADMINISTRACION DE EMPRESAS,Masculino,2009-1,2018,Dependiente,"Actividades profesionales, científicas y técnicas",1,1,,"100,0%",NaN
2812-Universidad EAN,9517-ADMINISTRACION DE EMPRESAS,Masculino,2009-1,2018,Dependiente,Comercio al por mayor y al por menor; reparación de vehículos automotores y motocicletas,2,2,,"100,0%",NaN
2812-Universidad EAN,9517-ADMINISTRACION DE EMPRESAS,Masculino,2009-1,2018,Dependiente,Transporte y almacenamiento,1,1,,"100,0%",NaN
2812-Universidad EAN,9517-ADMINISTRACION DE EMPRESAS,Masculino,2009-1,2018,Independiente,Actividades de servicios administrativos y de apoyo,1,1,,"100,0%",NaN
2812-Universidad EAN,9517-ADMINISTRACION DE EMPRESAS,Masculino,2009-1,2018,Independiente,"Actividades profesionales, científicas y técnicas",1,1,,"100,0%",NaN
2812-Universidad EAN,9517-ADMINISTRACION DE EMPRESAS,Masculino,2009-1,2018,Independiente,Sin información,1,1,,"100,0%",NaN
2812-Universidad EAN,9517-ADMINISTRACION DE EMPRESAS,Masculino,2009-1,2018,No cotizante,Sin información,4,0,,"0,0%",NaN
2812-Universidad EAN,9517-ADMINISTRACION DE EMPRESAS,Masculino,2009-1,2019,Dependiente,Actividades de servicios administrativos y de apoyo,1,1,,"100,0%",NaN
2812-Universidad EAN,9517-ADMINISTRACION DE EMPRESAS,Masculino,2009-1,2019,Dependiente,Actividades financieras y de seguros,1,1,,"100,0%",NaN
2812-Universidad EAN,9517-ADMINISTRACION DE EMPRESAS,Masculino,2009-1,2019,Dependiente,"Actividades profesionales, científicas y técnicas",1,1,,"100,0%",NaN
2812-Universidad EAN,9517-ADMINISTRACION DE EMPRESAS,Masculino,2009-1,2019,Dependiente,Comercio al por mayor y al por menor; reparación de vehículos automotores y motocicletas,2,2,,"100,0%",NaN
2812-Universidad EAN,9517-ADMINISTRACION DE EMPRESAS,Masculino,2009-1,2019,Dependiente,Transporte y almacenamiento,1,1,,"100,0%",NaN
2812-Universidad EAN,9517-ADMINISTRACION DE EMPRESAS,Masculino,2009-1,2019,Independiente,Actividades de servicios administrativos y de apoyo,1,1,,"100,0%",NaN
2812-Universidad EAN,9517-ADMINISTRACION DE EMPRESAS,Masculino,2009-1,2019,Independiente,"Actividades profesionales, científicas y técnicas",2,2,,"100,0%",NaN
2812-Universidad EAN,9517-ADMINISTRACION DE EMPRESAS,Masculino,2009-1,2019,No cotizante,Sin información,4,0,,"0,0%",NaN
2812-Universidad EAN,9517-ADMINISTRACION DE EMPRESAS,Masculino,2009-1,2020,Dependiente,Actividades financieras y de seguros,1,1,,"100,0%",NaN
2812-Universidad EAN,9517-ADMINISTRACION DE EMPRESAS,Masculino,2009-1,2020,Dependiente,Comercio al por mayor y al por menor; reparación de vehículos automotores y motocicletas,1,1,,"100,0%",NaN
2812-Universidad EAN,9517-ADMINISTRACION DE EMPRESAS,Masculino,2009-1,2020,Dependiente,Industrias manufactureras,1,1,,"100,0%",NaN
2812-Universidad EAN,9517-ADMINISTRACION DE EMPRESAS,Masculino,2009-1,2020,Dependiente,Otras actividades de servicios,1,1,,"100,0%",NaN
2812-Universidad EAN,9517-ADMINISTRACION DE EMPRESAS,Masculino,2009-1,2020,Dependiente,Transporte y almacenamiento,1,1,,"100,0%",NaN
2812-Universidad EAN,9517-ADMINISTRACION DE EMPRESAS,Masculino,2009-1,2020,Independiente,Actividades de servicios administrativos y de apoyo,1,1,,"100,0%",NaN
2812-Universidad EAN,9517-ADMINISTRACION DE EMPRESAS,Masculino,2009-1,2020,Independiente,Actividades financieras y de seguros,1,1,,"100,0%",NaN
2812-Universidad EAN,9517-ADMINISTRACION DE EMPRESAS,Masculino,2009-1,2020,Independiente,"Actividades profesionales, científicas y técnicas",2,2,,"100,0%",NaN
2812-Universidad EAN,9517-ADMINISTRACION DE EMPRESAS,Masculino,2009-1,2020,Independiente,Información y comunicaciones,1,1,,"100,0%",NaN
2812-Universidad EAN,9517-ADMINISTRACION DE EMPRESAS,Masculino,2009-1,2020,No cotizante,Sin información,3,0,,"0,0%",NaN
2812-Universidad EAN,9517-ADMINISTRACION DE EMPRESAS,Masculino,2009-1,2021,Dependiente,Actividades de servicios administrativos y de apoyo,1,1,,"100,0%",NaN
2812-Universidad EAN,9517-ADMINISTRACION DE EMPRESAS,Masculino,2009-1,2021,Dependiente,Actividades financieras y de seguros,1,1,,"100,0%",NaN
2812-Universidad EAN,9517-ADMINISTRACION DE EMPRESAS,Masculino,2009-1,2021,Dependiente,"Actividades profesionales, científicas y técnicas",1,1,,"100,0%",NaN
2812-Universidad EAN,9517-ADMINISTRACION DE EMPRESAS,Masculino,2009-1,2021,Dependiente,Comercio al por mayor y al por menor; reparación de vehículos automotores y motocicletas,1,1,,"100,0%",NaN
2812-Universidad EAN,9517-ADMINISTRACION DE EMPRESAS,Masculino,2009-1,2021,Dependiente,Industrias manufactureras,1,1,,"100,0%",NaN
2812-Universidad EAN,9517-ADMINISTRACION DE EMPRESAS,Masculino,2009-1,2021,Dependiente,Otras actividades de servicios,1,1,,"100,0%",NaN
2812-Universidad EAN,9517-ADMINISTRACION DE EMPRESAS,Masculino,2009-1,2021,Dependiente,Transporte y almacenamiento,1,1,,"100,0%",NaN
2812-Universidad EAN,9517-ADMINISTRACION DE EMPRESAS,Masculino,2009-1,2021,Independiente,Actividades de servicios administrativos y de apoyo,1,1,,"100,0%",NaN
2812-Universidad EAN,9517-ADMINISTRACION DE EMPRESAS,Masculino,2009-1,2021,Independiente,"Actividades profesionales, científicas y técnicas",1,1,,"100,0%",NaN
2812-Universidad EAN,9517-ADMINISTRACION DE EMPRESAS,Masculino,2009-1,2021,Independiente,Información y comunicaciones,1,1,,"100,0%",NaN
2812-Universidad EAN,9517-ADMINISTRACION DE EMPRESAS,Masculino,2009-1,2021,No cotizante,Sin información,2,0,,"0,0%",NaN
2812-Universidad EAN,9517-ADMINISTRACION DE EMPRESAS,Masculino,2009-1,2022,Dependiente,Actividades de servicios administrativos y de apoyo,1,1,,"100,0%",NaN
2812-Universidad EAN,9517-ADMINISTRACION DE EMPRESAS,Masculino,2009-1,2022,Dependiente,Actividades financieras y de seguros,1,1,,"100,0%",NaN
2812-Universidad EAN,9517-ADMINISTRACION DE EMPRESAS,Masculino,2009-1,2022,Dependiente,"Actividades profesionales, científicas y técnicas",2,2,,"100,0%",NaN
2812-Universidad EAN,9517-ADMINISTRACION DE EMPRESAS,Masculino,2009-1,2022,Dependiente,Comercio al por mayor y al por menor; reparación de vehículos automotores y motocicletas,1,1,,"100,0%",NaN
2812-Universidad EAN,9517-ADMINISTRACION DE EMPRESAS,Masculino,2009-1,2022,Dependiente,Industrias manufactureras,1,1,,"100,0%",NaN
2812-Universidad EAN,9517-ADMINISTRACION DE EMPRESAS,Masculino,2009-1,2022,Dependiente,Otras actividades de servicios,1,1,,"100,0%",NaN
2812-Universidad EAN,9517-ADMINISTRACION DE EMPRESAS,Masculino,2009-1,2022,Dependiente,Transporte y almacenamiento,1,1,,"100,0%",NaN
2812-Universidad EAN,9517-ADMINISTRACION DE EMPRESAS,Masculino,2009-1,2022,Independiente,Actividades de servicios administrativos y de apoyo,1,1,,"100,0%",NaN
2812-Universidad EAN,9517-ADMINISTRACION DE EMPRESAS,Masculino,2009-1,2022,Independiente,"Actividades profesionales, científicas y técnicas",1,1,,"100,0%",NaN
2812-Universidad EAN,9517-ADMINISTRACION DE EMPRESAS,Masculino,2009-1,2022,No cotizante,SIN DATO,2,0,,"0,0%",NaN
2812-Universidad EAN,9517-ADMINISTRACION DE EMPRESAS,Masculino,2009-1,2023,Dependiente,Actividades de servicios administrativos y de apoyo,1,1,,"100,0%",NaN
2812-Universidad EAN,9517-ADMINISTRACION DE EMPRESAS,Masculino,2009-1,2023,Dependiente,Actividades financieras y de seguros,1,1,,"100,0%",NaN
2812-Universidad EAN,9517-ADMINISTRACION DE EMPRESAS,Masculino,2009-1,2023,Dependiente,"Actividades profesionales, científicas y técnicas",1,1,,"100,0%",NaN
2812-Universidad EAN,9517-ADMINISTRACION DE EMPRESAS,Masculino,2009-1,2023,Dependiente,Comercio al por mayor y al por menor; reparación de vehículos automotores y motocicletas,1,1,,"100,0%",NaN
2812-Universidad EAN,9517-ADMINISTRACION DE EMPRESAS,Masculino,2009-1,2023,Dependiente,Industrias manufactureras,1,1,,"100,0%",NaN
2812-Universidad EAN,9517-ADMINISTRACION DE EMPRESAS,Masculino,2009-1,2023,Dependiente,Otras actividades de servicios,1,1,,"100,0%",NaN
2812-Universidad EAN,9517-ADMINISTRACION DE EMPRESAS,Masculino,2009-1,2023,Dependiente,Transporte y almacenamiento,2,2,,"100,0%",NaN
2812-Universidad EAN,9517-ADMINISTRACION DE EMPRESAS,Masculino,2009-1,2023,Independiente,Actividades de servicios administrativos y de apoyo,1,1,,"100,0%",NaN
2812-Universidad EAN,9517-ADMINISTRACION DE EMPRESAS,Masculino,2009-1,2023,No cotizante,SIN DATO,3,0,,"0,0%",NaN
2812-Universidad EAN,8322-ESPECIALIZACION EN ADMINISTRACION DE EMPRESAS,Masculino,2009-1,2016,Dependiente,Construccion,1,1,,"100,0%",$8.842.455
2812-Universidad EAN,8322-ESPECIALIZACION EN ADMINISTRACION DE EMPRESAS,Masculino,2009-1,2017,Dependiente,Comercio al por mayor y al por menor; reparación de vehículos automotores y motocicletas,1,1,,"100,0%",NaN
2812-Universidad EAN,8322-ESPECIALIZACION EN ADMINISTRACION DE EMPRESAS,Masculino,2009-1,2018,Dependiente,Información y comunicaciones,1,1,,"100,0%",NaN
2812-Universidad EAN,8322-ESPECIALIZACION EN ADMINISTRACION DE EMPRESAS,Masculino,2009-1,2019,Dependiente,Información y comunicaciones,1,1,,"100,0%",NaN
2812-Universidad EAN,8322-ESPECIALIZACION EN ADMINISTRACION DE EMPRESAS,Masculino,2009-1,2020,Dependiente,Información y comunicaciones,1,1,,"100,0%",NaN
2812-Universidad EAN,8322-ESPECIALIZACION EN ADMINISTRACION DE EMPRESAS,Masculino,2009-1,2021,Dependiente,Información y comunicaciones,1,1,,"100,0%",NaN
2812-Universidad EAN,8322-ESPECIALIZACION EN ADMINISTRACION DE EMPRESAS,Masculino,2009-1,2022,Dependiente,Información y comunicaciones,1,1,,"100,0%",NaN
2812-Universidad EAN,8322-ESPECIALIZACION EN ADMINISTRACION DE EMPRESAS,Masculino,2009-1,2023,Dependiente,Información y comunicaciones,1,1,,"100,0%",NaN
2812-Universidad EAN,8979-ESPECIALIZACION EN GERENCIA DE PROCESOS DE CALIDAD E INNOVACION,Femenino,2009-1,2016,Dependiente,Actividades de atención de la salud humana y de asistencia social,1,1,,"100,0%",$3.633.000
2812-Universidad EAN,8979-ESPECIALIZACION EN GERENCIA DE PROCESOS DE CALIDAD E INNOVACION,Femenino,2009-1,2017,Dependiente,Construccion,1,1,,"100,0%",NaN
2812-Universidad EAN,8979-ESPECIALIZACION EN GERENCIA DE PROCESOS DE CALIDAD E INNOVACION,Femenino,2009-1,2018,Dependiente,Construccion,1,1,,"100,0%",NaN
2812-Universidad EAN,8979-ESPECIALIZACION EN GERENCIA DE PROCESOS DE CALIDAD E INNOVACION,Femenino,2009-1,2019,Dependiente,Construccion,1,1,,"100,0%",NaN
2812-Universidad EAN,8979-ESPECIALIZACION EN GERENCIA DE PROCESOS DE CALIDAD E INNOVACION,Femenino,2009-1,2020,Independiente,"Actividades profesionales, científicas y técnicas",1,1,,"100,0%",NaN
2812-Universidad EAN,8979-ESPECIALIZACION EN GERENCIA DE PROCESOS DE CALIDAD E INNOVACION,Femenino,2009-1,2021,Independiente,"Actividades profesionales, científicas y técnicas",1,1,,"100,0%",NaN
2812-Universidad EAN,8979-ESPECIALIZACION EN GERENCIA DE PROCESOS DE CALIDAD E INNOVACION,Femenino,2009-1,2022,Independiente,"Actividades profesionales, científicas y técnicas",1,1,,"100,0%",NaN
2812-Universidad EAN,8979-ESPECIALIZACION EN GERENCIA DE PROCESOS DE CALIDAD E INNOVACION,Femenino,2009-1,2023,Independiente,"Actividades profesionales, científicas y técnicas",1,1,,"100,0%",NaN
2812-Universidad EAN,8979-ESPECIALIZACION EN GERENCIA DE PROCESOS DE CALIDAD E INNOVACION,Masculino,2009-1,2016,Dependiente,Actividades financieras y de seguros,1,1,,"100,0%",$10.206.000
2812-Universidad EAN,8979-ESPECIALIZACION EN GERENCIA DE PROCESOS DE CALIDAD E INNOVACION,Masculino,2009-1,2016,Dependiente,Administración pública y defensa; planes de seguridad social de afiliación obligatoria,1,1,,"100,0%",$5.893.000
2812-Universidad EAN,8979-ESPECIALIZACION EN GERENCIA DE PROCESOS DE CALIDAD E INNOVACION,Masculino,2009-1,2016,Dependiente,Comercio al por mayor y al por menor; reparación de vehículos automotores y motocicletas,1,1,,"100,0%",$3.965.000
2812-Universidad EAN,8979-ESPECIALIZACION EN GERENCIA DE PROCESOS DE CALIDAD E INNOVACION,Masculino,2009-1,2016,No cotizante,Sin información,1,0,,"0,0%",NaN
2812-Universidad EAN,8979-ESPECIALIZACION EN GERENCIA DE PROCESOS DE CALIDAD E INNOVACION,Masculino,2009-1,2017,Dependiente,Actividades de los hogares individuales en calidad de empleadores; actividades no diferenciadas de los hogares individuales como productores de bienes y servicios para uso propio,1,1,,"100,0%",NaN
2812-Universidad EAN,8979-ESPECIALIZACION EN GERENCIA DE PROCESOS DE CALIDAD E INNOVACION,Masculino,2009-1,2017,Dependiente,Actividades financieras y de seguros,1,1,,"100,0%",NaN
2812-Universidad EAN,8979-ESPECIALIZACION EN GERENCIA DE PROCESOS DE CALIDAD E INNOVACION,Masculino,2009-1,2017,Dependiente,Comercio al por mayor y al por menor; reparación de vehículos automotores y motocicletas,2,2,,"100,0%",NaN
2812-Universidad EAN,8979-ESPECIALIZACION EN GERENCIA DE PROCESOS DE CALIDAD E INNOVACION,Masculino,2009-1,2018,Dependiente,Actividades de servicios administrativos y de apoyo,1,1,,"100,0%",NaN
2812-Universidad EAN,8979-ESPECIALIZACION EN GERENCIA DE PROCESOS DE CALIDAD E INNOVACION,Masculino,2009-1,2018,Dependiente,Comercio al por mayor y al por menor; reparación de vehículos automotores y motocicletas,2,2,,"100,0%",NaN
2812-Universidad EAN,8979-ESPECIALIZACION EN GERENCIA DE PROCESOS DE CALIDAD E INNOVACION,Masculino,2009-1,2018,Independiente,Información y comunicaciones,1,1,,"100,0%",NaN
2812-Universidad EAN,8979-ESPECIALIZACION EN GERENCIA DE PROCESOS DE CALIDAD E INNOVACION,Masculino,2009-1,2019,Dependiente,Actividades de servicios administrativos y de apoyo,1,1,,"100,0%",NaN
2812-Universidad EAN,8979-ESPECIALIZACION EN GERENCIA DE PROCESOS DE CALIDAD E INNOVACION,Masculino,2009-1,2019,Dependiente,Comercio al por mayor y al por menor; reparación de vehículos automotores y motocicletas,1,1,,"100,0%",NaN
2812-Universidad EAN,8979-ESPECIALIZACION EN GERENCIA DE PROCESOS DE CALIDAD E INNOVACION,Masculino,2009-1,2019,Independiente,Información y comunicaciones,1,1,,"100,0%",NaN
2812-Universidad EAN,8979-ESPECIALIZACION EN GERENCIA DE PROCESOS DE CALIDAD E INNOVACION,Masculino,2009-1,2020,Dependiente,Actividades de servicios administrativos y de apoyo,1,1,,"100,0%",NaN
2812-Universidad EAN,8979-ESPECIALIZACION EN GERENCIA DE PROCESOS DE CALIDAD E INNOVACION,Masculino,2009-1,2020,Dependiente,Comercio al por mayor y al por menor; reparación de vehículos automotores y motocicletas,1,1,,"100,0%",NaN
2812-Universidad EAN,8979-ESPECIALIZACION EN GERENCIA DE PROCESOS DE CALIDAD E INNOVACION,Masculino,2009-1,2020,Independiente,Información y comunicaciones,1,1,,"100,0%",NaN
2812-Universidad EAN,8979-ESPECIALIZACION EN GERENCIA DE PROCESOS DE CALIDAD E INNOVACION,Masculino,2009-1,2021,Dependiente,Actividades de servicios administrativos y de apoyo,2,2,,"100,0%",NaN
2812-Universidad EAN,8979-ESPECIALIZACION EN GERENCIA DE PROCESOS DE CALIDAD E INNOVACION,Masculino,2009-1,2021,Dependiente,Comercio al por mayor y al por menor; reparación de vehículos automotores y motocicletas,1,1,,"100,0%",NaN
2812-Universidad EAN,8979-ESPECIALIZACION EN GERENCIA DE PROCESOS DE CALIDAD E INNOVACION,Masculino,2009-1,2022,Dependiente,Actividades de servicios administrativos y de apoyo,1,1,,"100,0%",NaN
2812-Universidad EAN,8979-ESPECIALIZACION EN GERENCIA DE PROCESOS DE CALIDAD E INNOVACION,Masculino,2009-1,2022,Dependiente,"Actividades profesionales, científicas y técnicas",1,1,,"100,0%",NaN
2812-Universidad EAN,8979-ESPECIALIZACION EN GERENCIA DE PROCESOS DE CALIDAD E INNOVACION,Masculino,2009-1,2022,Dependiente,Comercio al por mayor y al por menor; reparación de vehículos automotores y motocicletas,1,1,,"100,0%",NaN
2812-Universidad EAN,8979-ESPECIALIZACION EN GERENCIA DE PROCESOS DE CALIDAD E INNOVACION,Masculino,2009-1,2023,Dependiente,Actividades de servicios administrativos y de apoyo,1,1,,"100,0%",NaN
2812-Universidad EAN,8979-ESPECIALIZACION EN GERENCIA DE PROCESOS DE CALIDAD E INNOVACION,Masculino,2009-1,2023,Dependiente,"Actividades profesionales, científicas y técnicas",1,1,,"100,0%",NaN
2812-Universidad EAN,8979-ESPECIALIZACION EN GERENCIA DE PROCESOS DE CALIDAD E INNOVACION,Masculino,2009-1,2023,Independiente,"Actividades profesionales, científicas y técnicas",1,1,,"100,0%",NaN
2812-Universidad EAN,7514-ESPECIALIZACION EN GESTION HUMANA,Femenino,2009-1,2016,Dependiente,Actividades financieras y de seguros,1,1,,"100,0%",$8.462.000
2812-Universidad EAN,7514-ESPECIALIZACION EN GESTION HUMANA,Femenino,2009-1,2016,Dependiente,Información y comunicaciones,1,1,,"100,0%",$3.767.000
2812-Universidad EAN,7514-ESPECIALIZACION EN GESTION HUMANA,Femenino,2009-1,2017,Dependiente,Actividades financieras y de seguros,1,1,,"100,0%",NaN
2812-Universidad EAN,7514-ESPECIALIZACION EN GESTION HUMANA,Femenino,2009-1,2017,Dependiente,Información y comunicaciones,1,1,,"100,0%",NaN
2812-Universidad EAN,7514-ESPECIALIZACION EN GESTION HUMANA,Femenino,2009-1,2018,Dependiente,Actividades financieras y de seguros,1,1,,"100,0%",NaN
2812-Universidad EAN,7514-ESPECIALIZACION EN GESTION HUMANA,Femenino,2009-1,2018,Dependiente,Información y comunicaciones,1,1,,"100,0%",NaN
2812-Universidad EAN,7514-ESPECIALIZACION EN GESTION HUMANA,Femenino,2009-1,2019,Dependiente,Administración pública y defensa; planes de seguridad social de afiliación obligatoria,1,1,,"100,0%",NaN
2812-Universidad EAN,7514-ESPECIALIZACION EN GESTION HUMANA,Femenino,2009-1,2019,Dependiente,Información y comunicaciones,1,1,,"100,0%",NaN
2812-Universidad EAN,7514-ESPECIALIZACION EN GESTION HUMANA,Femenino,2009-1,2020,Dependiente,Administración pública y defensa; planes de seguridad social de afiliación obligatoria,1,1,,"100,0%",NaN
2812-Universidad EAN,7514-ESPECIALIZACION EN GESTION HUMANA,Femenino,2009-1,2020,Dependiente,Información y comunicaciones,1,1,,"100,0%",NaN
2812-Universidad EAN,7514-ESPECIALIZACION EN GESTION HUMANA,Femenino,2009-1,2021,Dependiente,"Actividades profesionales, científicas y técnicas",1,1,,"100,0%",NaN
2812-Universidad EAN,7514-ESPECIALIZACION EN GESTION HUMANA,Femenino,2009-1,2021,Dependiente,Administración pública y defensa; planes de seguridad social de afiliación obligatoria,1,1,,"100,0%",NaN
2812-Universidad EAN,7514-ESPECIALIZACION EN GESTION HUMANA,Femenino,2009-1,2021,Dependiente,Información y comunicaciones,1,1,,"100,0%",NaN
2812-Universidad EAN,7514-ESPECIALIZACION EN GESTION HUMANA,Femenino,2009-1,2022,Dependiente,"Actividades profesionales, científicas y técnicas",1,1,,"100,0%",NaN
2812-Universidad EAN,7514-ESPECIALIZACION EN GESTION HUMANA,Femenino,2009-1,2022,Dependiente,Administración pública y defensa; planes de seguridad social de afiliación obligatoria,1,1,,"100,0%",NaN
2812-Universidad EAN,7514-ESPECIALIZACION EN GESTION HUMANA,Femenino,2009-1,2022,Independiente,Otras actividades de servicios,1,1,,"100,0%",NaN
2812-Universidad EAN,7514-ESPECIALIZACION EN GESTION HUMANA,Femenino,2009-1,2023,Dependiente,"Actividades profesionales, científicas y técnicas",1,1,,"100,0%",NaN
2812-Universidad EAN,7514-ESPECIALIZACION EN GESTION HUMANA,Femenino,2009-1,2023,Dependiente,Administración pública y defensa; planes de seguridad social de afiliación obligatoria,1,1,,"100,0%",NaN
2812-Universidad EAN,7514-ESPECIALIZACION EN GESTION HUMANA,Femenino,2009-1,2023,No cotizante,SIN DATO,1,0,,"0,0%",NaN
2812-Universidad EAN,52891-ESPECIALIZACION EN GOBIERNO Y GERENCIA PUBLICA,Femenino,2009-1,2016,No cotizante,Sin información,2,0,,"0,0%",NaN
2812-Universidad EAN,52891-ESPECIALIZACION EN GOBIERNO Y GERENCIA PUBLICA,Femenino,2009-1,2017,No cotizante,Sin información,2,0,,"0,0%",NaN
2812-Universidad EAN,52891-ESPECIALIZACION EN GOBIERNO Y GERENCIA PUBLICA,Femenino,2009-1,2018,No cotizante,Sin información,2,0,,"0,0%",NaN
2812-Universidad EAN,52891-ESPECIALIZACION EN GOBIERNO Y GERENCIA PUBLICA,Femenino,2009-1,2019,No cotizante,Sin información,2,0,,"0,0%",NaN
2812-Universidad EAN,52891-ESPECIALIZACION EN GOBIERNO Y GERENCIA PUBLICA,Femenino,2009-1,2020,No cotizante,Sin información,2,0,,"0,0%",NaN
2812-Universidad EAN,52891-ESPECIALIZACION EN GOBIERNO Y GERENCIA PUBLICA,Femenino,2009-1,2021,No cotizante,Sin información,2,0,,"0,0%",NaN
2812-Universidad EAN,52891-ESPECIALIZACION EN GOBIERNO Y GERENCIA PUBLICA,Femenino,2009-1,2022,No cotizante,SIN DATO,2,0,,"0,0%",NaN
2812-Universidad EAN,52891-ESPECIALIZACION EN GOBIERNO Y GERENCIA PUBLICA,Femenino,2009-1,2023,No cotizante,SIN DATO,2,0,,"0,0%",NaN
2812-Universidad EAN,52891-ESPECIALIZACION EN GOBIERNO Y GERENCIA PUBLICA,Masculino,2009-1,2016,Dependiente,Administración pública y defensa; planes de seguridad social de afiliación obligatoria,1,1,,"100,0%",$8.302.000
2812-Universidad EAN,52891-ESPECIALIZACION EN GOBIERNO Y GERENCIA PUBLICA,Masculino,2009-1,2016,Independiente,"Actividades profesionales, científicas y técnicas",1,1,,"100,0%",NaN
2812-Universidad EAN,52891-ESPECIALIZACION EN GOBIERNO Y GERENCIA PUBLICA,Masculino,2009-1,2016,Independiente,Sin información,1,1,,"100,0%",NaN
2812-Universidad EAN,52891-ESPECIALIZACION EN GOBIERNO Y GERENCIA PUBLICA,Masculino,2009-1,2017,Dependiente,Administración pública y defensa; planes de seguridad social de afiliación obligatoria,1,1,,"100,0%",NaN
2812-Universidad EAN,52891-ESPECIALIZACION EN GOBIERNO Y GERENCIA PUBLICA,Masculino,2009-1,2017,No cotizante,Sin información,2,0,,"0,0%",NaN
2812-Universidad EAN,52891-ESPECIALIZACION EN GOBIERNO Y GERENCIA PUBLICA,Masculino,2009-1,2018,Dependiente,"Actividades profesionales, científicas y técnicas",1,1,,"100,0%",NaN
2812-Universidad EAN,52891-ESPECIALIZACION EN GOBIERNO Y GERENCIA PUBLICA,Masculino,2009-1,2018,Dependiente,Administración pública y defensa; planes de seguridad social de afiliación obligatoria,1,1,,"100,0%",NaN
2812-Universidad EAN,52891-ESPECIALIZACION EN GOBIERNO Y GERENCIA PUBLICA,Masculino,2009-1,2018,No cotizante,Sin información,1,0,,"0,0%",NaN
2812-Universidad EAN,52891-ESPECIALIZACION EN GOBIERNO Y GERENCIA PUBLICA,Masculino,2009-1,2019,Dependiente,"Actividades profesionales, científicas y técnicas",1,1,,"100,0%",NaN
2812-Universidad EAN,52891-ESPECIALIZACION EN GOBIERNO Y GERENCIA PUBLICA,Masculino,2009-1,2019,Dependiente,Administración pública y defensa; planes de seguridad social de afiliación obligatoria,1,1,,"100,0%",NaN
2812-Universidad EAN,52891-ESPECIALIZACION EN GOBIERNO Y GERENCIA PUBLICA,Masculino,2009-1,2019,Independiente,Actividades de atención de la salud humana y de asistencia social,1,1,,"100,0%",NaN
2812-Universidad EAN,52891-ESPECIALIZACION EN GOBIERNO Y GERENCIA PUBLICA,Masculino,2009-1,2020,Dependiente,"Actividades profesionales, científicas y técnicas",1,1,,"100,0%",NaN
2812-Universidad EAN,52891-ESPECIALIZACION EN GOBIERNO Y GERENCIA PUBLICA,Masculino,2009-1,2020,Dependiente,Administración pública y defensa; planes de seguridad social de afiliación obligatoria,1,1,,"100,0%",NaN
2812-Universidad EAN,52891-ESPECIALIZACION EN GOBIERNO Y GERENCIA PUBLICA,Masculino,2009-1,2020,No cotizante,Sin información,1,0,,"0,0%",NaN
2812-Universidad EAN,52891-ESPECIALIZACION EN GOBIERNO Y GERENCIA PUBLICA,Masculino,2009-1,2021,Dependiente,"Actividades profesionales, científicas y técnicas",1,1,,"100,0%",NaN
2812-Universidad EAN,52891-ESPECIALIZACION EN GOBIERNO Y GERENCIA PUBLICA,Masculino,2009-1,2021,Dependiente,Administración pública y defensa; planes de seguridad social de afiliación obligatoria,1,1,,"100,0%",NaN
2812-Universidad EAN,52891-ESPECIALIZACION EN GOBIERNO Y GERENCIA PUBLICA,Masculino,2009-1,2021,No cotizante,Sin información,1,0,,"0,0%",NaN
2812-Universidad EAN,52891-ESPECIALIZACION EN GOBIERNO Y GERENCIA PUBLICA,Masculino,2009-1,2022,Dependiente,"Actividades profesionales, científicas y técnicas",1,1,,"100,0%",NaN
2812-Universidad EAN,52891-ESPECIALIZACION EN GOBIERNO Y GERENCIA PUBLICA,Masculino,2009-1,2022,Dependiente,Administración pública y defensa; planes de seguridad social de afiliación obligatoria,1,1,,"100,0%",NaN
2812-Universidad EAN,52891-ESPECIALIZACION EN GOBIERNO Y GERENCIA PUBLICA,Masculino,2009-1,2022,No cotizante,SIN DATO,1,0,,"0,0%",NaN
2812-Universidad EAN,52891-ESPECIALIZACION EN GOBIERNO Y GERENCIA PUBLICA,Masculino,2009-1,2023,Dependiente,Administración pública y defensa; planes de seguridad social de afiliación obligatoria,1,1,,"100,0%",NaN
2812-Universidad EAN,52891-ESPECIALIZACION EN GOBIERNO Y GERENCIA PUBLICA,Masculino,2009-1,2023,No cotizante,SIN DATO,2,0,,"0,0%",NaN
1204-Universidad Industrial de Santander,683-TECNOLOGIA EMPRESARIAL,Femenino,2009-1,2016,Dependiente,Actividades de atención de la salud humana y de asistencia social,2,2,,"100,0%",$893.728
1204-Universidad Industrial de Santander,683-TECNOLOGIA EMPRESARIAL,Femenino,2009-1,2016,Dependiente,Actividades de servicios administrativos y de apoyo,2,2,,"100,0%",$1.319.728
1204-Universidad Industrial de Santander,683-TECNOLOGIA EMPRESARIAL,Femenino,2009-1,2016,Dependiente,Actividades financieras y de seguros,6,6,,"100,0%",$1.318.742
1204-Universidad Industrial de Santander,683-TECNOLOGIA EMPRESARIAL,Femenino,2009-1,2016,Dependiente,Actividades inmobiliarias,1,1,,"100,0%",$689.455
1204-Universidad Industrial de Santander,683-TECNOLOGIA EMPRESARIAL,Femenino,2009-1,2016,Dependiente,"Actividades profesionales, científicas y técnicas",6,6,,"100,0%",$1.234.841
1204-Universidad Industrial de Santander,683-TECNOLOGIA EMPRESARIAL,Femenino,2009-1,2016,Dependiente,Administración pública y defensa; planes de seguridad social de afiliación obligatoria,1,1,,"100,0%",$3.244.000
1204-Universidad Industrial de Santander,683-TECNOLOGIA EMPRESARIAL,Femenino,2009-1,2016,Dependiente,"Agricultura, ganadería, caza, silvicultura y pesca",1,1,,"100,0%",$1.055.000
1204-Universidad Industrial de Santander,683-TECNOLOGIA EMPRESARIAL,Femenino,2009-1,2016,Dependiente,Alojamiento y servicios de comida,1,1,,"100,0%",$689.455
1204-Universidad Industrial de Santander,683-TECNOLOGIA EMPRESARIAL,Femenino,2009-1,2016,Dependiente,"Distribución de agua; evacuación y tratamiento de aguas residuales, gestión de desechos y actividades de saneamiento ambiental",2,2,,"100,0%",$2.168.500
1204-Universidad Industrial de Santander,683-TECNOLOGIA EMPRESARIAL,Femenino,2009-1,2016,Dependiente,Educación,2,2,,"100,0%",$1.150.000
1204-Universidad Industrial de Santander,683-TECNOLOGIA EMPRESARIAL,Femenino,2009-1,2016,Dependiente,Explotación de minas y canteras,2,2,,"100,0%",$840.000
1204-Universidad Industrial de Santander,683-TECNOLOGIA EMPRESARIAL,Femenino,2009-1,2016,Dependiente,Industrias manufactureras,2,2,,"100,0%",$5.755.000
1204-Universidad Industrial de Santander,683-TECNOLOGIA EMPRESARIAL,Femenino,2009-1,2016,Dependiente,Información y comunicaciones,2,2,,"100,0%",$1.193.500
1204-Universidad Industrial de Santander,683-TECNOLOGIA EMPRESARIAL,Femenino,2009-1,2016,Dependiente,Sin información,3,3,,"100,0%",$689.455
1204-Universidad Industrial de Santander,683-TECNOLOGIA EMPRESARIAL,Femenino,2009-1,2016,Independiente,"Actividades profesionales, científicas y técnicas",2,2,,"100,0%",NaN
1204-Universidad Industrial de Santander,683-TECNOLOGIA EMPRESARIAL,Femenino,2009-1,2016,Independiente,Comercio al por mayor y al por menor; reparación de vehículos automotores y motocicletas,1,1,,"100,0%",NaN
1204-Universidad Industrial de Santander,683-TECNOLOGIA EMPRESARIAL,Femenino,2009-1,2016,Independiente,Información y comunicaciones,1,1,,"100,0%",NaN
1204-Universidad Industrial de Santander,683-TECNOLOGIA EMPRESARIAL,Femenino,2009-1,2016,No cotizante,Sin información,8,0,,"0,0%",NaN
1204-Universidad Industrial de Santander,683-TECNOLOGIA EMPRESARIAL,Femenino,2009-1,2017,Dependiente,Actividades de atención de la salud humana y de asistencia social,3,3,,"100,0%",NaN
1204-Universidad Industrial de Santander,683-TECNOLOGIA EMPRESARIAL,Femenino,2009-1,2017,Dependiente,Actividades de servicios administrativos y de apoyo,3,3,,"100,0%",NaN
1204-Universidad Industrial de Santander,683-TECNOLOGIA EMPRESARIAL,Femenino,2009-1,2017,Dependiente,Actividades financieras y de seguros,3,3,,"100,0%",NaN
1204-Universidad Industrial de Santander,683-TECNOLOGIA EMPRESARIAL,Femenino,2009-1,2017,Dependiente,"Actividades profesionales, científicas y técnicas",3,3,,"100,0%",NaN
1204-Universidad Industrial de Santander,683-TECNOLOGIA EMPRESARIAL,Femenino,2009-1,2017,Dependiente,Administración pública y defensa; planes de seguridad social de afiliación obligatoria,1,1,,"100,0%",NaN
1204-Universidad Industrial de Santander,683-TECNOLOGIA EMPRESARIAL,Femenino,2009-1,2017,Dependiente,Comercio al por mayor y al por menor; reparación de vehículos automotores y motocicletas,3,3,,"100,0%",NaN
1204-Universidad Industrial de Santander,683-TECNOLOGIA EMPRESARIAL,Femenino,2009-1,2017,Dependiente,Construccion,1,1,,"100,0%",NaN
1204-Universidad Industrial de Santander,683-TECNOLOGIA EMPRESARIAL,Femenino,2009-1,2017,Dependiente,"Distribución de agua; evacuación y tratamiento de aguas residuales, gestión de desechos y actividades de saneamiento ambiental",1,1,,"100,0%",NaN
1204-Universidad Industrial de Santander,683-TECNOLOGIA EMPRESARIAL,Femenino,2009-1,2017,Dependiente,Educación,1,1,,"100,0%",NaN
1204-Universidad Industrial de Santander,683-TECNOLOGIA EMPRESARIAL,Femenino,2009-1,2017,Dependiente,Industrias manufactureras,2,2,,"100,0%",NaN
1204-Universidad Industrial de Santander,683-TECNOLOGIA EMPRESARIAL,Femenino,2009-1,2017,Dependiente,Otras actividades de servicios,2,2,,"100,0%",NaN
1204-Universidad Industrial de Santander,683-TECNOLOGIA EMPRESARIAL,Femenino,2009-1,2017,Dependiente,Sin información,6,6,,"100,0%",NaN
1204-Universidad Industrial de Santander,683-TECNOLOGIA EMPRESARIAL,Femenino,2009-1,2017,Independiente,Actividades de atención de la salud humana y de asistencia social,1,1,,"100,0%",NaN
1204-Universidad Industrial de Santander,683-TECNOLOGIA EMPRESARIAL,Femenino,2009-1,2017,Independiente,"Actividades profesionales, científicas y técnicas",5,5,,"100,0%",NaN
1204-Universidad Industrial de Santander,683-TECNOLOGIA EMPRESARIAL,Femenino,2009-1,2017,Independiente,Comercio al por mayor y al por menor; reparación de vehículos automotores y motocicletas,1,1,,"100,0%",NaN
1204-Universidad Industrial de Santander,683-TECNOLOGIA EMPRESARIAL,Femenino,2009-1,2017,No cotizante,Sin información,7,0,,"0,0%",NaN
1204-Universidad Industrial de Santander,683-TECNOLOGIA EMPRESARIAL,Femenino,2009-1,2018,Dependiente,Actividades de atención de la salud humana y de asistencia social,3,3,,"100,0%",NaN
1204-Universidad Industrial de Santander,683-TECNOLOGIA EMPRESARIAL,Femenino,2009-1,2018,Dependiente,Actividades de servicios administrativos y de apoyo,2,2,,"100,0%",NaN
1204-Universidad Industrial de Santander,683-TECNOLOGIA EMPRESARIAL,Femenino,2009-1,2018,Dependiente,Actividades financieras y de seguros,3,3,,"100,0%",NaN
1204-Universidad Industrial de Santander,683-TECNOLOGIA EMPRESARIAL,Femenino,2009-1,2018,Dependiente,"Actividades profesionales, científicas y técnicas",4,4,,"100,0%",NaN
1204-Universidad Industrial de Santander,683-TECNOLOGIA EMPRESARIAL,Femenino,2009-1,2018,Dependiente,Administración pública y defensa; planes de seguridad social de afiliación obligatoria,1,1,,"100,0%",NaN
1204-Universidad Industrial de Santander,683-TECNOLOGIA EMPRESARIAL,Femenino,2009-1,2018,Dependiente,Comercio al por mayor y al por menor; reparación de vehículos automotores y motocicletas,6,6,,"100,0%",NaN
1204-Universidad Industrial de Santander,683-TECNOLOGIA EMPRESARIAL,Femenino,2009-1,2018,Dependiente,Construccion,1,1,,"100,0%",NaN
1204-Universidad Industrial de Santander,683-TECNOLOGIA EMPRESARIAL,Femenino,2009-1,2018,Dependiente,"Distribución de agua; evacuación y tratamiento de aguas residuales, gestión de desechos y actividades de saneamiento ambiental",1,1,,"100,0%",NaN
1204-Universidad Industrial de Santander,683-TECNOLOGIA EMPRESARIAL,Femenino,2009-1,2018,Dependiente,Industrias manufactureras,2,2,,"100,0%",NaN
1204-Universidad Industrial de Santander,683-TECNOLOGIA EMPRESARIAL,Femenino,2009-1,2018,Dependiente,Información y comunicaciones,1,1,,"100,0%",NaN
1204-Universidad Industrial de Santander,683-TECNOLOGIA EMPRESARIAL,Femenino,2009-1,2018,Dependiente,Otras actividades de servicios,1,1,,"100,0%",NaN
1204-Universidad Industrial de Santander,683-TECNOLOGIA EMPRESARIAL,Femenino,2009-1,2018,Dependiente,Sin información,3,3,,"100,0%",NaN
1204-Universidad Industrial de Santander,683-TECNOLOGIA EMPRESARIAL,Femenino,2009-1,2018,Independiente,"Actividades profesionales, científicas y técnicas",5,5,,"100,0%",NaN
1204-Universidad Industrial de Santander,683-TECNOLOGIA EMPRESARIAL,Femenino,2009-1,2018,Independiente,Sin información,1,1,,"100,0%",NaN
1204-Universidad Industrial de Santander,683-TECNOLOGIA EMPRESARIAL,Femenino,2009-1,2018,No cotizante,Sin información,8,0,,"0,0%",NaN
1204-Universidad Industrial de Santander,683-TECNOLOGIA EMPRESARIAL,Femenino,2009-1,2019,Dependiente,Actividades de atención de la salud humana y de asistencia social,3,3,,"100,0%",NaN
1204-Universidad Industrial de Santander,683-TECNOLOGIA EMPRESARIAL,Femenino,2009-1,2019,Dependiente,Actividades de servicios administrativos y de apoyo,2,2,,"100,0%",NaN
1204-Universidad Industrial de Santander,683-TECNOLOGIA EMPRESARIAL,Femenino,2009-1,2019,Dependiente,Actividades financieras y de seguros,2,2,,"100,0%",NaN
1204-Universidad Industrial de Santander,683-TECNOLOGIA EMPRESARIAL,Femenino,2009-1,2019,Dependiente,"Actividades profesionales, científicas y técnicas",5,5,,"100,0%",NaN
1204-Universidad Industrial de Santander,683-TECNOLOGIA EMPRESARIAL,Femenino,2009-1,2019,Dependiente,Administración pública y defensa; planes de seguridad social de afiliación obligatoria,2,2,,"100,0%",NaN
1204-Universidad Industrial de Santander,683-TECNOLOGIA EMPRESARIAL,Femenino,2009-1,2019,Dependiente,"Agricultura, ganadería, caza, silvicultura y pesca",1,1,,"100,0%",NaN
1204-Universidad Industrial de Santander,683-TECNOLOGIA EMPRESARIAL,Femenino,2009-1,2019,Dependiente,Alojamiento y servicios de comida,1,1,,"100,0%",NaN
1204-Universidad Industrial de Santander,683-TECNOLOGIA EMPRESARIAL,Femenino,2009-1,2019,Dependiente,Comercio al por mayor y al por menor; reparación de vehículos automotores y motocicletas,3,3,,"100,0%",NaN
1204-Universidad Industrial de Santander,683-TECNOLOGIA EMPRESARIAL,Femenino,2009-1,2019,Dependiente,Construccion,2,2,,"100,0%",NaN
1204-Universidad Industrial de Santander,683-TECNOLOGIA EMPRESARIAL,Femenino,2009-1,2019,Dependiente,"Distribución de agua; evacuación y tratamiento de aguas residuales, gestión de desechos y actividades de saneamiento ambiental",1,1,,"100,0%",NaN
1204-Universidad Industrial de Santander,683-TECNOLOGIA EMPRESARIAL,Femenino,2009-1,2019,Dependiente,Industrias manufactureras,3,3,,"100,0%",NaN
1204-Universidad Industrial de Santander,683-TECNOLOGIA EMPRESARIAL,Femenino,2009-1,2019,Dependiente,Información y comunicaciones,1,1,,"100,0%",NaN
1204-Universidad Industrial de Santander,683-TECNOLOGIA EMPRESARIAL,Femenino,2009-1,2019,Dependiente,Otras actividades de servicios,1,1,,"100,0%",NaN
1204-Universidad Industrial de Santander,683-TECNOLOGIA EMPRESARIAL,Femenino,2009-1,2019,Dependiente,Sin información,1,1,,"100,0%",NaN
1204-Universidad Industrial de Santander,683-TECNOLOGIA EMPRESARIAL,Femenino,2009-1,2019,Independiente,"Actividades profesionales, científicas y técnicas",4,4,,"100,0%",NaN
1204-Universidad Industrial de Santander,683-TECNOLOGIA EMPRESARIAL,Femenino,2009-1,2019,Independiente,Sin información,1,1,,"100,0%",NaN
1204-Universidad Industrial de Santander,683-TECNOLOGIA EMPRESARIAL,Femenino,2009-1,2019,No cotizante,Sin información,10,0,,"0,0%",NaN
1204-Universidad Industrial de Santander,683-TECNOLOGIA EMPRESARIAL,Femenino,2009-1,2020,Dependiente,Actividades de atención de la salud humana y de asistencia social,4,4,,"100,0%",NaN
1204-Universidad Industrial de Santander,683-TECNOLOGIA EMPRESARIAL,Femenino,2009-1,2020,Dependiente,Actividades de servicios administrativos y de apoyo,1,1,,"100,0%",NaN
1204-Universidad Industrial de Santander,683-TECNOLOGIA EMPRESARIAL,Femenino,2009-1,2020,Dependiente,Actividades financieras y de seguros,2,2,,"100,0%",NaN
1204-Universidad Industrial de Santander,683-TECNOLOGIA EMPRESARIAL,Femenino,2009-1,2020,Dependiente,"Actividades profesionales, científicas y técnicas",5,5,,"100,0%",NaN
1204-Universidad Industrial de Santander,683-TECNOLOGIA EMPRESARIAL,Femenino,2009-1,2020,Dependiente,Administración pública y defensa; planes de seguridad social de afiliación obligatoria,2,2,,"100,0%",NaN
1204-Universidad Industrial de Santander,683-TECNOLOGIA EMPRESARIAL,Femenino,2009-1,2020,Dependiente,"Agricultura, ganadería, caza, silvicultura y pesca",1,1,,"100,0%",NaN
1204-Universidad Industrial de Santander,683-TECNOLOGIA EMPRESARIAL,Femenino,2009-1,2020,Dependiente,Alojamiento y servicios de comida,1,1,,"100,0%",NaN
1204-Universidad Industrial de Santander,683-TECNOLOGIA EMPRESARIAL,Femenino,2009-1,2020,Dependiente,Comercio al por mayor y al por menor; reparación de vehículos automotores y motocicletas,3,3,,"100,0%",NaN
1204-Universidad Industrial de Santander,683-TECNOLOGIA EMPRESARIAL,Femenino,2009-1,2020,Dependiente,Construccion,2,2,,"100,0%",NaN
1204-Universidad Industrial de Santander,683-TECNOLOGIA EMPRESARIAL,Femenino,2009-1,2020,Dependiente,Industrias manufactureras,1,1,,"100,0%",NaN
1204-Universidad Industrial de Santander,683-TECNOLOGIA EMPRESARIAL,Femenino,2009-1,2020,Dependiente,Información y comunicaciones,1,1,,"100,0%",NaN
1204-Universidad Industrial de Santander,683-TECNOLOGIA EMPRESARIAL,Femenino,2009-1,2020,Independiente,"Actividades profesionales, científicas y técnicas",2,2,,"100,0%",NaN
1204-Universidad Industrial de Santander,683-TECNOLOGIA EMPRESARIAL,Femenino,2009-1,2020,Independiente,Otras actividades de servicios,1,1,,"100,0%",NaN
1204-Universidad Industrial de Santander,683-TECNOLOGIA EMPRESARIAL,Femenino,2009-1,2020,No cotizante,Sin información,16,0,,"0,0%",NaN
1204-Universidad Industrial de Santander,683-TECNOLOGIA EMPRESARIAL,Femenino,2009-1,2021,Dependiente,Actividades de atención de la salud humana y de asistencia social,2,2,,"100,0%",NaN
1204-Universidad Industrial de Santander,683-TECNOLOGIA EMPRESARIAL,Femenino,2009-1,2021,Dependiente,Actividades de servicios administrativos y de apoyo,3,3,,"100,0%",NaN
1204-Universidad Industrial de Santander,683-TECNOLOGIA EMPRESARIAL,Femenino,2009-1,2021,Dependiente,Actividades financieras y de seguros,2,2,,"100,0%",NaN
1204-Universidad Industrial de Santander,683-TECNOLOGIA EMPRESARIAL,Femenino,2009-1,2021,Dependiente,"Actividades profesionales, científicas y técnicas",6,6,,"100,0%",NaN
1204-Universidad Industrial de Santander,683-TECNOLOGIA EMPRESARIAL,Femenino,2009-1,2021,Dependiente,Administración pública y defensa; planes de seguridad social de afiliación obligatoria,3,3,,"100,0%",NaN
1204-Universidad Industrial de Santander,683-TECNOLOGIA EMPRESARIAL,Femenino,2009-1,2021,Dependiente,"Agricultura, ganadería, caza, silvicultura y pesca",1,1,,"100,0%",NaN
1204-Universidad Industrial de Santander,683-TECNOLOGIA EMPRESARIAL,Femenino,2009-1,2021,Dependiente,Alojamiento y servicios de comida,1,1,,"100,0%",NaN
1204-Universidad Industrial de Santander,683-TECNOLOGIA EMPRESARIAL,Femenino,2009-1,2021,Dependiente,Comercio al por mayor y al por menor; reparación de vehículos automotores y motocicletas,2,2,,"100,0%",NaN
1204-Universidad Industrial de Santander,683-TECNOLOGIA EMPRESARIAL,Femenino,2009-1,2021,Dependiente,Construccion,2,2,,"100,0%",NaN
1204-Universidad Industrial de Santander,683-TECNOLOGIA EMPRESARIAL,Femenino,2009-1,2021,Dependiente,Industrias manufactureras,1,1,,"100,0%",NaN
1204-Universidad Industrial de Santander,683-TECNOLOGIA EMPRESARIAL,Femenino,2009-1,2021,Dependiente,Otras actividades de servicios,1,1,,"100,0%",NaN
1204-Universidad Industrial de Santander,683-TECNOLOGIA EMPRESARIAL,Femenino,2009-1,2021,Independiente,"Actividades profesionales, científicas y técnicas",2,2,,"100,0%",NaN
1204-Universidad Industrial de Santander,683-TECNOLOGIA EMPRESARIAL,Femenino,2009-1,2021,Independiente,Comercio al por mayor y al por menor; reparación de vehículos automotores y motocicletas,1,1,,"100,0%",NaN
1204-Universidad Industrial de Santander,683-TECNOLOGIA EMPRESARIAL,Femenino,2009-1,2021,Independiente,Otras actividades de servicios,1,1,,"100,0%",NaN
1204-Universidad Industrial de Santander,683-TECNOLOGIA EMPRESARIAL,Femenino,2009-1,2021,No cotizante,Sin información,13,0,,"0,0%",NaN
1204-Universidad Industrial de Santander,683-TECNOLOGIA EMPRESARIAL,Femenino,2009-1,2022,Dependiente,Actividades de atención de la salud humana y de asistencia social,3,3,,"100,0%",NaN
1204-Universidad Industrial de Santander,683-TECNOLOGIA EMPRESARIAL,Femenino,2009-1,2022,Dependiente,Actividades de servicios administrativos y de apoyo,3,3,,"100,0%",NaN
1204-Universidad Industrial de Santander,683-TECNOLOGIA EMPRESARIAL,Femenino,2009-1,2022,Dependiente,Actividades financieras y de seguros,3,3,,"100,0%",NaN
1204-Universidad Industrial de Santander,683-TECNOLOGIA EMPRESARIAL,Femenino,2009-1,2022,Dependiente,"Actividades profesionales, científicas y técnicas",6,6,,"100,0%",NaN
1204-Universidad Industrial de Santander,683-TECNOLOGIA EMPRESARIAL,Femenino,2009-1,2022,Dependiente,Administración pública y defensa; planes de seguridad social de afiliación obligatoria,2,2,,"100,0%",NaN
1204-Universidad Industrial de Santander,683-TECNOLOGIA EMPRESARIAL,Femenino,2009-1,2022,Dependiente,"Agricultura, ganadería, caza, silvicultura y pesca",1,1,,"100,0%",NaN
1204-Universidad Industrial de Santander,683-TECNOLOGIA EMPRESARIAL,Femenino,2009-1,2022,Dependiente,Comercio al por mayor y al por menor; reparación de vehículos automotores y motocicletas,2,2,,"100,0%",NaN
1204-Universidad Industrial de Santander,683-TECNOLOGIA EMPRESARIAL,Femenino,2009-1,2022,Dependiente,Construccion,1,1,,"100,0%",NaN
1204-Universidad Industrial de Santander,683-TECNOLOGIA EMPRESARIAL,Femenino,2009-1,2022,Dependiente,Industrias manufactureras,1,1,,"100,0%",NaN
1204-Universidad Industrial de Santander,683-TECNOLOGIA EMPRESARIAL,Femenino,2009-1,2022,Independiente,"Actividades profesionales, científicas y técnicas",2,2,,"100,0%",NaN
1204-Universidad Industrial de Santander,683-TECNOLOGIA EMPRESARIAL,Femenino,2009-1,2022,Independiente,Comercio al por mayor y al por menor; reparación de vehículos automotores y motocicletas,1,1,,"100,0%",NaN
1204-Universidad Industrial de Santander,683-TECNOLOGIA EMPRESARIAL,Femenino,2009-1,2022,Independiente,Otras actividades de servicios,1,1,,"100,0%",NaN
1204-Universidad Industrial de Santander,683-TECNOLOGIA EMPRESARIAL,Femenino,2009-1,2022,No cotizante,SIN DATO,15,0,,"0,0%",NaN
1204-Universidad Industrial de Santander,683-TECNOLOGIA EMPRESARIAL,Femenino,2009-1,2023,Dependiente,Actividades de atención de la salud humana y de asistencia social,2,2,,"100,0%",NaN
1204-Universidad Industrial de Santander,683-TECNOLOGIA EMPRESARIAL,Femenino,2009-1,2023,Dependiente,Actividades de servicios administrativos y de apoyo,3,3,,"100,0%",NaN
1204-Universidad Industrial de Santander,683-TECNOLOGIA EMPRESARIAL,Femenino,2009-1,2023,Dependiente,Actividades financieras y de seguros,1,1,,"100,0%",NaN
1204-Universidad Industrial de Santander,683-TECNOLOGIA EMPRESARIAL,Femenino,2009-1,2023,Dependiente,"Actividades profesionales, científicas y técnicas",4,4,,"100,0%",NaN
1204-Universidad Industrial de Santander,683-TECNOLOGIA EMPRESARIAL,Femenino,2009-1,2023,Dependiente,Administración pública y defensa; planes de seguridad social de afiliación obligatoria,3,3,,"100,0%",NaN
1204-Universidad Industrial de Santander,683-TECNOLOGIA EMPRESARIAL,Femenino,2009-1,2023,Dependiente,"Agricultura, ganadería, caza, silvicultura y pesca",1,1,,"100,0%",NaN
1204-Universidad Industrial de Santander,683-TECNOLOGIA EMPRESARIAL,Femenino,2009-1,2023,Dependiente,Comercio al por mayor y al por menor; reparación de vehículos automotores y motocicletas,3,3,,"100,0%",NaN
1204-Universidad Industrial de Santander,683-TECNOLOGIA EMPRESARIAL,Femenino,2009-1,2023,Dependiente,Construccion,1,1,,"100,0%",NaN
1204-Universidad Industrial de Santander,683-TECNOLOGIA EMPRESARIAL,Femenino,2009-1,2023,Dependiente,Industrias manufactureras,3,3,,"100,0%",NaN
1204-Universidad Industrial de Santander,683-TECNOLOGIA EMPRESARIAL,Femenino,2009-1,2023,Dependiente,Transporte y almacenamiento,2,2,,"100,0%",NaN
1204-Universidad Industrial de Santander,683-TECNOLOGIA EMPRESARIAL,Femenino,2009-1,2023,Independiente,"Actividades profesionales, científicas y técnicas",1,1,,"100,0%",NaN
1204-Universidad Industrial de Santander,683-TECNOLOGIA EMPRESARIAL,Femenino,2009-1,2023,Independiente,Otras actividades de servicios,1,1,,"100,0%",NaN
1204-Universidad Industrial de Santander,683-TECNOLOGIA EMPRESARIAL,Femenino,2009-1,2023,No cotizante,SIN DATO,14,0,,"0,0%",NaN
1204-Universidad Industrial de Santander,683-TECNOLOGIA EMPRESARIAL,Masculino,2009-1,2016,Dependiente,Comercio al por mayor y al por menor; reparación de vehículos automotores y motocicletas,1,1,,"100,0%",$1.530.000
1204-Universidad Industrial de Santander,683-TECNOLOGIA EMPRESARIAL,Masculino,2009-1,2016,Dependiente,Educación,1,1,,"100,0%",$825.000
1204-Universidad Industrial de Santander,683-TECNOLOGIA EMPRESARIAL,Masculino,2009-1,2016,Dependiente,Industrias manufactureras,1,1,,"100,0%",$3.850.000
1204-Universidad Industrial de Santander,683-TECNOLOGIA EMPRESARIAL,Masculino,2009-1,2016,Dependiente,Sin información,1,1,,"100,0%",$689.455
1204-Universidad Industrial de Santander,683-TECNOLOGIA EMPRESARIAL,Masculino,2009-1,2016,Dependiente,Transporte y almacenamiento,1,1,,"100,0%",$865.000
1204-Universidad Industrial de Santander,683-TECNOLOGIA EMPRESARIAL,Masculino,2009-1,2016,Independiente,Comercio al por mayor y al por menor; reparación de vehículos automotores y motocicletas,1,1,,"100,0%",NaN
1204-Universidad Industrial de Santander,683-TECNOLOGIA EMPRESARIAL,Masculino,2009-1,2016,Independiente,Sin información,2,2,,"100,0%",NaN
1204-Universidad Industrial de Santander,683-TECNOLOGIA EMPRESARIAL,Masculino,2009-1,2016,No cotizante,Sin información,3,0,,"0,0%",NaN
1204-Universidad Industrial de Santander,683-TECNOLOGIA EMPRESARIAL,Masculino,2009-1,2017,Dependiente,"Actividades artísticas, de entretenimiento y recreación",1,1,,"100,0%",NaN
1204-Universidad Industrial de Santander,683-TECNOLOGIA EMPRESARIAL,Masculino,2009-1,2017,Dependiente,Comercio al por mayor y al por menor; reparación de vehículos automotores y motocicletas,1,1,,"100,0%",NaN
1204-Universidad Industrial de Santander,683-TECNOLOGIA EMPRESARIAL,Masculino,2009-1,2017,Dependiente,Industrias manufactureras,1,1,,"100,0%",NaN
1204-Universidad Industrial de Santander,683-TECNOLOGIA EMPRESARIAL,Masculino,2009-1,2017,Dependiente,Sin información,1,1,,"100,0%",NaN
1204-Universidad Industrial de Santander,683-TECNOLOGIA EMPRESARIAL,Masculino,2009-1,2017,Dependiente,Transporte y almacenamiento,2,2,,"100,0%",NaN
1204-Universidad Industrial de Santander,683-TECNOLOGIA EMPRESARIAL,Masculino,2009-1,2017,Independiente,Comercio al por mayor y al por menor; reparación de vehículos automotores y motocicletas,1,1,,"100,0%",NaN
1204-Universidad Industrial de Santander,683-TECNOLOGIA EMPRESARIAL,Masculino,2009-1,2017,Independiente,Industrias manufactureras,1,1,,"100,0%",NaN
1204-Universidad Industrial de Santander,683-TECNOLOGIA EMPRESARIAL,Masculino,2009-1,2017,Independiente,Sin información,1,1,,"100,0%",NaN
1204-Universidad Industrial de Santander,683-TECNOLOGIA EMPRESARIAL,Masculino,2009-1,2017,No cotizante,Sin información,2,0,,"0,0%",NaN
1204-Universidad Industrial de Santander,683-TECNOLOGIA EMPRESARIAL,Masculino,2009-1,2018,Dependiente,Comercio al por mayor y al por menor; reparación de vehículos automotores y motocicletas,1,1,,"100,0%",NaN
1204-Universidad Industrial de Santander,683-TECNOLOGIA EMPRESARIAL,Masculino,2009-1,2018,Dependiente,Sin información,1,1,,"100,0%",NaN
1204-Universidad Industrial de Santander,683-TECNOLOGIA EMPRESARIAL,Masculino,2009-1,2018,Dependiente,Transporte y almacenamiento,2,2,,"100,0%",NaN
1204-Universidad Industrial de Santander,683-TECNOLOGIA EMPRESARIAL,Masculino,2009-1,2018,Independiente,Comercio al por mayor y al por menor; reparación de vehículos automotores y motocicletas,1,1,,"100,0%",NaN
1204-Universidad Industrial de Santander,683-TECNOLOGIA EMPRESARIAL,Masculino,2009-1,2018,Independiente,Sin información,2,2,,"100,0%",NaN
1204-Universidad Industrial de Santander,683-TECNOLOGIA EMPRESARIAL,Masculino,2009-1,2018,No cotizante,Sin información,4,0,,"0,0%",NaN
1204-Universidad Industrial de Santander,683-TECNOLOGIA EMPRESARIAL,Masculino,2009-1,2019,Dependiente,Comercio al por mayor y al por menor; reparación de vehículos automotores y motocicletas,2,2,,"100,0%",NaN
1204-Universidad Industrial de Santander,683-TECNOLOGIA EMPRESARIAL,Masculino,2009-1,2019,Dependiente,Transporte y almacenamiento,2,2,,"100,0%",NaN
1204-Universidad Industrial de Santander,683-TECNOLOGIA EMPRESARIAL,Masculino,2009-1,2019,Independiente,Administración pública y defensa; planes de seguridad social de afiliación obligatoria,1,1,,"100,0%",NaN
1204-Universidad Industrial de Santander,683-TECNOLOGIA EMPRESARIAL,Masculino,2009-1,2019,Independiente,Comercio al por mayor y al por menor; reparación de vehículos automotores y motocicletas,1,1,,"100,0%",NaN
1204-Universidad Industrial de Santander,683-TECNOLOGIA EMPRESARIAL,Masculino,2009-1,2019,No cotizante,Sin información,4,0,,"0,0%",NaN
1204-Universidad Industrial de Santander,683-TECNOLOGIA EMPRESARIAL,Masculino,2009-1,2020,Dependiente,"Actividades profesionales, científicas y técnicas",1,1,,"100,0%",NaN
1204-Universidad Industrial de Santander,683-TECNOLOGIA EMPRESARIAL,Masculino,2009-1,2020,Dependiente,Comercio al por mayor y al por menor; reparación de vehículos automotores y motocicletas,2,2,,"100,0%",NaN
1204-Universidad Industrial de Santander,683-TECNOLOGIA EMPRESARIAL,Masculino,2009-1,2020,Dependiente,Transporte y almacenamiento,1,1,,"100,0%",NaN
1204-Universidad Industrial de Santander,683-TECNOLOGIA EMPRESARIAL,Masculino,2009-1,2020,Independiente,"Actividades profesionales, científicas y técnicas",1,1,,"100,0%",NaN
1204-Universidad Industrial de Santander,683-TECNOLOGIA EMPRESARIAL,Masculino,2009-1,2020,Independiente,Administración pública y defensa; planes de seguridad social de afiliación obligatoria,1,1,,"100,0%",NaN
1204-Universidad Industrial de Santander,683-TECNOLOGIA EMPRESARIAL,Masculino,2009-1,2020,Independiente,Otras actividades de servicios,1,1,,"100,0%",NaN
1204-Universidad Industrial de Santander,683-TECNOLOGIA EMPRESARIAL,Masculino,2009-1,2020,No cotizante,Sin información,3,0,,"0,0%",NaN
1204-Universidad Industrial de Santander,683-TECNOLOGIA EMPRESARIAL,Masculino,2009-1,2021,Dependiente,Comercio al por mayor y al por menor; reparación de vehículos automotores y motocicletas,1,1,,"100,0%",NaN
1204-Universidad Industrial de Santander,683-TECNOLOGIA EMPRESARIAL,Masculino,2009-1,2021,Dependiente,"Distribución de agua; evacuación y tratamiento de aguas residuales, gestión de desechos y actividades de saneamiento ambiental",1,1,,"100,0%",NaN
1204-Universidad Industrial de Santander,683-TECNOLOGIA EMPRESARIAL,Masculino,2009-1,2021,Dependiente,Transporte y almacenamiento,1,1,,"100,0%",NaN
1204-Universidad Industrial de Santander,683-TECNOLOGIA EMPRESARIAL,Masculino,2009-1,2021,Independiente,"Actividades profesionales, científicas y técnicas",1,1,,"100,0%",NaN
1204-Universidad Industrial de Santander,683-TECNOLOGIA EMPRESARIAL,Masculino,2009-1,2021,Independiente,Administración pública y defensa; planes de seguridad social de afiliación obligatoria,1,1,,"100,0%",NaN
1204-Universidad Industrial de Santander,683-TECNOLOGIA EMPRESARIAL,Masculino,2009-1,2021,Independiente,Comercio al por mayor y al por menor; reparación de vehículos automotores y motocicletas,1,1,,"100,0%",NaN
1204-Universidad Industrial de Santander,683-TECNOLOGIA EMPRESARIAL,Masculino,2009-1,2021,Independiente,Otras actividades de servicios,1,1,,"100,0%",NaN
1204-Universidad Industrial de Santander,683-TECNOLOGIA EMPRESARIAL,Masculino,2009-1,2021,No cotizante,Sin información,2,0,,"0,0%",NaN
1204-Universidad Industrial de Santander,683-TECNOLOGIA EMPRESARIAL,Masculino,2009-1,2022,Dependiente,"Actividades profesionales, científicas y técnicas",1,1,,"100,0%",NaN
1204-Universidad Industrial de Santander,683-TECNOLOGIA EMPRESARIAL,Masculino,2009-1,2022,Dependiente,Comercio al por mayor y al por menor; reparación de vehículos automotores y motocicletas,1,1,,"100,0%",NaN
1204-Universidad Industrial de Santander,683-TECNOLOGIA EMPRESARIAL,Masculino,2009-1,2022,Dependiente,Transporte y almacenamiento,1,1,,"100,0%",NaN
1204-Universidad Industrial de Santander,683-TECNOLOGIA EMPRESARIAL,Masculino,2009-1,2022,Independiente,Comercio al por mayor y al por menor; reparación de vehículos automotores y motocicletas,1,1,,"100,0%",NaN
1204-Universidad Industrial de Santander,683-TECNOLOGIA EMPRESARIAL,Masculino,2009-1,2022,Independiente,Otras actividades de servicios,1,1,,"100,0%",NaN
1204-Universidad Industrial de Santander,683-TECNOLOGIA EMPRESARIAL,Masculino,2009-1,2022,No cotizante,SIN DATO,3,0,,"0,0%",NaN
1204-Universidad Industrial de Santander,683-TECNOLOGIA EMPRESARIAL,Masculino,2009-1,2023,Dependiente,Comercio al por mayor y al por menor; reparación de vehículos automotores y motocicletas,2,2,,"100,0%",NaN
1204-Universidad Industrial de Santander,683-TECNOLOGIA EMPRESARIAL,Masculino,2009-1,2023,Dependiente,Construccion,1,1,,"100,0%",NaN
1204-Universidad Industrial de Santander,683-TECNOLOGIA EMPRESARIAL,Masculino,2009-1,2023,Independiente,Comercio al por mayor y al por menor; reparación de vehículos automotores y motocicletas,1,1,,"100,0%",NaN
1204-Universidad Industrial de Santander,683-TECNOLOGIA EMPRESARIAL,Masculino,2009-1,2023,No cotizante,SIN DATO,4,0,,"0,0%",NaN
1117-Universidad Militar - Nueva Granada,10963-RELACIONES INTERNACIONALES Y ESTUDIOS POLITICOS,Femenino,2009-1,2016,Dependiente,Comercio al por mayor y al por menor; reparación de vehículos automotores y motocicletas,1,1,,"100,0%",$2.913.000
1117-Universidad Militar - Nueva Granada,10963-RELACIONES INTERNACIONALES Y ESTUDIOS POLITICOS,Femenino,2009-1,2016,Independiente,Sin información,1,1,,"100,0%",NaN
1117-Universidad Militar - Nueva Granada,10963-RELACIONES INTERNACIONALES Y ESTUDIOS POLITICOS,Femenino,2009-1,2016,No cotizante,Sin información,5,0,,"0,0%",NaN
1117-Universidad Militar - Nueva Granada,10963-RELACIONES INTERNACIONALES Y ESTUDIOS POLITICOS,Femenino,2009-1,2017,Dependiente,Transporte y almacenamiento,1,1,,"100,0%",NaN
1117-Universidad Militar - Nueva Granada,10963-RELACIONES INTERNACIONALES Y ESTUDIOS POLITICOS,Femenino,2009-1,2017,No cotizante,Sin información,6,0,,"0,0%",NaN
1117-Universidad Militar - Nueva Granada,10963-RELACIONES INTERNACIONALES Y ESTUDIOS POLITICOS,Femenino,2009-1,2018,Dependiente,Transporte y almacenamiento,1,1,,"100,0%",NaN
1117-Universidad Militar - Nueva Granada,10963-RELACIONES INTERNACIONALES Y ESTUDIOS POLITICOS,Femenino,2009-1,2018,Independiente,Sin información,1,1,,"100,0%",NaN
1117-Universidad Militar - Nueva Granada,10963-RELACIONES INTERNACIONALES Y ESTUDIOS POLITICOS,Femenino,2009-1,2018,No cotizante,Sin información,5,0,,"0,0%",NaN
1117-Universidad Militar - Nueva Granada,10963-RELACIONES INTERNACIONALES Y ESTUDIOS POLITICOS,Femenino,2009-1,2019,Dependiente,Educación,1,1,,"100,0%",NaN
1117-Universidad Militar - Nueva Granada,10963-RELACIONES INTERNACIONALES Y ESTUDIOS POLITICOS,Femenino,2009-1,2019,Dependiente,Transporte y almacenamiento,1,1,,"100,0%",NaN
1117-Universidad Militar - Nueva Granada,10963-RELACIONES INTERNACIONALES Y ESTUDIOS POLITICOS,Femenino,2009-1,2019,Independiente,Administración pública y defensa; planes de seguridad social de afiliación obligatoria,1,1,,"100,0%",NaN
1117-Universidad Militar - Nueva Granada,10963-RELACIONES INTERNACIONALES Y ESTUDIOS POLITICOS,Femenino,2009-1,2019,No cotizante,Sin información,4,0,,"0,0%",NaN
1117-Universidad Militar - Nueva Granada,10963-RELACIONES INTERNACIONALES Y ESTUDIOS POLITICOS,Femenino,2009-1,2020,Dependiente,Comercio al por mayor y al por menor; reparación de vehículos automotores y motocicletas,1,1,,"100,0%",NaN
1117-Universidad Militar - Nueva Granada,10963-RELACIONES INTERNACIONALES Y ESTUDIOS POLITICOS,Femenino,2009-1,2020,Dependiente,Educación,1,1,,"100,0%",NaN
1117-Universidad Militar - Nueva Granada,10963-RELACIONES INTERNACIONALES Y ESTUDIOS POLITICOS,Femenino,2009-1,2020,Independiente,Administración pública y defensa; planes de seguridad social de afiliación obligatoria,1,1,,"100,0%",NaN
1117-Universidad Militar - Nueva Granada,10963-RELACIONES INTERNACIONALES Y ESTUDIOS POLITICOS,Femenino,2009-1,2020,No cotizante,Sin información,4,0,,"0,0%",NaN
1117-Universidad Militar - Nueva Granada,10963-RELACIONES INTERNACIONALES Y ESTUDIOS POLITICOS,Femenino,2009-1,2021,Dependiente,Educación,1,1,,"100,0%",NaN
1117-Universidad Militar - Nueva Granada,10963-RELACIONES INTERNACIONALES Y ESTUDIOS POLITICOS,Femenino,2009-1,2021,Independiente,"Actividades profesionales, científicas y técnicas",1,1,,"100,0%",NaN
1117-Universidad Militar - Nueva Granada,10963-RELACIONES INTERNACIONALES Y ESTUDIOS POLITICOS,Femenino,2009-1,2021,Independiente,Administración pública y defensa; planes de seguridad social de afiliación obligatoria,1,1,,"100,0%",NaN
1117-Universidad Militar - Nueva Granada,10963-RELACIONES INTERNACIONALES Y ESTUDIOS POLITICOS,Femenino,2009-1,2021,No cotizante,Sin información,4,0,,"0,0%",NaN
1117-Universidad Militar - Nueva Granada,10963-RELACIONES INTERNACIONALES Y ESTUDIOS POLITICOS,Femenino,2009-1,2022,Dependiente,Educación,1,1,,"100,0%",NaN
1117-Universidad Militar - Nueva Granada,10963-RELACIONES INTERNACIONALES Y ESTUDIOS POLITICOS,Femenino,2009-1,2022,Independiente,"Actividades profesionales, científicas y técnicas",1,1,,"100,0%",NaN
1117-Universidad Militar - Nueva Granada,10963-RELACIONES INTERNACIONALES Y ESTUDIOS POLITICOS,Femenino,2009-1,2022,Independiente,Administración pública y defensa; planes de seguridad social de afiliación obligatoria,1,1,,"100,0%",NaN
1117-Universidad Militar - Nueva Granada,10963-RELACIONES INTERNACIONALES Y ESTUDIOS POLITICOS,Femenino,2009-1,2022,No cotizante,SIN DATO,4,0,,"0,0%",NaN
1117-Universidad Militar - Nueva Granada,10963-RELACIONES INTERNACIONALES Y ESTUDIOS POLITICOS,Femenino,2009-1,2023,Dependiente,Educación,1,1,,"100,0%",NaN
1117-Universidad Militar - Nueva Granada,10963-RELACIONES INTERNACIONALES Y ESTUDIOS POLITICOS,Femenino,2009-1,2023,Independiente,"Actividades profesionales, científicas y técnicas",1,1,,"100,0%",NaN
1117-Universidad Militar - Nueva Granada,10963-RELACIONES INTERNACIONALES Y ESTUDIOS POLITICOS,Femenino,2009-1,2023,Independiente,Administración pública y defensa; planes de seguridad social de afiliación obligatoria,1,1,,"100,0%",NaN
1117-Universidad Militar - Nueva Granada,10963-RELACIONES INTERNACIONALES Y ESTUDIOS POLITICOS,Femenino,2009-1,2023,No cotizante,SIN DATO,4,0,,"0,0%",NaN
1117-Universidad Militar - Nueva Granada,10963-RELACIONES INTERNACIONALES Y ESTUDIOS POLITICOS,Masculino,2009-1,2016,Independiente,"Actividades profesionales, científicas y técnicas",1,1,,"100,0%",NaN
1117-Universidad Militar - Nueva Granada,10963-RELACIONES INTERNACIONALES Y ESTUDIOS POLITICOS,Masculino,2009-1,2016,No cotizante,Sin información,2,0,,"0,0%",NaN
1117-Universidad Militar - Nueva Granada,10963-RELACIONES INTERNACIONALES Y ESTUDIOS POLITICOS,Masculino,2009-1,2017,Independiente,"Actividades profesionales, científicas y técnicas",1,1,,"100,0%",NaN
1117-Universidad Militar - Nueva Granada,10963-RELACIONES INTERNACIONALES Y ESTUDIOS POLITICOS,Masculino,2009-1,2017,No cotizante,Sin información,2,0,,"0,0%",NaN
1117-Universidad Militar - Nueva Granada,10963-RELACIONES INTERNACIONALES Y ESTUDIOS POLITICOS,Masculino,2009-1,2018,No cotizante,Sin información,2,0,,"0,0%",NaN
1117-Universidad Militar - Nueva Granada,10963-RELACIONES INTERNACIONALES Y ESTUDIOS POLITICOS,Masculino,2009-1,2019,No cotizante,Sin información,2,0,,"0,0%",NaN
1117-Universidad Militar - Nueva Granada,10963-RELACIONES INTERNACIONALES Y ESTUDIOS POLITICOS,Masculino,2009-1,2020,No cotizante,Sin información,2,0,,"0,0%",NaN
1117-Universidad Militar - Nueva Granada,10963-RELACIONES INTERNACIONALES Y ESTUDIOS POLITICOS,Masculino,2009-1,2021,No cotizante,Sin información,2,0,,"0,0%",NaN
1117-Universidad Militar - Nueva Granada,10963-RELACIONES INTERNACIONALES Y ESTUDIOS POLITICOS,Masculino,2009-1,2022,No cotizante,SIN DATO,2,0,,"0,0%",NaN
1117-Universidad Militar - Nueva Granada,10963-RELACIONES INTERNACIONALES Y ESTUDIOS POLITICOS,Masculino,2009-1,2023,No cotizante,SIN DATO,2,0,,"0,0%",NaN
2102-Universidad Nacional Abierta y a Distancia - UNAD,1688-ADMINISTRACION DE EMPRESAS,Femenino,2009-1,2020,Dependiente,"Actividades artísticas, de entretenimiento y recreación",1,1,,"100,0%",NaN
2102-Universidad Nacional Abierta y a Distancia - UNAD,1688-ADMINISTRACION DE EMPRESAS,Femenino,2009-1,2020,Dependiente,Actividades de los hogares individuales en calidad de empleadores; actividades no diferenciadas de los hogares individuales como productores de bienes y servicios para uso propio,1,1,,"100,0%",NaN
2102-Universidad Nacional Abierta y a Distancia - UNAD,1688-ADMINISTRACION DE EMPRESAS,Femenino,2009-1,2020,Dependiente,Actividades de servicios administrativos y de apoyo,5,5,,"100,0%",NaN
2102-Universidad Nacional Abierta y a Distancia - UNAD,1688-ADMINISTRACION DE EMPRESAS,Femenino,2009-1,2020,Dependiente,Actividades financieras y de seguros,7,7,,"100,0%",NaN
2102-Universidad Nacional Abierta y a Distancia - UNAD,1688-ADMINISTRACION DE EMPRESAS,Femenino,2009-1,2020,Dependiente,"Actividades profesionales, científicas y técnicas",12,12,,"100,0%",NaN
2102-Universidad Nacional Abierta y a Distancia - UNAD,1688-ADMINISTRACION DE EMPRESAS,Femenino,2009-1,2020,Dependiente,Administración pública y defensa; planes de seguridad social de afiliación obligatoria,17,17,,"100,0%",NaN
2102-Universidad Nacional Abierta y a Distancia - UNAD,1688-ADMINISTRACION DE EMPRESAS,Femenino,2009-1,2020,Dependiente,"Agricultura, ganadería, caza, silvicultura y pesca",1,1,,"100,0%",NaN
2102-Universidad Nacional Abierta y a Distancia - UNAD,1688-ADMINISTRACION DE EMPRESAS,Femenino,2009-1,2020,Dependiente,Comercio al por mayor y al por menor; reparación de vehículos automotores y motocicletas,7,7,,"100,0%",NaN
2102-Universidad Nacional Abierta y a Distancia - UNAD,1688-ADMINISTRACION DE EMPRESAS,Femenino,2009-1,2020,Dependiente,Construccion,4,4,,"100,0%",NaN
2102-Universidad Nacional Abierta y a Distancia - UNAD,1688-ADMINISTRACION DE EMPRESAS,Femenino,2009-1,2020,Dependiente,"Distribución de agua; evacuación y tratamiento de aguas residuales, gestión de desechos y actividades de saneamiento ambiental",1,1,,"100,0%",NaN
2102-Universidad Nacional Abierta y a Distancia - UNAD,1688-ADMINISTRACION DE EMPRESAS,Femenino,2009-1,2020,Dependiente,Educación,1,1,,"100,0%",NaN
2102-Universidad Nacional Abierta y a Distancia - UNAD,1688-ADMINISTRACION DE EMPRESAS,Femenino,2009-1,2020,Dependiente,Industrias manufactureras,9,9,,"100,0%",NaN
2102-Universidad Nacional Abierta y a Distancia - UNAD,1688-ADMINISTRACION DE EMPRESAS,Femenino,2009-1,2020,Dependiente,Información y comunicaciones,4,4,,"100,0%",NaN
2102-Universidad Nacional Abierta y a Distancia - UNAD,1688-ADMINISTRACION DE EMPRESAS,Femenino,2009-1,2020,Dependiente,Otras actividades de servicios,4,4,,"100,0%",NaN
2102-Universidad Nacional Abierta y a Distancia - UNAD,1688-ADMINISTRACION DE EMPRESAS,Femenino,2009-1,2020,Dependiente,"Suministro de electricidad, gas, vapor y aire acondicionado",3,3,,"100,0%",NaN
2102-Universidad Nacional Abierta y a Distancia - UNAD,1688-ADMINISTRACION DE EMPRESAS,Femenino,2009-1,2020,Independiente,Actividades de atención de la salud humana y de asistencia social,1,1,,"100,0%",NaN
2102-Universidad Nacional Abierta y a Distancia - UNAD,1688-ADMINISTRACION DE EMPRESAS,Femenino,2009-1,2020,Independiente,Actividades de los hogares individuales en calidad de empleadores; actividades no diferenciadas de los hogares individuales como productores de bienes y servicios para uso propio,1,1,,"100,0%",NaN
2102-Universidad Nacional Abierta y a Distancia - UNAD,1688-ADMINISTRACION DE EMPRESAS,Femenino,2009-1,2020,Independiente,Actividades de servicios administrativos y de apoyo,2,2,,"100,0%",NaN
2102-Universidad Nacional Abierta y a Distancia - UNAD,1688-ADMINISTRACION DE EMPRESAS,Femenino,2009-1,2020,Independiente,"Actividades profesionales, científicas y técnicas",7,7,,"100,0%",NaN
2102-Universidad Nacional Abierta y a Distancia - UNAD,1688-ADMINISTRACION DE EMPRESAS,Femenino,2009-1,2020,Independiente,Administración pública y defensa; planes de seguridad social de afiliación obligatoria,1,1,,"100,0%",NaN
2102-Universidad Nacional Abierta y a Distancia - UNAD,1688-ADMINISTRACION DE EMPRESAS,Femenino,2009-1,2020,Independiente,Alojamiento y servicios de comida,1,1,,"100,0%",NaN
2102-Universidad Nacional Abierta y a Distancia - UNAD,1688-ADMINISTRACION DE EMPRESAS,Femenino,2009-1,2020,Independiente,Industrias manufactureras,1,1,,"100,0%",NaN
2102-Universidad Nacional Abierta y a Distancia - UNAD,1688-ADMINISTRACION DE EMPRESAS,Femenino,2009-1,2020,Independiente,Transporte y almacenamiento,1,1,,"100,0%",NaN
2102-Universidad Nacional Abierta y a Distancia - UNAD,1688-ADMINISTRACION DE EMPRESAS,Femenino,2009-1,2020,No cotizante,Sin información,49,0,,"0,0%",NaN
2102-Universidad Nacional Abierta y a Distancia - UNAD,1688-ADMINISTRACION DE EMPRESAS,Masculino,2009-1,2020,Dependiente,"Actividades artísticas, de entretenimiento y recreación",1,1,,"100,0%",NaN
2102-Universidad Nacional Abierta y a Distancia - UNAD,1688-ADMINISTRACION DE EMPRESAS,Masculino,2009-1,2020,Dependiente,Actividades de atención de la salud humana y de asistencia social,1,1,,"100,0%",NaN
2102-Universidad Nacional Abierta y a Distancia - UNAD,1688-ADMINISTRACION DE EMPRESAS,Masculino,2009-1,2020,Dependiente,Actividades de los hogares individuales en calidad de empleadores; actividades no diferenciadas de los hogares individuales como productores de bienes y servicios para uso propio,1,1,,"100,0%",NaN
2102-Universidad Nacional Abierta y a Distancia - UNAD,1688-ADMINISTRACION DE EMPRESAS,Masculino,2009-1,2020,Dependiente,Actividades de servicios administrativos y de apoyo,1,1,,"100,0%",NaN
2102-Universidad Nacional Abierta y a Distancia - UNAD,1688-ADMINISTRACION DE EMPRESAS,Masculino,2009-1,2020,Dependiente,Actividades financieras y de seguros,2,2,,"100,0%",NaN
2102-Universidad Nacional Abierta y a Distancia - UNAD,1688-ADMINISTRACION DE EMPRESAS,Masculino,2009-1,2020,Dependiente,"Actividades profesionales, científicas y técnicas",3,3,,"100,0%",NaN
2102-Universidad Nacional Abierta y a Distancia - UNAD,1688-ADMINISTRACION DE EMPRESAS,Masculino,2009-1,2020,Dependiente,Administración pública y defensa; planes de seguridad social de afiliación obligatoria,7,7,,"100,0%",NaN
2102-Universidad Nacional Abierta y a Distancia - UNAD,1688-ADMINISTRACION DE EMPRESAS,Masculino,2009-1,2020,Dependiente,Comercio al por mayor y al por menor; reparación de vehículos automotores y motocicletas,6,6,,"100,0%",NaN
2102-Universidad Nacional Abierta y a Distancia - UNAD,1688-ADMINISTRACION DE EMPRESAS,Masculino,2009-1,2020,Dependiente,Construccion,2,2,,"100,0%",NaN
2102-Universidad Nacional Abierta y a Distancia - UNAD,1688-ADMINISTRACION DE EMPRESAS,Masculino,2009-1,2020,Dependiente,Educación,2,2,,"100,0%",NaN
2102-Universidad Nacional Abierta y a Distancia - UNAD,1688-ADMINISTRACION DE EMPRESAS,Masculino,2009-1,2020,Dependiente,Industrias manufactureras,4,4,,"100,0%",NaN
2102-Universidad Nacional Abierta y a Distancia - UNAD,1688-ADMINISTRACION DE EMPRESAS,Masculino,2009-1,2020,Dependiente,Información y comunicaciones,1,1,,"100,0%",NaN
2102-Universidad Nacional Abierta y a Distancia - UNAD,1688-ADMINISTRACION DE EMPRESAS,Masculino,2009-1,2020,Dependiente,Otras actividades de servicios,1,1,,"100,0%",NaN
2102-Universidad Nacional Abierta y a Distancia - UNAD,1688-ADMINISTRACION DE EMPRESAS,Masculino,2009-1,2020,Dependiente,Transporte y almacenamiento,1,1,,"100,0%",NaN
2102-Universidad Nacional Abierta y a Distancia - UNAD,1688-ADMINISTRACION DE EMPRESAS,Masculino,2009-1,2020,Independiente,Actividades financieras y de seguros,1,1,,"100,0%",NaN
2102-Universidad Nacional Abierta y a Distancia - UNAD,1688-ADMINISTRACION DE EMPRESAS,Masculino,2009-1,2020,Independiente,"Actividades profesionales, científicas y técnicas",5,5,,"100,0%",NaN
2102-Universidad Nacional Abierta y a Distancia - UNAD,1688-ADMINISTRACION DE EMPRESAS,Masculino,2009-1,2020,Independiente,Administración pública y defensa; planes de seguridad social de afiliación obligatoria,1,1,,"100,0%",NaN
2102-Universidad Nacional Abierta y a Distancia - UNAD,1688-ADMINISTRACION DE EMPRESAS,Masculino,2009-1,2020,No cotizante,Sin información,19,0,,"0,0%",NaN
2102-Universidad Nacional Abierta y a Distancia - UNAD,3425-COMUNICACION SOCIAL,Femenino,2009-1,2020,Dependiente,"Actividades profesionales, científicas y técnicas",2,2,,"100,0%",NaN
2102-Universidad Nacional Abierta y a Distancia - UNAD,3425-COMUNICACION SOCIAL,Femenino,2009-1,2020,Dependiente,Administración pública y defensa; planes de seguridad social de afiliación obligatoria,1,1,,"100,0%",NaN
2102-Universidad Nacional Abierta y a Distancia - UNAD,3425-COMUNICACION SOCIAL,Femenino,2009-1,2020,Dependiente,Alojamiento y servicios de comida,1,1,,"100,0%",NaN
2102-Universidad Nacional Abierta y a Distancia - UNAD,3425-COMUNICACION SOCIAL,Femenino,2009-1,2020,Dependiente,Comercio al por mayor y al por menor; reparación de vehículos automotores y motocicletas,1,1,,"100,0%",NaN
2102-Universidad Nacional Abierta y a Distancia - UNAD,3425-COMUNICACION SOCIAL,Femenino,2009-1,2020,Independiente,"Actividades profesionales, científicas y técnicas",1,1,,"100,0%",NaN
2102-Universidad Nacional Abierta y a Distancia - UNAD,3425-COMUNICACION SOCIAL,Femenino,2009-1,2020,No cotizante,Sin información,5,0,,"0,0%",NaN
2102-Universidad Nacional Abierta y a Distancia - UNAD,3425-COMUNICACION SOCIAL,Masculino,2009-1,2020,Dependiente,Administración pública y defensa; planes de seguridad social de afiliación obligatoria,2,2,,"100,0%",NaN
2102-Universidad Nacional Abierta y a Distancia - UNAD,3425-COMUNICACION SOCIAL,Masculino,2009-1,2020,Dependiente,Otras actividades de servicios,1,1,,"100,0%",NaN
2102-Universidad Nacional Abierta y a Distancia - UNAD,3425-COMUNICACION SOCIAL,Masculino,2009-1,2020,Independiente,"Actividades profesionales, científicas y técnicas",1,1,,"100,0%",NaN
2102-Universidad Nacional Abierta y a Distancia - UNAD,3425-COMUNICACION SOCIAL,Masculino,2009-1,2020,Independiente,Otras actividades de servicios,1,1,,"100,0%",NaN
2102-Universidad Nacional Abierta y a Distancia - UNAD,3425-COMUNICACION SOCIAL,Masculino,2009-1,2020,No cotizante,Sin información,4,0,,"0,0%",NaN
2102-Universidad Nacional Abierta y a Distancia - UNAD,10673-ESPECIALIZACION EN EDUCACION SUPERIOR A DISTANCIA,Femenino,2009-1,2017,Independiente,"Actividades profesionales, científicas y técnicas",1,1,,"100,0%",NaN
2102-Universidad Nacional Abierta y a Distancia - UNAD,10673-ESPECIALIZACION EN EDUCACION SUPERIOR A DISTANCIA,Femenino,2009-1,2017,No cotizante,Sin información,1,0,,"0,0%",NaN
2102-Universidad Nacional Abierta y a Distancia - UNAD,10673-ESPECIALIZACION EN EDUCACION SUPERIOR A DISTANCIA,Femenino,2009-1,2018,Independiente,"Actividades profesionales, científicas y técnicas",1,1,,"100,0%",NaN
2102-Universidad Nacional Abierta y a Distancia - UNAD,10673-ESPECIALIZACION EN EDUCACION SUPERIOR A DISTANCIA,Femenino,2009-1,2018,No cotizante,Sin información,1,0,,"0,0%",NaN
2102-Universidad Nacional Abierta y a Distancia - UNAD,10673-ESPECIALIZACION EN EDUCACION SUPERIOR A DISTANCIA,Femenino,2009-1,2019,Dependiente,Educación,1,1,,"100,0%",NaN
2102-Universidad Nacional Abierta y a Distancia - UNAD,10673-ESPECIALIZACION EN EDUCACION SUPERIOR A DISTANCIA,Femenino,2009-1,2019,No cotizante,Sin información,1,0,,"0,0%",NaN
2102-Universidad Nacional Abierta y a Distancia - UNAD,10673-ESPECIALIZACION EN EDUCACION SUPERIOR A DISTANCIA,Femenino,2009-1,2020,Independiente,"Actividades profesionales, científicas y técnicas",1,1,,"100,0%",NaN
2102-Universidad Nacional Abierta y a Distancia - UNAD,10673-ESPECIALIZACION EN EDUCACION SUPERIOR A DISTANCIA,Femenino,2009-1,2020,No cotizante,Sin información,1,0,,"0,0%",NaN
2102-Universidad Nacional Abierta y a Distancia - UNAD,10673-ESPECIALIZACION EN EDUCACION SUPERIOR A DISTANCIA,Femenino,2009-1,2021,Independiente,"Actividades profesionales, científicas y técnicas",1,1,,"100,0%",NaN
2102-Universidad Nacional Abierta y a Distancia - UNAD,10673-ESPECIALIZACION EN EDUCACION SUPERIOR A DISTANCIA,Femenino,2009-1,2021,No cotizante,Sin información,1,0,,"0,0%",NaN
2102-Universidad Nacional Abierta y a Distancia - UNAD,10673-ESPECIALIZACION EN EDUCACION SUPERIOR A DISTANCIA,Femenino,2009-1,2022,Independiente,"Actividades profesionales, científicas y técnicas",1,1,,"100,0%",NaN
2102-Universidad Nacional Abierta y a Distancia - UNAD,10673-ESPECIALIZACION EN EDUCACION SUPERIOR A DISTANCIA,Femenino,2009-1,2022,No cotizante,SIN DATO,1,0,,"0,0%",NaN
2102-Universidad Nacional Abierta y a Distancia - UNAD,10673-ESPECIALIZACION EN EDUCACION SUPERIOR A DISTANCIA,Femenino,2009-1,2023,No cotizante,SIN DATO,2,0,,"0,0%",NaN
2102-Universidad Nacional Abierta y a Distancia - UNAD,10673-ESPECIALIZACION EN EDUCACION SUPERIOR A DISTANCIA,Masculino,2009-1,2017,Dependiente,"Actividades profesionales, científicas y técnicas",1,1,,"100,0%",NaN
2102-Universidad Nacional Abierta y a Distancia - UNAD,10673-ESPECIALIZACION EN EDUCACION SUPERIOR A DISTANCIA,Masculino,2009-1,2018,Dependiente,"Actividades profesionales, científicas y técnicas",1,1,,"100,0%",NaN
2102-Universidad Nacional Abierta y a Distancia - UNAD,10673-ESPECIALIZACION EN EDUCACION SUPERIOR A DISTANCIA,Masculino,2009-1,2019,Dependiente,"Actividades profesionales, científicas y técnicas",1,1,,"100,0%",NaN
2102-Universidad Nacional Abierta y a Distancia - UNAD,10673-ESPECIALIZACION EN EDUCACION SUPERIOR A DISTANCIA,Masculino,2009-1,2020,Dependiente,"Actividades profesionales, científicas y técnicas",1,1,,"100,0%",NaN
2102-Universidad Nacional Abierta y a Distancia - UNAD,10673-ESPECIALIZACION EN EDUCACION SUPERIOR A DISTANCIA,Masculino,2009-1,2021,Dependiente,Actividades de servicios administrativos y de apoyo,1,1,,"100,0%",NaN
2102-Universidad Nacional Abierta y a Distancia - UNAD,10673-ESPECIALIZACION EN EDUCACION SUPERIOR A DISTANCIA,Masculino,2009-1,2022,Dependiente,Actividades de servicios administrativos y de apoyo,1,1,,"100,0%",NaN
2102-Universidad Nacional Abierta y a Distancia - UNAD,10673-ESPECIALIZACION EN EDUCACION SUPERIOR A DISTANCIA,Masculino,2009-1,2023,Dependiente,Actividades de servicios administrativos y de apoyo,1,1,,"100,0%",NaN
2102-Universidad Nacional Abierta y a Distancia - UNAD,"10674-ESPECIALIZACION EN EDUCACION, CULTURA Y POLITICA",Femenino,2009-1,2017,Dependiente,Educación,2,2,,"100,0%",NaN
2102-Universidad Nacional Abierta y a Distancia - UNAD,"10674-ESPECIALIZACION EN EDUCACION, CULTURA Y POLITICA",Femenino,2009-1,2018,Dependiente,Educación,1,1,,"100,0%",NaN
2102-Universidad Nacional Abierta y a Distancia - UNAD,"10674-ESPECIALIZACION EN EDUCACION, CULTURA Y POLITICA",Femenino,2009-1,2018,No cotizante,Sin información,1,0,,"0,0%",NaN
2102-Universidad Nacional Abierta y a Distancia - UNAD,"10674-ESPECIALIZACION EN EDUCACION, CULTURA Y POLITICA",Femenino,2009-1,2019,Dependiente,Educación,1,1,,"100,0%",NaN
2102-Universidad Nacional Abierta y a Distancia - UNAD,"10674-ESPECIALIZACION EN EDUCACION, CULTURA Y POLITICA",Femenino,2009-1,2019,No cotizante,Sin información,1,0,,"0,0%",NaN
2102-Universidad Nacional Abierta y a Distancia - UNAD,"10674-ESPECIALIZACION EN EDUCACION, CULTURA Y POLITICA",Femenino,2009-1,2020,Independiente,Actividades de servicios administrativos y de apoyo,1,1,,"100,0%",NaN
2102-Universidad Nacional Abierta y a Distancia - UNAD,"10674-ESPECIALIZACION EN EDUCACION, CULTURA Y POLITICA",Femenino,2009-1,2020,No cotizante,Sin información,1,0,,"0,0%",NaN
2102-Universidad Nacional Abierta y a Distancia - UNAD,"10674-ESPECIALIZACION EN EDUCACION, CULTURA Y POLITICA",Femenino,2009-1,2021,Independiente,Actividades de servicios administrativos y de apoyo,1,1,,"100,0%",NaN
2102-Universidad Nacional Abierta y a Distancia - UNAD,"10674-ESPECIALIZACION EN EDUCACION, CULTURA Y POLITICA",Femenino,2009-1,2021,Independiente,"Actividades profesionales, científicas y técnicas",1,1,,"100,0%",NaN
2102-Universidad Nacional Abierta y a Distancia - UNAD,"10674-ESPECIALIZACION EN EDUCACION, CULTURA Y POLITICA",Femenino,2009-1,2022,Dependiente,Educación,1,1,,"100,0%",NaN
2102-Universidad Nacional Abierta y a Distancia - UNAD,"10674-ESPECIALIZACION EN EDUCACION, CULTURA Y POLITICA",Femenino,2009-1,2022,Independiente,"Actividades profesionales, científicas y técnicas",1,1,,"100,0%",NaN
2102-Universidad Nacional Abierta y a Distancia - UNAD,"10674-ESPECIALIZACION EN EDUCACION, CULTURA Y POLITICA",Femenino,2009-1,2023,Dependiente,Educación,1,1,,"100,0%",NaN
2102-Universidad Nacional Abierta y a Distancia - UNAD,"10674-ESPECIALIZACION EN EDUCACION, CULTURA Y POLITICA",Femenino,2009-1,2023,No cotizante,SIN DATO,1,0,,"0,0%",NaN
2102-Universidad Nacional Abierta y a Distancia - UNAD,"10674-ESPECIALIZACION EN EDUCACION, CULTURA Y POLITICA",Masculino,2009-1,2017,Dependiente,Actividades de servicios administrativos y de apoyo,1,1,,"100,0%",NaN
2102-Universidad Nacional Abierta y a Distancia - UNAD,"10674-ESPECIALIZACION EN EDUCACION, CULTURA Y POLITICA",Masculino,2009-1,2018,Dependiente,Actividades de servicios administrativos y de apoyo,1,1,,"100,0%",NaN
2102-Universidad Nacional Abierta y a Distancia - UNAD,"10674-ESPECIALIZACION EN EDUCACION, CULTURA Y POLITICA",Masculino,2009-1,2019,Dependiente,Actividades de servicios administrativos y de apoyo,1,1,,"100,0%",NaN
2102-Universidad Nacional Abierta y a Distancia - UNAD,"10674-ESPECIALIZACION EN EDUCACION, CULTURA Y POLITICA",Masculino,2009-1,2020,Dependiente,Actividades de servicios administrativos y de apoyo,1,1,,"100,0%",NaN
2102-Universidad Nacional Abierta y a Distancia - UNAD,"10674-ESPECIALIZACION EN EDUCACION, CULTURA Y POLITICA",Masculino,2009-1,2021,Dependiente,Actividades de servicios administrativos y de apoyo,1,1,,"100,0%",NaN
2102-Universidad Nacional Abierta y a Distancia - UNAD,"10674-ESPECIALIZACION EN EDUCACION, CULTURA Y POLITICA",Masculino,2009-1,2022,Dependiente,Actividades de servicios administrativos y de apoyo,1,1,,"100,0%",NaN
2102-Universidad Nacional Abierta y a Distancia - UNAD,"10674-ESPECIALIZACION EN EDUCACION, CULTURA Y POLITICA",Masculino,2009-1,2023,Dependiente,Transporte y almacenamiento,1,1,,"100,0%",NaN
2102-Universidad Nacional Abierta y a Distancia - UNAD,10675-ESPECIALIZACION EN PEDAGOGIA PARA EL DESARROLLO DEL APRENDIZAJE AUTONOMO,Femenino,2009-1,2017,Dependiente,Actividades de organizaciones y entidades extraterritoriales,1,1,,"100,0%",NaN
2102-Universidad Nacional Abierta y a Distancia - UNAD,10675-ESPECIALIZACION EN PEDAGOGIA PARA EL DESARROLLO DEL APRENDIZAJE AUTONOMO,Femenino,2009-1,2017,Dependiente,Actividades de servicios administrativos y de apoyo,1,1,,"100,0%",NaN
2102-Universidad Nacional Abierta y a Distancia - UNAD,10675-ESPECIALIZACION EN PEDAGOGIA PARA EL DESARROLLO DEL APRENDIZAJE AUTONOMO,Femenino,2009-1,2017,Dependiente,"Actividades profesionales, científicas y técnicas",1,1,,"100,0%",NaN
2102-Universidad Nacional Abierta y a Distancia - UNAD,10675-ESPECIALIZACION EN PEDAGOGIA PARA EL DESARROLLO DEL APRENDIZAJE AUTONOMO,Femenino,2009-1,2017,Dependiente,Administración pública y defensa; planes de seguridad social de afiliación obligatoria,1,1,,"100,0%",NaN
2102-Universidad Nacional Abierta y a Distancia - UNAD,10675-ESPECIALIZACION EN PEDAGOGIA PARA EL DESARROLLO DEL APRENDIZAJE AUTONOMO,Femenino,2009-1,2018,Dependiente,"Actividades profesionales, científicas y técnicas",1,1,,"100,0%",NaN
2102-Universidad Nacional Abierta y a Distancia - UNAD,10675-ESPECIALIZACION EN PEDAGOGIA PARA EL DESARROLLO DEL APRENDIZAJE AUTONOMO,Femenino,2009-1,2018,Dependiente,Administración pública y defensa; planes de seguridad social de afiliación obligatoria,1,1,,"100,0%",NaN
2102-Universidad Nacional Abierta y a Distancia - UNAD,10675-ESPECIALIZACION EN PEDAGOGIA PARA EL DESARROLLO DEL APRENDIZAJE AUTONOMO,Femenino,2009-1,2019,Dependiente,Administración pública y defensa; planes de seguridad social de afiliación obligatoria,1,1,,"100,0%",NaN
2102-Universidad Nacional Abierta y a Distancia - UNAD,10675-ESPECIALIZACION EN PEDAGOGIA PARA EL DESARROLLO DEL APRENDIZAJE AUTONOMO,Femenino,2009-1,2019,Dependiente,Sin información,1,1,,"100,0%",NaN
2102-Universidad Nacional Abierta y a Distancia - UNAD,10675-ESPECIALIZACION EN PEDAGOGIA PARA EL DESARROLLO DEL APRENDIZAJE AUTONOMO,Femenino,2009-1,2020,Dependiente,Administración pública y defensa; planes de seguridad social de afiliación obligatoria,1,1,,"100,0%",NaN
2102-Universidad Nacional Abierta y a Distancia - UNAD,10675-ESPECIALIZACION EN PEDAGOGIA PARA EL DESARROLLO DEL APRENDIZAJE AUTONOMO,Femenino,2009-1,2020,Independiente,Educación,1,1,,"100,0%",NaN
2102-Universidad Nacional Abierta y a Distancia - UNAD,10675-ESPECIALIZACION EN PEDAGOGIA PARA EL DESARROLLO DEL APRENDIZAJE AUTONOMO,Femenino,2009-1,2021,Dependiente,Administración pública y defensa; planes de seguridad social de afiliación obligatoria,1,1,,"100,0%",NaN
2102-Universidad Nacional Abierta y a Distancia - UNAD,10675-ESPECIALIZACION EN PEDAGOGIA PARA EL DESARROLLO DEL APRENDIZAJE AUTONOMO,Femenino,2009-1,2021,Independiente,Educación,1,1,,"100,0%",NaN
2102-Universidad Nacional Abierta y a Distancia - UNAD,10675-ESPECIALIZACION EN PEDAGOGIA PARA EL DESARROLLO DEL APRENDIZAJE AUTONOMO,Femenino,2009-1,2022,Independiente,Transporte y almacenamiento,1,1,,"100,0%",NaN
2102-Universidad Nacional Abierta y a Distancia - UNAD,10675-ESPECIALIZACION EN PEDAGOGIA PARA EL DESARROLLO DEL APRENDIZAJE AUTONOMO,Femenino,2009-1,2022,No cotizante,SIN DATO,1,0,,"0,0%",NaN
2102-Universidad Nacional Abierta y a Distancia - UNAD,10675-ESPECIALIZACION EN PEDAGOGIA PARA EL DESARROLLO DEL APRENDIZAJE AUTONOMO,Femenino,2009-1,2023,No cotizante,SIN DATO,2,0,,"0,0%",NaN
2102-Universidad Nacional Abierta y a Distancia - UNAD,10675-ESPECIALIZACION EN PEDAGOGIA PARA EL DESARROLLO DEL APRENDIZAJE AUTONOMO,Masculino,2009-1,2017,Dependiente,Administración pública y defensa; planes de seguridad social de afiliación obligatoria,1,1,,"100,0%",NaN
2102-Universidad Nacional Abierta y a Distancia - UNAD,10675-ESPECIALIZACION EN PEDAGOGIA PARA EL DESARROLLO DEL APRENDIZAJE AUTONOMO,Masculino,2009-1,2017,No cotizante,Sin información,1,0,,"0,0%",NaN
2102-Universidad Nacional Abierta y a Distancia - UNAD,10675-ESPECIALIZACION EN PEDAGOGIA PARA EL DESARROLLO DEL APRENDIZAJE AUTONOMO,Masculino,2009-1,2018,Dependiente,Administración pública y defensa; planes de seguridad social de afiliación obligatoria,1,1,,"100,0%",NaN
2102-Universidad Nacional Abierta y a Distancia - UNAD,10675-ESPECIALIZACION EN PEDAGOGIA PARA EL DESARROLLO DEL APRENDIZAJE AUTONOMO,Masculino,2009-1,2018,No cotizante,Sin información,1,0,,"0,0%",NaN
2102-Universidad Nacional Abierta y a Distancia - UNAD,10675-ESPECIALIZACION EN PEDAGOGIA PARA EL DESARROLLO DEL APRENDIZAJE AUTONOMO,Masculino,2009-1,2019,Dependiente,Administración pública y defensa; planes de seguridad social de afiliación obligatoria,1,1,,"100,0%",NaN
2102-Universidad Nacional Abierta y a Distancia - UNAD,10675-ESPECIALIZACION EN PEDAGOGIA PARA EL DESARROLLO DEL APRENDIZAJE AUTONOMO,Masculino,2009-1,2019,No cotizante,Sin información,1,0,,"0,0%",NaN
2102-Universidad Nacional Abierta y a Distancia - UNAD,10675-ESPECIALIZACION EN PEDAGOGIA PARA EL DESARROLLO DEL APRENDIZAJE AUTONOMO,Masculino,2009-1,2020,Dependiente,Administración pública y defensa; planes de seguridad social de afiliación obligatoria,1,1,,"100,0%",NaN
2102-Universidad Nacional Abierta y a Distancia - UNAD,10675-ESPECIALIZACION EN PEDAGOGIA PARA EL DESARROLLO DEL APRENDIZAJE AUTONOMO,Masculino,2009-1,2020,No cotizante,Sin información,1,0,,"0,0%",NaN
2102-Universidad Nacional Abierta y a Distancia - UNAD,10675-ESPECIALIZACION EN PEDAGOGIA PARA EL DESARROLLO DEL APRENDIZAJE AUTONOMO,Masculino,2009-1,2021,Dependiente,Administración pública y defensa; planes de seguridad social de afiliación obligatoria,1,1,,"100,0%",NaN
2102-Universidad Nacional Abierta y a Distancia - UNAD,10675-ESPECIALIZACION EN PEDAGOGIA PARA EL DESARROLLO DEL APRENDIZAJE AUTONOMO,Masculino,2009-1,2021,No cotizante,Sin información,1,0,,"0,0%",NaN
2102-Universidad Nacional Abierta y a Distancia - UNAD,10675-ESPECIALIZACION EN PEDAGOGIA PARA EL DESARROLLO DEL APRENDIZAJE AUTONOMO,Masculino,2009-1,2022,Dependiente,Administración pública y defensa; planes de seguridad social de afiliación obligatoria,1,1,,"100,0%",NaN
2102-Universidad Nacional Abierta y a Distancia - UNAD,10675-ESPECIALIZACION EN PEDAGOGIA PARA EL DESARROLLO DEL APRENDIZAJE AUTONOMO,Masculino,2009-1,2022,No cotizante,SIN DATO,1,0,,"0,0%",NaN
2102-Universidad Nacional Abierta y a Distancia - UNAD,10675-ESPECIALIZACION EN PEDAGOGIA PARA EL DESARROLLO DEL APRENDIZAJE AUTONOMO,Masculino,2009-1,2023,Dependiente,Administración pública y defensa; planes de seguridad social de afiliación obligatoria,1,1,,"100,0%",NaN
2102-Universidad Nacional Abierta y a Distancia - UNAD,10675-ESPECIALIZACION EN PEDAGOGIA PARA EL DESARROLLO DEL APRENDIZAJE AUTONOMO,Masculino,2009-1,2023,No cotizante,SIN DATO,1,0,,"0,0%",NaN
2102-Universidad Nacional Abierta y a Distancia - UNAD,1689-INGENIERIA DE ALIMENTOS,Femenino,2009-1,2016,Dependiente,"Actividades profesionales, científicas y técnicas",2,2,,"100,0%",$1.500.000
2102-Universidad Nacional Abierta y a Distancia - UNAD,1689-INGENIERIA DE ALIMENTOS,Femenino,2009-1,2016,Dependiente,Administración pública y defensa; planes de seguridad social de afiliación obligatoria,1,1,,"100,0%",$2.606.000
2102-Universidad Nacional Abierta y a Distancia - UNAD,1689-INGENIERIA DE ALIMENTOS,Femenino,2009-1,2016,Dependiente,"Agricultura, ganadería, caza, silvicultura y pesca",1,1,,"100,0%",$2.370.000
2102-Universidad Nacional Abierta y a Distancia - UNAD,1689-INGENIERIA DE ALIMENTOS,Femenino,2009-1,2016,Dependiente,Alojamiento y servicios de comida,1,1,,"100,0%",$1.890.000
2102-Universidad Nacional Abierta y a Distancia - UNAD,1689-INGENIERIA DE ALIMENTOS,Femenino,2009-1,2016,Dependiente,Industrias manufactureras,1,1,,"100,0%",$1.800.000
2102-Universidad Nacional Abierta y a Distancia - UNAD,1689-INGENIERIA DE ALIMENTOS,Femenino,2009-1,2016,Independiente,"Actividades profesionales, científicas y técnicas",2,2,,"100,0%",NaN
2102-Universidad Nacional Abierta y a Distancia - UNAD,1689-INGENIERIA DE ALIMENTOS,Femenino,2009-1,2016,Independiente,Educación,2,2,,"100,0%",NaN
2102-Universidad Nacional Abierta y a Distancia - UNAD,1689-INGENIERIA DE ALIMENTOS,Femenino,2009-1,2016,Independiente,Explotación de minas y canteras,1,1,,"100,0%",NaN
2102-Universidad Nacional Abierta y a Distancia - UNAD,1689-INGENIERIA DE ALIMENTOS,Femenino,2009-1,2016,Independiente,Información y comunicaciones,1,1,,"100,0%",NaN
2102-Universidad Nacional Abierta y a Distancia - UNAD,1689-INGENIERIA DE ALIMENTOS,Femenino,2009-1,2016,Independiente,Otras actividades de servicios,1,1,,"100,0%",NaN
2102-Universidad Nacional Abierta y a Distancia - UNAD,1689-INGENIERIA DE ALIMENTOS,Femenino,2009-1,2016,No cotizante,Sin información,2,0,,"0,0%",NaN
2102-Universidad Nacional Abierta y a Distancia - UNAD,1689-INGENIERIA DE ALIMENTOS,Femenino,2009-1,2017,Dependiente,"Actividades profesionales, científicas y técnicas",1,1,,"100,0%",NaN
2102-Universidad Nacional Abierta y a Distancia - UNAD,1689-INGENIERIA DE ALIMENTOS,Femenino,2009-1,2017,Dependiente,Administración pública y defensa; planes de seguridad social de afiliación obligatoria,2,2,,"100,0%",NaN
2102-Universidad Nacional Abierta y a Distancia - UNAD,1689-INGENIERIA DE ALIMENTOS,Femenino,2009-1,2017,Dependiente,"Agricultura, ganadería, caza, silvicultura y pesca",1,1,,"100,0%",NaN
2102-Universidad Nacional Abierta y a Distancia - UNAD,1689-INGENIERIA DE ALIMENTOS,Femenino,2009-1,2017,Dependiente,Alojamiento y servicios de comida,2,2,,"100,0%",NaN
2102-Universidad Nacional Abierta y a Distancia - UNAD,1689-INGENIERIA DE ALIMENTOS,Femenino,2009-1,2017,Dependiente,Transporte y almacenamiento,1,1,,"100,0%",NaN
2102-Universidad Nacional Abierta y a Distancia - UNAD,1689-INGENIERIA DE ALIMENTOS,Femenino,2009-1,2017,Independiente,Actividades de servicios administrativos y de apoyo,1,1,,"100,0%",NaN
2102-Universidad Nacional Abierta y a Distancia - UNAD,1689-INGENIERIA DE ALIMENTOS,Femenino,2009-1,2017,Independiente,"Actividades profesionales, científicas y técnicas",3,3,,"100,0%",NaN
2102-Universidad Nacional Abierta y a Distancia - UNAD,1689-INGENIERIA DE ALIMENTOS,Femenino,2009-1,2017,Independiente,Educación,1,1,,"100,0%",NaN
2102-Universidad Nacional Abierta y a Distancia - UNAD,1689-INGENIERIA DE ALIMENTOS,Femenino,2009-1,2017,Independiente,Sin información,1,1,,"100,0%",NaN
2102-Universidad Nacional Abierta y a Distancia - UNAD,1689-INGENIERIA DE ALIMENTOS,Femenino,2009-1,2017,No cotizante,Sin información,2,0,,"0,0%",NaN
2102-Universidad Nacional Abierta y a Distancia - UNAD,1689-INGENIERIA DE ALIMENTOS,Femenino,2009-1,2018,Dependiente,"Actividades artísticas, de entretenimiento y recreación",1,1,,"100,0%",NaN
2102-Universidad Nacional Abierta y a Distancia - UNAD,1689-INGENIERIA DE ALIMENTOS,Femenino,2009-1,2018,Dependiente,Administración pública y defensa; planes de seguridad social de afiliación obligatoria,2,2,,"100,0%",NaN
2102-Universidad Nacional Abierta y a Distancia - UNAD,1689-INGENIERIA DE ALIMENTOS,Femenino,2009-1,2018,Dependiente,"Agricultura, ganadería, caza, silvicultura y pesca",1,1,,"100,0%",NaN
2102-Universidad Nacional Abierta y a Distancia - UNAD,1689-INGENIERIA DE ALIMENTOS,Femenino,2009-1,2018,Dependiente,Alojamiento y servicios de comida,1,1,,"100,0%",NaN
2102-Universidad Nacional Abierta y a Distancia - UNAD,1689-INGENIERIA DE ALIMENTOS,Femenino,2009-1,2018,Dependiente,Sin información,1,1,,"100,0%",NaN
2102-Universidad Nacional Abierta y a Distancia - UNAD,1689-INGENIERIA DE ALIMENTOS,Femenino,2009-1,2018,Independiente,Actividades de servicios administrativos y de apoyo,1,1,,"100,0%",NaN
2102-Universidad Nacional Abierta y a Distancia - UNAD,1689-INGENIERIA DE ALIMENTOS,Femenino,2009-1,2018,Independiente,"Actividades profesionales, científicas y técnicas",1,1,,"100,0%",NaN
2102-Universidad Nacional Abierta y a Distancia - UNAD,1689-INGENIERIA DE ALIMENTOS,Femenino,2009-1,2018,Independiente,Sin información,1,1,,"100,0%",NaN
2102-Universidad Nacional Abierta y a Distancia - UNAD,1689-INGENIERIA DE ALIMENTOS,Femenino,2009-1,2018,No cotizante,Sin información,3,0,,"0,0%",NaN
2102-Universidad Nacional Abierta y a Distancia - UNAD,1689-INGENIERIA DE ALIMENTOS,Femenino,2009-1,2019,Dependiente,"Actividades profesionales, científicas y técnicas",1,1,,"100,0%",NaN
2102-Universidad Nacional Abierta y a Distancia - UNAD,1689-INGENIERIA DE ALIMENTOS,Femenino,2009-1,2019,Dependiente,Administración pública y defensa; planes de seguridad social de afiliación obligatoria,1,1,,"100,0%",NaN
2102-Universidad Nacional Abierta y a Distancia - UNAD,1689-INGENIERIA DE ALIMENTOS,Femenino,2009-1,2019,Dependiente,"Agricultura, ganadería, caza, silvicultura y pesca",1,1,,"100,0%",NaN
2102-Universidad Nacional Abierta y a Distancia - UNAD,1689-INGENIERIA DE ALIMENTOS,Femenino,2009-1,2019,Dependiente,Alojamiento y servicios de comida,1,1,,"100,0%",NaN
2102-Universidad Nacional Abierta y a Distancia - UNAD,1689-INGENIERIA DE ALIMENTOS,Femenino,2009-1,2019,Dependiente,Comercio al por mayor y al por menor; reparación de vehículos automotores y motocicletas,1,1,,"100,0%",NaN
2102-Universidad Nacional Abierta y a Distancia - UNAD,1689-INGENIERIA DE ALIMENTOS,Femenino,2009-1,2019,Dependiente,Industrias manufactureras,1,1,,"100,0%",NaN
2102-Universidad Nacional Abierta y a Distancia - UNAD,1689-INGENIERIA DE ALIMENTOS,Femenino,2009-1,2019,Independiente,Actividades de servicios administrativos y de apoyo,1,1,,"100,0%",NaN
2102-Universidad Nacional Abierta y a Distancia - UNAD,1689-INGENIERIA DE ALIMENTOS,Femenino,2009-1,2019,Independiente,Administración pública y defensa; planes de seguridad social de afiliación obligatoria,1,1,,"100,0%",NaN
2102-Universidad Nacional Abierta y a Distancia - UNAD,1689-INGENIERIA DE ALIMENTOS,Femenino,2009-1,2019,No cotizante,Sin información,4,0,,"0,0%",NaN
2102-Universidad Nacional Abierta y a Distancia - UNAD,1689-INGENIERIA DE ALIMENTOS,Femenino,2009-1,2020,Dependiente,Alojamiento y servicios de comida,2,2,,"100,0%",NaN
2102-Universidad Nacional Abierta y a Distancia - UNAD,1689-INGENIERIA DE ALIMENTOS,Femenino,2009-1,2020,Dependiente,Industrias manufactureras,1,1,,"100,0%",NaN
2102-Universidad Nacional Abierta y a Distancia - UNAD,1689-INGENIERIA DE ALIMENTOS,Femenino,2009-1,2020,Dependiente,Otras actividades de servicios,1,1,,"100,0%",NaN
2102-Universidad Nacional Abierta y a Distancia - UNAD,1689-INGENIERIA DE ALIMENTOS,Femenino,2009-1,2020,Independiente,Actividades de los hogares individuales en calidad de empleadores; actividades no diferenciadas de los hogares individuales como productores de bienes y servicios para uso propio,1,1,,"100,0%",NaN
2102-Universidad Nacional Abierta y a Distancia - UNAD,1689-INGENIERIA DE ALIMENTOS,Femenino,2009-1,2020,Independiente,Actividades de servicios administrativos y de apoyo,1,1,,"100,0%",NaN
2102-Universidad Nacional Abierta y a Distancia - UNAD,1689-INGENIERIA DE ALIMENTOS,Femenino,2009-1,2020,Independiente,"Actividades profesionales, científicas y técnicas",1,1,,"100,0%",NaN
2102-Universidad Nacional Abierta y a Distancia - UNAD,1689-INGENIERIA DE ALIMENTOS,Femenino,2009-1,2020,No cotizante,Sin información,4,0,,"0,0%",NaN
2102-Universidad Nacional Abierta y a Distancia - UNAD,1689-INGENIERIA DE ALIMENTOS,Femenino,2009-1,2021,Dependiente,Alojamiento y servicios de comida,1,1,,"100,0%",NaN
2102-Universidad Nacional Abierta y a Distancia - UNAD,1689-INGENIERIA DE ALIMENTOS,Femenino,2009-1,2021,Dependiente,Otras actividades de servicios,2,2,,"100,0%",NaN
2102-Universidad Nacional Abierta y a Distancia - UNAD,1689-INGENIERIA DE ALIMENTOS,Femenino,2009-1,2021,Independiente,Actividades de los hogares individuales en calidad de empleadores; actividades no diferenciadas de los hogares individuales como productores de bienes y servicios para uso propio,1,1,,"100,0%",NaN
2102-Universidad Nacional Abierta y a Distancia - UNAD,1689-INGENIERIA DE ALIMENTOS,Femenino,2009-1,2021,Independiente,Actividades de servicios administrativos y de apoyo,1,1,,"100,0%",NaN
2102-Universidad Nacional Abierta y a Distancia - UNAD,1689-INGENIERIA DE ALIMENTOS,Femenino,2009-1,2021,Independiente,"Actividades profesionales, científicas y técnicas",2,2,,"100,0%",NaN
2102-Universidad Nacional Abierta y a Distancia - UNAD,1689-INGENIERIA DE ALIMENTOS,Femenino,2009-1,2021,No cotizante,Sin información,3,0,,"0,0%",NaN
2102-Universidad Nacional Abierta y a Distancia - UNAD,1689-INGENIERIA DE ALIMENTOS,Femenino,2009-1,2022,Dependiente,Actividades de atención de la salud humana y de asistencia social,1,1,,"100,0%",NaN
2102-Universidad Nacional Abierta y a Distancia - UNAD,1689-INGENIERIA DE ALIMENTOS,Femenino,2009-1,2022,Dependiente,Alojamiento y servicios de comida,1,1,,"100,0%",NaN
2102-Universidad Nacional Abierta y a Distancia - UNAD,1689-INGENIERIA DE ALIMENTOS,Femenino,2009-1,2022,Dependiente,Educación,1,1,,"100,0%",NaN
2102-Universidad Nacional Abierta y a Distancia - UNAD,1689-INGENIERIA DE ALIMENTOS,Femenino,2009-1,2022,Dependiente,Otras actividades de servicios,1,1,,"100,0%",NaN
2102-Universidad Nacional Abierta y a Distancia - UNAD,1689-INGENIERIA DE ALIMENTOS,Femenino,2009-1,2022,Independiente,Actividades de los hogares individuales en calidad de empleadores; actividades no diferenciadas de los hogares individuales como productores de bienes y servicios para uso propio,1,1,,"100,0%",NaN
2102-Universidad Nacional Abierta y a Distancia - UNAD,1689-INGENIERIA DE ALIMENTOS,Femenino,2009-1,2022,Independiente,Actividades de servicios administrativos y de apoyo,1,1,,"100,0%",NaN
2102-Universidad Nacional Abierta y a Distancia - UNAD,1689-INGENIERIA DE ALIMENTOS,Femenino,2009-1,2022,Independiente,"Actividades profesionales, científicas y técnicas",1,1,,"100,0%",NaN
2102-Universidad Nacional Abierta y a Distancia - UNAD,1689-INGENIERIA DE ALIMENTOS,Femenino,2009-1,2022,No cotizante,SIN DATO,3,0,,"0,0%",NaN
2102-Universidad Nacional Abierta y a Distancia - UNAD,1689-INGENIERIA DE ALIMENTOS,Femenino,2009-1,2023,Dependiente,Comercio al por mayor y al por menor; reparación de vehículos automotores y motocicletas,1,1,,"100,0%",NaN
2102-Universidad Nacional Abierta y a Distancia - UNAD,1689-INGENIERIA DE ALIMENTOS,Femenino,2009-1,2023,Dependiente,Educación,1,1,,"100,0%",NaN
2102-Universidad Nacional Abierta y a Distancia - UNAD,1689-INGENIERIA DE ALIMENTOS,Femenino,2009-1,2023,Dependiente,Otras actividades de servicios,2,2,,"100,0%",NaN
2102-Universidad Nacional Abierta y a Distancia - UNAD,1689-INGENIERIA DE ALIMENTOS,Femenino,2009-1,2023,Independiente,Actividades de los hogares individuales en calidad de empleadores; actividades no diferenciadas de los hogares individuales como productores de bienes y servicios para uso propio,1,1,,"100,0%",NaN
2102-Universidad Nacional Abierta y a Distancia - UNAD,1689-INGENIERIA DE ALIMENTOS,Femenino,2009-1,2023,Independiente,"Actividades profesionales, científicas y técnicas",2,2,,"100,0%",NaN
2102-Universidad Nacional Abierta y a Distancia - UNAD,1689-INGENIERIA DE ALIMENTOS,Femenino,2009-1,2023,No cotizante,SIN DATO,3,0,,"0,0%",NaN
2102-Universidad Nacional Abierta y a Distancia - UNAD,1689-INGENIERIA DE ALIMENTOS,Masculino,2009-1,2016,Dependiente,Actividades de servicios administrativos y de apoyo,1,1,,"100,0%",$2.000.000
2102-Universidad Nacional Abierta y a Distancia - UNAD,1689-INGENIERIA DE ALIMENTOS,Masculino,2009-1,2016,Dependiente,"Actividades profesionales, científicas y técnicas",1,1,,"100,0%",$4.032.000
2102-Universidad Nacional Abierta y a Distancia - UNAD,1689-INGENIERIA DE ALIMENTOS,Masculino,2009-1,2016,Dependiente,Alojamiento y servicios de comida,1,1,,"100,0%",$4.270.000
2102-Universidad Nacional Abierta y a Distancia - UNAD,1689-INGENIERIA DE ALIMENTOS,Masculino,2009-1,2016,Dependiente,Industrias manufactureras,1,1,,"100,0%",$4.842.000
2102-Universidad Nacional Abierta y a Distancia - UNAD,1689-INGENIERIA DE ALIMENTOS,Masculino,2009-1,2016,Dependiente,Sin información,2,2,,"100,0%",$3.927.500
2102-Universidad Nacional Abierta y a Distancia - UNAD,1689-INGENIERIA DE ALIMENTOS,Masculino,2009-1,2016,Independiente,Comercio al por mayor y al por menor; reparación de vehículos automotores y motocicletas,1,1,,"100,0%",NaN
2102-Universidad Nacional Abierta y a Distancia - UNAD,1689-INGENIERIA DE ALIMENTOS,Masculino,2009-1,2016,Independiente,Sin información,2,2,,"100,0%",NaN
2102-Universidad Nacional Abierta y a Distancia - UNAD,1689-INGENIERIA DE ALIMENTOS,Masculino,2009-1,2016,No cotizante,Sin información,2,0,,"0,0%",NaN
2102-Universidad Nacional Abierta y a Distancia - UNAD,1689-INGENIERIA DE ALIMENTOS,Masculino,2009-1,2017,Dependiente,"Actividades profesionales, científicas y técnicas",2,2,,"100,0%",NaN
2102-Universidad Nacional Abierta y a Distancia - UNAD,1689-INGENIERIA DE ALIMENTOS,Masculino,2009-1,2017,Dependiente,Administración pública y defensa; planes de seguridad social de afiliación obligatoria,1,1,,"100,0%",NaN
2102-Universidad Nacional Abierta y a Distancia - UNAD,1689-INGENIERIA DE ALIMENTOS,Masculino,2009-1,2017,Dependiente,Alojamiento y servicios de comida,1,1,,"100,0%",NaN
2102-Universidad Nacional Abierta y a Distancia - UNAD,1689-INGENIERIA DE ALIMENTOS,Masculino,2009-1,2017,Dependiente,Industrias manufactureras,1,1,,"100,0%",NaN
2102-Universidad Nacional Abierta y a Distancia - UNAD,1689-INGENIERIA DE ALIMENTOS,Masculino,2009-1,2017,Dependiente,Sin información,1,1,,"100,0%",NaN
2102-Universidad Nacional Abierta y a Distancia - UNAD,1689-INGENIERIA DE ALIMENTOS,Masculino,2009-1,2017,Independiente,Sin información,2,2,,"100,0%",NaN
2102-Universidad Nacional Abierta y a Distancia - UNAD,1689-INGENIERIA DE ALIMENTOS,Masculino,2009-1,2017,No cotizante,Sin información,3,0,,"0,0%",NaN
2102-Universidad Nacional Abierta y a Distancia - UNAD,1689-INGENIERIA DE ALIMENTOS,Masculino,2009-1,2018,Dependiente,"Actividades profesionales, científicas y técnicas",1,1,,"100,0%",NaN
2102-Universidad Nacional Abierta y a Distancia - UNAD,1689-INGENIERIA DE ALIMENTOS,Masculino,2009-1,2018,Dependiente,Administración pública y defensa; planes de seguridad social de afiliación obligatoria,1,1,,"100,0%",NaN
2102-Universidad Nacional Abierta y a Distancia - UNAD,1689-INGENIERIA DE ALIMENTOS,Masculino,2009-1,2018,Dependiente,Alojamiento y servicios de comida,1,1,,"100,0%",NaN
2102-Universidad Nacional Abierta y a Distancia - UNAD,1689-INGENIERIA DE ALIMENTOS,Masculino,2009-1,2018,Dependiente,Industrias manufactureras,1,1,,"100,0%",NaN
2102-Universidad Nacional Abierta y a Distancia - UNAD,1689-INGENIERIA DE ALIMENTOS,Masculino,2009-1,2018,Dependiente,Sin información,1,1,,"100,0%",NaN
2102-Universidad Nacional Abierta y a Distancia - UNAD,1689-INGENIERIA DE ALIMENTOS,Masculino,2009-1,2018,Independiente,"Actividades profesionales, científicas y técnicas",1,1,,"100,0%",NaN
2102-Universidad Nacional Abierta y a Distancia - UNAD,1689-INGENIERIA DE ALIMENTOS,Masculino,2009-1,2018,Independiente,Sin información,2,2,,"100,0%",NaN
2102-Universidad Nacional Abierta y a Distancia - UNAD,1689-INGENIERIA DE ALIMENTOS,Masculino,2009-1,2018,No cotizante,Sin información,3,0,,"0,0%",NaN
2102-Universidad Nacional Abierta y a Distancia - UNAD,1689-INGENIERIA DE ALIMENTOS,Masculino,2009-1,2019,Dependiente,"Actividades profesionales, científicas y técnicas",1,1,,"100,0%",NaN
2102-Universidad Nacional Abierta y a Distancia - UNAD,1689-INGENIERIA DE ALIMENTOS,Masculino,2009-1,2019,Dependiente,Industrias manufactureras,3,3,,"100,0%",NaN
2102-Universidad Nacional Abierta y a Distancia - UNAD,1689-INGENIERIA DE ALIMENTOS,Masculino,2009-1,2019,Dependiente,Sin información,2,2,,"100,0%",NaN
2102-Universidad Nacional Abierta y a Distancia - UNAD,1689-INGENIERIA DE ALIMENTOS,Masculino,2009-1,2019,Independiente,"Actividades profesionales, científicas y técnicas",1,1,,"100,0%",NaN
2102-Universidad Nacional Abierta y a Distancia - UNAD,1689-INGENIERIA DE ALIMENTOS,Masculino,2009-1,2019,Independiente,Sin información,1,1,,"100,0%",NaN
2102-Universidad Nacional Abierta y a Distancia - UNAD,1689-INGENIERIA DE ALIMENTOS,Masculino,2009-1,2019,No cotizante,Sin información,3,0,,"0,0%",NaN
2102-Universidad Nacional Abierta y a Distancia - UNAD,1689-INGENIERIA DE ALIMENTOS,Masculino,2009-1,2020,Dependiente,"Actividades profesionales, científicas y técnicas",1,1,,"100,0%",NaN
2102-Universidad Nacional Abierta y a Distancia - UNAD,1689-INGENIERIA DE ALIMENTOS,Masculino,2009-1,2020,Dependiente,Administración pública y defensa; planes de seguridad social de afiliación obligatoria,1,1,,"100,0%",NaN
2102-Universidad Nacional Abierta y a Distancia - UNAD,1689-INGENIERIA DE ALIMENTOS,Masculino,2009-1,2020,Dependiente,Industrias manufactureras,3,3,,"100,0%",NaN
2102-Universidad Nacional Abierta y a Distancia - UNAD,1689-INGENIERIA DE ALIMENTOS,Masculino,2009-1,2020,Dependiente,Otras actividades de servicios,1,1,,"100,0%",NaN
2102-Universidad Nacional Abierta y a Distancia - UNAD,1689-INGENIERIA DE ALIMENTOS,Masculino,2009-1,2020,Independiente,Actividades de servicios administrativos y de apoyo,1,1,,"100,0%",NaN
2102-Universidad Nacional Abierta y a Distancia - UNAD,1689-INGENIERIA DE ALIMENTOS,Masculino,2009-1,2020,Independiente,"Actividades profesionales, científicas y técnicas",1,1,,"100,0%",NaN
2102-Universidad Nacional Abierta y a Distancia - UNAD,1689-INGENIERIA DE ALIMENTOS,Masculino,2009-1,2020,No cotizante,Sin información,3,0,,"0,0%",NaN
2102-Universidad Nacional Abierta y a Distancia - UNAD,1689-INGENIERIA DE ALIMENTOS,Masculino,2009-1,2021,Dependiente,"Actividades profesionales, científicas y técnicas",1,1,,"100,0%",NaN
2102-Universidad Nacional Abierta y a Distancia - UNAD,1689-INGENIERIA DE ALIMENTOS,Masculino,2009-1,2021,Dependiente,Administración pública y defensa; planes de seguridad social de afiliación obligatoria,1,1,,"100,0%",NaN
2102-Universidad Nacional Abierta y a Distancia - UNAD,1689-INGENIERIA DE ALIMENTOS,Masculino,2009-1,2021,Dependiente,Industrias manufactureras,3,3,,"100,0%",NaN
2102-Universidad Nacional Abierta y a Distancia - UNAD,1689-INGENIERIA DE ALIMENTOS,Masculino,2009-1,2021,Dependiente,Otras actividades de servicios,1,1,,"100,0%",NaN
2102-Universidad Nacional Abierta y a Distancia - UNAD,1689-INGENIERIA DE ALIMENTOS,Masculino,2009-1,2021,Independiente,Actividades de servicios administrativos y de apoyo,1,1,,"100,0%",NaN
2102-Universidad Nacional Abierta y a Distancia - UNAD,1689-INGENIERIA DE ALIMENTOS,Masculino,2009-1,2021,Independiente,"Actividades profesionales, científicas y técnicas",1,1,,"100,0%",NaN
2102-Universidad Nacional Abierta y a Distancia - UNAD,1689-INGENIERIA DE ALIMENTOS,Masculino,2009-1,2021,No cotizante,Sin información,3,0,,"0,0%",NaN
2102-Universidad Nacional Abierta y a Distancia - UNAD,1689-INGENIERIA DE ALIMENTOS,Masculino,2009-1,2022,Dependiente,Administración pública y defensa; planes de seguridad social de afiliación obligatoria,1,1,,"100,0%",NaN
2102-Universidad Nacional Abierta y a Distancia - UNAD,1689-INGENIERIA DE ALIMENTOS,Masculino,2009-1,2022,Dependiente,"Agricultura, ganadería, caza, silvicultura y pesca",1,1,,"100,0%",NaN
2102-Universidad Nacional Abierta y a Distancia - UNAD,1689-INGENIERIA DE ALIMENTOS,Masculino,2009-1,2022,Dependiente,Industrias manufactureras,3,3,,"100,0%",NaN
2102-Universidad Nacional Abierta y a Distancia - UNAD,1689-INGENIERIA DE ALIMENTOS,Masculino,2009-1,2022,Dependiente,Otras actividades de servicios,1,1,,"100,0%",NaN
2102-Universidad Nacional Abierta y a Distancia - UNAD,1689-INGENIERIA DE ALIMENTOS,Masculino,2009-1,2022,Independiente,Actividades de servicios administrativos y de apoyo,1,1,,"100,0%",NaN
2102-Universidad Nacional Abierta y a Distancia - UNAD,1689-INGENIERIA DE ALIMENTOS,Masculino,2009-1,2022,Independiente,"Actividades profesionales, científicas y técnicas",1,1,,"100,0%",NaN
2102-Universidad Nacional Abierta y a Distancia - UNAD,1689-INGENIERIA DE ALIMENTOS,Masculino,2009-1,2022,No cotizante,SIN DATO,3,0,,"0,0%",NaN
2102-Universidad Nacional Abierta y a Distancia - UNAD,1689-INGENIERIA DE ALIMENTOS,Masculino,2009-1,2023,Dependiente,Administración pública y defensa; planes de seguridad social de afiliación obligatoria,1,1,,"100,0%",NaN
2102-Universidad Nacional Abierta y a Distancia - UNAD,1689-INGENIERIA DE ALIMENTOS,Masculino,2009-1,2023,Dependiente,"Agricultura, ganadería, caza, silvicultura y pesca",1,1,,"100,0%",NaN
2102-Universidad Nacional Abierta y a Distancia - UNAD,1689-INGENIERIA DE ALIMENTOS,Masculino,2009-1,2023,Dependiente,Industrias manufactureras,3,3,,"100,0%",NaN
2102-Universidad Nacional Abierta y a Distancia - UNAD,1689-INGENIERIA DE ALIMENTOS,Masculino,2009-1,2023,Dependiente,Otras actividades de servicios,1,1,,"100,0%",NaN
2102-Universidad Nacional Abierta y a Distancia - UNAD,1689-INGENIERIA DE ALIMENTOS,Masculino,2009-1,2023,No cotizante,SIN DATO,5,0,,"0,0%",NaN
2102-Universidad Nacional Abierta y a Distancia - UNAD,2776-INGENIERIA DE SISTEMAS,Femenino,2009-1,2017,Dependiente,Actividades de los hogares individuales en calidad de empleadores; actividades no diferenciadas de los hogares individuales como productores de bienes y servicios para uso propio,1,1,,"100,0%",NaN
2102-Universidad Nacional Abierta y a Distancia - UNAD,2776-INGENIERIA DE SISTEMAS,Femenino,2009-1,2017,Dependiente,Actividades de organizaciones y entidades extraterritoriales,1,1,,"100,0%",NaN
2102-Universidad Nacional Abierta y a Distancia - UNAD,2776-INGENIERIA DE SISTEMAS,Femenino,2009-1,2017,Dependiente,Actividades de servicios administrativos y de apoyo,1,1,,"100,0%",NaN
2102-Universidad Nacional Abierta y a Distancia - UNAD,2776-INGENIERIA DE SISTEMAS,Femenino,2009-1,2017,Dependiente,"Actividades profesionales, científicas y técnicas",2,2,,"100,0%",NaN
2102-Universidad Nacional Abierta y a Distancia - UNAD,2776-INGENIERIA DE SISTEMAS,Femenino,2009-1,2017,Dependiente,Administración pública y defensa; planes de seguridad social de afiliación obligatoria,2,2,,"100,0%",NaN
2102-Universidad Nacional Abierta y a Distancia - UNAD,2776-INGENIERIA DE SISTEMAS,Femenino,2009-1,2017,Dependiente,Comercio al por mayor y al por menor; reparación de vehículos automotores y motocicletas,3,3,,"100,0%",NaN
2102-Universidad Nacional Abierta y a Distancia - UNAD,2776-INGENIERIA DE SISTEMAS,Femenino,2009-1,2017,Dependiente,Educación,1,1,,"100,0%",NaN
2102-Universidad Nacional Abierta y a Distancia - UNAD,2776-INGENIERIA DE SISTEMAS,Femenino,2009-1,2017,Dependiente,Información y comunicaciones,3,3,,"100,0%",NaN
2102-Universidad Nacional Abierta y a Distancia - UNAD,2776-INGENIERIA DE SISTEMAS,Femenino,2009-1,2017,Dependiente,Otras actividades de servicios,3,3,,"100,0%",NaN
2102-Universidad Nacional Abierta y a Distancia - UNAD,2776-INGENIERIA DE SISTEMAS,Femenino,2009-1,2017,Dependiente,Sin información,5,5,,"100,0%",NaN
2102-Universidad Nacional Abierta y a Distancia - UNAD,2776-INGENIERIA DE SISTEMAS,Femenino,2009-1,2017,Dependiente,"Suministro de electricidad, gas, vapor y aire acondicionado",2,2,,"100,0%",NaN
2102-Universidad Nacional Abierta y a Distancia - UNAD,2776-INGENIERIA DE SISTEMAS,Femenino,2009-1,2017,Dependiente,Transporte y almacenamiento,2,2,,"100,0%",NaN
2102-Universidad Nacional Abierta y a Distancia - UNAD,2776-INGENIERIA DE SISTEMAS,Femenino,2009-1,2017,Independiente,Actividades de servicios administrativos y de apoyo,2,2,,"100,0%",NaN
2102-Universidad Nacional Abierta y a Distancia - UNAD,2776-INGENIERIA DE SISTEMAS,Femenino,2009-1,2017,Independiente,"Actividades profesionales, científicas y técnicas",4,4,,"100,0%",NaN
2102-Universidad Nacional Abierta y a Distancia - UNAD,2776-INGENIERIA DE SISTEMAS,Femenino,2009-1,2017,Independiente,Industrias manufactureras,1,1,,"100,0%",NaN
2102-Universidad Nacional Abierta y a Distancia - UNAD,2776-INGENIERIA DE SISTEMAS,Femenino,2009-1,2017,Independiente,Otras actividades de servicios,1,1,,"100,0%",NaN
2102-Universidad Nacional Abierta y a Distancia - UNAD,2776-INGENIERIA DE SISTEMAS,Femenino,2009-1,2017,Independiente,Sin información,4,4,,"100,0%",NaN
2102-Universidad Nacional Abierta y a Distancia - UNAD,2776-INGENIERIA DE SISTEMAS,Femenino,2009-1,2017,No cotizante,Sin información,15,0,,"0,0%",NaN
2102-Universidad Nacional Abierta y a Distancia - UNAD,2776-INGENIERIA DE SISTEMAS,Femenino,2009-1,2018,Dependiente,Actividades de atención de la salud humana y de asistencia social,1,1,,"100,0%",NaN
2102-Universidad Nacional Abierta y a Distancia - UNAD,2776-INGENIERIA DE SISTEMAS,Femenino,2009-1,2018,Dependiente,Actividades de los hogares individuales en calidad de empleadores; actividades no diferenciadas de los hogares individuales como productores de bienes y servicios para uso propio,1,1,,"100,0%",NaN
2102-Universidad Nacional Abierta y a Distancia - UNAD,2776-INGENIERIA DE SISTEMAS,Femenino,2009-1,2018,Dependiente,Actividades de organizaciones y entidades extraterritoriales,1,1,,"100,0%",NaN
2102-Universidad Nacional Abierta y a Distancia - UNAD,2776-INGENIERIA DE SISTEMAS,Femenino,2009-1,2018,Dependiente,Actividades de servicios administrativos y de apoyo,1,1,,"100,0%",NaN
2102-Universidad Nacional Abierta y a Distancia - UNAD,2776-INGENIERIA DE SISTEMAS,Femenino,2009-1,2018,Dependiente,"Actividades profesionales, científicas y técnicas",2,2,,"100,0%",NaN
2102-Universidad Nacional Abierta y a Distancia - UNAD,2776-INGENIERIA DE SISTEMAS,Femenino,2009-1,2018,Dependiente,Administración pública y defensa; planes de seguridad social de afiliación obligatoria,2,2,,"100,0%",NaN
2102-Universidad Nacional Abierta y a Distancia - UNAD,2776-INGENIERIA DE SISTEMAS,Femenino,2009-1,2018,Dependiente,Comercio al por mayor y al por menor; reparación de vehículos automotores y motocicletas,1,1,,"100,0%",NaN
2102-Universidad Nacional Abierta y a Distancia - UNAD,2776-INGENIERIA DE SISTEMAS,Femenino,2009-1,2018,Dependiente,Construccion,1,1,,"100,0%",NaN
2102-Universidad Nacional Abierta y a Distancia - UNAD,2776-INGENIERIA DE SISTEMAS,Femenino,2009-1,2018,Dependiente,Educación,2,2,,"100,0%",NaN
2102-Universidad Nacional Abierta y a Distancia - UNAD,2776-INGENIERIA DE SISTEMAS,Femenino,2009-1,2018,Dependiente,Información y comunicaciones,2,2,,"100,0%",NaN
2102-Universidad Nacional Abierta y a Distancia - UNAD,2776-INGENIERIA DE SISTEMAS,Femenino,2009-1,2018,Dependiente,Otras actividades de servicios,3,3,,"100,0%",NaN
2102-Universidad Nacional Abierta y a Distancia - UNAD,2776-INGENIERIA DE SISTEMAS,Femenino,2009-1,2018,Dependiente,Sin información,4,4,,"100,0%",NaN
2102-Universidad Nacional Abierta y a Distancia - UNAD,2776-INGENIERIA DE SISTEMAS,Femenino,2009-1,2018,Dependiente,"Suministro de electricidad, gas, vapor y aire acondicionado",2,2,,"100,0%",NaN
2102-Universidad Nacional Abierta y a Distancia - UNAD,2776-INGENIERIA DE SISTEMAS,Femenino,2009-1,2018,Dependiente,Transporte y almacenamiento,1,1,,"100,0%",NaN
2102-Universidad Nacional Abierta y a Distancia - UNAD,2776-INGENIERIA DE SISTEMAS,Femenino,2009-1,2018,Independiente,Actividades de servicios administrativos y de apoyo,2,2,,"100,0%",NaN
2102-Universidad Nacional Abierta y a Distancia - UNAD,2776-INGENIERIA DE SISTEMAS,Femenino,2009-1,2018,Independiente,"Actividades profesionales, científicas y técnicas",3,3,,"100,0%",NaN
2102-Universidad Nacional Abierta y a Distancia - UNAD,2776-INGENIERIA DE SISTEMAS,Femenino,2009-1,2018,Independiente,Comercio al por mayor y al por menor; reparación de vehículos automotores y motocicletas,1,1,,"100,0%",NaN
2102-Universidad Nacional Abierta y a Distancia - UNAD,2776-INGENIERIA DE SISTEMAS,Femenino,2009-1,2018,Independiente,Educación,1,1,,"100,0%",NaN
2102-Universidad Nacional Abierta y a Distancia - UNAD,2776-INGENIERIA DE SISTEMAS,Femenino,2009-1,2018,Independiente,Industrias manufactureras,1,1,,"100,0%",NaN
2102-Universidad Nacional Abierta y a Distancia - UNAD,2776-INGENIERIA DE SISTEMAS,Femenino,2009-1,2018,Independiente,Otras actividades de servicios,1,1,,"100,0%",NaN
2102-Universidad Nacional Abierta y a Distancia - UNAD,2776-INGENIERIA DE SISTEMAS,Femenino,2009-1,2018,Independiente,Sin información,4,4,,"100,0%",NaN
2102-Universidad Nacional Abierta y a Distancia - UNAD,2776-INGENIERIA DE SISTEMAS,Femenino,2009-1,2018,No cotizante,Sin información,13,0,,"0,0%",NaN
2102-Universidad Nacional Abierta y a Distancia - UNAD,2776-INGENIERIA DE SISTEMAS,Femenino,2009-1,2019,Dependiente,"Actividades artísticas, de entretenimiento y recreación",1,1,,"100,0%",NaN
2102-Universidad Nacional Abierta y a Distancia - UNAD,2776-INGENIERIA DE SISTEMAS,Femenino,2009-1,2019,Dependiente,Actividades de atención de la salud humana y de asistencia social,1,1,,"100,0%",NaN
2102-Universidad Nacional Abierta y a Distancia - UNAD,2776-INGENIERIA DE SISTEMAS,Femenino,2009-1,2019,Dependiente,Actividades de los hogares individuales en calidad de empleadores; actividades no diferenciadas de los hogares individuales como productores de bienes y servicios para uso propio,1,1,,"100,0%",NaN
2102-Universidad Nacional Abierta y a Distancia - UNAD,2776-INGENIERIA DE SISTEMAS,Femenino,2009-1,2019,Dependiente,Actividades de organizaciones y entidades extraterritoriales,1,1,,"100,0%",NaN
2102-Universidad Nacional Abierta y a Distancia - UNAD,2776-INGENIERIA DE SISTEMAS,Femenino,2009-1,2019,Dependiente,Actividades de servicios administrativos y de apoyo,1,1,,"100,0%",NaN
2102-Universidad Nacional Abierta y a Distancia - UNAD,2776-INGENIERIA DE SISTEMAS,Femenino,2009-1,2019,Dependiente,"Actividades profesionales, científicas y técnicas",6,6,,"100,0%",NaN
2102-Universidad Nacional Abierta y a Distancia - UNAD,2776-INGENIERIA DE SISTEMAS,Femenino,2009-1,2019,Dependiente,Administración pública y defensa; planes de seguridad social de afiliación obligatoria,2,2,,"100,0%",NaN
2102-Universidad Nacional Abierta y a Distancia - UNAD,2776-INGENIERIA DE SISTEMAS,Femenino,2009-1,2019,Dependiente,Comercio al por mayor y al por menor; reparación de vehículos automotores y motocicletas,1,1,,"100,0%",NaN
2102-Universidad Nacional Abierta y a Distancia - UNAD,2776-INGENIERIA DE SISTEMAS,Femenino,2009-1,2019,Dependiente,Educación,2,2,,"100,0%",NaN
2102-Universidad Nacional Abierta y a Distancia - UNAD,2776-INGENIERIA DE SISTEMAS,Femenino,2009-1,2019,Dependiente,Información y comunicaciones,1,1,,"100,0%",NaN
2102-Universidad Nacional Abierta y a Distancia - UNAD,2776-INGENIERIA DE SISTEMAS,Femenino,2009-1,2019,Dependiente,Otras actividades de servicios,2,2,,"100,0%",NaN
2102-Universidad Nacional Abierta y a Distancia - UNAD,2776-INGENIERIA DE SISTEMAS,Femenino,2009-1,2019,Dependiente,"Suministro de electricidad, gas, vapor y aire acondicionado",2,2,,"100,0%",NaN
2102-Universidad Nacional Abierta y a Distancia - UNAD,2776-INGENIERIA DE SISTEMAS,Femenino,2009-1,2019,Dependiente,Transporte y almacenamiento,2,2,,"100,0%",NaN
2102-Universidad Nacional Abierta y a Distancia - UNAD,2776-INGENIERIA DE SISTEMAS,Femenino,2009-1,2019,Independiente,Actividades de atención de la salud humana y de asistencia social,1,1,,"100,0%",NaN
2102-Universidad Nacional Abierta y a Distancia - UNAD,2776-INGENIERIA DE SISTEMAS,Femenino,2009-1,2019,Independiente,Actividades de servicios administrativos y de apoyo,2,2,,"100,0%",NaN
2102-Universidad Nacional Abierta y a Distancia - UNAD,2776-INGENIERIA DE SISTEMAS,Femenino,2009-1,2019,Independiente,"Actividades profesionales, científicas y técnicas",3,3,,"100,0%",NaN
2102-Universidad Nacional Abierta y a Distancia - UNAD,2776-INGENIERIA DE SISTEMAS,Femenino,2009-1,2019,Independiente,Administración pública y defensa; planes de seguridad social de afiliación obligatoria,2,2,,"100,0%",NaN
2102-Universidad Nacional Abierta y a Distancia - UNAD,2776-INGENIERIA DE SISTEMAS,Femenino,2009-1,2019,Independiente,Educación,1,1,,"100,0%",NaN
2102-Universidad Nacional Abierta y a Distancia - UNAD,2776-INGENIERIA DE SISTEMAS,Femenino,2009-1,2019,Independiente,Industrias manufactureras,1,1,,"100,0%",NaN
2102-Universidad Nacional Abierta y a Distancia - UNAD,2776-INGENIERIA DE SISTEMAS,Femenino,2009-1,2019,Independiente,Otras actividades de servicios,2,2,,"100,0%",NaN
2102-Universidad Nacional Abierta y a Distancia - UNAD,2776-INGENIERIA DE SISTEMAS,Femenino,2009-1,2019,No cotizante,Sin información,13,0,,"0,0%",NaN
2102-Universidad Nacional Abierta y a Distancia - UNAD,2776-INGENIERIA DE SISTEMAS,Femenino,2009-1,2020,Dependiente,Actividades de atención de la salud humana y de asistencia social,1,1,,"100,0%",NaN
2102-Universidad Nacional Abierta y a Distancia - UNAD,2776-INGENIERIA DE SISTEMAS,Femenino,2009-1,2020,Dependiente,Actividades de los hogares individuales en calidad de empleadores; actividades no diferenciadas de los hogares individuales como productores de bienes y servicios para uso propio,1,1,,"100,0%",NaN
2102-Universidad Nacional Abierta y a Distancia - UNAD,2776-INGENIERIA DE SISTEMAS,Femenino,2009-1,2020,Dependiente,Actividades de servicios administrativos y de apoyo,2,2,,"100,0%",NaN
2102-Universidad Nacional Abierta y a Distancia - UNAD,2776-INGENIERIA DE SISTEMAS,Femenino,2009-1,2020,Dependiente,"Actividades profesionales, científicas y técnicas",2,2,,"100,0%",NaN
2102-Universidad Nacional Abierta y a Distancia - UNAD,2776-INGENIERIA DE SISTEMAS,Femenino,2009-1,2020,Dependiente,Administración pública y defensa; planes de seguridad social de afiliación obligatoria,3,3,,"100,0%",NaN
2102-Universidad Nacional Abierta y a Distancia - UNAD,2776-INGENIERIA DE SISTEMAS,Femenino,2009-1,2020,Dependiente,Comercio al por mayor y al por menor; reparación de vehículos automotores y motocicletas,1,1,,"100,0%",NaN
2102-Universidad Nacional Abierta y a Distancia - UNAD,2776-INGENIERIA DE SISTEMAS,Femenino,2009-1,2020,Dependiente,Construccion,1,1,,"100,0%",NaN
2102-Universidad Nacional Abierta y a Distancia - UNAD,2776-INGENIERIA DE SISTEMAS,Femenino,2009-1,2020,Dependiente,Educación,2,2,,"100,0%",NaN
2102-Universidad Nacional Abierta y a Distancia - UNAD,2776-INGENIERIA DE SISTEMAS,Femenino,2009-1,2020,Dependiente,Información y comunicaciones,1,1,,"100,0%",NaN
2102-Universidad Nacional Abierta y a Distancia - UNAD,2776-INGENIERIA DE SISTEMAS,Femenino,2009-1,2020,Dependiente,Otras actividades de servicios,3,3,,"100,0%",NaN
2102-Universidad Nacional Abierta y a Distancia - UNAD,2776-INGENIERIA DE SISTEMAS,Femenino,2009-1,2020,Dependiente,"Suministro de electricidad, gas, vapor y aire acondicionado",2,2,,"100,0%",NaN
2102-Universidad Nacional Abierta y a Distancia - UNAD,2776-INGENIERIA DE SISTEMAS,Femenino,2009-1,2020,Dependiente,Transporte y almacenamiento,1,1,,"100,0%",NaN
2102-Universidad Nacional Abierta y a Distancia - UNAD,2776-INGENIERIA DE SISTEMAS,Femenino,2009-1,2020,Independiente,Actividades de atención de la salud humana y de asistencia social,1,1,,"100,0%",NaN
2102-Universidad Nacional Abierta y a Distancia - UNAD,2776-INGENIERIA DE SISTEMAS,Femenino,2009-1,2020,Independiente,Actividades de servicios administrativos y de apoyo,1,1,,"100,0%",NaN
2102-Universidad Nacional Abierta y a Distancia - UNAD,2776-INGENIERIA DE SISTEMAS,Femenino,2009-1,2020,Independiente,"Actividades profesionales, científicas y técnicas",4,4,,"100,0%",NaN
2102-Universidad Nacional Abierta y a Distancia - UNAD,2776-INGENIERIA DE SISTEMAS,Femenino,2009-1,2020,Independiente,Administración pública y defensa; planes de seguridad social de afiliación obligatoria,2,2,,"100,0%",NaN
2102-Universidad Nacional Abierta y a Distancia - UNAD,2776-INGENIERIA DE SISTEMAS,Femenino,2009-1,2020,Independiente,Industrias manufactureras,1,1,,"100,0%",NaN
2102-Universidad Nacional Abierta y a Distancia - UNAD,2776-INGENIERIA DE SISTEMAS,Femenino,2009-1,2020,Independiente,Otras actividades de servicios,2,2,,"100,0%",NaN
2102-Universidad Nacional Abierta y a Distancia - UNAD,2776-INGENIERIA DE SISTEMAS,Femenino,2009-1,2020,No cotizante,Sin información,16,0,,"0,0%",NaN
2102-Universidad Nacional Abierta y a Distancia - UNAD,2776-INGENIERIA DE SISTEMAS,Femenino,2009-1,2021,Dependiente,Actividades de atención de la salud humana y de asistencia social,2,2,,"100,0%",NaN
2102-Universidad Nacional Abierta y a Distancia - UNAD,2776-INGENIERIA DE SISTEMAS,Femenino,2009-1,2021,Dependiente,Actividades de los hogares individuales en calidad de empleadores; actividades no diferenciadas de los hogares individuales como productores de bienes y servicios para uso propio,1,1,,"100,0%",NaN
2102-Universidad Nacional Abierta y a Distancia - UNAD,2776-INGENIERIA DE SISTEMAS,Femenino,2009-1,2021,Dependiente,Actividades de servicios administrativos y de apoyo,1,1,,"100,0%",NaN
2102-Universidad Nacional Abierta y a Distancia - UNAD,2776-INGENIERIA DE SISTEMAS,Femenino,2009-1,2021,Dependiente,"Actividades profesionales, científicas y técnicas",2,2,,"100,0%",NaN
2102-Universidad Nacional Abierta y a Distancia - UNAD,2776-INGENIERIA DE SISTEMAS,Femenino,2009-1,2021,Dependiente,Administración pública y defensa; planes de seguridad social de afiliación obligatoria,2,2,,"100,0%",NaN
2102-Universidad Nacional Abierta y a Distancia - UNAD,2776-INGENIERIA DE SISTEMAS,Femenino,2009-1,2021,Dependiente,Comercio al por mayor y al por menor; reparación de vehículos automotores y motocicletas,2,2,,"100,0%",NaN
2102-Universidad Nacional Abierta y a Distancia - UNAD,2776-INGENIERIA DE SISTEMAS,Femenino,2009-1,2021,Dependiente,Educación,2,2,,"100,0%",NaN
2102-Universidad Nacional Abierta y a Distancia - UNAD,2776-INGENIERIA DE SISTEMAS,Femenino,2009-1,2021,Dependiente,Información y comunicaciones,1,1,,"100,0%",NaN
2102-Universidad Nacional Abierta y a Distancia - UNAD,2776-INGENIERIA DE SISTEMAS,Femenino,2009-1,2021,Dependiente,Otras actividades de servicios,2,2,,"100,0%",NaN
2102-Universidad Nacional Abierta y a Distancia - UNAD,2776-INGENIERIA DE SISTEMAS,Femenino,2009-1,2021,Dependiente,"Suministro de electricidad, gas, vapor y aire acondicionado",2,2,,"100,0%",NaN
2102-Universidad Nacional Abierta y a Distancia - UNAD,2776-INGENIERIA DE SISTEMAS,Femenino,2009-1,2021,Dependiente,Transporte y almacenamiento,1,1,,"100,0%",NaN
2102-Universidad Nacional Abierta y a Distancia - UNAD,2776-INGENIERIA DE SISTEMAS,Femenino,2009-1,2021,Independiente,Actividades de atención de la salud humana y de asistencia social,1,1,,"100,0%",NaN
2102-Universidad Nacional Abierta y a Distancia - UNAD,2776-INGENIERIA DE SISTEMAS,Femenino,2009-1,2021,Independiente,Actividades de servicios administrativos y de apoyo,2,2,,"100,0%",NaN
2102-Universidad Nacional Abierta y a Distancia - UNAD,2776-INGENIERIA DE SISTEMAS,Femenino,2009-1,2021,Independiente,"Actividades profesionales, científicas y técnicas",4,4,,"100,0%",NaN
2102-Universidad Nacional Abierta y a Distancia - UNAD,2776-INGENIERIA DE SISTEMAS,Femenino,2009-1,2021,Independiente,Administración pública y defensa; planes de seguridad social de afiliación obligatoria,3,3,,"100,0%",NaN
2102-Universidad Nacional Abierta y a Distancia - UNAD,2776-INGENIERIA DE SISTEMAS,Femenino,2009-1,2021,Independiente,Industrias manufactureras,1,1,,"100,0%",NaN
2102-Universidad Nacional Abierta y a Distancia - UNAD,2776-INGENIERIA DE SISTEMAS,Femenino,2009-1,2021,Independiente,Otras actividades de servicios,2,2,,"100,0%",NaN
2102-Universidad Nacional Abierta y a Distancia - UNAD,2776-INGENIERIA DE SISTEMAS,Femenino,2009-1,2021,No cotizante,Sin información,13,0,,"0,0%",NaN
2102-Universidad Nacional Abierta y a Distancia - UNAD,2776-INGENIERIA DE SISTEMAS,Femenino,2009-1,2022,Dependiente,Actividades de atención de la salud humana y de asistencia social,2,2,,"100,0%",NaN
2102-Universidad Nacional Abierta y a Distancia - UNAD,2776-INGENIERIA DE SISTEMAS,Femenino,2009-1,2022,Dependiente,Actividades de los hogares individuales en calidad de empleadores; actividades no diferenciadas de los hogares individuales como productores de bienes y servicios para uso propio,1,1,,"100,0%",NaN
2102-Universidad Nacional Abierta y a Distancia - UNAD,2776-INGENIERIA DE SISTEMAS,Femenino,2009-1,2022,Dependiente,Actividades de servicios administrativos y de apoyo,1,1,,"100,0%",NaN
2102-Universidad Nacional Abierta y a Distancia - UNAD,2776-INGENIERIA DE SISTEMAS,Femenino,2009-1,2022,Dependiente,Actividades financieras y de seguros,1,1,,"100,0%",NaN
2102-Universidad Nacional Abierta y a Distancia - UNAD,2776-INGENIERIA DE SISTEMAS,Femenino,2009-1,2022,Dependiente,"Actividades profesionales, científicas y técnicas",2,2,,"100,0%",NaN
2102-Universidad Nacional Abierta y a Distancia - UNAD,2776-INGENIERIA DE SISTEMAS,Femenino,2009-1,2022,Dependiente,Administración pública y defensa; planes de seguridad social de afiliación obligatoria,2,2,,"100,0%",NaN
2102-Universidad Nacional Abierta y a Distancia - UNAD,2776-INGENIERIA DE SISTEMAS,Femenino,2009-1,2022,Dependiente,Comercio al por mayor y al por menor; reparación de vehículos automotores y motocicletas,1,1,,"100,0%",NaN
2102-Universidad Nacional Abierta y a Distancia - UNAD,2776-INGENIERIA DE SISTEMAS,Femenino,2009-1,2022,Dependiente,Educación,2,2,,"100,0%",NaN
2102-Universidad Nacional Abierta y a Distancia - UNAD,2776-INGENIERIA DE SISTEMAS,Femenino,2009-1,2022,Dependiente,Información y comunicaciones,1,1,,"100,0%",NaN
2102-Universidad Nacional Abierta y a Distancia - UNAD,2776-INGENIERIA DE SISTEMAS,Femenino,2009-1,2022,Dependiente,Otras actividades de servicios,4,4,,"100,0%",NaN
2102-Universidad Nacional Abierta y a Distancia - UNAD,2776-INGENIERIA DE SISTEMAS,Femenino,2009-1,2022,Dependiente,"Suministro de electricidad, gas, vapor y aire acondicionado",2,2,,"100,0%",NaN
2102-Universidad Nacional Abierta y a Distancia - UNAD,2776-INGENIERIA DE SISTEMAS,Femenino,2009-1,2022,Dependiente,Transporte y almacenamiento,2,2,,"100,0%",NaN
2102-Universidad Nacional Abierta y a Distancia - UNAD,2776-INGENIERIA DE SISTEMAS,Femenino,2009-1,2022,Independiente,Actividades de atención de la salud humana y de asistencia social,1,1,,"100,0%",NaN
2102-Universidad Nacional Abierta y a Distancia - UNAD,2776-INGENIERIA DE SISTEMAS,Femenino,2009-1,2022,Independiente,Actividades de servicios administrativos y de apoyo,1,1,,"100,0%",NaN
2102-Universidad Nacional Abierta y a Distancia - UNAD,2776-INGENIERIA DE SISTEMAS,Femenino,2009-1,2022,Independiente,"Actividades profesionales, científicas y técnicas",3,3,,"100,0%",NaN
2102-Universidad Nacional Abierta y a Distancia - UNAD,2776-INGENIERIA DE SISTEMAS,Femenino,2009-1,2022,Independiente,Administración pública y defensa; planes de seguridad social de afiliación obligatoria,2,2,,"100,0%",NaN
2102-Universidad Nacional Abierta y a Distancia - UNAD,2776-INGENIERIA DE SISTEMAS,Femenino,2009-1,2022,Independiente,Industrias manufactureras,1,1,,"100,0%",NaN
2102-Universidad Nacional Abierta y a Distancia - UNAD,2776-INGENIERIA DE SISTEMAS,Femenino,2009-1,2022,Independiente,Otras actividades de servicios,1,1,,"100,0%",NaN
2102-Universidad Nacional Abierta y a Distancia - UNAD,2776-INGENIERIA DE SISTEMAS,Femenino,2009-1,2022,No cotizante,SIN DATO,12,0,,"0,0%",NaN
2102-Universidad Nacional Abierta y a Distancia - UNAD,2776-INGENIERIA DE SISTEMAS,Femenino,2009-1,2023,Dependiente,Actividades de servicios administrativos y de apoyo,2,2,,"100,0%",NaN
2102-Universidad Nacional Abierta y a Distancia - UNAD,2776-INGENIERIA DE SISTEMAS,Femenino,2009-1,2023,Dependiente,Actividades financieras y de seguros,1,1,,"100,0%",NaN
2102-Universidad Nacional Abierta y a Distancia - UNAD,2776-INGENIERIA DE SISTEMAS,Femenino,2009-1,2023,Dependiente,"Actividades profesionales, científicas y técnicas",2,2,,"100,0%",NaN
2102-Universidad Nacional Abierta y a Distancia - UNAD,2776-INGENIERIA DE SISTEMAS,Femenino,2009-1,2023,Dependiente,Administración pública y defensa; planes de seguridad social de afiliación obligatoria,4,4,,"100,0%",NaN
2102-Universidad Nacional Abierta y a Distancia - UNAD,2776-INGENIERIA DE SISTEMAS,Femenino,2009-1,2023,Dependiente,Comercio al por mayor y al por menor; reparación de vehículos automotores y motocicletas,1,1,,"100,0%",NaN
2102-Universidad Nacional Abierta y a Distancia - UNAD,2776-INGENIERIA DE SISTEMAS,Femenino,2009-1,2023,Dependiente,Construccion,1,1,,"100,0%",NaN
2102-Universidad Nacional Abierta y a Distancia - UNAD,2776-INGENIERIA DE SISTEMAS,Femenino,2009-1,2023,Dependiente,Educación,2,2,,"100,0%",NaN
2102-Universidad Nacional Abierta y a Distancia - UNAD,2776-INGENIERIA DE SISTEMAS,Femenino,2009-1,2023,Dependiente,Información y comunicaciones,1,1,,"100,0%",NaN
2102-Universidad Nacional Abierta y a Distancia - UNAD,2776-INGENIERIA DE SISTEMAS,Femenino,2009-1,2023,Dependiente,Otras actividades de servicios,3,3,,"100,0%",NaN
2102-Universidad Nacional Abierta y a Distancia - UNAD,2776-INGENIERIA DE SISTEMAS,Femenino,2009-1,2023,Dependiente,"Suministro de electricidad, gas, vapor y aire acondicionado",2,2,,"100,0%",NaN
2102-Universidad Nacional Abierta y a Distancia - UNAD,2776-INGENIERIA DE SISTEMAS,Femenino,2009-1,2023,Dependiente,Transporte y almacenamiento,2,2,,"100,0%",NaN
2102-Universidad Nacional Abierta y a Distancia - UNAD,2776-INGENIERIA DE SISTEMAS,Femenino,2009-1,2023,Independiente,Actividades de atención de la salud humana y de asistencia social,1,1,,"100,0%",NaN
2102-Universidad Nacional Abierta y a Distancia - UNAD,2776-INGENIERIA DE SISTEMAS,Femenino,2009-1,2023,Independiente,Actividades de servicios administrativos y de apoyo,1,1,,"100,0%",NaN
2102-Universidad Nacional Abierta y a Distancia - UNAD,2776-INGENIERIA DE SISTEMAS,Femenino,2009-1,2023,Independiente,"Actividades profesionales, científicas y técnicas",3,3,,"100,0%",NaN
2102-Universidad Nacional Abierta y a Distancia - UNAD,2776-INGENIERIA DE SISTEMAS,Femenino,2009-1,2023,Independiente,Administración pública y defensa; planes de seguridad social de afiliación obligatoria,2,2,,"100,0%",NaN
2102-Universidad Nacional Abierta y a Distancia - UNAD,2776-INGENIERIA DE SISTEMAS,Femenino,2009-1,2023,Independiente,Industrias manufactureras,1,1,,"100,0%",NaN
2102-Universidad Nacional Abierta y a Distancia - UNAD,2776-INGENIERIA DE SISTEMAS,Femenino,2009-1,2023,Independiente,Otras actividades de servicios,1,1,,"100,0%",NaN
2102-Universidad Nacional Abierta y a Distancia - UNAD,2776-INGENIERIA DE SISTEMAS,Femenino,2009-1,2023,No cotizante,SIN DATO,11,0,,"0,0%",NaN
2102-Universidad Nacional Abierta y a Distancia - UNAD,2776-INGENIERIA DE SISTEMAS,Masculino,2009-1,2017,Dependiente,Actividades de atención de la salud humana y de asistencia social,1,1,,"100,0%",NaN
2102-Universidad Nacional Abierta y a Distancia - UNAD,2776-INGENIERIA DE SISTEMAS,Masculino,2009-1,2017,Dependiente,Actividades de los hogares individuales en calidad de empleadores; actividades no diferenciadas de los hogares individuales como productores de bienes y servicios para uso propio,2,2,,"100,0%",NaN
2102-Universidad Nacional Abierta y a Distancia - UNAD,2776-INGENIERIA DE SISTEMAS,Masculino,2009-1,2017,Dependiente,Actividades de organizaciones y entidades extraterritoriales,1,1,,"100,0%",NaN
2102-Universidad Nacional Abierta y a Distancia - UNAD,2776-INGENIERIA DE SISTEMAS,Masculino,2009-1,2017,Dependiente,Actividades de servicios administrativos y de apoyo,3,3,,"100,0%",NaN
2102-Universidad Nacional Abierta y a Distancia - UNAD,2776-INGENIERIA DE SISTEMAS,Masculino,2009-1,2017,Dependiente,Actividades financieras y de seguros,5,5,,"100,0%",NaN
2102-Universidad Nacional Abierta y a Distancia - UNAD,2776-INGENIERIA DE SISTEMAS,Masculino,2009-1,2017,Dependiente,"Actividades profesionales, científicas y técnicas",13,13,,"100,0%",NaN
2102-Universidad Nacional Abierta y a Distancia - UNAD,2776-INGENIERIA DE SISTEMAS,Masculino,2009-1,2017,Dependiente,Administración pública y defensa; planes de seguridad social de afiliación obligatoria,11,11,,"100,0%",NaN
2102-Universidad Nacional Abierta y a Distancia - UNAD,2776-INGENIERIA DE SISTEMAS,Masculino,2009-1,2017,Dependiente,"Agricultura, ganadería, caza, silvicultura y pesca",1,1,,"100,0%",NaN
2102-Universidad Nacional Abierta y a Distancia - UNAD,2776-INGENIERIA DE SISTEMAS,Masculino,2009-1,2017,Dependiente,Comercio al por mayor y al por menor; reparación de vehículos automotores y motocicletas,1,1,,"100,0%",NaN
2102-Universidad Nacional Abierta y a Distancia - UNAD,2776-INGENIERIA DE SISTEMAS,Masculino,2009-1,2017,Dependiente,Construccion,1,1,,"100,0%",NaN
2102-Universidad Nacional Abierta y a Distancia - UNAD,2776-INGENIERIA DE SISTEMAS,Masculino,2009-1,2017,Dependiente,"Distribución de agua; evacuación y tratamiento de aguas residuales, gestión de desechos y actividades de saneamiento ambiental",1,1,,"100,0%",NaN
2102-Universidad Nacional Abierta y a Distancia - UNAD,2776-INGENIERIA DE SISTEMAS,Masculino,2009-1,2017,Dependiente,Educación,4,4,,"100,0%",NaN
2102-Universidad Nacional Abierta y a Distancia - UNAD,2776-INGENIERIA DE SISTEMAS,Masculino,2009-1,2017,Dependiente,Industrias manufactureras,1,1,,"100,0%",NaN
2102-Universidad Nacional Abierta y a Distancia - UNAD,2776-INGENIERIA DE SISTEMAS,Masculino,2009-1,2017,Dependiente,Información y comunicaciones,1,1,,"100,0%",NaN
2102-Universidad Nacional Abierta y a Distancia - UNAD,2776-INGENIERIA DE SISTEMAS,Masculino,2009-1,2017,Dependiente,Otras actividades de servicios,3,3,,"100,0%",NaN
2102-Universidad Nacional Abierta y a Distancia - UNAD,2776-INGENIERIA DE SISTEMAS,Masculino,2009-1,2017,Dependiente,Sin información,9,9,,"100,0%",NaN
2102-Universidad Nacional Abierta y a Distancia - UNAD,2776-INGENIERIA DE SISTEMAS,Masculino,2009-1,2017,Dependiente,"Suministro de electricidad, gas, vapor y aire acondicionado",3,3,,"100,0%",NaN
2102-Universidad Nacional Abierta y a Distancia - UNAD,2776-INGENIERIA DE SISTEMAS,Masculino,2009-1,2017,Dependiente,Transporte y almacenamiento,2,2,,"100,0%",NaN
2102-Universidad Nacional Abierta y a Distancia - UNAD,2776-INGENIERIA DE SISTEMAS,Masculino,2009-1,2017,Independiente,Actividades de servicios administrativos y de apoyo,1,1,,"100,0%",NaN
2102-Universidad Nacional Abierta y a Distancia - UNAD,2776-INGENIERIA DE SISTEMAS,Masculino,2009-1,2017,Independiente,Actividades financieras y de seguros,1,1,,"100,0%",NaN
2102-Universidad Nacional Abierta y a Distancia - UNAD,2776-INGENIERIA DE SISTEMAS,Masculino,2009-1,2017,Independiente,"Actividades profesionales, científicas y técnicas",5,5,,"100,0%",NaN
2102-Universidad Nacional Abierta y a Distancia - UNAD,2776-INGENIERIA DE SISTEMAS,Masculino,2009-1,2017,Independiente,Educación,1,1,,"100,0%",NaN
2102-Universidad Nacional Abierta y a Distancia - UNAD,2776-INGENIERIA DE SISTEMAS,Masculino,2009-1,2017,Independiente,Información y comunicaciones,1,1,,"100,0%",NaN
2102-Universidad Nacional Abierta y a Distancia - UNAD,2776-INGENIERIA DE SISTEMAS,Masculino,2009-1,2017,Independiente,Sin información,8,8,,"100,0%",NaN
2102-Universidad Nacional Abierta y a Distancia - UNAD,2776-INGENIERIA DE SISTEMAS,Masculino,2009-1,2017,No cotizante,Sin información,10,0,,"0,0%",NaN
2102-Universidad Nacional Abierta y a Distancia - UNAD,2776-INGENIERIA DE SISTEMAS,Masculino,2009-1,2018,Dependiente,Actividades de atención de la salud humana y de asistencia social,2,2,,"100,0%",NaN
2102-Universidad Nacional Abierta y a Distancia - UNAD,2776-INGENIERIA DE SISTEMAS,Masculino,2009-1,2018,Dependiente,Actividades de los hogares individuales en calidad de empleadores; actividades no diferenciadas de los hogares individuales como productores de bienes y servicios para uso propio,2,2,,"100,0%",NaN
2102-Universidad Nacional Abierta y a Distancia - UNAD,2776-INGENIERIA DE SISTEMAS,Masculino,2009-1,2018,Dependiente,Actividades de organizaciones y entidades extraterritoriales,1,1,,"100,0%",NaN
2102-Universidad Nacional Abierta y a Distancia - UNAD,2776-INGENIERIA DE SISTEMAS,Masculino,2009-1,2018,Dependiente,Actividades de servicios administrativos y de apoyo,2,2,,"100,0%",NaN
2102-Universidad Nacional Abierta y a Distancia - UNAD,2776-INGENIERIA DE SISTEMAS,Masculino,2009-1,2018,Dependiente,Actividades financieras y de seguros,6,6,,"100,0%",NaN
2102-Universidad Nacional Abierta y a Distancia - UNAD,2776-INGENIERIA DE SISTEMAS,Masculino,2009-1,2018,Dependiente,"Actividades profesionales, científicas y técnicas",12,12,,"100,0%",NaN
2102-Universidad Nacional Abierta y a Distancia - UNAD,2776-INGENIERIA DE SISTEMAS,Masculino,2009-1,2018,Dependiente,Administración pública y defensa; planes de seguridad social de afiliación obligatoria,7,7,,"100,0%",NaN
2102-Universidad Nacional Abierta y a Distancia - UNAD,2776-INGENIERIA DE SISTEMAS,Masculino,2009-1,2018,Dependiente,"Agricultura, ganadería, caza, silvicultura y pesca",1,1,,"100,0%",NaN
2102-Universidad Nacional Abierta y a Distancia - UNAD,2776-INGENIERIA DE SISTEMAS,Masculino,2009-1,2018,Dependiente,Comercio al por mayor y al por menor; reparación de vehículos automotores y motocicletas,3,3,,"100,0%",NaN
2102-Universidad Nacional Abierta y a Distancia - UNAD,2776-INGENIERIA DE SISTEMAS,Masculino,2009-1,2018,Dependiente,Construccion,1,1,,"100,0%",NaN
2102-Universidad Nacional Abierta y a Distancia - UNAD,2776-INGENIERIA DE SISTEMAS,Masculino,2009-1,2018,Dependiente,"Distribución de agua; evacuación y tratamiento de aguas residuales, gestión de desechos y actividades de saneamiento ambiental",1,1,,"100,0%",NaN
2102-Universidad Nacional Abierta y a Distancia - UNAD,2776-INGENIERIA DE SISTEMAS,Masculino,2009-1,2018,Dependiente,Educación,5,5,,"100,0%",NaN
2102-Universidad Nacional Abierta y a Distancia - UNAD,2776-INGENIERIA DE SISTEMAS,Masculino,2009-1,2018,Dependiente,Explotación de minas y canteras,1,1,,"100,0%",NaN
2102-Universidad Nacional Abierta y a Distancia - UNAD,2776-INGENIERIA DE SISTEMAS,Masculino,2009-1,2018,Dependiente,Industrias manufactureras,1,1,,"100,0%",NaN
2102-Universidad Nacional Abierta y a Distancia - UNAD,2776-INGENIERIA DE SISTEMAS,Masculino,2009-1,2018,Dependiente,Información y comunicaciones,1,1,,"100,0%",NaN
2102-Universidad Nacional Abierta y a Distancia - UNAD,2776-INGENIERIA DE SISTEMAS,Masculino,2009-1,2018,Dependiente,Otras actividades de servicios,4,4,,"100,0%",NaN
2102-Universidad Nacional Abierta y a Distancia - UNAD,2776-INGENIERIA DE SISTEMAS,Masculino,2009-1,2018,Dependiente,Sin información,7,7,,"100,0%",NaN
2102-Universidad Nacional Abierta y a Distancia - UNAD,2776-INGENIERIA DE SISTEMAS,Masculino,2009-1,2018,Dependiente,"Suministro de electricidad, gas, vapor y aire acondicionado",3,3,,"100,0%",NaN
2102-Universidad Nacional Abierta y a Distancia - UNAD,2776-INGENIERIA DE SISTEMAS,Masculino,2009-1,2018,Dependiente,Transporte y almacenamiento,1,1,,"100,0%",NaN
2102-Universidad Nacional Abierta y a Distancia - UNAD,2776-INGENIERIA DE SISTEMAS,Masculino,2009-1,2018,Independiente,"Actividades profesionales, científicas y técnicas",6,6,,"100,0%",NaN
2102-Universidad Nacional Abierta y a Distancia - UNAD,2776-INGENIERIA DE SISTEMAS,Masculino,2009-1,2018,Independiente,Educación,1,1,,"100,0%",NaN
2102-Universidad Nacional Abierta y a Distancia - UNAD,2776-INGENIERIA DE SISTEMAS,Masculino,2009-1,2018,Independiente,Información y comunicaciones,2,2,,"100,0%",NaN
2102-Universidad Nacional Abierta y a Distancia - UNAD,2776-INGENIERIA DE SISTEMAS,Masculino,2009-1,2018,Independiente,Sin información,7,7,,"100,0%",NaN
2102-Universidad Nacional Abierta y a Distancia - UNAD,2776-INGENIERIA DE SISTEMAS,Masculino,2009-1,2018,No cotizante,Sin información,9,0,,"0,0%",NaN
2102-Universidad Nacional Abierta y a Distancia - UNAD,2776-INGENIERIA DE SISTEMAS,Masculino,2009-1,2019,Dependiente,Actividades de atención de la salud humana y de asistencia social,2,2,,"100,0%",NaN
2102-Universidad Nacional Abierta y a Distancia - UNAD,2776-INGENIERIA DE SISTEMAS,Masculino,2009-1,2019,Dependiente,Actividades de los hogares individuales en calidad de empleadores; actividades no diferenciadas de los hogares individuales como productores de bienes y servicios para uso propio,2,2,,"100,0%",NaN
2102-Universidad Nacional Abierta y a Distancia - UNAD,2776-INGENIERIA DE SISTEMAS,Masculino,2009-1,2019,Dependiente,Actividades de organizaciones y entidades extraterritoriales,1,1,,"100,0%",NaN
2102-Universidad Nacional Abierta y a Distancia - UNAD,2776-INGENIERIA DE SISTEMAS,Masculino,2009-1,2019,Dependiente,Actividades de servicios administrativos y de apoyo,1,1,,"100,0%",NaN
2102-Universidad Nacional Abierta y a Distancia - UNAD,2776-INGENIERIA DE SISTEMAS,Masculino,2009-1,2019,Dependiente,Actividades financieras y de seguros,5,5,,"100,0%",NaN
2102-Universidad Nacional Abierta y a Distancia - UNAD,2776-INGENIERIA DE SISTEMAS,Masculino,2009-1,2019,Dependiente,"Actividades profesionales, científicas y técnicas",14,14,,"100,0%",NaN
2102-Universidad Nacional Abierta y a Distancia - UNAD,2776-INGENIERIA DE SISTEMAS,Masculino,2009-1,2019,Dependiente,Administración pública y defensa; planes de seguridad social de afiliación obligatoria,8,8,,"100,0%",NaN
2102-Universidad Nacional Abierta y a Distancia - UNAD,2776-INGENIERIA DE SISTEMAS,Masculino,2009-1,2019,Dependiente,"Agricultura, ganadería, caza, silvicultura y pesca",1,1,,"100,0%",NaN
2102-Universidad Nacional Abierta y a Distancia - UNAD,2776-INGENIERIA DE SISTEMAS,Masculino,2009-1,2019,Dependiente,Comercio al por mayor y al por menor; reparación de vehículos automotores y motocicletas,2,2,,"100,0%",NaN
2102-Universidad Nacional Abierta y a Distancia - UNAD,2776-INGENIERIA DE SISTEMAS,Masculino,2009-1,2019,Dependiente,"Distribución de agua; evacuación y tratamiento de aguas residuales, gestión de desechos y actividades de saneamiento ambiental",1,1,,"100,0%",NaN
2102-Universidad Nacional Abierta y a Distancia - UNAD,2776-INGENIERIA DE SISTEMAS,Masculino,2009-1,2019,Dependiente,Educación,4,4,,"100,0%",NaN
2102-Universidad Nacional Abierta y a Distancia - UNAD,2776-INGENIERIA DE SISTEMAS,Masculino,2009-1,2019,Dependiente,Industrias manufactureras,1,1,,"100,0%",NaN
2102-Universidad Nacional Abierta y a Distancia - UNAD,2776-INGENIERIA DE SISTEMAS,Masculino,2009-1,2019,Dependiente,Otras actividades de servicios,4,4,,"100,0%",NaN
2102-Universidad Nacional Abierta y a Distancia - UNAD,2776-INGENIERIA DE SISTEMAS,Masculino,2009-1,2019,Dependiente,Sin información,2,2,,"100,0%",NaN
2102-Universidad Nacional Abierta y a Distancia - UNAD,2776-INGENIERIA DE SISTEMAS,Masculino,2009-1,2019,Dependiente,"Suministro de electricidad, gas, vapor y aire acondicionado",3,3,,"100,0%",NaN
2102-Universidad Nacional Abierta y a Distancia - UNAD,2776-INGENIERIA DE SISTEMAS,Masculino,2009-1,2019,Dependiente,Transporte y almacenamiento,1,1,,"100,0%",NaN
2102-Universidad Nacional Abierta y a Distancia - UNAD,2776-INGENIERIA DE SISTEMAS,Masculino,2009-1,2019,Independiente,Actividades de servicios administrativos y de apoyo,1,1,,"100,0%",NaN
2102-Universidad Nacional Abierta y a Distancia - UNAD,2776-INGENIERIA DE SISTEMAS,Masculino,2009-1,2019,Independiente,Actividades financieras y de seguros,1,1,,"100,0%",NaN
2102-Universidad Nacional Abierta y a Distancia - UNAD,2776-INGENIERIA DE SISTEMAS,Masculino,2009-1,2019,Independiente,"Actividades profesionales, científicas y técnicas",7,7,,"100,0%",NaN
2102-Universidad Nacional Abierta y a Distancia - UNAD,2776-INGENIERIA DE SISTEMAS,Masculino,2009-1,2019,Independiente,Administración pública y defensa; planes de seguridad social de afiliación obligatoria,4,4,,"100,0%",NaN
2102-Universidad Nacional Abierta y a Distancia - UNAD,2776-INGENIERIA DE SISTEMAS,Masculino,2009-1,2019,Independiente,Educación,1,1,,"100,0%",NaN
2102-Universidad Nacional Abierta y a Distancia - UNAD,2776-INGENIERIA DE SISTEMAS,Masculino,2009-1,2019,Independiente,Información y comunicaciones,2,2,,"100,0%",NaN
2102-Universidad Nacional Abierta y a Distancia - UNAD,2776-INGENIERIA DE SISTEMAS,Masculino,2009-1,2019,Independiente,Otras actividades de servicios,1,1,,"100,0%",NaN
2102-Universidad Nacional Abierta y a Distancia - UNAD,2776-INGENIERIA DE SISTEMAS,Masculino,2009-1,2019,Independiente,Sin información,1,1,,"100,0%",NaN
2102-Universidad Nacional Abierta y a Distancia - UNAD,2776-INGENIERIA DE SISTEMAS,Masculino,2009-1,2019,No cotizante,Sin información,12,0,,"0,0%",NaN
2102-Universidad Nacional Abierta y a Distancia - UNAD,2776-INGENIERIA DE SISTEMAS,Masculino,2009-1,2020,Dependiente,Actividades de atención de la salud humana y de asistencia social,2,2,,"100,0%",NaN
2102-Universidad Nacional Abierta y a Distancia - UNAD,2776-INGENIERIA DE SISTEMAS,Masculino,2009-1,2020,Dependiente,Actividades de los hogares individuales en calidad de empleadores; actividades no diferenciadas de los hogares individuales como productores de bienes y servicios para uso propio,2,2,,"100,0%",NaN
2102-Universidad Nacional Abierta y a Distancia - UNAD,2776-INGENIERIA DE SISTEMAS,Masculino,2009-1,2020,Dependiente,Actividades de organizaciones y entidades extraterritoriales,1,1,,"100,0%",NaN
2102-Universidad Nacional Abierta y a Distancia - UNAD,2776-INGENIERIA DE SISTEMAS,Masculino,2009-1,2020,Dependiente,Actividades de servicios administrativos y de apoyo,1,1,,"100,0%",NaN
2102-Universidad Nacional Abierta y a Distancia - UNAD,2776-INGENIERIA DE SISTEMAS,Masculino,2009-1,2020,Dependiente,Actividades financieras y de seguros,5,5,,"100,0%",NaN
2102-Universidad Nacional Abierta y a Distancia - UNAD,2776-INGENIERIA DE SISTEMAS,Masculino,2009-1,2020,Dependiente,Actividades inmobiliarias,1,1,,"100,0%",NaN
2102-Universidad Nacional Abierta y a Distancia - UNAD,2776-INGENIERIA DE SISTEMAS,Masculino,2009-1,2020,Dependiente,"Actividades profesionales, científicas y técnicas",13,13,,"100,0%",NaN
2102-Universidad Nacional Abierta y a Distancia - UNAD,2776-INGENIERIA DE SISTEMAS,Masculino,2009-1,2020,Dependiente,Administración pública y defensa; planes de seguridad social de afiliación obligatoria,7,7,,"100,0%",NaN
2102-Universidad Nacional Abierta y a Distancia - UNAD,2776-INGENIERIA DE SISTEMAS,Masculino,2009-1,2020,Dependiente,"Agricultura, ganadería, caza, silvicultura y pesca",1,1,,"100,0%",NaN
2102-Universidad Nacional Abierta y a Distancia - UNAD,2776-INGENIERIA DE SISTEMAS,Masculino,2009-1,2020,Dependiente,Comercio al por mayor y al por menor; reparación de vehículos automotores y motocicletas,1,1,,"100,0%",NaN
2102-Universidad Nacional Abierta y a Distancia - UNAD,2776-INGENIERIA DE SISTEMAS,Masculino,2009-1,2020,Dependiente,"Distribución de agua; evacuación y tratamiento de aguas residuales, gestión de desechos y actividades de saneamiento ambiental",1,1,,"100,0%",NaN
2102-Universidad Nacional Abierta y a Distancia - UNAD,2776-INGENIERIA DE SISTEMAS,Masculino,2009-1,2020,Dependiente,Educación,3,3,,"100,0%",NaN
2102-Universidad Nacional Abierta y a Distancia - UNAD,2776-INGENIERIA DE SISTEMAS,Masculino,2009-1,2020,Dependiente,Industrias manufactureras,1,1,,"100,0%",NaN
2102-Universidad Nacional Abierta y a Distancia - UNAD,2776-INGENIERIA DE SISTEMAS,Masculino,2009-1,2020,Dependiente,Información y comunicaciones,4,4,,"100,0%",NaN
2102-Universidad Nacional Abierta y a Distancia - UNAD,2776-INGENIERIA DE SISTEMAS,Masculino,2009-1,2020,Dependiente,Otras actividades de servicios,4,4,,"100,0%",NaN
2102-Universidad Nacional Abierta y a Distancia - UNAD,2776-INGENIERIA DE SISTEMAS,Masculino,2009-1,2020,Dependiente,"Suministro de electricidad, gas, vapor y aire acondicionado",2,2,,"100,0%",NaN
2102-Universidad Nacional Abierta y a Distancia - UNAD,2776-INGENIERIA DE SISTEMAS,Masculino,2009-1,2020,Dependiente,Transporte y almacenamiento,1,1,,"100,0%",NaN
2102-Universidad Nacional Abierta y a Distancia - UNAD,2776-INGENIERIA DE SISTEMAS,Masculino,2009-1,2020,Independiente,Actividades financieras y de seguros,1,1,,"100,0%",NaN
2102-Universidad Nacional Abierta y a Distancia - UNAD,2776-INGENIERIA DE SISTEMAS,Masculino,2009-1,2020,Independiente,"Actividades profesionales, científicas y técnicas",5,5,,"100,0%",NaN
2102-Universidad Nacional Abierta y a Distancia - UNAD,2776-INGENIERIA DE SISTEMAS,Masculino,2009-1,2020,Independiente,Administración pública y defensa; planes de seguridad social de afiliación obligatoria,4,4,,"100,0%",NaN
2102-Universidad Nacional Abierta y a Distancia - UNAD,2776-INGENIERIA DE SISTEMAS,Masculino,2009-1,2020,Independiente,Industrias manufactureras,1,1,,"100,0%",NaN
2102-Universidad Nacional Abierta y a Distancia - UNAD,2776-INGENIERIA DE SISTEMAS,Masculino,2009-1,2020,Independiente,Información y comunicaciones,4,4,,"100,0%",NaN
2102-Universidad Nacional Abierta y a Distancia - UNAD,2776-INGENIERIA DE SISTEMAS,Masculino,2009-1,2020,Independiente,Otras actividades de servicios,2,2,,"100,0%",NaN
2102-Universidad Nacional Abierta y a Distancia - UNAD,2776-INGENIERIA DE SISTEMAS,Masculino,2009-1,2020,No cotizante,Sin información,14,0,,"0,0%",NaN
2102-Universidad Nacional Abierta y a Distancia - UNAD,2776-INGENIERIA DE SISTEMAS,Masculino,2009-1,2021,Dependiente,"Actividades artísticas, de entretenimiento y recreación",1,1,,"100,0%",NaN
2102-Universidad Nacional Abierta y a Distancia - UNAD,2776-INGENIERIA DE SISTEMAS,Masculino,2009-1,2021,Dependiente,Actividades de atención de la salud humana y de asistencia social,1,1,,"100,0%",NaN
2102-Universidad Nacional Abierta y a Distancia - UNAD,2776-INGENIERIA DE SISTEMAS,Masculino,2009-1,2021,Dependiente,Actividades de los hogares individuales en calidad de empleadores; actividades no diferenciadas de los hogares individuales como productores de bienes y servicios para uso propio,2,2,,"100,0%",NaN
2102-Universidad Nacional Abierta y a Distancia - UNAD,2776-INGENIERIA DE SISTEMAS,Masculino,2009-1,2021,Dependiente,Actividades de organizaciones y entidades extraterritoriales,1,1,,"100,0%",NaN
2102-Universidad Nacional Abierta y a Distancia - UNAD,2776-INGENIERIA DE SISTEMAS,Masculino,2009-1,2021,Dependiente,Actividades de servicios administrativos y de apoyo,3,3,,"100,0%",NaN
2102-Universidad Nacional Abierta y a Distancia - UNAD,2776-INGENIERIA DE SISTEMAS,Masculino,2009-1,2021,Dependiente,Actividades financieras y de seguros,3,3,,"100,0%",NaN
2102-Universidad Nacional Abierta y a Distancia - UNAD,2776-INGENIERIA DE SISTEMAS,Masculino,2009-1,2021,Dependiente,Actividades inmobiliarias,1,1,,"100,0%",NaN
2102-Universidad Nacional Abierta y a Distancia - UNAD,2776-INGENIERIA DE SISTEMAS,Masculino,2009-1,2021,Dependiente,"Actividades profesionales, científicas y técnicas",8,8,,"100,0%",NaN
2102-Universidad Nacional Abierta y a Distancia - UNAD,2776-INGENIERIA DE SISTEMAS,Masculino,2009-1,2021,Dependiente,Administración pública y defensa; planes de seguridad social de afiliación obligatoria,9,9,,"100,0%",NaN
2102-Universidad Nacional Abierta y a Distancia - UNAD,2776-INGENIERIA DE SISTEMAS,Masculino,2009-1,2021,Dependiente,Alojamiento y servicios de comida,1,1,,"100,0%",NaN
2102-Universidad Nacional Abierta y a Distancia - UNAD,2776-INGENIERIA DE SISTEMAS,Masculino,2009-1,2021,Dependiente,Comercio al por mayor y al por menor; reparación de vehículos automotores y motocicletas,3,3,,"100,0%",NaN
2102-Universidad Nacional Abierta y a Distancia - UNAD,2776-INGENIERIA DE SISTEMAS,Masculino,2009-1,2021,Dependiente,Construccion,1,1,,"100,0%",NaN
2102-Universidad Nacional Abierta y a Distancia - UNAD,2776-INGENIERIA DE SISTEMAS,Masculino,2009-1,2021,Dependiente,"Distribución de agua; evacuación y tratamiento de aguas residuales, gestión de desechos y actividades de saneamiento ambiental",1,1,,"100,0%",NaN
2102-Universidad Nacional Abierta y a Distancia - UNAD,2776-INGENIERIA DE SISTEMAS,Masculino,2009-1,2021,Dependiente,Educación,3,3,,"100,0%",NaN
2102-Universidad Nacional Abierta y a Distancia - UNAD,2776-INGENIERIA DE SISTEMAS,Masculino,2009-1,2021,Dependiente,Industrias manufactureras,2,2,,"100,0%",NaN
2102-Universidad Nacional Abierta y a Distancia - UNAD,2776-INGENIERIA DE SISTEMAS,Masculino,2009-1,2021,Dependiente,Información y comunicaciones,3,3,,"100,0%",NaN
2102-Universidad Nacional Abierta y a Distancia - UNAD,2776-INGENIERIA DE SISTEMAS,Masculino,2009-1,2021,Dependiente,Otras actividades de servicios,5,5,,"100,0%",NaN
2102-Universidad Nacional Abierta y a Distancia - UNAD,2776-INGENIERIA DE SISTEMAS,Masculino,2009-1,2021,Dependiente,"Suministro de electricidad, gas, vapor y aire acondicionado",3,3,,"100,0%",NaN
2102-Universidad Nacional Abierta y a Distancia - UNAD,2776-INGENIERIA DE SISTEMAS,Masculino,2009-1,2021,Dependiente,Transporte y almacenamiento,2,2,,"100,0%",NaN
2102-Universidad Nacional Abierta y a Distancia - UNAD,2776-INGENIERIA DE SISTEMAS,Masculino,2009-1,2021,Independiente,Actividades financieras y de seguros,1,1,,"100,0%",NaN
2102-Universidad Nacional Abierta y a Distancia - UNAD,2776-INGENIERIA DE SISTEMAS,Masculino,2009-1,2021,Independiente,"Actividades profesionales, científicas y técnicas",8,8,,"100,0%",NaN
2102-Universidad Nacional Abierta y a Distancia - UNAD,2776-INGENIERIA DE SISTEMAS,Masculino,2009-1,2021,Independiente,Administración pública y defensa; planes de seguridad social de afiliación obligatoria,3,3,,"100,0%",NaN
2102-Universidad Nacional Abierta y a Distancia - UNAD,2776-INGENIERIA DE SISTEMAS,Masculino,2009-1,2021,Independiente,Construccion,1,1,,"100,0%",NaN
2102-Universidad Nacional Abierta y a Distancia - UNAD,2776-INGENIERIA DE SISTEMAS,Masculino,2009-1,2021,Independiente,Información y comunicaciones,1,1,,"100,0%",NaN
2102-Universidad Nacional Abierta y a Distancia - UNAD,2776-INGENIERIA DE SISTEMAS,Masculino,2009-1,2021,No cotizante,Sin información,12,0,,"0,0%",NaN
2102-Universidad Nacional Abierta y a Distancia - UNAD,2776-INGENIERIA DE SISTEMAS,Masculino,2009-1,2022,Dependiente,Actividades de atención de la salud humana y de asistencia social,2,2,,"100,0%",NaN
2102-Universidad Nacional Abierta y a Distancia - UNAD,2776-INGENIERIA DE SISTEMAS,Masculino,2009-1,2022,Dependiente,Actividades de los hogares individuales en calidad de empleadores; actividades no diferenciadas de los hogares individuales como productores de bienes y servicios para uso propio,2,2,,"100,0%",NaN
2102-Universidad Nacional Abierta y a Distancia - UNAD,2776-INGENIERIA DE SISTEMAS,Masculino,2009-1,2022,Dependiente,Actividades de organizaciones y entidades extraterritoriales,1,1,,"100,0%",NaN
2102-Universidad Nacional Abierta y a Distancia - UNAD,2776-INGENIERIA DE SISTEMAS,Masculino,2009-1,2022,Dependiente,Actividades de servicios administrativos y de apoyo,2,2,,"100,0%",NaN
2102-Universidad Nacional Abierta y a Distancia - UNAD,2776-INGENIERIA DE SISTEMAS,Masculino,2009-1,2022,Dependiente,Actividades financieras y de seguros,4,4,,"100,0%",NaN
2102-Universidad Nacional Abierta y a Distancia - UNAD,2776-INGENIERIA DE SISTEMAS,Masculino,2009-1,2022,Dependiente,"Actividades profesionales, científicas y técnicas",7,7,,"100,0%",NaN
2102-Universidad Nacional Abierta y a Distancia - UNAD,2776-INGENIERIA DE SISTEMAS,Masculino,2009-1,2022,Dependiente,Administración pública y defensa; planes de seguridad social de afiliación obligatoria,7,7,,"100,0%",NaN
2102-Universidad Nacional Abierta y a Distancia - UNAD,2776-INGENIERIA DE SISTEMAS,Masculino,2009-1,2022,Dependiente,"Agricultura, ganadería, caza, silvicultura y pesca",1,1,,"100,0%",NaN
2102-Universidad Nacional Abierta y a Distancia - UNAD,2776-INGENIERIA DE SISTEMAS,Masculino,2009-1,2022,Dependiente,Alojamiento y servicios de comida,2,2,,"100,0%",NaN
2102-Universidad Nacional Abierta y a Distancia - UNAD,2776-INGENIERIA DE SISTEMAS,Masculino,2009-1,2022,Dependiente,Comercio al por mayor y al por menor; reparación de vehículos automotores y motocicletas,4,4,,"100,0%",NaN
2102-Universidad Nacional Abierta y a Distancia - UNAD,2776-INGENIERIA DE SISTEMAS,Masculino,2009-1,2022,Dependiente,Construccion,1,1,,"100,0%",NaN
2102-Universidad Nacional Abierta y a Distancia - UNAD,2776-INGENIERIA DE SISTEMAS,Masculino,2009-1,2022,Dependiente,"Distribución de agua; evacuación y tratamiento de aguas residuales, gestión de desechos y actividades de saneamiento ambiental",1,1,,"100,0%",NaN
2102-Universidad Nacional Abierta y a Distancia - UNAD,2776-INGENIERIA DE SISTEMAS,Masculino,2009-1,2022,Dependiente,Educación,2,2,,"100,0%",NaN
2102-Universidad Nacional Abierta y a Distancia - UNAD,2776-INGENIERIA DE SISTEMAS,Masculino,2009-1,2022,Dependiente,Industrias manufactureras,2,2,,"100,0%",NaN
2102-Universidad Nacional Abierta y a Distancia - UNAD,2776-INGENIERIA DE SISTEMAS,Masculino,2009-1,2022,Dependiente,Información y comunicaciones,4,4,,"100,0%",NaN
2102-Universidad Nacional Abierta y a Distancia - UNAD,2776-INGENIERIA DE SISTEMAS,Masculino,2009-1,2022,Dependiente,Otras actividades de servicios,5,5,,"100,0%",NaN
2102-Universidad Nacional Abierta y a Distancia - UNAD,2776-INGENIERIA DE SISTEMAS,Masculino,2009-1,2022,Dependiente,"Suministro de electricidad, gas, vapor y aire acondicionado",1,1,,"100,0%",NaN
2102-Universidad Nacional Abierta y a Distancia - UNAD,2776-INGENIERIA DE SISTEMAS,Masculino,2009-1,2022,Dependiente,Transporte y almacenamiento,2,2,,"100,0%",NaN
2102-Universidad Nacional Abierta y a Distancia - UNAD,2776-INGENIERIA DE SISTEMAS,Masculino,2009-1,2022,Independiente,Actividades financieras y de seguros,1,1,,"100,0%",NaN
2102-Universidad Nacional Abierta y a Distancia - UNAD,2776-INGENIERIA DE SISTEMAS,Masculino,2009-1,2022,Independiente,"Actividades profesionales, científicas y técnicas",5,5,,"100,0%",NaN
2102-Universidad Nacional Abierta y a Distancia - UNAD,2776-INGENIERIA DE SISTEMAS,Masculino,2009-1,2022,Independiente,Administración pública y defensa; planes de seguridad social de afiliación obligatoria,3,3,,"100,0%",NaN
2102-Universidad Nacional Abierta y a Distancia - UNAD,2776-INGENIERIA DE SISTEMAS,Masculino,2009-1,2022,Independiente,Construccion,1,1,,"100,0%",NaN
2102-Universidad Nacional Abierta y a Distancia - UNAD,2776-INGENIERIA DE SISTEMAS,Masculino,2009-1,2022,Independiente,Información y comunicaciones,3,3,,"100,0%",NaN
2102-Universidad Nacional Abierta y a Distancia - UNAD,2776-INGENIERIA DE SISTEMAS,Masculino,2009-1,2022,No cotizante,SIN DATO,13,0,,"0,0%",NaN
2102-Universidad Nacional Abierta y a Distancia - UNAD,2776-INGENIERIA DE SISTEMAS,Masculino,2009-1,2023,Dependiente,"Actividades artísticas, de entretenimiento y recreación",1,1,,"100,0%",NaN
2102-Universidad Nacional Abierta y a Distancia - UNAD,2776-INGENIERIA DE SISTEMAS,Masculino,2009-1,2023,Dependiente,Actividades de atención de la salud humana y de asistencia social,2,2,,"100,0%",NaN
2102-Universidad Nacional Abierta y a Distancia - UNAD,2776-INGENIERIA DE SISTEMAS,Masculino,2009-1,2023,Dependiente,Actividades de organizaciones y entidades extraterritoriales,1,1,,"100,0%",NaN
2102-Universidad Nacional Abierta y a Distancia - UNAD,2776-INGENIERIA DE SISTEMAS,Masculino,2009-1,2023,Dependiente,Actividades de servicios administrativos y de apoyo,5,5,,"100,0%",NaN
2102-Universidad Nacional Abierta y a Distancia - UNAD,2776-INGENIERIA DE SISTEMAS,Masculino,2009-1,2023,Dependiente,Actividades financieras y de seguros,3,3,,"100,0%",NaN
2102-Universidad Nacional Abierta y a Distancia - UNAD,2776-INGENIERIA DE SISTEMAS,Masculino,2009-1,2023,Dependiente,"Actividades profesionales, científicas y técnicas",6,6,,"100,0%",NaN
2102-Universidad Nacional Abierta y a Distancia - UNAD,2776-INGENIERIA DE SISTEMAS,Masculino,2009-1,2023,Dependiente,Administración pública y defensa; planes de seguridad social de afiliación obligatoria,8,8,,"100,0%",NaN
2102-Universidad Nacional Abierta y a Distancia - UNAD,2776-INGENIERIA DE SISTEMAS,Masculino,2009-1,2023,Dependiente,"Agricultura, ganadería, caza, silvicultura y pesca",1,1,,"100,0%",NaN
2102-Universidad Nacional Abierta y a Distancia - UNAD,2776-INGENIERIA DE SISTEMAS,Masculino,2009-1,2023,Dependiente,Comercio al por mayor y al por menor; reparación de vehículos automotores y motocicletas,6,6,,"100,0%",NaN
2102-Universidad Nacional Abierta y a Distancia - UNAD,2776-INGENIERIA DE SISTEMAS,Masculino,2009-1,2023,Dependiente,Construccion,1,1,,"100,0%",NaN
2102-Universidad Nacional Abierta y a Distancia - UNAD,2776-INGENIERIA DE SISTEMAS,Masculino,2009-1,2023,Dependiente,Educación,2,2,,"100,0%",NaN
2102-Universidad Nacional Abierta y a Distancia - UNAD,2776-INGENIERIA DE SISTEMAS,Masculino,2009-1,2023,Dependiente,Explotación de minas y canteras,1,1,,"100,0%",NaN
2102-Universidad Nacional Abierta y a Distancia - UNAD,2776-INGENIERIA DE SISTEMAS,Masculino,2009-1,2023,Dependiente,Industrias manufactureras,2,2,,"100,0%",NaN
2102-Universidad Nacional Abierta y a Distancia - UNAD,2776-INGENIERIA DE SISTEMAS,Masculino,2009-1,2023,Dependiente,Información y comunicaciones,3,3,,"100,0%",NaN
2102-Universidad Nacional Abierta y a Distancia - UNAD,2776-INGENIERIA DE SISTEMAS,Masculino,2009-1,2023,Dependiente,Otras actividades de servicios,3,3,,"100,0%",NaN
2102-Universidad Nacional Abierta y a Distancia - UNAD,2776-INGENIERIA DE SISTEMAS,Masculino,2009-1,2023,Dependiente,"Suministro de electricidad, gas, vapor y aire acondicionado",2,2,,"100,0%",NaN
2102-Universidad Nacional Abierta y a Distancia - UNAD,2776-INGENIERIA DE SISTEMAS,Masculino,2009-1,2023,Dependiente,Transporte y almacenamiento,1,1,,"100,0%",NaN
2102-Universidad Nacional Abierta y a Distancia - UNAD,2776-INGENIERIA DE SISTEMAS,Masculino,2009-1,2023,Independiente,Actividades financieras y de seguros,1,1,,"100,0%",NaN
2102-Universidad Nacional Abierta y a Distancia - UNAD,2776-INGENIERIA DE SISTEMAS,Masculino,2009-1,2023,Independiente,"Actividades profesionales, científicas y técnicas",7,7,,"100,0%",NaN
2102-Universidad Nacional Abierta y a Distancia - UNAD,2776-INGENIERIA DE SISTEMAS,Masculino,2009-1,2023,Independiente,Administración pública y defensa; planes de seguridad social de afiliación obligatoria,3,3,,"100,0%",NaN
2102-Universidad Nacional Abierta y a Distancia - UNAD,2776-INGENIERIA DE SISTEMAS,Masculino,2009-1,2023,Independiente,Construccion,1,1,,"100,0%",NaN
2102-Universidad Nacional Abierta y a Distancia - UNAD,2776-INGENIERIA DE SISTEMAS,Masculino,2009-1,2023,Independiente,Educación,1,1,,"100,0%",NaN
2102-Universidad Nacional Abierta y a Distancia - UNAD,2776-INGENIERIA DE SISTEMAS,Masculino,2009-1,2023,Independiente,Información y comunicaciones,3,3,,"100,0%",NaN
2102-Universidad Nacional Abierta y a Distancia - UNAD,2776-INGENIERIA DE SISTEMAS,Masculino,2009-1,2023,No cotizante,SIN DATO,11,0,,"0,0%",NaN
2102-Universidad Nacional Abierta y a Distancia - UNAD,1681-TECNOLOGIA EN GESTION COMERCIAL Y DE NEGOCIOS,Femenino,2009-1,2016,Dependiente,"Agricultura, ganadería, caza, silvicultura y pesca",1,1,,"100,0%",$689.455
2102-Universidad Nacional Abierta y a Distancia - UNAD,1681-TECNOLOGIA EN GESTION COMERCIAL Y DE NEGOCIOS,Femenino,2009-1,2016,Dependiente,Comercio al por mayor y al por menor; reparación de vehículos automotores y motocicletas,2,2,,"100,0%",$1.117.000
2102-Universidad Nacional Abierta y a Distancia - UNAD,1681-TECNOLOGIA EN GESTION COMERCIAL Y DE NEGOCIOS,Femenino,2009-1,2016,Dependiente,Transporte y almacenamiento,1,1,,"100,0%",$1.307.000
2102-Universidad Nacional Abierta y a Distancia - UNAD,1681-TECNOLOGIA EN GESTION COMERCIAL Y DE NEGOCIOS,Femenino,2009-1,2016,Independiente,"Actividades profesionales, científicas y técnicas",1,1,,"100,0%",NaN
2102-Universidad Nacional Abierta y a Distancia - UNAD,1681-TECNOLOGIA EN GESTION COMERCIAL Y DE NEGOCIOS,Femenino,2009-1,2016,Independiente,Educación,1,1,,"100,0%",NaN
2102-Universidad Nacional Abierta y a Distancia - UNAD,1681-TECNOLOGIA EN GESTION COMERCIAL Y DE NEGOCIOS,Femenino,2009-1,2016,Independiente,Sin información,1,1,,"100,0%",NaN
2102-Universidad Nacional Abierta y a Distancia - UNAD,1681-TECNOLOGIA EN GESTION COMERCIAL Y DE NEGOCIOS,Femenino,2009-1,2016,No cotizante,Sin información,3,0,,"0,0%",NaN
2102-Universidad Nacional Abierta y a Distancia - UNAD,1681-TECNOLOGIA EN GESTION COMERCIAL Y DE NEGOCIOS,Femenino,2009-1,2017,Dependiente,"Actividades artísticas, de entretenimiento y recreación",1,1,,"100,0%",NaN
2102-Universidad Nacional Abierta y a Distancia - UNAD,1681-TECNOLOGIA EN GESTION COMERCIAL Y DE NEGOCIOS,Femenino,2009-1,2017,Dependiente,Actividades de servicios administrativos y de apoyo,1,1,,"100,0%",NaN
2102-Universidad Nacional Abierta y a Distancia - UNAD,1681-TECNOLOGIA EN GESTION COMERCIAL Y DE NEGOCIOS,Femenino,2009-1,2017,Dependiente,Comercio al por mayor y al por menor; reparación de vehículos automotores y motocicletas,1,1,,"100,0%",NaN
2102-Universidad Nacional Abierta y a Distancia - UNAD,1681-TECNOLOGIA EN GESTION COMERCIAL Y DE NEGOCIOS,Femenino,2009-1,2017,Dependiente,Información y comunicaciones,1,1,,"100,0%",NaN
2102-Universidad Nacional Abierta y a Distancia - UNAD,1681-TECNOLOGIA EN GESTION COMERCIAL Y DE NEGOCIOS,Femenino,2009-1,2017,Dependiente,Sin información,1,1,,"100,0%",NaN
2102-Universidad Nacional Abierta y a Distancia - UNAD,1681-TECNOLOGIA EN GESTION COMERCIAL Y DE NEGOCIOS,Femenino,2009-1,2017,Dependiente,Transporte y almacenamiento,1,1,,"100,0%",NaN
2102-Universidad Nacional Abierta y a Distancia - UNAD,1681-TECNOLOGIA EN GESTION COMERCIAL Y DE NEGOCIOS,Femenino,2009-1,2017,Independiente,Sin información,1,1,,"100,0%",NaN
2102-Universidad Nacional Abierta y a Distancia - UNAD,1681-TECNOLOGIA EN GESTION COMERCIAL Y DE NEGOCIOS,Femenino,2009-1,2017,No cotizante,Sin información,2,0,,"0,0%",NaN
2102-Universidad Nacional Abierta y a Distancia - UNAD,1681-TECNOLOGIA EN GESTION COMERCIAL Y DE NEGOCIOS,Femenino,2009-1,2018,Dependiente,Actividades de servicios administrativos y de apoyo,1,1,,"100,0%",NaN
2102-Universidad Nacional Abierta y a Distancia - UNAD,1681-TECNOLOGIA EN GESTION COMERCIAL Y DE NEGOCIOS,Femenino,2009-1,2018,Dependiente,Comercio al por mayor y al por menor; reparación de vehículos automotores y motocicletas,1,1,,"100,0%",NaN
2102-Universidad Nacional Abierta y a Distancia - UNAD,1681-TECNOLOGIA EN GESTION COMERCIAL Y DE NEGOCIOS,Femenino,2009-1,2018,Dependiente,Información y comunicaciones,1,1,,"100,0%",NaN
2102-Universidad Nacional Abierta y a Distancia - UNAD,1681-TECNOLOGIA EN GESTION COMERCIAL Y DE NEGOCIOS,Femenino,2009-1,2018,Dependiente,Sin información,1,1,,"100,0%",NaN
2102-Universidad Nacional Abierta y a Distancia - UNAD,1681-TECNOLOGIA EN GESTION COMERCIAL Y DE NEGOCIOS,Femenino,2009-1,2018,Dependiente,Transporte y almacenamiento,1,1,,"100,0%",NaN
2102-Universidad Nacional Abierta y a Distancia - UNAD,1681-TECNOLOGIA EN GESTION COMERCIAL Y DE NEGOCIOS,Femenino,2009-1,2018,Independiente,Sin información,1,1,,"100,0%",NaN
2102-Universidad Nacional Abierta y a Distancia - UNAD,1681-TECNOLOGIA EN GESTION COMERCIAL Y DE NEGOCIOS,Femenino,2009-1,2018,No cotizante,Sin información,2,0,,"0,0%",NaN
2102-Universidad Nacional Abierta y a Distancia - UNAD,1681-TECNOLOGIA EN GESTION COMERCIAL Y DE NEGOCIOS,Femenino,2009-1,2019,Dependiente,"Actividades artísticas, de entretenimiento y recreación",1,1,,"100,0%",NaN
2102-Universidad Nacional Abierta y a Distancia - UNAD,1681-TECNOLOGIA EN GESTION COMERCIAL Y DE NEGOCIOS,Femenino,2009-1,2019,Dependiente,Actividades de servicios administrativos y de apoyo,2,2,,"100,0%",NaN
2102-Universidad Nacional Abierta y a Distancia - UNAD,1681-TECNOLOGIA EN GESTION COMERCIAL Y DE NEGOCIOS,Femenino,2009-1,2019,Dependiente,Administración pública y defensa; planes de seguridad social de afiliación obligatoria,1,1,,"100,0%",NaN
2102-Universidad Nacional Abierta y a Distancia - UNAD,1681-TECNOLOGIA EN GESTION COMERCIAL Y DE NEGOCIOS,Femenino,2009-1,2019,Dependiente,Comercio al por mayor y al por menor; reparación de vehículos automotores y motocicletas,1,1,,"100,0%",NaN
2102-Universidad Nacional Abierta y a Distancia - UNAD,1681-TECNOLOGIA EN GESTION COMERCIAL Y DE NEGOCIOS,Femenino,2009-1,2019,Dependiente,Información y comunicaciones,1,1,,"100,0%",NaN
2102-Universidad Nacional Abierta y a Distancia - UNAD,1681-TECNOLOGIA EN GESTION COMERCIAL Y DE NEGOCIOS,Femenino,2009-1,2019,No cotizante,Sin información,2,0,,"0,0%",NaN
2102-Universidad Nacional Abierta y a Distancia - UNAD,1681-TECNOLOGIA EN GESTION COMERCIAL Y DE NEGOCIOS,Femenino,2009-1,2020,Dependiente,"Actividades artísticas, de entretenimiento y recreación",1,1,,"100,0%",NaN
2102-Universidad Nacional Abierta y a Distancia - UNAD,1681-TECNOLOGIA EN GESTION COMERCIAL Y DE NEGOCIOS,Femenino,2009-1,2020,Dependiente,Actividades de servicios administrativos y de apoyo,1,1,,"100,0%",NaN
2102-Universidad Nacional Abierta y a Distancia - UNAD,1681-TECNOLOGIA EN GESTION COMERCIAL Y DE NEGOCIOS,Femenino,2009-1,2020,Dependiente,Administración pública y defensa; planes de seguridad social de afiliación obligatoria,1,1,,"100,0%",NaN
2102-Universidad Nacional Abierta y a Distancia - UNAD,1681-TECNOLOGIA EN GESTION COMERCIAL Y DE NEGOCIOS,Femenino,2009-1,2020,Dependiente,Información y comunicaciones,2,2,,"100,0%",NaN
2102-Universidad Nacional Abierta y a Distancia - UNAD,1681-TECNOLOGIA EN GESTION COMERCIAL Y DE NEGOCIOS,Femenino,2009-1,2020,No cotizante,Sin información,3,0,,"0,0%",NaN
2102-Universidad Nacional Abierta y a Distancia - UNAD,1681-TECNOLOGIA EN GESTION COMERCIAL Y DE NEGOCIOS,Femenino,2009-1,2021,Dependiente,"Actividades artísticas, de entretenimiento y recreación",1,1,,"100,0%",NaN
2102-Universidad Nacional Abierta y a Distancia - UNAD,1681-TECNOLOGIA EN GESTION COMERCIAL Y DE NEGOCIOS,Femenino,2009-1,2021,Dependiente,Actividades financieras y de seguros,1,1,,"100,0%",NaN
2102-Universidad Nacional Abierta y a Distancia - UNAD,1681-TECNOLOGIA EN GESTION COMERCIAL Y DE NEGOCIOS,Femenino,2009-1,2021,Dependiente,"Actividades profesionales, científicas y técnicas",1,1,,"100,0%",NaN
2102-Universidad Nacional Abierta y a Distancia - UNAD,1681-TECNOLOGIA EN GESTION COMERCIAL Y DE NEGOCIOS,Femenino,2009-1,2021,Dependiente,Administración pública y defensa; planes de seguridad social de afiliación obligatoria,1,1,,"100,0%",NaN
2102-Universidad Nacional Abierta y a Distancia - UNAD,1681-TECNOLOGIA EN GESTION COMERCIAL Y DE NEGOCIOS,Femenino,2009-1,2021,No cotizante,Sin información,3,0,,"0,0%",NaN
2102-Universidad Nacional Abierta y a Distancia - UNAD,1681-TECNOLOGIA EN GESTION COMERCIAL Y DE NEGOCIOS,Femenino,2009-1,2022,Dependiente,"Actividades artísticas, de entretenimiento y recreación",1,1,,"100,0%",NaN
2102-Universidad Nacional Abierta y a Distancia - UNAD,1681-TECNOLOGIA EN GESTION COMERCIAL Y DE NEGOCIOS,Femenino,2009-1,2022,Dependiente,"Actividades profesionales, científicas y técnicas",1,1,,"100,0%",NaN
2102-Universidad Nacional Abierta y a Distancia - UNAD,1681-TECNOLOGIA EN GESTION COMERCIAL Y DE NEGOCIOS,Femenino,2009-1,2022,Dependiente,Administración pública y defensa; planes de seguridad social de afiliación obligatoria,1,1,,"100,0%",NaN
2102-Universidad Nacional Abierta y a Distancia - UNAD,1681-TECNOLOGIA EN GESTION COMERCIAL Y DE NEGOCIOS,Femenino,2009-1,2022,Dependiente,Alojamiento y servicios de comida,1,1,,"100,0%",NaN
2102-Universidad Nacional Abierta y a Distancia - UNAD,1681-TECNOLOGIA EN GESTION COMERCIAL Y DE NEGOCIOS,Femenino,2009-1,2022,No cotizante,SIN DATO,3,0,,"0,0%",NaN
2102-Universidad Nacional Abierta y a Distancia - UNAD,1681-TECNOLOGIA EN GESTION COMERCIAL Y DE NEGOCIOS,Femenino,2009-1,2023,Dependiente,"Actividades artísticas, de entretenimiento y recreación",1,1,,"100,0%",NaN
2102-Universidad Nacional Abierta y a Distancia - UNAD,1681-TECNOLOGIA EN GESTION COMERCIAL Y DE NEGOCIOS,Femenino,2009-1,2023,Dependiente,"Actividades profesionales, científicas y técnicas",1,1,,"100,0%",NaN
2102-Universidad Nacional Abierta y a Distancia - UNAD,1681-TECNOLOGIA EN GESTION COMERCIAL Y DE NEGOCIOS,Femenino,2009-1,2023,Dependiente,Administración pública y defensa; planes de seguridad social de afiliación obligatoria,1,1,,"100,0%",NaN
2102-Universidad Nacional Abierta y a Distancia - UNAD,1681-TECNOLOGIA EN GESTION COMERCIAL Y DE NEGOCIOS,Femenino,2009-1,2023,Independiente,Comercio al por mayor y al por menor; reparación de vehículos automotores y motocicletas,1,1,,"100,0%",NaN
2102-Universidad Nacional Abierta y a Distancia - UNAD,1681-TECNOLOGIA EN GESTION COMERCIAL Y DE NEGOCIOS,Femenino,2009-1,2023,No cotizante,SIN DATO,3,0,,"0,0%",NaN
2102-Universidad Nacional Abierta y a Distancia - UNAD,1681-TECNOLOGIA EN GESTION COMERCIAL Y DE NEGOCIOS,Masculino,2009-1,2016,Dependiente,Actividades de atención de la salud humana y de asistencia social,1,1,,"100,0%",$2.000.000
2102-Universidad Nacional Abierta y a Distancia - UNAD,1681-TECNOLOGIA EN GESTION COMERCIAL Y DE NEGOCIOS,Masculino,2009-1,2016,Dependiente,Administración pública y defensa; planes de seguridad social de afiliación obligatoria,1,1,,"100,0%",$1.504.000
2102-Universidad Nacional Abierta y a Distancia - UNAD,1681-TECNOLOGIA EN GESTION COMERCIAL Y DE NEGOCIOS,Masculino,2009-1,2016,Dependiente,Comercio al por mayor y al por menor; reparación de vehículos automotores y motocicletas,1,1,,"100,0%",$689.455
2102-Universidad Nacional Abierta y a Distancia - UNAD,1681-TECNOLOGIA EN GESTION COMERCIAL Y DE NEGOCIOS,Masculino,2009-1,2016,No cotizante,Sin información,1,0,,"0,0%",NaN
2102-Universidad Nacional Abierta y a Distancia - UNAD,1681-TECNOLOGIA EN GESTION COMERCIAL Y DE NEGOCIOS,Masculino,2009-1,2017,Dependiente,Actividades de atención de la salud humana y de asistencia social,1,1,,"100,0%",NaN
2102-Universidad Nacional Abierta y a Distancia - UNAD,1681-TECNOLOGIA EN GESTION COMERCIAL Y DE NEGOCIOS,Masculino,2009-1,2017,Dependiente,"Actividades profesionales, científicas y técnicas",1,1,,"100,0%",NaN
2102-Universidad Nacional Abierta y a Distancia - UNAD,1681-TECNOLOGIA EN GESTION COMERCIAL Y DE NEGOCIOS,Masculino,2009-1,2017,Dependiente,Sin información,1,1,,"100,0%",NaN
2102-Universidad Nacional Abierta y a Distancia - UNAD,1681-TECNOLOGIA EN GESTION COMERCIAL Y DE NEGOCIOS,Masculino,2009-1,2017,No cotizante,Sin información,1,0,,"0,0%",NaN
2102-Universidad Nacional Abierta y a Distancia - UNAD,1681-TECNOLOGIA EN GESTION COMERCIAL Y DE NEGOCIOS,Masculino,2009-1,2018,Dependiente,Actividades de atención de la salud humana y de asistencia social,1,1,,"100,0%",NaN
2102-Universidad Nacional Abierta y a Distancia - UNAD,1681-TECNOLOGIA EN GESTION COMERCIAL Y DE NEGOCIOS,Masculino,2009-1,2018,Dependiente,"Actividades profesionales, científicas y técnicas",1,1,,"100,0%",NaN
2102-Universidad Nacional Abierta y a Distancia - UNAD,1681-TECNOLOGIA EN GESTION COMERCIAL Y DE NEGOCIOS,Masculino,2009-1,2018,Dependiente,Sin información,1,1,,"100,0%",NaN
2102-Universidad Nacional Abierta y a Distancia - UNAD,1681-TECNOLOGIA EN GESTION COMERCIAL Y DE NEGOCIOS,Masculino,2009-1,2018,No cotizante,Sin información,1,0,,"0,0%",NaN
2102-Universidad Nacional Abierta y a Distancia - UNAD,1681-TECNOLOGIA EN GESTION COMERCIAL Y DE NEGOCIOS,Masculino,2009-1,2019,Dependiente,Actividades de atención de la salud humana y de asistencia social,1,1,,"100,0%",NaN
2102-Universidad Nacional Abierta y a Distancia - UNAD,1681-TECNOLOGIA EN GESTION COMERCIAL Y DE NEGOCIOS,Masculino,2009-1,2019,Dependiente,"Actividades profesionales, científicas y técnicas",1,1,,"100,0%",NaN
2102-Universidad Nacional Abierta y a Distancia - UNAD,1681-TECNOLOGIA EN GESTION COMERCIAL Y DE NEGOCIOS,Masculino,2009-1,2019,Dependiente,Sin información,1,1,,"100,0%",NaN
2102-Universidad Nacional Abierta y a Distancia - UNAD,1681-TECNOLOGIA EN GESTION COMERCIAL Y DE NEGOCIOS,Masculino,2009-1,2019,No cotizante,Sin información,1,0,,"0,0%",NaN
2102-Universidad Nacional Abierta y a Distancia - UNAD,1681-TECNOLOGIA EN GESTION COMERCIAL Y DE NEGOCIOS,Masculino,2009-1,2020,Dependiente,Actividades de atención de la salud humana y de asistencia social,1,1,,"100,0%",NaN
2102-Universidad Nacional Abierta y a Distancia - UNAD,1681-TECNOLOGIA EN GESTION COMERCIAL Y DE NEGOCIOS,Masculino,2009-1,2020,Dependiente,"Actividades profesionales, científicas y técnicas",1,1,,"100,0%",NaN
2102-Universidad Nacional Abierta y a Distancia - UNAD,1681-TECNOLOGIA EN GESTION COMERCIAL Y DE NEGOCIOS,Masculino,2009-1,2020,Dependiente,Administración pública y defensa; planes de seguridad social de afiliación obligatoria,1,1,,"100,0%",NaN
2102-Universidad Nacional Abierta y a Distancia - UNAD,1681-TECNOLOGIA EN GESTION COMERCIAL Y DE NEGOCIOS,Masculino,2009-1,2020,No cotizante,Sin información,1,0,,"0,0%",NaN
2102-Universidad Nacional Abierta y a Distancia - UNAD,1681-TECNOLOGIA EN GESTION COMERCIAL Y DE NEGOCIOS,Masculino,2009-1,2021,Dependiente,Actividades financieras y de seguros,1,1,,"100,0%",NaN
2102-Universidad Nacional Abierta y a Distancia - UNAD,1681-TECNOLOGIA EN GESTION COMERCIAL Y DE NEGOCIOS,Masculino,2009-1,2021,Dependiente,"Actividades profesionales, científicas y técnicas",1,1,,"100,0%",NaN
2102-Universidad Nacional Abierta y a Distancia - UNAD,1681-TECNOLOGIA EN GESTION COMERCIAL Y DE NEGOCIOS,Masculino,2009-1,2021,Dependiente,Administración pública y defensa; planes de seguridad social de afiliación obligatoria,1,1,,"100,0%",NaN
2102-Universidad Nacional Abierta y a Distancia - UNAD,1681-TECNOLOGIA EN GESTION COMERCIAL Y DE NEGOCIOS,Masculino,2009-1,2021,No cotizante,Sin información,1,0,,"0,0%",NaN
2102-Universidad Nacional Abierta y a Distancia - UNAD,1681-TECNOLOGIA EN GESTION COMERCIAL Y DE NEGOCIOS,Masculino,2009-1,2022,Dependiente,Actividades financieras y de seguros,1,1,,"100,0%",NaN
2102-Universidad Nacional Abierta y a Distancia - UNAD,1681-TECNOLOGIA EN GESTION COMERCIAL Y DE NEGOCIOS,Masculino,2009-1,2022,Dependiente,Administración pública y defensa; planes de seguridad social de afiliación obligatoria,1,1,,"100,0%",NaN
2102-Universidad Nacional Abierta y a Distancia - UNAD,1681-TECNOLOGIA EN GESTION COMERCIAL Y DE NEGOCIOS,Masculino,2009-1,2022,Dependiente,Comercio al por mayor y al por menor; reparación de vehículos automotores y motocicletas,1,1,,"100,0%",NaN
2102-Universidad Nacional Abierta y a Distancia - UNAD,1681-TECNOLOGIA EN GESTION COMERCIAL Y DE NEGOCIOS,Masculino,2009-1,2022,No cotizante,SIN DATO,1,0,,"0,0%",NaN
2102-Universidad Nacional Abierta y a Distancia - UNAD,1681-TECNOLOGIA EN GESTION COMERCIAL Y DE NEGOCIOS,Masculino,2009-1,2023,Dependiente,Actividades financieras y de seguros,2,2,,"100,0%",NaN
2102-Universidad Nacional Abierta y a Distancia - UNAD,1681-TECNOLOGIA EN GESTION COMERCIAL Y DE NEGOCIOS,Masculino,2009-1,2023,Dependiente,"Actividades profesionales, científicas y técnicas",1,1,,"100,0%",NaN
2102-Universidad Nacional Abierta y a Distancia - UNAD,1681-TECNOLOGIA EN GESTION COMERCIAL Y DE NEGOCIOS,Masculino,2009-1,2023,No cotizante,SIN DATO,1,0,,"0,0%",NaN
1710-Universidad Pontificia Bolivariana,11167-ESPECIALIZACION EN PERIODISMO ELECTRONICO,Femenino,2009-1,2016,Dependiente,Sin información,2,2,,"100,0%",$4.050.500
1710-Universidad Pontificia Bolivariana,11167-ESPECIALIZACION EN PERIODISMO ELECTRONICO,Femenino,2009-1,2016,Independiente,Sin información,1,1,,"100,0%",NaN
1710-Universidad Pontificia Bolivariana,11167-ESPECIALIZACION EN PERIODISMO ELECTRONICO,Femenino,2009-1,2017,Dependiente,Sin información,2,2,,"100,0%",NaN
1710-Universidad Pontificia Bolivariana,11167-ESPECIALIZACION EN PERIODISMO ELECTRONICO,Femenino,2009-1,2017,Independiente,Sin información,1,1,,"100,0%",NaN
1710-Universidad Pontificia Bolivariana,11167-ESPECIALIZACION EN PERIODISMO ELECTRONICO,Femenino,2009-1,2018,Dependiente,Actividades de servicios administrativos y de apoyo,1,1,,"100,0%",NaN
1710-Universidad Pontificia Bolivariana,11167-ESPECIALIZACION EN PERIODISMO ELECTRONICO,Femenino,2009-1,2018,Dependiente,Sin información,1,1,,"100,0%",NaN
1710-Universidad Pontificia Bolivariana,11167-ESPECIALIZACION EN PERIODISMO ELECTRONICO,Femenino,2009-1,2018,Independiente,Sin información,1,1,,"100,0%",NaN
1710-Universidad Pontificia Bolivariana,11167-ESPECIALIZACION EN PERIODISMO ELECTRONICO,Femenino,2009-1,2019,Dependiente,Sin información,1,1,,"100,0%",NaN
1710-Universidad Pontificia Bolivariana,11167-ESPECIALIZACION EN PERIODISMO ELECTRONICO,Femenino,2009-1,2019,Independiente,"Actividades profesionales, científicas y técnicas",1,1,,"100,0%",NaN
1710-Universidad Pontificia Bolivariana,11167-ESPECIALIZACION EN PERIODISMO ELECTRONICO,Femenino,2009-1,2019,Independiente,Otras actividades de servicios,1,1,,"100,0%",NaN
1710-Universidad Pontificia Bolivariana,11167-ESPECIALIZACION EN PERIODISMO ELECTRONICO,Femenino,2009-1,2020,Dependiente,Otras actividades de servicios,1,1,,"100,0%",NaN
1710-Universidad Pontificia Bolivariana,11167-ESPECIALIZACION EN PERIODISMO ELECTRONICO,Femenino,2009-1,2020,Independiente,"Actividades profesionales, científicas y técnicas",1,1,,"100,0%",NaN
1710-Universidad Pontificia Bolivariana,11167-ESPECIALIZACION EN PERIODISMO ELECTRONICO,Femenino,2009-1,2020,Independiente,Otras actividades de servicios,1,1,,"100,0%",NaN
1710-Universidad Pontificia Bolivariana,11167-ESPECIALIZACION EN PERIODISMO ELECTRONICO,Femenino,2009-1,2021,Dependiente,Otras actividades de servicios,1,1,,"100,0%",NaN
1710-Universidad Pontificia Bolivariana,11167-ESPECIALIZACION EN PERIODISMO ELECTRONICO,Femenino,2009-1,2021,Independiente,Otras actividades de servicios,2,2,,"100,0%",NaN
1710-Universidad Pontificia Bolivariana,11167-ESPECIALIZACION EN PERIODISMO ELECTRONICO,Femenino,2009-1,2022,Dependiente,Otras actividades de servicios,1,1,,"100,0%",NaN
1710-Universidad Pontificia Bolivariana,11167-ESPECIALIZACION EN PERIODISMO ELECTRONICO,Femenino,2009-1,2022,Independiente,"Actividades profesionales, científicas y técnicas",1,1,,"100,0%",NaN
1710-Universidad Pontificia Bolivariana,11167-ESPECIALIZACION EN PERIODISMO ELECTRONICO,Femenino,2009-1,2022,Independiente,Otras actividades de servicios,1,1,,"100,0%",NaN
1710-Universidad Pontificia Bolivariana,11167-ESPECIALIZACION EN PERIODISMO ELECTRONICO,Femenino,2009-1,2023,Dependiente,Otras actividades de servicios,1,1,,"100,0%",NaN
1710-Universidad Pontificia Bolivariana,11167-ESPECIALIZACION EN PERIODISMO ELECTRONICO,Femenino,2009-1,2023,Independiente,"Actividades profesionales, científicas y técnicas",1,1,,"100,0%",NaN
1710-Universidad Pontificia Bolivariana,11167-ESPECIALIZACION EN PERIODISMO ELECTRONICO,Femenino,2009-1,2023,Independiente,Otras actividades de servicios,1,1,,"100,0%",NaN
1710-Universidad Pontificia Bolivariana,11167-ESPECIALIZACION EN PERIODISMO ELECTRONICO,Masculino,2009-1,2016,Dependiente,Transporte y almacenamiento,1,1,,"100,0%",$4.279.000
1710-Universidad Pontificia Bolivariana,11167-ESPECIALIZACION EN PERIODISMO ELECTRONICO,Masculino,2009-1,2016,Independiente,Sin información,1,1,,"100,0%",NaN
1710-Universidad Pontificia Bolivariana,11167-ESPECIALIZACION EN PERIODISMO ELECTRONICO,Masculino,2009-1,2017,Dependiente,Información y comunicaciones,1,1,,"100,0%",NaN
1710-Universidad Pontificia Bolivariana,11167-ESPECIALIZACION EN PERIODISMO ELECTRONICO,Masculino,2009-1,2017,Independiente,Sin información,1,1,,"100,0%",NaN
1710-Universidad Pontificia Bolivariana,11167-ESPECIALIZACION EN PERIODISMO ELECTRONICO,Masculino,2009-1,2018,Dependiente,Información y comunicaciones,1,1,,"100,0%",NaN
1710-Universidad Pontificia Bolivariana,11167-ESPECIALIZACION EN PERIODISMO ELECTRONICO,Masculino,2009-1,2019,Dependiente,Información y comunicaciones,1,1,,"100,0%",NaN
1710-Universidad Pontificia Bolivariana,11167-ESPECIALIZACION EN PERIODISMO ELECTRONICO,Masculino,2009-1,2020,Dependiente,Información y comunicaciones,1,1,,"100,0%",NaN
1710-Universidad Pontificia Bolivariana,11167-ESPECIALIZACION EN PERIODISMO ELECTRONICO,Masculino,2009-1,2021,Dependiente,Información y comunicaciones,1,1,,"100,0%",NaN
1710-Universidad Pontificia Bolivariana,11167-ESPECIALIZACION EN PERIODISMO ELECTRONICO,Masculino,2009-1,2022,Dependiente,Información y comunicaciones,1,1,,"100,0%",NaN
1710-Universidad Pontificia Bolivariana,11167-ESPECIALIZACION EN PERIODISMO ELECTRONICO,Masculino,2009-1,2023,Dependiente,Información y comunicaciones,1,1,,"100,0%",NaN
1723-Universidad Pontificia Bolivariana,52396-ESPECIALIZACION EN SEGURIDAD INFORMATICA,Masculino,2009-1,2020,Dependiente,Actividades de atención de la salud humana y de asistencia social,1,1,,"100,0%",NaN
1723-Universidad Pontificia Bolivariana,52396-ESPECIALIZACION EN SEGURIDAD INFORMATICA,Masculino,2009-1,2020,No cotizante,Sin información,2,0,,"0,0%",NaN
1832-Universidad Tecnológica de Bolívar,103911-CONTADURIA PUBLICA,Femenino,2009-1,2017,Dependiente,Comercio al por mayor y al por menor; reparación de vehículos automotores y motocicletas,1,1,,"100,0%",NaN
1832-Universidad Tecnológica de Bolívar,103911-CONTADURIA PUBLICA,Femenino,2009-1,2018,Dependiente,Transporte y almacenamiento,1,1,,"100,0%",NaN
1832-Universidad Tecnológica de Bolívar,103911-CONTADURIA PUBLICA,Femenino,2009-1,2019,Dependiente,Actividades de servicios administrativos y de apoyo,1,1,,"100,0%",NaN
1832-Universidad Tecnológica de Bolívar,103911-CONTADURIA PUBLICA,Femenino,2009-1,2020,Dependiente,Actividades de servicios administrativos y de apoyo,1,1,,"100,0%",NaN
1832-Universidad Tecnológica de Bolívar,103911-CONTADURIA PUBLICA,Femenino,2009-1,2021,Dependiente,Actividades de servicios administrativos y de apoyo,1,1,,"100,0%",NaN
1832-Universidad Tecnológica de Bolívar,103911-CONTADURIA PUBLICA,Femenino,2009-1,2022,Dependiente,Actividades de servicios administrativos y de apoyo,1,1,,"100,0%",NaN
1832-Universidad Tecnológica de Bolívar,103911-CONTADURIA PUBLICA,Femenino,2009-1,2023,Dependiente,Actividades de servicios administrativos y de apoyo,1,1,,"100,0%",NaN
1212-Universidad de Pamplona,11411-ESPECIALIZACION EN GESTION DE PROYECTOS INFORMATICOS,Femenino,2009-1,2016,Dependiente,"Actividades profesionales, científicas y técnicas",15,15,,"100,0%",$2.547.467
1212-Universidad de Pamplona,11411-ESPECIALIZACION EN GESTION DE PROYECTOS INFORMATICOS,Femenino,2009-1,2016,Dependiente,Administración pública y defensa; planes de seguridad social de afiliación obligatoria,38,38,,"100,0%",$3.063.368
1212-Universidad de Pamplona,11411-ESPECIALIZACION EN GESTION DE PROYECTOS INFORMATICOS,Femenino,2009-1,2016,Dependiente,Construccion,1,1,,"100,0%",$1.673.000
1212-Universidad de Pamplona,11411-ESPECIALIZACION EN GESTION DE PROYECTOS INFORMATICOS,Femenino,2009-1,2016,Dependiente,Educación,1,1,,"100,0%",$1.801.000
1212-Universidad de Pamplona,11411-ESPECIALIZACION EN GESTION DE PROYECTOS INFORMATICOS,Femenino,2009-1,2016,Independiente,Otras actividades de servicios,2,2,,"100,0%",NaN
1212-Universidad de Pamplona,11411-ESPECIALIZACION EN GESTION DE PROYECTOS INFORMATICOS,Femenino,2009-1,2016,No cotizante,Sin información,6,0,,"0,0%",NaN
1212-Universidad de Pamplona,11411-ESPECIALIZACION EN GESTION DE PROYECTOS INFORMATICOS,Femenino,2009-1,2017,Dependiente,"Actividades profesionales, científicas y técnicas",49,49,,"100,0%",NaN
1212-Universidad de Pamplona,11411-ESPECIALIZACION EN GESTION DE PROYECTOS INFORMATICOS,Femenino,2009-1,2017,Dependiente,Administración pública y defensa; planes de seguridad social de afiliación obligatoria,5,5,,"100,0%",NaN
1212-Universidad de Pamplona,11411-ESPECIALIZACION EN GESTION DE PROYECTOS INFORMATICOS,Femenino,2009-1,2017,Dependiente,Comercio al por mayor y al por menor; reparación de vehículos automotores y motocicletas,1,1,,"100,0%",NaN
1212-Universidad de Pamplona,11411-ESPECIALIZACION EN GESTION DE PROYECTOS INFORMATICOS,Femenino,2009-1,2017,Independiente,Otras actividades de servicios,2,2,,"100,0%",NaN
1212-Universidad de Pamplona,11411-ESPECIALIZACION EN GESTION DE PROYECTOS INFORMATICOS,Femenino,2009-1,2017,No cotizante,Sin información,6,0,,"0,0%",NaN
1212-Universidad de Pamplona,11411-ESPECIALIZACION EN GESTION DE PROYECTOS INFORMATICOS,Femenino,2009-1,2018,Dependiente,Actividades de organizaciones y entidades extraterritoriales,6,6,,"100,0%",NaN
1212-Universidad de Pamplona,11411-ESPECIALIZACION EN GESTION DE PROYECTOS INFORMATICOS,Femenino,2009-1,2018,Dependiente,"Actividades profesionales, científicas y técnicas",43,43,,"100,0%",NaN
1212-Universidad de Pamplona,11411-ESPECIALIZACION EN GESTION DE PROYECTOS INFORMATICOS,Femenino,2009-1,2018,Dependiente,Administración pública y defensa; planes de seguridad social de afiliación obligatoria,2,2,,"100,0%",NaN
1212-Universidad de Pamplona,11411-ESPECIALIZACION EN GESTION DE PROYECTOS INFORMATICOS,Femenino,2009-1,2018,Dependiente,Comercio al por mayor y al por menor; reparación de vehículos automotores y motocicletas,1,1,,"100,0%",NaN
1212-Universidad de Pamplona,11411-ESPECIALIZACION EN GESTION DE PROYECTOS INFORMATICOS,Femenino,2009-1,2018,Dependiente,Sin información,7,7,,"100,0%",NaN
1212-Universidad de Pamplona,11411-ESPECIALIZACION EN GESTION DE PROYECTOS INFORMATICOS,Femenino,2009-1,2018,Independiente,Otras actividades de servicios,2,2,,"100,0%",NaN
1212-Universidad de Pamplona,11411-ESPECIALIZACION EN GESTION DE PROYECTOS INFORMATICOS,Femenino,2009-1,2018,No cotizante,Sin información,1,0,,"0,0%",NaN
1212-Universidad de Pamplona,11411-ESPECIALIZACION EN GESTION DE PROYECTOS INFORMATICOS,Femenino,2009-1,2019,Dependiente,"Actividades profesionales, científicas y técnicas",37,37,,"100,0%",NaN
1212-Universidad de Pamplona,11411-ESPECIALIZACION EN GESTION DE PROYECTOS INFORMATICOS,Femenino,2009-1,2019,Dependiente,Administración pública y defensa; planes de seguridad social de afiliación obligatoria,15,15,,"100,0%",NaN
1212-Universidad de Pamplona,11411-ESPECIALIZACION EN GESTION DE PROYECTOS INFORMATICOS,Femenino,2009-1,2019,Dependiente,Comercio al por mayor y al por menor; reparación de vehículos automotores y motocicletas,1,1,,"100,0%",NaN
1212-Universidad de Pamplona,11411-ESPECIALIZACION EN GESTION DE PROYECTOS INFORMATICOS,Femenino,2009-1,2019,Dependiente,Sin información,4,4,,"100,0%",NaN
1212-Universidad de Pamplona,11411-ESPECIALIZACION EN GESTION DE PROYECTOS INFORMATICOS,Femenino,2009-1,2019,Independiente,Otras actividades de servicios,2,2,,"100,0%",NaN
1212-Universidad de Pamplona,11411-ESPECIALIZACION EN GESTION DE PROYECTOS INFORMATICOS,Femenino,2009-1,2019,No cotizante,Sin información,3,0,,"0,0%",NaN
1212-Universidad de Pamplona,11411-ESPECIALIZACION EN GESTION DE PROYECTOS INFORMATICOS,Femenino,2009-1,2020,Dependiente,"Actividades profesionales, científicas y técnicas",16,16,,"100,0%",NaN
1212-Universidad de Pamplona,11411-ESPECIALIZACION EN GESTION DE PROYECTOS INFORMATICOS,Femenino,2009-1,2020,Dependiente,Administración pública y defensa; planes de seguridad social de afiliación obligatoria,33,33,,"100,0%",NaN
1212-Universidad de Pamplona,11411-ESPECIALIZACION EN GESTION DE PROYECTOS INFORMATICOS,Femenino,2009-1,2020,Dependiente,Comercio al por mayor y al por menor; reparación de vehículos automotores y motocicletas,1,1,,"100,0%",NaN
1212-Universidad de Pamplona,11411-ESPECIALIZACION EN GESTION DE PROYECTOS INFORMATICOS,Femenino,2009-1,2020,Dependiente,Otras actividades de servicios,1,1,,"100,0%",NaN
1212-Universidad de Pamplona,11411-ESPECIALIZACION EN GESTION DE PROYECTOS INFORMATICOS,Femenino,2009-1,2020,Independiente,Otras actividades de servicios,2,2,,"100,0%",NaN
1212-Universidad de Pamplona,11411-ESPECIALIZACION EN GESTION DE PROYECTOS INFORMATICOS,Femenino,2009-1,2020,No cotizante,Sin información,9,0,,"0,0%",NaN
1212-Universidad de Pamplona,11411-ESPECIALIZACION EN GESTION DE PROYECTOS INFORMATICOS,Femenino,2009-1,2021,Dependiente,"Actividades profesionales, científicas y técnicas",16,16,,"100,0%",NaN
1212-Universidad de Pamplona,11411-ESPECIALIZACION EN GESTION DE PROYECTOS INFORMATICOS,Femenino,2009-1,2021,Dependiente,Administración pública y defensa; planes de seguridad social de afiliación obligatoria,32,32,,"100,0%",NaN
1212-Universidad de Pamplona,11411-ESPECIALIZACION EN GESTION DE PROYECTOS INFORMATICOS,Femenino,2009-1,2021,Dependiente,Comercio al por mayor y al por menor; reparación de vehículos automotores y motocicletas,1,1,,"100,0%",NaN
1212-Universidad de Pamplona,11411-ESPECIALIZACION EN GESTION DE PROYECTOS INFORMATICOS,Femenino,2009-1,2021,Independiente,Otras actividades de servicios,2,2,,"100,0%",NaN
1212-Universidad de Pamplona,11411-ESPECIALIZACION EN GESTION DE PROYECTOS INFORMATICOS,Femenino,2009-1,2021,No cotizante,Sin información,9,0,,"0,0%",NaN
1212-Universidad de Pamplona,11411-ESPECIALIZACION EN GESTION DE PROYECTOS INFORMATICOS,Femenino,2009-1,2022,Dependiente,Actividades de servicios administrativos y de apoyo,28,28,,"100,0%",NaN
1212-Universidad de Pamplona,11411-ESPECIALIZACION EN GESTION DE PROYECTOS INFORMATICOS,Femenino,2009-1,2022,Dependiente,"Actividades profesionales, científicas y técnicas",16,16,,"100,0%",NaN
1212-Universidad de Pamplona,11411-ESPECIALIZACION EN GESTION DE PROYECTOS INFORMATICOS,Femenino,2009-1,2022,Dependiente,Administración pública y defensa; planes de seguridad social de afiliación obligatoria,2,2,,"100,0%",NaN
1212-Universidad de Pamplona,11411-ESPECIALIZACION EN GESTION DE PROYECTOS INFORMATICOS,Femenino,2009-1,2022,Dependiente,Comercio al por mayor y al por menor; reparación de vehículos automotores y motocicletas,1,1,,"100,0%",NaN
1212-Universidad de Pamplona,11411-ESPECIALIZACION EN GESTION DE PROYECTOS INFORMATICOS,Femenino,2009-1,2022,Independiente,Educación,2,2,,"100,0%",NaN
1212-Universidad de Pamplona,11411-ESPECIALIZACION EN GESTION DE PROYECTOS INFORMATICOS,Femenino,2009-1,2022,No cotizante,SIN DATO,11,0,,"0,0%",NaN
1212-Universidad de Pamplona,11411-ESPECIALIZACION EN GESTION DE PROYECTOS INFORMATICOS,Femenino,2009-1,2023,Dependiente,"Actividades profesionales, científicas y técnicas",16,16,,"100,0%",NaN
1212-Universidad de Pamplona,11411-ESPECIALIZACION EN GESTION DE PROYECTOS INFORMATICOS,Femenino,2009-1,2023,Dependiente,Administración pública y defensa; planes de seguridad social de afiliación obligatoria,29,29,,"100,0%",NaN
1212-Universidad de Pamplona,11411-ESPECIALIZACION EN GESTION DE PROYECTOS INFORMATICOS,Femenino,2009-1,2023,Dependiente,Comercio al por mayor y al por menor; reparación de vehículos automotores y motocicletas,1,1,,"100,0%",NaN
1212-Universidad de Pamplona,11411-ESPECIALIZACION EN GESTION DE PROYECTOS INFORMATICOS,Femenino,2009-1,2023,Independiente,Otras actividades de servicios,2,2,,"100,0%",NaN
1212-Universidad de Pamplona,11411-ESPECIALIZACION EN GESTION DE PROYECTOS INFORMATICOS,Femenino,2009-1,2023,No cotizante,SIN DATO,11,0,,"0,0%",NaN
1212-Universidad de Pamplona,11411-ESPECIALIZACION EN GESTION DE PROYECTOS INFORMATICOS,Masculino,2009-1,2016,Dependiente,"Actividades profesionales, científicas y técnicas",7,7,,"100,0%",$2.968.143
1212-Universidad de Pamplona,11411-ESPECIALIZACION EN GESTION DE PROYECTOS INFORMATICOS,Masculino,2009-1,2016,Dependiente,Administración pública y defensa; planes de seguridad social de afiliación obligatoria,8,8,,"100,0%",$3.144.000
1212-Universidad de Pamplona,11411-ESPECIALIZACION EN GESTION DE PROYECTOS INFORMATICOS,Masculino,2009-1,2016,Dependiente,Educación,1,1,,"100,0%",$3.183.000
1212-Universidad de Pamplona,11411-ESPECIALIZACION EN GESTION DE PROYECTOS INFORMATICOS,Masculino,2009-1,2016,Dependiente,Sin información,1,1,,"100,0%",$6.116.288
1212-Universidad de Pamplona,11411-ESPECIALIZACION EN GESTION DE PROYECTOS INFORMATICOS,Masculino,2009-1,2016,No cotizante,Sin información,2,0,,"0,0%",NaN
1212-Universidad de Pamplona,11411-ESPECIALIZACION EN GESTION DE PROYECTOS INFORMATICOS,Masculino,2009-1,2017,Dependiente,"Actividades profesionales, científicas y técnicas",14,14,,"100,0%",NaN
1212-Universidad de Pamplona,11411-ESPECIALIZACION EN GESTION DE PROYECTOS INFORMATICOS,Masculino,2009-1,2017,Dependiente,Administración pública y defensa; planes de seguridad social de afiliación obligatoria,2,2,,"100,0%",NaN
1212-Universidad de Pamplona,11411-ESPECIALIZACION EN GESTION DE PROYECTOS INFORMATICOS,Masculino,2009-1,2017,Dependiente,Sin información,1,1,,"100,0%",NaN
1212-Universidad de Pamplona,11411-ESPECIALIZACION EN GESTION DE PROYECTOS INFORMATICOS,Masculino,2009-1,2017,No cotizante,Sin información,2,0,,"0,0%",NaN
1212-Universidad de Pamplona,11411-ESPECIALIZACION EN GESTION DE PROYECTOS INFORMATICOS,Masculino,2009-1,2018,Dependiente,Actividades de organizaciones y entidades extraterritoriales,1,1,,"100,0%",NaN
1212-Universidad de Pamplona,11411-ESPECIALIZACION EN GESTION DE PROYECTOS INFORMATICOS,Masculino,2009-1,2018,Dependiente,"Actividades profesionales, científicas y técnicas",12,12,,"100,0%",NaN
1212-Universidad de Pamplona,11411-ESPECIALIZACION EN GESTION DE PROYECTOS INFORMATICOS,Masculino,2009-1,2018,Dependiente,Administración pública y defensa; planes de seguridad social de afiliación obligatoria,2,2,,"100,0%",NaN
1212-Universidad de Pamplona,11411-ESPECIALIZACION EN GESTION DE PROYECTOS INFORMATICOS,Masculino,2009-1,2018,Dependiente,Sin información,2,2,,"100,0%",NaN
1212-Universidad de Pamplona,11411-ESPECIALIZACION EN GESTION DE PROYECTOS INFORMATICOS,Masculino,2009-1,2018,No cotizante,Sin información,1,0,,"0,0%",NaN
1212-Universidad de Pamplona,11411-ESPECIALIZACION EN GESTION DE PROYECTOS INFORMATICOS,Masculino,2009-1,2019,Dependiente,"Actividades profesionales, científicas y técnicas",6,6,,"100,0%",NaN
1212-Universidad de Pamplona,11411-ESPECIALIZACION EN GESTION DE PROYECTOS INFORMATICOS,Masculino,2009-1,2019,Dependiente,Administración pública y defensa; planes de seguridad social de afiliación obligatoria,9,9,,"100,0%",NaN
1212-Universidad de Pamplona,11411-ESPECIALIZACION EN GESTION DE PROYECTOS INFORMATICOS,Masculino,2009-1,2019,Dependiente,Sin información,1,1,,"100,0%",NaN
1212-Universidad de Pamplona,11411-ESPECIALIZACION EN GESTION DE PROYECTOS INFORMATICOS,Masculino,2009-1,2019,No cotizante,Sin información,2,0,,"0,0%",NaN
1212-Universidad de Pamplona,11411-ESPECIALIZACION EN GESTION DE PROYECTOS INFORMATICOS,Masculino,2009-1,2020,Dependiente,"Actividades profesionales, científicas y técnicas",7,7,,"100,0%",NaN
1212-Universidad de Pamplona,11411-ESPECIALIZACION EN GESTION DE PROYECTOS INFORMATICOS,Masculino,2009-1,2020,Dependiente,Administración pública y defensa; planes de seguridad social de afiliación obligatoria,7,7,,"100,0%",NaN
1212-Universidad de Pamplona,11411-ESPECIALIZACION EN GESTION DE PROYECTOS INFORMATICOS,Masculino,2009-1,2020,Dependiente,Otras actividades de servicios,1,1,,"100,0%",NaN
1212-Universidad de Pamplona,11411-ESPECIALIZACION EN GESTION DE PROYECTOS INFORMATICOS,Masculino,2009-1,2020,No cotizante,Sin información,3,0,,"0,0%",NaN
1212-Universidad de Pamplona,11411-ESPECIALIZACION EN GESTION DE PROYECTOS INFORMATICOS,Masculino,2009-1,2021,Dependiente,"Actividades profesionales, científicas y técnicas",7,7,,"100,0%",NaN
1212-Universidad de Pamplona,11411-ESPECIALIZACION EN GESTION DE PROYECTOS INFORMATICOS,Masculino,2009-1,2021,Dependiente,Administración pública y defensa; planes de seguridad social de afiliación obligatoria,8,8,,"100,0%",NaN
1212-Universidad de Pamplona,11411-ESPECIALIZACION EN GESTION DE PROYECTOS INFORMATICOS,Masculino,2009-1,2021,No cotizante,Sin información,3,0,,"0,0%",NaN
1212-Universidad de Pamplona,11411-ESPECIALIZACION EN GESTION DE PROYECTOS INFORMATICOS,Masculino,2009-1,2022,Dependiente,Actividades de servicios administrativos y de apoyo,7,7,,"100,0%",NaN
1212-Universidad de Pamplona,11411-ESPECIALIZACION EN GESTION DE PROYECTOS INFORMATICOS,Masculino,2009-1,2022,Dependiente,"Actividades profesionales, científicas y técnicas",7,7,,"100,0%",NaN
1212-Universidad de Pamplona,11411-ESPECIALIZACION EN GESTION DE PROYECTOS INFORMATICOS,Masculino,2009-1,2022,Dependiente,Administración pública y defensa; planes de seguridad social de afiliación obligatoria,1,1,,"100,0%",NaN
1212-Universidad de Pamplona,11411-ESPECIALIZACION EN GESTION DE PROYECTOS INFORMATICOS,Masculino,2009-1,2022,No cotizante,SIN DATO,3,0,,"0,0%",NaN
1212-Universidad de Pamplona,11411-ESPECIALIZACION EN GESTION DE PROYECTOS INFORMATICOS,Masculino,2009-1,2023,Dependiente,"Actividades profesionales, científicas y técnicas",7,7,,"100,0%",NaN
1212-Universidad de Pamplona,11411-ESPECIALIZACION EN GESTION DE PROYECTOS INFORMATICOS,Masculino,2009-1,2023,Dependiente,Administración pública y defensa; planes de seguridad social de afiliación obligatoria,8,8,,"100,0%",NaN
1212-Universidad de Pamplona,11411-ESPECIALIZACION EN GESTION DE PROYECTOS INFORMATICOS,Masculino,2009-1,2023,No cotizante,SIN DATO,3,0,,"0,0%",NaN
2832-Universidad de Santander - UDES,8374-ESPECIALIZACION EN GERENCIA DE EMPRESAS,Femenino,2009-1,2017,Dependiente,Actividades financieras y de seguros,1,1,,"100,0%",NaN
2832-Universidad de Santander - UDES,8374-ESPECIALIZACION EN GERENCIA DE EMPRESAS,Femenino,2009-1,2018,Dependiente,Actividades financieras y de seguros,1,1,,"100,0%",NaN
2832-Universidad de Santander - UDES,8374-ESPECIALIZACION EN GERENCIA DE EMPRESAS,Femenino,2009-1,2019,Dependiente,Actividades financieras y de seguros,1,1,,"100,0%",NaN
2832-Universidad de Santander - UDES,8374-ESPECIALIZACION EN GERENCIA DE EMPRESAS,Femenino,2009-1,2020,Dependiente,Actividades financieras y de seguros,1,1,,"100,0%",NaN
2832-Universidad de Santander - UDES,8374-ESPECIALIZACION EN GERENCIA DE EMPRESAS,Femenino,2009-1,2021,Dependiente,Sin información,1,1,,"100,0%",NaN
2832-Universidad de Santander - UDES,8374-ESPECIALIZACION EN GERENCIA DE EMPRESAS,Femenino,2009-1,2022,Dependiente,SIN DATO,1,1,,"100,0%",NaN
2832-Universidad de Santander - UDES,8374-ESPECIALIZACION EN GERENCIA DE EMPRESAS,Femenino,2009-1,2023,No cotizante,SIN DATO,1,0,,"0,0%",NaN
2832-Universidad de Santander - UDES,8374-ESPECIALIZACION EN GERENCIA DE EMPRESAS,Masculino,2009-1,2016,Dependiente,"Agricultura, ganadería, caza, silvicultura y pesca",1,1,,"100,0%",$3.329.000
2832-Universidad de Santander - UDES,8374-ESPECIALIZACION EN GERENCIA DE EMPRESAS,Masculino,2009-1,2017,Dependiente,Otras actividades de servicios,1,1,,"100,0%",NaN
2832-Universidad de Santander - UDES,8374-ESPECIALIZACION EN GERENCIA DE EMPRESAS,Masculino,2009-1,2018,Independiente,"Agricultura, ganadería, caza, silvicultura y pesca",1,1,,"100,0%",NaN
2832-Universidad de Santander - UDES,8374-ESPECIALIZACION EN GERENCIA DE EMPRESAS,Masculino,2009-1,2019,No cotizante,Sin información,1,0,,"0,0%",NaN
2832-Universidad de Santander - UDES,8374-ESPECIALIZACION EN GERENCIA DE EMPRESAS,Masculino,2009-1,2020,Independiente,"Agricultura, ganadería, caza, silvicultura y pesca",1,1,,"100,0%",NaN
2832-Universidad de Santander - UDES,8374-ESPECIALIZACION EN GERENCIA DE EMPRESAS,Masculino,2009-1,2021,No cotizante,Sin información,1,0,,"0,0%",NaN
2832-Universidad de Santander - UDES,8374-ESPECIALIZACION EN GERENCIA DE EMPRESAS,Masculino,2009-1,2022,No cotizante,SIN DATO,1,0,,"0,0%",NaN
2832-Universidad de Santander - UDES,8374-ESPECIALIZACION EN GERENCIA DE EMPRESAS,Masculino,2009-1,2023,No cotizante,SIN DATO,1,0,,"0,0%",NaN
2832-Universidad de Santander - UDES,8257-ESPECIALIZACION EN GERENCIA DE MERCADEO,Femenino,2009-1,2017,Dependiente,"Actividades profesionales, científicas y técnicas",1,1,,"100,0%",NaN
2832-Universidad de Santander - UDES,8257-ESPECIALIZACION EN GERENCIA DE MERCADEO,Femenino,2009-1,2017,Dependiente,Educación,1,1,,"100,0%",NaN
2832-Universidad de Santander - UDES,8257-ESPECIALIZACION EN GERENCIA DE MERCADEO,Femenino,2009-1,2018,Dependiente,"Actividades profesionales, científicas y técnicas",1,1,,"100,0%",NaN
2832-Universidad de Santander - UDES,8257-ESPECIALIZACION EN GERENCIA DE MERCADEO,Femenino,2009-1,2019,Dependiente,"Actividades profesionales, científicas y técnicas",1,1,,"100,0%",NaN
2832-Universidad de Santander - UDES,8257-ESPECIALIZACION EN GERENCIA DE MERCADEO,Femenino,2009-1,2020,Dependiente,"Actividades profesionales, científicas y técnicas",1,1,,"100,0%",NaN
2832-Universidad de Santander - UDES,8257-ESPECIALIZACION EN GERENCIA DE MERCADEO,Femenino,2009-1,2021,Dependiente,"Actividades profesionales, científicas y técnicas",1,1,,"100,0%",NaN
2832-Universidad de Santander - UDES,8257-ESPECIALIZACION EN GERENCIA DE MERCADEO,Femenino,2009-1,2022,Dependiente,"Actividades profesionales, científicas y técnicas",1,1,,"100,0%",NaN
2832-Universidad de Santander - UDES,8257-ESPECIALIZACION EN GERENCIA DE MERCADEO,Femenino,2009-1,2023,Dependiente,"Actividades profesionales, científicas y técnicas",1,1,,"100,0%",NaN
2832-Universidad de Santander - UDES,8250-ESPECIALIZACION EN GERENCIA FINANCIERA,Femenino,2009-1,2017,Independiente,Administración pública y defensa; planes de seguridad social de afiliación obligatoria,1,1,,"100,0%",NaN
2832-Universidad de Santander - UDES,8250-ESPECIALIZACION EN GERENCIA FINANCIERA,Femenino,2009-1,2018,Independiente,Administración pública y defensa; planes de seguridad social de afiliación obligatoria,1,1,,"100,0%",NaN
2832-Universidad de Santander - UDES,8250-ESPECIALIZACION EN GERENCIA FINANCIERA,Femenino,2009-1,2019,Independiente,Administración pública y defensa; planes de seguridad social de afiliación obligatoria,1,1,,"100,0%",NaN
2832-Universidad de Santander - UDES,8250-ESPECIALIZACION EN GERENCIA FINANCIERA,Femenino,2009-1,2020,Independiente,Administración pública y defensa; planes de seguridad social de afiliación obligatoria,1,1,,"100,0%",NaN
2832-Universidad de Santander - UDES,8250-ESPECIALIZACION EN GERENCIA FINANCIERA,Femenino,2009-1,2021,Independiente,Administración pública y defensa; planes de seguridad social de afiliación obligatoria,1,1,,"100,0%",NaN
2832-Universidad de Santander - UDES,8250-ESPECIALIZACION EN GERENCIA FINANCIERA,Femenino,2009-1,2022,Independiente,Administración pública y defensa; planes de seguridad social de afiliación obligatoria,1,1,,"100,0%",NaN
2832-Universidad de Santander - UDES,8250-ESPECIALIZACION EN GERENCIA FINANCIERA,Femenino,2009-1,2023,Independiente,Administración pública y defensa; planes de seguridad social de afiliación obligatoria,1,1,,"100,0%",NaN
2832-Universidad de Santander - UDES,8258-ESPECIALIZACION EN GERENCIA PUBLICA,Masculino,2009-1,2016,No cotizante,Sin información,2,0,,"0,0%",NaN
2832-Universidad de Santander - UDES,8258-ESPECIALIZACION EN GERENCIA PUBLICA,Masculino,2009-1,2017,No cotizante,Sin información,2,0,,"0,0%",NaN
2832-Universidad de Santander - UDES,8258-ESPECIALIZACION EN GERENCIA PUBLICA,Masculino,2009-1,2018,No cotizante,Sin información,2,0,,"0,0%",NaN
2832-Universidad de Santander - UDES,8258-ESPECIALIZACION EN GERENCIA PUBLICA,Masculino,2009-1,2019,No cotizante,Sin información,2,0,,"0,0%",NaN
2832-Universidad de Santander - UDES,8258-ESPECIALIZACION EN GERENCIA PUBLICA,Masculino,2009-1,2020,No cotizante,Sin información,2,0,,"0,0%",NaN
2832-Universidad de Santander - UDES,8258-ESPECIALIZACION EN GERENCIA PUBLICA,Masculino,2009-1,2021,No cotizante,Sin información,2,0,,"0,0%",NaN
2832-Universidad de Santander - UDES,8258-ESPECIALIZACION EN GERENCIA PUBLICA,Masculino,2009-1,2022,No cotizante,SIN DATO,2,0,,"0,0%",NaN
2832-Universidad de Santander - UDES,8258-ESPECIALIZACION EN GERENCIA PUBLICA,Masculino,2009-1,2023,No cotizante,SIN DATO,2,0,,"0,0%",NaN
1711-Universidad de la Sabana,53009-ESPECIALIZACION EN PEDAGOGIA E INVESTIGACION EN EL AULA,Femenino,2009-1,2016,Dependiente,Administración pública y defensa; planes de seguridad social de afiliación obligatoria,3,3,,"100,0%",$3.759.333
1711-Universidad de la Sabana,53009-ESPECIALIZACION EN PEDAGOGIA E INVESTIGACION EN EL AULA,Femenino,2009-1,2017,Dependiente,Administración pública y defensa; planes de seguridad social de afiliación obligatoria,3,3,,"100,0%",NaN
1711-Universidad de la Sabana,53009-ESPECIALIZACION EN PEDAGOGIA E INVESTIGACION EN EL AULA,Femenino,2009-1,2018,Dependiente,Administración pública y defensa; planes de seguridad social de afiliación obligatoria,3,3,,"100,0%",NaN
1711-Universidad de la Sabana,53009-ESPECIALIZACION EN PEDAGOGIA E INVESTIGACION EN EL AULA,Femenino,2009-1,2019,Dependiente,Administración pública y defensa; planes de seguridad social de afiliación obligatoria,2,2,,"100,0%",NaN
1711-Universidad de la Sabana,53009-ESPECIALIZACION EN PEDAGOGIA E INVESTIGACION EN EL AULA,Femenino,2009-1,2020,Dependiente,Administración pública y defensa; planes de seguridad social de afiliación obligatoria,2,2,,"100,0%",NaN
1711-Universidad de la Sabana,53009-ESPECIALIZACION EN PEDAGOGIA E INVESTIGACION EN EL AULA,Femenino,2009-1,2021,Dependiente,"Actividades profesionales, científicas y técnicas",1,1,,"100,0%",NaN
1711-Universidad de la Sabana,53009-ESPECIALIZACION EN PEDAGOGIA E INVESTIGACION EN EL AULA,Femenino,2009-1,2021,Dependiente,Administración pública y defensa; planes de seguridad social de afiliación obligatoria,1,1,,"100,0%",NaN
1711-Universidad de la Sabana,53009-ESPECIALIZACION EN PEDAGOGIA E INVESTIGACION EN EL AULA,Femenino,2009-1,2022,Dependiente,"Actividades profesionales, científicas y técnicas",1,1,,"100,0%",NaN
1711-Universidad de la Sabana,53009-ESPECIALIZACION EN PEDAGOGIA E INVESTIGACION EN EL AULA,Femenino,2009-1,2022,No cotizante,SIN DATO,1,0,,"0,0%",NaN
1711-Universidad de la Sabana,53009-ESPECIALIZACION EN PEDAGOGIA E INVESTIGACION EN EL AULA,Femenino,2009-1,2023,Dependiente,Administración pública y defensa; planes de seguridad social de afiliación obligatoria,1,1,,"100,0%",NaN
1711-Universidad de la Sabana,53009-ESPECIALIZACION EN PEDAGOGIA E INVESTIGACION EN EL AULA,Femenino,2009-1,2023,No cotizante,SIN DATO,1,0,,"0,0%",NaN
1711-Universidad de la Sabana,53009-ESPECIALIZACION EN PEDAGOGIA E INVESTIGACION EN EL AULA,Masculino,2009-1,2016,No cotizante,Sin información,1,0,,"0,0%",NaN
1711-Universidad de la Sabana,53009-ESPECIALIZACION EN PEDAGOGIA E INVESTIGACION EN EL AULA,Masculino,2009-1,2017,No cotizante,Sin información,1,0,,"0,0%",NaN
1711-Universidad de la Sabana,53009-ESPECIALIZACION EN PEDAGOGIA E INVESTIGACION EN EL AULA,Masculino,2009-1,2018,Dependiente,Sin información,1,1,,"100,0%",NaN
1711-Universidad de la Sabana,53009-ESPECIALIZACION EN PEDAGOGIA E INVESTIGACION EN EL AULA,Masculino,2009-1,2019,No cotizante,Sin información,1,0,,"0,0%",NaN
1711-Universidad de la Sabana,53009-ESPECIALIZACION EN PEDAGOGIA E INVESTIGACION EN EL AULA,Masculino,2009-1,2020,No cotizante,Sin información,1,0,,"0,0%",NaN
1711-Universidad de la Sabana,53009-ESPECIALIZACION EN PEDAGOGIA E INVESTIGACION EN EL AULA,Masculino,2009-1,2021,No cotizante,Sin información,1,0,,"0,0%",NaN
1711-Universidad de la Sabana,53009-ESPECIALIZACION EN PEDAGOGIA E INVESTIGACION EN EL AULA,Masculino,2009-1,2022,No cotizante,SIN DATO,1,0,,"0,0%",NaN
1711-Universidad de la Sabana,53009-ESPECIALIZACION EN PEDAGOGIA E INVESTIGACION EN EL AULA,Masculino,2009-1,2023,No cotizante,SIN DATO,1,0,,"0,0%",NaN
