,,,,,,,Lugar de grado,,Medidas,,
,,,,,,,País,,Medidas,,
Instituciones,Programa,Sexo,Periodo graduación,Año de corte,Tipo de cotizante,Sector económico,Colombia,,,,
Código institución,Código programa,Sexo,Semestre,Año,Tipo de cotizante,Sección,Graduados,Graduados que cotizan,,Tasa de cotizantes,IBC estimado
2829-Corporación Universitaria Minuto de Dios - UNIMINUTO,12165-ESPECIALIZACION EN DISEÑO DE AMBIENTES DE APRENDIZAJE,Femenino,2012-1,2016,Dependiente,Administración pública y defensa; planes de seguridad social de afiliación obligatoria,6,6,,"100,0%",$3.057.500
2829-Corporación Universitaria Minuto de Dios - UNIMINUTO,12165-ESPECIALIZACION EN DISEÑO DE AMBIENTES DE APRENDIZAJE,Femenino,2012-1,2016,Dependiente,Comercio al por mayor y al por menor; reparación de vehículos automotores y motocicletas,1,1,,"100,0%",$2.482.000
2829-Corporación Universitaria Minuto de Dios - UNIMINUTO,12165-ESPECIALIZACION EN DISEÑO DE AMBIENTES DE APRENDIZAJE,Femenino,2012-1,2016,Independiente,"Actividades profesionales, científicas y técnicas",1,1,,"100,0%",NaN
2829-Corporación Universitaria Minuto de Dios - UNIMINUTO,12165-ESPECIALIZACION EN DISEÑO DE AMBIENTES DE APRENDIZAJE,Femenino,2012-1,2016,No cotizante,Sin información,1,0,,"0,0%",NaN
2829-Corporación Universitaria Minuto de Dios - UNIMINUTO,12165-ESPECIALIZACION EN DISEÑO DE AMBIENTES DE APRENDIZAJE,Femenino,2012-1,2017,Dependiente,Administración pública y defensa; planes de seguridad social de afiliación obligatoria,4,4,,"100,0%",NaN
2829-Corporación Universitaria Minuto de Dios - UNIMINUTO,12165-ESPECIALIZACION EN DISEÑO DE AMBIENTES DE APRENDIZAJE,Femenino,2012-1,2017,Dependiente,Sin información,2,2,,"100,0%",NaN
2829-Corporación Universitaria Minuto de Dios - UNIMINUTO,12165-ESPECIALIZACION EN DISEÑO DE AMBIENTES DE APRENDIZAJE,Femenino,2012-1,2017,Independiente,Sin información,1,1,,"100,0%",NaN
2829-Corporación Universitaria Minuto de Dios - UNIMINUTO,12165-ESPECIALIZACION EN DISEÑO DE AMBIENTES DE APRENDIZAJE,Femenino,2012-1,2017,No cotizante,Sin información,1,0,,"0,0%",NaN
2829-Corporación Universitaria Minuto de Dios - UNIMINUTO,12165-ESPECIALIZACION EN DISEÑO DE AMBIENTES DE APRENDIZAJE,Femenino,2012-1,2018,Dependiente,Actividades de servicios administrativos y de apoyo,1,1,,"100,0%",NaN
2829-Corporación Universitaria Minuto de Dios - UNIMINUTO,12165-ESPECIALIZACION EN DISEÑO DE AMBIENTES DE APRENDIZAJE,Femenino,2012-1,2018,Dependiente,"Actividades profesionales, científicas y técnicas",3,3,,"100,0%",NaN
2829-Corporación Universitaria Minuto de Dios - UNIMINUTO,12165-ESPECIALIZACION EN DISEÑO DE AMBIENTES DE APRENDIZAJE,Femenino,2012-1,2018,Dependiente,Administración pública y defensa; planes de seguridad social de afiliación obligatoria,1,1,,"100,0%",NaN
2829-Corporación Universitaria Minuto de Dios - UNIMINUTO,12165-ESPECIALIZACION EN DISEÑO DE AMBIENTES DE APRENDIZAJE,Femenino,2012-1,2018,Dependiente,Sin información,2,2,,"100,0%",NaN
2829-Corporación Universitaria Minuto de Dios - UNIMINUTO,12165-ESPECIALIZACION EN DISEÑO DE AMBIENTES DE APRENDIZAJE,Femenino,2012-1,2018,No cotizante,Sin información,1,0,,"0,0%",NaN
2829-Corporación Universitaria Minuto de Dios - UNIMINUTO,12165-ESPECIALIZACION EN DISEÑO DE AMBIENTES DE APRENDIZAJE,Femenino,2012-1,2019,Dependiente,Actividades de servicios administrativos y de apoyo,1,1,,"100,0%",NaN
2829-Corporación Universitaria Minuto de Dios - UNIMINUTO,12165-ESPECIALIZACION EN DISEÑO DE AMBIENTES DE APRENDIZAJE,Femenino,2012-1,2019,Dependiente,"Actividades profesionales, científicas y técnicas",5,5,,"100,0%",NaN
2829-Corporación Universitaria Minuto de Dios - UNIMINUTO,12165-ESPECIALIZACION EN DISEÑO DE AMBIENTES DE APRENDIZAJE,Femenino,2012-1,2019,Dependiente,Administración pública y defensa; planes de seguridad social de afiliación obligatoria,1,1,,"100,0%",NaN
2829-Corporación Universitaria Minuto de Dios - UNIMINUTO,12165-ESPECIALIZACION EN DISEÑO DE AMBIENTES DE APRENDIZAJE,Femenino,2012-1,2019,No cotizante,Sin información,1,0,,"0,0%",NaN
2829-Corporación Universitaria Minuto de Dios - UNIMINUTO,12165-ESPECIALIZACION EN DISEÑO DE AMBIENTES DE APRENDIZAJE,Femenino,2012-1,2020,Dependiente,Actividades de servicios administrativos y de apoyo,1,1,,"100,0%",NaN
2829-Corporación Universitaria Minuto de Dios - UNIMINUTO,12165-ESPECIALIZACION EN DISEÑO DE AMBIENTES DE APRENDIZAJE,Femenino,2012-1,2020,Dependiente,"Actividades profesionales, científicas y técnicas",2,2,,"100,0%",NaN
2829-Corporación Universitaria Minuto de Dios - UNIMINUTO,12165-ESPECIALIZACION EN DISEÑO DE AMBIENTES DE APRENDIZAJE,Femenino,2012-1,2020,Dependiente,Administración pública y defensa; planes de seguridad social de afiliación obligatoria,2,2,,"100,0%",NaN
2829-Corporación Universitaria Minuto de Dios - UNIMINUTO,12165-ESPECIALIZACION EN DISEÑO DE AMBIENTES DE APRENDIZAJE,Femenino,2012-1,2020,Dependiente,Otras actividades de servicios,1,1,,"100,0%",NaN
2829-Corporación Universitaria Minuto de Dios - UNIMINUTO,12165-ESPECIALIZACION EN DISEÑO DE AMBIENTES DE APRENDIZAJE,Femenino,2012-1,2020,No cotizante,Sin información,2,0,,"0,0%",NaN
2829-Corporación Universitaria Minuto de Dios - UNIMINUTO,12165-ESPECIALIZACION EN DISEÑO DE AMBIENTES DE APRENDIZAJE,Femenino,2012-1,2021,Dependiente,"Actividades profesionales, científicas y técnicas",2,2,,"100,0%",NaN
2829-Corporación Universitaria Minuto de Dios - UNIMINUTO,12165-ESPECIALIZACION EN DISEÑO DE AMBIENTES DE APRENDIZAJE,Femenino,2012-1,2021,Dependiente,Administración pública y defensa; planes de seguridad social de afiliación obligatoria,3,3,,"100,0%",NaN
2829-Corporación Universitaria Minuto de Dios - UNIMINUTO,12165-ESPECIALIZACION EN DISEÑO DE AMBIENTES DE APRENDIZAJE,Femenino,2012-1,2021,Independiente,Administración pública y defensa; planes de seguridad social de afiliación obligatoria,1,1,,"100,0%",NaN
2829-Corporación Universitaria Minuto de Dios - UNIMINUTO,12165-ESPECIALIZACION EN DISEÑO DE AMBIENTES DE APRENDIZAJE,Femenino,2012-1,2021,No cotizante,Sin información,2,0,,"0,0%",NaN
2829-Corporación Universitaria Minuto de Dios - UNIMINUTO,12165-ESPECIALIZACION EN DISEÑO DE AMBIENTES DE APRENDIZAJE,Femenino,2012-1,2022,Dependiente,"Actividades profesionales, científicas y técnicas",3,3,,"100,0%",NaN
2829-Corporación Universitaria Minuto de Dios - UNIMINUTO,12165-ESPECIALIZACION EN DISEÑO DE AMBIENTES DE APRENDIZAJE,Femenino,2012-1,2022,Dependiente,Administración pública y defensa; planes de seguridad social de afiliación obligatoria,1,1,,"100,0%",NaN
2829-Corporación Universitaria Minuto de Dios - UNIMINUTO,12165-ESPECIALIZACION EN DISEÑO DE AMBIENTES DE APRENDIZAJE,Femenino,2012-1,2022,Independiente,Administración pública y defensa; planes de seguridad social de afiliación obligatoria,1,1,,"100,0%",NaN
2829-Corporación Universitaria Minuto de Dios - UNIMINUTO,12165-ESPECIALIZACION EN DISEÑO DE AMBIENTES DE APRENDIZAJE,Femenino,2012-1,2022,No cotizante,SIN DATO,3,0,,"0,0%",NaN
2829-Corporación Universitaria Minuto de Dios - UNIMINUTO,12165-ESPECIALIZACION EN DISEÑO DE AMBIENTES DE APRENDIZAJE,Femenino,2012-1,2023,Dependiente,"Actividades profesionales, científicas y técnicas",1,1,,"100,0%",NaN
2829-Corporación Universitaria Minuto de Dios - UNIMINUTO,12165-ESPECIALIZACION EN DISEÑO DE AMBIENTES DE APRENDIZAJE,Femenino,2012-1,2023,Dependiente,Administración pública y defensa; planes de seguridad social de afiliación obligatoria,3,3,,"100,0%",NaN
2829-Corporación Universitaria Minuto de Dios - UNIMINUTO,12165-ESPECIALIZACION EN DISEÑO DE AMBIENTES DE APRENDIZAJE,Femenino,2012-1,2023,Independiente,Administración pública y defensa; planes de seguridad social de afiliación obligatoria,1,1,,"100,0%",NaN
2829-Corporación Universitaria Minuto de Dios - UNIMINUTO,12165-ESPECIALIZACION EN DISEÑO DE AMBIENTES DE APRENDIZAJE,Femenino,2012-1,2023,No cotizante,SIN DATO,3,0,,"0,0%",NaN
2829-Corporación Universitaria Minuto de Dios - UNIMINUTO,12165-ESPECIALIZACION EN DISEÑO DE AMBIENTES DE APRENDIZAJE,Masculino,2012-1,2016,Dependiente,Administración pública y defensa; planes de seguridad social de afiliación obligatoria,5,5,,"100,0%",$3.497.909
2829-Corporación Universitaria Minuto de Dios - UNIMINUTO,12165-ESPECIALIZACION EN DISEÑO DE AMBIENTES DE APRENDIZAJE,Masculino,2012-1,2016,Dependiente,Educación,1,1,,"100,0%",$5.143.000
2829-Corporación Universitaria Minuto de Dios - UNIMINUTO,12165-ESPECIALIZACION EN DISEÑO DE AMBIENTES DE APRENDIZAJE,Masculino,2012-1,2016,Dependiente,Información y comunicaciones,1,1,,"100,0%",$4.456.000
2829-Corporación Universitaria Minuto de Dios - UNIMINUTO,12165-ESPECIALIZACION EN DISEÑO DE AMBIENTES DE APRENDIZAJE,Masculino,2012-1,2016,Dependiente,Sin información,2,2,,"100,0%",$5.535.000
2829-Corporación Universitaria Minuto de Dios - UNIMINUTO,12165-ESPECIALIZACION EN DISEÑO DE AMBIENTES DE APRENDIZAJE,Masculino,2012-1,2017,Dependiente,Actividades financieras y de seguros,1,1,,"100,0%",NaN
2829-Corporación Universitaria Minuto de Dios - UNIMINUTO,12165-ESPECIALIZACION EN DISEÑO DE AMBIENTES DE APRENDIZAJE,Masculino,2012-1,2017,Dependiente,Administración pública y defensa; planes de seguridad social de afiliación obligatoria,4,4,,"100,0%",NaN
2829-Corporación Universitaria Minuto de Dios - UNIMINUTO,12165-ESPECIALIZACION EN DISEÑO DE AMBIENTES DE APRENDIZAJE,Masculino,2012-1,2017,Dependiente,Comercio al por mayor y al por menor; reparación de vehículos automotores y motocicletas,1,1,,"100,0%",NaN
2829-Corporación Universitaria Minuto de Dios - UNIMINUTO,12165-ESPECIALIZACION EN DISEÑO DE AMBIENTES DE APRENDIZAJE,Masculino,2012-1,2017,Dependiente,Educación,1,1,,"100,0%",NaN
2829-Corporación Universitaria Minuto de Dios - UNIMINUTO,12165-ESPECIALIZACION EN DISEÑO DE AMBIENTES DE APRENDIZAJE,Masculino,2012-1,2017,Dependiente,Sin información,2,2,,"100,0%",NaN
2829-Corporación Universitaria Minuto de Dios - UNIMINUTO,12165-ESPECIALIZACION EN DISEÑO DE AMBIENTES DE APRENDIZAJE,Masculino,2012-1,2018,Dependiente,Actividades financieras y de seguros,1,1,,"100,0%",NaN
2829-Corporación Universitaria Minuto de Dios - UNIMINUTO,12165-ESPECIALIZACION EN DISEÑO DE AMBIENTES DE APRENDIZAJE,Masculino,2012-1,2018,Dependiente,"Actividades profesionales, científicas y técnicas",3,3,,"100,0%",NaN
2829-Corporación Universitaria Minuto de Dios - UNIMINUTO,12165-ESPECIALIZACION EN DISEÑO DE AMBIENTES DE APRENDIZAJE,Masculino,2012-1,2018,Dependiente,Administración pública y defensa; planes de seguridad social de afiliación obligatoria,2,2,,"100,0%",NaN
2829-Corporación Universitaria Minuto de Dios - UNIMINUTO,12165-ESPECIALIZACION EN DISEÑO DE AMBIENTES DE APRENDIZAJE,Masculino,2012-1,2018,Dependiente,Comercio al por mayor y al por menor; reparación de vehículos automotores y motocicletas,1,1,,"100,0%",NaN
2829-Corporación Universitaria Minuto de Dios - UNIMINUTO,12165-ESPECIALIZACION EN DISEÑO DE AMBIENTES DE APRENDIZAJE,Masculino,2012-1,2018,Dependiente,Sin información,2,2,,"100,0%",NaN
2829-Corporación Universitaria Minuto de Dios - UNIMINUTO,12165-ESPECIALIZACION EN DISEÑO DE AMBIENTES DE APRENDIZAJE,Masculino,2012-1,2019,Dependiente,"Actividades artísticas, de entretenimiento y recreación",1,1,,"100,0%",NaN
2829-Corporación Universitaria Minuto de Dios - UNIMINUTO,12165-ESPECIALIZACION EN DISEÑO DE AMBIENTES DE APRENDIZAJE,Masculino,2012-1,2019,Dependiente,Actividades financieras y de seguros,1,1,,"100,0%",NaN
2829-Corporación Universitaria Minuto de Dios - UNIMINUTO,12165-ESPECIALIZACION EN DISEÑO DE AMBIENTES DE APRENDIZAJE,Masculino,2012-1,2019,Dependiente,"Actividades profesionales, científicas y técnicas",3,3,,"100,0%",NaN
2829-Corporación Universitaria Minuto de Dios - UNIMINUTO,12165-ESPECIALIZACION EN DISEÑO DE AMBIENTES DE APRENDIZAJE,Masculino,2012-1,2019,Dependiente,Administración pública y defensa; planes de seguridad social de afiliación obligatoria,4,4,,"100,0%",NaN
2829-Corporación Universitaria Minuto de Dios - UNIMINUTO,12165-ESPECIALIZACION EN DISEÑO DE AMBIENTES DE APRENDIZAJE,Masculino,2012-1,2020,Dependiente,Actividades financieras y de seguros,1,1,,"100,0%",NaN
2829-Corporación Universitaria Minuto de Dios - UNIMINUTO,12165-ESPECIALIZACION EN DISEÑO DE AMBIENTES DE APRENDIZAJE,Masculino,2012-1,2020,Dependiente,Administración pública y defensa; planes de seguridad social de afiliación obligatoria,6,6,,"100,0%",NaN
2829-Corporación Universitaria Minuto de Dios - UNIMINUTO,12165-ESPECIALIZACION EN DISEÑO DE AMBIENTES DE APRENDIZAJE,Masculino,2012-1,2020,Dependiente,Otras actividades de servicios,1,1,,"100,0%",NaN
2829-Corporación Universitaria Minuto de Dios - UNIMINUTO,12165-ESPECIALIZACION EN DISEÑO DE AMBIENTES DE APRENDIZAJE,Masculino,2012-1,2020,No cotizante,Sin información,1,0,,"0,0%",NaN
2829-Corporación Universitaria Minuto de Dios - UNIMINUTO,12165-ESPECIALIZACION EN DISEÑO DE AMBIENTES DE APRENDIZAJE,Masculino,2012-1,2021,Dependiente,"Actividades artísticas, de entretenimiento y recreación",1,1,,"100,0%",NaN
2829-Corporación Universitaria Minuto de Dios - UNIMINUTO,12165-ESPECIALIZACION EN DISEÑO DE AMBIENTES DE APRENDIZAJE,Masculino,2012-1,2021,Dependiente,Actividades financieras y de seguros,1,1,,"100,0%",NaN
2829-Corporación Universitaria Minuto de Dios - UNIMINUTO,12165-ESPECIALIZACION EN DISEÑO DE AMBIENTES DE APRENDIZAJE,Masculino,2012-1,2021,Dependiente,Administración pública y defensa; planes de seguridad social de afiliación obligatoria,7,7,,"100,0%",NaN
2829-Corporación Universitaria Minuto de Dios - UNIMINUTO,12165-ESPECIALIZACION EN DISEÑO DE AMBIENTES DE APRENDIZAJE,Masculino,2012-1,2022,Dependiente,"Actividades artísticas, de entretenimiento y recreación",1,1,,"100,0%",NaN
2829-Corporación Universitaria Minuto de Dios - UNIMINUTO,12165-ESPECIALIZACION EN DISEÑO DE AMBIENTES DE APRENDIZAJE,Masculino,2012-1,2022,Dependiente,Actividades financieras y de seguros,1,1,,"100,0%",NaN
2829-Corporación Universitaria Minuto de Dios - UNIMINUTO,12165-ESPECIALIZACION EN DISEÑO DE AMBIENTES DE APRENDIZAJE,Masculino,2012-1,2022,Dependiente,"Actividades profesionales, científicas y técnicas",3,3,,"100,0%",NaN
2829-Corporación Universitaria Minuto de Dios - UNIMINUTO,12165-ESPECIALIZACION EN DISEÑO DE AMBIENTES DE APRENDIZAJE,Masculino,2012-1,2022,Dependiente,Administración pública y defensa; planes de seguridad social de afiliación obligatoria,3,3,,"100,0%",NaN
2829-Corporación Universitaria Minuto de Dios - UNIMINUTO,12165-ESPECIALIZACION EN DISEÑO DE AMBIENTES DE APRENDIZAJE,Masculino,2012-1,2022,Dependiente,Educación,1,1,,"100,0%",NaN
2829-Corporación Universitaria Minuto de Dios - UNIMINUTO,12165-ESPECIALIZACION EN DISEÑO DE AMBIENTES DE APRENDIZAJE,Masculino,2012-1,2023,Dependiente,Actividades financieras y de seguros,1,1,,"100,0%",NaN
2829-Corporación Universitaria Minuto de Dios - UNIMINUTO,12165-ESPECIALIZACION EN DISEÑO DE AMBIENTES DE APRENDIZAJE,Masculino,2012-1,2023,Dependiente,Administración pública y defensa; planes de seguridad social de afiliación obligatoria,6,6,,"100,0%",NaN
2829-Corporación Universitaria Minuto de Dios - UNIMINUTO,12165-ESPECIALIZACION EN DISEÑO DE AMBIENTES DE APRENDIZAJE,Masculino,2012-1,2023,No cotizante,SIN DATO,2,0,,"0,0%",NaN
2829-Corporación Universitaria Minuto de Dios - UNIMINUTO,90742-TECNICA PROFESIONAL EN PROCESOS ADMINISTRATIVOS PARA FINCAS CAFETERAS,Femenino,2012-1,2013,Dependiente,Sin información,1,1,,"100,0%",$589.500
2829-Corporación Universitaria Minuto de Dios - UNIMINUTO,90742-TECNICA PROFESIONAL EN PROCESOS ADMINISTRATIVOS PARA FINCAS CAFETERAS,Femenino,2012-1,2013,No cotizante,Sin información,1,0,,"0,0%",NaN
2829-Corporación Universitaria Minuto de Dios - UNIMINUTO,90742-TECNICA PROFESIONAL EN PROCESOS ADMINISTRATIVOS PARA FINCAS CAFETERAS,Femenino,2012-1,2014,No cotizante,Sin información,1,0,,"0,0%",NaN
2829-Corporación Universitaria Minuto de Dios - UNIMINUTO,90742-TECNICA PROFESIONAL EN PROCESOS ADMINISTRATIVOS PARA FINCAS CAFETERAS,Femenino,2012-1,2015,No cotizante,Sin información,1,0,,"0,0%",NaN
2829-Corporación Universitaria Minuto de Dios - UNIMINUTO,90742-TECNICA PROFESIONAL EN PROCESOS ADMINISTRATIVOS PARA FINCAS CAFETERAS,Femenino,2012-1,2016,No cotizante,Sin información,1,0,,"0,0%",NaN
2829-Corporación Universitaria Minuto de Dios - UNIMINUTO,90742-TECNICA PROFESIONAL EN PROCESOS ADMINISTRATIVOS PARA FINCAS CAFETERAS,Femenino,2012-1,2017,Independiente,Educación,1,1,,"100,0%",NaN
2829-Corporación Universitaria Minuto de Dios - UNIMINUTO,90742-TECNICA PROFESIONAL EN PROCESOS ADMINISTRATIVOS PARA FINCAS CAFETERAS,Femenino,2012-1,2017,No cotizante,Sin información,2,0,,"0,0%",NaN
2829-Corporación Universitaria Minuto de Dios - UNIMINUTO,90742-TECNICA PROFESIONAL EN PROCESOS ADMINISTRATIVOS PARA FINCAS CAFETERAS,Femenino,2012-1,2018,No cotizante,Sin información,3,0,,"0,0%",NaN
2829-Corporación Universitaria Minuto de Dios - UNIMINUTO,90742-TECNICA PROFESIONAL EN PROCESOS ADMINISTRATIVOS PARA FINCAS CAFETERAS,Femenino,2012-1,2019,No cotizante,Sin información,3,0,,"0,0%",NaN
2829-Corporación Universitaria Minuto de Dios - UNIMINUTO,90742-TECNICA PROFESIONAL EN PROCESOS ADMINISTRATIVOS PARA FINCAS CAFETERAS,Femenino,2012-1,2020,No cotizante,Sin información,6,0,,"0,0%",NaN
2829-Corporación Universitaria Minuto de Dios - UNIMINUTO,90742-TECNICA PROFESIONAL EN PROCESOS ADMINISTRATIVOS PARA FINCAS CAFETERAS,Femenino,2012-1,2021,No cotizante,Sin información,6,0,,"0,0%",NaN
2829-Corporación Universitaria Minuto de Dios - UNIMINUTO,90742-TECNICA PROFESIONAL EN PROCESOS ADMINISTRATIVOS PARA FINCAS CAFETERAS,Femenino,2012-1,2022,No cotizante,SIN DATO,6,0,,"0,0%",NaN
2829-Corporación Universitaria Minuto de Dios - UNIMINUTO,90742-TECNICA PROFESIONAL EN PROCESOS ADMINISTRATIVOS PARA FINCAS CAFETERAS,Femenino,2012-1,2023,No cotizante,SIN DATO,6,0,,"0,0%",NaN
2829-Corporación Universitaria Minuto de Dios - UNIMINUTO,90742-TECNICA PROFESIONAL EN PROCESOS ADMINISTRATIVOS PARA FINCAS CAFETERAS,Masculino,2012-1,2017,Dependiente,Construccion,1,1,,"100,0%",NaN
2829-Corporación Universitaria Minuto de Dios - UNIMINUTO,90742-TECNICA PROFESIONAL EN PROCESOS ADMINISTRATIVOS PARA FINCAS CAFETERAS,Masculino,2012-1,2018,Independiente,Comercio al por mayor y al por menor; reparación de vehículos automotores y motocicletas,1,1,,"100,0%",NaN
2829-Corporación Universitaria Minuto de Dios - UNIMINUTO,90742-TECNICA PROFESIONAL EN PROCESOS ADMINISTRATIVOS PARA FINCAS CAFETERAS,Masculino,2012-1,2019,No cotizante,Sin información,1,0,,"0,0%",NaN
2829-Corporación Universitaria Minuto de Dios - UNIMINUTO,90742-TECNICA PROFESIONAL EN PROCESOS ADMINISTRATIVOS PARA FINCAS CAFETERAS,Masculino,2012-1,2020,No cotizante,Sin información,4,0,,"0,0%",NaN
2829-Corporación Universitaria Minuto de Dios - UNIMINUTO,90742-TECNICA PROFESIONAL EN PROCESOS ADMINISTRATIVOS PARA FINCAS CAFETERAS,Masculino,2012-1,2021,Independiente,"Actividades profesionales, científicas y técnicas",1,1,,"100,0%",NaN
2829-Corporación Universitaria Minuto de Dios - UNIMINUTO,90742-TECNICA PROFESIONAL EN PROCESOS ADMINISTRATIVOS PARA FINCAS CAFETERAS,Masculino,2012-1,2021,No cotizante,Sin información,3,0,,"0,0%",NaN
2829-Corporación Universitaria Minuto de Dios - UNIMINUTO,90742-TECNICA PROFESIONAL EN PROCESOS ADMINISTRATIVOS PARA FINCAS CAFETERAS,Masculino,2012-1,2022,No cotizante,SIN DATO,4,0,,"0,0%",NaN
2829-Corporación Universitaria Minuto de Dios - UNIMINUTO,90742-TECNICA PROFESIONAL EN PROCESOS ADMINISTRATIVOS PARA FINCAS CAFETERAS,Masculino,2012-1,2023,Dependiente,Construccion,1,1,,"100,0%",NaN
2829-Corporación Universitaria Minuto de Dios - UNIMINUTO,90742-TECNICA PROFESIONAL EN PROCESOS ADMINISTRATIVOS PARA FINCAS CAFETERAS,Masculino,2012-1,2023,No cotizante,SIN DATO,3,0,,"0,0%",NaN
2829-Corporación Universitaria Minuto de Dios - UNIMINUTO,90740-TECNICA PROFESIONAL EN PRODUCCION DE CAFE,Femenino,2012-1,2013,Dependiente,Sin información,1,1,,"100,0%",$590.906
2829-Corporación Universitaria Minuto de Dios - UNIMINUTO,90740-TECNICA PROFESIONAL EN PRODUCCION DE CAFE,Femenino,2012-1,2013,Independiente,Sin información,3,3,,"100,0%",NaN
2829-Corporación Universitaria Minuto de Dios - UNIMINUTO,90740-TECNICA PROFESIONAL EN PRODUCCION DE CAFE,Femenino,2012-1,2013,No cotizante,Sin información,6,0,,"0,0%",NaN
2829-Corporación Universitaria Minuto de Dios - UNIMINUTO,90740-TECNICA PROFESIONAL EN PRODUCCION DE CAFE,Femenino,2012-1,2014,Dependiente,Actividades de servicios administrativos y de apoyo,1,1,,"100,0%",$740.625
2829-Corporación Universitaria Minuto de Dios - UNIMINUTO,90740-TECNICA PROFESIONAL EN PRODUCCION DE CAFE,Femenino,2012-1,2014,Independiente,Educación,1,1,,"100,0%",NaN
2829-Corporación Universitaria Minuto de Dios - UNIMINUTO,90740-TECNICA PROFESIONAL EN PRODUCCION DE CAFE,Femenino,2012-1,2014,Independiente,Industrias manufactureras,1,1,,"100,0%",NaN
2829-Corporación Universitaria Minuto de Dios - UNIMINUTO,90740-TECNICA PROFESIONAL EN PRODUCCION DE CAFE,Femenino,2012-1,2014,No cotizante,Sin información,7,0,,"0,0%",NaN
2829-Corporación Universitaria Minuto de Dios - UNIMINUTO,90740-TECNICA PROFESIONAL EN PRODUCCION DE CAFE,Femenino,2012-1,2015,Dependiente,Administración pública y defensa; planes de seguridad social de afiliación obligatoria,1,1,,"100,0%",$1.128.000
2829-Corporación Universitaria Minuto de Dios - UNIMINUTO,90740-TECNICA PROFESIONAL EN PRODUCCION DE CAFE,Femenino,2012-1,2015,Dependiente,Otras actividades de servicios,1,1,,"100,0%",$644.350
2829-Corporación Universitaria Minuto de Dios - UNIMINUTO,90740-TECNICA PROFESIONAL EN PRODUCCION DE CAFE,Femenino,2012-1,2015,Independiente,Comercio al por mayor y al por menor; reparación de vehículos automotores y motocicletas,1,1,,"100,0%",NaN
2829-Corporación Universitaria Minuto de Dios - UNIMINUTO,90740-TECNICA PROFESIONAL EN PRODUCCION DE CAFE,Femenino,2012-1,2015,Independiente,Educación,1,1,,"100,0%",NaN
2829-Corporación Universitaria Minuto de Dios - UNIMINUTO,90740-TECNICA PROFESIONAL EN PRODUCCION DE CAFE,Femenino,2012-1,2015,No cotizante,Sin información,6,0,,"0,0%",NaN
2829-Corporación Universitaria Minuto de Dios - UNIMINUTO,90740-TECNICA PROFESIONAL EN PRODUCCION DE CAFE,Femenino,2012-1,2016,Dependiente,"Agricultura, ganadería, caza, silvicultura y pesca",1,1,,"100,0%",$915.000
2829-Corporación Universitaria Minuto de Dios - UNIMINUTO,90740-TECNICA PROFESIONAL EN PRODUCCION DE CAFE,Femenino,2012-1,2016,Dependiente,Comercio al por mayor y al por menor; reparación de vehículos automotores y motocicletas,1,1,,"100,0%",$709.000
2829-Corporación Universitaria Minuto de Dios - UNIMINUTO,90740-TECNICA PROFESIONAL EN PRODUCCION DE CAFE,Femenino,2012-1,2016,Dependiente,Sin información,1,1,,"100,0%",$874.000
2829-Corporación Universitaria Minuto de Dios - UNIMINUTO,90740-TECNICA PROFESIONAL EN PRODUCCION DE CAFE,Femenino,2012-1,2016,Independiente,Educación,1,1,,"100,0%",NaN
2829-Corporación Universitaria Minuto de Dios - UNIMINUTO,90740-TECNICA PROFESIONAL EN PRODUCCION DE CAFE,Femenino,2012-1,2016,No cotizante,Sin información,6,0,,"0,0%",NaN
2829-Corporación Universitaria Minuto de Dios - UNIMINUTO,90740-TECNICA PROFESIONAL EN PRODUCCION DE CAFE,Femenino,2012-1,2017,Dependiente,Actividades de atención de la salud humana y de asistencia social,1,1,,"100,0%",NaN
2829-Corporación Universitaria Minuto de Dios - UNIMINUTO,90740-TECNICA PROFESIONAL EN PRODUCCION DE CAFE,Femenino,2012-1,2017,Dependiente,Comercio al por mayor y al por menor; reparación de vehículos automotores y motocicletas,1,1,,"100,0%",NaN
2829-Corporación Universitaria Minuto de Dios - UNIMINUTO,90740-TECNICA PROFESIONAL EN PRODUCCION DE CAFE,Femenino,2012-1,2017,Dependiente,Otras actividades de servicios,1,1,,"100,0%",NaN
2829-Corporación Universitaria Minuto de Dios - UNIMINUTO,90740-TECNICA PROFESIONAL EN PRODUCCION DE CAFE,Femenino,2012-1,2017,No cotizante,Sin información,7,0,,"0,0%",NaN
2829-Corporación Universitaria Minuto de Dios - UNIMINUTO,90740-TECNICA PROFESIONAL EN PRODUCCION DE CAFE,Femenino,2012-1,2018,Dependiente,Administración pública y defensa; planes de seguridad social de afiliación obligatoria,1,1,,"100,0%",NaN
2829-Corporación Universitaria Minuto de Dios - UNIMINUTO,90740-TECNICA PROFESIONAL EN PRODUCCION DE CAFE,Femenino,2012-1,2018,Dependiente,Comercio al por mayor y al por menor; reparación de vehículos automotores y motocicletas,3,3,,"100,0%",NaN
2829-Corporación Universitaria Minuto de Dios - UNIMINUTO,90740-TECNICA PROFESIONAL EN PRODUCCION DE CAFE,Femenino,2012-1,2018,Dependiente,Sin información,1,1,,"100,0%",NaN
2829-Corporación Universitaria Minuto de Dios - UNIMINUTO,90740-TECNICA PROFESIONAL EN PRODUCCION DE CAFE,Femenino,2012-1,2018,No cotizante,Sin información,5,0,,"0,0%",NaN
2829-Corporación Universitaria Minuto de Dios - UNIMINUTO,90740-TECNICA PROFESIONAL EN PRODUCCION DE CAFE,Femenino,2012-1,2019,Dependiente,Administración pública y defensa; planes de seguridad social de afiliación obligatoria,1,1,,"100,0%",NaN
2829-Corporación Universitaria Minuto de Dios - UNIMINUTO,90740-TECNICA PROFESIONAL EN PRODUCCION DE CAFE,Femenino,2012-1,2019,Dependiente,Comercio al por mayor y al por menor; reparación de vehículos automotores y motocicletas,2,2,,"100,0%",NaN
2829-Corporación Universitaria Minuto de Dios - UNIMINUTO,90740-TECNICA PROFESIONAL EN PRODUCCION DE CAFE,Femenino,2012-1,2019,No cotizante,Sin información,9,0,,"0,0%",NaN
2829-Corporación Universitaria Minuto de Dios - UNIMINUTO,90740-TECNICA PROFESIONAL EN PRODUCCION DE CAFE,Femenino,2012-1,2020,Dependiente,Comercio al por mayor y al por menor; reparación de vehículos automotores y motocicletas,2,2,,"100,0%",NaN
2829-Corporación Universitaria Minuto de Dios - UNIMINUTO,90740-TECNICA PROFESIONAL EN PRODUCCION DE CAFE,Femenino,2012-1,2020,Independiente,Alojamiento y servicios de comida,1,1,,"100,0%",NaN
2829-Corporación Universitaria Minuto de Dios - UNIMINUTO,90740-TECNICA PROFESIONAL EN PRODUCCION DE CAFE,Femenino,2012-1,2020,No cotizante,Sin información,10,0,,"0,0%",NaN
2829-Corporación Universitaria Minuto de Dios - UNIMINUTO,90740-TECNICA PROFESIONAL EN PRODUCCION DE CAFE,Femenino,2012-1,2021,No cotizante,Sin información,12,0,,"0,0%",NaN
2829-Corporación Universitaria Minuto de Dios - UNIMINUTO,90740-TECNICA PROFESIONAL EN PRODUCCION DE CAFE,Femenino,2012-1,2022,Dependiente,Comercio al por mayor y al por menor; reparación de vehículos automotores y motocicletas,1,1,,"100,0%",NaN
2829-Corporación Universitaria Minuto de Dios - UNIMINUTO,90740-TECNICA PROFESIONAL EN PRODUCCION DE CAFE,Femenino,2012-1,2022,No cotizante,SIN DATO,11,0,,"0,0%",NaN
2829-Corporación Universitaria Minuto de Dios - UNIMINUTO,90740-TECNICA PROFESIONAL EN PRODUCCION DE CAFE,Femenino,2012-1,2023,Dependiente,Administración pública y defensa; planes de seguridad social de afiliación obligatoria,1,1,,"100,0%",NaN
2829-Corporación Universitaria Minuto de Dios - UNIMINUTO,90740-TECNICA PROFESIONAL EN PRODUCCION DE CAFE,Femenino,2012-1,2023,Dependiente,Comercio al por mayor y al por menor; reparación de vehículos automotores y motocicletas,1,1,,"100,0%",NaN
2829-Corporación Universitaria Minuto de Dios - UNIMINUTO,90740-TECNICA PROFESIONAL EN PRODUCCION DE CAFE,Femenino,2012-1,2023,Independiente,Otras actividades de servicios,1,1,,"100,0%",NaN
2829-Corporación Universitaria Minuto de Dios - UNIMINUTO,90740-TECNICA PROFESIONAL EN PRODUCCION DE CAFE,Femenino,2012-1,2023,No cotizante,SIN DATO,9,0,,"0,0%",NaN
2829-Corporación Universitaria Minuto de Dios - UNIMINUTO,90740-TECNICA PROFESIONAL EN PRODUCCION DE CAFE,Masculino,2012-1,2013,Dependiente,Sin información,4,4,,"100,0%",$1.152.500
2829-Corporación Universitaria Minuto de Dios - UNIMINUTO,90740-TECNICA PROFESIONAL EN PRODUCCION DE CAFE,Masculino,2012-1,2013,Independiente,Sin información,2,2,,"100,0%",NaN
2829-Corporación Universitaria Minuto de Dios - UNIMINUTO,90740-TECNICA PROFESIONAL EN PRODUCCION DE CAFE,Masculino,2012-1,2013,No cotizante,Sin información,11,0,,"0,0%",NaN
2829-Corporación Universitaria Minuto de Dios - UNIMINUTO,90740-TECNICA PROFESIONAL EN PRODUCCION DE CAFE,Masculino,2012-1,2014,Dependiente,Administración pública y defensa; planes de seguridad social de afiliación obligatoria,1,1,,"100,0%",$1.335.000
2829-Corporación Universitaria Minuto de Dios - UNIMINUTO,90740-TECNICA PROFESIONAL EN PRODUCCION DE CAFE,Masculino,2012-1,2014,Dependiente,"Distribución de agua; evacuación y tratamiento de aguas residuales, gestión de desechos y actividades de saneamiento ambiental",1,1,,"100,0%",$1.082.000
2829-Corporación Universitaria Minuto de Dios - UNIMINUTO,90740-TECNICA PROFESIONAL EN PRODUCCION DE CAFE,Masculino,2012-1,2014,Dependiente,Sin información,1,1,,"100,0%",$616.000
2829-Corporación Universitaria Minuto de Dios - UNIMINUTO,90740-TECNICA PROFESIONAL EN PRODUCCION DE CAFE,Masculino,2012-1,2014,Independiente,Administración pública y defensa; planes de seguridad social de afiliación obligatoria,1,1,,"100,0%",NaN
2829-Corporación Universitaria Minuto de Dios - UNIMINUTO,90740-TECNICA PROFESIONAL EN PRODUCCION DE CAFE,Masculino,2012-1,2014,Independiente,Sin información,1,1,,"100,0%",NaN
2829-Corporación Universitaria Minuto de Dios - UNIMINUTO,90740-TECNICA PROFESIONAL EN PRODUCCION DE CAFE,Masculino,2012-1,2014,No cotizante,Sin información,12,0,,"0,0%",NaN
2829-Corporación Universitaria Minuto de Dios - UNIMINUTO,90740-TECNICA PROFESIONAL EN PRODUCCION DE CAFE,Masculino,2012-1,2015,Dependiente,Administración pública y defensa; planes de seguridad social de afiliación obligatoria,1,1,,"100,0%",$2.611.000
2829-Corporación Universitaria Minuto de Dios - UNIMINUTO,90740-TECNICA PROFESIONAL EN PRODUCCION DE CAFE,Masculino,2012-1,2015,Dependiente,Construccion,1,1,,"100,0%",$644.350
2829-Corporación Universitaria Minuto de Dios - UNIMINUTO,90740-TECNICA PROFESIONAL EN PRODUCCION DE CAFE,Masculino,2012-1,2015,Dependiente,"Distribución de agua; evacuación y tratamiento de aguas residuales, gestión de desechos y actividades de saneamiento ambiental",1,1,,"100,0%",$1.131.000
2829-Corporación Universitaria Minuto de Dios - UNIMINUTO,90740-TECNICA PROFESIONAL EN PRODUCCION DE CAFE,Masculino,2012-1,2015,Dependiente,Industrias manufactureras,1,1,,"100,0%",$1.860.000
2829-Corporación Universitaria Minuto de Dios - UNIMINUTO,90740-TECNICA PROFESIONAL EN PRODUCCION DE CAFE,Masculino,2012-1,2015,Dependiente,Otras actividades de servicios,1,1,,"100,0%",$1.653.000
2829-Corporación Universitaria Minuto de Dios - UNIMINUTO,90740-TECNICA PROFESIONAL EN PRODUCCION DE CAFE,Masculino,2012-1,2015,Independiente,Actividades de atención de la salud humana y de asistencia social,1,1,,"100,0%",NaN
2829-Corporación Universitaria Minuto de Dios - UNIMINUTO,90740-TECNICA PROFESIONAL EN PRODUCCION DE CAFE,Masculino,2012-1,2015,Independiente,Sin información,1,1,,"100,0%",NaN
2829-Corporación Universitaria Minuto de Dios - UNIMINUTO,90740-TECNICA PROFESIONAL EN PRODUCCION DE CAFE,Masculino,2012-1,2015,No cotizante,Sin información,10,0,,"0,0%",NaN
2829-Corporación Universitaria Minuto de Dios - UNIMINUTO,90740-TECNICA PROFESIONAL EN PRODUCCION DE CAFE,Masculino,2012-1,2016,Dependiente,"Agricultura, ganadería, caza, silvicultura y pesca",2,2,,"100,0%",$1.473.572
2829-Corporación Universitaria Minuto de Dios - UNIMINUTO,90740-TECNICA PROFESIONAL EN PRODUCCION DE CAFE,Masculino,2012-1,2016,Dependiente,Sin información,2,2,,"100,0%",$1.638.000
2829-Corporación Universitaria Minuto de Dios - UNIMINUTO,90740-TECNICA PROFESIONAL EN PRODUCCION DE CAFE,Masculino,2012-1,2016,Independiente,Administración pública y defensa; planes de seguridad social de afiliación obligatoria,1,1,,"100,0%",NaN
2829-Corporación Universitaria Minuto de Dios - UNIMINUTO,90740-TECNICA PROFESIONAL EN PRODUCCION DE CAFE,Masculino,2012-1,2016,Independiente,Información y comunicaciones,1,1,,"100,0%",NaN
2829-Corporación Universitaria Minuto de Dios - UNIMINUTO,90740-TECNICA PROFESIONAL EN PRODUCCION DE CAFE,Masculino,2012-1,2016,No cotizante,Sin información,11,0,,"0,0%",NaN
2829-Corporación Universitaria Minuto de Dios - UNIMINUTO,90740-TECNICA PROFESIONAL EN PRODUCCION DE CAFE,Masculino,2012-1,2017,Dependiente,Actividades de servicios administrativos y de apoyo,1,1,,"100,0%",NaN
2829-Corporación Universitaria Minuto de Dios - UNIMINUTO,90740-TECNICA PROFESIONAL EN PRODUCCION DE CAFE,Masculino,2012-1,2017,Dependiente,Actividades financieras y de seguros,1,1,,"100,0%",NaN
2829-Corporación Universitaria Minuto de Dios - UNIMINUTO,90740-TECNICA PROFESIONAL EN PRODUCCION DE CAFE,Masculino,2012-1,2017,Dependiente,Comercio al por mayor y al por menor; reparación de vehículos automotores y motocicletas,1,1,,"100,0%",NaN
2829-Corporación Universitaria Minuto de Dios - UNIMINUTO,90740-TECNICA PROFESIONAL EN PRODUCCION DE CAFE,Masculino,2012-1,2017,Dependiente,Sin información,1,1,,"100,0%",NaN
2829-Corporación Universitaria Minuto de Dios - UNIMINUTO,90740-TECNICA PROFESIONAL EN PRODUCCION DE CAFE,Masculino,2012-1,2017,Independiente,Comercio al por mayor y al por menor; reparación de vehículos automotores y motocicletas,1,1,,"100,0%",NaN
2829-Corporación Universitaria Minuto de Dios - UNIMINUTO,90740-TECNICA PROFESIONAL EN PRODUCCION DE CAFE,Masculino,2012-1,2017,No cotizante,Sin información,11,0,,"0,0%",NaN
2829-Corporación Universitaria Minuto de Dios - UNIMINUTO,90740-TECNICA PROFESIONAL EN PRODUCCION DE CAFE,Masculino,2012-1,2018,Dependiente,Actividades de servicios administrativos y de apoyo,1,1,,"100,0%",NaN
2829-Corporación Universitaria Minuto de Dios - UNIMINUTO,90740-TECNICA PROFESIONAL EN PRODUCCION DE CAFE,Masculino,2012-1,2018,Dependiente,Actividades financieras y de seguros,1,1,,"100,0%",NaN
2829-Corporación Universitaria Minuto de Dios - UNIMINUTO,90740-TECNICA PROFESIONAL EN PRODUCCION DE CAFE,Masculino,2012-1,2018,Dependiente,Comercio al por mayor y al por menor; reparación de vehículos automotores y motocicletas,1,1,,"100,0%",NaN
2829-Corporación Universitaria Minuto de Dios - UNIMINUTO,90740-TECNICA PROFESIONAL EN PRODUCCION DE CAFE,Masculino,2012-1,2018,Independiente,Sin información,1,1,,"100,0%",NaN
2829-Corporación Universitaria Minuto de Dios - UNIMINUTO,90740-TECNICA PROFESIONAL EN PRODUCCION DE CAFE,Masculino,2012-1,2018,No cotizante,Sin información,11,0,,"0,0%",NaN
2829-Corporación Universitaria Minuto de Dios - UNIMINUTO,90740-TECNICA PROFESIONAL EN PRODUCCION DE CAFE,Masculino,2012-1,2019,Dependiente,Administración pública y defensa; planes de seguridad social de afiliación obligatoria,1,1,,"100,0%",NaN
2829-Corporación Universitaria Minuto de Dios - UNIMINUTO,90740-TECNICA PROFESIONAL EN PRODUCCION DE CAFE,Masculino,2012-1,2019,Dependiente,Comercio al por mayor y al por menor; reparación de vehículos automotores y motocicletas,1,1,,"100,0%",NaN
2829-Corporación Universitaria Minuto de Dios - UNIMINUTO,90740-TECNICA PROFESIONAL EN PRODUCCION DE CAFE,Masculino,2012-1,2019,Independiente,"Actividades profesionales, científicas y técnicas",1,1,,"100,0%",NaN
2829-Corporación Universitaria Minuto de Dios - UNIMINUTO,90740-TECNICA PROFESIONAL EN PRODUCCION DE CAFE,Masculino,2012-1,2019,No cotizante,Sin información,14,0,,"0,0%",NaN
2829-Corporación Universitaria Minuto de Dios - UNIMINUTO,90740-TECNICA PROFESIONAL EN PRODUCCION DE CAFE,Masculino,2012-1,2020,Dependiente,Actividades financieras y de seguros,1,1,,"100,0%",NaN
2829-Corporación Universitaria Minuto de Dios - UNIMINUTO,90740-TECNICA PROFESIONAL EN PRODUCCION DE CAFE,Masculino,2012-1,2020,Dependiente,Comercio al por mayor y al por menor; reparación de vehículos automotores y motocicletas,1,1,,"100,0%",NaN
2829-Corporación Universitaria Minuto de Dios - UNIMINUTO,90740-TECNICA PROFESIONAL EN PRODUCCION DE CAFE,Masculino,2012-1,2020,Dependiente,Construccion,2,2,,"100,0%",NaN
2829-Corporación Universitaria Minuto de Dios - UNIMINUTO,90740-TECNICA PROFESIONAL EN PRODUCCION DE CAFE,Masculino,2012-1,2020,Independiente,"Actividades profesionales, científicas y técnicas",1,1,,"100,0%",NaN
2829-Corporación Universitaria Minuto de Dios - UNIMINUTO,90740-TECNICA PROFESIONAL EN PRODUCCION DE CAFE,Masculino,2012-1,2020,No cotizante,Sin información,12,0,,"0,0%",NaN
2829-Corporación Universitaria Minuto de Dios - UNIMINUTO,90740-TECNICA PROFESIONAL EN PRODUCCION DE CAFE,Masculino,2012-1,2021,Dependiente,Actividades financieras y de seguros,1,1,,"100,0%",NaN
2829-Corporación Universitaria Minuto de Dios - UNIMINUTO,90740-TECNICA PROFESIONAL EN PRODUCCION DE CAFE,Masculino,2012-1,2021,Dependiente,Comercio al por mayor y al por menor; reparación de vehículos automotores y motocicletas,1,1,,"100,0%",NaN
2829-Corporación Universitaria Minuto de Dios - UNIMINUTO,90740-TECNICA PROFESIONAL EN PRODUCCION DE CAFE,Masculino,2012-1,2021,Independiente,Administración pública y defensa; planes de seguridad social de afiliación obligatoria,2,2,,"100,0%",NaN
2829-Corporación Universitaria Minuto de Dios - UNIMINUTO,90740-TECNICA PROFESIONAL EN PRODUCCION DE CAFE,Masculino,2012-1,2021,Independiente,"Agricultura, ganadería, caza, silvicultura y pesca",1,1,,"100,0%",NaN
2829-Corporación Universitaria Minuto de Dios - UNIMINUTO,90740-TECNICA PROFESIONAL EN PRODUCCION DE CAFE,Masculino,2012-1,2021,No cotizante,Sin información,12,0,,"0,0%",NaN
2829-Corporación Universitaria Minuto de Dios - UNIMINUTO,90740-TECNICA PROFESIONAL EN PRODUCCION DE CAFE,Masculino,2012-1,2022,Dependiente,Actividades financieras y de seguros,1,1,,"100,0%",NaN
2829-Corporación Universitaria Minuto de Dios - UNIMINUTO,90740-TECNICA PROFESIONAL EN PRODUCCION DE CAFE,Masculino,2012-1,2022,Dependiente,Comercio al por mayor y al por menor; reparación de vehículos automotores y motocicletas,1,1,,"100,0%",NaN
2829-Corporación Universitaria Minuto de Dios - UNIMINUTO,90740-TECNICA PROFESIONAL EN PRODUCCION DE CAFE,Masculino,2012-1,2022,Independiente,Administración pública y defensa; planes de seguridad social de afiliación obligatoria,1,1,,"100,0%",NaN
2829-Corporación Universitaria Minuto de Dios - UNIMINUTO,90740-TECNICA PROFESIONAL EN PRODUCCION DE CAFE,Masculino,2012-1,2022,No cotizante,SIN DATO,13,0,,"0,0%",NaN
2829-Corporación Universitaria Minuto de Dios - UNIMINUTO,90740-TECNICA PROFESIONAL EN PRODUCCION DE CAFE,Masculino,2012-1,2023,Dependiente,Actividades financieras y de seguros,1,1,,"100,0%",NaN
2829-Corporación Universitaria Minuto de Dios - UNIMINUTO,90740-TECNICA PROFESIONAL EN PRODUCCION DE CAFE,Masculino,2012-1,2023,Dependiente,Comercio al por mayor y al por menor; reparación de vehículos automotores y motocicletas,1,1,,"100,0%",NaN
2829-Corporación Universitaria Minuto de Dios - UNIMINUTO,90740-TECNICA PROFESIONAL EN PRODUCCION DE CAFE,Masculino,2012-1,2023,Independiente,Administración pública y defensa; planes de seguridad social de afiliación obligatoria,1,1,,"100,0%",NaN
2829-Corporación Universitaria Minuto de Dios - UNIMINUTO,90740-TECNICA PROFESIONAL EN PRODUCCION DE CAFE,Masculino,2012-1,2023,Independiente,"Agricultura, ganadería, caza, silvicultura y pesca",1,1,,"100,0%",NaN
2829-Corporación Universitaria Minuto de Dios - UNIMINUTO,90740-TECNICA PROFESIONAL EN PRODUCCION DE CAFE,Masculino,2012-1,2023,No cotizante,SIN DATO,12,0,,"0,0%",NaN
2727-Fundación Universitaria - CEIPA,52092-ADMINISTRACION DE EMPRESAS,Femenino,2012-1,2016,Dependiente,Actividades financieras y de seguros,12,12,,"100,0%",$3.719.667
2727-Fundación Universitaria - CEIPA,52092-ADMINISTRACION DE EMPRESAS,Femenino,2012-1,2016,Dependiente,"Actividades profesionales, científicas y técnicas",4,4,,"100,0%",$2.392.114
2727-Fundación Universitaria - CEIPA,52092-ADMINISTRACION DE EMPRESAS,Femenino,2012-1,2016,Dependiente,Educación,1,1,,"100,0%",$1.701.000
2727-Fundación Universitaria - CEIPA,52092-ADMINISTRACION DE EMPRESAS,Femenino,2012-1,2016,Dependiente,Industrias manufactureras,1,1,,"100,0%",$2.105.000
2727-Fundación Universitaria - CEIPA,52092-ADMINISTRACION DE EMPRESAS,Femenino,2012-1,2016,Dependiente,Información y comunicaciones,2,2,,"100,0%",$2.733.000
2727-Fundación Universitaria - CEIPA,52092-ADMINISTRACION DE EMPRESAS,Femenino,2012-1,2016,Independiente,Información y comunicaciones,1,1,,"100,0%",NaN
2727-Fundación Universitaria - CEIPA,52092-ADMINISTRACION DE EMPRESAS,Femenino,2012-1,2016,Independiente,Sin información,2,2,,"100,0%",NaN
2727-Fundación Universitaria - CEIPA,52092-ADMINISTRACION DE EMPRESAS,Femenino,2012-1,2017,Dependiente,Actividades de servicios administrativos y de apoyo,1,1,,"100,0%",NaN
2727-Fundación Universitaria - CEIPA,52092-ADMINISTRACION DE EMPRESAS,Femenino,2012-1,2017,Dependiente,Actividades financieras y de seguros,15,15,,"100,0%",NaN
2727-Fundación Universitaria - CEIPA,52092-ADMINISTRACION DE EMPRESAS,Femenino,2012-1,2017,Dependiente,"Actividades profesionales, científicas y técnicas",2,2,,"100,0%",NaN
2727-Fundación Universitaria - CEIPA,52092-ADMINISTRACION DE EMPRESAS,Femenino,2012-1,2017,Dependiente,Administración pública y defensa; planes de seguridad social de afiliación obligatoria,1,1,,"100,0%",NaN
2727-Fundación Universitaria - CEIPA,52092-ADMINISTRACION DE EMPRESAS,Femenino,2012-1,2017,Dependiente,Educación,2,2,,"100,0%",NaN
2727-Fundación Universitaria - CEIPA,52092-ADMINISTRACION DE EMPRESAS,Femenino,2012-1,2017,Dependiente,Industrias manufactureras,3,3,,"100,0%",NaN
2727-Fundación Universitaria - CEIPA,52092-ADMINISTRACION DE EMPRESAS,Femenino,2012-1,2017,Dependiente,Sin información,6,6,,"100,0%",NaN
2727-Fundación Universitaria - CEIPA,52092-ADMINISTRACION DE EMPRESAS,Femenino,2012-1,2017,Dependiente,"Suministro de electricidad, gas, vapor y aire acondicionado",3,3,,"100,0%",NaN
2727-Fundación Universitaria - CEIPA,52092-ADMINISTRACION DE EMPRESAS,Femenino,2012-1,2017,Independiente,Actividades de servicios administrativos y de apoyo,1,1,,"100,0%",NaN
2727-Fundación Universitaria - CEIPA,52092-ADMINISTRACION DE EMPRESAS,Femenino,2012-1,2017,Independiente,Información y comunicaciones,1,1,,"100,0%",NaN
2727-Fundación Universitaria - CEIPA,52092-ADMINISTRACION DE EMPRESAS,Femenino,2012-1,2017,Independiente,Sin información,1,1,,"100,0%",NaN
2727-Fundación Universitaria - CEIPA,52092-ADMINISTRACION DE EMPRESAS,Femenino,2012-1,2017,No cotizante,Sin información,5,0,,"0,0%",NaN
2727-Fundación Universitaria - CEIPA,52092-ADMINISTRACION DE EMPRESAS,Femenino,2012-1,2018,Dependiente,Actividades financieras y de seguros,12,12,,"100,0%",NaN
2727-Fundación Universitaria - CEIPA,52092-ADMINISTRACION DE EMPRESAS,Femenino,2012-1,2018,Dependiente,"Actividades profesionales, científicas y técnicas",3,3,,"100,0%",NaN
2727-Fundación Universitaria - CEIPA,52092-ADMINISTRACION DE EMPRESAS,Femenino,2012-1,2018,Dependiente,Administración pública y defensa; planes de seguridad social de afiliación obligatoria,1,1,,"100,0%",NaN
2727-Fundación Universitaria - CEIPA,52092-ADMINISTRACION DE EMPRESAS,Femenino,2012-1,2018,Dependiente,Comercio al por mayor y al por menor; reparación de vehículos automotores y motocicletas,1,1,,"100,0%",NaN
2727-Fundación Universitaria - CEIPA,52092-ADMINISTRACION DE EMPRESAS,Femenino,2012-1,2018,Dependiente,Educación,2,2,,"100,0%",NaN
2727-Fundación Universitaria - CEIPA,52092-ADMINISTRACION DE EMPRESAS,Femenino,2012-1,2018,Dependiente,Industrias manufactureras,2,2,,"100,0%",NaN
2727-Fundación Universitaria - CEIPA,52092-ADMINISTRACION DE EMPRESAS,Femenino,2012-1,2018,Dependiente,Sin información,5,5,,"100,0%",NaN
2727-Fundación Universitaria - CEIPA,52092-ADMINISTRACION DE EMPRESAS,Femenino,2012-1,2018,Dependiente,"Suministro de electricidad, gas, vapor y aire acondicionado",3,3,,"100,0%",NaN
2727-Fundación Universitaria - CEIPA,52092-ADMINISTRACION DE EMPRESAS,Femenino,2012-1,2018,Independiente,Información y comunicaciones,1,1,,"100,0%",NaN
2727-Fundación Universitaria - CEIPA,52092-ADMINISTRACION DE EMPRESAS,Femenino,2012-1,2018,Independiente,Sin información,2,2,,"100,0%",NaN
2727-Fundación Universitaria - CEIPA,52092-ADMINISTRACION DE EMPRESAS,Femenino,2012-1,2018,No cotizante,Sin información,5,0,,"0,0%",NaN
2727-Fundación Universitaria - CEIPA,52092-ADMINISTRACION DE EMPRESAS,Femenino,2012-1,2019,Dependiente,Actividades de servicios administrativos y de apoyo,1,1,,"100,0%",NaN
2727-Fundación Universitaria - CEIPA,52092-ADMINISTRACION DE EMPRESAS,Femenino,2012-1,2019,Dependiente,"Actividades profesionales, científicas y técnicas",3,3,,"100,0%",NaN
2727-Fundación Universitaria - CEIPA,52092-ADMINISTRACION DE EMPRESAS,Femenino,2012-1,2019,Dependiente,Administración pública y defensa; planes de seguridad social de afiliación obligatoria,15,15,,"100,0%",NaN
2727-Fundación Universitaria - CEIPA,52092-ADMINISTRACION DE EMPRESAS,Femenino,2012-1,2019,Dependiente,Comercio al por mayor y al por menor; reparación de vehículos automotores y motocicletas,1,1,,"100,0%",NaN
2727-Fundación Universitaria - CEIPA,52092-ADMINISTRACION DE EMPRESAS,Femenino,2012-1,2019,Dependiente,Educación,1,1,,"100,0%",NaN
2727-Fundación Universitaria - CEIPA,52092-ADMINISTRACION DE EMPRESAS,Femenino,2012-1,2019,Dependiente,Industrias manufactureras,1,1,,"100,0%",NaN
2727-Fundación Universitaria - CEIPA,52092-ADMINISTRACION DE EMPRESAS,Femenino,2012-1,2019,Dependiente,Sin información,1,1,,"100,0%",NaN
2727-Fundación Universitaria - CEIPA,52092-ADMINISTRACION DE EMPRESAS,Femenino,2012-1,2019,Dependiente,"Suministro de electricidad, gas, vapor y aire acondicionado",3,3,,"100,0%",NaN
2727-Fundación Universitaria - CEIPA,52092-ADMINISTRACION DE EMPRESAS,Femenino,2012-1,2019,Independiente,"Actividades profesionales, científicas y técnicas",1,1,,"100,0%",NaN
2727-Fundación Universitaria - CEIPA,52092-ADMINISTRACION DE EMPRESAS,Femenino,2012-1,2019,Independiente,Información y comunicaciones,1,1,,"100,0%",NaN
2727-Fundación Universitaria - CEIPA,52092-ADMINISTRACION DE EMPRESAS,Femenino,2012-1,2019,Independiente,Sin información,1,1,,"100,0%",NaN
2727-Fundación Universitaria - CEIPA,52092-ADMINISTRACION DE EMPRESAS,Femenino,2012-1,2019,No cotizante,Sin información,5,0,,"0,0%",NaN
2727-Fundación Universitaria - CEIPA,52092-ADMINISTRACION DE EMPRESAS,Femenino,2012-1,2020,Dependiente,Actividades de servicios administrativos y de apoyo,1,1,,"100,0%",NaN
2727-Fundación Universitaria - CEIPA,52092-ADMINISTRACION DE EMPRESAS,Femenino,2012-1,2020,Dependiente,"Actividades profesionales, científicas y técnicas",5,5,,"100,0%",NaN
2727-Fundación Universitaria - CEIPA,52092-ADMINISTRACION DE EMPRESAS,Femenino,2012-1,2020,Dependiente,Administración pública y defensa; planes de seguridad social de afiliación obligatoria,13,13,,"100,0%",NaN
2727-Fundación Universitaria - CEIPA,52092-ADMINISTRACION DE EMPRESAS,Femenino,2012-1,2020,Dependiente,Comercio al por mayor y al por menor; reparación de vehículos automotores y motocicletas,1,1,,"100,0%",NaN
2727-Fundación Universitaria - CEIPA,52092-ADMINISTRACION DE EMPRESAS,Femenino,2012-1,2020,Dependiente,Educación,1,1,,"100,0%",NaN
2727-Fundación Universitaria - CEIPA,52092-ADMINISTRACION DE EMPRESAS,Femenino,2012-1,2020,Dependiente,Industrias manufactureras,1,1,,"100,0%",NaN
2727-Fundación Universitaria - CEIPA,52092-ADMINISTRACION DE EMPRESAS,Femenino,2012-1,2020,Dependiente,Otras actividades de servicios,1,1,,"100,0%",NaN
2727-Fundación Universitaria - CEIPA,52092-ADMINISTRACION DE EMPRESAS,Femenino,2012-1,2020,Independiente,"Actividades profesionales, científicas y técnicas",1,1,,"100,0%",NaN
2727-Fundación Universitaria - CEIPA,52092-ADMINISTRACION DE EMPRESAS,Femenino,2012-1,2020,Independiente,Información y comunicaciones,1,1,,"100,0%",NaN
2727-Fundación Universitaria - CEIPA,52092-ADMINISTRACION DE EMPRESAS,Femenino,2012-1,2020,Independiente,Otras actividades de servicios,2,2,,"100,0%",NaN
2727-Fundación Universitaria - CEIPA,52092-ADMINISTRACION DE EMPRESAS,Femenino,2012-1,2020,No cotizante,Sin información,6,0,,"0,0%",NaN
2727-Fundación Universitaria - CEIPA,52092-ADMINISTRACION DE EMPRESAS,Femenino,2012-1,2021,Dependiente,Actividades de servicios administrativos y de apoyo,2,2,,"100,0%",NaN
2727-Fundación Universitaria - CEIPA,52092-ADMINISTRACION DE EMPRESAS,Femenino,2012-1,2021,Dependiente,Actividades financieras y de seguros,1,1,,"100,0%",NaN
2727-Fundación Universitaria - CEIPA,52092-ADMINISTRACION DE EMPRESAS,Femenino,2012-1,2021,Dependiente,"Actividades profesionales, científicas y técnicas",2,2,,"100,0%",NaN
2727-Fundación Universitaria - CEIPA,52092-ADMINISTRACION DE EMPRESAS,Femenino,2012-1,2021,Dependiente,Administración pública y defensa; planes de seguridad social de afiliación obligatoria,11,11,,"100,0%",NaN
2727-Fundación Universitaria - CEIPA,52092-ADMINISTRACION DE EMPRESAS,Femenino,2012-1,2021,Dependiente,Comercio al por mayor y al por menor; reparación de vehículos automotores y motocicletas,2,2,,"100,0%",NaN
2727-Fundación Universitaria - CEIPA,52092-ADMINISTRACION DE EMPRESAS,Femenino,2012-1,2021,Dependiente,Educación,1,1,,"100,0%",NaN
2727-Fundación Universitaria - CEIPA,52092-ADMINISTRACION DE EMPRESAS,Femenino,2012-1,2021,Dependiente,Industrias manufactureras,1,1,,"100,0%",NaN
2727-Fundación Universitaria - CEIPA,52092-ADMINISTRACION DE EMPRESAS,Femenino,2012-1,2021,Dependiente,Otras actividades de servicios,1,1,,"100,0%",NaN
2727-Fundación Universitaria - CEIPA,52092-ADMINISTRACION DE EMPRESAS,Femenino,2012-1,2021,Dependiente,"Suministro de electricidad, gas, vapor y aire acondicionado",2,2,,"100,0%",NaN
2727-Fundación Universitaria - CEIPA,52092-ADMINISTRACION DE EMPRESAS,Femenino,2012-1,2021,Independiente,Información y comunicaciones,1,1,,"100,0%",NaN
2727-Fundación Universitaria - CEIPA,52092-ADMINISTRACION DE EMPRESAS,Femenino,2012-1,2021,Independiente,Otras actividades de servicios,2,2,,"100,0%",NaN
2727-Fundación Universitaria - CEIPA,52092-ADMINISTRACION DE EMPRESAS,Femenino,2012-1,2021,No cotizante,Sin información,5,0,,"0,0%",NaN
2727-Fundación Universitaria - CEIPA,52092-ADMINISTRACION DE EMPRESAS,Femenino,2012-1,2022,Dependiente,Actividades de servicios administrativos y de apoyo,1,1,,"100,0%",NaN
2727-Fundación Universitaria - CEIPA,52092-ADMINISTRACION DE EMPRESAS,Femenino,2012-1,2022,Dependiente,Actividades financieras y de seguros,2,2,,"100,0%",NaN
2727-Fundación Universitaria - CEIPA,52092-ADMINISTRACION DE EMPRESAS,Femenino,2012-1,2022,Dependiente,"Actividades profesionales, científicas y técnicas",3,3,,"100,0%",NaN
2727-Fundación Universitaria - CEIPA,52092-ADMINISTRACION DE EMPRESAS,Femenino,2012-1,2022,Dependiente,Administración pública y defensa; planes de seguridad social de afiliación obligatoria,10,10,,"100,0%",NaN
2727-Fundación Universitaria - CEIPA,52092-ADMINISTRACION DE EMPRESAS,Femenino,2012-1,2022,Dependiente,Comercio al por mayor y al por menor; reparación de vehículos automotores y motocicletas,2,2,,"100,0%",NaN
2727-Fundación Universitaria - CEIPA,52092-ADMINISTRACION DE EMPRESAS,Femenino,2012-1,2022,Dependiente,Educación,1,1,,"100,0%",NaN
2727-Fundación Universitaria - CEIPA,52092-ADMINISTRACION DE EMPRESAS,Femenino,2012-1,2022,Dependiente,Industrias manufactureras,1,1,,"100,0%",NaN
2727-Fundación Universitaria - CEIPA,52092-ADMINISTRACION DE EMPRESAS,Femenino,2012-1,2022,Dependiente,Otras actividades de servicios,1,1,,"100,0%",NaN
2727-Fundación Universitaria - CEIPA,52092-ADMINISTRACION DE EMPRESAS,Femenino,2012-1,2022,Independiente,Actividades de servicios administrativos y de apoyo,1,1,,"100,0%",NaN
2727-Fundación Universitaria - CEIPA,52092-ADMINISTRACION DE EMPRESAS,Femenino,2012-1,2022,Independiente,Información y comunicaciones,1,1,,"100,0%",NaN
2727-Fundación Universitaria - CEIPA,52092-ADMINISTRACION DE EMPRESAS,Femenino,2012-1,2022,Independiente,Otras actividades de servicios,1,1,,"100,0%",NaN
2727-Fundación Universitaria - CEIPA,52092-ADMINISTRACION DE EMPRESAS,Femenino,2012-1,2022,No cotizante,SIN DATO,5,0,,"0,0%",NaN
2727-Fundación Universitaria - CEIPA,52092-ADMINISTRACION DE EMPRESAS,Femenino,2012-1,2023,Dependiente,Actividades de servicios administrativos y de apoyo,1,1,,"100,0%",NaN
2727-Fundación Universitaria - CEIPA,52092-ADMINISTRACION DE EMPRESAS,Femenino,2012-1,2023,Dependiente,Actividades financieras y de seguros,2,2,,"100,0%",NaN
2727-Fundación Universitaria - CEIPA,52092-ADMINISTRACION DE EMPRESAS,Femenino,2012-1,2023,Dependiente,"Actividades profesionales, científicas y técnicas",1,1,,"100,0%",NaN
2727-Fundación Universitaria - CEIPA,52092-ADMINISTRACION DE EMPRESAS,Femenino,2012-1,2023,Dependiente,Administración pública y defensa; planes de seguridad social de afiliación obligatoria,10,10,,"100,0%",NaN
2727-Fundación Universitaria - CEIPA,52092-ADMINISTRACION DE EMPRESAS,Femenino,2012-1,2023,Dependiente,Comercio al por mayor y al por menor; reparación de vehículos automotores y motocicletas,2,2,,"100,0%",NaN
2727-Fundación Universitaria - CEIPA,52092-ADMINISTRACION DE EMPRESAS,Femenino,2012-1,2023,Dependiente,Industrias manufactureras,1,1,,"100,0%",NaN
2727-Fundación Universitaria - CEIPA,52092-ADMINISTRACION DE EMPRESAS,Femenino,2012-1,2023,Dependiente,Otras actividades de servicios,1,1,,"100,0%",NaN
2727-Fundación Universitaria - CEIPA,52092-ADMINISTRACION DE EMPRESAS,Femenino,2012-1,2023,Dependiente,"Suministro de electricidad, gas, vapor y aire acondicionado",2,2,,"100,0%",NaN
2727-Fundación Universitaria - CEIPA,52092-ADMINISTRACION DE EMPRESAS,Femenino,2012-1,2023,Independiente,Actividades de servicios administrativos y de apoyo,1,1,,"100,0%",NaN
2727-Fundación Universitaria - CEIPA,52092-ADMINISTRACION DE EMPRESAS,Femenino,2012-1,2023,Independiente,Alojamiento y servicios de comida,1,1,,"100,0%",NaN
2727-Fundación Universitaria - CEIPA,52092-ADMINISTRACION DE EMPRESAS,Femenino,2012-1,2023,Independiente,Información y comunicaciones,1,1,,"100,0%",NaN
2727-Fundación Universitaria - CEIPA,52092-ADMINISTRACION DE EMPRESAS,Femenino,2012-1,2023,No cotizante,SIN DATO,6,0,,"0,0%",NaN
2727-Fundación Universitaria - CEIPA,52092-ADMINISTRACION DE EMPRESAS,Masculino,2012-1,2016,Dependiente,Actividades financieras y de seguros,6,6,,"100,0%",$5.441.333
2727-Fundación Universitaria - CEIPA,52092-ADMINISTRACION DE EMPRESAS,Masculino,2012-1,2016,Dependiente,"Actividades profesionales, científicas y técnicas",2,2,,"100,0%",$3.432.500
2727-Fundación Universitaria - CEIPA,52092-ADMINISTRACION DE EMPRESAS,Masculino,2012-1,2016,Dependiente,Sin información,1,1,,"100,0%",$2.700.000
2727-Fundación Universitaria - CEIPA,52092-ADMINISTRACION DE EMPRESAS,Masculino,2012-1,2016,Independiente,Información y comunicaciones,1,1,,"100,0%",NaN
2727-Fundación Universitaria - CEIPA,52092-ADMINISTRACION DE EMPRESAS,Masculino,2012-1,2016,No cotizante,Sin información,1,0,,"0,0%",NaN
2727-Fundación Universitaria - CEIPA,52092-ADMINISTRACION DE EMPRESAS,Masculino,2012-1,2017,Dependiente,Actividades financieras y de seguros,5,5,,"100,0%",NaN
2727-Fundación Universitaria - CEIPA,52092-ADMINISTRACION DE EMPRESAS,Masculino,2012-1,2017,Dependiente,"Actividades profesionales, científicas y técnicas",1,1,,"100,0%",NaN
2727-Fundación Universitaria - CEIPA,52092-ADMINISTRACION DE EMPRESAS,Masculino,2012-1,2017,Dependiente,Industrias manufactureras,1,1,,"100,0%",NaN
2727-Fundación Universitaria - CEIPA,52092-ADMINISTRACION DE EMPRESAS,Masculino,2012-1,2017,Dependiente,Información y comunicaciones,1,1,,"100,0%",NaN
2727-Fundación Universitaria - CEIPA,52092-ADMINISTRACION DE EMPRESAS,Masculino,2012-1,2017,Dependiente,Sin información,2,2,,"100,0%",NaN
2727-Fundación Universitaria - CEIPA,52092-ADMINISTRACION DE EMPRESAS,Masculino,2012-1,2017,Dependiente,"Suministro de electricidad, gas, vapor y aire acondicionado",1,1,,"100,0%",NaN
2727-Fundación Universitaria - CEIPA,52092-ADMINISTRACION DE EMPRESAS,Masculino,2012-1,2017,Independiente,"Actividades profesionales, científicas y técnicas",2,2,,"100,0%",NaN
2727-Fundación Universitaria - CEIPA,52092-ADMINISTRACION DE EMPRESAS,Masculino,2012-1,2017,No cotizante,Sin información,5,0,,"0,0%",NaN
2727-Fundación Universitaria - CEIPA,52092-ADMINISTRACION DE EMPRESAS,Masculino,2012-1,2018,Dependiente,Actividades financieras y de seguros,5,5,,"100,0%",NaN
2727-Fundación Universitaria - CEIPA,52092-ADMINISTRACION DE EMPRESAS,Masculino,2012-1,2018,Dependiente,"Actividades profesionales, científicas y técnicas",1,1,,"100,0%",NaN
2727-Fundación Universitaria - CEIPA,52092-ADMINISTRACION DE EMPRESAS,Masculino,2012-1,2018,Dependiente,Industrias manufactureras,1,1,,"100,0%",NaN
2727-Fundación Universitaria - CEIPA,52092-ADMINISTRACION DE EMPRESAS,Masculino,2012-1,2018,Dependiente,Información y comunicaciones,1,1,,"100,0%",NaN
2727-Fundación Universitaria - CEIPA,52092-ADMINISTRACION DE EMPRESAS,Masculino,2012-1,2018,Dependiente,Sin información,1,1,,"100,0%",NaN
2727-Fundación Universitaria - CEIPA,52092-ADMINISTRACION DE EMPRESAS,Masculino,2012-1,2018,Dependiente,"Suministro de electricidad, gas, vapor y aire acondicionado",1,1,,"100,0%",NaN
2727-Fundación Universitaria - CEIPA,52092-ADMINISTRACION DE EMPRESAS,Masculino,2012-1,2018,Dependiente,Transporte y almacenamiento,1,1,,"100,0%",NaN
2727-Fundación Universitaria - CEIPA,52092-ADMINISTRACION DE EMPRESAS,Masculino,2012-1,2018,Independiente,"Actividades profesionales, científicas y técnicas",2,2,,"100,0%",NaN
2727-Fundación Universitaria - CEIPA,52092-ADMINISTRACION DE EMPRESAS,Masculino,2012-1,2018,No cotizante,Sin información,5,0,,"0,0%",NaN
2727-Fundación Universitaria - CEIPA,52092-ADMINISTRACION DE EMPRESAS,Masculino,2012-1,2019,Dependiente,Actividades financieras y de seguros,3,3,,"100,0%",NaN
2727-Fundación Universitaria - CEIPA,52092-ADMINISTRACION DE EMPRESAS,Masculino,2012-1,2019,Dependiente,"Actividades profesionales, científicas y técnicas",1,1,,"100,0%",NaN
2727-Fundación Universitaria - CEIPA,52092-ADMINISTRACION DE EMPRESAS,Masculino,2012-1,2019,Dependiente,Administración pública y defensa; planes de seguridad social de afiliación obligatoria,3,3,,"100,0%",NaN
2727-Fundación Universitaria - CEIPA,52092-ADMINISTRACION DE EMPRESAS,Masculino,2012-1,2019,Dependiente,Industrias manufactureras,1,1,,"100,0%",NaN
2727-Fundación Universitaria - CEIPA,52092-ADMINISTRACION DE EMPRESAS,Masculino,2012-1,2019,Dependiente,Información y comunicaciones,1,1,,"100,0%",NaN
2727-Fundación Universitaria - CEIPA,52092-ADMINISTRACION DE EMPRESAS,Masculino,2012-1,2019,Dependiente,"Suministro de electricidad, gas, vapor y aire acondicionado",1,1,,"100,0%",NaN
2727-Fundación Universitaria - CEIPA,52092-ADMINISTRACION DE EMPRESAS,Masculino,2012-1,2019,Independiente,"Actividades profesionales, científicas y técnicas",1,1,,"100,0%",NaN
2727-Fundación Universitaria - CEIPA,52092-ADMINISTRACION DE EMPRESAS,Masculino,2012-1,2019,No cotizante,Sin información,7,0,,"0,0%",NaN
2727-Fundación Universitaria - CEIPA,52092-ADMINISTRACION DE EMPRESAS,Masculino,2012-1,2020,Dependiente,Actividades de servicios administrativos y de apoyo,1,1,,"100,0%",NaN
2727-Fundación Universitaria - CEIPA,52092-ADMINISTRACION DE EMPRESAS,Masculino,2012-1,2020,Dependiente,Actividades financieras y de seguros,2,2,,"100,0%",NaN
2727-Fundación Universitaria - CEIPA,52092-ADMINISTRACION DE EMPRESAS,Masculino,2012-1,2020,Dependiente,"Actividades profesionales, científicas y técnicas",3,3,,"100,0%",NaN
2727-Fundación Universitaria - CEIPA,52092-ADMINISTRACION DE EMPRESAS,Masculino,2012-1,2020,Dependiente,Administración pública y defensa; planes de seguridad social de afiliación obligatoria,2,2,,"100,0%",NaN
2727-Fundación Universitaria - CEIPA,52092-ADMINISTRACION DE EMPRESAS,Masculino,2012-1,2020,Dependiente,Información y comunicaciones,1,1,,"100,0%",NaN
2727-Fundación Universitaria - CEIPA,52092-ADMINISTRACION DE EMPRESAS,Masculino,2012-1,2020,Independiente,"Actividades profesionales, científicas y técnicas",1,1,,"100,0%",NaN
2727-Fundación Universitaria - CEIPA,52092-ADMINISTRACION DE EMPRESAS,Masculino,2012-1,2020,No cotizante,Sin información,7,0,,"0,0%",NaN
2727-Fundación Universitaria - CEIPA,52092-ADMINISTRACION DE EMPRESAS,Masculino,2012-1,2021,Dependiente,Actividades de servicios administrativos y de apoyo,1,1,,"100,0%",NaN
2727-Fundación Universitaria - CEIPA,52092-ADMINISTRACION DE EMPRESAS,Masculino,2012-1,2021,Dependiente,Actividades financieras y de seguros,2,2,,"100,0%",NaN
2727-Fundación Universitaria - CEIPA,52092-ADMINISTRACION DE EMPRESAS,Masculino,2012-1,2021,Dependiente,Actividades inmobiliarias,1,1,,"100,0%",NaN
2727-Fundación Universitaria - CEIPA,52092-ADMINISTRACION DE EMPRESAS,Masculino,2012-1,2021,Dependiente,"Actividades profesionales, científicas y técnicas",2,2,,"100,0%",NaN
2727-Fundación Universitaria - CEIPA,52092-ADMINISTRACION DE EMPRESAS,Masculino,2012-1,2021,Dependiente,Administración pública y defensa; planes de seguridad social de afiliación obligatoria,2,2,,"100,0%",NaN
2727-Fundación Universitaria - CEIPA,52092-ADMINISTRACION DE EMPRESAS,Masculino,2012-1,2021,Dependiente,Información y comunicaciones,1,1,,"100,0%",NaN
2727-Fundación Universitaria - CEIPA,52092-ADMINISTRACION DE EMPRESAS,Masculino,2012-1,2021,Dependiente,"Suministro de electricidad, gas, vapor y aire acondicionado",1,1,,"100,0%",NaN
2727-Fundación Universitaria - CEIPA,52092-ADMINISTRACION DE EMPRESAS,Masculino,2012-1,2021,Independiente,"Actividades profesionales, científicas y técnicas",1,1,,"100,0%",NaN
2727-Fundación Universitaria - CEIPA,52092-ADMINISTRACION DE EMPRESAS,Masculino,2012-1,2021,No cotizante,Sin información,6,0,,"0,0%",NaN
2727-Fundación Universitaria - CEIPA,52092-ADMINISTRACION DE EMPRESAS,Masculino,2012-1,2022,Dependiente,Actividades de servicios administrativos y de apoyo,1,1,,"100,0%",NaN
2727-Fundación Universitaria - CEIPA,52092-ADMINISTRACION DE EMPRESAS,Masculino,2012-1,2022,Dependiente,Actividades financieras y de seguros,2,2,,"100,0%",NaN
2727-Fundación Universitaria - CEIPA,52092-ADMINISTRACION DE EMPRESAS,Masculino,2012-1,2022,Dependiente,"Actividades profesionales, científicas y técnicas",1,1,,"100,0%",NaN
2727-Fundación Universitaria - CEIPA,52092-ADMINISTRACION DE EMPRESAS,Masculino,2012-1,2022,Dependiente,Administración pública y defensa; planes de seguridad social de afiliación obligatoria,2,2,,"100,0%",NaN
2727-Fundación Universitaria - CEIPA,52092-ADMINISTRACION DE EMPRESAS,Masculino,2012-1,2022,Dependiente,Industrias manufactureras,1,1,,"100,0%",NaN
2727-Fundación Universitaria - CEIPA,52092-ADMINISTRACION DE EMPRESAS,Masculino,2012-1,2022,Dependiente,Información y comunicaciones,1,1,,"100,0%",NaN
2727-Fundación Universitaria - CEIPA,52092-ADMINISTRACION DE EMPRESAS,Masculino,2012-1,2022,Independiente,"Actividades profesionales, científicas y técnicas",2,2,,"100,0%",NaN
2727-Fundación Universitaria - CEIPA,52092-ADMINISTRACION DE EMPRESAS,Masculino,2012-1,2022,No cotizante,SIN DATO,6,0,,"0,0%",NaN
2727-Fundación Universitaria - CEIPA,52092-ADMINISTRACION DE EMPRESAS,Masculino,2012-1,2023,Dependiente,Actividades de servicios administrativos y de apoyo,1,1,,"100,0%",NaN
2727-Fundación Universitaria - CEIPA,52092-ADMINISTRACION DE EMPRESAS,Masculino,2012-1,2023,Dependiente,Actividades financieras y de seguros,2,2,,"100,0%",NaN
2727-Fundación Universitaria - CEIPA,52092-ADMINISTRACION DE EMPRESAS,Masculino,2012-1,2023,Dependiente,Administración pública y defensa; planes de seguridad social de afiliación obligatoria,2,2,,"100,0%",NaN
2727-Fundación Universitaria - CEIPA,52092-ADMINISTRACION DE EMPRESAS,Masculino,2012-1,2023,Dependiente,Información y comunicaciones,1,1,,"100,0%",NaN
2727-Fundación Universitaria - CEIPA,52092-ADMINISTRACION DE EMPRESAS,Masculino,2012-1,2023,Dependiente,"Suministro de electricidad, gas, vapor y aire acondicionado",1,1,,"100,0%",NaN
2727-Fundación Universitaria - CEIPA,52092-ADMINISTRACION DE EMPRESAS,Masculino,2012-1,2023,Independiente,"Actividades profesionales, científicas y técnicas",2,2,,"100,0%",NaN
2727-Fundación Universitaria - CEIPA,52092-ADMINISTRACION DE EMPRESAS,Masculino,2012-1,2023,Independiente,Otras actividades de servicios,1,1,,"100,0%",NaN
2727-Fundación Universitaria - CEIPA,52092-ADMINISTRACION DE EMPRESAS,Masculino,2012-1,2023,No cotizante,SIN DATO,6,0,,"0,0%",NaN
2727-Fundación Universitaria - CEIPA,52764-ADMINISTRACION DE NEGOCIOS INTERNACIONALES,Femenino,2012-1,2017,Dependiente,"Actividades profesionales, científicas y técnicas",1,1,,"100,0%",NaN
2727-Fundación Universitaria - CEIPA,52764-ADMINISTRACION DE NEGOCIOS INTERNACIONALES,Femenino,2012-1,2017,Independiente,Sin información,1,1,,"100,0%",NaN
2727-Fundación Universitaria - CEIPA,52764-ADMINISTRACION DE NEGOCIOS INTERNACIONALES,Femenino,2012-1,2017,No cotizante,Sin información,2,0,,"0,0%",NaN
2727-Fundación Universitaria - CEIPA,52764-ADMINISTRACION DE NEGOCIOS INTERNACIONALES,Femenino,2012-1,2018,Dependiente,"Actividades profesionales, científicas y técnicas",1,1,,"100,0%",NaN
2727-Fundación Universitaria - CEIPA,52764-ADMINISTRACION DE NEGOCIOS INTERNACIONALES,Femenino,2012-1,2018,Independiente,Sin información,1,1,,"100,0%",NaN
2727-Fundación Universitaria - CEIPA,52764-ADMINISTRACION DE NEGOCIOS INTERNACIONALES,Femenino,2012-1,2018,No cotizante,Sin información,2,0,,"0,0%",NaN
2727-Fundación Universitaria - CEIPA,52764-ADMINISTRACION DE NEGOCIOS INTERNACIONALES,Femenino,2012-1,2019,Dependiente,"Actividades profesionales, científicas y técnicas",1,1,,"100,0%",NaN
2727-Fundación Universitaria - CEIPA,52764-ADMINISTRACION DE NEGOCIOS INTERNACIONALES,Femenino,2012-1,2019,Independiente,Administración pública y defensa; planes de seguridad social de afiliación obligatoria,1,1,,"100,0%",NaN
2727-Fundación Universitaria - CEIPA,52764-ADMINISTRACION DE NEGOCIOS INTERNACIONALES,Femenino,2012-1,2019,No cotizante,Sin información,2,0,,"0,0%",NaN
2727-Fundación Universitaria - CEIPA,52764-ADMINISTRACION DE NEGOCIOS INTERNACIONALES,Femenino,2012-1,2020,Dependiente,"Actividades profesionales, científicas y técnicas",1,1,,"100,0%",NaN
2727-Fundación Universitaria - CEIPA,52764-ADMINISTRACION DE NEGOCIOS INTERNACIONALES,Femenino,2012-1,2020,Independiente,Administración pública y defensa; planes de seguridad social de afiliación obligatoria,1,1,,"100,0%",NaN
2727-Fundación Universitaria - CEIPA,52764-ADMINISTRACION DE NEGOCIOS INTERNACIONALES,Femenino,2012-1,2020,No cotizante,Sin información,2,0,,"0,0%",NaN
2727-Fundación Universitaria - CEIPA,52764-ADMINISTRACION DE NEGOCIOS INTERNACIONALES,Femenino,2012-1,2021,Dependiente,Administración pública y defensa; planes de seguridad social de afiliación obligatoria,1,1,,"100,0%",NaN
2727-Fundación Universitaria - CEIPA,52764-ADMINISTRACION DE NEGOCIOS INTERNACIONALES,Femenino,2012-1,2021,Independiente,Administración pública y defensa; planes de seguridad social de afiliación obligatoria,1,1,,"100,0%",NaN
2727-Fundación Universitaria - CEIPA,52764-ADMINISTRACION DE NEGOCIOS INTERNACIONALES,Femenino,2012-1,2021,Independiente,Otras actividades de servicios,1,1,,"100,0%",NaN
2727-Fundación Universitaria - CEIPA,52764-ADMINISTRACION DE NEGOCIOS INTERNACIONALES,Femenino,2012-1,2021,No cotizante,Sin información,1,0,,"0,0%",NaN
2727-Fundación Universitaria - CEIPA,52764-ADMINISTRACION DE NEGOCIOS INTERNACIONALES,Femenino,2012-1,2022,Dependiente,Administración pública y defensa; planes de seguridad social de afiliación obligatoria,1,1,,"100,0%",NaN
2727-Fundación Universitaria - CEIPA,52764-ADMINISTRACION DE NEGOCIOS INTERNACIONALES,Femenino,2012-1,2022,Independiente,Otras actividades de servicios,1,1,,"100,0%",NaN
2727-Fundación Universitaria - CEIPA,52764-ADMINISTRACION DE NEGOCIOS INTERNACIONALES,Femenino,2012-1,2022,No cotizante,SIN DATO,2,0,,"0,0%",NaN
2727-Fundación Universitaria - CEIPA,52764-ADMINISTRACION DE NEGOCIOS INTERNACIONALES,Femenino,2012-1,2023,Dependiente,"Actividades profesionales, científicas y técnicas",1,1,,"100,0%",NaN
2727-Fundación Universitaria - CEIPA,52764-ADMINISTRACION DE NEGOCIOS INTERNACIONALES,Femenino,2012-1,2023,Independiente,Otras actividades de servicios,1,1,,"100,0%",NaN
2727-Fundación Universitaria - CEIPA,52764-ADMINISTRACION DE NEGOCIOS INTERNACIONALES,Femenino,2012-1,2023,No cotizante,SIN DATO,2,0,,"0,0%",NaN
2727-Fundación Universitaria - CEIPA,52764-ADMINISTRACION DE NEGOCIOS INTERNACIONALES,Masculino,2012-1,2017,Dependiente,Industrias manufactureras,1,1,,"100,0%",NaN
2727-Fundación Universitaria - CEIPA,52764-ADMINISTRACION DE NEGOCIOS INTERNACIONALES,Masculino,2012-1,2017,Independiente,Sin información,1,1,,"100,0%",NaN
2727-Fundación Universitaria - CEIPA,52764-ADMINISTRACION DE NEGOCIOS INTERNACIONALES,Masculino,2012-1,2018,Dependiente,Industrias manufactureras,1,1,,"100,0%",NaN
2727-Fundación Universitaria - CEIPA,52764-ADMINISTRACION DE NEGOCIOS INTERNACIONALES,Masculino,2012-1,2018,Independiente,Sin información,1,1,,"100,0%",NaN
2727-Fundación Universitaria - CEIPA,52764-ADMINISTRACION DE NEGOCIOS INTERNACIONALES,Masculino,2012-1,2019,Dependiente,Comercio al por mayor y al por menor; reparación de vehículos automotores y motocicletas,1,1,,"100,0%",NaN
2727-Fundación Universitaria - CEIPA,52764-ADMINISTRACION DE NEGOCIOS INTERNACIONALES,Masculino,2012-1,2019,No cotizante,Sin información,1,0,,"0,0%",NaN
2727-Fundación Universitaria - CEIPA,52764-ADMINISTRACION DE NEGOCIOS INTERNACIONALES,Masculino,2012-1,2020,Dependiente,Comercio al por mayor y al por menor; reparación de vehículos automotores y motocicletas,1,1,,"100,0%",NaN
2727-Fundación Universitaria - CEIPA,52764-ADMINISTRACION DE NEGOCIOS INTERNACIONALES,Masculino,2012-1,2020,No cotizante,Sin información,1,0,,"0,0%",NaN
2727-Fundación Universitaria - CEIPA,52764-ADMINISTRACION DE NEGOCIOS INTERNACIONALES,Masculino,2012-1,2021,Dependiente,"Actividades profesionales, científicas y técnicas",1,1,,"100,0%",NaN
2727-Fundación Universitaria - CEIPA,52764-ADMINISTRACION DE NEGOCIOS INTERNACIONALES,Masculino,2012-1,2021,Dependiente,Comercio al por mayor y al por menor; reparación de vehículos automotores y motocicletas,1,1,,"100,0%",NaN
2727-Fundación Universitaria - CEIPA,52764-ADMINISTRACION DE NEGOCIOS INTERNACIONALES,Masculino,2012-1,2022,Dependiente,Comercio al por mayor y al por menor; reparación de vehículos automotores y motocicletas,1,1,,"100,0%",NaN
2727-Fundación Universitaria - CEIPA,52764-ADMINISTRACION DE NEGOCIOS INTERNACIONALES,Masculino,2012-1,2022,No cotizante,SIN DATO,1,0,,"0,0%",NaN
2727-Fundación Universitaria - CEIPA,52764-ADMINISTRACION DE NEGOCIOS INTERNACIONALES,Masculino,2012-1,2023,Dependiente,Comercio al por mayor y al por menor; reparación de vehículos automotores y motocicletas,1,1,,"100,0%",NaN
2727-Fundación Universitaria - CEIPA,52764-ADMINISTRACION DE NEGOCIOS INTERNACIONALES,Masculino,2012-1,2023,No cotizante,SIN DATO,1,0,,"0,0%",NaN
2727-Fundación Universitaria - CEIPA,103153-ADMINISTRACION HUMANA,Femenino,2012-1,2017,Dependiente,Actividades de servicios administrativos y de apoyo,1,1,,"100,0%",NaN
2727-Fundación Universitaria - CEIPA,103153-ADMINISTRACION HUMANA,Femenino,2012-1,2017,Dependiente,"Actividades profesionales, científicas y técnicas",2,2,,"100,0%",NaN
2727-Fundación Universitaria - CEIPA,103153-ADMINISTRACION HUMANA,Femenino,2012-1,2017,No cotizante,Sin información,1,0,,"0,0%",NaN
2727-Fundación Universitaria - CEIPA,103153-ADMINISTRACION HUMANA,Femenino,2012-1,2018,Dependiente,Actividades de servicios administrativos y de apoyo,1,1,,"100,0%",NaN
2727-Fundación Universitaria - CEIPA,103153-ADMINISTRACION HUMANA,Femenino,2012-1,2018,Dependiente,"Actividades profesionales, científicas y técnicas",1,1,,"100,0%",NaN
2727-Fundación Universitaria - CEIPA,103153-ADMINISTRACION HUMANA,Femenino,2012-1,2018,Dependiente,Alojamiento y servicios de comida,1,1,,"100,0%",NaN
2727-Fundación Universitaria - CEIPA,103153-ADMINISTRACION HUMANA,Femenino,2012-1,2019,Dependiente,Actividades de servicios administrativos y de apoyo,1,1,,"100,0%",NaN
2727-Fundación Universitaria - CEIPA,103153-ADMINISTRACION HUMANA,Femenino,2012-1,2019,Dependiente,Sin información,1,1,,"100,0%",NaN
2727-Fundación Universitaria - CEIPA,103153-ADMINISTRACION HUMANA,Femenino,2012-1,2019,Independiente,"Actividades profesionales, científicas y técnicas",1,1,,"100,0%",NaN
2727-Fundación Universitaria - CEIPA,103153-ADMINISTRACION HUMANA,Femenino,2012-1,2020,Dependiente,Actividades de servicios administrativos y de apoyo,1,1,,"100,0%",NaN
2727-Fundación Universitaria - CEIPA,103153-ADMINISTRACION HUMANA,Femenino,2012-1,2020,No cotizante,Sin información,2,0,,"0,0%",NaN
2727-Fundación Universitaria - CEIPA,103153-ADMINISTRACION HUMANA,Femenino,2012-1,2021,Dependiente,Actividades de servicios administrativos y de apoyo,1,1,,"100,0%",NaN
2727-Fundación Universitaria - CEIPA,103153-ADMINISTRACION HUMANA,Femenino,2012-1,2021,Dependiente,Administración pública y defensa; planes de seguridad social de afiliación obligatoria,1,1,,"100,0%",NaN
2727-Fundación Universitaria - CEIPA,103153-ADMINISTRACION HUMANA,Femenino,2012-1,2021,Dependiente,Comercio al por mayor y al por menor; reparación de vehículos automotores y motocicletas,1,1,,"100,0%",NaN
2727-Fundación Universitaria - CEIPA,103153-ADMINISTRACION HUMANA,Femenino,2012-1,2022,Dependiente,Actividades de servicios administrativos y de apoyo,1,1,,"100,0%",NaN
2727-Fundación Universitaria - CEIPA,103153-ADMINISTRACION HUMANA,Femenino,2012-1,2022,Dependiente,Comercio al por mayor y al por menor; reparación de vehículos automotores y motocicletas,1,1,,"100,0%",NaN
2727-Fundación Universitaria - CEIPA,103153-ADMINISTRACION HUMANA,Femenino,2012-1,2022,No cotizante,SIN DATO,1,0,,"0,0%",NaN
2727-Fundación Universitaria - CEIPA,103153-ADMINISTRACION HUMANA,Femenino,2012-1,2023,Dependiente,Actividades de servicios administrativos y de apoyo,2,2,,"100,0%",NaN
2727-Fundación Universitaria - CEIPA,103153-ADMINISTRACION HUMANA,Femenino,2012-1,2023,No cotizante,SIN DATO,1,0,,"0,0%",NaN
2727-Fundación Universitaria - CEIPA,54068-ESPECIALIZACION EN GERENCIA,Femenino,2012-1,2016,Dependiente,Actividades financieras y de seguros,1,1,,"100,0%",$5.277.000
2727-Fundación Universitaria - CEIPA,54068-ESPECIALIZACION EN GERENCIA,Femenino,2012-1,2016,Dependiente,Industrias manufactureras,1,1,,"100,0%",$6.686.000
2727-Fundación Universitaria - CEIPA,54068-ESPECIALIZACION EN GERENCIA,Femenino,2012-1,2016,Independiente,Actividades inmobiliarias,1,1,,"100,0%",NaN
2727-Fundación Universitaria - CEIPA,54068-ESPECIALIZACION EN GERENCIA,Femenino,2012-1,2016,No cotizante,Sin información,1,0,,"0,0%",NaN
2727-Fundación Universitaria - CEIPA,54068-ESPECIALIZACION EN GERENCIA,Femenino,2012-1,2017,Dependiente,Actividades financieras y de seguros,1,1,,"100,0%",NaN
2727-Fundación Universitaria - CEIPA,54068-ESPECIALIZACION EN GERENCIA,Femenino,2012-1,2017,Dependiente,Industrias manufactureras,1,1,,"100,0%",NaN
2727-Fundación Universitaria - CEIPA,54068-ESPECIALIZACION EN GERENCIA,Femenino,2012-1,2017,Independiente,"Actividades profesionales, científicas y técnicas",1,1,,"100,0%",NaN
2727-Fundación Universitaria - CEIPA,54068-ESPECIALIZACION EN GERENCIA,Femenino,2012-1,2017,No cotizante,Sin información,1,0,,"0,0%",NaN
2727-Fundación Universitaria - CEIPA,54068-ESPECIALIZACION EN GERENCIA,Femenino,2012-1,2018,Dependiente,Actividades financieras y de seguros,1,1,,"100,0%",NaN
2727-Fundación Universitaria - CEIPA,54068-ESPECIALIZACION EN GERENCIA,Femenino,2012-1,2018,Dependiente,Industrias manufactureras,1,1,,"100,0%",NaN
2727-Fundación Universitaria - CEIPA,54068-ESPECIALIZACION EN GERENCIA,Femenino,2012-1,2018,Independiente,"Actividades profesionales, científicas y técnicas",1,1,,"100,0%",NaN
2727-Fundación Universitaria - CEIPA,54068-ESPECIALIZACION EN GERENCIA,Femenino,2012-1,2018,No cotizante,Sin información,1,0,,"0,0%",NaN
2727-Fundación Universitaria - CEIPA,54068-ESPECIALIZACION EN GERENCIA,Femenino,2012-1,2019,Dependiente,Industrias manufactureras,1,1,,"100,0%",NaN
2727-Fundación Universitaria - CEIPA,54068-ESPECIALIZACION EN GERENCIA,Femenino,2012-1,2019,Independiente,"Actividades profesionales, científicas y técnicas",1,1,,"100,0%",NaN
2727-Fundación Universitaria - CEIPA,54068-ESPECIALIZACION EN GERENCIA,Femenino,2012-1,2019,No cotizante,Sin información,2,0,,"0,0%",NaN
2727-Fundación Universitaria - CEIPA,54068-ESPECIALIZACION EN GERENCIA,Femenino,2012-1,2020,Dependiente,Industrias manufactureras,1,1,,"100,0%",NaN
2727-Fundación Universitaria - CEIPA,54068-ESPECIALIZACION EN GERENCIA,Femenino,2012-1,2020,Independiente,"Actividades profesionales, científicas y técnicas",1,1,,"100,0%",NaN
2727-Fundación Universitaria - CEIPA,54068-ESPECIALIZACION EN GERENCIA,Femenino,2012-1,2020,No cotizante,Sin información,2,0,,"0,0%",NaN
2727-Fundación Universitaria - CEIPA,54068-ESPECIALIZACION EN GERENCIA,Femenino,2012-1,2021,Dependiente,Industrias manufactureras,1,1,,"100,0%",NaN
2727-Fundación Universitaria - CEIPA,54068-ESPECIALIZACION EN GERENCIA,Femenino,2012-1,2021,Independiente,"Actividades profesionales, científicas y técnicas",1,1,,"100,0%",NaN
2727-Fundación Universitaria - CEIPA,54068-ESPECIALIZACION EN GERENCIA,Femenino,2012-1,2021,Independiente,Comercio al por mayor y al por menor; reparación de vehículos automotores y motocicletas,1,1,,"100,0%",NaN
2727-Fundación Universitaria - CEIPA,54068-ESPECIALIZACION EN GERENCIA,Femenino,2012-1,2021,No cotizante,Sin información,1,0,,"0,0%",NaN
2727-Fundación Universitaria - CEIPA,54068-ESPECIALIZACION EN GERENCIA,Femenino,2012-1,2022,Dependiente,Industrias manufactureras,1,1,,"100,0%",NaN
2727-Fundación Universitaria - CEIPA,54068-ESPECIALIZACION EN GERENCIA,Femenino,2012-1,2022,Independiente,Comercio al por mayor y al por menor; reparación de vehículos automotores y motocicletas,1,1,,"100,0%",NaN
2727-Fundación Universitaria - CEIPA,54068-ESPECIALIZACION EN GERENCIA,Femenino,2012-1,2022,No cotizante,SIN DATO,2,0,,"0,0%",NaN
2727-Fundación Universitaria - CEIPA,54068-ESPECIALIZACION EN GERENCIA,Femenino,2012-1,2023,Dependiente,Industrias manufactureras,1,1,,"100,0%",NaN
2727-Fundación Universitaria - CEIPA,54068-ESPECIALIZACION EN GERENCIA,Femenino,2012-1,2023,Independiente,Comercio al por mayor y al por menor; reparación de vehículos automotores y motocicletas,1,1,,"100,0%",NaN
2727-Fundación Universitaria - CEIPA,54068-ESPECIALIZACION EN GERENCIA,Femenino,2012-1,2023,No cotizante,SIN DATO,2,0,,"0,0%",NaN
2727-Fundación Universitaria - CEIPA,54068-ESPECIALIZACION EN GERENCIA,Masculino,2012-1,2016,Dependiente,Actividades financieras y de seguros,1,1,,"100,0%",$6.734.000
2727-Fundación Universitaria - CEIPA,54068-ESPECIALIZACION EN GERENCIA,Masculino,2012-1,2016,Dependiente,Comercio al por mayor y al por menor; reparación de vehículos automotores y motocicletas,1,1,,"100,0%",$11.300.000
2727-Fundación Universitaria - CEIPA,54068-ESPECIALIZACION EN GERENCIA,Masculino,2012-1,2016,Dependiente,"Distribución de agua; evacuación y tratamiento de aguas residuales, gestión de desechos y actividades de saneamiento ambiental",1,1,,"100,0%",$3.537.000
2727-Fundación Universitaria - CEIPA,54068-ESPECIALIZACION EN GERENCIA,Masculino,2012-1,2016,Independiente,Sin información,1,1,,"100,0%",NaN
2727-Fundación Universitaria - CEIPA,54068-ESPECIALIZACION EN GERENCIA,Masculino,2012-1,2017,Dependiente,Actividades financieras y de seguros,1,1,,"100,0%",NaN
2727-Fundación Universitaria - CEIPA,54068-ESPECIALIZACION EN GERENCIA,Masculino,2012-1,2017,Dependiente,Comercio al por mayor y al por menor; reparación de vehículos automotores y motocicletas,1,1,,"100,0%",NaN
2727-Fundación Universitaria - CEIPA,54068-ESPECIALIZACION EN GERENCIA,Masculino,2012-1,2017,Dependiente,"Distribución de agua; evacuación y tratamiento de aguas residuales, gestión de desechos y actividades de saneamiento ambiental",1,1,,"100,0%",NaN
2727-Fundación Universitaria - CEIPA,54068-ESPECIALIZACION EN GERENCIA,Masculino,2012-1,2017,Independiente,Sin información,1,1,,"100,0%",NaN
2727-Fundación Universitaria - CEIPA,54068-ESPECIALIZACION EN GERENCIA,Masculino,2012-1,2018,Dependiente,Actividades financieras y de seguros,1,1,,"100,0%",NaN
2727-Fundación Universitaria - CEIPA,54068-ESPECIALIZACION EN GERENCIA,Masculino,2012-1,2018,Dependiente,Comercio al por mayor y al por menor; reparación de vehículos automotores y motocicletas,1,1,,"100,0%",NaN
2727-Fundación Universitaria - CEIPA,54068-ESPECIALIZACION EN GERENCIA,Masculino,2012-1,2018,Dependiente,"Distribución de agua; evacuación y tratamiento de aguas residuales, gestión de desechos y actividades de saneamiento ambiental",1,1,,"100,0%",NaN
2727-Fundación Universitaria - CEIPA,54068-ESPECIALIZACION EN GERENCIA,Masculino,2012-1,2018,Independiente,Sin información,1,1,,"100,0%",NaN
2727-Fundación Universitaria - CEIPA,54068-ESPECIALIZACION EN GERENCIA,Masculino,2012-1,2019,Dependiente,Administración pública y defensa; planes de seguridad social de afiliación obligatoria,2,2,,"100,0%",NaN
2727-Fundación Universitaria - CEIPA,54068-ESPECIALIZACION EN GERENCIA,Masculino,2012-1,2019,Dependiente,"Distribución de agua; evacuación y tratamiento de aguas residuales, gestión de desechos y actividades de saneamiento ambiental",1,1,,"100,0%",NaN
2727-Fundación Universitaria - CEIPA,54068-ESPECIALIZACION EN GERENCIA,Masculino,2012-1,2019,Independiente,"Actividades profesionales, científicas y técnicas",1,1,,"100,0%",NaN
2727-Fundación Universitaria - CEIPA,54068-ESPECIALIZACION EN GERENCIA,Masculino,2012-1,2020,Dependiente,Administración pública y defensa; planes de seguridad social de afiliación obligatoria,2,2,,"100,0%",NaN
2727-Fundación Universitaria - CEIPA,54068-ESPECIALIZACION EN GERENCIA,Masculino,2012-1,2020,Dependiente,Otras actividades de servicios,1,1,,"100,0%",NaN
2727-Fundación Universitaria - CEIPA,54068-ESPECIALIZACION EN GERENCIA,Masculino,2012-1,2020,Independiente,Comercio al por mayor y al por menor; reparación de vehículos automotores y motocicletas,1,1,,"100,0%",NaN
2727-Fundación Universitaria - CEIPA,54068-ESPECIALIZACION EN GERENCIA,Masculino,2012-1,2021,Dependiente,Administración pública y defensa; planes de seguridad social de afiliación obligatoria,2,2,,"100,0%",NaN
2727-Fundación Universitaria - CEIPA,54068-ESPECIALIZACION EN GERENCIA,Masculino,2012-1,2021,Dependiente,Otras actividades de servicios,1,1,,"100,0%",NaN
2727-Fundación Universitaria - CEIPA,54068-ESPECIALIZACION EN GERENCIA,Masculino,2012-1,2021,Independiente,Comercio al por mayor y al por menor; reparación de vehículos automotores y motocicletas,1,1,,"100,0%",NaN
2727-Fundación Universitaria - CEIPA,54068-ESPECIALIZACION EN GERENCIA,Masculino,2012-1,2022,Dependiente,Administración pública y defensa; planes de seguridad social de afiliación obligatoria,2,2,,"100,0%",NaN
2727-Fundación Universitaria - CEIPA,54068-ESPECIALIZACION EN GERENCIA,Masculino,2012-1,2022,Dependiente,Otras actividades de servicios,1,1,,"100,0%",NaN
2727-Fundación Universitaria - CEIPA,54068-ESPECIALIZACION EN GERENCIA,Masculino,2012-1,2022,Independiente,Comercio al por mayor y al por menor; reparación de vehículos automotores y motocicletas,1,1,,"100,0%",NaN
2727-Fundación Universitaria - CEIPA,54068-ESPECIALIZACION EN GERENCIA,Masculino,2012-1,2023,Dependiente,Administración pública y defensa; planes de seguridad social de afiliación obligatoria,2,2,,"100,0%",NaN
2727-Fundación Universitaria - CEIPA,54068-ESPECIALIZACION EN GERENCIA,Masculino,2012-1,2023,Dependiente,Otras actividades de servicios,1,1,,"100,0%",NaN
2727-Fundación Universitaria - CEIPA,54068-ESPECIALIZACION EN GERENCIA,Masculino,2012-1,2023,Independiente,Comercio al por mayor y al por menor; reparación de vehículos automotores y motocicletas,1,1,,"100,0%",NaN
2727-Fundación Universitaria - CEIPA,54346-ESPECIALIZACION EN GERENCIA DE MERCADEO,Masculino,2012-1,2016,Dependiente,"Actividades profesionales, científicas y técnicas",1,1,,"100,0%",$690.000
2727-Fundación Universitaria - CEIPA,54346-ESPECIALIZACION EN GERENCIA DE MERCADEO,Masculino,2012-1,2017,Dependiente,"Actividades artísticas, de entretenimiento y recreación",1,1,,"100,0%",NaN
2727-Fundación Universitaria - CEIPA,54346-ESPECIALIZACION EN GERENCIA DE MERCADEO,Masculino,2012-1,2018,Dependiente,"Actividades artísticas, de entretenimiento y recreación",1,1,,"100,0%",NaN
2727-Fundación Universitaria - CEIPA,54346-ESPECIALIZACION EN GERENCIA DE MERCADEO,Masculino,2012-1,2019,Dependiente,"Actividades artísticas, de entretenimiento y recreación",1,1,,"100,0%",NaN
2727-Fundación Universitaria - CEIPA,54346-ESPECIALIZACION EN GERENCIA DE MERCADEO,Masculino,2012-1,2020,Dependiente,"Actividades artísticas, de entretenimiento y recreación",1,1,,"100,0%",NaN
2727-Fundación Universitaria - CEIPA,54346-ESPECIALIZACION EN GERENCIA DE MERCADEO,Masculino,2012-1,2021,Dependiente,"Actividades artísticas, de entretenimiento y recreación",1,1,,"100,0%",NaN
2727-Fundación Universitaria - CEIPA,54346-ESPECIALIZACION EN GERENCIA DE MERCADEO,Masculino,2012-1,2022,Dependiente,"Actividades artísticas, de entretenimiento y recreación",1,1,,"100,0%",NaN
2727-Fundación Universitaria - CEIPA,54346-ESPECIALIZACION EN GERENCIA DE MERCADEO,Masculino,2012-1,2023,Dependiente,"Actividades artísticas, de entretenimiento y recreación",1,1,,"100,0%",NaN
2727-Fundación Universitaria - CEIPA,54125-ESPECIALIZACION EN GERENCIA DEL TALENTO HUMANO,Masculino,2012-1,2016,Dependiente,Actividades financieras y de seguros,1,1,,"100,0%",$7.885.000
2727-Fundación Universitaria - CEIPA,54125-ESPECIALIZACION EN GERENCIA DEL TALENTO HUMANO,Masculino,2012-1,2017,Dependiente,Actividades financieras y de seguros,1,1,,"100,0%",NaN
2727-Fundación Universitaria - CEIPA,54125-ESPECIALIZACION EN GERENCIA DEL TALENTO HUMANO,Masculino,2012-1,2018,Dependiente,Actividades financieras y de seguros,1,1,,"100,0%",NaN
2727-Fundación Universitaria - CEIPA,54125-ESPECIALIZACION EN GERENCIA DEL TALENTO HUMANO,Masculino,2012-1,2019,Dependiente,Administración pública y defensa; planes de seguridad social de afiliación obligatoria,1,1,,"100,0%",NaN
2727-Fundación Universitaria - CEIPA,54125-ESPECIALIZACION EN GERENCIA DEL TALENTO HUMANO,Masculino,2012-1,2020,Dependiente,Administración pública y defensa; planes de seguridad social de afiliación obligatoria,1,1,,"100,0%",NaN
2727-Fundación Universitaria - CEIPA,54125-ESPECIALIZACION EN GERENCIA DEL TALENTO HUMANO,Masculino,2012-1,2021,Independiente,Otras actividades de servicios,1,1,,"100,0%",NaN
2727-Fundación Universitaria - CEIPA,54125-ESPECIALIZACION EN GERENCIA DEL TALENTO HUMANO,Masculino,2012-1,2022,Independiente,Otras actividades de servicios,1,1,,"100,0%",NaN
2727-Fundación Universitaria - CEIPA,54125-ESPECIALIZACION EN GERENCIA DEL TALENTO HUMANO,Masculino,2012-1,2023,Dependiente,Actividades de servicios administrativos y de apoyo,1,1,,"100,0%",NaN
2727-Fundación Universitaria - CEIPA,54581-ESPECIALIZACION EN GERENCIA FINANCIERA,Femenino,2012-1,2016,Dependiente,Actividades financieras y de seguros,3,3,,"100,0%",$6.322.000
2727-Fundación Universitaria - CEIPA,54581-ESPECIALIZACION EN GERENCIA FINANCIERA,Femenino,2012-1,2016,Dependiente,Administración pública y defensa; planes de seguridad social de afiliación obligatoria,1,1,,"100,0%",$3.241.000
2727-Fundación Universitaria - CEIPA,54581-ESPECIALIZACION EN GERENCIA FINANCIERA,Femenino,2012-1,2016,Dependiente,Explotación de minas y canteras,1,1,,"100,0%",$5.239.455
2727-Fundación Universitaria - CEIPA,54581-ESPECIALIZACION EN GERENCIA FINANCIERA,Femenino,2012-1,2017,Dependiente,"Actividades profesionales, científicas y técnicas",1,1,,"100,0%",NaN
2727-Fundación Universitaria - CEIPA,54581-ESPECIALIZACION EN GERENCIA FINANCIERA,Femenino,2012-1,2017,Dependiente,Administración pública y defensa; planes de seguridad social de afiliación obligatoria,1,1,,"100,0%",NaN
2727-Fundación Universitaria - CEIPA,54581-ESPECIALIZACION EN GERENCIA FINANCIERA,Femenino,2012-1,2017,Dependiente,Sin información,3,3,,"100,0%",NaN
2727-Fundación Universitaria - CEIPA,54581-ESPECIALIZACION EN GERENCIA FINANCIERA,Femenino,2012-1,2018,Dependiente,"Actividades profesionales, científicas y técnicas",1,1,,"100,0%",NaN
2727-Fundación Universitaria - CEIPA,54581-ESPECIALIZACION EN GERENCIA FINANCIERA,Femenino,2012-1,2018,Dependiente,Administración pública y defensa; planes de seguridad social de afiliación obligatoria,1,1,,"100,0%",NaN
2727-Fundación Universitaria - CEIPA,54581-ESPECIALIZACION EN GERENCIA FINANCIERA,Femenino,2012-1,2018,Dependiente,Sin información,3,3,,"100,0%",NaN
2727-Fundación Universitaria - CEIPA,54581-ESPECIALIZACION EN GERENCIA FINANCIERA,Femenino,2012-1,2019,Dependiente,Actividades financieras y de seguros,2,2,,"100,0%",NaN
2727-Fundación Universitaria - CEIPA,54581-ESPECIALIZACION EN GERENCIA FINANCIERA,Femenino,2012-1,2019,Dependiente,"Actividades profesionales, científicas y técnicas",1,1,,"100,0%",NaN
2727-Fundación Universitaria - CEIPA,54581-ESPECIALIZACION EN GERENCIA FINANCIERA,Femenino,2012-1,2019,Dependiente,Administración pública y defensa; planes de seguridad social de afiliación obligatoria,1,1,,"100,0%",NaN
2727-Fundación Universitaria - CEIPA,54581-ESPECIALIZACION EN GERENCIA FINANCIERA,Femenino,2012-1,2019,No cotizante,Sin información,1,0,,"0,0%",NaN
2727-Fundación Universitaria - CEIPA,54581-ESPECIALIZACION EN GERENCIA FINANCIERA,Femenino,2012-1,2020,Dependiente,Actividades financieras y de seguros,3,3,,"100,0%",NaN
2727-Fundación Universitaria - CEIPA,54581-ESPECIALIZACION EN GERENCIA FINANCIERA,Femenino,2012-1,2020,Dependiente,Administración pública y defensa; planes de seguridad social de afiliación obligatoria,1,1,,"100,0%",NaN
2727-Fundación Universitaria - CEIPA,54581-ESPECIALIZACION EN GERENCIA FINANCIERA,Femenino,2012-1,2020,Dependiente,Educación,1,1,,"100,0%",NaN
2727-Fundación Universitaria - CEIPA,54581-ESPECIALIZACION EN GERENCIA FINANCIERA,Femenino,2012-1,2021,Dependiente,Actividades financieras y de seguros,2,2,,"100,0%",NaN
2727-Fundación Universitaria - CEIPA,54581-ESPECIALIZACION EN GERENCIA FINANCIERA,Femenino,2012-1,2021,Dependiente,"Actividades profesionales, científicas y técnicas",1,1,,"100,0%",NaN
2727-Fundación Universitaria - CEIPA,54581-ESPECIALIZACION EN GERENCIA FINANCIERA,Femenino,2012-1,2021,Dependiente,Administración pública y defensa; planes de seguridad social de afiliación obligatoria,1,1,,"100,0%",NaN
2727-Fundación Universitaria - CEIPA,54581-ESPECIALIZACION EN GERENCIA FINANCIERA,Femenino,2012-1,2021,Independiente,"Actividades profesionales, científicas y técnicas",1,1,,"100,0%",NaN
2727-Fundación Universitaria - CEIPA,54581-ESPECIALIZACION EN GERENCIA FINANCIERA,Femenino,2012-1,2022,Dependiente,Actividades financieras y de seguros,1,1,,"100,0%",NaN
2727-Fundación Universitaria - CEIPA,54581-ESPECIALIZACION EN GERENCIA FINANCIERA,Femenino,2012-1,2022,Dependiente,"Actividades profesionales, científicas y técnicas",1,1,,"100,0%",NaN
2727-Fundación Universitaria - CEIPA,54581-ESPECIALIZACION EN GERENCIA FINANCIERA,Femenino,2012-1,2022,Independiente,"Actividades profesionales, científicas y técnicas",1,1,,"100,0%",NaN
2727-Fundación Universitaria - CEIPA,54581-ESPECIALIZACION EN GERENCIA FINANCIERA,Femenino,2012-1,2022,No cotizante,SIN DATO,2,0,,"0,0%",NaN
2727-Fundación Universitaria - CEIPA,54581-ESPECIALIZACION EN GERENCIA FINANCIERA,Femenino,2012-1,2023,Dependiente,Actividades financieras y de seguros,1,1,,"100,0%",NaN
2727-Fundación Universitaria - CEIPA,54581-ESPECIALIZACION EN GERENCIA FINANCIERA,Femenino,2012-1,2023,Dependiente,"Suministro de electricidad, gas, vapor y aire acondicionado",1,1,,"100,0%",NaN
2727-Fundación Universitaria - CEIPA,54581-ESPECIALIZACION EN GERENCIA FINANCIERA,Femenino,2012-1,2023,Independiente,"Actividades profesionales, científicas y técnicas",1,1,,"100,0%",NaN
2727-Fundación Universitaria - CEIPA,54581-ESPECIALIZACION EN GERENCIA FINANCIERA,Femenino,2012-1,2023,No cotizante,SIN DATO,2,0,,"0,0%",NaN
2727-Fundación Universitaria - CEIPA,54581-ESPECIALIZACION EN GERENCIA FINANCIERA,Masculino,2012-1,2016,Dependiente,Actividades financieras y de seguros,2,2,,"100,0%",$4.735.954
2727-Fundación Universitaria - CEIPA,54581-ESPECIALIZACION EN GERENCIA FINANCIERA,Masculino,2012-1,2016,Dependiente,"Actividades profesionales, científicas y técnicas",1,1,,"100,0%",$4.843.000
2727-Fundación Universitaria - CEIPA,54581-ESPECIALIZACION EN GERENCIA FINANCIERA,Masculino,2012-1,2017,Dependiente,Actividades financieras y de seguros,1,1,,"100,0%",NaN
2727-Fundación Universitaria - CEIPA,54581-ESPECIALIZACION EN GERENCIA FINANCIERA,Masculino,2012-1,2017,Dependiente,Sin información,1,1,,"100,0%",NaN
2727-Fundación Universitaria - CEIPA,54581-ESPECIALIZACION EN GERENCIA FINANCIERA,Masculino,2012-1,2017,Independiente,Sin información,1,1,,"100,0%",NaN
2727-Fundación Universitaria - CEIPA,54581-ESPECIALIZACION EN GERENCIA FINANCIERA,Masculino,2012-1,2018,Dependiente,Actividades financieras y de seguros,1,1,,"100,0%",NaN
2727-Fundación Universitaria - CEIPA,54581-ESPECIALIZACION EN GERENCIA FINANCIERA,Masculino,2012-1,2018,Dependiente,Administración pública y defensa; planes de seguridad social de afiliación obligatoria,1,1,,"100,0%",NaN
2727-Fundación Universitaria - CEIPA,54581-ESPECIALIZACION EN GERENCIA FINANCIERA,Masculino,2012-1,2018,Independiente,Sin información,1,1,,"100,0%",NaN
2727-Fundación Universitaria - CEIPA,54581-ESPECIALIZACION EN GERENCIA FINANCIERA,Masculino,2012-1,2019,Dependiente,Administración pública y defensa; planes de seguridad social de afiliación obligatoria,2,2,,"100,0%",NaN
2727-Fundación Universitaria - CEIPA,54581-ESPECIALIZACION EN GERENCIA FINANCIERA,Masculino,2012-1,2019,Independiente,"Actividades profesionales, científicas y técnicas",1,1,,"100,0%",NaN
2727-Fundación Universitaria - CEIPA,54581-ESPECIALIZACION EN GERENCIA FINANCIERA,Masculino,2012-1,2020,Dependiente,Administración pública y defensa; planes de seguridad social de afiliación obligatoria,2,2,,"100,0%",NaN
2727-Fundación Universitaria - CEIPA,54581-ESPECIALIZACION EN GERENCIA FINANCIERA,Masculino,2012-1,2020,Independiente,"Actividades profesionales, científicas y técnicas",1,1,,"100,0%",NaN
2727-Fundación Universitaria - CEIPA,54581-ESPECIALIZACION EN GERENCIA FINANCIERA,Masculino,2012-1,2021,Dependiente,Administración pública y defensa; planes de seguridad social de afiliación obligatoria,1,1,,"100,0%",NaN
2727-Fundación Universitaria - CEIPA,54581-ESPECIALIZACION EN GERENCIA FINANCIERA,Masculino,2012-1,2021,Independiente,"Actividades profesionales, científicas y técnicas",1,1,,"100,0%",NaN
2727-Fundación Universitaria - CEIPA,54581-ESPECIALIZACION EN GERENCIA FINANCIERA,Masculino,2012-1,2022,Dependiente,Administración pública y defensa; planes de seguridad social de afiliación obligatoria,1,1,,"100,0%",NaN
2727-Fundación Universitaria - CEIPA,54581-ESPECIALIZACION EN GERENCIA FINANCIERA,Masculino,2012-1,2022,Independiente,"Actividades profesionales, científicas y técnicas",1,1,,"100,0%",NaN
2727-Fundación Universitaria - CEIPA,54581-ESPECIALIZACION EN GERENCIA FINANCIERA,Masculino,2012-1,2023,Dependiente,Administración pública y defensa; planes de seguridad social de afiliación obligatoria,1,1,,"100,0%",NaN
2727-Fundación Universitaria - CEIPA,54581-ESPECIALIZACION EN GERENCIA FINANCIERA,Masculino,2012-1,2023,No cotizante,SIN DATO,1,0,,"0,0%",NaN
2732-Fundación Universitaria Católica del Norte,11361-ADMINISTRACION AMBIENTAL,Masculino,2012-1,2016,Dependiente,"Actividades profesionales, científicas y técnicas",1,1,,"100,0%",$3.369.000
2732-Fundación Universitaria Católica del Norte,11361-ADMINISTRACION AMBIENTAL,Masculino,2012-1,2017,Dependiente,"Suministro de electricidad, gas, vapor y aire acondicionado",1,1,,"100,0%",NaN
2732-Fundación Universitaria Católica del Norte,11361-ADMINISTRACION AMBIENTAL,Masculino,2012-1,2018,Dependiente,"Suministro de electricidad, gas, vapor y aire acondicionado",1,1,,"100,0%",NaN
2732-Fundación Universitaria Católica del Norte,11361-ADMINISTRACION AMBIENTAL,Masculino,2012-1,2019,Dependiente,"Suministro de electricidad, gas, vapor y aire acondicionado",1,1,,"100,0%",NaN
2732-Fundación Universitaria Católica del Norte,11361-ADMINISTRACION AMBIENTAL,Masculino,2012-1,2020,Dependiente,"Actividades profesionales, científicas y técnicas",1,1,,"100,0%",NaN
2732-Fundación Universitaria Católica del Norte,11361-ADMINISTRACION AMBIENTAL,Masculino,2012-1,2021,Dependiente,"Suministro de electricidad, gas, vapor y aire acondicionado",1,1,,"100,0%",NaN
2732-Fundación Universitaria Católica del Norte,11361-ADMINISTRACION AMBIENTAL,Masculino,2012-1,2022,Dependiente,"Actividades profesionales, científicas y técnicas",1,1,,"100,0%",NaN
2732-Fundación Universitaria Católica del Norte,11361-ADMINISTRACION AMBIENTAL,Masculino,2012-1,2023,Dependiente,"Suministro de electricidad, gas, vapor y aire acondicionado",1,1,,"100,0%",NaN
2732-Fundación Universitaria Católica del Norte,9809-ADMINISTRACION DE EMPRESAS,Femenino,2012-1,2016,Independiente,Actividades de atención de la salud humana y de asistencia social,1,1,,"100,0%",NaN
2732-Fundación Universitaria Católica del Norte,9809-ADMINISTRACION DE EMPRESAS,Femenino,2012-1,2017,Independiente,Actividades de atención de la salud humana y de asistencia social,1,1,,"100,0%",NaN
2732-Fundación Universitaria Católica del Norte,9809-ADMINISTRACION DE EMPRESAS,Femenino,2012-1,2018,Independiente,Actividades de atención de la salud humana y de asistencia social,1,1,,"100,0%",NaN
2732-Fundación Universitaria Católica del Norte,9809-ADMINISTRACION DE EMPRESAS,Femenino,2012-1,2019,Independiente,Actividades de atención de la salud humana y de asistencia social,1,1,,"100,0%",NaN
2732-Fundación Universitaria Católica del Norte,8958-COMUNICACION SOCIAL,Femenino,2012-1,2016,Dependiente,Administración pública y defensa; planes de seguridad social de afiliación obligatoria,1,1,,"100,0%",$1.463.000
2732-Fundación Universitaria Católica del Norte,8958-COMUNICACION SOCIAL,Femenino,2012-1,2017,Dependiente,Administración pública y defensa; planes de seguridad social de afiliación obligatoria,1,1,,"100,0%",NaN
2732-Fundación Universitaria Católica del Norte,8958-COMUNICACION SOCIAL,Femenino,2012-1,2018,Dependiente,Administración pública y defensa; planes de seguridad social de afiliación obligatoria,1,1,,"100,0%",NaN
2732-Fundación Universitaria Católica del Norte,8958-COMUNICACION SOCIAL,Femenino,2012-1,2019,Dependiente,"Actividades profesionales, científicas y técnicas",1,1,,"100,0%",NaN
2732-Fundación Universitaria Católica del Norte,8958-COMUNICACION SOCIAL,Femenino,2012-1,2020,Dependiente,"Actividades profesionales, científicas y técnicas",1,1,,"100,0%",NaN
2732-Fundación Universitaria Católica del Norte,19219-ESPECIALIZACION EN PEDAGOGIA DE LA VIRTUALIDAD,Masculino,2012-1,2016,Dependiente,Administración pública y defensa; planes de seguridad social de afiliación obligatoria,2,2,,"100,0%",$1.791.500
2732-Fundación Universitaria Católica del Norte,19219-ESPECIALIZACION EN PEDAGOGIA DE LA VIRTUALIDAD,Masculino,2012-1,2016,Dependiente,Sin información,1,1,,"100,0%",$4.040.000
2732-Fundación Universitaria Católica del Norte,19219-ESPECIALIZACION EN PEDAGOGIA DE LA VIRTUALIDAD,Masculino,2012-1,2017,Dependiente,Sin información,3,3,,"100,0%",NaN
2732-Fundación Universitaria Católica del Norte,19219-ESPECIALIZACION EN PEDAGOGIA DE LA VIRTUALIDAD,Masculino,2012-1,2018,Dependiente,Sin información,3,3,,"100,0%",NaN
2732-Fundación Universitaria Católica del Norte,19219-ESPECIALIZACION EN PEDAGOGIA DE LA VIRTUALIDAD,Masculino,2012-1,2019,Dependiente,Administración pública y defensa; planes de seguridad social de afiliación obligatoria,2,2,,"100,0%",NaN
2732-Fundación Universitaria Católica del Norte,19219-ESPECIALIZACION EN PEDAGOGIA DE LA VIRTUALIDAD,Masculino,2012-1,2019,No cotizante,Sin información,1,0,,"0,0%",NaN
2732-Fundación Universitaria Católica del Norte,19219-ESPECIALIZACION EN PEDAGOGIA DE LA VIRTUALIDAD,Masculino,2012-1,2020,Dependiente,Administración pública y defensa; planes de seguridad social de afiliación obligatoria,2,2,,"100,0%",NaN
2732-Fundación Universitaria Católica del Norte,19219-ESPECIALIZACION EN PEDAGOGIA DE LA VIRTUALIDAD,Masculino,2012-1,2020,No cotizante,Sin información,1,0,,"0,0%",NaN
2732-Fundación Universitaria Católica del Norte,19219-ESPECIALIZACION EN PEDAGOGIA DE LA VIRTUALIDAD,Masculino,2012-1,2021,Dependiente,Administración pública y defensa; planes de seguridad social de afiliación obligatoria,2,2,,"100,0%",NaN
2732-Fundación Universitaria Católica del Norte,19219-ESPECIALIZACION EN PEDAGOGIA DE LA VIRTUALIDAD,Masculino,2012-1,2021,No cotizante,Sin información,1,0,,"0,0%",NaN
2732-Fundación Universitaria Católica del Norte,19219-ESPECIALIZACION EN PEDAGOGIA DE LA VIRTUALIDAD,Masculino,2012-1,2022,Dependiente,Administración pública y defensa; planes de seguridad social de afiliación obligatoria,2,2,,"100,0%",NaN
2732-Fundación Universitaria Católica del Norte,19219-ESPECIALIZACION EN PEDAGOGIA DE LA VIRTUALIDAD,Masculino,2012-1,2022,No cotizante,SIN DATO,1,0,,"0,0%",NaN
2732-Fundación Universitaria Católica del Norte,19219-ESPECIALIZACION EN PEDAGOGIA DE LA VIRTUALIDAD,Masculino,2012-1,2023,Dependiente,Administración pública y defensa; planes de seguridad social de afiliación obligatoria,2,2,,"100,0%",NaN
2732-Fundación Universitaria Católica del Norte,19219-ESPECIALIZACION EN PEDAGOGIA DE LA VIRTUALIDAD,Masculino,2012-1,2023,No cotizante,SIN DATO,1,0,,"0,0%",NaN
2732-Fundación Universitaria Católica del Norte,5097-INGENIERIA INFORMATICA,Femenino,2012-1,2016,Dependiente,Información y comunicaciones,1,1,,"100,0%",$2.803.000
2732-Fundación Universitaria Católica del Norte,5097-INGENIERIA INFORMATICA,Femenino,2012-1,2017,Dependiente,"Actividades profesionales, científicas y técnicas",1,1,,"100,0%",NaN
2732-Fundación Universitaria Católica del Norte,5097-INGENIERIA INFORMATICA,Femenino,2012-1,2018,Dependiente,"Actividades profesionales, científicas y técnicas",1,1,,"100,0%",NaN
2732-Fundación Universitaria Católica del Norte,5097-INGENIERIA INFORMATICA,Femenino,2012-1,2019,Dependiente,"Actividades profesionales, científicas y técnicas",1,1,,"100,0%",NaN
2732-Fundación Universitaria Católica del Norte,5097-INGENIERIA INFORMATICA,Femenino,2012-1,2020,Dependiente,"Actividades profesionales, científicas y técnicas",1,1,,"100,0%",NaN
2732-Fundación Universitaria Católica del Norte,5097-INGENIERIA INFORMATICA,Femenino,2012-1,2021,Dependiente,"Actividades profesionales, científicas y técnicas",1,1,,"100,0%",NaN
2732-Fundación Universitaria Católica del Norte,5097-INGENIERIA INFORMATICA,Femenino,2012-1,2022,Dependiente,"Actividades profesionales, científicas y técnicas",1,1,,"100,0%",NaN
2732-Fundación Universitaria Católica del Norte,5097-INGENIERIA INFORMATICA,Femenino,2012-1,2023,Dependiente,"Actividades profesionales, científicas y técnicas",1,1,,"100,0%",NaN
2732-Fundación Universitaria Católica del Norte,5097-INGENIERIA INFORMATICA,Masculino,2012-1,2016,Dependiente,Actividades financieras y de seguros,1,1,,"100,0%",$4.609.000
2732-Fundación Universitaria Católica del Norte,5097-INGENIERIA INFORMATICA,Masculino,2012-1,2016,Dependiente,Educación,1,1,,"100,0%",$2.574.000
2732-Fundación Universitaria Católica del Norte,5097-INGENIERIA INFORMATICA,Masculino,2012-1,2016,Dependiente,Información y comunicaciones,1,1,,"100,0%",$2.800.000
2732-Fundación Universitaria Católica del Norte,5097-INGENIERIA INFORMATICA,Masculino,2012-1,2016,Dependiente,Sin información,1,1,,"100,0%",$2.996.000
2732-Fundación Universitaria Católica del Norte,5097-INGENIERIA INFORMATICA,Masculino,2012-1,2017,Dependiente,Actividades financieras y de seguros,1,1,,"100,0%",NaN
2732-Fundación Universitaria Católica del Norte,5097-INGENIERIA INFORMATICA,Masculino,2012-1,2017,Dependiente,"Actividades profesionales, científicas y técnicas",1,1,,"100,0%",NaN
2732-Fundación Universitaria Católica del Norte,5097-INGENIERIA INFORMATICA,Masculino,2012-1,2017,Dependiente,Administración pública y defensa; planes de seguridad social de afiliación obligatoria,1,1,,"100,0%",NaN
2732-Fundación Universitaria Católica del Norte,5097-INGENIERIA INFORMATICA,Masculino,2012-1,2017,Dependiente,Educación,1,1,,"100,0%",NaN
2732-Fundación Universitaria Católica del Norte,5097-INGENIERIA INFORMATICA,Masculino,2012-1,2018,Dependiente,Actividades financieras y de seguros,1,1,,"100,0%",NaN
2732-Fundación Universitaria Católica del Norte,5097-INGENIERIA INFORMATICA,Masculino,2012-1,2018,Dependiente,"Actividades profesionales, científicas y técnicas",1,1,,"100,0%",NaN
2732-Fundación Universitaria Católica del Norte,5097-INGENIERIA INFORMATICA,Masculino,2012-1,2018,Dependiente,Educación,1,1,,"100,0%",NaN
2732-Fundación Universitaria Católica del Norte,5097-INGENIERIA INFORMATICA,Masculino,2012-1,2019,Dependiente,Administración pública y defensa; planes de seguridad social de afiliación obligatoria,1,1,,"100,0%",NaN
2732-Fundación Universitaria Católica del Norte,5097-INGENIERIA INFORMATICA,Masculino,2012-1,2019,Dependiente,Comercio al por mayor y al por menor; reparación de vehículos automotores y motocicletas,1,1,,"100,0%",NaN
2732-Fundación Universitaria Católica del Norte,5097-INGENIERIA INFORMATICA,Masculino,2012-1,2019,Dependiente,Educación,1,1,,"100,0%",NaN
2732-Fundación Universitaria Católica del Norte,5097-INGENIERIA INFORMATICA,Masculino,2012-1,2020,Dependiente,Administración pública y defensa; planes de seguridad social de afiliación obligatoria,1,1,,"100,0%",NaN
2732-Fundación Universitaria Católica del Norte,5097-INGENIERIA INFORMATICA,Masculino,2012-1,2020,Dependiente,Comercio al por mayor y al por menor; reparación de vehículos automotores y motocicletas,1,1,,"100,0%",NaN
2732-Fundación Universitaria Católica del Norte,5097-INGENIERIA INFORMATICA,Masculino,2012-1,2020,Dependiente,Educación,1,1,,"100,0%",NaN
2732-Fundación Universitaria Católica del Norte,5097-INGENIERIA INFORMATICA,Masculino,2012-1,2021,Dependiente,Administración pública y defensa; planes de seguridad social de afiliación obligatoria,1,1,,"100,0%",NaN
2732-Fundación Universitaria Católica del Norte,5097-INGENIERIA INFORMATICA,Masculino,2012-1,2021,Dependiente,Comercio al por mayor y al por menor; reparación de vehículos automotores y motocicletas,1,1,,"100,0%",NaN
2732-Fundación Universitaria Católica del Norte,5097-INGENIERIA INFORMATICA,Masculino,2012-1,2021,Dependiente,Educación,1,1,,"100,0%",NaN
2732-Fundación Universitaria Católica del Norte,5097-INGENIERIA INFORMATICA,Masculino,2012-1,2022,Dependiente,Administración pública y defensa; planes de seguridad social de afiliación obligatoria,1,1,,"100,0%",NaN
2732-Fundación Universitaria Católica del Norte,5097-INGENIERIA INFORMATICA,Masculino,2012-1,2022,Dependiente,Comercio al por mayor y al por menor; reparación de vehículos automotores y motocicletas,1,1,,"100,0%",NaN
2732-Fundación Universitaria Católica del Norte,5097-INGENIERIA INFORMATICA,Masculino,2012-1,2022,Dependiente,Educación,1,1,,"100,0%",NaN
2732-Fundación Universitaria Católica del Norte,5097-INGENIERIA INFORMATICA,Masculino,2012-1,2023,Dependiente,Administración pública y defensa; planes de seguridad social de afiliación obligatoria,1,1,,"100,0%",NaN
2732-Fundación Universitaria Católica del Norte,5097-INGENIERIA INFORMATICA,Masculino,2012-1,2023,Dependiente,Comercio al por mayor y al por menor; reparación de vehículos automotores y motocicletas,1,1,,"100,0%",NaN
2732-Fundación Universitaria Católica del Norte,5097-INGENIERIA INFORMATICA,Masculino,2012-1,2023,Dependiente,Educación,1,1,,"100,0%",NaN
2732-Fundación Universitaria Católica del Norte,9570-LICENCIATURA EN FILOSOFIA Y EDUCACION RELIGIOSA,Femenino,2012-1,2016,Dependiente,Administración pública y defensa; planes de seguridad social de afiliación obligatoria,1,1,,"100,0%",$1.698.000
2732-Fundación Universitaria Católica del Norte,9570-LICENCIATURA EN FILOSOFIA Y EDUCACION RELIGIOSA,Femenino,2012-1,2016,Dependiente,Educación,1,1,,"100,0%",$3.074.000
2732-Fundación Universitaria Católica del Norte,9570-LICENCIATURA EN FILOSOFIA Y EDUCACION RELIGIOSA,Femenino,2012-1,2017,Dependiente,Educación,1,1,,"100,0%",NaN
2732-Fundación Universitaria Católica del Norte,9570-LICENCIATURA EN FILOSOFIA Y EDUCACION RELIGIOSA,Femenino,2012-1,2017,No cotizante,Sin información,1,0,,"0,0%",NaN
2732-Fundación Universitaria Católica del Norte,9570-LICENCIATURA EN FILOSOFIA Y EDUCACION RELIGIOSA,Femenino,2012-1,2018,Dependiente,Educación,1,1,,"100,0%",NaN
2732-Fundación Universitaria Católica del Norte,9570-LICENCIATURA EN FILOSOFIA Y EDUCACION RELIGIOSA,Femenino,2012-1,2018,Dependiente,Sin información,1,1,,"100,0%",NaN
2732-Fundación Universitaria Católica del Norte,9570-LICENCIATURA EN FILOSOFIA Y EDUCACION RELIGIOSA,Femenino,2012-1,2019,Dependiente,Administración pública y defensa; planes de seguridad social de afiliación obligatoria,1,1,,"100,0%",NaN
2732-Fundación Universitaria Católica del Norte,9570-LICENCIATURA EN FILOSOFIA Y EDUCACION RELIGIOSA,Femenino,2012-1,2019,Dependiente,Sin información,1,1,,"100,0%",NaN
2732-Fundación Universitaria Católica del Norte,9570-LICENCIATURA EN FILOSOFIA Y EDUCACION RELIGIOSA,Femenino,2012-1,2020,Dependiente,Administración pública y defensa; planes de seguridad social de afiliación obligatoria,1,1,,"100,0%",NaN
2732-Fundación Universitaria Católica del Norte,9570-LICENCIATURA EN FILOSOFIA Y EDUCACION RELIGIOSA,Femenino,2012-1,2020,No cotizante,Sin información,1,0,,"0,0%",NaN
2732-Fundación Universitaria Católica del Norte,9570-LICENCIATURA EN FILOSOFIA Y EDUCACION RELIGIOSA,Femenino,2012-1,2021,Dependiente,Administración pública y defensa; planes de seguridad social de afiliación obligatoria,1,1,,"100,0%",NaN
2732-Fundación Universitaria Católica del Norte,9570-LICENCIATURA EN FILOSOFIA Y EDUCACION RELIGIOSA,Femenino,2012-1,2021,No cotizante,Sin información,1,0,,"0,0%",NaN
2732-Fundación Universitaria Católica del Norte,9570-LICENCIATURA EN FILOSOFIA Y EDUCACION RELIGIOSA,Femenino,2012-1,2022,No cotizante,SIN DATO,1,0,,"0,0%",NaN
2732-Fundación Universitaria Católica del Norte,9570-LICENCIATURA EN FILOSOFIA Y EDUCACION RELIGIOSA,Femenino,2012-1,2023,No cotizante,SIN DATO,1,0,,"0,0%",NaN
2732-Fundación Universitaria Católica del Norte,9570-LICENCIATURA EN FILOSOFIA Y EDUCACION RELIGIOSA,Masculino,2012-1,2016,Dependiente,Administración pública y defensa; planes de seguridad social de afiliación obligatoria,1,1,,"100,0%",$1.859.000
2732-Fundación Universitaria Católica del Norte,9570-LICENCIATURA EN FILOSOFIA Y EDUCACION RELIGIOSA,Masculino,2012-1,2016,Independiente,Otras actividades de servicios,1,1,,"100,0%",NaN
2732-Fundación Universitaria Católica del Norte,9570-LICENCIATURA EN FILOSOFIA Y EDUCACION RELIGIOSA,Masculino,2012-1,2017,Dependiente,Educación,1,1,,"100,0%",NaN
2732-Fundación Universitaria Católica del Norte,9570-LICENCIATURA EN FILOSOFIA Y EDUCACION RELIGIOSA,Masculino,2012-1,2017,Independiente,Otras actividades de servicios,1,1,,"100,0%",NaN
2732-Fundación Universitaria Católica del Norte,9570-LICENCIATURA EN FILOSOFIA Y EDUCACION RELIGIOSA,Masculino,2012-1,2018,Dependiente,Educación,1,1,,"100,0%",NaN
2732-Fundación Universitaria Católica del Norte,9570-LICENCIATURA EN FILOSOFIA Y EDUCACION RELIGIOSA,Masculino,2012-1,2018,Independiente,Otras actividades de servicios,1,1,,"100,0%",NaN
2732-Fundación Universitaria Católica del Norte,9570-LICENCIATURA EN FILOSOFIA Y EDUCACION RELIGIOSA,Masculino,2012-1,2019,Dependiente,Administración pública y defensa; planes de seguridad social de afiliación obligatoria,1,1,,"100,0%",NaN
2732-Fundación Universitaria Católica del Norte,9570-LICENCIATURA EN FILOSOFIA Y EDUCACION RELIGIOSA,Masculino,2012-1,2019,Independiente,Otras actividades de servicios,1,1,,"100,0%",NaN
2732-Fundación Universitaria Católica del Norte,9570-LICENCIATURA EN FILOSOFIA Y EDUCACION RELIGIOSA,Masculino,2012-1,2020,Dependiente,Administración pública y defensa; planes de seguridad social de afiliación obligatoria,1,1,,"100,0%",NaN
2732-Fundación Universitaria Católica del Norte,9570-LICENCIATURA EN FILOSOFIA Y EDUCACION RELIGIOSA,Masculino,2012-1,2020,Independiente,Otras actividades de servicios,1,1,,"100,0%",NaN
2732-Fundación Universitaria Católica del Norte,9570-LICENCIATURA EN FILOSOFIA Y EDUCACION RELIGIOSA,Masculino,2012-1,2021,Dependiente,Administración pública y defensa; planes de seguridad social de afiliación obligatoria,1,1,,"100,0%",NaN
2732-Fundación Universitaria Católica del Norte,9570-LICENCIATURA EN FILOSOFIA Y EDUCACION RELIGIOSA,Masculino,2012-1,2021,Independiente,Otras actividades de servicios,1,1,,"100,0%",NaN
2732-Fundación Universitaria Católica del Norte,9570-LICENCIATURA EN FILOSOFIA Y EDUCACION RELIGIOSA,Masculino,2012-1,2022,Independiente,Otras actividades de servicios,1,1,,"100,0%",NaN
2732-Fundación Universitaria Católica del Norte,9570-LICENCIATURA EN FILOSOFIA Y EDUCACION RELIGIOSA,Masculino,2012-1,2023,Independiente,Otras actividades de servicios,1,1,,"100,0%",NaN
2732-Fundación Universitaria Católica del Norte,10282-LICENCIATURA EN LENGUA CASTELLANA,Femenino,2012-1,2016,Dependiente,"Actividades profesionales, científicas y técnicas",1,1,,"100,0%",$1.368.000
2732-Fundación Universitaria Católica del Norte,10282-LICENCIATURA EN LENGUA CASTELLANA,Femenino,2012-1,2016,No cotizante,Sin información,1,0,,"0,0%",NaN
2732-Fundación Universitaria Católica del Norte,10282-LICENCIATURA EN LENGUA CASTELLANA,Femenino,2012-1,2017,Dependiente,Otras actividades de servicios,1,1,,"100,0%",NaN
2732-Fundación Universitaria Católica del Norte,10282-LICENCIATURA EN LENGUA CASTELLANA,Femenino,2012-1,2017,No cotizante,Sin información,1,0,,"0,0%",NaN
2732-Fundación Universitaria Católica del Norte,10282-LICENCIATURA EN LENGUA CASTELLANA,Femenino,2012-1,2018,Dependiente,Educación,1,1,,"100,0%",NaN
2732-Fundación Universitaria Católica del Norte,10282-LICENCIATURA EN LENGUA CASTELLANA,Femenino,2012-1,2018,Dependiente,Otras actividades de servicios,1,1,,"100,0%",NaN
2732-Fundación Universitaria Católica del Norte,10282-LICENCIATURA EN LENGUA CASTELLANA,Femenino,2012-1,2019,Dependiente,Otras actividades de servicios,1,1,,"100,0%",NaN
2732-Fundación Universitaria Católica del Norte,10282-LICENCIATURA EN LENGUA CASTELLANA,Femenino,2012-1,2019,No cotizante,Sin información,1,0,,"0,0%",NaN
2732-Fundación Universitaria Católica del Norte,10282-LICENCIATURA EN LENGUA CASTELLANA,Femenino,2012-1,2020,Dependiente,Otras actividades de servicios,1,1,,"100,0%",NaN
2732-Fundación Universitaria Católica del Norte,10282-LICENCIATURA EN LENGUA CASTELLANA,Femenino,2012-1,2020,No cotizante,Sin información,1,0,,"0,0%",NaN
2732-Fundación Universitaria Católica del Norte,10282-LICENCIATURA EN LENGUA CASTELLANA,Femenino,2012-1,2021,Dependiente,Administración pública y defensa; planes de seguridad social de afiliación obligatoria,1,1,,"100,0%",NaN
2732-Fundación Universitaria Católica del Norte,10282-LICENCIATURA EN LENGUA CASTELLANA,Femenino,2012-1,2021,No cotizante,Sin información,1,0,,"0,0%",NaN
2732-Fundación Universitaria Católica del Norte,10282-LICENCIATURA EN LENGUA CASTELLANA,Femenino,2012-1,2022,Dependiente,Administración pública y defensa; planes de seguridad social de afiliación obligatoria,1,1,,"100,0%",NaN
2732-Fundación Universitaria Católica del Norte,10282-LICENCIATURA EN LENGUA CASTELLANA,Femenino,2012-1,2022,Dependiente,Otras actividades de servicios,1,1,,"100,0%",NaN
2732-Fundación Universitaria Católica del Norte,10282-LICENCIATURA EN LENGUA CASTELLANA,Femenino,2012-1,2023,Dependiente,Actividades de servicios administrativos y de apoyo,1,1,,"100,0%",NaN
2732-Fundación Universitaria Católica del Norte,10282-LICENCIATURA EN LENGUA CASTELLANA,Femenino,2012-1,2023,Dependiente,Administración pública y defensa; planes de seguridad social de afiliación obligatoria,1,1,,"100,0%",NaN
2732-Fundación Universitaria Católica del Norte,6687-PSICOLOGIA,Femenino,2012-1,2016,Dependiente,Administración pública y defensa; planes de seguridad social de afiliación obligatoria,1,1,,"100,0%",$3.251.000
2732-Fundación Universitaria Católica del Norte,6687-PSICOLOGIA,Femenino,2012-1,2016,No cotizante,Sin información,2,0,,"0,0%",NaN
2732-Fundación Universitaria Católica del Norte,6687-PSICOLOGIA,Femenino,2012-1,2017,Dependiente,Sin información,1,1,,"100,0%",NaN
2732-Fundación Universitaria Católica del Norte,6687-PSICOLOGIA,Femenino,2012-1,2017,No cotizante,Sin información,2,0,,"0,0%",NaN
2732-Fundación Universitaria Católica del Norte,6687-PSICOLOGIA,Femenino,2012-1,2018,Dependiente,Sin información,1,1,,"100,0%",NaN
2732-Fundación Universitaria Católica del Norte,6687-PSICOLOGIA,Femenino,2012-1,2018,No cotizante,Sin información,2,0,,"0,0%",NaN
2732-Fundación Universitaria Católica del Norte,6687-PSICOLOGIA,Femenino,2012-1,2019,Dependiente,Sin información,1,1,,"100,0%",NaN
2732-Fundación Universitaria Católica del Norte,6687-PSICOLOGIA,Femenino,2012-1,2019,No cotizante,Sin información,2,0,,"0,0%",NaN
2732-Fundación Universitaria Católica del Norte,6687-PSICOLOGIA,Femenino,2012-1,2020,Dependiente,Administración pública y defensa; planes de seguridad social de afiliación obligatoria,1,1,,"100,0%",NaN
2732-Fundación Universitaria Católica del Norte,6687-PSICOLOGIA,Femenino,2012-1,2020,No cotizante,Sin información,2,0,,"0,0%",NaN
2732-Fundación Universitaria Católica del Norte,6687-PSICOLOGIA,Femenino,2012-1,2021,Dependiente,Administración pública y defensa; planes de seguridad social de afiliación obligatoria,1,1,,"100,0%",NaN
2732-Fundación Universitaria Católica del Norte,6687-PSICOLOGIA,Femenino,2012-1,2021,No cotizante,Sin información,2,0,,"0,0%",NaN
2732-Fundación Universitaria Católica del Norte,6687-PSICOLOGIA,Femenino,2012-1,2022,Dependiente,Administración pública y defensa; planes de seguridad social de afiliación obligatoria,1,1,,"100,0%",NaN
2732-Fundación Universitaria Católica del Norte,6687-PSICOLOGIA,Femenino,2012-1,2022,No cotizante,SIN DATO,2,0,,"0,0%",NaN
2732-Fundación Universitaria Católica del Norte,6687-PSICOLOGIA,Femenino,2012-1,2023,Dependiente,Actividades financieras y de seguros,1,1,,"100,0%",NaN
2732-Fundación Universitaria Católica del Norte,6687-PSICOLOGIA,Femenino,2012-1,2023,No cotizante,SIN DATO,2,0,,"0,0%",NaN
2732-Fundación Universitaria Católica del Norte,6687-PSICOLOGIA,Masculino,2012-1,2016,Dependiente,"Actividades profesionales, científicas y técnicas",1,1,,"100,0%",$4.855.000
2732-Fundación Universitaria Católica del Norte,6687-PSICOLOGIA,Masculino,2012-1,2016,Independiente,Sin información,1,1,,"100,0%",NaN
2732-Fundación Universitaria Católica del Norte,6687-PSICOLOGIA,Masculino,2012-1,2017,Dependiente,Actividades de servicios administrativos y de apoyo,1,1,,"100,0%",NaN
2732-Fundación Universitaria Católica del Norte,6687-PSICOLOGIA,Masculino,2012-1,2017,Dependiente,Otras actividades de servicios,1,1,,"100,0%",NaN
2732-Fundación Universitaria Católica del Norte,6687-PSICOLOGIA,Masculino,2012-1,2018,Dependiente,Otras actividades de servicios,1,1,,"100,0%",NaN
2732-Fundación Universitaria Católica del Norte,6687-PSICOLOGIA,Masculino,2012-1,2018,Dependiente,Sin información,1,1,,"100,0%",NaN
2732-Fundación Universitaria Católica del Norte,6687-PSICOLOGIA,Masculino,2012-1,2019,Dependiente,"Actividades profesionales, científicas y técnicas",1,1,,"100,0%",NaN
2732-Fundación Universitaria Católica del Norte,6687-PSICOLOGIA,Masculino,2012-1,2019,Dependiente,Otras actividades de servicios,1,1,,"100,0%",NaN
2732-Fundación Universitaria Católica del Norte,6687-PSICOLOGIA,Masculino,2012-1,2020,Dependiente,"Actividades profesionales, científicas y técnicas",1,1,,"100,0%",NaN
2732-Fundación Universitaria Católica del Norte,6687-PSICOLOGIA,Masculino,2012-1,2020,Dependiente,Otras actividades de servicios,1,1,,"100,0%",NaN
2732-Fundación Universitaria Católica del Norte,6687-PSICOLOGIA,Masculino,2012-1,2021,Dependiente,"Actividades profesionales, científicas y técnicas",1,1,,"100,0%",NaN
2732-Fundación Universitaria Católica del Norte,6687-PSICOLOGIA,Masculino,2012-1,2021,Dependiente,Otras actividades de servicios,1,1,,"100,0%",NaN
2732-Fundación Universitaria Católica del Norte,6687-PSICOLOGIA,Masculino,2012-1,2022,Dependiente,"Actividades profesionales, científicas y técnicas",1,1,,"100,0%",NaN
2732-Fundación Universitaria Católica del Norte,6687-PSICOLOGIA,Masculino,2012-1,2022,Dependiente,Otras actividades de servicios,1,1,,"100,0%",NaN
2732-Fundación Universitaria Católica del Norte,6687-PSICOLOGIA,Masculino,2012-1,2023,Dependiente,"Actividades profesionales, científicas y técnicas",1,1,,"100,0%",NaN
2732-Fundación Universitaria Católica del Norte,6687-PSICOLOGIA,Masculino,2012-1,2023,Dependiente,Otras actividades de servicios,1,1,,"100,0%",NaN
2745-Fundación Universitaria Compensar,101415-ADMINISTRACION DE EMPRESAS,Femenino,2012-1,2017,No cotizante,Sin información,4,0,,"0,0%",NaN
2745-Fundación Universitaria Compensar,101415-ADMINISTRACION DE EMPRESAS,Femenino,2012-1,2018,No cotizante,Sin información,4,0,,"0,0%",NaN
2745-Fundación Universitaria Compensar,101415-ADMINISTRACION DE EMPRESAS,Femenino,2012-1,2019,No cotizante,Sin información,4,0,,"0,0%",NaN
2745-Fundación Universitaria Compensar,101415-ADMINISTRACION DE EMPRESAS,Femenino,2012-1,2020,No cotizante,Sin información,4,0,,"0,0%",NaN
2745-Fundación Universitaria Compensar,101415-ADMINISTRACION DE EMPRESAS,Femenino,2012-1,2021,No cotizante,Sin información,4,0,,"0,0%",NaN
2745-Fundación Universitaria Compensar,101415-ADMINISTRACION DE EMPRESAS,Femenino,2012-1,2022,No cotizante,SIN DATO,4,0,,"0,0%",NaN
2745-Fundación Universitaria Compensar,101415-ADMINISTRACION DE EMPRESAS,Femenino,2012-1,2023,No cotizante,SIN DATO,4,0,,"0,0%",NaN
2745-Fundación Universitaria Compensar,101415-ADMINISTRACION DE EMPRESAS,Masculino,2012-1,2017,No cotizante,Sin información,3,0,,"0,0%",NaN
2745-Fundación Universitaria Compensar,101415-ADMINISTRACION DE EMPRESAS,Masculino,2012-1,2018,No cotizante,Sin información,3,0,,"0,0%",NaN
2745-Fundación Universitaria Compensar,101415-ADMINISTRACION DE EMPRESAS,Masculino,2012-1,2019,No cotizante,Sin información,3,0,,"0,0%",NaN
2745-Fundación Universitaria Compensar,101415-ADMINISTRACION DE EMPRESAS,Masculino,2012-1,2020,No cotizante,Sin información,3,0,,"0,0%",NaN
2745-Fundación Universitaria Compensar,101415-ADMINISTRACION DE EMPRESAS,Masculino,2012-1,2021,No cotizante,Sin información,3,0,,"0,0%",NaN
2745-Fundación Universitaria Compensar,101415-ADMINISTRACION DE EMPRESAS,Masculino,2012-1,2022,No cotizante,SIN DATO,3,0,,"0,0%",NaN
2745-Fundación Universitaria Compensar,101415-ADMINISTRACION DE EMPRESAS,Masculino,2012-1,2023,No cotizante,SIN DATO,3,0,,"0,0%",NaN
2721-Fundación Universitaria María Cano,5038-ESPECIALIZACION EN ADMINISTRACION DE SERVICIOS DE SALUD,Femenino,2012-1,2016,Dependiente,Actividades de atención de la salud humana y de asistencia social,2,2,,"100,0%",$5.619.000
2721-Fundación Universitaria María Cano,5038-ESPECIALIZACION EN ADMINISTRACION DE SERVICIOS DE SALUD,Femenino,2012-1,2016,Dependiente,Construccion,1,1,,"100,0%",$3.500.000
2721-Fundación Universitaria María Cano,5038-ESPECIALIZACION EN ADMINISTRACION DE SERVICIOS DE SALUD,Femenino,2012-1,2017,Dependiente,Actividades de atención de la salud humana y de asistencia social,1,1,,"100,0%",NaN
2721-Fundación Universitaria María Cano,5038-ESPECIALIZACION EN ADMINISTRACION DE SERVICIOS DE SALUD,Femenino,2012-1,2017,Dependiente,Construccion,1,1,,"100,0%",NaN
2721-Fundación Universitaria María Cano,5038-ESPECIALIZACION EN ADMINISTRACION DE SERVICIOS DE SALUD,Femenino,2012-1,2017,Dependiente,Educación,1,1,,"100,0%",NaN
2721-Fundación Universitaria María Cano,5038-ESPECIALIZACION EN ADMINISTRACION DE SERVICIOS DE SALUD,Femenino,2012-1,2018,Dependiente,Actividades de atención de la salud humana y de asistencia social,1,1,,"100,0%",NaN
2721-Fundación Universitaria María Cano,5038-ESPECIALIZACION EN ADMINISTRACION DE SERVICIOS DE SALUD,Femenino,2012-1,2018,Dependiente,"Distribución de agua; evacuación y tratamiento de aguas residuales, gestión de desechos y actividades de saneamiento ambiental",1,1,,"100,0%",NaN
2721-Fundación Universitaria María Cano,5038-ESPECIALIZACION EN ADMINISTRACION DE SERVICIOS DE SALUD,Femenino,2012-1,2018,Dependiente,Educación,1,1,,"100,0%",NaN
2721-Fundación Universitaria María Cano,5038-ESPECIALIZACION EN ADMINISTRACION DE SERVICIOS DE SALUD,Femenino,2012-1,2019,Dependiente,Actividades de atención de la salud humana y de asistencia social,1,1,,"100,0%",NaN
2721-Fundación Universitaria María Cano,5038-ESPECIALIZACION EN ADMINISTRACION DE SERVICIOS DE SALUD,Femenino,2012-1,2019,Dependiente,"Distribución de agua; evacuación y tratamiento de aguas residuales, gestión de desechos y actividades de saneamiento ambiental",1,1,,"100,0%",NaN
2721-Fundación Universitaria María Cano,5038-ESPECIALIZACION EN ADMINISTRACION DE SERVICIOS DE SALUD,Femenino,2012-1,2019,Dependiente,Educación,1,1,,"100,0%",NaN
2721-Fundación Universitaria María Cano,5038-ESPECIALIZACION EN ADMINISTRACION DE SERVICIOS DE SALUD,Femenino,2012-1,2020,Dependiente,Actividades de atención de la salud humana y de asistencia social,1,1,,"100,0%",NaN
2721-Fundación Universitaria María Cano,5038-ESPECIALIZACION EN ADMINISTRACION DE SERVICIOS DE SALUD,Femenino,2012-1,2020,Dependiente,"Distribución de agua; evacuación y tratamiento de aguas residuales, gestión de desechos y actividades de saneamiento ambiental",1,1,,"100,0%",NaN
2721-Fundación Universitaria María Cano,5038-ESPECIALIZACION EN ADMINISTRACION DE SERVICIOS DE SALUD,Femenino,2012-1,2020,Dependiente,Educación,1,1,,"100,0%",NaN
2721-Fundación Universitaria María Cano,5038-ESPECIALIZACION EN ADMINISTRACION DE SERVICIOS DE SALUD,Femenino,2012-1,2021,Dependiente,Actividades de atención de la salud humana y de asistencia social,1,1,,"100,0%",NaN
2721-Fundación Universitaria María Cano,5038-ESPECIALIZACION EN ADMINISTRACION DE SERVICIOS DE SALUD,Femenino,2012-1,2021,Dependiente,Actividades de servicios administrativos y de apoyo,1,1,,"100,0%",NaN
2721-Fundación Universitaria María Cano,5038-ESPECIALIZACION EN ADMINISTRACION DE SERVICIOS DE SALUD,Femenino,2012-1,2021,Dependiente,Educación,1,1,,"100,0%",NaN
2721-Fundación Universitaria María Cano,5038-ESPECIALIZACION EN ADMINISTRACION DE SERVICIOS DE SALUD,Femenino,2012-1,2022,Dependiente,Actividades de atención de la salud humana y de asistencia social,1,1,,"100,0%",NaN
2721-Fundación Universitaria María Cano,5038-ESPECIALIZACION EN ADMINISTRACION DE SERVICIOS DE SALUD,Femenino,2012-1,2022,Dependiente,Educación,1,1,,"100,0%",NaN
2721-Fundación Universitaria María Cano,5038-ESPECIALIZACION EN ADMINISTRACION DE SERVICIOS DE SALUD,Femenino,2012-1,2022,Dependiente,Explotación de minas y canteras,1,1,,"100,0%",NaN
2721-Fundación Universitaria María Cano,5038-ESPECIALIZACION EN ADMINISTRACION DE SERVICIOS DE SALUD,Femenino,2012-1,2023,Dependiente,Actividades de atención de la salud humana y de asistencia social,1,1,,"100,0%",NaN
2721-Fundación Universitaria María Cano,5038-ESPECIALIZACION EN ADMINISTRACION DE SERVICIOS DE SALUD,Femenino,2012-1,2023,Dependiente,Educación,2,2,,"100,0%",NaN
2721-Fundación Universitaria María Cano,5038-ESPECIALIZACION EN ADMINISTRACION DE SERVICIOS DE SALUD,Masculino,2012-1,2016,Dependiente,Actividades de servicios administrativos y de apoyo,1,1,,"100,0%",$3.737.000
2721-Fundación Universitaria María Cano,5038-ESPECIALIZACION EN ADMINISTRACION DE SERVICIOS DE SALUD,Masculino,2012-1,2016,Dependiente,Actividades financieras y de seguros,2,2,,"100,0%",$2.772.000
2721-Fundación Universitaria María Cano,5038-ESPECIALIZACION EN ADMINISTRACION DE SERVICIOS DE SALUD,Masculino,2012-1,2016,Dependiente,Administración pública y defensa; planes de seguridad social de afiliación obligatoria,1,1,,"100,0%",$1.801.000
2721-Fundación Universitaria María Cano,5038-ESPECIALIZACION EN ADMINISTRACION DE SERVICIOS DE SALUD,Masculino,2012-1,2016,Independiente,Sin información,1,1,,"100,0%",NaN
2721-Fundación Universitaria María Cano,5038-ESPECIALIZACION EN ADMINISTRACION DE SERVICIOS DE SALUD,Masculino,2012-1,2016,No cotizante,Sin información,1,0,,"0,0%",NaN
2721-Fundación Universitaria María Cano,5038-ESPECIALIZACION EN ADMINISTRACION DE SERVICIOS DE SALUD,Masculino,2012-1,2017,Dependiente,"Actividades profesionales, científicas y técnicas",1,1,,"100,0%",NaN
2721-Fundación Universitaria María Cano,5038-ESPECIALIZACION EN ADMINISTRACION DE SERVICIOS DE SALUD,Masculino,2012-1,2017,Dependiente,Sin información,1,1,,"100,0%",NaN
2721-Fundación Universitaria María Cano,5038-ESPECIALIZACION EN ADMINISTRACION DE SERVICIOS DE SALUD,Masculino,2012-1,2017,Independiente,Educación,1,1,,"100,0%",NaN
2721-Fundación Universitaria María Cano,5038-ESPECIALIZACION EN ADMINISTRACION DE SERVICIOS DE SALUD,Masculino,2012-1,2017,Independiente,Sin información,2,2,,"100,0%",NaN
2721-Fundación Universitaria María Cano,5038-ESPECIALIZACION EN ADMINISTRACION DE SERVICIOS DE SALUD,Masculino,2012-1,2017,No cotizante,Sin información,1,0,,"0,0%",NaN
2721-Fundación Universitaria María Cano,5038-ESPECIALIZACION EN ADMINISTRACION DE SERVICIOS DE SALUD,Masculino,2012-1,2018,Dependiente,"Actividades profesionales, científicas y técnicas",1,1,,"100,0%",NaN
2721-Fundación Universitaria María Cano,5038-ESPECIALIZACION EN ADMINISTRACION DE SERVICIOS DE SALUD,Masculino,2012-1,2018,Dependiente,Sin información,2,2,,"100,0%",NaN
2721-Fundación Universitaria María Cano,5038-ESPECIALIZACION EN ADMINISTRACION DE SERVICIOS DE SALUD,Masculino,2012-1,2018,Independiente,Educación,1,1,,"100,0%",NaN
2721-Fundación Universitaria María Cano,5038-ESPECIALIZACION EN ADMINISTRACION DE SERVICIOS DE SALUD,Masculino,2012-1,2018,Independiente,Sin información,1,1,,"100,0%",NaN
2721-Fundación Universitaria María Cano,5038-ESPECIALIZACION EN ADMINISTRACION DE SERVICIOS DE SALUD,Masculino,2012-1,2018,No cotizante,Sin información,1,0,,"0,0%",NaN
2721-Fundación Universitaria María Cano,5038-ESPECIALIZACION EN ADMINISTRACION DE SERVICIOS DE SALUD,Masculino,2012-1,2019,Dependiente,Actividades de atención de la salud humana y de asistencia social,1,1,,"100,0%",NaN
2721-Fundación Universitaria María Cano,5038-ESPECIALIZACION EN ADMINISTRACION DE SERVICIOS DE SALUD,Masculino,2012-1,2019,Dependiente,"Actividades profesionales, científicas y técnicas",1,1,,"100,0%",NaN
2721-Fundación Universitaria María Cano,5038-ESPECIALIZACION EN ADMINISTRACION DE SERVICIOS DE SALUD,Masculino,2012-1,2019,Dependiente,Otras actividades de servicios,1,1,,"100,0%",NaN
2721-Fundación Universitaria María Cano,5038-ESPECIALIZACION EN ADMINISTRACION DE SERVICIOS DE SALUD,Masculino,2012-1,2019,Independiente,Actividades de servicios administrativos y de apoyo,1,1,,"100,0%",NaN
2721-Fundación Universitaria María Cano,5038-ESPECIALIZACION EN ADMINISTRACION DE SERVICIOS DE SALUD,Masculino,2012-1,2019,Independiente,Educación,1,1,,"100,0%",NaN
2721-Fundación Universitaria María Cano,5038-ESPECIALIZACION EN ADMINISTRACION DE SERVICIOS DE SALUD,Masculino,2012-1,2019,No cotizante,Sin información,1,0,,"0,0%",NaN
2721-Fundación Universitaria María Cano,5038-ESPECIALIZACION EN ADMINISTRACION DE SERVICIOS DE SALUD,Masculino,2012-1,2020,Dependiente,Administración pública y defensa; planes de seguridad social de afiliación obligatoria,1,1,,"100,0%",NaN
2721-Fundación Universitaria María Cano,5038-ESPECIALIZACION EN ADMINISTRACION DE SERVICIOS DE SALUD,Masculino,2012-1,2020,Dependiente,Construccion,1,1,,"100,0%",NaN
2721-Fundación Universitaria María Cano,5038-ESPECIALIZACION EN ADMINISTRACION DE SERVICIOS DE SALUD,Masculino,2012-1,2020,Dependiente,Otras actividades de servicios,1,1,,"100,0%",NaN
2721-Fundación Universitaria María Cano,5038-ESPECIALIZACION EN ADMINISTRACION DE SERVICIOS DE SALUD,Masculino,2012-1,2020,Independiente,Actividades de servicios administrativos y de apoyo,1,1,,"100,0%",NaN
2721-Fundación Universitaria María Cano,5038-ESPECIALIZACION EN ADMINISTRACION DE SERVICIOS DE SALUD,Masculino,2012-1,2020,Independiente,Educación,1,1,,"100,0%",NaN
2721-Fundación Universitaria María Cano,5038-ESPECIALIZACION EN ADMINISTRACION DE SERVICIOS DE SALUD,Masculino,2012-1,2020,No cotizante,Sin información,1,0,,"0,0%",NaN
2721-Fundación Universitaria María Cano,5038-ESPECIALIZACION EN ADMINISTRACION DE SERVICIOS DE SALUD,Masculino,2012-1,2021,Dependiente,Actividades de atención de la salud humana y de asistencia social,1,1,,"100,0%",NaN
2721-Fundación Universitaria María Cano,5038-ESPECIALIZACION EN ADMINISTRACION DE SERVICIOS DE SALUD,Masculino,2012-1,2021,Dependiente,"Actividades profesionales, científicas y técnicas",1,1,,"100,0%",NaN
2721-Fundación Universitaria María Cano,5038-ESPECIALIZACION EN ADMINISTRACION DE SERVICIOS DE SALUD,Masculino,2012-1,2021,Dependiente,Otras actividades de servicios,1,1,,"100,0%",NaN
2721-Fundación Universitaria María Cano,5038-ESPECIALIZACION EN ADMINISTRACION DE SERVICIOS DE SALUD,Masculino,2012-1,2021,Independiente,Actividades de servicios administrativos y de apoyo,1,1,,"100,0%",NaN
2721-Fundación Universitaria María Cano,5038-ESPECIALIZACION EN ADMINISTRACION DE SERVICIOS DE SALUD,Masculino,2012-1,2021,Independiente,Educación,1,1,,"100,0%",NaN
2721-Fundación Universitaria María Cano,5038-ESPECIALIZACION EN ADMINISTRACION DE SERVICIOS DE SALUD,Masculino,2012-1,2021,No cotizante,Sin información,1,0,,"0,0%",NaN
2721-Fundación Universitaria María Cano,5038-ESPECIALIZACION EN ADMINISTRACION DE SERVICIOS DE SALUD,Masculino,2012-1,2022,Dependiente,Actividades de atención de la salud humana y de asistencia social,1,1,,"100,0%",NaN
2721-Fundación Universitaria María Cano,5038-ESPECIALIZACION EN ADMINISTRACION DE SERVICIOS DE SALUD,Masculino,2012-1,2022,Dependiente,Administración pública y defensa; planes de seguridad social de afiliación obligatoria,1,1,,"100,0%",NaN
2721-Fundación Universitaria María Cano,5038-ESPECIALIZACION EN ADMINISTRACION DE SERVICIOS DE SALUD,Masculino,2012-1,2022,Independiente,Actividades de servicios administrativos y de apoyo,1,1,,"100,0%",NaN
2721-Fundación Universitaria María Cano,5038-ESPECIALIZACION EN ADMINISTRACION DE SERVICIOS DE SALUD,Masculino,2012-1,2022,Independiente,Educación,1,1,,"100,0%",NaN
2721-Fundación Universitaria María Cano,5038-ESPECIALIZACION EN ADMINISTRACION DE SERVICIOS DE SALUD,Masculino,2012-1,2022,Independiente,Otras actividades de servicios,1,1,,"100,0%",NaN
2721-Fundación Universitaria María Cano,5038-ESPECIALIZACION EN ADMINISTRACION DE SERVICIOS DE SALUD,Masculino,2012-1,2022,No cotizante,SIN DATO,1,0,,"0,0%",NaN
2721-Fundación Universitaria María Cano,5038-ESPECIALIZACION EN ADMINISTRACION DE SERVICIOS DE SALUD,Masculino,2012-1,2023,Dependiente,"Actividades profesionales, científicas y técnicas",2,2,,"100,0%",NaN
2721-Fundación Universitaria María Cano,5038-ESPECIALIZACION EN ADMINISTRACION DE SERVICIOS DE SALUD,Masculino,2012-1,2023,Dependiente,Administración pública y defensa; planes de seguridad social de afiliación obligatoria,1,1,,"100,0%",NaN
2721-Fundación Universitaria María Cano,5038-ESPECIALIZACION EN ADMINISTRACION DE SERVICIOS DE SALUD,Masculino,2012-1,2023,Independiente,Actividades de servicios administrativos y de apoyo,1,1,,"100,0%",NaN
2721-Fundación Universitaria María Cano,5038-ESPECIALIZACION EN ADMINISTRACION DE SERVICIOS DE SALUD,Masculino,2012-1,2023,Independiente,Educación,1,1,,"100,0%",NaN
2721-Fundación Universitaria María Cano,5038-ESPECIALIZACION EN ADMINISTRACION DE SERVICIOS DE SALUD,Masculino,2012-1,2023,No cotizante,SIN DATO,1,0,,"0,0%",NaN
2721-Fundación Universitaria María Cano,53710-NEGOCIOS INTERNACIONALES,Femenino,2012-1,2017,Dependiente,"Actividades profesionales, científicas y técnicas",1,1,,"100,0%",NaN
2721-Fundación Universitaria María Cano,53710-NEGOCIOS INTERNACIONALES,Femenino,2012-1,2018,Dependiente,"Actividades artísticas, de entretenimiento y recreación",1,1,,"100,0%",NaN
2721-Fundación Universitaria María Cano,53710-NEGOCIOS INTERNACIONALES,Femenino,2012-1,2019,Dependiente,Educación,1,1,,"100,0%",NaN
2721-Fundación Universitaria María Cano,53710-NEGOCIOS INTERNACIONALES,Femenino,2012-1,2020,Dependiente,Educación,1,1,,"100,0%",NaN
2721-Fundación Universitaria María Cano,53710-NEGOCIOS INTERNACIONALES,Femenino,2012-1,2021,Dependiente,Educación,1,1,,"100,0%",NaN
2721-Fundación Universitaria María Cano,53710-NEGOCIOS INTERNACIONALES,Femenino,2012-1,2022,Dependiente,Educación,1,1,,"100,0%",NaN
2721-Fundación Universitaria María Cano,53710-NEGOCIOS INTERNACIONALES,Femenino,2012-1,2023,Dependiente,Educación,1,1,,"100,0%",NaN
2728-Fundación Universitaria del Área Andina,9757-ESPECIALIZACION EN AUDITORIA EN SALUD,Femenino,2012-1,2016,Dependiente,Actividades de atención de la salud humana y de asistencia social,2,2,,"100,0%",$8.231.000
2728-Fundación Universitaria del Área Andina,9757-ESPECIALIZACION EN AUDITORIA EN SALUD,Femenino,2012-1,2016,Dependiente,Administración pública y defensa; planes de seguridad social de afiliación obligatoria,1,1,,"100,0%",$3.448.000
2728-Fundación Universitaria del Área Andina,9757-ESPECIALIZACION EN AUDITORIA EN SALUD,Femenino,2012-1,2016,Dependiente,Sin información,1,1,,"100,0%",$12.376.000
2728-Fundación Universitaria del Área Andina,9757-ESPECIALIZACION EN AUDITORIA EN SALUD,Femenino,2012-1,2016,No cotizante,Sin información,1,0,,"0,0%",NaN
2728-Fundación Universitaria del Área Andina,9757-ESPECIALIZACION EN AUDITORIA EN SALUD,Femenino,2012-1,2017,Dependiente,Actividades de atención de la salud humana y de asistencia social,2,2,,"100,0%",NaN
2728-Fundación Universitaria del Área Andina,9757-ESPECIALIZACION EN AUDITORIA EN SALUD,Femenino,2012-1,2017,Dependiente,"Actividades profesionales, científicas y técnicas",1,1,,"100,0%",NaN
2728-Fundación Universitaria del Área Andina,9757-ESPECIALIZACION EN AUDITORIA EN SALUD,Femenino,2012-1,2017,Dependiente,Educación,1,1,,"100,0%",NaN
2728-Fundación Universitaria del Área Andina,9757-ESPECIALIZACION EN AUDITORIA EN SALUD,Femenino,2012-1,2017,Dependiente,Industrias manufactureras,1,1,,"100,0%",NaN
2728-Fundación Universitaria del Área Andina,9757-ESPECIALIZACION EN AUDITORIA EN SALUD,Femenino,2012-1,2018,Dependiente,Actividades de atención de la salud humana y de asistencia social,2,2,,"100,0%",NaN
2728-Fundación Universitaria del Área Andina,9757-ESPECIALIZACION EN AUDITORIA EN SALUD,Femenino,2012-1,2018,Dependiente,"Actividades profesionales, científicas y técnicas",1,1,,"100,0%",NaN
2728-Fundación Universitaria del Área Andina,9757-ESPECIALIZACION EN AUDITORIA EN SALUD,Femenino,2012-1,2018,Dependiente,Educación,1,1,,"100,0%",NaN
2728-Fundación Universitaria del Área Andina,9757-ESPECIALIZACION EN AUDITORIA EN SALUD,Femenino,2012-1,2018,Dependiente,Industrias manufactureras,1,1,,"100,0%",NaN
2728-Fundación Universitaria del Área Andina,9757-ESPECIALIZACION EN AUDITORIA EN SALUD,Femenino,2012-1,2019,Dependiente,Actividades de atención de la salud humana y de asistencia social,2,2,,"100,0%",NaN
2728-Fundación Universitaria del Área Andina,9757-ESPECIALIZACION EN AUDITORIA EN SALUD,Femenino,2012-1,2019,Dependiente,"Actividades profesionales, científicas y técnicas",1,1,,"100,0%",NaN
2728-Fundación Universitaria del Área Andina,9757-ESPECIALIZACION EN AUDITORIA EN SALUD,Femenino,2012-1,2019,Dependiente,Educación,1,1,,"100,0%",NaN
2728-Fundación Universitaria del Área Andina,9757-ESPECIALIZACION EN AUDITORIA EN SALUD,Femenino,2012-1,2019,Dependiente,Industrias manufactureras,1,1,,"100,0%",NaN
2728-Fundación Universitaria del Área Andina,9757-ESPECIALIZACION EN AUDITORIA EN SALUD,Femenino,2012-1,2020,Dependiente,Actividades de atención de la salud humana y de asistencia social,2,2,,"100,0%",NaN
2728-Fundación Universitaria del Área Andina,9757-ESPECIALIZACION EN AUDITORIA EN SALUD,Femenino,2012-1,2020,Dependiente,"Actividades profesionales, científicas y técnicas",2,2,,"100,0%",NaN
2728-Fundación Universitaria del Área Andina,9757-ESPECIALIZACION EN AUDITORIA EN SALUD,Femenino,2012-1,2020,Dependiente,Industrias manufactureras,1,1,,"100,0%",NaN
2728-Fundación Universitaria del Área Andina,9757-ESPECIALIZACION EN AUDITORIA EN SALUD,Femenino,2012-1,2021,Dependiente,Actividades de atención de la salud humana y de asistencia social,2,2,,"100,0%",NaN
2728-Fundación Universitaria del Área Andina,9757-ESPECIALIZACION EN AUDITORIA EN SALUD,Femenino,2012-1,2021,Dependiente,"Actividades profesionales, científicas y técnicas",2,2,,"100,0%",NaN
2728-Fundación Universitaria del Área Andina,9757-ESPECIALIZACION EN AUDITORIA EN SALUD,Femenino,2012-1,2022,Dependiente,Actividades de atención de la salud humana y de asistencia social,2,2,,"100,0%",NaN
2728-Fundación Universitaria del Área Andina,9757-ESPECIALIZACION EN AUDITORIA EN SALUD,Femenino,2012-1,2022,Dependiente,"Actividades profesionales, científicas y técnicas",2,2,,"100,0%",NaN
2728-Fundación Universitaria del Área Andina,9757-ESPECIALIZACION EN AUDITORIA EN SALUD,Femenino,2012-1,2023,Dependiente,Actividades de atención de la salud humana y de asistencia social,1,1,,"100,0%",NaN
2728-Fundación Universitaria del Área Andina,9757-ESPECIALIZACION EN AUDITORIA EN SALUD,Femenino,2012-1,2023,Dependiente,"Actividades profesionales, científicas y técnicas",2,2,,"100,0%",NaN
2728-Fundación Universitaria del Área Andina,9757-ESPECIALIZACION EN AUDITORIA EN SALUD,Femenino,2012-1,2023,No cotizante,SIN DATO,1,0,,"0,0%",NaN
2728-Fundación Universitaria del Área Andina,9757-ESPECIALIZACION EN AUDITORIA EN SALUD,Masculino,2012-1,2016,Dependiente,Actividades de atención de la salud humana y de asistencia social,1,1,,"100,0%",$3.300.000
2728-Fundación Universitaria del Área Andina,9757-ESPECIALIZACION EN AUDITORIA EN SALUD,Masculino,2012-1,2016,Dependiente,Otras actividades de servicios,1,1,,"100,0%",$2.800.000
2728-Fundación Universitaria del Área Andina,9757-ESPECIALIZACION EN AUDITORIA EN SALUD,Masculino,2012-1,2017,Dependiente,Actividades de atención de la salud humana y de asistencia social,1,1,,"100,0%",NaN
2728-Fundación Universitaria del Área Andina,9757-ESPECIALIZACION EN AUDITORIA EN SALUD,Masculino,2012-1,2017,Independiente,"Actividades profesionales, científicas y técnicas",1,1,,"100,0%",NaN
2728-Fundación Universitaria del Área Andina,9757-ESPECIALIZACION EN AUDITORIA EN SALUD,Masculino,2012-1,2018,Independiente,"Actividades profesionales, científicas y técnicas",2,2,,"100,0%",NaN
2728-Fundación Universitaria del Área Andina,9757-ESPECIALIZACION EN AUDITORIA EN SALUD,Masculino,2012-1,2019,Dependiente,Actividades de servicios administrativos y de apoyo,1,1,,"100,0%",NaN
2728-Fundación Universitaria del Área Andina,9757-ESPECIALIZACION EN AUDITORIA EN SALUD,Masculino,2012-1,2019,Independiente,Sin información,1,1,,"100,0%",NaN
2728-Fundación Universitaria del Área Andina,9757-ESPECIALIZACION EN AUDITORIA EN SALUD,Masculino,2012-1,2020,Dependiente,"Actividades profesionales, científicas y técnicas",1,1,,"100,0%",NaN
2728-Fundación Universitaria del Área Andina,9757-ESPECIALIZACION EN AUDITORIA EN SALUD,Masculino,2012-1,2020,Independiente,Actividades de servicios administrativos y de apoyo,1,1,,"100,0%",NaN
2728-Fundación Universitaria del Área Andina,9757-ESPECIALIZACION EN AUDITORIA EN SALUD,Masculino,2012-1,2021,Independiente,Actividades de servicios administrativos y de apoyo,1,1,,"100,0%",NaN
2728-Fundación Universitaria del Área Andina,9757-ESPECIALIZACION EN AUDITORIA EN SALUD,Masculino,2012-1,2021,Independiente,"Actividades profesionales, científicas y técnicas",1,1,,"100,0%",NaN
2728-Fundación Universitaria del Área Andina,9757-ESPECIALIZACION EN AUDITORIA EN SALUD,Masculino,2012-1,2022,Independiente,Actividades de servicios administrativos y de apoyo,1,1,,"100,0%",NaN
2728-Fundación Universitaria del Área Andina,9757-ESPECIALIZACION EN AUDITORIA EN SALUD,Masculino,2012-1,2022,Independiente,Otras actividades de servicios,1,1,,"100,0%",NaN
2728-Fundación Universitaria del Área Andina,9757-ESPECIALIZACION EN AUDITORIA EN SALUD,Masculino,2012-1,2023,Independiente,Actividades de servicios administrativos y de apoyo,1,1,,"100,0%",NaN
2728-Fundación Universitaria del Área Andina,9757-ESPECIALIZACION EN AUDITORIA EN SALUD,Masculino,2012-1,2023,Independiente,"Actividades profesionales, científicas y técnicas",1,1,,"100,0%",NaN
2728-Fundación Universitaria del Área Andina,9756-ESPECIALIZACION EN GERENCIA EN SALUD OCUPACIONAL,Femenino,2012-1,2016,Dependiente,Actividades de atención de la salud humana y de asistencia social,5,5,,"100,0%",$2.441.662
2728-Fundación Universitaria del Área Andina,9756-ESPECIALIZACION EN GERENCIA EN SALUD OCUPACIONAL,Femenino,2012-1,2016,Dependiente,Actividades de servicios administrativos y de apoyo,1,1,,"100,0%",$2.335.000
2728-Fundación Universitaria del Área Andina,9756-ESPECIALIZACION EN GERENCIA EN SALUD OCUPACIONAL,Femenino,2012-1,2016,Dependiente,Actividades financieras y de seguros,2,2,,"100,0%",$1.779.500
2728-Fundación Universitaria del Área Andina,9756-ESPECIALIZACION EN GERENCIA EN SALUD OCUPACIONAL,Femenino,2012-1,2016,Dependiente,Actividades inmobiliarias,1,1,,"100,0%",$1.400.000
2728-Fundación Universitaria del Área Andina,9756-ESPECIALIZACION EN GERENCIA EN SALUD OCUPACIONAL,Femenino,2012-1,2016,Dependiente,"Actividades profesionales, científicas y técnicas",2,2,,"100,0%",$3.386.500
2728-Fundación Universitaria del Área Andina,9756-ESPECIALIZACION EN GERENCIA EN SALUD OCUPACIONAL,Femenino,2012-1,2016,Dependiente,Administración pública y defensa; planes de seguridad social de afiliación obligatoria,2,2,,"100,0%",$1.801.036
2728-Fundación Universitaria del Área Andina,9756-ESPECIALIZACION EN GERENCIA EN SALUD OCUPACIONAL,Femenino,2012-1,2016,Dependiente,"Agricultura, ganadería, caza, silvicultura y pesca",1,1,,"100,0%",$3.018.000
2728-Fundación Universitaria del Área Andina,9756-ESPECIALIZACION EN GERENCIA EN SALUD OCUPACIONAL,Femenino,2012-1,2016,Dependiente,Construccion,3,3,,"100,0%",$3.049.167
2728-Fundación Universitaria del Área Andina,9756-ESPECIALIZACION EN GERENCIA EN SALUD OCUPACIONAL,Femenino,2012-1,2016,Dependiente,Educación,1,1,,"100,0%",$2.877.290
2728-Fundación Universitaria del Área Andina,9756-ESPECIALIZACION EN GERENCIA EN SALUD OCUPACIONAL,Femenino,2012-1,2016,Dependiente,Explotación de minas y canteras,2,2,,"100,0%",$5.086.731
2728-Fundación Universitaria del Área Andina,9756-ESPECIALIZACION EN GERENCIA EN SALUD OCUPACIONAL,Femenino,2012-1,2016,Dependiente,Industrias manufactureras,2,2,,"100,0%",$2.694.000
2728-Fundación Universitaria del Área Andina,9756-ESPECIALIZACION EN GERENCIA EN SALUD OCUPACIONAL,Femenino,2012-1,2016,Dependiente,Sin información,1,1,,"100,0%",$3.000.000
2728-Fundación Universitaria del Área Andina,9756-ESPECIALIZACION EN GERENCIA EN SALUD OCUPACIONAL,Femenino,2012-1,2016,Dependiente,Transporte y almacenamiento,2,2,,"100,0%",$2.446.500
2728-Fundación Universitaria del Área Andina,9756-ESPECIALIZACION EN GERENCIA EN SALUD OCUPACIONAL,Femenino,2012-1,2016,Independiente,Actividades de atención de la salud humana y de asistencia social,1,1,,"100,0%",NaN
2728-Fundación Universitaria del Área Andina,9756-ESPECIALIZACION EN GERENCIA EN SALUD OCUPACIONAL,Femenino,2012-1,2016,Independiente,"Actividades profesionales, científicas y técnicas",6,6,,"100,0%",NaN
2728-Fundación Universitaria del Área Andina,9756-ESPECIALIZACION EN GERENCIA EN SALUD OCUPACIONAL,Femenino,2012-1,2016,Independiente,Comercio al por mayor y al por menor; reparación de vehículos automotores y motocicletas,1,1,,"100,0%",NaN
2728-Fundación Universitaria del Área Andina,9756-ESPECIALIZACION EN GERENCIA EN SALUD OCUPACIONAL,Femenino,2012-1,2016,Independiente,Educación,2,2,,"100,0%",NaN
2728-Fundación Universitaria del Área Andina,9756-ESPECIALIZACION EN GERENCIA EN SALUD OCUPACIONAL,Femenino,2012-1,2016,Independiente,Información y comunicaciones,3,3,,"100,0%",NaN
2728-Fundación Universitaria del Área Andina,9756-ESPECIALIZACION EN GERENCIA EN SALUD OCUPACIONAL,Femenino,2012-1,2016,Independiente,Otras actividades de servicios,1,1,,"100,0%",NaN
2728-Fundación Universitaria del Área Andina,9756-ESPECIALIZACION EN GERENCIA EN SALUD OCUPACIONAL,Femenino,2012-1,2016,Independiente,Sin información,1,1,,"100,0%",NaN
2728-Fundación Universitaria del Área Andina,9756-ESPECIALIZACION EN GERENCIA EN SALUD OCUPACIONAL,Femenino,2012-1,2016,No cotizante,Sin información,4,0,,"0,0%",NaN
2728-Fundación Universitaria del Área Andina,9756-ESPECIALIZACION EN GERENCIA EN SALUD OCUPACIONAL,Femenino,2012-1,2017,Dependiente,Actividades de atención de la salud humana y de asistencia social,5,5,,"100,0%",NaN
2728-Fundación Universitaria del Área Andina,9756-ESPECIALIZACION EN GERENCIA EN SALUD OCUPACIONAL,Femenino,2012-1,2017,Dependiente,Actividades financieras y de seguros,4,4,,"100,0%",NaN
2728-Fundación Universitaria del Área Andina,9756-ESPECIALIZACION EN GERENCIA EN SALUD OCUPACIONAL,Femenino,2012-1,2017,Dependiente,"Actividades profesionales, científicas y técnicas",10,10,,"100,0%",NaN
2728-Fundación Universitaria del Área Andina,9756-ESPECIALIZACION EN GERENCIA EN SALUD OCUPACIONAL,Femenino,2012-1,2017,Dependiente,Administración pública y defensa; planes de seguridad social de afiliación obligatoria,1,1,,"100,0%",NaN
2728-Fundación Universitaria del Área Andina,9756-ESPECIALIZACION EN GERENCIA EN SALUD OCUPACIONAL,Femenino,2012-1,2017,Dependiente,"Agricultura, ganadería, caza, silvicultura y pesca",1,1,,"100,0%",NaN
2728-Fundación Universitaria del Área Andina,9756-ESPECIALIZACION EN GERENCIA EN SALUD OCUPACIONAL,Femenino,2012-1,2017,Dependiente,Alojamiento y servicios de comida,2,2,,"100,0%",NaN
2728-Fundación Universitaria del Área Andina,9756-ESPECIALIZACION EN GERENCIA EN SALUD OCUPACIONAL,Femenino,2012-1,2017,Dependiente,Comercio al por mayor y al por menor; reparación de vehículos automotores y motocicletas,1,1,,"100,0%",NaN
2728-Fundación Universitaria del Área Andina,9756-ESPECIALIZACION EN GERENCIA EN SALUD OCUPACIONAL,Femenino,2012-1,2017,Dependiente,Educación,2,2,,"100,0%",NaN
2728-Fundación Universitaria del Área Andina,9756-ESPECIALIZACION EN GERENCIA EN SALUD OCUPACIONAL,Femenino,2012-1,2017,Dependiente,Explotación de minas y canteras,1,1,,"100,0%",NaN
2728-Fundación Universitaria del Área Andina,9756-ESPECIALIZACION EN GERENCIA EN SALUD OCUPACIONAL,Femenino,2012-1,2017,Dependiente,Otras actividades de servicios,1,1,,"100,0%",NaN
2728-Fundación Universitaria del Área Andina,9756-ESPECIALIZACION EN GERENCIA EN SALUD OCUPACIONAL,Femenino,2012-1,2017,Dependiente,Sin información,5,5,,"100,0%",NaN
2728-Fundación Universitaria del Área Andina,9756-ESPECIALIZACION EN GERENCIA EN SALUD OCUPACIONAL,Femenino,2012-1,2017,Independiente,Actividades de atención de la salud humana y de asistencia social,1,1,,"100,0%",NaN
2728-Fundación Universitaria del Área Andina,9756-ESPECIALIZACION EN GERENCIA EN SALUD OCUPACIONAL,Femenino,2012-1,2017,Independiente,"Actividades profesionales, científicas y técnicas",5,5,,"100,0%",NaN
2728-Fundación Universitaria del Área Andina,9756-ESPECIALIZACION EN GERENCIA EN SALUD OCUPACIONAL,Femenino,2012-1,2017,Independiente,Educación,1,1,,"100,0%",NaN
2728-Fundación Universitaria del Área Andina,9756-ESPECIALIZACION EN GERENCIA EN SALUD OCUPACIONAL,Femenino,2012-1,2017,Independiente,Información y comunicaciones,1,1,,"100,0%",NaN
2728-Fundación Universitaria del Área Andina,9756-ESPECIALIZACION EN GERENCIA EN SALUD OCUPACIONAL,Femenino,2012-1,2017,Independiente,Sin información,8,8,,"100,0%",NaN
2728-Fundación Universitaria del Área Andina,9756-ESPECIALIZACION EN GERENCIA EN SALUD OCUPACIONAL,Femenino,2012-1,2017,No cotizante,Sin información,6,0,,"0,0%",NaN
2728-Fundación Universitaria del Área Andina,9756-ESPECIALIZACION EN GERENCIA EN SALUD OCUPACIONAL,Femenino,2012-1,2018,Dependiente,Actividades de atención de la salud humana y de asistencia social,5,5,,"100,0%",NaN
2728-Fundación Universitaria del Área Andina,9756-ESPECIALIZACION EN GERENCIA EN SALUD OCUPACIONAL,Femenino,2012-1,2018,Dependiente,Actividades de servicios administrativos y de apoyo,1,1,,"100,0%",NaN
2728-Fundación Universitaria del Área Andina,9756-ESPECIALIZACION EN GERENCIA EN SALUD OCUPACIONAL,Femenino,2012-1,2018,Dependiente,Actividades financieras y de seguros,2,2,,"100,0%",NaN
2728-Fundación Universitaria del Área Andina,9756-ESPECIALIZACION EN GERENCIA EN SALUD OCUPACIONAL,Femenino,2012-1,2018,Dependiente,"Actividades profesionales, científicas y técnicas",5,5,,"100,0%",NaN
2728-Fundación Universitaria del Área Andina,9756-ESPECIALIZACION EN GERENCIA EN SALUD OCUPACIONAL,Femenino,2012-1,2018,Dependiente,Administración pública y defensa; planes de seguridad social de afiliación obligatoria,1,1,,"100,0%",NaN
2728-Fundación Universitaria del Área Andina,9756-ESPECIALIZACION EN GERENCIA EN SALUD OCUPACIONAL,Femenino,2012-1,2018,Dependiente,"Agricultura, ganadería, caza, silvicultura y pesca",1,1,,"100,0%",NaN
2728-Fundación Universitaria del Área Andina,9756-ESPECIALIZACION EN GERENCIA EN SALUD OCUPACIONAL,Femenino,2012-1,2018,Dependiente,Comercio al por mayor y al por menor; reparación de vehículos automotores y motocicletas,1,1,,"100,0%",NaN
2728-Fundación Universitaria del Área Andina,9756-ESPECIALIZACION EN GERENCIA EN SALUD OCUPACIONAL,Femenino,2012-1,2018,Dependiente,Construccion,1,1,,"100,0%",NaN
2728-Fundación Universitaria del Área Andina,9756-ESPECIALIZACION EN GERENCIA EN SALUD OCUPACIONAL,Femenino,2012-1,2018,Dependiente,Educación,1,1,,"100,0%",NaN
2728-Fundación Universitaria del Área Andina,9756-ESPECIALIZACION EN GERENCIA EN SALUD OCUPACIONAL,Femenino,2012-1,2018,Dependiente,Explotación de minas y canteras,2,2,,"100,0%",NaN
2728-Fundación Universitaria del Área Andina,9756-ESPECIALIZACION EN GERENCIA EN SALUD OCUPACIONAL,Femenino,2012-1,2018,Dependiente,Otras actividades de servicios,2,2,,"100,0%",NaN
2728-Fundación Universitaria del Área Andina,9756-ESPECIALIZACION EN GERENCIA EN SALUD OCUPACIONAL,Femenino,2012-1,2018,Dependiente,Sin información,5,5,,"100,0%",NaN
2728-Fundación Universitaria del Área Andina,9756-ESPECIALIZACION EN GERENCIA EN SALUD OCUPACIONAL,Femenino,2012-1,2018,Independiente,Actividades de atención de la salud humana y de asistencia social,2,2,,"100,0%",NaN
2728-Fundación Universitaria del Área Andina,9756-ESPECIALIZACION EN GERENCIA EN SALUD OCUPACIONAL,Femenino,2012-1,2018,Independiente,"Actividades profesionales, científicas y técnicas",8,8,,"100,0%",NaN
2728-Fundación Universitaria del Área Andina,9756-ESPECIALIZACION EN GERENCIA EN SALUD OCUPACIONAL,Femenino,2012-1,2018,Independiente,Educación,1,1,,"100,0%",NaN
2728-Fundación Universitaria del Área Andina,9756-ESPECIALIZACION EN GERENCIA EN SALUD OCUPACIONAL,Femenino,2012-1,2018,Independiente,Información y comunicaciones,1,1,,"100,0%",NaN
2728-Fundación Universitaria del Área Andina,9756-ESPECIALIZACION EN GERENCIA EN SALUD OCUPACIONAL,Femenino,2012-1,2018,Independiente,Sin información,10,10,,"100,0%",NaN
2728-Fundación Universitaria del Área Andina,9756-ESPECIALIZACION EN GERENCIA EN SALUD OCUPACIONAL,Femenino,2012-1,2018,No cotizante,Sin información,6,0,,"0,0%",NaN
2728-Fundación Universitaria del Área Andina,9756-ESPECIALIZACION EN GERENCIA EN SALUD OCUPACIONAL,Femenino,2012-1,2019,Dependiente,Actividades de atención de la salud humana y de asistencia social,5,5,,"100,0%",NaN
2728-Fundación Universitaria del Área Andina,9756-ESPECIALIZACION EN GERENCIA EN SALUD OCUPACIONAL,Femenino,2012-1,2019,Dependiente,Actividades de servicios administrativos y de apoyo,2,2,,"100,0%",NaN
2728-Fundación Universitaria del Área Andina,9756-ESPECIALIZACION EN GERENCIA EN SALUD OCUPACIONAL,Femenino,2012-1,2019,Dependiente,Actividades financieras y de seguros,2,2,,"100,0%",NaN
2728-Fundación Universitaria del Área Andina,9756-ESPECIALIZACION EN GERENCIA EN SALUD OCUPACIONAL,Femenino,2012-1,2019,Dependiente,"Actividades profesionales, científicas y técnicas",5,5,,"100,0%",NaN
2728-Fundación Universitaria del Área Andina,9756-ESPECIALIZACION EN GERENCIA EN SALUD OCUPACIONAL,Femenino,2012-1,2019,Dependiente,Administración pública y defensa; planes de seguridad social de afiliación obligatoria,2,2,,"100,0%",NaN
2728-Fundación Universitaria del Área Andina,9756-ESPECIALIZACION EN GERENCIA EN SALUD OCUPACIONAL,Femenino,2012-1,2019,Dependiente,Construccion,1,1,,"100,0%",NaN
2728-Fundación Universitaria del Área Andina,9756-ESPECIALIZACION EN GERENCIA EN SALUD OCUPACIONAL,Femenino,2012-1,2019,Dependiente,Educación,5,5,,"100,0%",NaN
2728-Fundación Universitaria del Área Andina,9756-ESPECIALIZACION EN GERENCIA EN SALUD OCUPACIONAL,Femenino,2012-1,2019,Dependiente,Explotación de minas y canteras,1,1,,"100,0%",NaN
2728-Fundación Universitaria del Área Andina,9756-ESPECIALIZACION EN GERENCIA EN SALUD OCUPACIONAL,Femenino,2012-1,2019,Dependiente,Otras actividades de servicios,2,2,,"100,0%",NaN
2728-Fundación Universitaria del Área Andina,9756-ESPECIALIZACION EN GERENCIA EN SALUD OCUPACIONAL,Femenino,2012-1,2019,Dependiente,Sin información,2,2,,"100,0%",NaN
2728-Fundación Universitaria del Área Andina,9756-ESPECIALIZACION EN GERENCIA EN SALUD OCUPACIONAL,Femenino,2012-1,2019,Dependiente,Transporte y almacenamiento,1,1,,"100,0%",NaN
2728-Fundación Universitaria del Área Andina,9756-ESPECIALIZACION EN GERENCIA EN SALUD OCUPACIONAL,Femenino,2012-1,2019,Independiente,Actividades de atención de la salud humana y de asistencia social,1,1,,"100,0%",NaN
2728-Fundación Universitaria del Área Andina,9756-ESPECIALIZACION EN GERENCIA EN SALUD OCUPACIONAL,Femenino,2012-1,2019,Independiente,"Actividades profesionales, científicas y técnicas",9,9,,"100,0%",NaN
2728-Fundación Universitaria del Área Andina,9756-ESPECIALIZACION EN GERENCIA EN SALUD OCUPACIONAL,Femenino,2012-1,2019,Independiente,Administración pública y defensa; planes de seguridad social de afiliación obligatoria,5,5,,"100,0%",NaN
2728-Fundación Universitaria del Área Andina,9756-ESPECIALIZACION EN GERENCIA EN SALUD OCUPACIONAL,Femenino,2012-1,2019,Independiente,Educación,1,1,,"100,0%",NaN
2728-Fundación Universitaria del Área Andina,9756-ESPECIALIZACION EN GERENCIA EN SALUD OCUPACIONAL,Femenino,2012-1,2019,Independiente,Sin información,3,3,,"100,0%",NaN
2728-Fundación Universitaria del Área Andina,9756-ESPECIALIZACION EN GERENCIA EN SALUD OCUPACIONAL,Femenino,2012-1,2019,No cotizante,Sin información,8,0,,"0,0%",NaN
2728-Fundación Universitaria del Área Andina,9756-ESPECIALIZACION EN GERENCIA EN SALUD OCUPACIONAL,Femenino,2012-1,2020,Dependiente,Actividades de atención de la salud humana y de asistencia social,6,6,,"100,0%",NaN
2728-Fundación Universitaria del Área Andina,9756-ESPECIALIZACION EN GERENCIA EN SALUD OCUPACIONAL,Femenino,2012-1,2020,Dependiente,Actividades de servicios administrativos y de apoyo,2,2,,"100,0%",NaN
2728-Fundación Universitaria del Área Andina,9756-ESPECIALIZACION EN GERENCIA EN SALUD OCUPACIONAL,Femenino,2012-1,2020,Dependiente,Actividades financieras y de seguros,2,2,,"100,0%",NaN
2728-Fundación Universitaria del Área Andina,9756-ESPECIALIZACION EN GERENCIA EN SALUD OCUPACIONAL,Femenino,2012-1,2020,Dependiente,"Actividades profesionales, científicas y técnicas",8,8,,"100,0%",NaN
2728-Fundación Universitaria del Área Andina,9756-ESPECIALIZACION EN GERENCIA EN SALUD OCUPACIONAL,Femenino,2012-1,2020,Dependiente,Administración pública y defensa; planes de seguridad social de afiliación obligatoria,1,1,,"100,0%",NaN
2728-Fundación Universitaria del Área Andina,9756-ESPECIALIZACION EN GERENCIA EN SALUD OCUPACIONAL,Femenino,2012-1,2020,Dependiente,Construccion,1,1,,"100,0%",NaN
2728-Fundación Universitaria del Área Andina,9756-ESPECIALIZACION EN GERENCIA EN SALUD OCUPACIONAL,Femenino,2012-1,2020,Dependiente,Educación,4,4,,"100,0%",NaN
2728-Fundación Universitaria del Área Andina,9756-ESPECIALIZACION EN GERENCIA EN SALUD OCUPACIONAL,Femenino,2012-1,2020,Dependiente,Industrias manufactureras,1,1,,"100,0%",NaN
2728-Fundación Universitaria del Área Andina,9756-ESPECIALIZACION EN GERENCIA EN SALUD OCUPACIONAL,Femenino,2012-1,2020,Dependiente,Otras actividades de servicios,2,2,,"100,0%",NaN
2728-Fundación Universitaria del Área Andina,9756-ESPECIALIZACION EN GERENCIA EN SALUD OCUPACIONAL,Femenino,2012-1,2020,Independiente,Actividades de atención de la salud humana y de asistencia social,1,1,,"100,0%",NaN
2728-Fundación Universitaria del Área Andina,9756-ESPECIALIZACION EN GERENCIA EN SALUD OCUPACIONAL,Femenino,2012-1,2020,Independiente,Actividades de servicios administrativos y de apoyo,3,3,,"100,0%",NaN
2728-Fundación Universitaria del Área Andina,9756-ESPECIALIZACION EN GERENCIA EN SALUD OCUPACIONAL,Femenino,2012-1,2020,Independiente,Actividades financieras y de seguros,1,1,,"100,0%",NaN
2728-Fundación Universitaria del Área Andina,9756-ESPECIALIZACION EN GERENCIA EN SALUD OCUPACIONAL,Femenino,2012-1,2020,Independiente,"Actividades profesionales, científicas y técnicas",6,6,,"100,0%",NaN
2728-Fundación Universitaria del Área Andina,9756-ESPECIALIZACION EN GERENCIA EN SALUD OCUPACIONAL,Femenino,2012-1,2020,Independiente,Administración pública y defensa; planes de seguridad social de afiliación obligatoria,6,6,,"100,0%",NaN
2728-Fundación Universitaria del Área Andina,9756-ESPECIALIZACION EN GERENCIA EN SALUD OCUPACIONAL,Femenino,2012-1,2020,Independiente,Educación,1,1,,"100,0%",NaN
2728-Fundación Universitaria del Área Andina,9756-ESPECIALIZACION EN GERENCIA EN SALUD OCUPACIONAL,Femenino,2012-1,2020,Independiente,Otras actividades de servicios,1,1,,"100,0%",NaN
2728-Fundación Universitaria del Área Andina,9756-ESPECIALIZACION EN GERENCIA EN SALUD OCUPACIONAL,Femenino,2012-1,2020,No cotizante,Sin información,9,0,,"0,0%",NaN
2728-Fundación Universitaria del Área Andina,9756-ESPECIALIZACION EN GERENCIA EN SALUD OCUPACIONAL,Femenino,2012-1,2021,Dependiente,Actividades de atención de la salud humana y de asistencia social,6,6,,"100,0%",NaN
2728-Fundación Universitaria del Área Andina,9756-ESPECIALIZACION EN GERENCIA EN SALUD OCUPACIONAL,Femenino,2012-1,2021,Dependiente,Actividades de servicios administrativos y de apoyo,2,2,,"100,0%",NaN
2728-Fundación Universitaria del Área Andina,9756-ESPECIALIZACION EN GERENCIA EN SALUD OCUPACIONAL,Femenino,2012-1,2021,Dependiente,Actividades financieras y de seguros,3,3,,"100,0%",NaN
2728-Fundación Universitaria del Área Andina,9756-ESPECIALIZACION EN GERENCIA EN SALUD OCUPACIONAL,Femenino,2012-1,2021,Dependiente,Actividades inmobiliarias,1,1,,"100,0%",NaN
2728-Fundación Universitaria del Área Andina,9756-ESPECIALIZACION EN GERENCIA EN SALUD OCUPACIONAL,Femenino,2012-1,2021,Dependiente,"Actividades profesionales, científicas y técnicas",3,3,,"100,0%",NaN
2728-Fundación Universitaria del Área Andina,9756-ESPECIALIZACION EN GERENCIA EN SALUD OCUPACIONAL,Femenino,2012-1,2021,Dependiente,Administración pública y defensa; planes de seguridad social de afiliación obligatoria,4,4,,"100,0%",NaN
2728-Fundación Universitaria del Área Andina,9756-ESPECIALIZACION EN GERENCIA EN SALUD OCUPACIONAL,Femenino,2012-1,2021,Dependiente,Construccion,1,1,,"100,0%",NaN
2728-Fundación Universitaria del Área Andina,9756-ESPECIALIZACION EN GERENCIA EN SALUD OCUPACIONAL,Femenino,2012-1,2021,Dependiente,Otras actividades de servicios,4,4,,"100,0%",NaN
2728-Fundación Universitaria del Área Andina,9756-ESPECIALIZACION EN GERENCIA EN SALUD OCUPACIONAL,Femenino,2012-1,2021,Dependiente,Transporte y almacenamiento,1,1,,"100,0%",NaN
2728-Fundación Universitaria del Área Andina,9756-ESPECIALIZACION EN GERENCIA EN SALUD OCUPACIONAL,Femenino,2012-1,2021,Independiente,Actividades de atención de la salud humana y de asistencia social,3,3,,"100,0%",NaN
2728-Fundación Universitaria del Área Andina,9756-ESPECIALIZACION EN GERENCIA EN SALUD OCUPACIONAL,Femenino,2012-1,2021,Independiente,Actividades de servicios administrativos y de apoyo,4,4,,"100,0%",NaN
2728-Fundación Universitaria del Área Andina,9756-ESPECIALIZACION EN GERENCIA EN SALUD OCUPACIONAL,Femenino,2012-1,2021,Independiente,Actividades financieras y de seguros,1,1,,"100,0%",NaN
2728-Fundación Universitaria del Área Andina,9756-ESPECIALIZACION EN GERENCIA EN SALUD OCUPACIONAL,Femenino,2012-1,2021,Independiente,"Actividades profesionales, científicas y técnicas",7,7,,"100,0%",NaN
2728-Fundación Universitaria del Área Andina,9756-ESPECIALIZACION EN GERENCIA EN SALUD OCUPACIONAL,Femenino,2012-1,2021,Independiente,Administración pública y defensa; planes de seguridad social de afiliación obligatoria,6,6,,"100,0%",NaN
2728-Fundación Universitaria del Área Andina,9756-ESPECIALIZACION EN GERENCIA EN SALUD OCUPACIONAL,Femenino,2012-1,2021,Independiente,Otras actividades de servicios,1,1,,"100,0%",NaN
2728-Fundación Universitaria del Área Andina,9756-ESPECIALIZACION EN GERENCIA EN SALUD OCUPACIONAL,Femenino,2012-1,2021,No cotizante,Sin información,8,0,,"0,0%",NaN
2728-Fundación Universitaria del Área Andina,9756-ESPECIALIZACION EN GERENCIA EN SALUD OCUPACIONAL,Femenino,2012-1,2022,Dependiente,Actividades de atención de la salud humana y de asistencia social,7,7,,"100,0%",NaN
2728-Fundación Universitaria del Área Andina,9756-ESPECIALIZACION EN GERENCIA EN SALUD OCUPACIONAL,Femenino,2012-1,2022,Dependiente,Actividades de servicios administrativos y de apoyo,4,4,,"100,0%",NaN
2728-Fundación Universitaria del Área Andina,9756-ESPECIALIZACION EN GERENCIA EN SALUD OCUPACIONAL,Femenino,2012-1,2022,Dependiente,Actividades financieras y de seguros,2,2,,"100,0%",NaN
2728-Fundación Universitaria del Área Andina,9756-ESPECIALIZACION EN GERENCIA EN SALUD OCUPACIONAL,Femenino,2012-1,2022,Dependiente,"Actividades profesionales, científicas y técnicas",2,2,,"100,0%",NaN
2728-Fundación Universitaria del Área Andina,9756-ESPECIALIZACION EN GERENCIA EN SALUD OCUPACIONAL,Femenino,2012-1,2022,Dependiente,Administración pública y defensa; planes de seguridad social de afiliación obligatoria,2,2,,"100,0%",NaN
2728-Fundación Universitaria del Área Andina,9756-ESPECIALIZACION EN GERENCIA EN SALUD OCUPACIONAL,Femenino,2012-1,2022,Dependiente,Comercio al por mayor y al por menor; reparación de vehículos automotores y motocicletas,1,1,,"100,0%",NaN
2728-Fundación Universitaria del Área Andina,9756-ESPECIALIZACION EN GERENCIA EN SALUD OCUPACIONAL,Femenino,2012-1,2022,Dependiente,Construccion,3,3,,"100,0%",NaN
2728-Fundación Universitaria del Área Andina,9756-ESPECIALIZACION EN GERENCIA EN SALUD OCUPACIONAL,Femenino,2012-1,2022,Dependiente,Educación,3,3,,"100,0%",NaN
2728-Fundación Universitaria del Área Andina,9756-ESPECIALIZACION EN GERENCIA EN SALUD OCUPACIONAL,Femenino,2012-1,2022,Dependiente,Industrias manufactureras,1,1,,"100,0%",NaN
2728-Fundación Universitaria del Área Andina,9756-ESPECIALIZACION EN GERENCIA EN SALUD OCUPACIONAL,Femenino,2012-1,2022,Dependiente,Otras actividades de servicios,2,2,,"100,0%",NaN
2728-Fundación Universitaria del Área Andina,9756-ESPECIALIZACION EN GERENCIA EN SALUD OCUPACIONAL,Femenino,2012-1,2022,Dependiente,Transporte y almacenamiento,1,1,,"100,0%",NaN
2728-Fundación Universitaria del Área Andina,9756-ESPECIALIZACION EN GERENCIA EN SALUD OCUPACIONAL,Femenino,2012-1,2022,Independiente,Actividades de atención de la salud humana y de asistencia social,3,3,,"100,0%",NaN
2728-Fundación Universitaria del Área Andina,9756-ESPECIALIZACION EN GERENCIA EN SALUD OCUPACIONAL,Femenino,2012-1,2022,Independiente,Actividades de servicios administrativos y de apoyo,3,3,,"100,0%",NaN
2728-Fundación Universitaria del Área Andina,9756-ESPECIALIZACION EN GERENCIA EN SALUD OCUPACIONAL,Femenino,2012-1,2022,Independiente,Actividades financieras y de seguros,1,1,,"100,0%",NaN
2728-Fundación Universitaria del Área Andina,9756-ESPECIALIZACION EN GERENCIA EN SALUD OCUPACIONAL,Femenino,2012-1,2022,Independiente,"Actividades profesionales, científicas y técnicas",6,6,,"100,0%",NaN
2728-Fundación Universitaria del Área Andina,9756-ESPECIALIZACION EN GERENCIA EN SALUD OCUPACIONAL,Femenino,2012-1,2022,Independiente,Administración pública y defensa; planes de seguridad social de afiliación obligatoria,5,5,,"100,0%",NaN
2728-Fundación Universitaria del Área Andina,9756-ESPECIALIZACION EN GERENCIA EN SALUD OCUPACIONAL,Femenino,2012-1,2022,Independiente,Comercio al por mayor y al por menor; reparación de vehículos automotores y motocicletas,1,1,,"100,0%",NaN
2728-Fundación Universitaria del Área Andina,9756-ESPECIALIZACION EN GERENCIA EN SALUD OCUPACIONAL,Femenino,2012-1,2022,Independiente,Otras actividades de servicios,4,4,,"100,0%",NaN
2728-Fundación Universitaria del Área Andina,9756-ESPECIALIZACION EN GERENCIA EN SALUD OCUPACIONAL,Femenino,2012-1,2022,No cotizante,SIN DATO,4,0,,"0,0%",NaN
2728-Fundación Universitaria del Área Andina,9756-ESPECIALIZACION EN GERENCIA EN SALUD OCUPACIONAL,Femenino,2012-1,2023,Dependiente,Actividades de atención de la salud humana y de asistencia social,6,6,,"100,0%",NaN
2728-Fundación Universitaria del Área Andina,9756-ESPECIALIZACION EN GERENCIA EN SALUD OCUPACIONAL,Femenino,2012-1,2023,Dependiente,Actividades de servicios administrativos y de apoyo,6,6,,"100,0%",NaN
2728-Fundación Universitaria del Área Andina,9756-ESPECIALIZACION EN GERENCIA EN SALUD OCUPACIONAL,Femenino,2012-1,2023,Dependiente,Actividades financieras y de seguros,2,2,,"100,0%",NaN
2728-Fundación Universitaria del Área Andina,9756-ESPECIALIZACION EN GERENCIA EN SALUD OCUPACIONAL,Femenino,2012-1,2023,Dependiente,"Actividades profesionales, científicas y técnicas",1,1,,"100,0%",NaN
2728-Fundación Universitaria del Área Andina,9756-ESPECIALIZACION EN GERENCIA EN SALUD OCUPACIONAL,Femenino,2012-1,2023,Dependiente,Administración pública y defensa; planes de seguridad social de afiliación obligatoria,2,2,,"100,0%",NaN
2728-Fundación Universitaria del Área Andina,9756-ESPECIALIZACION EN GERENCIA EN SALUD OCUPACIONAL,Femenino,2012-1,2023,Dependiente,Comercio al por mayor y al por menor; reparación de vehículos automotores y motocicletas,1,1,,"100,0%",NaN
2728-Fundación Universitaria del Área Andina,9756-ESPECIALIZACION EN GERENCIA EN SALUD OCUPACIONAL,Femenino,2012-1,2023,Dependiente,Construccion,2,2,,"100,0%",NaN
2728-Fundación Universitaria del Área Andina,9756-ESPECIALIZACION EN GERENCIA EN SALUD OCUPACIONAL,Femenino,2012-1,2023,Dependiente,"Distribución de agua; evacuación y tratamiento de aguas residuales, gestión de desechos y actividades de saneamiento ambiental",1,1,,"100,0%",NaN
2728-Fundación Universitaria del Área Andina,9756-ESPECIALIZACION EN GERENCIA EN SALUD OCUPACIONAL,Femenino,2012-1,2023,Dependiente,Educación,2,2,,"100,0%",NaN
2728-Fundación Universitaria del Área Andina,9756-ESPECIALIZACION EN GERENCIA EN SALUD OCUPACIONAL,Femenino,2012-1,2023,Dependiente,Industrias manufactureras,1,1,,"100,0%",NaN
2728-Fundación Universitaria del Área Andina,9756-ESPECIALIZACION EN GERENCIA EN SALUD OCUPACIONAL,Femenino,2012-1,2023,Dependiente,Otras actividades de servicios,1,1,,"100,0%",NaN
2728-Fundación Universitaria del Área Andina,9756-ESPECIALIZACION EN GERENCIA EN SALUD OCUPACIONAL,Femenino,2012-1,2023,Independiente,Actividades de atención de la salud humana y de asistencia social,1,1,,"100,0%",NaN
2728-Fundación Universitaria del Área Andina,9756-ESPECIALIZACION EN GERENCIA EN SALUD OCUPACIONAL,Femenino,2012-1,2023,Independiente,Actividades de servicios administrativos y de apoyo,3,3,,"100,0%",NaN
2728-Fundación Universitaria del Área Andina,9756-ESPECIALIZACION EN GERENCIA EN SALUD OCUPACIONAL,Femenino,2012-1,2023,Independiente,Actividades financieras y de seguros,1,1,,"100,0%",NaN
2728-Fundación Universitaria del Área Andina,9756-ESPECIALIZACION EN GERENCIA EN SALUD OCUPACIONAL,Femenino,2012-1,2023,Independiente,"Actividades profesionales, científicas y técnicas",6,6,,"100,0%",NaN
2728-Fundación Universitaria del Área Andina,9756-ESPECIALIZACION EN GERENCIA EN SALUD OCUPACIONAL,Femenino,2012-1,2023,Independiente,Administración pública y defensa; planes de seguridad social de afiliación obligatoria,4,4,,"100,0%",NaN
2728-Fundación Universitaria del Área Andina,9756-ESPECIALIZACION EN GERENCIA EN SALUD OCUPACIONAL,Femenino,2012-1,2023,Independiente,Comercio al por mayor y al por menor; reparación de vehículos automotores y motocicletas,1,1,,"100,0%",NaN
2728-Fundación Universitaria del Área Andina,9756-ESPECIALIZACION EN GERENCIA EN SALUD OCUPACIONAL,Femenino,2012-1,2023,Independiente,Otras actividades de servicios,3,3,,"100,0%",NaN
2728-Fundación Universitaria del Área Andina,9756-ESPECIALIZACION EN GERENCIA EN SALUD OCUPACIONAL,Femenino,2012-1,2023,No cotizante,SIN DATO,11,0,,"0,0%",NaN
2728-Fundación Universitaria del Área Andina,9756-ESPECIALIZACION EN GERENCIA EN SALUD OCUPACIONAL,Masculino,2012-1,2016,Dependiente,Actividades de atención de la salud humana y de asistencia social,5,5,,"100,0%",$3.598.291
2728-Fundación Universitaria del Área Andina,9756-ESPECIALIZACION EN GERENCIA EN SALUD OCUPACIONAL,Masculino,2012-1,2016,Dependiente,Actividades de servicios administrativos y de apoyo,2,2,,"100,0%",$3.759.000
2728-Fundación Universitaria del Área Andina,9756-ESPECIALIZACION EN GERENCIA EN SALUD OCUPACIONAL,Masculino,2012-1,2016,Dependiente,Actividades inmobiliarias,1,1,,"100,0%",$6.034.000
2728-Fundación Universitaria del Área Andina,9756-ESPECIALIZACION EN GERENCIA EN SALUD OCUPACIONAL,Masculino,2012-1,2016,Dependiente,"Actividades profesionales, científicas y técnicas",1,1,,"100,0%",$6.860.000
2728-Fundación Universitaria del Área Andina,9756-ESPECIALIZACION EN GERENCIA EN SALUD OCUPACIONAL,Masculino,2012-1,2016,Dependiente,"Agricultura, ganadería, caza, silvicultura y pesca",4,4,,"100,0%",$8.063.500
2728-Fundación Universitaria del Área Andina,9756-ESPECIALIZACION EN GERENCIA EN SALUD OCUPACIONAL,Masculino,2012-1,2016,Dependiente,Comercio al por mayor y al por menor; reparación de vehículos automotores y motocicletas,1,1,,"100,0%",$4.577.000
2728-Fundación Universitaria del Área Andina,9756-ESPECIALIZACION EN GERENCIA EN SALUD OCUPACIONAL,Masculino,2012-1,2016,Dependiente,Construccion,3,3,,"100,0%",$5.014.000
2728-Fundación Universitaria del Área Andina,9756-ESPECIALIZACION EN GERENCIA EN SALUD OCUPACIONAL,Masculino,2012-1,2016,Dependiente,Educación,1,1,,"100,0%",$1.461.000
2728-Fundación Universitaria del Área Andina,9756-ESPECIALIZACION EN GERENCIA EN SALUD OCUPACIONAL,Masculino,2012-1,2016,Dependiente,Explotación de minas y canteras,2,2,,"100,0%",$5.377.500
2728-Fundación Universitaria del Área Andina,9756-ESPECIALIZACION EN GERENCIA EN SALUD OCUPACIONAL,Masculino,2012-1,2016,Dependiente,Industrias manufactureras,1,1,,"100,0%",$5.927.000
2728-Fundación Universitaria del Área Andina,9756-ESPECIALIZACION EN GERENCIA EN SALUD OCUPACIONAL,Masculino,2012-1,2016,Dependiente,"Suministro de electricidad, gas, vapor y aire acondicionado",1,1,,"100,0%",$800.000
2728-Fundación Universitaria del Área Andina,9756-ESPECIALIZACION EN GERENCIA EN SALUD OCUPACIONAL,Masculino,2012-1,2016,Independiente,"Actividades profesionales, científicas y técnicas",2,2,,"100,0%",NaN
2728-Fundación Universitaria del Área Andina,9756-ESPECIALIZACION EN GERENCIA EN SALUD OCUPACIONAL,Masculino,2012-1,2016,Independiente,Información y comunicaciones,1,1,,"100,0%",NaN
2728-Fundación Universitaria del Área Andina,9756-ESPECIALIZACION EN GERENCIA EN SALUD OCUPACIONAL,Masculino,2012-1,2016,Independiente,Otras actividades de servicios,1,1,,"100,0%",NaN
2728-Fundación Universitaria del Área Andina,9756-ESPECIALIZACION EN GERENCIA EN SALUD OCUPACIONAL,Masculino,2012-1,2016,Independiente,Sin información,3,3,,"100,0%",NaN
2728-Fundación Universitaria del Área Andina,9756-ESPECIALIZACION EN GERENCIA EN SALUD OCUPACIONAL,Masculino,2012-1,2016,No cotizante,Sin información,3,0,,"0,0%",NaN
2728-Fundación Universitaria del Área Andina,9756-ESPECIALIZACION EN GERENCIA EN SALUD OCUPACIONAL,Masculino,2012-1,2017,Dependiente,Actividades de atención de la salud humana y de asistencia social,3,3,,"100,0%",NaN
2728-Fundación Universitaria del Área Andina,9756-ESPECIALIZACION EN GERENCIA EN SALUD OCUPACIONAL,Masculino,2012-1,2017,Dependiente,Actividades de servicios administrativos y de apoyo,4,4,,"100,0%",NaN
2728-Fundación Universitaria del Área Andina,9756-ESPECIALIZACION EN GERENCIA EN SALUD OCUPACIONAL,Masculino,2012-1,2017,Dependiente,"Actividades profesionales, científicas y técnicas",7,7,,"100,0%",NaN
2728-Fundación Universitaria del Área Andina,9756-ESPECIALIZACION EN GERENCIA EN SALUD OCUPACIONAL,Masculino,2012-1,2017,Dependiente,"Agricultura, ganadería, caza, silvicultura y pesca",2,2,,"100,0%",NaN
2728-Fundación Universitaria del Área Andina,9756-ESPECIALIZACION EN GERENCIA EN SALUD OCUPACIONAL,Masculino,2012-1,2017,Dependiente,Construccion,1,1,,"100,0%",NaN
2728-Fundación Universitaria del Área Andina,9756-ESPECIALIZACION EN GERENCIA EN SALUD OCUPACIONAL,Masculino,2012-1,2017,Dependiente,Educación,1,1,,"100,0%",NaN
2728-Fundación Universitaria del Área Andina,9756-ESPECIALIZACION EN GERENCIA EN SALUD OCUPACIONAL,Masculino,2012-1,2017,Dependiente,Explotación de minas y canteras,2,2,,"100,0%",NaN
2728-Fundación Universitaria del Área Andina,9756-ESPECIALIZACION EN GERENCIA EN SALUD OCUPACIONAL,Masculino,2012-1,2017,Dependiente,Información y comunicaciones,1,1,,"100,0%",NaN
2728-Fundación Universitaria del Área Andina,9756-ESPECIALIZACION EN GERENCIA EN SALUD OCUPACIONAL,Masculino,2012-1,2017,Dependiente,Sin información,5,5,,"100,0%",NaN
2728-Fundación Universitaria del Área Andina,9756-ESPECIALIZACION EN GERENCIA EN SALUD OCUPACIONAL,Masculino,2012-1,2017,Dependiente,"Suministro de electricidad, gas, vapor y aire acondicionado",1,1,,"100,0%",NaN
2728-Fundación Universitaria del Área Andina,9756-ESPECIALIZACION EN GERENCIA EN SALUD OCUPACIONAL,Masculino,2012-1,2017,Independiente,"Actividades profesionales, científicas y técnicas",4,4,,"100,0%",NaN
2728-Fundación Universitaria del Área Andina,9756-ESPECIALIZACION EN GERENCIA EN SALUD OCUPACIONAL,Masculino,2012-1,2017,Independiente,Educación,1,1,,"100,0%",NaN
2728-Fundación Universitaria del Área Andina,9756-ESPECIALIZACION EN GERENCIA EN SALUD OCUPACIONAL,Masculino,2012-1,2017,Independiente,Sin información,2,2,,"100,0%",NaN
2728-Fundación Universitaria del Área Andina,9756-ESPECIALIZACION EN GERENCIA EN SALUD OCUPACIONAL,Masculino,2012-1,2017,No cotizante,Sin información,2,0,,"0,0%",NaN
2728-Fundación Universitaria del Área Andina,9756-ESPECIALIZACION EN GERENCIA EN SALUD OCUPACIONAL,Masculino,2012-1,2018,Dependiente,Actividades de atención de la salud humana y de asistencia social,3,3,,"100,0%",NaN
2728-Fundación Universitaria del Área Andina,9756-ESPECIALIZACION EN GERENCIA EN SALUD OCUPACIONAL,Masculino,2012-1,2018,Dependiente,Actividades de servicios administrativos y de apoyo,2,2,,"100,0%",NaN
2728-Fundación Universitaria del Área Andina,9756-ESPECIALIZACION EN GERENCIA EN SALUD OCUPACIONAL,Masculino,2012-1,2018,Dependiente,"Actividades profesionales, científicas y técnicas",7,7,,"100,0%",NaN
2728-Fundación Universitaria del Área Andina,9756-ESPECIALIZACION EN GERENCIA EN SALUD OCUPACIONAL,Masculino,2012-1,2018,Dependiente,"Agricultura, ganadería, caza, silvicultura y pesca",2,2,,"100,0%",NaN
2728-Fundación Universitaria del Área Andina,9756-ESPECIALIZACION EN GERENCIA EN SALUD OCUPACIONAL,Masculino,2012-1,2018,Dependiente,Construccion,1,1,,"100,0%",NaN
2728-Fundación Universitaria del Área Andina,9756-ESPECIALIZACION EN GERENCIA EN SALUD OCUPACIONAL,Masculino,2012-1,2018,Dependiente,Educación,1,1,,"100,0%",NaN
2728-Fundación Universitaria del Área Andina,9756-ESPECIALIZACION EN GERENCIA EN SALUD OCUPACIONAL,Masculino,2012-1,2018,Dependiente,Explotación de minas y canteras,2,2,,"100,0%",NaN
2728-Fundación Universitaria del Área Andina,9756-ESPECIALIZACION EN GERENCIA EN SALUD OCUPACIONAL,Masculino,2012-1,2018,Dependiente,Información y comunicaciones,1,1,,"100,0%",NaN
2728-Fundación Universitaria del Área Andina,9756-ESPECIALIZACION EN GERENCIA EN SALUD OCUPACIONAL,Masculino,2012-1,2018,Dependiente,Sin información,4,4,,"100,0%",NaN
2728-Fundación Universitaria del Área Andina,9756-ESPECIALIZACION EN GERENCIA EN SALUD OCUPACIONAL,Masculino,2012-1,2018,Dependiente,"Suministro de electricidad, gas, vapor y aire acondicionado",1,1,,"100,0%",NaN
2728-Fundación Universitaria del Área Andina,9756-ESPECIALIZACION EN GERENCIA EN SALUD OCUPACIONAL,Masculino,2012-1,2018,Independiente,Actividades de los hogares individuales en calidad de empleadores; actividades no diferenciadas de los hogares individuales como productores de bienes y servicios para uso propio,1,1,,"100,0%",NaN
2728-Fundación Universitaria del Área Andina,9756-ESPECIALIZACION EN GERENCIA EN SALUD OCUPACIONAL,Masculino,2012-1,2018,Independiente,"Actividades profesionales, científicas y técnicas",4,4,,"100,0%",NaN
2728-Fundación Universitaria del Área Andina,9756-ESPECIALIZACION EN GERENCIA EN SALUD OCUPACIONAL,Masculino,2012-1,2018,Independiente,Educación,1,1,,"100,0%",NaN
2728-Fundación Universitaria del Área Andina,9756-ESPECIALIZACION EN GERENCIA EN SALUD OCUPACIONAL,Masculino,2012-1,2018,Independiente,Sin información,2,2,,"100,0%",NaN
2728-Fundación Universitaria del Área Andina,9756-ESPECIALIZACION EN GERENCIA EN SALUD OCUPACIONAL,Masculino,2012-1,2018,No cotizante,Sin información,4,0,,"0,0%",NaN
2728-Fundación Universitaria del Área Andina,9756-ESPECIALIZACION EN GERENCIA EN SALUD OCUPACIONAL,Masculino,2012-1,2019,Dependiente,Actividades de atención de la salud humana y de asistencia social,3,3,,"100,0%",NaN
2728-Fundación Universitaria del Área Andina,9756-ESPECIALIZACION EN GERENCIA EN SALUD OCUPACIONAL,Masculino,2012-1,2019,Dependiente,Actividades de servicios administrativos y de apoyo,1,1,,"100,0%",NaN
2728-Fundación Universitaria del Área Andina,9756-ESPECIALIZACION EN GERENCIA EN SALUD OCUPACIONAL,Masculino,2012-1,2019,Dependiente,"Actividades profesionales, científicas y técnicas",7,7,,"100,0%",NaN
2728-Fundación Universitaria del Área Andina,9756-ESPECIALIZACION EN GERENCIA EN SALUD OCUPACIONAL,Masculino,2012-1,2019,Dependiente,"Agricultura, ganadería, caza, silvicultura y pesca",4,4,,"100,0%",NaN
2728-Fundación Universitaria del Área Andina,9756-ESPECIALIZACION EN GERENCIA EN SALUD OCUPACIONAL,Masculino,2012-1,2019,Dependiente,Construccion,1,1,,"100,0%",NaN
2728-Fundación Universitaria del Área Andina,9756-ESPECIALIZACION EN GERENCIA EN SALUD OCUPACIONAL,Masculino,2012-1,2019,Dependiente,Educación,3,3,,"100,0%",NaN
2728-Fundación Universitaria del Área Andina,9756-ESPECIALIZACION EN GERENCIA EN SALUD OCUPACIONAL,Masculino,2012-1,2019,Dependiente,Explotación de minas y canteras,2,2,,"100,0%",NaN
2728-Fundación Universitaria del Área Andina,9756-ESPECIALIZACION EN GERENCIA EN SALUD OCUPACIONAL,Masculino,2012-1,2019,Dependiente,Información y comunicaciones,1,1,,"100,0%",NaN
2728-Fundación Universitaria del Área Andina,9756-ESPECIALIZACION EN GERENCIA EN SALUD OCUPACIONAL,Masculino,2012-1,2019,Dependiente,Otras actividades de servicios,1,1,,"100,0%",NaN
2728-Fundación Universitaria del Área Andina,9756-ESPECIALIZACION EN GERENCIA EN SALUD OCUPACIONAL,Masculino,2012-1,2019,Dependiente,Sin información,1,1,,"100,0%",NaN
2728-Fundación Universitaria del Área Andina,9756-ESPECIALIZACION EN GERENCIA EN SALUD OCUPACIONAL,Masculino,2012-1,2019,Dependiente,"Suministro de electricidad, gas, vapor y aire acondicionado",1,1,,"100,0%",NaN
2728-Fundación Universitaria del Área Andina,9756-ESPECIALIZACION EN GERENCIA EN SALUD OCUPACIONAL,Masculino,2012-1,2019,Independiente,Actividades de los hogares individuales en calidad de empleadores; actividades no diferenciadas de los hogares individuales como productores de bienes y servicios para uso propio,1,1,,"100,0%",NaN
2728-Fundación Universitaria del Área Andina,9756-ESPECIALIZACION EN GERENCIA EN SALUD OCUPACIONAL,Masculino,2012-1,2019,Independiente,"Actividades profesionales, científicas y técnicas",4,4,,"100,0%",NaN
2728-Fundación Universitaria del Área Andina,9756-ESPECIALIZACION EN GERENCIA EN SALUD OCUPACIONAL,Masculino,2012-1,2019,Independiente,Administración pública y defensa; planes de seguridad social de afiliación obligatoria,2,2,,"100,0%",NaN
2728-Fundación Universitaria del Área Andina,9756-ESPECIALIZACION EN GERENCIA EN SALUD OCUPACIONAL,Masculino,2012-1,2019,No cotizante,Sin información,4,0,,"0,0%",NaN
2728-Fundación Universitaria del Área Andina,9756-ESPECIALIZACION EN GERENCIA EN SALUD OCUPACIONAL,Masculino,2012-1,2020,Dependiente,Actividades de atención de la salud humana y de asistencia social,3,3,,"100,0%",NaN
2728-Fundación Universitaria del Área Andina,9756-ESPECIALIZACION EN GERENCIA EN SALUD OCUPACIONAL,Masculino,2012-1,2020,Dependiente,Actividades de servicios administrativos y de apoyo,2,2,,"100,0%",NaN
2728-Fundación Universitaria del Área Andina,9756-ESPECIALIZACION EN GERENCIA EN SALUD OCUPACIONAL,Masculino,2012-1,2020,Dependiente,"Actividades profesionales, científicas y técnicas",4,4,,"100,0%",NaN
2728-Fundación Universitaria del Área Andina,9756-ESPECIALIZACION EN GERENCIA EN SALUD OCUPACIONAL,Masculino,2012-1,2020,Dependiente,"Agricultura, ganadería, caza, silvicultura y pesca",3,3,,"100,0%",NaN
2728-Fundación Universitaria del Área Andina,9756-ESPECIALIZACION EN GERENCIA EN SALUD OCUPACIONAL,Masculino,2012-1,2020,Dependiente,Comercio al por mayor y al por menor; reparación de vehículos automotores y motocicletas,1,1,,"100,0%",NaN
2728-Fundación Universitaria del Área Andina,9756-ESPECIALIZACION EN GERENCIA EN SALUD OCUPACIONAL,Masculino,2012-1,2020,Dependiente,Construccion,2,2,,"100,0%",NaN
2728-Fundación Universitaria del Área Andina,9756-ESPECIALIZACION EN GERENCIA EN SALUD OCUPACIONAL,Masculino,2012-1,2020,Dependiente,Educación,2,2,,"100,0%",NaN
2728-Fundación Universitaria del Área Andina,9756-ESPECIALIZACION EN GERENCIA EN SALUD OCUPACIONAL,Masculino,2012-1,2020,Dependiente,Explotación de minas y canteras,2,2,,"100,0%",NaN
2728-Fundación Universitaria del Área Andina,9756-ESPECIALIZACION EN GERENCIA EN SALUD OCUPACIONAL,Masculino,2012-1,2020,Dependiente,Industrias manufactureras,1,1,,"100,0%",NaN
2728-Fundación Universitaria del Área Andina,9756-ESPECIALIZACION EN GERENCIA EN SALUD OCUPACIONAL,Masculino,2012-1,2020,Dependiente,Información y comunicaciones,1,1,,"100,0%",NaN
2728-Fundación Universitaria del Área Andina,9756-ESPECIALIZACION EN GERENCIA EN SALUD OCUPACIONAL,Masculino,2012-1,2020,Dependiente,Otras actividades de servicios,1,1,,"100,0%",NaN
2728-Fundación Universitaria del Área Andina,9756-ESPECIALIZACION EN GERENCIA EN SALUD OCUPACIONAL,Masculino,2012-1,2020,Dependiente,"Suministro de electricidad, gas, vapor y aire acondicionado",1,1,,"100,0%",NaN
2728-Fundación Universitaria del Área Andina,9756-ESPECIALIZACION EN GERENCIA EN SALUD OCUPACIONAL,Masculino,2012-1,2020,Independiente,"Actividades profesionales, científicas y técnicas",4,4,,"100,0%",NaN
2728-Fundación Universitaria del Área Andina,9756-ESPECIALIZACION EN GERENCIA EN SALUD OCUPACIONAL,Masculino,2012-1,2020,Independiente,Administración pública y defensa; planes de seguridad social de afiliación obligatoria,2,2,,"100,0%",NaN
2728-Fundación Universitaria del Área Andina,9756-ESPECIALIZACION EN GERENCIA EN SALUD OCUPACIONAL,Masculino,2012-1,2020,No cotizante,Sin información,7,0,,"0,0%",NaN
2728-Fundación Universitaria del Área Andina,9756-ESPECIALIZACION EN GERENCIA EN SALUD OCUPACIONAL,Masculino,2012-1,2021,Dependiente,Actividades de atención de la salud humana y de asistencia social,4,4,,"100,0%",NaN
2728-Fundación Universitaria del Área Andina,9756-ESPECIALIZACION EN GERENCIA EN SALUD OCUPACIONAL,Masculino,2012-1,2021,Dependiente,Actividades de servicios administrativos y de apoyo,3,3,,"100,0%",NaN
2728-Fundación Universitaria del Área Andina,9756-ESPECIALIZACION EN GERENCIA EN SALUD OCUPACIONAL,Masculino,2012-1,2021,Dependiente,"Actividades profesionales, científicas y técnicas",3,3,,"100,0%",NaN
2728-Fundación Universitaria del Área Andina,9756-ESPECIALIZACION EN GERENCIA EN SALUD OCUPACIONAL,Masculino,2012-1,2021,Dependiente,Administración pública y defensa; planes de seguridad social de afiliación obligatoria,1,1,,"100,0%",NaN
2728-Fundación Universitaria del Área Andina,9756-ESPECIALIZACION EN GERENCIA EN SALUD OCUPACIONAL,Masculino,2012-1,2021,Dependiente,Educación,2,2,,"100,0%",NaN
2728-Fundación Universitaria del Área Andina,9756-ESPECIALIZACION EN GERENCIA EN SALUD OCUPACIONAL,Masculino,2012-1,2021,Dependiente,Explotación de minas y canteras,5,5,,"100,0%",NaN
2728-Fundación Universitaria del Área Andina,9756-ESPECIALIZACION EN GERENCIA EN SALUD OCUPACIONAL,Masculino,2012-1,2021,Dependiente,Industrias manufactureras,1,1,,"100,0%",NaN
2728-Fundación Universitaria del Área Andina,9756-ESPECIALIZACION EN GERENCIA EN SALUD OCUPACIONAL,Masculino,2012-1,2021,Dependiente,Información y comunicaciones,1,1,,"100,0%",NaN
2728-Fundación Universitaria del Área Andina,9756-ESPECIALIZACION EN GERENCIA EN SALUD OCUPACIONAL,Masculino,2012-1,2021,Dependiente,Otras actividades de servicios,2,2,,"100,0%",NaN
2728-Fundación Universitaria del Área Andina,9756-ESPECIALIZACION EN GERENCIA EN SALUD OCUPACIONAL,Masculino,2012-1,2021,Dependiente,Transporte y almacenamiento,2,2,,"100,0%",NaN
2728-Fundación Universitaria del Área Andina,9756-ESPECIALIZACION EN GERENCIA EN SALUD OCUPACIONAL,Masculino,2012-1,2021,Independiente,"Actividades profesionales, científicas y técnicas",3,3,,"100,0%",NaN
2728-Fundación Universitaria del Área Andina,9756-ESPECIALIZACION EN GERENCIA EN SALUD OCUPACIONAL,Masculino,2012-1,2021,Independiente,Administración pública y defensa; planes de seguridad social de afiliación obligatoria,2,2,,"100,0%",NaN
2728-Fundación Universitaria del Área Andina,9756-ESPECIALIZACION EN GERENCIA EN SALUD OCUPACIONAL,Masculino,2012-1,2021,Independiente,Otras actividades de servicios,1,1,,"100,0%",NaN
2728-Fundación Universitaria del Área Andina,9756-ESPECIALIZACION EN GERENCIA EN SALUD OCUPACIONAL,Masculino,2012-1,2021,No cotizante,Sin información,6,0,,"0,0%",NaN
2728-Fundación Universitaria del Área Andina,9756-ESPECIALIZACION EN GERENCIA EN SALUD OCUPACIONAL,Masculino,2012-1,2022,Dependiente,Actividades de atención de la salud humana y de asistencia social,4,4,,"100,0%",NaN
2728-Fundación Universitaria del Área Andina,9756-ESPECIALIZACION EN GERENCIA EN SALUD OCUPACIONAL,Masculino,2012-1,2022,Dependiente,Actividades de servicios administrativos y de apoyo,2,2,,"100,0%",NaN
2728-Fundación Universitaria del Área Andina,9756-ESPECIALIZACION EN GERENCIA EN SALUD OCUPACIONAL,Masculino,2012-1,2022,Dependiente,"Actividades profesionales, científicas y técnicas",2,2,,"100,0%",NaN
2728-Fundación Universitaria del Área Andina,9756-ESPECIALIZACION EN GERENCIA EN SALUD OCUPACIONAL,Masculino,2012-1,2022,Dependiente,Administración pública y defensa; planes de seguridad social de afiliación obligatoria,2,2,,"100,0%",NaN
2728-Fundación Universitaria del Área Andina,9756-ESPECIALIZACION EN GERENCIA EN SALUD OCUPACIONAL,Masculino,2012-1,2022,Dependiente,Construccion,2,2,,"100,0%",NaN
2728-Fundación Universitaria del Área Andina,9756-ESPECIALIZACION EN GERENCIA EN SALUD OCUPACIONAL,Masculino,2012-1,2022,Dependiente,Educación,1,1,,"100,0%",NaN
2728-Fundación Universitaria del Área Andina,9756-ESPECIALIZACION EN GERENCIA EN SALUD OCUPACIONAL,Masculino,2012-1,2022,Dependiente,Explotación de minas y canteras,7,7,,"100,0%",NaN
2728-Fundación Universitaria del Área Andina,9756-ESPECIALIZACION EN GERENCIA EN SALUD OCUPACIONAL,Masculino,2012-1,2022,Dependiente,Industrias manufactureras,1,1,,"100,0%",NaN
2728-Fundación Universitaria del Área Andina,9756-ESPECIALIZACION EN GERENCIA EN SALUD OCUPACIONAL,Masculino,2012-1,2022,Dependiente,Otras actividades de servicios,2,2,,"100,0%",NaN
2728-Fundación Universitaria del Área Andina,9756-ESPECIALIZACION EN GERENCIA EN SALUD OCUPACIONAL,Masculino,2012-1,2022,Dependiente,"Suministro de electricidad, gas, vapor y aire acondicionado",1,1,,"100,0%",NaN
2728-Fundación Universitaria del Área Andina,9756-ESPECIALIZACION EN GERENCIA EN SALUD OCUPACIONAL,Masculino,2012-1,2022,Dependiente,Transporte y almacenamiento,1,1,,"100,0%",NaN
2728-Fundación Universitaria del Área Andina,9756-ESPECIALIZACION EN GERENCIA EN SALUD OCUPACIONAL,Masculino,2012-1,2022,Independiente,"Actividades profesionales, científicas y técnicas",3,3,,"100,0%",NaN
2728-Fundación Universitaria del Área Andina,9756-ESPECIALIZACION EN GERENCIA EN SALUD OCUPACIONAL,Masculino,2012-1,2022,Independiente,Administración pública y defensa; planes de seguridad social de afiliación obligatoria,1,1,,"100,0%",NaN
2728-Fundación Universitaria del Área Andina,9756-ESPECIALIZACION EN GERENCIA EN SALUD OCUPACIONAL,Masculino,2012-1,2022,Independiente,Otras actividades de servicios,1,1,,"100,0%",NaN
2728-Fundación Universitaria del Área Andina,9756-ESPECIALIZACION EN GERENCIA EN SALUD OCUPACIONAL,Masculino,2012-1,2022,No cotizante,SIN DATO,5,0,,"0,0%",NaN
2728-Fundación Universitaria del Área Andina,9756-ESPECIALIZACION EN GERENCIA EN SALUD OCUPACIONAL,Masculino,2012-1,2023,Dependiente,Actividades de atención de la salud humana y de asistencia social,4,4,,"100,0%",NaN
2728-Fundación Universitaria del Área Andina,9756-ESPECIALIZACION EN GERENCIA EN SALUD OCUPACIONAL,Masculino,2012-1,2023,Dependiente,"Actividades profesionales, científicas y técnicas",3,3,,"100,0%",NaN
2728-Fundación Universitaria del Área Andina,9756-ESPECIALIZACION EN GERENCIA EN SALUD OCUPACIONAL,Masculino,2012-1,2023,Dependiente,Administración pública y defensa; planes de seguridad social de afiliación obligatoria,2,2,,"100,0%",NaN
2728-Fundación Universitaria del Área Andina,9756-ESPECIALIZACION EN GERENCIA EN SALUD OCUPACIONAL,Masculino,2012-1,2023,Dependiente,Alojamiento y servicios de comida,1,1,,"100,0%",NaN
2728-Fundación Universitaria del Área Andina,9756-ESPECIALIZACION EN GERENCIA EN SALUD OCUPACIONAL,Masculino,2012-1,2023,Dependiente,Construccion,4,4,,"100,0%",NaN
2728-Fundación Universitaria del Área Andina,9756-ESPECIALIZACION EN GERENCIA EN SALUD OCUPACIONAL,Masculino,2012-1,2023,Dependiente,Explotación de minas y canteras,7,7,,"100,0%",NaN
2728-Fundación Universitaria del Área Andina,9756-ESPECIALIZACION EN GERENCIA EN SALUD OCUPACIONAL,Masculino,2012-1,2023,Dependiente,Otras actividades de servicios,1,1,,"100,0%",NaN
2728-Fundación Universitaria del Área Andina,9756-ESPECIALIZACION EN GERENCIA EN SALUD OCUPACIONAL,Masculino,2012-1,2023,Dependiente,"Suministro de electricidad, gas, vapor y aire acondicionado",1,1,,"100,0%",NaN
2728-Fundación Universitaria del Área Andina,9756-ESPECIALIZACION EN GERENCIA EN SALUD OCUPACIONAL,Masculino,2012-1,2023,Dependiente,Transporte y almacenamiento,1,1,,"100,0%",NaN
2728-Fundación Universitaria del Área Andina,9756-ESPECIALIZACION EN GERENCIA EN SALUD OCUPACIONAL,Masculino,2012-1,2023,Independiente,"Actividades profesionales, científicas y técnicas",2,2,,"100,0%",NaN
2728-Fundación Universitaria del Área Andina,9756-ESPECIALIZACION EN GERENCIA EN SALUD OCUPACIONAL,Masculino,2012-1,2023,Independiente,Administración pública y defensa; planes de seguridad social de afiliación obligatoria,2,2,,"100,0%",NaN
2728-Fundación Universitaria del Área Andina,9756-ESPECIALIZACION EN GERENCIA EN SALUD OCUPACIONAL,Masculino,2012-1,2023,Independiente,Otras actividades de servicios,1,1,,"100,0%",NaN
2728-Fundación Universitaria del Área Andina,9756-ESPECIALIZACION EN GERENCIA EN SALUD OCUPACIONAL,Masculino,2012-1,2023,No cotizante,SIN DATO,6,0,,"0,0%",NaN
2728-Fundación Universitaria del Área Andina,9794-ESPECIALIZACION EN GESTION AMBIENTAL,Femenino,2012-1,2016,Dependiente,Actividades de atención de la salud humana y de asistencia social,3,3,,"100,0%",$2.834.333
2728-Fundación Universitaria del Área Andina,9794-ESPECIALIZACION EN GESTION AMBIENTAL,Femenino,2012-1,2016,Dependiente,Actividades de servicios administrativos y de apoyo,2,2,,"100,0%",$1.885.000
2728-Fundación Universitaria del Área Andina,9794-ESPECIALIZACION EN GESTION AMBIENTAL,Femenino,2012-1,2016,Dependiente,Actividades financieras y de seguros,1,1,,"100,0%",$2.863.000
2728-Fundación Universitaria del Área Andina,9794-ESPECIALIZACION EN GESTION AMBIENTAL,Femenino,2012-1,2016,Dependiente,"Actividades profesionales, científicas y técnicas",14,14,,"100,0%",$3.721.675
2728-Fundación Universitaria del Área Andina,9794-ESPECIALIZACION EN GESTION AMBIENTAL,Femenino,2012-1,2016,Dependiente,Administración pública y defensa; planes de seguridad social de afiliación obligatoria,131,131,,"100,0%",$3.175.805
2728-Fundación Universitaria del Área Andina,9794-ESPECIALIZACION EN GESTION AMBIENTAL,Femenino,2012-1,2016,Dependiente,"Agricultura, ganadería, caza, silvicultura y pesca",34,34,,"100,0%",$3.024.265
2728-Fundación Universitaria del Área Andina,9794-ESPECIALIZACION EN GESTION AMBIENTAL,Femenino,2012-1,2016,Dependiente,Construccion,1,1,,"100,0%",$3.000.000
2728-Fundación Universitaria del Área Andina,9794-ESPECIALIZACION EN GESTION AMBIENTAL,Femenino,2012-1,2016,Dependiente,Educación,19,19,,"100,0%",$3.448.708
2728-Fundación Universitaria del Área Andina,9794-ESPECIALIZACION EN GESTION AMBIENTAL,Femenino,2012-1,2016,Dependiente,Explotación de minas y canteras,3,3,,"100,0%",$3.692.833
2728-Fundación Universitaria del Área Andina,9794-ESPECIALIZACION EN GESTION AMBIENTAL,Femenino,2012-1,2016,Dependiente,Industrias manufactureras,2,2,,"100,0%",$2.455.500
2728-Fundación Universitaria del Área Andina,9794-ESPECIALIZACION EN GESTION AMBIENTAL,Femenino,2012-1,2016,Dependiente,Información y comunicaciones,1,1,,"100,0%",$689.455
2728-Fundación Universitaria del Área Andina,9794-ESPECIALIZACION EN GESTION AMBIENTAL,Femenino,2012-1,2016,Dependiente,Sin información,9,9,,"100,0%",$3.072.667
2728-Fundación Universitaria del Área Andina,9794-ESPECIALIZACION EN GESTION AMBIENTAL,Femenino,2012-1,2016,Independiente,"Actividades profesionales, científicas y técnicas",5,5,,"100,0%",NaN
2728-Fundación Universitaria del Área Andina,9794-ESPECIALIZACION EN GESTION AMBIENTAL,Femenino,2012-1,2016,Independiente,Administración pública y defensa; planes de seguridad social de afiliación obligatoria,1,1,,"100,0%",NaN
2728-Fundación Universitaria del Área Andina,9794-ESPECIALIZACION EN GESTION AMBIENTAL,Femenino,2012-1,2016,Independiente,Comercio al por mayor y al por menor; reparación de vehículos automotores y motocicletas,1,1,,"100,0%",NaN
2728-Fundación Universitaria del Área Andina,9794-ESPECIALIZACION EN GESTION AMBIENTAL,Femenino,2012-1,2016,Independiente,Educación,2,2,,"100,0%",NaN
2728-Fundación Universitaria del Área Andina,9794-ESPECIALIZACION EN GESTION AMBIENTAL,Femenino,2012-1,2016,Independiente,Información y comunicaciones,1,1,,"100,0%",NaN
2728-Fundación Universitaria del Área Andina,9794-ESPECIALIZACION EN GESTION AMBIENTAL,Femenino,2012-1,2016,Independiente,Sin información,1,1,,"100,0%",NaN
2728-Fundación Universitaria del Área Andina,9794-ESPECIALIZACION EN GESTION AMBIENTAL,Femenino,2012-1,2016,No cotizante,Sin información,9,0,,"0,0%",NaN
2728-Fundación Universitaria del Área Andina,9794-ESPECIALIZACION EN GESTION AMBIENTAL,Femenino,2012-1,2017,Dependiente,Actividades de organizaciones y entidades extraterritoriales,36,36,,"100,0%",NaN
2728-Fundación Universitaria del Área Andina,9794-ESPECIALIZACION EN GESTION AMBIENTAL,Femenino,2012-1,2017,Dependiente,Actividades de servicios administrativos y de apoyo,6,6,,"100,0%",NaN
2728-Fundación Universitaria del Área Andina,9794-ESPECIALIZACION EN GESTION AMBIENTAL,Femenino,2012-1,2017,Dependiente,Actividades financieras y de seguros,7,7,,"100,0%",NaN
2728-Fundación Universitaria del Área Andina,9794-ESPECIALIZACION EN GESTION AMBIENTAL,Femenino,2012-1,2017,Dependiente,"Actividades profesionales, científicas y técnicas",22,22,,"100,0%",NaN
2728-Fundación Universitaria del Área Andina,9794-ESPECIALIZACION EN GESTION AMBIENTAL,Femenino,2012-1,2017,Dependiente,Administración pública y defensa; planes de seguridad social de afiliación obligatoria,45,45,,"100,0%",NaN
2728-Fundación Universitaria del Área Andina,9794-ESPECIALIZACION EN GESTION AMBIENTAL,Femenino,2012-1,2017,Dependiente,"Agricultura, ganadería, caza, silvicultura y pesca",1,1,,"100,0%",NaN
2728-Fundación Universitaria del Área Andina,9794-ESPECIALIZACION EN GESTION AMBIENTAL,Femenino,2012-1,2017,Dependiente,Educación,5,5,,"100,0%",NaN
2728-Fundación Universitaria del Área Andina,9794-ESPECIALIZACION EN GESTION AMBIENTAL,Femenino,2012-1,2017,Dependiente,Industrias manufactureras,2,2,,"100,0%",NaN
2728-Fundación Universitaria del Área Andina,9794-ESPECIALIZACION EN GESTION AMBIENTAL,Femenino,2012-1,2017,Dependiente,Otras actividades de servicios,23,23,,"100,0%",NaN
2728-Fundación Universitaria del Área Andina,9794-ESPECIALIZACION EN GESTION AMBIENTAL,Femenino,2012-1,2017,Dependiente,Sin información,110,110,,"100,0%",NaN
2728-Fundación Universitaria del Área Andina,9794-ESPECIALIZACION EN GESTION AMBIENTAL,Femenino,2012-1,2017,Independiente,"Actividades profesionales, científicas y técnicas",4,4,,"100,0%",NaN
2728-Fundación Universitaria del Área Andina,9794-ESPECIALIZACION EN GESTION AMBIENTAL,Femenino,2012-1,2017,Independiente,Administración pública y defensa; planes de seguridad social de afiliación obligatoria,1,1,,"100,0%",NaN
2728-Fundación Universitaria del Área Andina,9794-ESPECIALIZACION EN GESTION AMBIENTAL,Femenino,2012-1,2017,Independiente,Otras actividades de servicios,1,1,,"100,0%",NaN
2728-Fundación Universitaria del Área Andina,9794-ESPECIALIZACION EN GESTION AMBIENTAL,Femenino,2012-1,2017,Independiente,Sin información,8,8,,"100,0%",NaN
2728-Fundación Universitaria del Área Andina,9794-ESPECIALIZACION EN GESTION AMBIENTAL,Femenino,2012-1,2017,No cotizante,Sin información,21,0,,"0,0%",NaN
2728-Fundación Universitaria del Área Andina,9794-ESPECIALIZACION EN GESTION AMBIENTAL,Femenino,2012-1,2018,Dependiente,Actividades de atención de la salud humana y de asistencia social,1,1,,"100,0%",NaN
2728-Fundación Universitaria del Área Andina,9794-ESPECIALIZACION EN GESTION AMBIENTAL,Femenino,2012-1,2018,Dependiente,Actividades de organizaciones y entidades extraterritoriales,36,36,,"100,0%",NaN
2728-Fundación Universitaria del Área Andina,9794-ESPECIALIZACION EN GESTION AMBIENTAL,Femenino,2012-1,2018,Dependiente,Actividades de servicios administrativos y de apoyo,5,5,,"100,0%",NaN
2728-Fundación Universitaria del Área Andina,9794-ESPECIALIZACION EN GESTION AMBIENTAL,Femenino,2012-1,2018,Dependiente,Actividades financieras y de seguros,5,5,,"100,0%",NaN
2728-Fundación Universitaria del Área Andina,9794-ESPECIALIZACION EN GESTION AMBIENTAL,Femenino,2012-1,2018,Dependiente,"Actividades profesionales, científicas y técnicas",24,24,,"100,0%",NaN
2728-Fundación Universitaria del Área Andina,9794-ESPECIALIZACION EN GESTION AMBIENTAL,Femenino,2012-1,2018,Dependiente,Administración pública y defensa; planes de seguridad social de afiliación obligatoria,44,44,,"100,0%",NaN
2728-Fundación Universitaria del Área Andina,9794-ESPECIALIZACION EN GESTION AMBIENTAL,Femenino,2012-1,2018,Dependiente,"Agricultura, ganadería, caza, silvicultura y pesca",1,1,,"100,0%",NaN
2728-Fundación Universitaria del Área Andina,9794-ESPECIALIZACION EN GESTION AMBIENTAL,Femenino,2012-1,2018,Dependiente,Construccion,3,3,,"100,0%",NaN
2728-Fundación Universitaria del Área Andina,9794-ESPECIALIZACION EN GESTION AMBIENTAL,Femenino,2012-1,2018,Dependiente,Educación,6,6,,"100,0%",NaN
2728-Fundación Universitaria del Área Andina,9794-ESPECIALIZACION EN GESTION AMBIENTAL,Femenino,2012-1,2018,Dependiente,Industrias manufactureras,1,1,,"100,0%",NaN
2728-Fundación Universitaria del Área Andina,9794-ESPECIALIZACION EN GESTION AMBIENTAL,Femenino,2012-1,2018,Dependiente,Otras actividades de servicios,23,23,,"100,0%",NaN
2728-Fundación Universitaria del Área Andina,9794-ESPECIALIZACION EN GESTION AMBIENTAL,Femenino,2012-1,2018,Dependiente,Sin información,125,125,,"100,0%",NaN
2728-Fundación Universitaria del Área Andina,9794-ESPECIALIZACION EN GESTION AMBIENTAL,Femenino,2012-1,2018,Independiente,"Actividades profesionales, científicas y técnicas",4,4,,"100,0%",NaN
2728-Fundación Universitaria del Área Andina,9794-ESPECIALIZACION EN GESTION AMBIENTAL,Femenino,2012-1,2018,Independiente,Administración pública y defensa; planes de seguridad social de afiliación obligatoria,1,1,,"100,0%",NaN
2728-Fundación Universitaria del Área Andina,9794-ESPECIALIZACION EN GESTION AMBIENTAL,Femenino,2012-1,2018,Independiente,Sin información,6,6,,"100,0%",NaN
2728-Fundación Universitaria del Área Andina,9794-ESPECIALIZACION EN GESTION AMBIENTAL,Femenino,2012-1,2018,No cotizante,Sin información,7,0,,"0,0%",NaN
2728-Fundación Universitaria del Área Andina,9794-ESPECIALIZACION EN GESTION AMBIENTAL,Femenino,2012-1,2019,Dependiente,Actividades de organizaciones y entidades extraterritoriales,42,42,,"100,0%",NaN
2728-Fundación Universitaria del Área Andina,9794-ESPECIALIZACION EN GESTION AMBIENTAL,Femenino,2012-1,2019,Dependiente,Actividades de servicios administrativos y de apoyo,5,5,,"100,0%",NaN
2728-Fundación Universitaria del Área Andina,9794-ESPECIALIZACION EN GESTION AMBIENTAL,Femenino,2012-1,2019,Dependiente,Actividades financieras y de seguros,1,1,,"100,0%",NaN
2728-Fundación Universitaria del Área Andina,9794-ESPECIALIZACION EN GESTION AMBIENTAL,Femenino,2012-1,2019,Dependiente,"Actividades profesionales, científicas y técnicas",19,19,,"100,0%",NaN
2728-Fundación Universitaria del Área Andina,9794-ESPECIALIZACION EN GESTION AMBIENTAL,Femenino,2012-1,2019,Dependiente,Administración pública y defensa; planes de seguridad social de afiliación obligatoria,149,149,,"100,0%",NaN
2728-Fundación Universitaria del Área Andina,9794-ESPECIALIZACION EN GESTION AMBIENTAL,Femenino,2012-1,2019,Dependiente,"Agricultura, ganadería, caza, silvicultura y pesca",5,5,,"100,0%",NaN
2728-Fundación Universitaria del Área Andina,9794-ESPECIALIZACION EN GESTION AMBIENTAL,Femenino,2012-1,2019,Dependiente,Construccion,1,1,,"100,0%",NaN
2728-Fundación Universitaria del Área Andina,9794-ESPECIALIZACION EN GESTION AMBIENTAL,Femenino,2012-1,2019,Dependiente,Educación,3,3,,"100,0%",NaN
2728-Fundación Universitaria del Área Andina,9794-ESPECIALIZACION EN GESTION AMBIENTAL,Femenino,2012-1,2019,Dependiente,Industrias manufactureras,1,1,,"100,0%",NaN
2728-Fundación Universitaria del Área Andina,9794-ESPECIALIZACION EN GESTION AMBIENTAL,Femenino,2012-1,2019,Dependiente,Otras actividades de servicios,23,23,,"100,0%",NaN
2728-Fundación Universitaria del Área Andina,9794-ESPECIALIZACION EN GESTION AMBIENTAL,Femenino,2012-1,2019,Dependiente,Sin información,11,11,,"100,0%",NaN
2728-Fundación Universitaria del Área Andina,9794-ESPECIALIZACION EN GESTION AMBIENTAL,Femenino,2012-1,2019,Independiente,"Actividades profesionales, científicas y técnicas",4,4,,"100,0%",NaN
2728-Fundación Universitaria del Área Andina,9794-ESPECIALIZACION EN GESTION AMBIENTAL,Femenino,2012-1,2019,Independiente,Administración pública y defensa; planes de seguridad social de afiliación obligatoria,3,3,,"100,0%",NaN
2728-Fundación Universitaria del Área Andina,9794-ESPECIALIZACION EN GESTION AMBIENTAL,Femenino,2012-1,2019,Independiente,Sin información,3,3,,"100,0%",NaN
2728-Fundación Universitaria del Área Andina,9794-ESPECIALIZACION EN GESTION AMBIENTAL,Femenino,2012-1,2019,No cotizante,Sin información,21,0,,"0,0%",NaN
2728-Fundación Universitaria del Área Andina,9794-ESPECIALIZACION EN GESTION AMBIENTAL,Femenino,2012-1,2020,Dependiente,Actividades de organizaciones y entidades extraterritoriales,11,11,,"100,0%",NaN
2728-Fundación Universitaria del Área Andina,9794-ESPECIALIZACION EN GESTION AMBIENTAL,Femenino,2012-1,2020,Dependiente,Actividades de servicios administrativos y de apoyo,6,6,,"100,0%",NaN
2728-Fundación Universitaria del Área Andina,9794-ESPECIALIZACION EN GESTION AMBIENTAL,Femenino,2012-1,2020,Dependiente,Actividades financieras y de seguros,4,4,,"100,0%",NaN
2728-Fundación Universitaria del Área Andina,9794-ESPECIALIZACION EN GESTION AMBIENTAL,Femenino,2012-1,2020,Dependiente,"Actividades profesionales, científicas y técnicas",22,22,,"100,0%",NaN
2728-Fundación Universitaria del Área Andina,9794-ESPECIALIZACION EN GESTION AMBIENTAL,Femenino,2012-1,2020,Dependiente,Administración pública y defensa; planes de seguridad social de afiliación obligatoria,168,168,,"100,0%",NaN
2728-Fundación Universitaria del Área Andina,9794-ESPECIALIZACION EN GESTION AMBIENTAL,Femenino,2012-1,2020,Dependiente,Construccion,1,1,,"100,0%",NaN
2728-Fundación Universitaria del Área Andina,9794-ESPECIALIZACION EN GESTION AMBIENTAL,Femenino,2012-1,2020,Dependiente,"Distribución de agua; evacuación y tratamiento de aguas residuales, gestión de desechos y actividades de saneamiento ambiental",1,1,,"100,0%",NaN
2728-Fundación Universitaria del Área Andina,9794-ESPECIALIZACION EN GESTION AMBIENTAL,Femenino,2012-1,2020,Dependiente,Educación,3,3,,"100,0%",NaN
2728-Fundación Universitaria del Área Andina,9794-ESPECIALIZACION EN GESTION AMBIENTAL,Femenino,2012-1,2020,Dependiente,Industrias manufactureras,1,1,,"100,0%",NaN
2728-Fundación Universitaria del Área Andina,9794-ESPECIALIZACION EN GESTION AMBIENTAL,Femenino,2012-1,2020,Dependiente,Otras actividades de servicios,24,24,,"100,0%",NaN
2728-Fundación Universitaria del Área Andina,9794-ESPECIALIZACION EN GESTION AMBIENTAL,Femenino,2012-1,2020,Independiente,Actividades de servicios administrativos y de apoyo,2,2,,"100,0%",NaN
2728-Fundación Universitaria del Área Andina,9794-ESPECIALIZACION EN GESTION AMBIENTAL,Femenino,2012-1,2020,Independiente,"Actividades profesionales, científicas y técnicas",2,2,,"100,0%",NaN
2728-Fundación Universitaria del Área Andina,9794-ESPECIALIZACION EN GESTION AMBIENTAL,Femenino,2012-1,2020,Independiente,Administración pública y defensa; planes de seguridad social de afiliación obligatoria,5,5,,"100,0%",NaN
2728-Fundación Universitaria del Área Andina,9794-ESPECIALIZACION EN GESTION AMBIENTAL,Femenino,2012-1,2020,Independiente,Otras actividades de servicios,1,1,,"100,0%",NaN
2728-Fundación Universitaria del Área Andina,9794-ESPECIALIZACION EN GESTION AMBIENTAL,Femenino,2012-1,2020,No cotizante,Sin información,38,0,,"0,0%",NaN
2728-Fundación Universitaria del Área Andina,9794-ESPECIALIZACION EN GESTION AMBIENTAL,Femenino,2012-1,2021,Dependiente,Actividades de organizaciones y entidades extraterritoriales,1,1,,"100,0%",NaN
2728-Fundación Universitaria del Área Andina,9794-ESPECIALIZACION EN GESTION AMBIENTAL,Femenino,2012-1,2021,Dependiente,Actividades de servicios administrativos y de apoyo,7,7,,"100,0%",NaN
2728-Fundación Universitaria del Área Andina,9794-ESPECIALIZACION EN GESTION AMBIENTAL,Femenino,2012-1,2021,Dependiente,Actividades financieras y de seguros,4,4,,"100,0%",NaN
2728-Fundación Universitaria del Área Andina,9794-ESPECIALIZACION EN GESTION AMBIENTAL,Femenino,2012-1,2021,Dependiente,"Actividades profesionales, científicas y técnicas",34,34,,"100,0%",NaN
2728-Fundación Universitaria del Área Andina,9794-ESPECIALIZACION EN GESTION AMBIENTAL,Femenino,2012-1,2021,Dependiente,Administración pública y defensa; planes de seguridad social de afiliación obligatoria,140,140,,"100,0%",NaN
2728-Fundación Universitaria del Área Andina,9794-ESPECIALIZACION EN GESTION AMBIENTAL,Femenino,2012-1,2021,Dependiente,"Agricultura, ganadería, caza, silvicultura y pesca",25,25,,"100,0%",NaN
2728-Fundación Universitaria del Área Andina,9794-ESPECIALIZACION EN GESTION AMBIENTAL,Femenino,2012-1,2021,Dependiente,"Distribución de agua; evacuación y tratamiento de aguas residuales, gestión de desechos y actividades de saneamiento ambiental",1,1,,"100,0%",NaN
2728-Fundación Universitaria del Área Andina,9794-ESPECIALIZACION EN GESTION AMBIENTAL,Femenino,2012-1,2021,Dependiente,Educación,2,2,,"100,0%",NaN
2728-Fundación Universitaria del Área Andina,9794-ESPECIALIZACION EN GESTION AMBIENTAL,Femenino,2012-1,2021,Dependiente,Explotación de minas y canteras,1,1,,"100,0%",NaN
2728-Fundación Universitaria del Área Andina,9794-ESPECIALIZACION EN GESTION AMBIENTAL,Femenino,2012-1,2021,Dependiente,Industrias manufactureras,1,1,,"100,0%",NaN
2728-Fundación Universitaria del Área Andina,9794-ESPECIALIZACION EN GESTION AMBIENTAL,Femenino,2012-1,2021,Dependiente,Otras actividades de servicios,21,21,,"100,0%",NaN
2728-Fundación Universitaria del Área Andina,9794-ESPECIALIZACION EN GESTION AMBIENTAL,Femenino,2012-1,2021,Dependiente,Sin información,1,1,,"100,0%",NaN
2728-Fundación Universitaria del Área Andina,9794-ESPECIALIZACION EN GESTION AMBIENTAL,Femenino,2012-1,2021,Independiente,Actividades de servicios administrativos y de apoyo,1,1,,"100,0%",NaN
2728-Fundación Universitaria del Área Andina,9794-ESPECIALIZACION EN GESTION AMBIENTAL,Femenino,2012-1,2021,Independiente,"Actividades profesionales, científicas y técnicas",2,2,,"100,0%",NaN
2728-Fundación Universitaria del Área Andina,9794-ESPECIALIZACION EN GESTION AMBIENTAL,Femenino,2012-1,2021,Independiente,Administración pública y defensa; planes de seguridad social de afiliación obligatoria,5,5,,"100,0%",NaN
2728-Fundación Universitaria del Área Andina,9794-ESPECIALIZACION EN GESTION AMBIENTAL,Femenino,2012-1,2021,Independiente,Comercio al por mayor y al por menor; reparación de vehículos automotores y motocicletas,1,1,,"100,0%",NaN
2728-Fundación Universitaria del Área Andina,9794-ESPECIALIZACION EN GESTION AMBIENTAL,Femenino,2012-1,2021,No cotizante,Sin información,41,0,,"0,0%",NaN
2728-Fundación Universitaria del Área Andina,9794-ESPECIALIZACION EN GESTION AMBIENTAL,Femenino,2012-1,2022,Dependiente,"Actividades artísticas, de entretenimiento y recreación",1,1,,"100,0%",NaN
2728-Fundación Universitaria del Área Andina,9794-ESPECIALIZACION EN GESTION AMBIENTAL,Femenino,2012-1,2022,Dependiente,Actividades de organizaciones y entidades extraterritoriales,11,11,,"100,0%",NaN
2728-Fundación Universitaria del Área Andina,9794-ESPECIALIZACION EN GESTION AMBIENTAL,Femenino,2012-1,2022,Dependiente,Actividades de servicios administrativos y de apoyo,8,8,,"100,0%",NaN
2728-Fundación Universitaria del Área Andina,9794-ESPECIALIZACION EN GESTION AMBIENTAL,Femenino,2012-1,2022,Dependiente,Actividades financieras y de seguros,4,4,,"100,0%",NaN
2728-Fundación Universitaria del Área Andina,9794-ESPECIALIZACION EN GESTION AMBIENTAL,Femenino,2012-1,2022,Dependiente,"Actividades profesionales, científicas y técnicas",17,17,,"100,0%",NaN
2728-Fundación Universitaria del Área Andina,9794-ESPECIALIZACION EN GESTION AMBIENTAL,Femenino,2012-1,2022,Dependiente,Administración pública y defensa; planes de seguridad social de afiliación obligatoria,158,158,,"100,0%",NaN
2728-Fundación Universitaria del Área Andina,9794-ESPECIALIZACION EN GESTION AMBIENTAL,Femenino,2012-1,2022,Dependiente,Comercio al por mayor y al por menor; reparación de vehículos automotores y motocicletas,1,1,,"100,0%",NaN
2728-Fundación Universitaria del Área Andina,9794-ESPECIALIZACION EN GESTION AMBIENTAL,Femenino,2012-1,2022,Dependiente,Construccion,2,2,,"100,0%",NaN
2728-Fundación Universitaria del Área Andina,9794-ESPECIALIZACION EN GESTION AMBIENTAL,Femenino,2012-1,2022,Dependiente,"Distribución de agua; evacuación y tratamiento de aguas residuales, gestión de desechos y actividades de saneamiento ambiental",1,1,,"100,0%",NaN
2728-Fundación Universitaria del Área Andina,9794-ESPECIALIZACION EN GESTION AMBIENTAL,Femenino,2012-1,2022,Dependiente,Educación,2,2,,"100,0%",NaN
2728-Fundación Universitaria del Área Andina,9794-ESPECIALIZACION EN GESTION AMBIENTAL,Femenino,2012-1,2022,Dependiente,Explotación de minas y canteras,1,1,,"100,0%",NaN
2728-Fundación Universitaria del Área Andina,9794-ESPECIALIZACION EN GESTION AMBIENTAL,Femenino,2012-1,2022,Dependiente,Industrias manufactureras,1,1,,"100,0%",NaN
2728-Fundación Universitaria del Área Andina,9794-ESPECIALIZACION EN GESTION AMBIENTAL,Femenino,2012-1,2022,Dependiente,Otras actividades de servicios,22,22,,"100,0%",NaN
2728-Fundación Universitaria del Área Andina,9794-ESPECIALIZACION EN GESTION AMBIENTAL,Femenino,2012-1,2022,Independiente,Actividades de servicios administrativos y de apoyo,1,1,,"100,0%",NaN
2728-Fundación Universitaria del Área Andina,9794-ESPECIALIZACION EN GESTION AMBIENTAL,Femenino,2012-1,2022,Independiente,"Actividades profesionales, científicas y técnicas",3,3,,"100,0%",NaN
2728-Fundación Universitaria del Área Andina,9794-ESPECIALIZACION EN GESTION AMBIENTAL,Femenino,2012-1,2022,Independiente,Administración pública y defensa; planes de seguridad social de afiliación obligatoria,2,2,,"100,0%",NaN
2728-Fundación Universitaria del Área Andina,9794-ESPECIALIZACION EN GESTION AMBIENTAL,Femenino,2012-1,2022,Independiente,Comercio al por mayor y al por menor; reparación de vehículos automotores y motocicletas,1,1,,"100,0%",NaN
2728-Fundación Universitaria del Área Andina,9794-ESPECIALIZACION EN GESTION AMBIENTAL,Femenino,2012-1,2022,Independiente,Otras actividades de servicios,1,1,,"100,0%",NaN
2728-Fundación Universitaria del Área Andina,9794-ESPECIALIZACION EN GESTION AMBIENTAL,Femenino,2012-1,2022,No cotizante,SIN DATO,49,0,,"0,0%",NaN
2728-Fundación Universitaria del Área Andina,9794-ESPECIALIZACION EN GESTION AMBIENTAL,Femenino,2012-1,2023,Dependiente,Actividades de organizaciones y entidades extraterritoriales,9,9,,"100,0%",NaN
2728-Fundación Universitaria del Área Andina,9794-ESPECIALIZACION EN GESTION AMBIENTAL,Femenino,2012-1,2023,Dependiente,Actividades de servicios administrativos y de apoyo,31,31,,"100,0%",NaN
2728-Fundación Universitaria del Área Andina,9794-ESPECIALIZACION EN GESTION AMBIENTAL,Femenino,2012-1,2023,Dependiente,Actividades financieras y de seguros,4,4,,"100,0%",NaN
2728-Fundación Universitaria del Área Andina,9794-ESPECIALIZACION EN GESTION AMBIENTAL,Femenino,2012-1,2023,Dependiente,"Actividades profesionales, científicas y técnicas",12,12,,"100,0%",NaN
2728-Fundación Universitaria del Área Andina,9794-ESPECIALIZACION EN GESTION AMBIENTAL,Femenino,2012-1,2023,Dependiente,Administración pública y defensa; planes de seguridad social de afiliación obligatoria,158,158,,"100,0%",NaN
2728-Fundación Universitaria del Área Andina,9794-ESPECIALIZACION EN GESTION AMBIENTAL,Femenino,2012-1,2023,Dependiente,"Agricultura, ganadería, caza, silvicultura y pesca",1,1,,"100,0%",NaN
2728-Fundación Universitaria del Área Andina,9794-ESPECIALIZACION EN GESTION AMBIENTAL,Femenino,2012-1,2023,Dependiente,Alojamiento y servicios de comida,1,1,,"100,0%",NaN
2728-Fundación Universitaria del Área Andina,9794-ESPECIALIZACION EN GESTION AMBIENTAL,Femenino,2012-1,2023,Dependiente,Comercio al por mayor y al por menor; reparación de vehículos automotores y motocicletas,1,1,,"100,0%",NaN
2728-Fundación Universitaria del Área Andina,9794-ESPECIALIZACION EN GESTION AMBIENTAL,Femenino,2012-1,2023,Dependiente,"Distribución de agua; evacuación y tratamiento de aguas residuales, gestión de desechos y actividades de saneamiento ambiental",1,1,,"100,0%",NaN
2728-Fundación Universitaria del Área Andina,9794-ESPECIALIZACION EN GESTION AMBIENTAL,Femenino,2012-1,2023,Dependiente,Educación,3,3,,"100,0%",NaN
2728-Fundación Universitaria del Área Andina,9794-ESPECIALIZACION EN GESTION AMBIENTAL,Femenino,2012-1,2023,Dependiente,Explotación de minas y canteras,1,1,,"100,0%",NaN
2728-Fundación Universitaria del Área Andina,9794-ESPECIALIZACION EN GESTION AMBIENTAL,Femenino,2012-1,2023,Dependiente,Industrias manufactureras,1,1,,"100,0%",NaN
2728-Fundación Universitaria del Área Andina,9794-ESPECIALIZACION EN GESTION AMBIENTAL,Femenino,2012-1,2023,Dependiente,Otras actividades de servicios,1,1,,"100,0%",NaN
2728-Fundación Universitaria del Área Andina,9794-ESPECIALIZACION EN GESTION AMBIENTAL,Femenino,2012-1,2023,Independiente,Actividades de servicios administrativos y de apoyo,1,1,,"100,0%",NaN
2728-Fundación Universitaria del Área Andina,9794-ESPECIALIZACION EN GESTION AMBIENTAL,Femenino,2012-1,2023,Independiente,"Actividades profesionales, científicas y técnicas",3,3,,"100,0%",NaN
2728-Fundación Universitaria del Área Andina,9794-ESPECIALIZACION EN GESTION AMBIENTAL,Femenino,2012-1,2023,Independiente,Administración pública y defensa; planes de seguridad social de afiliación obligatoria,2,2,,"100,0%",NaN
2728-Fundación Universitaria del Área Andina,9794-ESPECIALIZACION EN GESTION AMBIENTAL,Femenino,2012-1,2023,Independiente,Comercio al por mayor y al por menor; reparación de vehículos automotores y motocicletas,1,1,,"100,0%",NaN
2728-Fundación Universitaria del Área Andina,9794-ESPECIALIZACION EN GESTION AMBIENTAL,Femenino,2012-1,2023,Independiente,Otras actividades de servicios,1,1,,"100,0%",NaN
2728-Fundación Universitaria del Área Andina,9794-ESPECIALIZACION EN GESTION AMBIENTAL,Femenino,2012-1,2023,No cotizante,SIN DATO,54,0,,"0,0%",NaN
2728-Fundación Universitaria del Área Andina,9794-ESPECIALIZACION EN GESTION AMBIENTAL,Masculino,2012-1,2016,Dependiente,Actividades de atención de la salud humana y de asistencia social,3,3,,"100,0%",$5.086.846
2728-Fundación Universitaria del Área Andina,9794-ESPECIALIZACION EN GESTION AMBIENTAL,Masculino,2012-1,2016,Dependiente,Actividades de servicios administrativos y de apoyo,1,1,,"100,0%",$6.853.000
2728-Fundación Universitaria del Área Andina,9794-ESPECIALIZACION EN GESTION AMBIENTAL,Masculino,2012-1,2016,Dependiente,Actividades financieras y de seguros,1,1,,"100,0%",$3.559.000
2728-Fundación Universitaria del Área Andina,9794-ESPECIALIZACION EN GESTION AMBIENTAL,Masculino,2012-1,2016,Dependiente,"Actividades profesionales, científicas y técnicas",3,3,,"100,0%",$2.488.667
2728-Fundación Universitaria del Área Andina,9794-ESPECIALIZACION EN GESTION AMBIENTAL,Masculino,2012-1,2016,Dependiente,Administración pública y defensa; planes de seguridad social de afiliación obligatoria,58,58,,"100,0%",$3.386.707
2728-Fundación Universitaria del Área Andina,9794-ESPECIALIZACION EN GESTION AMBIENTAL,Masculino,2012-1,2016,Dependiente,"Agricultura, ganadería, caza, silvicultura y pesca",33,33,,"100,0%",$3.145.697
2728-Fundación Universitaria del Área Andina,9794-ESPECIALIZACION EN GESTION AMBIENTAL,Masculino,2012-1,2016,Dependiente,Comercio al por mayor y al por menor; reparación de vehículos automotores y motocicletas,1,1,,"100,0%",$689.455
2728-Fundación Universitaria del Área Andina,9794-ESPECIALIZACION EN GESTION AMBIENTAL,Masculino,2012-1,2016,Dependiente,Construccion,5,5,,"100,0%",$4.059.091
2728-Fundación Universitaria del Área Andina,9794-ESPECIALIZACION EN GESTION AMBIENTAL,Masculino,2012-1,2016,Dependiente,"Distribución de agua; evacuación y tratamiento de aguas residuales, gestión de desechos y actividades de saneamiento ambiental",2,2,,"100,0%",$3.123.000
2728-Fundación Universitaria del Área Andina,9794-ESPECIALIZACION EN GESTION AMBIENTAL,Masculino,2012-1,2016,Dependiente,Educación,21,21,,"100,0%",$2.845.165
2728-Fundación Universitaria del Área Andina,9794-ESPECIALIZACION EN GESTION AMBIENTAL,Masculino,2012-1,2016,Dependiente,Explotación de minas y canteras,1,1,,"100,0%",$2.500.000
2728-Fundación Universitaria del Área Andina,9794-ESPECIALIZACION EN GESTION AMBIENTAL,Masculino,2012-1,2016,Dependiente,Información y comunicaciones,1,1,,"100,0%",$689.455
2728-Fundación Universitaria del Área Andina,9794-ESPECIALIZACION EN GESTION AMBIENTAL,Masculino,2012-1,2016,Dependiente,Sin información,7,7,,"100,0%",$2.963.620
2728-Fundación Universitaria del Área Andina,9794-ESPECIALIZACION EN GESTION AMBIENTAL,Masculino,2012-1,2016,Independiente,Actividades financieras y de seguros,1,1,,"100,0%",NaN
2728-Fundación Universitaria del Área Andina,9794-ESPECIALIZACION EN GESTION AMBIENTAL,Masculino,2012-1,2016,Independiente,"Actividades profesionales, científicas y técnicas",1,1,,"100,0%",NaN
2728-Fundación Universitaria del Área Andina,9794-ESPECIALIZACION EN GESTION AMBIENTAL,Masculino,2012-1,2016,Independiente,Construccion,2,2,,"100,0%",NaN
2728-Fundación Universitaria del Área Andina,9794-ESPECIALIZACION EN GESTION AMBIENTAL,Masculino,2012-1,2016,Independiente,Educación,2,2,,"100,0%",NaN
2728-Fundación Universitaria del Área Andina,9794-ESPECIALIZACION EN GESTION AMBIENTAL,Masculino,2012-1,2016,Independiente,Información y comunicaciones,4,4,,"100,0%",NaN
2728-Fundación Universitaria del Área Andina,9794-ESPECIALIZACION EN GESTION AMBIENTAL,Masculino,2012-1,2016,Independiente,Sin información,2,2,,"100,0%",NaN
2728-Fundación Universitaria del Área Andina,9794-ESPECIALIZACION EN GESTION AMBIENTAL,Masculino,2012-1,2016,No cotizante,Sin información,13,0,,"0,0%",NaN
2728-Fundación Universitaria del Área Andina,9794-ESPECIALIZACION EN GESTION AMBIENTAL,Masculino,2012-1,2017,Dependiente,Actividades de organizaciones y entidades extraterritoriales,30,30,,"100,0%",NaN
2728-Fundación Universitaria del Área Andina,9794-ESPECIALIZACION EN GESTION AMBIENTAL,Masculino,2012-1,2017,Dependiente,Actividades de servicios administrativos y de apoyo,2,2,,"100,0%",NaN
2728-Fundación Universitaria del Área Andina,9794-ESPECIALIZACION EN GESTION AMBIENTAL,Masculino,2012-1,2017,Dependiente,Actividades financieras y de seguros,2,2,,"100,0%",NaN
2728-Fundación Universitaria del Área Andina,9794-ESPECIALIZACION EN GESTION AMBIENTAL,Masculino,2012-1,2017,Dependiente,"Actividades profesionales, científicas y técnicas",5,5,,"100,0%",NaN
2728-Fundación Universitaria del Área Andina,9794-ESPECIALIZACION EN GESTION AMBIENTAL,Masculino,2012-1,2017,Dependiente,Administración pública y defensa; planes de seguridad social de afiliación obligatoria,24,24,,"100,0%",NaN
2728-Fundación Universitaria del Área Andina,9794-ESPECIALIZACION EN GESTION AMBIENTAL,Masculino,2012-1,2017,Dependiente,"Agricultura, ganadería, caza, silvicultura y pesca",1,1,,"100,0%",NaN
2728-Fundación Universitaria del Área Andina,9794-ESPECIALIZACION EN GESTION AMBIENTAL,Masculino,2012-1,2017,Dependiente,Comercio al por mayor y al por menor; reparación de vehículos automotores y motocicletas,1,1,,"100,0%",NaN
2728-Fundación Universitaria del Área Andina,9794-ESPECIALIZACION EN GESTION AMBIENTAL,Masculino,2012-1,2017,Dependiente,Construccion,4,4,,"100,0%",NaN
2728-Fundación Universitaria del Área Andina,9794-ESPECIALIZACION EN GESTION AMBIENTAL,Masculino,2012-1,2017,Dependiente,"Distribución de agua; evacuación y tratamiento de aguas residuales, gestión de desechos y actividades de saneamiento ambiental",3,3,,"100,0%",NaN
2728-Fundación Universitaria del Área Andina,9794-ESPECIALIZACION EN GESTION AMBIENTAL,Masculino,2012-1,2017,Dependiente,Educación,12,12,,"100,0%",NaN
2728-Fundación Universitaria del Área Andina,9794-ESPECIALIZACION EN GESTION AMBIENTAL,Masculino,2012-1,2017,Dependiente,Industrias manufactureras,2,2,,"100,0%",NaN
2728-Fundación Universitaria del Área Andina,9794-ESPECIALIZACION EN GESTION AMBIENTAL,Masculino,2012-1,2017,Dependiente,Otras actividades de servicios,13,13,,"100,0%",NaN
2728-Fundación Universitaria del Área Andina,9794-ESPECIALIZACION EN GESTION AMBIENTAL,Masculino,2012-1,2017,Dependiente,Sin información,48,48,,"100,0%",NaN
2728-Fundación Universitaria del Área Andina,9794-ESPECIALIZACION EN GESTION AMBIENTAL,Masculino,2012-1,2017,Dependiente,Transporte y almacenamiento,1,1,,"100,0%",NaN
2728-Fundación Universitaria del Área Andina,9794-ESPECIALIZACION EN GESTION AMBIENTAL,Masculino,2012-1,2017,Independiente,"Actividades profesionales, científicas y técnicas",1,1,,"100,0%",NaN
2728-Fundación Universitaria del Área Andina,9794-ESPECIALIZACION EN GESTION AMBIENTAL,Masculino,2012-1,2017,Independiente,Administración pública y defensa; planes de seguridad social de afiliación obligatoria,1,1,,"100,0%",NaN
2728-Fundación Universitaria del Área Andina,9794-ESPECIALIZACION EN GESTION AMBIENTAL,Masculino,2012-1,2017,Independiente,Comercio al por mayor y al por menor; reparación de vehículos automotores y motocicletas,1,1,,"100,0%",NaN
2728-Fundación Universitaria del Área Andina,9794-ESPECIALIZACION EN GESTION AMBIENTAL,Masculino,2012-1,2017,Independiente,Otras actividades de servicios,3,3,,"100,0%",NaN
2728-Fundación Universitaria del Área Andina,9794-ESPECIALIZACION EN GESTION AMBIENTAL,Masculino,2012-1,2017,Independiente,Sin información,6,6,,"100,0%",NaN
2728-Fundación Universitaria del Área Andina,9794-ESPECIALIZACION EN GESTION AMBIENTAL,Masculino,2012-1,2017,No cotizante,Sin información,19,0,,"0,0%",NaN
2728-Fundación Universitaria del Área Andina,9794-ESPECIALIZACION EN GESTION AMBIENTAL,Masculino,2012-1,2018,Dependiente,Actividades de organizaciones y entidades extraterritoriales,29,29,,"100,0%",NaN
2728-Fundación Universitaria del Área Andina,9794-ESPECIALIZACION EN GESTION AMBIENTAL,Masculino,2012-1,2018,Dependiente,Actividades de servicios administrativos y de apoyo,3,3,,"100,0%",NaN
2728-Fundación Universitaria del Área Andina,9794-ESPECIALIZACION EN GESTION AMBIENTAL,Masculino,2012-1,2018,Dependiente,Actividades financieras y de seguros,2,2,,"100,0%",NaN
2728-Fundación Universitaria del Área Andina,9794-ESPECIALIZACION EN GESTION AMBIENTAL,Masculino,2012-1,2018,Dependiente,"Actividades profesionales, científicas y técnicas",7,7,,"100,0%",NaN
2728-Fundación Universitaria del Área Andina,9794-ESPECIALIZACION EN GESTION AMBIENTAL,Masculino,2012-1,2018,Dependiente,Administración pública y defensa; planes de seguridad social de afiliación obligatoria,24,24,,"100,0%",NaN
2728-Fundación Universitaria del Área Andina,9794-ESPECIALIZACION EN GESTION AMBIENTAL,Masculino,2012-1,2018,Dependiente,"Agricultura, ganadería, caza, silvicultura y pesca",1,1,,"100,0%",NaN
2728-Fundación Universitaria del Área Andina,9794-ESPECIALIZACION EN GESTION AMBIENTAL,Masculino,2012-1,2018,Dependiente,Comercio al por mayor y al por menor; reparación de vehículos automotores y motocicletas,1,1,,"100,0%",NaN
2728-Fundación Universitaria del Área Andina,9794-ESPECIALIZACION EN GESTION AMBIENTAL,Masculino,2012-1,2018,Dependiente,Construccion,3,3,,"100,0%",NaN
2728-Fundación Universitaria del Área Andina,9794-ESPECIALIZACION EN GESTION AMBIENTAL,Masculino,2012-1,2018,Dependiente,"Distribución de agua; evacuación y tratamiento de aguas residuales, gestión de desechos y actividades de saneamiento ambiental",2,2,,"100,0%",NaN
2728-Fundación Universitaria del Área Andina,9794-ESPECIALIZACION EN GESTION AMBIENTAL,Masculino,2012-1,2018,Dependiente,Educación,9,9,,"100,0%",NaN
2728-Fundación Universitaria del Área Andina,9794-ESPECIALIZACION EN GESTION AMBIENTAL,Masculino,2012-1,2018,Dependiente,Explotación de minas y canteras,1,1,,"100,0%",NaN
2728-Fundación Universitaria del Área Andina,9794-ESPECIALIZACION EN GESTION AMBIENTAL,Masculino,2012-1,2018,Dependiente,Industrias manufactureras,1,1,,"100,0%",NaN
2728-Fundación Universitaria del Área Andina,9794-ESPECIALIZACION EN GESTION AMBIENTAL,Masculino,2012-1,2018,Dependiente,Información y comunicaciones,1,1,,"100,0%",NaN
2728-Fundación Universitaria del Área Andina,9794-ESPECIALIZACION EN GESTION AMBIENTAL,Masculino,2012-1,2018,Dependiente,Otras actividades de servicios,11,11,,"100,0%",NaN
2728-Fundación Universitaria del Área Andina,9794-ESPECIALIZACION EN GESTION AMBIENTAL,Masculino,2012-1,2018,Dependiente,Sin información,60,60,,"100,0%",NaN
2728-Fundación Universitaria del Área Andina,9794-ESPECIALIZACION EN GESTION AMBIENTAL,Masculino,2012-1,2018,Dependiente,Transporte y almacenamiento,1,1,,"100,0%",NaN
2728-Fundación Universitaria del Área Andina,9794-ESPECIALIZACION EN GESTION AMBIENTAL,Masculino,2012-1,2018,Independiente,"Actividades profesionales, científicas y técnicas",4,4,,"100,0%",NaN
2728-Fundación Universitaria del Área Andina,9794-ESPECIALIZACION EN GESTION AMBIENTAL,Masculino,2012-1,2018,Independiente,Administración pública y defensa; planes de seguridad social de afiliación obligatoria,1,1,,"100,0%",NaN
2728-Fundación Universitaria del Área Andina,9794-ESPECIALIZACION EN GESTION AMBIENTAL,Masculino,2012-1,2018,Independiente,Comercio al por mayor y al por menor; reparación de vehículos automotores y motocicletas,1,1,,"100,0%",NaN
2728-Fundación Universitaria del Área Andina,9794-ESPECIALIZACION EN GESTION AMBIENTAL,Masculino,2012-1,2018,Independiente,Otras actividades de servicios,2,2,,"100,0%",NaN
2728-Fundación Universitaria del Área Andina,9794-ESPECIALIZACION EN GESTION AMBIENTAL,Masculino,2012-1,2018,Independiente,Sin información,6,6,,"100,0%",NaN
2728-Fundación Universitaria del Área Andina,9794-ESPECIALIZACION EN GESTION AMBIENTAL,Masculino,2012-1,2018,No cotizante,Sin información,9,0,,"0,0%",NaN
2728-Fundación Universitaria del Área Andina,9794-ESPECIALIZACION EN GESTION AMBIENTAL,Masculino,2012-1,2019,Dependiente,Actividades de organizaciones y entidades extraterritoriales,36,36,,"100,0%",NaN
2728-Fundación Universitaria del Área Andina,9794-ESPECIALIZACION EN GESTION AMBIENTAL,Masculino,2012-1,2019,Dependiente,Actividades de servicios administrativos y de apoyo,2,2,,"100,0%",NaN
2728-Fundación Universitaria del Área Andina,9794-ESPECIALIZACION EN GESTION AMBIENTAL,Masculino,2012-1,2019,Dependiente,Actividades financieras y de seguros,1,1,,"100,0%",NaN
2728-Fundación Universitaria del Área Andina,9794-ESPECIALIZACION EN GESTION AMBIENTAL,Masculino,2012-1,2019,Dependiente,"Actividades profesionales, científicas y técnicas",2,2,,"100,0%",NaN
2728-Fundación Universitaria del Área Andina,9794-ESPECIALIZACION EN GESTION AMBIENTAL,Masculino,2012-1,2019,Dependiente,Administración pública y defensa; planes de seguridad social de afiliación obligatoria,65,65,,"100,0%",NaN
2728-Fundación Universitaria del Área Andina,9794-ESPECIALIZACION EN GESTION AMBIENTAL,Masculino,2012-1,2019,Dependiente,"Agricultura, ganadería, caza, silvicultura y pesca",2,2,,"100,0%",NaN
2728-Fundación Universitaria del Área Andina,9794-ESPECIALIZACION EN GESTION AMBIENTAL,Masculino,2012-1,2019,Dependiente,Construccion,3,3,,"100,0%",NaN
2728-Fundación Universitaria del Área Andina,9794-ESPECIALIZACION EN GESTION AMBIENTAL,Masculino,2012-1,2019,Dependiente,"Distribución de agua; evacuación y tratamiento de aguas residuales, gestión de desechos y actividades de saneamiento ambiental",2,2,,"100,0%",NaN
2728-Fundación Universitaria del Área Andina,9794-ESPECIALIZACION EN GESTION AMBIENTAL,Masculino,2012-1,2019,Dependiente,Educación,11,11,,"100,0%",NaN
2728-Fundación Universitaria del Área Andina,9794-ESPECIALIZACION EN GESTION AMBIENTAL,Masculino,2012-1,2019,Dependiente,Explotación de minas y canteras,1,1,,"100,0%",NaN
2728-Fundación Universitaria del Área Andina,9794-ESPECIALIZACION EN GESTION AMBIENTAL,Masculino,2012-1,2019,Dependiente,Industrias manufactureras,1,1,,"100,0%",NaN
2728-Fundación Universitaria del Área Andina,9794-ESPECIALIZACION EN GESTION AMBIENTAL,Masculino,2012-1,2019,Dependiente,Otras actividades de servicios,11,11,,"100,0%",NaN
2728-Fundación Universitaria del Área Andina,9794-ESPECIALIZACION EN GESTION AMBIENTAL,Masculino,2012-1,2019,Dependiente,Sin información,8,8,,"100,0%",NaN
2728-Fundación Universitaria del Área Andina,9794-ESPECIALIZACION EN GESTION AMBIENTAL,Masculino,2012-1,2019,Independiente,"Actividades profesionales, científicas y técnicas",3,3,,"100,0%",NaN
2728-Fundación Universitaria del Área Andina,9794-ESPECIALIZACION EN GESTION AMBIENTAL,Masculino,2012-1,2019,Independiente,Administración pública y defensa; planes de seguridad social de afiliación obligatoria,6,6,,"100,0%",NaN
2728-Fundación Universitaria del Área Andina,9794-ESPECIALIZACION EN GESTION AMBIENTAL,Masculino,2012-1,2019,Independiente,Comercio al por mayor y al por menor; reparación de vehículos automotores y motocicletas,1,1,,"100,0%",NaN
2728-Fundación Universitaria del Área Andina,9794-ESPECIALIZACION EN GESTION AMBIENTAL,Masculino,2012-1,2019,Independiente,"Distribución de agua; evacuación y tratamiento de aguas residuales, gestión de desechos y actividades de saneamiento ambiental",1,1,,"100,0%",NaN
2728-Fundación Universitaria del Área Andina,9794-ESPECIALIZACION EN GESTION AMBIENTAL,Masculino,2012-1,2019,Independiente,Otras actividades de servicios,3,3,,"100,0%",NaN
2728-Fundación Universitaria del Área Andina,9794-ESPECIALIZACION EN GESTION AMBIENTAL,Masculino,2012-1,2019,Independiente,Sin información,1,1,,"100,0%",NaN
2728-Fundación Universitaria del Área Andina,9794-ESPECIALIZACION EN GESTION AMBIENTAL,Masculino,2012-1,2019,No cotizante,Sin información,17,0,,"0,0%",NaN
2728-Fundación Universitaria del Área Andina,9794-ESPECIALIZACION EN GESTION AMBIENTAL,Masculino,2012-1,2020,Dependiente,Actividades de organizaciones y entidades extraterritoriales,6,6,,"100,0%",NaN
2728-Fundación Universitaria del Área Andina,9794-ESPECIALIZACION EN GESTION AMBIENTAL,Masculino,2012-1,2020,Dependiente,Actividades de servicios administrativos y de apoyo,2,2,,"100,0%",NaN
2728-Fundación Universitaria del Área Andina,9794-ESPECIALIZACION EN GESTION AMBIENTAL,Masculino,2012-1,2020,Dependiente,Actividades financieras y de seguros,2,2,,"100,0%",NaN
2728-Fundación Universitaria del Área Andina,9794-ESPECIALIZACION EN GESTION AMBIENTAL,Masculino,2012-1,2020,Dependiente,"Actividades profesionales, científicas y técnicas",9,9,,"100,0%",NaN
2728-Fundación Universitaria del Área Andina,9794-ESPECIALIZACION EN GESTION AMBIENTAL,Masculino,2012-1,2020,Dependiente,Administración pública y defensa; planes de seguridad social de afiliación obligatoria,86,86,,"100,0%",NaN
2728-Fundación Universitaria del Área Andina,9794-ESPECIALIZACION EN GESTION AMBIENTAL,Masculino,2012-1,2020,Dependiente,"Agricultura, ganadería, caza, silvicultura y pesca",1,1,,"100,0%",NaN
2728-Fundación Universitaria del Área Andina,9794-ESPECIALIZACION EN GESTION AMBIENTAL,Masculino,2012-1,2020,Dependiente,Comercio al por mayor y al por menor; reparación de vehículos automotores y motocicletas,1,1,,"100,0%",NaN
2728-Fundación Universitaria del Área Andina,9794-ESPECIALIZACION EN GESTION AMBIENTAL,Masculino,2012-1,2020,Dependiente,Construccion,5,5,,"100,0%",NaN
2728-Fundación Universitaria del Área Andina,9794-ESPECIALIZACION EN GESTION AMBIENTAL,Masculino,2012-1,2020,Dependiente,"Distribución de agua; evacuación y tratamiento de aguas residuales, gestión de desechos y actividades de saneamiento ambiental",2,2,,"100,0%",NaN
2728-Fundación Universitaria del Área Andina,9794-ESPECIALIZACION EN GESTION AMBIENTAL,Masculino,2012-1,2020,Dependiente,Educación,7,7,,"100,0%",NaN
2728-Fundación Universitaria del Área Andina,9794-ESPECIALIZACION EN GESTION AMBIENTAL,Masculino,2012-1,2020,Dependiente,Explotación de minas y canteras,1,1,,"100,0%",NaN
2728-Fundación Universitaria del Área Andina,9794-ESPECIALIZACION EN GESTION AMBIENTAL,Masculino,2012-1,2020,Dependiente,Industrias manufactureras,1,1,,"100,0%",NaN
2728-Fundación Universitaria del Área Andina,9794-ESPECIALIZACION EN GESTION AMBIENTAL,Masculino,2012-1,2020,Dependiente,Otras actividades de servicios,15,15,,"100,0%",NaN
2728-Fundación Universitaria del Área Andina,9794-ESPECIALIZACION EN GESTION AMBIENTAL,Masculino,2012-1,2020,Independiente,"Actividades profesionales, científicas y técnicas",2,2,,"100,0%",NaN
2728-Fundación Universitaria del Área Andina,9794-ESPECIALIZACION EN GESTION AMBIENTAL,Masculino,2012-1,2020,Independiente,Administración pública y defensa; planes de seguridad social de afiliación obligatoria,5,5,,"100,0%",NaN
2728-Fundación Universitaria del Área Andina,9794-ESPECIALIZACION EN GESTION AMBIENTAL,Masculino,2012-1,2020,Independiente,Comercio al por mayor y al por menor; reparación de vehículos automotores y motocicletas,1,1,,"100,0%",NaN
2728-Fundación Universitaria del Área Andina,9794-ESPECIALIZACION EN GESTION AMBIENTAL,Masculino,2012-1,2020,Independiente,Otras actividades de servicios,2,2,,"100,0%",NaN
2728-Fundación Universitaria del Área Andina,9794-ESPECIALIZACION EN GESTION AMBIENTAL,Masculino,2012-1,2020,No cotizante,Sin información,28,0,,"0,0%",NaN
2728-Fundación Universitaria del Área Andina,9794-ESPECIALIZACION EN GESTION AMBIENTAL,Masculino,2012-1,2021,Dependiente,Actividades de servicios administrativos y de apoyo,5,5,,"100,0%",NaN
2728-Fundación Universitaria del Área Andina,9794-ESPECIALIZACION EN GESTION AMBIENTAL,Masculino,2012-1,2021,Dependiente,Actividades financieras y de seguros,3,3,,"100,0%",NaN
2728-Fundación Universitaria del Área Andina,9794-ESPECIALIZACION EN GESTION AMBIENTAL,Masculino,2012-1,2021,Dependiente,"Actividades profesionales, científicas y técnicas",11,11,,"100,0%",NaN
2728-Fundación Universitaria del Área Andina,9794-ESPECIALIZACION EN GESTION AMBIENTAL,Masculino,2012-1,2021,Dependiente,Administración pública y defensa; planes de seguridad social de afiliación obligatoria,66,66,,"100,0%",NaN
2728-Fundación Universitaria del Área Andina,9794-ESPECIALIZACION EN GESTION AMBIENTAL,Masculino,2012-1,2021,Dependiente,"Agricultura, ganadería, caza, silvicultura y pesca",26,26,,"100,0%",NaN
2728-Fundación Universitaria del Área Andina,9794-ESPECIALIZACION EN GESTION AMBIENTAL,Masculino,2012-1,2021,Dependiente,Comercio al por mayor y al por menor; reparación de vehículos automotores y motocicletas,1,1,,"100,0%",NaN
2728-Fundación Universitaria del Área Andina,9794-ESPECIALIZACION EN GESTION AMBIENTAL,Masculino,2012-1,2021,Dependiente,Construccion,2,2,,"100,0%",NaN
2728-Fundación Universitaria del Área Andina,9794-ESPECIALIZACION EN GESTION AMBIENTAL,Masculino,2012-1,2021,Dependiente,"Distribución de agua; evacuación y tratamiento de aguas residuales, gestión de desechos y actividades de saneamiento ambiental",3,3,,"100,0%",NaN
2728-Fundación Universitaria del Área Andina,9794-ESPECIALIZACION EN GESTION AMBIENTAL,Masculino,2012-1,2021,Dependiente,Educación,5,5,,"100,0%",NaN
2728-Fundación Universitaria del Área Andina,9794-ESPECIALIZACION EN GESTION AMBIENTAL,Masculino,2012-1,2021,Dependiente,Explotación de minas y canteras,2,2,,"100,0%",NaN
2728-Fundación Universitaria del Área Andina,9794-ESPECIALIZACION EN GESTION AMBIENTAL,Masculino,2012-1,2021,Dependiente,Otras actividades de servicios,13,13,,"100,0%",NaN
2728-Fundación Universitaria del Área Andina,9794-ESPECIALIZACION EN GESTION AMBIENTAL,Masculino,2012-1,2021,Independiente,"Actividades profesionales, científicas y técnicas",2,2,,"100,0%",NaN
2728-Fundación Universitaria del Área Andina,9794-ESPECIALIZACION EN GESTION AMBIENTAL,Masculino,2012-1,2021,Independiente,Administración pública y defensa; planes de seguridad social de afiliación obligatoria,4,4,,"100,0%",NaN
2728-Fundación Universitaria del Área Andina,9794-ESPECIALIZACION EN GESTION AMBIENTAL,Masculino,2012-1,2021,Independiente,Comercio al por mayor y al por menor; reparación de vehículos automotores y motocicletas,2,2,,"100,0%",NaN
2728-Fundación Universitaria del Área Andina,9794-ESPECIALIZACION EN GESTION AMBIENTAL,Masculino,2012-1,2021,Independiente,Otras actividades de servicios,1,1,,"100,0%",NaN
2728-Fundación Universitaria del Área Andina,9794-ESPECIALIZACION EN GESTION AMBIENTAL,Masculino,2012-1,2021,No cotizante,Sin información,29,0,,"0,0%",NaN
2728-Fundación Universitaria del Área Andina,9794-ESPECIALIZACION EN GESTION AMBIENTAL,Masculino,2012-1,2022,Dependiente,Actividades de organizaciones y entidades extraterritoriales,5,5,,"100,0%",NaN
2728-Fundación Universitaria del Área Andina,9794-ESPECIALIZACION EN GESTION AMBIENTAL,Masculino,2012-1,2022,Dependiente,Actividades de servicios administrativos y de apoyo,2,2,,"100,0%",NaN
2728-Fundación Universitaria del Área Andina,9794-ESPECIALIZACION EN GESTION AMBIENTAL,Masculino,2012-1,2022,Dependiente,Actividades financieras y de seguros,2,2,,"100,0%",NaN
2728-Fundación Universitaria del Área Andina,9794-ESPECIALIZACION EN GESTION AMBIENTAL,Masculino,2012-1,2022,Dependiente,"Actividades profesionales, científicas y técnicas",6,6,,"100,0%",NaN
2728-Fundación Universitaria del Área Andina,9794-ESPECIALIZACION EN GESTION AMBIENTAL,Masculino,2012-1,2022,Dependiente,Administración pública y defensa; planes de seguridad social de afiliación obligatoria,90,90,,"100,0%",NaN
2728-Fundación Universitaria del Área Andina,9794-ESPECIALIZACION EN GESTION AMBIENTAL,Masculino,2012-1,2022,Dependiente,"Agricultura, ganadería, caza, silvicultura y pesca",1,1,,"100,0%",NaN
2728-Fundación Universitaria del Área Andina,9794-ESPECIALIZACION EN GESTION AMBIENTAL,Masculino,2012-1,2022,Dependiente,Construccion,3,3,,"100,0%",NaN
2728-Fundación Universitaria del Área Andina,9794-ESPECIALIZACION EN GESTION AMBIENTAL,Masculino,2012-1,2022,Dependiente,"Distribución de agua; evacuación y tratamiento de aguas residuales, gestión de desechos y actividades de saneamiento ambiental",2,2,,"100,0%",NaN
2728-Fundación Universitaria del Área Andina,9794-ESPECIALIZACION EN GESTION AMBIENTAL,Masculino,2012-1,2022,Dependiente,Educación,7,7,,"100,0%",NaN
2728-Fundación Universitaria del Área Andina,9794-ESPECIALIZACION EN GESTION AMBIENTAL,Masculino,2012-1,2022,Dependiente,Explotación de minas y canteras,2,2,,"100,0%",NaN
2728-Fundación Universitaria del Área Andina,9794-ESPECIALIZACION EN GESTION AMBIENTAL,Masculino,2012-1,2022,Dependiente,Otras actividades de servicios,13,13,,"100,0%",NaN
2728-Fundación Universitaria del Área Andina,9794-ESPECIALIZACION EN GESTION AMBIENTAL,Masculino,2012-1,2022,Dependiente,Transporte y almacenamiento,1,1,,"100,0%",NaN
2728-Fundación Universitaria del Área Andina,9794-ESPECIALIZACION EN GESTION AMBIENTAL,Masculino,2012-1,2022,Independiente,"Actividades profesionales, científicas y técnicas",3,3,,"100,0%",NaN
2728-Fundación Universitaria del Área Andina,9794-ESPECIALIZACION EN GESTION AMBIENTAL,Masculino,2012-1,2022,Independiente,Administración pública y defensa; planes de seguridad social de afiliación obligatoria,6,6,,"100,0%",NaN
2728-Fundación Universitaria del Área Andina,9794-ESPECIALIZACION EN GESTION AMBIENTAL,Masculino,2012-1,2022,Independiente,Comercio al por mayor y al por menor; reparación de vehículos automotores y motocicletas,2,2,,"100,0%",NaN
2728-Fundación Universitaria del Área Andina,9794-ESPECIALIZACION EN GESTION AMBIENTAL,Masculino,2012-1,2022,Independiente,Construccion,1,1,,"100,0%",NaN
2728-Fundación Universitaria del Área Andina,9794-ESPECIALIZACION EN GESTION AMBIENTAL,Masculino,2012-1,2022,No cotizante,SIN DATO,29,0,,"0,0%",NaN
2728-Fundación Universitaria del Área Andina,9794-ESPECIALIZACION EN GESTION AMBIENTAL,Masculino,2012-1,2023,Dependiente,Actividades de organizaciones y entidades extraterritoriales,5,5,,"100,0%",NaN
2728-Fundación Universitaria del Área Andina,9794-ESPECIALIZACION EN GESTION AMBIENTAL,Masculino,2012-1,2023,Dependiente,Actividades de servicios administrativos y de apoyo,17,17,,"100,0%",NaN
2728-Fundación Universitaria del Área Andina,9794-ESPECIALIZACION EN GESTION AMBIENTAL,Masculino,2012-1,2023,Dependiente,Actividades financieras y de seguros,2,2,,"100,0%",NaN
2728-Fundación Universitaria del Área Andina,9794-ESPECIALIZACION EN GESTION AMBIENTAL,Masculino,2012-1,2023,Dependiente,"Actividades profesionales, científicas y técnicas",4,4,,"100,0%",NaN
2728-Fundación Universitaria del Área Andina,9794-ESPECIALIZACION EN GESTION AMBIENTAL,Masculino,2012-1,2023,Dependiente,Administración pública y defensa; planes de seguridad social de afiliación obligatoria,89,89,,"100,0%",NaN
2728-Fundación Universitaria del Área Andina,9794-ESPECIALIZACION EN GESTION AMBIENTAL,Masculino,2012-1,2023,Dependiente,Construccion,5,5,,"100,0%",NaN
2728-Fundación Universitaria del Área Andina,9794-ESPECIALIZACION EN GESTION AMBIENTAL,Masculino,2012-1,2023,Dependiente,"Distribución de agua; evacuación y tratamiento de aguas residuales, gestión de desechos y actividades de saneamiento ambiental",2,2,,"100,0%",NaN
2728-Fundación Universitaria del Área Andina,9794-ESPECIALIZACION EN GESTION AMBIENTAL,Masculino,2012-1,2023,Dependiente,Educación,6,6,,"100,0%",NaN
2728-Fundación Universitaria del Área Andina,9794-ESPECIALIZACION EN GESTION AMBIENTAL,Masculino,2012-1,2023,Dependiente,Explotación de minas y canteras,1,1,,"100,0%",NaN
2728-Fundación Universitaria del Área Andina,9794-ESPECIALIZACION EN GESTION AMBIENTAL,Masculino,2012-1,2023,Dependiente,Otras actividades de servicios,2,2,,"100,0%",NaN
2728-Fundación Universitaria del Área Andina,9794-ESPECIALIZACION EN GESTION AMBIENTAL,Masculino,2012-1,2023,Dependiente,Transporte y almacenamiento,1,1,,"100,0%",NaN
2728-Fundación Universitaria del Área Andina,9794-ESPECIALIZACION EN GESTION AMBIENTAL,Masculino,2012-1,2023,Independiente,"Actividades profesionales, científicas y técnicas",2,2,,"100,0%",NaN
2728-Fundación Universitaria del Área Andina,9794-ESPECIALIZACION EN GESTION AMBIENTAL,Masculino,2012-1,2023,Independiente,Administración pública y defensa; planes de seguridad social de afiliación obligatoria,5,5,,"100,0%",NaN
2728-Fundación Universitaria del Área Andina,9794-ESPECIALIZACION EN GESTION AMBIENTAL,Masculino,2012-1,2023,Independiente,Comercio al por mayor y al por menor; reparación de vehículos automotores y motocicletas,1,1,,"100,0%",NaN
2728-Fundación Universitaria del Área Andina,9794-ESPECIALIZACION EN GESTION AMBIENTAL,Masculino,2012-1,2023,No cotizante,SIN DATO,31,0,,"0,0%",NaN
2725-Politécnico Grancolombiano,53632-CONTADURIA PUBLICA,Femenino,2012-1,2016,Dependiente,Actividades de servicios administrativos y de apoyo,1,1,,"100,0%",$1.462.000
2725-Politécnico Grancolombiano,53632-CONTADURIA PUBLICA,Femenino,2012-1,2017,Dependiente,"Actividades artísticas, de entretenimiento y recreación",1,1,,"100,0%",NaN
2725-Politécnico Grancolombiano,53632-CONTADURIA PUBLICA,Femenino,2012-1,2018,Dependiente,"Actividades artísticas, de entretenimiento y recreación",1,1,,"100,0%",NaN
2725-Politécnico Grancolombiano,53632-CONTADURIA PUBLICA,Femenino,2012-1,2019,Dependiente,"Actividades artísticas, de entretenimiento y recreación",1,1,,"100,0%",NaN
2725-Politécnico Grancolombiano,53632-CONTADURIA PUBLICA,Femenino,2012-1,2020,Dependiente,"Actividades artísticas, de entretenimiento y recreación",1,1,,"100,0%",NaN
2725-Politécnico Grancolombiano,53632-CONTADURIA PUBLICA,Femenino,2012-1,2021,Dependiente,"Actividades artísticas, de entretenimiento y recreación",1,1,,"100,0%",NaN
2725-Politécnico Grancolombiano,53632-CONTADURIA PUBLICA,Femenino,2012-1,2022,Dependiente,"Actividades artísticas, de entretenimiento y recreación",1,1,,"100,0%",NaN
2725-Politécnico Grancolombiano,53632-CONTADURIA PUBLICA,Femenino,2012-1,2023,Dependiente,"Actividades artísticas, de entretenimiento y recreación",1,1,,"100,0%",NaN
2725-Politécnico Grancolombiano,54908-ESPECIALIZACION EN GERENCIA DE FINANZAS,Femenino,2012-1,2016,Dependiente,Comercio al por mayor y al por menor; reparación de vehículos automotores y motocicletas,1,1,,"100,0%",$2.274.000
2725-Politécnico Grancolombiano,54908-ESPECIALIZACION EN GERENCIA DE FINANZAS,Femenino,2012-1,2016,Independiente,"Actividades profesionales, científicas y técnicas",2,2,,"100,0%",NaN
2725-Politécnico Grancolombiano,54908-ESPECIALIZACION EN GERENCIA DE FINANZAS,Femenino,2012-1,2016,Independiente,Construccion,1,1,,"100,0%",NaN
2725-Politécnico Grancolombiano,54908-ESPECIALIZACION EN GERENCIA DE FINANZAS,Femenino,2012-1,2017,Dependiente,Comercio al por mayor y al por menor; reparación de vehículos automotores y motocicletas,1,1,,"100,0%",NaN
2725-Politécnico Grancolombiano,54908-ESPECIALIZACION EN GERENCIA DE FINANZAS,Femenino,2012-1,2017,Independiente,"Actividades profesionales, científicas y técnicas",3,3,,"100,0%",NaN
2725-Politécnico Grancolombiano,54908-ESPECIALIZACION EN GERENCIA DE FINANZAS,Femenino,2012-1,2018,Dependiente,Comercio al por mayor y al por menor; reparación de vehículos automotores y motocicletas,1,1,,"100,0%",NaN
2725-Politécnico Grancolombiano,54908-ESPECIALIZACION EN GERENCIA DE FINANZAS,Femenino,2012-1,2018,Independiente,"Actividades profesionales, científicas y técnicas",2,2,,"100,0%",NaN
2725-Politécnico Grancolombiano,54908-ESPECIALIZACION EN GERENCIA DE FINANZAS,Femenino,2012-1,2018,No cotizante,Sin información,1,0,,"0,0%",NaN
2725-Politécnico Grancolombiano,54908-ESPECIALIZACION EN GERENCIA DE FINANZAS,Femenino,2012-1,2019,Dependiente,Comercio al por mayor y al por menor; reparación de vehículos automotores y motocicletas,1,1,,"100,0%",NaN
2725-Politécnico Grancolombiano,54908-ESPECIALIZACION EN GERENCIA DE FINANZAS,Femenino,2012-1,2019,Independiente,"Actividades profesionales, científicas y técnicas",2,2,,"100,0%",NaN
2725-Politécnico Grancolombiano,54908-ESPECIALIZACION EN GERENCIA DE FINANZAS,Femenino,2012-1,2019,No cotizante,Sin información,1,0,,"0,0%",NaN
2725-Politécnico Grancolombiano,54908-ESPECIALIZACION EN GERENCIA DE FINANZAS,Femenino,2012-1,2020,Independiente,"Actividades profesionales, científicas y técnicas",3,3,,"100,0%",NaN
2725-Politécnico Grancolombiano,54908-ESPECIALIZACION EN GERENCIA DE FINANZAS,Femenino,2012-1,2020,No cotizante,Sin información,1,0,,"0,0%",NaN
2725-Politécnico Grancolombiano,54908-ESPECIALIZACION EN GERENCIA DE FINANZAS,Femenino,2012-1,2021,Independiente,"Actividades profesionales, científicas y técnicas",3,3,,"100,0%",NaN
2725-Politécnico Grancolombiano,54908-ESPECIALIZACION EN GERENCIA DE FINANZAS,Femenino,2012-1,2021,No cotizante,Sin información,1,0,,"0,0%",NaN
2725-Politécnico Grancolombiano,54908-ESPECIALIZACION EN GERENCIA DE FINANZAS,Femenino,2012-1,2022,Independiente,"Actividades profesionales, científicas y técnicas",3,3,,"100,0%",NaN
2725-Politécnico Grancolombiano,54908-ESPECIALIZACION EN GERENCIA DE FINANZAS,Femenino,2012-1,2022,No cotizante,SIN DATO,1,0,,"0,0%",NaN
2725-Politécnico Grancolombiano,54908-ESPECIALIZACION EN GERENCIA DE FINANZAS,Femenino,2012-1,2023,Dependiente,Actividades financieras y de seguros,1,1,,"100,0%",NaN
2725-Politécnico Grancolombiano,54908-ESPECIALIZACION EN GERENCIA DE FINANZAS,Femenino,2012-1,2023,Independiente,"Actividades profesionales, científicas y técnicas",2,2,,"100,0%",NaN
2725-Politécnico Grancolombiano,54908-ESPECIALIZACION EN GERENCIA DE FINANZAS,Masculino,2012-1,2016,Dependiente,Actividades de servicios administrativos y de apoyo,1,1,,"100,0%",$10.500.000
2725-Politécnico Grancolombiano,54908-ESPECIALIZACION EN GERENCIA DE FINANZAS,Masculino,2012-1,2016,Dependiente,Actividades financieras y de seguros,2,2,,"100,0%",$6.002.000
2725-Politécnico Grancolombiano,54908-ESPECIALIZACION EN GERENCIA DE FINANZAS,Masculino,2012-1,2016,Dependiente,"Actividades profesionales, científicas y técnicas",1,1,,"100,0%",$5.175.000
2725-Politécnico Grancolombiano,54908-ESPECIALIZACION EN GERENCIA DE FINANZAS,Masculino,2012-1,2016,Dependiente,Comercio al por mayor y al por menor; reparación de vehículos automotores y motocicletas,2,2,,"100,0%",$3.355.000
2725-Politécnico Grancolombiano,54908-ESPECIALIZACION EN GERENCIA DE FINANZAS,Masculino,2012-1,2016,Dependiente,Educación,1,1,,"100,0%",$2.795.000
2725-Politécnico Grancolombiano,54908-ESPECIALIZACION EN GERENCIA DE FINANZAS,Masculino,2012-1,2016,Independiente,"Actividades profesionales, científicas y técnicas",1,1,,"100,0%",NaN
2725-Politécnico Grancolombiano,54908-ESPECIALIZACION EN GERENCIA DE FINANZAS,Masculino,2012-1,2016,Independiente,Construccion,1,1,,"100,0%",NaN
2725-Politécnico Grancolombiano,54908-ESPECIALIZACION EN GERENCIA DE FINANZAS,Masculino,2012-1,2017,Dependiente,Actividades de servicios administrativos y de apoyo,2,2,,"100,0%",NaN
2725-Politécnico Grancolombiano,54908-ESPECIALIZACION EN GERENCIA DE FINANZAS,Masculino,2012-1,2017,Dependiente,Comercio al por mayor y al por menor; reparación de vehículos automotores y motocicletas,2,2,,"100,0%",NaN
2725-Politécnico Grancolombiano,54908-ESPECIALIZACION EN GERENCIA DE FINANZAS,Masculino,2012-1,2017,Dependiente,Educación,1,1,,"100,0%",NaN
2725-Politécnico Grancolombiano,54908-ESPECIALIZACION EN GERENCIA DE FINANZAS,Masculino,2012-1,2017,Dependiente,Sin información,2,2,,"100,0%",NaN
2725-Politécnico Grancolombiano,54908-ESPECIALIZACION EN GERENCIA DE FINANZAS,Masculino,2012-1,2017,Independiente,"Actividades profesionales, científicas y técnicas",2,2,,"100,0%",NaN
2725-Politécnico Grancolombiano,54908-ESPECIALIZACION EN GERENCIA DE FINANZAS,Masculino,2012-1,2018,Dependiente,Actividades de servicios administrativos y de apoyo,2,2,,"100,0%",NaN
2725-Politécnico Grancolombiano,54908-ESPECIALIZACION EN GERENCIA DE FINANZAS,Masculino,2012-1,2018,Dependiente,Comercio al por mayor y al por menor; reparación de vehículos automotores y motocicletas,2,2,,"100,0%",NaN
2725-Politécnico Grancolombiano,54908-ESPECIALIZACION EN GERENCIA DE FINANZAS,Masculino,2012-1,2018,Dependiente,Educación,1,1,,"100,0%",NaN
2725-Politécnico Grancolombiano,54908-ESPECIALIZACION EN GERENCIA DE FINANZAS,Masculino,2012-1,2018,Dependiente,Sin información,2,2,,"100,0%",NaN
2725-Politécnico Grancolombiano,54908-ESPECIALIZACION EN GERENCIA DE FINANZAS,Masculino,2012-1,2018,Independiente,"Actividades profesionales, científicas y técnicas",2,2,,"100,0%",NaN
2725-Politécnico Grancolombiano,54908-ESPECIALIZACION EN GERENCIA DE FINANZAS,Masculino,2012-1,2019,Dependiente,Actividades de servicios administrativos y de apoyo,1,1,,"100,0%",NaN
2725-Politécnico Grancolombiano,54908-ESPECIALIZACION EN GERENCIA DE FINANZAS,Masculino,2012-1,2019,Dependiente,Administración pública y defensa; planes de seguridad social de afiliación obligatoria,1,1,,"100,0%",NaN
2725-Politécnico Grancolombiano,54908-ESPECIALIZACION EN GERENCIA DE FINANZAS,Masculino,2012-1,2019,Dependiente,Comercio al por mayor y al por menor; reparación de vehículos automotores y motocicletas,2,2,,"100,0%",NaN
2725-Politécnico Grancolombiano,54908-ESPECIALIZACION EN GERENCIA DE FINANZAS,Masculino,2012-1,2019,Dependiente,Educación,2,2,,"100,0%",NaN
2725-Politécnico Grancolombiano,54908-ESPECIALIZACION EN GERENCIA DE FINANZAS,Masculino,2012-1,2019,Independiente,"Actividades profesionales, científicas y técnicas",2,2,,"100,0%",NaN
2725-Politécnico Grancolombiano,54908-ESPECIALIZACION EN GERENCIA DE FINANZAS,Masculino,2012-1,2019,Independiente,Información y comunicaciones,1,1,,"100,0%",NaN
2725-Politécnico Grancolombiano,54908-ESPECIALIZACION EN GERENCIA DE FINANZAS,Masculino,2012-1,2020,Dependiente,Actividades de servicios administrativos y de apoyo,1,1,,"100,0%",NaN
2725-Politécnico Grancolombiano,54908-ESPECIALIZACION EN GERENCIA DE FINANZAS,Masculino,2012-1,2020,Dependiente,"Actividades profesionales, científicas y técnicas",1,1,,"100,0%",NaN
2725-Politécnico Grancolombiano,54908-ESPECIALIZACION EN GERENCIA DE FINANZAS,Masculino,2012-1,2020,Dependiente,Administración pública y defensa; planes de seguridad social de afiliación obligatoria,1,1,,"100,0%",NaN
2725-Politécnico Grancolombiano,54908-ESPECIALIZACION EN GERENCIA DE FINANZAS,Masculino,2012-1,2020,Dependiente,Comercio al por mayor y al por menor; reparación de vehículos automotores y motocicletas,2,2,,"100,0%",NaN
2725-Politécnico Grancolombiano,54908-ESPECIALIZACION EN GERENCIA DE FINANZAS,Masculino,2012-1,2020,Dependiente,Educación,1,1,,"100,0%",NaN
2725-Politécnico Grancolombiano,54908-ESPECIALIZACION EN GERENCIA DE FINANZAS,Masculino,2012-1,2020,Independiente,Actividades de servicios administrativos y de apoyo,1,1,,"100,0%",NaN
2725-Politécnico Grancolombiano,54908-ESPECIALIZACION EN GERENCIA DE FINANZAS,Masculino,2012-1,2020,Independiente,"Actividades profesionales, científicas y técnicas",1,1,,"100,0%",NaN
2725-Politécnico Grancolombiano,54908-ESPECIALIZACION EN GERENCIA DE FINANZAS,Masculino,2012-1,2021,Dependiente,Actividades de servicios administrativos y de apoyo,1,1,,"100,0%",NaN
2725-Politécnico Grancolombiano,54908-ESPECIALIZACION EN GERENCIA DE FINANZAS,Masculino,2012-1,2021,Dependiente,"Actividades profesionales, científicas y técnicas",1,1,,"100,0%",NaN
2725-Politécnico Grancolombiano,54908-ESPECIALIZACION EN GERENCIA DE FINANZAS,Masculino,2012-1,2021,Dependiente,Administración pública y defensa; planes de seguridad social de afiliación obligatoria,1,1,,"100,0%",NaN
2725-Politécnico Grancolombiano,54908-ESPECIALIZACION EN GERENCIA DE FINANZAS,Masculino,2012-1,2021,Dependiente,Comercio al por mayor y al por menor; reparación de vehículos automotores y motocicletas,2,2,,"100,0%",NaN
2725-Politécnico Grancolombiano,54908-ESPECIALIZACION EN GERENCIA DE FINANZAS,Masculino,2012-1,2021,Dependiente,Educación,1,1,,"100,0%",NaN
2725-Politécnico Grancolombiano,54908-ESPECIALIZACION EN GERENCIA DE FINANZAS,Masculino,2012-1,2021,Independiente,Actividades de servicios administrativos y de apoyo,1,1,,"100,0%",NaN
2725-Politécnico Grancolombiano,54908-ESPECIALIZACION EN GERENCIA DE FINANZAS,Masculino,2012-1,2021,Independiente,"Actividades profesionales, científicas y técnicas",1,1,,"100,0%",NaN
2725-Politécnico Grancolombiano,54908-ESPECIALIZACION EN GERENCIA DE FINANZAS,Masculino,2012-1,2022,Dependiente,Actividades de servicios administrativos y de apoyo,2,2,,"100,0%",NaN
2725-Politécnico Grancolombiano,54908-ESPECIALIZACION EN GERENCIA DE FINANZAS,Masculino,2012-1,2022,Dependiente,Administración pública y defensa; planes de seguridad social de afiliación obligatoria,1,1,,"100,0%",NaN
2725-Politécnico Grancolombiano,54908-ESPECIALIZACION EN GERENCIA DE FINANZAS,Masculino,2012-1,2022,Dependiente,Comercio al por mayor y al por menor; reparación de vehículos automotores y motocicletas,2,2,,"100,0%",NaN
2725-Politécnico Grancolombiano,54908-ESPECIALIZACION EN GERENCIA DE FINANZAS,Masculino,2012-1,2022,Dependiente,Educación,1,1,,"100,0%",NaN
2725-Politécnico Grancolombiano,54908-ESPECIALIZACION EN GERENCIA DE FINANZAS,Masculino,2012-1,2022,Independiente,Actividades de servicios administrativos y de apoyo,1,1,,"100,0%",NaN
2725-Politécnico Grancolombiano,54908-ESPECIALIZACION EN GERENCIA DE FINANZAS,Masculino,2012-1,2022,Independiente,"Actividades profesionales, científicas y técnicas",1,1,,"100,0%",NaN
2725-Politécnico Grancolombiano,54908-ESPECIALIZACION EN GERENCIA DE FINANZAS,Masculino,2012-1,2023,Dependiente,"Actividades profesionales, científicas y técnicas",1,1,,"100,0%",NaN
2725-Politécnico Grancolombiano,54908-ESPECIALIZACION EN GERENCIA DE FINANZAS,Masculino,2012-1,2023,Dependiente,Administración pública y defensa; planes de seguridad social de afiliación obligatoria,1,1,,"100,0%",NaN
2725-Politécnico Grancolombiano,54908-ESPECIALIZACION EN GERENCIA DE FINANZAS,Masculino,2012-1,2023,Dependiente,Comercio al por mayor y al por menor; reparación de vehículos automotores y motocicletas,2,2,,"100,0%",NaN
2725-Politécnico Grancolombiano,54908-ESPECIALIZACION EN GERENCIA DE FINANZAS,Masculino,2012-1,2023,Dependiente,Educación,1,1,,"100,0%",NaN
2725-Politécnico Grancolombiano,54908-ESPECIALIZACION EN GERENCIA DE FINANZAS,Masculino,2012-1,2023,Independiente,Actividades de los hogares individuales en calidad de empleadores; actividades no diferenciadas de los hogares individuales como productores de bienes y servicios para uso propio,1,1,,"100,0%",NaN
2725-Politécnico Grancolombiano,54908-ESPECIALIZACION EN GERENCIA DE FINANZAS,Masculino,2012-1,2023,Independiente,Actividades de servicios administrativos y de apoyo,1,1,,"100,0%",NaN
2725-Politécnico Grancolombiano,54908-ESPECIALIZACION EN GERENCIA DE FINANZAS,Masculino,2012-1,2023,Independiente,"Actividades profesionales, científicas y técnicas",1,1,,"100,0%",NaN
2725-Politécnico Grancolombiano,54768-ESPECIALIZACION EN GERENCIA DE MERCADEO,Femenino,2012-1,2016,Dependiente,Comercio al por mayor y al por menor; reparación de vehículos automotores y motocicletas,1,1,,"100,0%",$8.487.000
2725-Politécnico Grancolombiano,54768-ESPECIALIZACION EN GERENCIA DE MERCADEO,Femenino,2012-1,2016,Dependiente,Sin información,1,1,,"100,0%",$5.434.000
2725-Politécnico Grancolombiano,54768-ESPECIALIZACION EN GERENCIA DE MERCADEO,Femenino,2012-1,2016,Independiente,Explotación de minas y canteras,1,1,,"100,0%",NaN
2725-Politécnico Grancolombiano,54768-ESPECIALIZACION EN GERENCIA DE MERCADEO,Femenino,2012-1,2016,Independiente,Sin información,1,1,,"100,0%",NaN
2725-Politécnico Grancolombiano,54768-ESPECIALIZACION EN GERENCIA DE MERCADEO,Femenino,2012-1,2017,Dependiente,Comercio al por mayor y al por menor; reparación de vehículos automotores y motocicletas,1,1,,"100,0%",NaN
2725-Politécnico Grancolombiano,54768-ESPECIALIZACION EN GERENCIA DE MERCADEO,Femenino,2012-1,2017,Dependiente,Sin información,1,1,,"100,0%",NaN
2725-Politécnico Grancolombiano,54768-ESPECIALIZACION EN GERENCIA DE MERCADEO,Femenino,2012-1,2017,Independiente,"Actividades profesionales, científicas y técnicas",2,2,,"100,0%",NaN
2725-Politécnico Grancolombiano,54768-ESPECIALIZACION EN GERENCIA DE MERCADEO,Femenino,2012-1,2018,Dependiente,Comercio al por mayor y al por menor; reparación de vehículos automotores y motocicletas,1,1,,"100,0%",NaN
2725-Politécnico Grancolombiano,54768-ESPECIALIZACION EN GERENCIA DE MERCADEO,Femenino,2012-1,2018,Dependiente,Sin información,1,1,,"100,0%",NaN
2725-Politécnico Grancolombiano,54768-ESPECIALIZACION EN GERENCIA DE MERCADEO,Femenino,2012-1,2018,Independiente,"Actividades profesionales, científicas y técnicas",2,2,,"100,0%",NaN
2725-Politécnico Grancolombiano,54768-ESPECIALIZACION EN GERENCIA DE MERCADEO,Femenino,2012-1,2019,Dependiente,"Actividades profesionales, científicas y técnicas",1,1,,"100,0%",NaN
2725-Politécnico Grancolombiano,54768-ESPECIALIZACION EN GERENCIA DE MERCADEO,Femenino,2012-1,2019,Dependiente,Comercio al por mayor y al por menor; reparación de vehículos automotores y motocicletas,1,1,,"100,0%",NaN
2725-Politécnico Grancolombiano,54768-ESPECIALIZACION EN GERENCIA DE MERCADEO,Femenino,2012-1,2019,Independiente,"Actividades profesionales, científicas y técnicas",2,2,,"100,0%",NaN
2725-Politécnico Grancolombiano,54768-ESPECIALIZACION EN GERENCIA DE MERCADEO,Femenino,2012-1,2020,Dependiente,"Actividades profesionales, científicas y técnicas",1,1,,"100,0%",NaN
2725-Politécnico Grancolombiano,54768-ESPECIALIZACION EN GERENCIA DE MERCADEO,Femenino,2012-1,2020,Dependiente,Comercio al por mayor y al por menor; reparación de vehículos automotores y motocicletas,1,1,,"100,0%",NaN
2725-Politécnico Grancolombiano,54768-ESPECIALIZACION EN GERENCIA DE MERCADEO,Femenino,2012-1,2020,Independiente,"Actividades profesionales, científicas y técnicas",2,2,,"100,0%",NaN
2725-Politécnico Grancolombiano,54768-ESPECIALIZACION EN GERENCIA DE MERCADEO,Femenino,2012-1,2021,Dependiente,"Actividades profesionales, científicas y técnicas",1,1,,"100,0%",NaN
2725-Politécnico Grancolombiano,54768-ESPECIALIZACION EN GERENCIA DE MERCADEO,Femenino,2012-1,2021,Dependiente,Comercio al por mayor y al por menor; reparación de vehículos automotores y motocicletas,1,1,,"100,0%",NaN
2725-Politécnico Grancolombiano,54768-ESPECIALIZACION EN GERENCIA DE MERCADEO,Femenino,2012-1,2021,Independiente,"Actividades profesionales, científicas y técnicas",2,2,,"100,0%",NaN
2725-Politécnico Grancolombiano,54768-ESPECIALIZACION EN GERENCIA DE MERCADEO,Femenino,2012-1,2022,Dependiente,"Actividades profesionales, científicas y técnicas",1,1,,"100,0%",NaN
2725-Politécnico Grancolombiano,54768-ESPECIALIZACION EN GERENCIA DE MERCADEO,Femenino,2012-1,2022,Dependiente,Comercio al por mayor y al por menor; reparación de vehículos automotores y motocicletas,1,1,,"100,0%",NaN
2725-Politécnico Grancolombiano,54768-ESPECIALIZACION EN GERENCIA DE MERCADEO,Femenino,2012-1,2022,Independiente,"Actividades profesionales, científicas y técnicas",1,1,,"100,0%",NaN
2725-Politécnico Grancolombiano,54768-ESPECIALIZACION EN GERENCIA DE MERCADEO,Femenino,2012-1,2022,No cotizante,SIN DATO,1,0,,"0,0%",NaN
2725-Politécnico Grancolombiano,54768-ESPECIALIZACION EN GERENCIA DE MERCADEO,Femenino,2012-1,2023,Dependiente,Comercio al por mayor y al por menor; reparación de vehículos automotores y motocicletas,1,1,,"100,0%",NaN
2725-Politécnico Grancolombiano,54768-ESPECIALIZACION EN GERENCIA DE MERCADEO,Femenino,2012-1,2023,Independiente,"Actividades profesionales, científicas y técnicas",1,1,,"100,0%",NaN
2725-Politécnico Grancolombiano,54768-ESPECIALIZACION EN GERENCIA DE MERCADEO,Femenino,2012-1,2023,Independiente,Otras actividades de servicios,1,1,,"100,0%",NaN
2725-Politécnico Grancolombiano,54768-ESPECIALIZACION EN GERENCIA DE MERCADEO,Femenino,2012-1,2023,No cotizante,SIN DATO,1,0,,"0,0%",NaN
2725-Politécnico Grancolombiano,54768-ESPECIALIZACION EN GERENCIA DE MERCADEO,Masculino,2012-1,2016,Dependiente,Actividades financieras y de seguros,1,1,,"100,0%",$4.150.000
2725-Politécnico Grancolombiano,54768-ESPECIALIZACION EN GERENCIA DE MERCADEO,Masculino,2012-1,2016,Dependiente,Información y comunicaciones,1,1,,"100,0%",$3.821.000
2725-Politécnico Grancolombiano,54768-ESPECIALIZACION EN GERENCIA DE MERCADEO,Masculino,2012-1,2016,Independiente,Actividades financieras y de seguros,1,1,,"100,0%",NaN
2725-Politécnico Grancolombiano,54768-ESPECIALIZACION EN GERENCIA DE MERCADEO,Masculino,2012-1,2016,Independiente,Educación,1,1,,"100,0%",NaN
2725-Politécnico Grancolombiano,54768-ESPECIALIZACION EN GERENCIA DE MERCADEO,Masculino,2012-1,2016,Independiente,Sin información,1,1,,"100,0%",NaN
2725-Politécnico Grancolombiano,54768-ESPECIALIZACION EN GERENCIA DE MERCADEO,Masculino,2012-1,2017,Dependiente,Actividades financieras y de seguros,1,1,,"100,0%",NaN
2725-Politécnico Grancolombiano,54768-ESPECIALIZACION EN GERENCIA DE MERCADEO,Masculino,2012-1,2017,Dependiente,Educación,1,1,,"100,0%",NaN
2725-Politécnico Grancolombiano,54768-ESPECIALIZACION EN GERENCIA DE MERCADEO,Masculino,2012-1,2017,Dependiente,Sin información,1,1,,"100,0%",NaN
2725-Politécnico Grancolombiano,54768-ESPECIALIZACION EN GERENCIA DE MERCADEO,Masculino,2012-1,2017,Independiente,Actividades financieras y de seguros,1,1,,"100,0%",NaN
2725-Politécnico Grancolombiano,54768-ESPECIALIZACION EN GERENCIA DE MERCADEO,Masculino,2012-1,2017,Independiente,Sin información,1,1,,"100,0%",NaN
2725-Politécnico Grancolombiano,54768-ESPECIALIZACION EN GERENCIA DE MERCADEO,Masculino,2012-1,2018,Dependiente,Educación,1,1,,"100,0%",NaN
2725-Politécnico Grancolombiano,54768-ESPECIALIZACION EN GERENCIA DE MERCADEO,Masculino,2012-1,2018,Dependiente,Sin información,2,2,,"100,0%",NaN
2725-Politécnico Grancolombiano,54768-ESPECIALIZACION EN GERENCIA DE MERCADEO,Masculino,2012-1,2018,Independiente,Actividades financieras y de seguros,1,1,,"100,0%",NaN
2725-Politécnico Grancolombiano,54768-ESPECIALIZACION EN GERENCIA DE MERCADEO,Masculino,2012-1,2018,Independiente,Sin información,1,1,,"100,0%",NaN
2725-Politécnico Grancolombiano,54768-ESPECIALIZACION EN GERENCIA DE MERCADEO,Masculino,2012-1,2019,Dependiente,Actividades financieras y de seguros,1,1,,"100,0%",NaN
2725-Politécnico Grancolombiano,54768-ESPECIALIZACION EN GERENCIA DE MERCADEO,Masculino,2012-1,2019,Dependiente,Educación,1,1,,"100,0%",NaN
2725-Politécnico Grancolombiano,54768-ESPECIALIZACION EN GERENCIA DE MERCADEO,Masculino,2012-1,2019,Independiente,Actividades financieras y de seguros,1,1,,"100,0%",NaN
2725-Politécnico Grancolombiano,54768-ESPECIALIZACION EN GERENCIA DE MERCADEO,Masculino,2012-1,2019,Independiente,Administración pública y defensa; planes de seguridad social de afiliación obligatoria,1,1,,"100,0%",NaN
2725-Politécnico Grancolombiano,54768-ESPECIALIZACION EN GERENCIA DE MERCADEO,Masculino,2012-1,2020,Dependiente,Actividades financieras y de seguros,1,1,,"100,0%",NaN
2725-Politécnico Grancolombiano,54768-ESPECIALIZACION EN GERENCIA DE MERCADEO,Masculino,2012-1,2020,Dependiente,Educación,1,1,,"100,0%",NaN
2725-Politécnico Grancolombiano,54768-ESPECIALIZACION EN GERENCIA DE MERCADEO,Masculino,2012-1,2020,Independiente,Actividades financieras y de seguros,1,1,,"100,0%",NaN
2725-Politécnico Grancolombiano,54768-ESPECIALIZACION EN GERENCIA DE MERCADEO,Masculino,2012-1,2020,Independiente,Administración pública y defensa; planes de seguridad social de afiliación obligatoria,1,1,,"100,0%",NaN
2725-Politécnico Grancolombiano,54768-ESPECIALIZACION EN GERENCIA DE MERCADEO,Masculino,2012-1,2021,Dependiente,"Actividades profesionales, científicas y técnicas",1,1,,"100,0%",NaN
2725-Politécnico Grancolombiano,54768-ESPECIALIZACION EN GERENCIA DE MERCADEO,Masculino,2012-1,2021,Independiente,Actividades financieras y de seguros,1,1,,"100,0%",NaN
2725-Politécnico Grancolombiano,54768-ESPECIALIZACION EN GERENCIA DE MERCADEO,Masculino,2012-1,2021,Independiente,Educación,1,1,,"100,0%",NaN
2725-Politécnico Grancolombiano,54768-ESPECIALIZACION EN GERENCIA DE MERCADEO,Masculino,2012-1,2022,Dependiente,"Actividades profesionales, científicas y técnicas",1,1,,"100,0%",NaN
2725-Politécnico Grancolombiano,54768-ESPECIALIZACION EN GERENCIA DE MERCADEO,Masculino,2012-1,2022,Independiente,Actividades financieras y de seguros,1,1,,"100,0%",NaN
2725-Politécnico Grancolombiano,54768-ESPECIALIZACION EN GERENCIA DE MERCADEO,Masculino,2012-1,2022,Independiente,Educación,1,1,,"100,0%",NaN
2725-Politécnico Grancolombiano,54768-ESPECIALIZACION EN GERENCIA DE MERCADEO,Masculino,2012-1,2023,Dependiente,Actividades financieras y de seguros,1,1,,"100,0%",NaN
2725-Politécnico Grancolombiano,54768-ESPECIALIZACION EN GERENCIA DE MERCADEO,Masculino,2012-1,2023,Independiente,Actividades financieras y de seguros,1,1,,"100,0%",NaN
2725-Politécnico Grancolombiano,54768-ESPECIALIZACION EN GERENCIA DE MERCADEO,Masculino,2012-1,2023,Independiente,Educación,1,1,,"100,0%",NaN
2725-Politécnico Grancolombiano,54885-ESPECIALIZACION EN GERENCIA DE PROYECTOS DE TELECOMUNICACIONES,Femenino,2012-1,2016,Dependiente,Información y comunicaciones,1,1,,"100,0%",$5.900.000
2725-Politécnico Grancolombiano,54885-ESPECIALIZACION EN GERENCIA DE PROYECTOS DE TELECOMUNICACIONES,Femenino,2012-1,2016,Dependiente,Transporte y almacenamiento,1,1,,"100,0%",$3.898.000
2725-Politécnico Grancolombiano,54885-ESPECIALIZACION EN GERENCIA DE PROYECTOS DE TELECOMUNICACIONES,Femenino,2012-1,2016,No cotizante,Sin información,1,0,,"0,0%",NaN
2725-Politécnico Grancolombiano,54885-ESPECIALIZACION EN GERENCIA DE PROYECTOS DE TELECOMUNICACIONES,Femenino,2012-1,2017,Dependiente,Información y comunicaciones,2,2,,"100,0%",NaN
2725-Politécnico Grancolombiano,54885-ESPECIALIZACION EN GERENCIA DE PROYECTOS DE TELECOMUNICACIONES,Femenino,2012-1,2017,No cotizante,Sin información,1,0,,"0,0%",NaN
2725-Politécnico Grancolombiano,54885-ESPECIALIZACION EN GERENCIA DE PROYECTOS DE TELECOMUNICACIONES,Femenino,2012-1,2018,Dependiente,Información y comunicaciones,2,2,,"100,0%",NaN
2725-Politécnico Grancolombiano,54885-ESPECIALIZACION EN GERENCIA DE PROYECTOS DE TELECOMUNICACIONES,Femenino,2012-1,2018,No cotizante,Sin información,1,0,,"0,0%",NaN
2725-Politécnico Grancolombiano,54885-ESPECIALIZACION EN GERENCIA DE PROYECTOS DE TELECOMUNICACIONES,Femenino,2012-1,2019,Dependiente,Información y comunicaciones,2,2,,"100,0%",NaN
2725-Politécnico Grancolombiano,54885-ESPECIALIZACION EN GERENCIA DE PROYECTOS DE TELECOMUNICACIONES,Femenino,2012-1,2019,No cotizante,Sin información,1,0,,"0,0%",NaN
2725-Politécnico Grancolombiano,54885-ESPECIALIZACION EN GERENCIA DE PROYECTOS DE TELECOMUNICACIONES,Femenino,2012-1,2020,Dependiente,Información y comunicaciones,2,2,,"100,0%",NaN
2725-Politécnico Grancolombiano,54885-ESPECIALIZACION EN GERENCIA DE PROYECTOS DE TELECOMUNICACIONES,Femenino,2012-1,2020,No cotizante,Sin información,2,0,,"0,0%",NaN
2725-Politécnico Grancolombiano,54885-ESPECIALIZACION EN GERENCIA DE PROYECTOS DE TELECOMUNICACIONES,Femenino,2012-1,2021,Dependiente,Información y comunicaciones,2,2,,"100,0%",NaN
2725-Politécnico Grancolombiano,54885-ESPECIALIZACION EN GERENCIA DE PROYECTOS DE TELECOMUNICACIONES,Femenino,2012-1,2021,No cotizante,Sin información,2,0,,"0,0%",NaN
2725-Politécnico Grancolombiano,54885-ESPECIALIZACION EN GERENCIA DE PROYECTOS DE TELECOMUNICACIONES,Femenino,2012-1,2022,Dependiente,Información y comunicaciones,2,2,,"100,0%",NaN
2725-Politécnico Grancolombiano,54885-ESPECIALIZACION EN GERENCIA DE PROYECTOS DE TELECOMUNICACIONES,Femenino,2012-1,2022,No cotizante,SIN DATO,1,0,,"0,0%",NaN
2725-Politécnico Grancolombiano,54885-ESPECIALIZACION EN GERENCIA DE PROYECTOS DE TELECOMUNICACIONES,Femenino,2012-1,2023,Dependiente,"Actividades profesionales, científicas y técnicas",1,1,,"100,0%",NaN
2725-Politécnico Grancolombiano,54885-ESPECIALIZACION EN GERENCIA DE PROYECTOS DE TELECOMUNICACIONES,Femenino,2012-1,2023,Dependiente,Información y comunicaciones,1,1,,"100,0%",NaN
2725-Politécnico Grancolombiano,54885-ESPECIALIZACION EN GERENCIA DE PROYECTOS DE TELECOMUNICACIONES,Femenino,2012-1,2023,No cotizante,SIN DATO,1,0,,"0,0%",NaN
2725-Politécnico Grancolombiano,54885-ESPECIALIZACION EN GERENCIA DE PROYECTOS DE TELECOMUNICACIONES,Masculino,2012-1,2016,Dependiente,Administración pública y defensa; planes de seguridad social de afiliación obligatoria,1,1,,"100,0%",$2.696.000
2725-Politécnico Grancolombiano,54885-ESPECIALIZACION EN GERENCIA DE PROYECTOS DE TELECOMUNICACIONES,Masculino,2012-1,2016,Dependiente,Comercio al por mayor y al por menor; reparación de vehículos automotores y motocicletas,1,1,,"100,0%",$690.000
2725-Politécnico Grancolombiano,54885-ESPECIALIZACION EN GERENCIA DE PROYECTOS DE TELECOMUNICACIONES,Masculino,2012-1,2016,Dependiente,Información y comunicaciones,2,2,,"100,0%",$4.050.500
2725-Politécnico Grancolombiano,54885-ESPECIALIZACION EN GERENCIA DE PROYECTOS DE TELECOMUNICACIONES,Masculino,2012-1,2016,Independiente,"Actividades profesionales, científicas y técnicas",1,1,,"100,0%",NaN
2725-Politécnico Grancolombiano,54885-ESPECIALIZACION EN GERENCIA DE PROYECTOS DE TELECOMUNICACIONES,Masculino,2012-1,2016,No cotizante,Sin información,2,0,,"0,0%",NaN
2725-Politécnico Grancolombiano,54885-ESPECIALIZACION EN GERENCIA DE PROYECTOS DE TELECOMUNICACIONES,Masculino,2012-1,2017,Dependiente,Actividades financieras y de seguros,1,1,,"100,0%",NaN
2725-Politécnico Grancolombiano,54885-ESPECIALIZACION EN GERENCIA DE PROYECTOS DE TELECOMUNICACIONES,Masculino,2012-1,2017,Dependiente,Administración pública y defensa; planes de seguridad social de afiliación obligatoria,1,1,,"100,0%",NaN
2725-Politécnico Grancolombiano,54885-ESPECIALIZACION EN GERENCIA DE PROYECTOS DE TELECOMUNICACIONES,Masculino,2012-1,2017,Dependiente,Comercio al por mayor y al por menor; reparación de vehículos automotores y motocicletas,1,1,,"100,0%",NaN
2725-Politécnico Grancolombiano,54885-ESPECIALIZACION EN GERENCIA DE PROYECTOS DE TELECOMUNICACIONES,Masculino,2012-1,2017,Dependiente,Información y comunicaciones,1,1,,"100,0%",NaN
2725-Politécnico Grancolombiano,54885-ESPECIALIZACION EN GERENCIA DE PROYECTOS DE TELECOMUNICACIONES,Masculino,2012-1,2017,Independiente,"Actividades profesionales, científicas y técnicas",1,1,,"100,0%",NaN
2725-Politécnico Grancolombiano,54885-ESPECIALIZACION EN GERENCIA DE PROYECTOS DE TELECOMUNICACIONES,Masculino,2012-1,2017,No cotizante,Sin información,2,0,,"0,0%",NaN
2725-Politécnico Grancolombiano,54885-ESPECIALIZACION EN GERENCIA DE PROYECTOS DE TELECOMUNICACIONES,Masculino,2012-1,2018,Dependiente,Actividades de servicios administrativos y de apoyo,1,1,,"100,0%",NaN
2725-Politécnico Grancolombiano,54885-ESPECIALIZACION EN GERENCIA DE PROYECTOS DE TELECOMUNICACIONES,Masculino,2012-1,2018,Dependiente,Actividades financieras y de seguros,1,1,,"100,0%",NaN
2725-Politécnico Grancolombiano,54885-ESPECIALIZACION EN GERENCIA DE PROYECTOS DE TELECOMUNICACIONES,Masculino,2012-1,2018,Dependiente,Administración pública y defensa; planes de seguridad social de afiliación obligatoria,1,1,,"100,0%",NaN
2725-Politécnico Grancolombiano,54885-ESPECIALIZACION EN GERENCIA DE PROYECTOS DE TELECOMUNICACIONES,Masculino,2012-1,2018,Dependiente,Información y comunicaciones,1,1,,"100,0%",NaN
2725-Politécnico Grancolombiano,54885-ESPECIALIZACION EN GERENCIA DE PROYECTOS DE TELECOMUNICACIONES,Masculino,2012-1,2018,Independiente,"Actividades profesionales, científicas y técnicas",1,1,,"100,0%",NaN
2725-Politécnico Grancolombiano,54885-ESPECIALIZACION EN GERENCIA DE PROYECTOS DE TELECOMUNICACIONES,Masculino,2012-1,2018,No cotizante,Sin información,2,0,,"0,0%",NaN
2725-Politécnico Grancolombiano,54885-ESPECIALIZACION EN GERENCIA DE PROYECTOS DE TELECOMUNICACIONES,Masculino,2012-1,2019,Dependiente,Actividades de servicios administrativos y de apoyo,1,1,,"100,0%",NaN
2725-Politécnico Grancolombiano,54885-ESPECIALIZACION EN GERENCIA DE PROYECTOS DE TELECOMUNICACIONES,Masculino,2012-1,2019,Dependiente,"Actividades profesionales, científicas y técnicas",1,1,,"100,0%",NaN
2725-Politécnico Grancolombiano,54885-ESPECIALIZACION EN GERENCIA DE PROYECTOS DE TELECOMUNICACIONES,Masculino,2012-1,2019,Dependiente,Administración pública y defensa; planes de seguridad social de afiliación obligatoria,1,1,,"100,0%",NaN
2725-Politécnico Grancolombiano,54885-ESPECIALIZACION EN GERENCIA DE PROYECTOS DE TELECOMUNICACIONES,Masculino,2012-1,2019,Dependiente,Información y comunicaciones,1,1,,"100,0%",NaN
2725-Politécnico Grancolombiano,54885-ESPECIALIZACION EN GERENCIA DE PROYECTOS DE TELECOMUNICACIONES,Masculino,2012-1,2019,Independiente,"Actividades profesionales, científicas y técnicas",1,1,,"100,0%",NaN
2725-Politécnico Grancolombiano,54885-ESPECIALIZACION EN GERENCIA DE PROYECTOS DE TELECOMUNICACIONES,Masculino,2012-1,2019,No cotizante,Sin información,2,0,,"0,0%",NaN
2725-Politécnico Grancolombiano,54885-ESPECIALIZACION EN GERENCIA DE PROYECTOS DE TELECOMUNICACIONES,Masculino,2012-1,2020,Dependiente,Actividades de servicios administrativos y de apoyo,1,1,,"100,0%",NaN
2725-Politécnico Grancolombiano,54885-ESPECIALIZACION EN GERENCIA DE PROYECTOS DE TELECOMUNICACIONES,Masculino,2012-1,2020,Dependiente,Administración pública y defensa; planes de seguridad social de afiliación obligatoria,2,2,,"100,0%",NaN
2725-Politécnico Grancolombiano,54885-ESPECIALIZACION EN GERENCIA DE PROYECTOS DE TELECOMUNICACIONES,Masculino,2012-1,2020,Dependiente,Información y comunicaciones,1,1,,"100,0%",NaN
2725-Politécnico Grancolombiano,54885-ESPECIALIZACION EN GERENCIA DE PROYECTOS DE TELECOMUNICACIONES,Masculino,2012-1,2020,Independiente,"Actividades profesionales, científicas y técnicas",1,1,,"100,0%",NaN
2725-Politécnico Grancolombiano,54885-ESPECIALIZACION EN GERENCIA DE PROYECTOS DE TELECOMUNICACIONES,Masculino,2012-1,2020,No cotizante,Sin información,1,0,,"0,0%",NaN
2725-Politécnico Grancolombiano,54885-ESPECIALIZACION EN GERENCIA DE PROYECTOS DE TELECOMUNICACIONES,Masculino,2012-1,2021,Dependiente,"Actividades profesionales, científicas y técnicas",1,1,,"100,0%",NaN
2725-Politécnico Grancolombiano,54885-ESPECIALIZACION EN GERENCIA DE PROYECTOS DE TELECOMUNICACIONES,Masculino,2012-1,2021,Dependiente,Administración pública y defensa; planes de seguridad social de afiliación obligatoria,2,2,,"100,0%",NaN
2725-Politécnico Grancolombiano,54885-ESPECIALIZACION EN GERENCIA DE PROYECTOS DE TELECOMUNICACIONES,Masculino,2012-1,2021,Dependiente,Información y comunicaciones,1,1,,"100,0%",NaN
2725-Politécnico Grancolombiano,54885-ESPECIALIZACION EN GERENCIA DE PROYECTOS DE TELECOMUNICACIONES,Masculino,2012-1,2021,Independiente,"Actividades profesionales, científicas y técnicas",1,1,,"100,0%",NaN
2725-Politécnico Grancolombiano,54885-ESPECIALIZACION EN GERENCIA DE PROYECTOS DE TELECOMUNICACIONES,Masculino,2012-1,2021,No cotizante,Sin información,1,0,,"0,0%",NaN
2725-Politécnico Grancolombiano,54885-ESPECIALIZACION EN GERENCIA DE PROYECTOS DE TELECOMUNICACIONES,Masculino,2012-1,2022,Dependiente,Administración pública y defensa; planes de seguridad social de afiliación obligatoria,1,1,,"100,0%",NaN
2725-Politécnico Grancolombiano,54885-ESPECIALIZACION EN GERENCIA DE PROYECTOS DE TELECOMUNICACIONES,Masculino,2012-1,2022,Dependiente,Información y comunicaciones,1,1,,"100,0%",NaN
2725-Politécnico Grancolombiano,54885-ESPECIALIZACION EN GERENCIA DE PROYECTOS DE TELECOMUNICACIONES,Masculino,2012-1,2022,Independiente,"Actividades profesionales, científicas y técnicas",2,2,,"100,0%",NaN
2725-Politécnico Grancolombiano,54885-ESPECIALIZACION EN GERENCIA DE PROYECTOS DE TELECOMUNICACIONES,Masculino,2012-1,2022,No cotizante,SIN DATO,1,0,,"0,0%",NaN
2725-Politécnico Grancolombiano,54885-ESPECIALIZACION EN GERENCIA DE PROYECTOS DE TELECOMUNICACIONES,Masculino,2012-1,2023,Dependiente,"Actividades profesionales, científicas y técnicas",1,1,,"100,0%",NaN
2725-Politécnico Grancolombiano,54885-ESPECIALIZACION EN GERENCIA DE PROYECTOS DE TELECOMUNICACIONES,Masculino,2012-1,2023,Dependiente,Administración pública y defensa; planes de seguridad social de afiliación obligatoria,1,1,,"100,0%",NaN
2725-Politécnico Grancolombiano,54885-ESPECIALIZACION EN GERENCIA DE PROYECTOS DE TELECOMUNICACIONES,Masculino,2012-1,2023,Dependiente,Información y comunicaciones,1,1,,"100,0%",NaN
2725-Politécnico Grancolombiano,54885-ESPECIALIZACION EN GERENCIA DE PROYECTOS DE TELECOMUNICACIONES,Masculino,2012-1,2023,No cotizante,SIN DATO,2,0,,"0,0%",NaN
2725-Politécnico Grancolombiano,55154-ESPECIALIZACION EN GERENCIA DE RIESGOS Y SEGUROS,Femenino,2012-1,2016,Dependiente,Actividades de servicios administrativos y de apoyo,1,1,,"100,0%",$5.922.000
2725-Politécnico Grancolombiano,55154-ESPECIALIZACION EN GERENCIA DE RIESGOS Y SEGUROS,Femenino,2012-1,2016,Dependiente,Actividades financieras y de seguros,1,1,,"100,0%",$2.435.000
2725-Politécnico Grancolombiano,55154-ESPECIALIZACION EN GERENCIA DE RIESGOS Y SEGUROS,Femenino,2012-1,2016,Dependiente,Sin información,1,1,,"100,0%",$3.616.000
2725-Politécnico Grancolombiano,55154-ESPECIALIZACION EN GERENCIA DE RIESGOS Y SEGUROS,Femenino,2012-1,2017,Dependiente,Actividades financieras y de seguros,2,2,,"100,0%",NaN
2725-Politécnico Grancolombiano,55154-ESPECIALIZACION EN GERENCIA DE RIESGOS Y SEGUROS,Femenino,2012-1,2017,Dependiente,"Actividades profesionales, científicas y técnicas",1,1,,"100,0%",NaN
2725-Politécnico Grancolombiano,55154-ESPECIALIZACION EN GERENCIA DE RIESGOS Y SEGUROS,Femenino,2012-1,2018,Dependiente,Actividades de servicios administrativos y de apoyo,1,1,,"100,0%",NaN
2725-Politécnico Grancolombiano,55154-ESPECIALIZACION EN GERENCIA DE RIESGOS Y SEGUROS,Femenino,2012-1,2018,Dependiente,Actividades financieras y de seguros,2,2,,"100,0%",NaN
2725-Politécnico Grancolombiano,55154-ESPECIALIZACION EN GERENCIA DE RIESGOS Y SEGUROS,Femenino,2012-1,2019,Dependiente,Actividades financieras y de seguros,1,1,,"100,0%",NaN
2725-Politécnico Grancolombiano,55154-ESPECIALIZACION EN GERENCIA DE RIESGOS Y SEGUROS,Femenino,2012-1,2019,Dependiente,"Actividades profesionales, científicas y técnicas",1,1,,"100,0%",NaN
2725-Politécnico Grancolombiano,55154-ESPECIALIZACION EN GERENCIA DE RIESGOS Y SEGUROS,Femenino,2012-1,2019,Dependiente,Administración pública y defensa; planes de seguridad social de afiliación obligatoria,1,1,,"100,0%",NaN
2725-Politécnico Grancolombiano,55154-ESPECIALIZACION EN GERENCIA DE RIESGOS Y SEGUROS,Femenino,2012-1,2020,Dependiente,Actividades de servicios administrativos y de apoyo,1,1,,"100,0%",NaN
2725-Politécnico Grancolombiano,55154-ESPECIALIZACION EN GERENCIA DE RIESGOS Y SEGUROS,Femenino,2012-1,2020,Dependiente,Actividades financieras y de seguros,1,1,,"100,0%",NaN
2725-Politécnico Grancolombiano,55154-ESPECIALIZACION EN GERENCIA DE RIESGOS Y SEGUROS,Femenino,2012-1,2020,Dependiente,"Actividades profesionales, científicas y técnicas",1,1,,"100,0%",NaN
2725-Politécnico Grancolombiano,55154-ESPECIALIZACION EN GERENCIA DE RIESGOS Y SEGUROS,Femenino,2012-1,2021,Dependiente,Actividades financieras y de seguros,1,1,,"100,0%",NaN
2725-Politécnico Grancolombiano,55154-ESPECIALIZACION EN GERENCIA DE RIESGOS Y SEGUROS,Femenino,2012-1,2021,Dependiente,"Actividades profesionales, científicas y técnicas",1,1,,"100,0%",NaN
2725-Politécnico Grancolombiano,55154-ESPECIALIZACION EN GERENCIA DE RIESGOS Y SEGUROS,Femenino,2012-1,2021,Dependiente,Administración pública y defensa; planes de seguridad social de afiliación obligatoria,1,1,,"100,0%",NaN
2725-Politécnico Grancolombiano,55154-ESPECIALIZACION EN GERENCIA DE RIESGOS Y SEGUROS,Femenino,2012-1,2022,Dependiente,Actividades financieras y de seguros,1,1,,"100,0%",NaN
2725-Politécnico Grancolombiano,55154-ESPECIALIZACION EN GERENCIA DE RIESGOS Y SEGUROS,Femenino,2012-1,2022,Dependiente,"Actividades profesionales, científicas y técnicas",1,1,,"100,0%",NaN
2725-Politécnico Grancolombiano,55154-ESPECIALIZACION EN GERENCIA DE RIESGOS Y SEGUROS,Femenino,2012-1,2022,Dependiente,Administración pública y defensa; planes de seguridad social de afiliación obligatoria,1,1,,"100,0%",NaN
2725-Politécnico Grancolombiano,55154-ESPECIALIZACION EN GERENCIA DE RIESGOS Y SEGUROS,Femenino,2012-1,2023,Dependiente,Actividades financieras y de seguros,2,2,,"100,0%",NaN
2725-Politécnico Grancolombiano,55154-ESPECIALIZACION EN GERENCIA DE RIESGOS Y SEGUROS,Femenino,2012-1,2023,Dependiente,"Actividades profesionales, científicas y técnicas",1,1,,"100,0%",NaN
2725-Politécnico Grancolombiano,55154-ESPECIALIZACION EN GERENCIA DE RIESGOS Y SEGUROS,Masculino,2012-1,2016,Dependiente,Actividades financieras y de seguros,1,1,,"100,0%",$4.876.000
2725-Politécnico Grancolombiano,55154-ESPECIALIZACION EN GERENCIA DE RIESGOS Y SEGUROS,Masculino,2012-1,2016,Independiente,Sin información,1,1,,"100,0%",NaN
2725-Politécnico Grancolombiano,55154-ESPECIALIZACION EN GERENCIA DE RIESGOS Y SEGUROS,Masculino,2012-1,2016,No cotizante,Sin información,1,0,,"0,0%",NaN
2725-Politécnico Grancolombiano,55154-ESPECIALIZACION EN GERENCIA DE RIESGOS Y SEGUROS,Masculino,2012-1,2017,Dependiente,Actividades financieras y de seguros,1,1,,"100,0%",NaN
2725-Politécnico Grancolombiano,55154-ESPECIALIZACION EN GERENCIA DE RIESGOS Y SEGUROS,Masculino,2012-1,2017,Independiente,Sin información,1,1,,"100,0%",NaN
2725-Politécnico Grancolombiano,55154-ESPECIALIZACION EN GERENCIA DE RIESGOS Y SEGUROS,Masculino,2012-1,2017,No cotizante,Sin información,1,0,,"0,0%",NaN
2725-Politécnico Grancolombiano,55154-ESPECIALIZACION EN GERENCIA DE RIESGOS Y SEGUROS,Masculino,2012-1,2018,Dependiente,Actividades financieras y de seguros,1,1,,"100,0%",NaN
2725-Politécnico Grancolombiano,55154-ESPECIALIZACION EN GERENCIA DE RIESGOS Y SEGUROS,Masculino,2012-1,2018,Independiente,Sin información,1,1,,"100,0%",NaN
2725-Politécnico Grancolombiano,55154-ESPECIALIZACION EN GERENCIA DE RIESGOS Y SEGUROS,Masculino,2012-1,2018,No cotizante,Sin información,1,0,,"0,0%",NaN
2725-Politécnico Grancolombiano,55154-ESPECIALIZACION EN GERENCIA DE RIESGOS Y SEGUROS,Masculino,2012-1,2019,Dependiente,Actividades financieras y de seguros,1,1,,"100,0%",NaN
2725-Politécnico Grancolombiano,55154-ESPECIALIZACION EN GERENCIA DE RIESGOS Y SEGUROS,Masculino,2012-1,2019,Independiente,Otras actividades de servicios,1,1,,"100,0%",NaN
2725-Politécnico Grancolombiano,55154-ESPECIALIZACION EN GERENCIA DE RIESGOS Y SEGUROS,Masculino,2012-1,2019,No cotizante,Sin información,1,0,,"0,0%",NaN
2725-Politécnico Grancolombiano,55154-ESPECIALIZACION EN GERENCIA DE RIESGOS Y SEGUROS,Masculino,2012-1,2020,Dependiente,Actividades financieras y de seguros,1,1,,"100,0%",NaN
2725-Politécnico Grancolombiano,55154-ESPECIALIZACION EN GERENCIA DE RIESGOS Y SEGUROS,Masculino,2012-1,2020,Independiente,Otras actividades de servicios,1,1,,"100,0%",NaN
2725-Politécnico Grancolombiano,55154-ESPECIALIZACION EN GERENCIA DE RIESGOS Y SEGUROS,Masculino,2012-1,2020,No cotizante,Sin información,1,0,,"0,0%",NaN
2725-Politécnico Grancolombiano,55154-ESPECIALIZACION EN GERENCIA DE RIESGOS Y SEGUROS,Masculino,2012-1,2021,Dependiente,Actividades financieras y de seguros,1,1,,"100,0%",NaN
2725-Politécnico Grancolombiano,55154-ESPECIALIZACION EN GERENCIA DE RIESGOS Y SEGUROS,Masculino,2012-1,2021,Independiente,Otras actividades de servicios,1,1,,"100,0%",NaN
2725-Politécnico Grancolombiano,55154-ESPECIALIZACION EN GERENCIA DE RIESGOS Y SEGUROS,Masculino,2012-1,2021,No cotizante,Sin información,1,0,,"0,0%",NaN
2725-Politécnico Grancolombiano,55154-ESPECIALIZACION EN GERENCIA DE RIESGOS Y SEGUROS,Masculino,2012-1,2022,Dependiente,Actividades financieras y de seguros,1,1,,"100,0%",NaN
2725-Politécnico Grancolombiano,55154-ESPECIALIZACION EN GERENCIA DE RIESGOS Y SEGUROS,Masculino,2012-1,2022,Independiente,Otras actividades de servicios,1,1,,"100,0%",NaN
2725-Politécnico Grancolombiano,55154-ESPECIALIZACION EN GERENCIA DE RIESGOS Y SEGUROS,Masculino,2012-1,2022,No cotizante,SIN DATO,1,0,,"0,0%",NaN
2725-Politécnico Grancolombiano,55154-ESPECIALIZACION EN GERENCIA DE RIESGOS Y SEGUROS,Masculino,2012-1,2023,Independiente,Otras actividades de servicios,1,1,,"100,0%",NaN
2725-Politécnico Grancolombiano,55154-ESPECIALIZACION EN GERENCIA DE RIESGOS Y SEGUROS,Masculino,2012-1,2023,No cotizante,SIN DATO,1,0,,"0,0%",NaN
2725-Politécnico Grancolombiano,54769-ESPECIALIZACION EN GESTION EMPRESARIAL,Masculino,2012-1,2016,Dependiente,Explotación de minas y canteras,1,1,,"100,0%",$4.623.000
2725-Politécnico Grancolombiano,54769-ESPECIALIZACION EN GESTION EMPRESARIAL,Masculino,2012-1,2016,Dependiente,Información y comunicaciones,1,1,,"100,0%",$2.811.000
2725-Politécnico Grancolombiano,54769-ESPECIALIZACION EN GESTION EMPRESARIAL,Masculino,2012-1,2017,Dependiente,"Actividades profesionales, científicas y técnicas",1,1,,"100,0%",NaN
2725-Politécnico Grancolombiano,54769-ESPECIALIZACION EN GESTION EMPRESARIAL,Masculino,2012-1,2017,Dependiente,Información y comunicaciones,1,1,,"100,0%",NaN
2725-Politécnico Grancolombiano,54769-ESPECIALIZACION EN GESTION EMPRESARIAL,Masculino,2012-1,2018,Dependiente,"Actividades profesionales, científicas y técnicas",1,1,,"100,0%",NaN
2725-Politécnico Grancolombiano,54769-ESPECIALIZACION EN GESTION EMPRESARIAL,Masculino,2012-1,2018,Dependiente,Información y comunicaciones,1,1,,"100,0%",NaN
2725-Politécnico Grancolombiano,54769-ESPECIALIZACION EN GESTION EMPRESARIAL,Masculino,2012-1,2019,Dependiente,"Actividades profesionales, científicas y técnicas",1,1,,"100,0%",NaN
2725-Politécnico Grancolombiano,54769-ESPECIALIZACION EN GESTION EMPRESARIAL,Masculino,2012-1,2019,Dependiente,Comercio al por mayor y al por menor; reparación de vehículos automotores y motocicletas,1,1,,"100,0%",NaN
2725-Politécnico Grancolombiano,54769-ESPECIALIZACION EN GESTION EMPRESARIAL,Masculino,2012-1,2020,Dependiente,"Actividades profesionales, científicas y técnicas",2,2,,"100,0%",NaN
2725-Politécnico Grancolombiano,54769-ESPECIALIZACION EN GESTION EMPRESARIAL,Masculino,2012-1,2021,Dependiente,Actividades de servicios administrativos y de apoyo,1,1,,"100,0%",NaN
2725-Politécnico Grancolombiano,54769-ESPECIALIZACION EN GESTION EMPRESARIAL,Masculino,2012-1,2021,Dependiente,"Actividades profesionales, científicas y técnicas",1,1,,"100,0%",NaN
2725-Politécnico Grancolombiano,54769-ESPECIALIZACION EN GESTION EMPRESARIAL,Masculino,2012-1,2022,Dependiente,"Agricultura, ganadería, caza, silvicultura y pesca",1,1,,"100,0%",NaN
2725-Politécnico Grancolombiano,54769-ESPECIALIZACION EN GESTION EMPRESARIAL,Masculino,2012-1,2022,Dependiente,Explotación de minas y canteras,1,1,,"100,0%",NaN
2725-Politécnico Grancolombiano,54769-ESPECIALIZACION EN GESTION EMPRESARIAL,Masculino,2012-1,2023,Dependiente,Explotación de minas y canteras,1,1,,"100,0%",NaN
2725-Politécnico Grancolombiano,54769-ESPECIALIZACION EN GESTION EMPRESARIAL,Masculino,2012-1,2023,Dependiente,Información y comunicaciones,1,1,,"100,0%",NaN
2725-Politécnico Grancolombiano,101389-INGENIERIA INDUSTRIAL,Femenino,2012-1,2020,No cotizante,Sin información,1,0,,"0,0%",NaN
2725-Politécnico Grancolombiano,101389-INGENIERIA INDUSTRIAL,Femenino,2012-1,2021,No cotizante,Sin información,1,0,,"0,0%",NaN
2725-Politécnico Grancolombiano,101389-INGENIERIA INDUSTRIAL,Femenino,2012-1,2022,No cotizante,SIN DATO,1,0,,"0,0%",NaN
2725-Politécnico Grancolombiano,101389-INGENIERIA INDUSTRIAL,Femenino,2012-1,2023,No cotizante,SIN DATO,1,0,,"0,0%",NaN
2725-Politécnico Grancolombiano,53204-TECNOLOGIA EN GESTION DE MERCADEO,Femenino,2012-1,2016,Dependiente,Actividades de atención de la salud humana y de asistencia social,1,1,,"100,0%",$2.426.000
2725-Politécnico Grancolombiano,53204-TECNOLOGIA EN GESTION DE MERCADEO,Femenino,2012-1,2016,Dependiente,Actividades financieras y de seguros,3,3,,"100,0%",$3.767.333
2725-Politécnico Grancolombiano,53204-TECNOLOGIA EN GESTION DE MERCADEO,Femenino,2012-1,2016,Dependiente,Comercio al por mayor y al por menor; reparación de vehículos automotores y motocicletas,1,1,,"100,0%",$1.100.000
2725-Politécnico Grancolombiano,53204-TECNOLOGIA EN GESTION DE MERCADEO,Femenino,2012-1,2016,Independiente,Información y comunicaciones,1,1,,"100,0%",NaN
2725-Politécnico Grancolombiano,53204-TECNOLOGIA EN GESTION DE MERCADEO,Femenino,2012-1,2016,Independiente,Sin información,1,1,,"100,0%",NaN
2725-Politécnico Grancolombiano,53204-TECNOLOGIA EN GESTION DE MERCADEO,Femenino,2012-1,2016,No cotizante,Sin información,1,0,,"0,0%",NaN
2725-Politécnico Grancolombiano,53204-TECNOLOGIA EN GESTION DE MERCADEO,Femenino,2012-1,2017,Dependiente,Actividades financieras y de seguros,1,1,,"100,0%",NaN
2725-Politécnico Grancolombiano,53204-TECNOLOGIA EN GESTION DE MERCADEO,Femenino,2012-1,2017,Dependiente,Comercio al por mayor y al por menor; reparación de vehículos automotores y motocicletas,1,1,,"100,0%",NaN
2725-Politécnico Grancolombiano,53204-TECNOLOGIA EN GESTION DE MERCADEO,Femenino,2012-1,2017,Dependiente,Construccion,1,1,,"100,0%",NaN
2725-Politécnico Grancolombiano,53204-TECNOLOGIA EN GESTION DE MERCADEO,Femenino,2012-1,2017,Dependiente,Sin información,2,2,,"100,0%",NaN
2725-Politécnico Grancolombiano,53204-TECNOLOGIA EN GESTION DE MERCADEO,Femenino,2012-1,2017,Independiente,Información y comunicaciones,1,1,,"100,0%",NaN
2725-Politécnico Grancolombiano,53204-TECNOLOGIA EN GESTION DE MERCADEO,Femenino,2012-1,2017,Independiente,Sin información,1,1,,"100,0%",NaN
2725-Politécnico Grancolombiano,53204-TECNOLOGIA EN GESTION DE MERCADEO,Femenino,2012-1,2017,No cotizante,Sin información,1,0,,"0,0%",NaN
2725-Politécnico Grancolombiano,53204-TECNOLOGIA EN GESTION DE MERCADEO,Femenino,2012-1,2018,Dependiente,Actividades financieras y de seguros,1,1,,"100,0%",NaN
2725-Politécnico Grancolombiano,53204-TECNOLOGIA EN GESTION DE MERCADEO,Femenino,2012-1,2018,Dependiente,Comercio al por mayor y al por menor; reparación de vehículos automotores y motocicletas,1,1,,"100,0%",NaN
2725-Politécnico Grancolombiano,53204-TECNOLOGIA EN GESTION DE MERCADEO,Femenino,2012-1,2018,Dependiente,Construccion,1,1,,"100,0%",NaN
2725-Politécnico Grancolombiano,53204-TECNOLOGIA EN GESTION DE MERCADEO,Femenino,2012-1,2018,Dependiente,Industrias manufactureras,1,1,,"100,0%",NaN
2725-Politécnico Grancolombiano,53204-TECNOLOGIA EN GESTION DE MERCADEO,Femenino,2012-1,2018,Dependiente,Otras actividades de servicios,1,1,,"100,0%",NaN
2725-Politécnico Grancolombiano,53204-TECNOLOGIA EN GESTION DE MERCADEO,Femenino,2012-1,2018,Dependiente,Sin información,1,1,,"100,0%",NaN
2725-Politécnico Grancolombiano,53204-TECNOLOGIA EN GESTION DE MERCADEO,Femenino,2012-1,2018,Independiente,Sin información,1,1,,"100,0%",NaN
2725-Politécnico Grancolombiano,53204-TECNOLOGIA EN GESTION DE MERCADEO,Femenino,2012-1,2018,No cotizante,Sin información,1,0,,"0,0%",NaN
2725-Politécnico Grancolombiano,53204-TECNOLOGIA EN GESTION DE MERCADEO,Femenino,2012-1,2019,Dependiente,Actividades financieras y de seguros,1,1,,"100,0%",NaN
2725-Politécnico Grancolombiano,53204-TECNOLOGIA EN GESTION DE MERCADEO,Femenino,2012-1,2019,Dependiente,Comercio al por mayor y al por menor; reparación de vehículos automotores y motocicletas,2,2,,"100,0%",NaN
2725-Politécnico Grancolombiano,53204-TECNOLOGIA EN GESTION DE MERCADEO,Femenino,2012-1,2019,Dependiente,Construccion,1,1,,"100,0%",NaN
2725-Politécnico Grancolombiano,53204-TECNOLOGIA EN GESTION DE MERCADEO,Femenino,2012-1,2019,Dependiente,Industrias manufactureras,1,1,,"100,0%",NaN
2725-Politécnico Grancolombiano,53204-TECNOLOGIA EN GESTION DE MERCADEO,Femenino,2012-1,2019,Dependiente,Otras actividades de servicios,1,1,,"100,0%",NaN
2725-Politécnico Grancolombiano,53204-TECNOLOGIA EN GESTION DE MERCADEO,Femenino,2012-1,2019,Independiente,Sin información,1,1,,"100,0%",NaN
2725-Politécnico Grancolombiano,53204-TECNOLOGIA EN GESTION DE MERCADEO,Femenino,2012-1,2019,No cotizante,Sin información,1,0,,"0,0%",NaN
2725-Politécnico Grancolombiano,53204-TECNOLOGIA EN GESTION DE MERCADEO,Femenino,2012-1,2020,Dependiente,Actividades financieras y de seguros,1,1,,"100,0%",NaN
2725-Politécnico Grancolombiano,53204-TECNOLOGIA EN GESTION DE MERCADEO,Femenino,2012-1,2020,Dependiente,Construccion,1,1,,"100,0%",NaN
2725-Politécnico Grancolombiano,53204-TECNOLOGIA EN GESTION DE MERCADEO,Femenino,2012-1,2020,Dependiente,Industrias manufactureras,1,1,,"100,0%",NaN
2725-Politécnico Grancolombiano,53204-TECNOLOGIA EN GESTION DE MERCADEO,Femenino,2012-1,2020,Dependiente,Otras actividades de servicios,1,1,,"100,0%",NaN
2725-Politécnico Grancolombiano,53204-TECNOLOGIA EN GESTION DE MERCADEO,Femenino,2012-1,2020,No cotizante,Sin información,4,0,,"0,0%",NaN
2725-Politécnico Grancolombiano,53204-TECNOLOGIA EN GESTION DE MERCADEO,Femenino,2012-1,2021,Dependiente,Actividades financieras y de seguros,1,1,,"100,0%",NaN
2725-Politécnico Grancolombiano,53204-TECNOLOGIA EN GESTION DE MERCADEO,Femenino,2012-1,2021,Dependiente,"Actividades profesionales, científicas y técnicas",1,1,,"100,0%",NaN
2725-Politécnico Grancolombiano,53204-TECNOLOGIA EN GESTION DE MERCADEO,Femenino,2012-1,2021,Dependiente,Construccion,2,2,,"100,0%",NaN
2725-Politécnico Grancolombiano,53204-TECNOLOGIA EN GESTION DE MERCADEO,Femenino,2012-1,2021,Dependiente,Industrias manufactureras,1,1,,"100,0%",NaN
2725-Politécnico Grancolombiano,53204-TECNOLOGIA EN GESTION DE MERCADEO,Femenino,2012-1,2021,No cotizante,Sin información,3,0,,"0,0%",NaN
2725-Politécnico Grancolombiano,53204-TECNOLOGIA EN GESTION DE MERCADEO,Femenino,2012-1,2022,Dependiente,Actividades de servicios administrativos y de apoyo,1,1,,"100,0%",NaN
2725-Politécnico Grancolombiano,53204-TECNOLOGIA EN GESTION DE MERCADEO,Femenino,2012-1,2022,Dependiente,Actividades financieras y de seguros,1,1,,"100,0%",NaN
2725-Politécnico Grancolombiano,53204-TECNOLOGIA EN GESTION DE MERCADEO,Femenino,2012-1,2022,Dependiente,"Actividades profesionales, científicas y técnicas",1,1,,"100,0%",NaN
2725-Politécnico Grancolombiano,53204-TECNOLOGIA EN GESTION DE MERCADEO,Femenino,2012-1,2022,Dependiente,Construccion,1,1,,"100,0%",NaN
2725-Politécnico Grancolombiano,53204-TECNOLOGIA EN GESTION DE MERCADEO,Femenino,2012-1,2022,Dependiente,Educación,1,1,,"100,0%",NaN
2725-Politécnico Grancolombiano,53204-TECNOLOGIA EN GESTION DE MERCADEO,Femenino,2012-1,2022,Dependiente,Industrias manufactureras,1,1,,"100,0%",NaN
2725-Politécnico Grancolombiano,53204-TECNOLOGIA EN GESTION DE MERCADEO,Femenino,2012-1,2022,No cotizante,SIN DATO,2,0,,"0,0%",NaN
2725-Politécnico Grancolombiano,53204-TECNOLOGIA EN GESTION DE MERCADEO,Femenino,2012-1,2023,Dependiente,Actividades financieras y de seguros,1,1,,"100,0%",NaN
2725-Politécnico Grancolombiano,53204-TECNOLOGIA EN GESTION DE MERCADEO,Femenino,2012-1,2023,Dependiente,"Actividades profesionales, científicas y técnicas",2,2,,"100,0%",NaN
2725-Politécnico Grancolombiano,53204-TECNOLOGIA EN GESTION DE MERCADEO,Femenino,2012-1,2023,Dependiente,Construccion,1,1,,"100,0%",NaN
2725-Politécnico Grancolombiano,53204-TECNOLOGIA EN GESTION DE MERCADEO,Femenino,2012-1,2023,Dependiente,Educación,1,1,,"100,0%",NaN
2725-Politécnico Grancolombiano,53204-TECNOLOGIA EN GESTION DE MERCADEO,Femenino,2012-1,2023,Dependiente,Industrias manufactureras,1,1,,"100,0%",NaN
2725-Politécnico Grancolombiano,53204-TECNOLOGIA EN GESTION DE MERCADEO,Femenino,2012-1,2023,No cotizante,SIN DATO,2,0,,"0,0%",NaN
2725-Politécnico Grancolombiano,53204-TECNOLOGIA EN GESTION DE MERCADEO,Masculino,2012-1,2016,Dependiente,Actividades de servicios administrativos y de apoyo,2,2,,"100,0%",$875.000
2725-Politécnico Grancolombiano,53204-TECNOLOGIA EN GESTION DE MERCADEO,Masculino,2012-1,2016,Dependiente,Administración pública y defensa; planes de seguridad social de afiliación obligatoria,1,1,,"100,0%",$1.378.000
2725-Politécnico Grancolombiano,53204-TECNOLOGIA EN GESTION DE MERCADEO,Masculino,2012-1,2016,Dependiente,Información y comunicaciones,1,1,,"100,0%",$689.455
2725-Politécnico Grancolombiano,53204-TECNOLOGIA EN GESTION DE MERCADEO,Masculino,2012-1,2016,No cotizante,Sin información,1,0,,"0,0%",NaN
2725-Politécnico Grancolombiano,53204-TECNOLOGIA EN GESTION DE MERCADEO,Masculino,2012-1,2017,Dependiente,Actividades de servicios administrativos y de apoyo,1,1,,"100,0%",NaN
2725-Politécnico Grancolombiano,53204-TECNOLOGIA EN GESTION DE MERCADEO,Masculino,2012-1,2017,Dependiente,Administración pública y defensa; planes de seguridad social de afiliación obligatoria,1,1,,"100,0%",NaN
2725-Politécnico Grancolombiano,53204-TECNOLOGIA EN GESTION DE MERCADEO,Masculino,2012-1,2017,Dependiente,Industrias manufactureras,1,1,,"100,0%",NaN
2725-Politécnico Grancolombiano,53204-TECNOLOGIA EN GESTION DE MERCADEO,Masculino,2012-1,2017,No cotizante,Sin información,2,0,,"0,0%",NaN
2725-Politécnico Grancolombiano,53204-TECNOLOGIA EN GESTION DE MERCADEO,Masculino,2012-1,2018,Dependiente,Actividades de servicios administrativos y de apoyo,1,1,,"100,0%",NaN
2725-Politécnico Grancolombiano,53204-TECNOLOGIA EN GESTION DE MERCADEO,Masculino,2012-1,2018,Dependiente,Administración pública y defensa; planes de seguridad social de afiliación obligatoria,1,1,,"100,0%",NaN
2725-Politécnico Grancolombiano,53204-TECNOLOGIA EN GESTION DE MERCADEO,Masculino,2012-1,2018,Dependiente,Industrias manufactureras,1,1,,"100,0%",NaN
2725-Politécnico Grancolombiano,53204-TECNOLOGIA EN GESTION DE MERCADEO,Masculino,2012-1,2018,No cotizante,Sin información,2,0,,"0,0%",NaN
2725-Politécnico Grancolombiano,53204-TECNOLOGIA EN GESTION DE MERCADEO,Masculino,2012-1,2019,Dependiente,Administración pública y defensa; planes de seguridad social de afiliación obligatoria,1,1,,"100,0%",NaN
2725-Politécnico Grancolombiano,53204-TECNOLOGIA EN GESTION DE MERCADEO,Masculino,2012-1,2019,Independiente,"Actividades profesionales, científicas y técnicas",1,1,,"100,0%",NaN
2725-Politécnico Grancolombiano,53204-TECNOLOGIA EN GESTION DE MERCADEO,Masculino,2012-1,2019,No cotizante,Sin información,3,0,,"0,0%",NaN
2725-Politécnico Grancolombiano,53204-TECNOLOGIA EN GESTION DE MERCADEO,Masculino,2012-1,2020,Dependiente,Administración pública y defensa; planes de seguridad social de afiliación obligatoria,1,1,,"100,0%",NaN
2725-Politécnico Grancolombiano,53204-TECNOLOGIA EN GESTION DE MERCADEO,Masculino,2012-1,2020,Independiente,"Actividades profesionales, científicas y técnicas",1,1,,"100,0%",NaN
2725-Politécnico Grancolombiano,53204-TECNOLOGIA EN GESTION DE MERCADEO,Masculino,2012-1,2020,No cotizante,Sin información,3,0,,"0,0%",NaN
2725-Politécnico Grancolombiano,53204-TECNOLOGIA EN GESTION DE MERCADEO,Masculino,2012-1,2021,Dependiente,Administración pública y defensa; planes de seguridad social de afiliación obligatoria,1,1,,"100,0%",NaN
2725-Politécnico Grancolombiano,53204-TECNOLOGIA EN GESTION DE MERCADEO,Masculino,2012-1,2021,No cotizante,Sin información,4,0,,"0,0%",NaN
2725-Politécnico Grancolombiano,53204-TECNOLOGIA EN GESTION DE MERCADEO,Masculino,2012-1,2022,Dependiente,Actividades de servicios administrativos y de apoyo,1,1,,"100,0%",NaN
2725-Politécnico Grancolombiano,53204-TECNOLOGIA EN GESTION DE MERCADEO,Masculino,2012-1,2022,Dependiente,Administración pública y defensa; planes de seguridad social de afiliación obligatoria,1,1,,"100,0%",NaN
2725-Politécnico Grancolombiano,53204-TECNOLOGIA EN GESTION DE MERCADEO,Masculino,2012-1,2022,No cotizante,SIN DATO,3,0,,"0,0%",NaN
2725-Politécnico Grancolombiano,53204-TECNOLOGIA EN GESTION DE MERCADEO,Masculino,2012-1,2023,Dependiente,"Actividades profesionales, científicas y técnicas",1,1,,"100,0%",NaN
2725-Politécnico Grancolombiano,53204-TECNOLOGIA EN GESTION DE MERCADEO,Masculino,2012-1,2023,Dependiente,Administración pública y defensa; planes de seguridad social de afiliación obligatoria,1,1,,"100,0%",NaN
2725-Politécnico Grancolombiano,53204-TECNOLOGIA EN GESTION DE MERCADEO,Masculino,2012-1,2023,Dependiente,Comercio al por mayor y al por menor; reparación de vehículos automotores y motocicletas,1,1,,"100,0%",NaN
2725-Politécnico Grancolombiano,53204-TECNOLOGIA EN GESTION DE MERCADEO,Masculino,2012-1,2023,No cotizante,SIN DATO,2,0,,"0,0%",NaN
2725-Politécnico Grancolombiano,53205-TECNOLOGIA EN GESTION DE RECURSOS HUMANOS,Femenino,2012-1,2016,Dependiente,Administración pública y defensa; planes de seguridad social de afiliación obligatoria,1,1,,"100,0%",$2.286.429
2725-Politécnico Grancolombiano,53205-TECNOLOGIA EN GESTION DE RECURSOS HUMANOS,Femenino,2012-1,2016,Dependiente,Industrias manufactureras,1,1,,"100,0%",$1.955.000
2725-Politécnico Grancolombiano,53205-TECNOLOGIA EN GESTION DE RECURSOS HUMANOS,Femenino,2012-1,2017,Dependiente,Industrias manufactureras,1,1,,"100,0%",NaN
2725-Politécnico Grancolombiano,53205-TECNOLOGIA EN GESTION DE RECURSOS HUMANOS,Femenino,2012-1,2017,Dependiente,Sin información,1,1,,"100,0%",NaN
2725-Politécnico Grancolombiano,53205-TECNOLOGIA EN GESTION DE RECURSOS HUMANOS,Femenino,2012-1,2018,Dependiente,Sin información,1,1,,"100,0%",NaN
2725-Politécnico Grancolombiano,53205-TECNOLOGIA EN GESTION DE RECURSOS HUMANOS,Femenino,2012-1,2018,Independiente,"Actividades profesionales, científicas y técnicas",1,1,,"100,0%",NaN
2725-Politécnico Grancolombiano,53205-TECNOLOGIA EN GESTION DE RECURSOS HUMANOS,Femenino,2012-1,2019,Dependiente,"Actividades profesionales, científicas y técnicas",1,1,,"100,0%",NaN
2725-Politécnico Grancolombiano,53205-TECNOLOGIA EN GESTION DE RECURSOS HUMANOS,Femenino,2012-1,2020,Dependiente,"Actividades profesionales, científicas y técnicas",1,1,,"100,0%",NaN
2725-Politécnico Grancolombiano,53205-TECNOLOGIA EN GESTION DE RECURSOS HUMANOS,Femenino,2012-1,2021,Dependiente,"Actividades profesionales, científicas y técnicas",1,1,,"100,0%",NaN
2725-Politécnico Grancolombiano,53205-TECNOLOGIA EN GESTION DE RECURSOS HUMANOS,Femenino,2012-1,2022,Dependiente,"Actividades profesionales, científicas y técnicas",1,1,,"100,0%",NaN
2725-Politécnico Grancolombiano,53205-TECNOLOGIA EN GESTION DE RECURSOS HUMANOS,Femenino,2012-1,2023,Dependiente,"Actividades profesionales, científicas y técnicas",1,1,,"100,0%",NaN
2725-Politécnico Grancolombiano,53205-TECNOLOGIA EN GESTION DE RECURSOS HUMANOS,Masculino,2012-1,2016,Dependiente,Información y comunicaciones,1,1,,"100,0%",$690.000
2725-Politécnico Grancolombiano,53178-TECNOLOGIA EN GESTION FINANCIERA,Femenino,2012-1,2016,Dependiente,Administración pública y defensa; planes de seguridad social de afiliación obligatoria,1,1,,"100,0%",$2.253.000
2725-Politécnico Grancolombiano,53178-TECNOLOGIA EN GESTION FINANCIERA,Femenino,2012-1,2016,Dependiente,"Agricultura, ganadería, caza, silvicultura y pesca",1,1,,"100,0%",$689.455
2725-Politécnico Grancolombiano,53178-TECNOLOGIA EN GESTION FINANCIERA,Femenino,2012-1,2016,Dependiente,Comercio al por mayor y al por menor; reparación de vehículos automotores y motocicletas,1,1,,"100,0%",$800.000
2725-Politécnico Grancolombiano,53178-TECNOLOGIA EN GESTION FINANCIERA,Femenino,2012-1,2016,Independiente,Sin información,1,1,,"100,0%",NaN
2725-Politécnico Grancolombiano,53178-TECNOLOGIA EN GESTION FINANCIERA,Femenino,2012-1,2016,No cotizante,Sin información,1,0,,"0,0%",NaN
2725-Politécnico Grancolombiano,53178-TECNOLOGIA EN GESTION FINANCIERA,Femenino,2012-1,2017,Dependiente,Administración pública y defensa; planes de seguridad social de afiliación obligatoria,1,1,,"100,0%",NaN
2725-Politécnico Grancolombiano,53178-TECNOLOGIA EN GESTION FINANCIERA,Femenino,2012-1,2017,Dependiente,Comercio al por mayor y al por menor; reparación de vehículos automotores y motocicletas,1,1,,"100,0%",NaN
2725-Politécnico Grancolombiano,53178-TECNOLOGIA EN GESTION FINANCIERA,Femenino,2012-1,2017,Dependiente,Otras actividades de servicios,1,1,,"100,0%",NaN
2725-Politécnico Grancolombiano,53178-TECNOLOGIA EN GESTION FINANCIERA,Femenino,2012-1,2017,Dependiente,Sin información,1,1,,"100,0%",NaN
2725-Politécnico Grancolombiano,53178-TECNOLOGIA EN GESTION FINANCIERA,Femenino,2012-1,2017,No cotizante,Sin información,1,0,,"0,0%",NaN
2725-Politécnico Grancolombiano,53178-TECNOLOGIA EN GESTION FINANCIERA,Femenino,2012-1,2018,Dependiente,Administración pública y defensa; planes de seguridad social de afiliación obligatoria,1,1,,"100,0%",NaN
2725-Politécnico Grancolombiano,53178-TECNOLOGIA EN GESTION FINANCIERA,Femenino,2012-1,2018,Dependiente,Comercio al por mayor y al por menor; reparación de vehículos automotores y motocicletas,1,1,,"100,0%",NaN
2725-Politécnico Grancolombiano,53178-TECNOLOGIA EN GESTION FINANCIERA,Femenino,2012-1,2018,Independiente,Sin información,1,1,,"100,0%",NaN
2725-Politécnico Grancolombiano,53178-TECNOLOGIA EN GESTION FINANCIERA,Femenino,2012-1,2018,No cotizante,Sin información,2,0,,"0,0%",NaN
2725-Politécnico Grancolombiano,53178-TECNOLOGIA EN GESTION FINANCIERA,Femenino,2012-1,2019,Dependiente,Administración pública y defensa; planes de seguridad social de afiliación obligatoria,1,1,,"100,0%",NaN
2725-Politécnico Grancolombiano,53178-TECNOLOGIA EN GESTION FINANCIERA,Femenino,2012-1,2019,Dependiente,Comercio al por mayor y al por menor; reparación de vehículos automotores y motocicletas,1,1,,"100,0%",NaN
2725-Politécnico Grancolombiano,53178-TECNOLOGIA EN GESTION FINANCIERA,Femenino,2012-1,2019,Independiente,Otras actividades de servicios,1,1,,"100,0%",NaN
2725-Politécnico Grancolombiano,53178-TECNOLOGIA EN GESTION FINANCIERA,Femenino,2012-1,2019,No cotizante,Sin información,1,0,,"0,0%",NaN
2725-Politécnico Grancolombiano,53178-TECNOLOGIA EN GESTION FINANCIERA,Femenino,2012-1,2020,Dependiente,Administración pública y defensa; planes de seguridad social de afiliación obligatoria,1,1,,"100,0%",NaN
2725-Politécnico Grancolombiano,53178-TECNOLOGIA EN GESTION FINANCIERA,Femenino,2012-1,2020,Dependiente,Comercio al por mayor y al por menor; reparación de vehículos automotores y motocicletas,1,1,,"100,0%",NaN
2725-Politécnico Grancolombiano,53178-TECNOLOGIA EN GESTION FINANCIERA,Femenino,2012-1,2020,Independiente,Alojamiento y servicios de comida,1,1,,"100,0%",NaN
2725-Politécnico Grancolombiano,53178-TECNOLOGIA EN GESTION FINANCIERA,Femenino,2012-1,2020,No cotizante,Sin información,1,0,,"0,0%",NaN
2725-Politécnico Grancolombiano,53178-TECNOLOGIA EN GESTION FINANCIERA,Femenino,2012-1,2021,Dependiente,Administración pública y defensa; planes de seguridad social de afiliación obligatoria,1,1,,"100,0%",NaN
2725-Politécnico Grancolombiano,53178-TECNOLOGIA EN GESTION FINANCIERA,Femenino,2012-1,2021,Dependiente,Comercio al por mayor y al por menor; reparación de vehículos automotores y motocicletas,1,1,,"100,0%",NaN
2725-Politécnico Grancolombiano,53178-TECNOLOGIA EN GESTION FINANCIERA,Femenino,2012-1,2021,Independiente,Actividades de servicios administrativos y de apoyo,1,1,,"100,0%",NaN
2725-Politécnico Grancolombiano,53178-TECNOLOGIA EN GESTION FINANCIERA,Femenino,2012-1,2021,No cotizante,Sin información,1,0,,"0,0%",NaN
2725-Politécnico Grancolombiano,53178-TECNOLOGIA EN GESTION FINANCIERA,Femenino,2012-1,2022,Dependiente,Administración pública y defensa; planes de seguridad social de afiliación obligatoria,1,1,,"100,0%",NaN
2725-Politécnico Grancolombiano,53178-TECNOLOGIA EN GESTION FINANCIERA,Femenino,2012-1,2022,Dependiente,Comercio al por mayor y al por menor; reparación de vehículos automotores y motocicletas,1,1,,"100,0%",NaN
2725-Politécnico Grancolombiano,53178-TECNOLOGIA EN GESTION FINANCIERA,Femenino,2012-1,2022,Independiente,Actividades de servicios administrativos y de apoyo,1,1,,"100,0%",NaN
2725-Politécnico Grancolombiano,53178-TECNOLOGIA EN GESTION FINANCIERA,Femenino,2012-1,2022,No cotizante,SIN DATO,1,0,,"0,0%",NaN
2725-Politécnico Grancolombiano,53178-TECNOLOGIA EN GESTION FINANCIERA,Femenino,2012-1,2023,Dependiente,Comercio al por mayor y al por menor; reparación de vehículos automotores y motocicletas,2,2,,"100,0%",NaN
2725-Politécnico Grancolombiano,53178-TECNOLOGIA EN GESTION FINANCIERA,Femenino,2012-1,2023,Independiente,Actividades de servicios administrativos y de apoyo,1,1,,"100,0%",NaN
2725-Politécnico Grancolombiano,53178-TECNOLOGIA EN GESTION FINANCIERA,Masculino,2012-1,2016,Dependiente,"Actividades profesionales, científicas y técnicas",1,1,,"100,0%",$689.455
2725-Politécnico Grancolombiano,53178-TECNOLOGIA EN GESTION FINANCIERA,Masculino,2012-1,2016,No cotizante,Sin información,1,0,,"0,0%",NaN
2725-Politécnico Grancolombiano,53178-TECNOLOGIA EN GESTION FINANCIERA,Masculino,2012-1,2017,Dependiente,"Actividades profesionales, científicas y técnicas",1,1,,"100,0%",NaN
2725-Politécnico Grancolombiano,53178-TECNOLOGIA EN GESTION FINANCIERA,Masculino,2012-1,2017,Dependiente,Industrias manufactureras,1,1,,"100,0%",NaN
2725-Politécnico Grancolombiano,53178-TECNOLOGIA EN GESTION FINANCIERA,Masculino,2012-1,2018,Dependiente,"Actividades profesionales, científicas y técnicas",2,2,,"100,0%",NaN
2725-Politécnico Grancolombiano,53178-TECNOLOGIA EN GESTION FINANCIERA,Masculino,2012-1,2019,Dependiente,"Actividades profesionales, científicas y técnicas",1,1,,"100,0%",NaN
2725-Politécnico Grancolombiano,53178-TECNOLOGIA EN GESTION FINANCIERA,Masculino,2012-1,2019,Dependiente,Información y comunicaciones,1,1,,"100,0%",NaN
2725-Politécnico Grancolombiano,53178-TECNOLOGIA EN GESTION FINANCIERA,Masculino,2012-1,2020,Dependiente,"Actividades profesionales, científicas y técnicas",1,1,,"100,0%",NaN
2725-Politécnico Grancolombiano,53178-TECNOLOGIA EN GESTION FINANCIERA,Masculino,2012-1,2020,No cotizante,Sin información,1,0,,"0,0%",NaN
2725-Politécnico Grancolombiano,53178-TECNOLOGIA EN GESTION FINANCIERA,Masculino,2012-1,2021,Independiente,Otras actividades de servicios,1,1,,"100,0%",NaN
2725-Politécnico Grancolombiano,53178-TECNOLOGIA EN GESTION FINANCIERA,Masculino,2012-1,2021,No cotizante,Sin información,1,0,,"0,0%",NaN
2725-Politécnico Grancolombiano,53178-TECNOLOGIA EN GESTION FINANCIERA,Masculino,2012-1,2022,No cotizante,SIN DATO,2,0,,"0,0%",NaN
2725-Politécnico Grancolombiano,53178-TECNOLOGIA EN GESTION FINANCIERA,Masculino,2012-1,2023,No cotizante,SIN DATO,2,0,,"0,0%",NaN
1701-Pontificia Universidad Javeriana,219-LICENCIATURA EN CIENCIAS RELIGIOSAS,Femenino,2012-1,2016,Dependiente,Actividades de atención de la salud humana y de asistencia social,3,3,,"100,0%",$1.489.000
1701-Pontificia Universidad Javeriana,219-LICENCIATURA EN CIENCIAS RELIGIOSAS,Femenino,2012-1,2016,Dependiente,Actividades de organizaciones y entidades extraterritoriales,1,1,,"100,0%",$1.711.000
1701-Pontificia Universidad Javeriana,219-LICENCIATURA EN CIENCIAS RELIGIOSAS,Femenino,2012-1,2016,Dependiente,"Actividades profesionales, científicas y técnicas",1,1,,"100,0%",$1.597.000
1701-Pontificia Universidad Javeriana,219-LICENCIATURA EN CIENCIAS RELIGIOSAS,Femenino,2012-1,2016,Dependiente,Administración pública y defensa; planes de seguridad social de afiliación obligatoria,7,7,,"100,0%",$1.795.619
1701-Pontificia Universidad Javeriana,219-LICENCIATURA EN CIENCIAS RELIGIOSAS,Femenino,2012-1,2016,Dependiente,"Agricultura, ganadería, caza, silvicultura y pesca",2,2,,"100,0%",$2.202.500
1701-Pontificia Universidad Javeriana,219-LICENCIATURA EN CIENCIAS RELIGIOSAS,Femenino,2012-1,2016,Dependiente,Educación,5,5,,"100,0%",$1.515.800
1701-Pontificia Universidad Javeriana,219-LICENCIATURA EN CIENCIAS RELIGIOSAS,Femenino,2012-1,2016,Dependiente,Información y comunicaciones,1,1,,"100,0%",$750.000
1701-Pontificia Universidad Javeriana,219-LICENCIATURA EN CIENCIAS RELIGIOSAS,Femenino,2012-1,2016,Dependiente,Otras actividades de servicios,3,3,,"100,0%",$1.790.667
1701-Pontificia Universidad Javeriana,219-LICENCIATURA EN CIENCIAS RELIGIOSAS,Femenino,2012-1,2016,Dependiente,Sin información,1,1,,"100,0%",$1.657.000
1701-Pontificia Universidad Javeriana,219-LICENCIATURA EN CIENCIAS RELIGIOSAS,Femenino,2012-1,2016,Independiente,Actividades de los hogares individuales en calidad de empleadores; actividades no diferenciadas de los hogares individuales como productores de bienes y servicios para uso propio,1,1,,"100,0%",NaN
1701-Pontificia Universidad Javeriana,219-LICENCIATURA EN CIENCIAS RELIGIOSAS,Femenino,2012-1,2016,Independiente,Información y comunicaciones,1,1,,"100,0%",NaN
1701-Pontificia Universidad Javeriana,219-LICENCIATURA EN CIENCIAS RELIGIOSAS,Femenino,2012-1,2016,Independiente,Otras actividades de servicios,11,11,,"100,0%",NaN
1701-Pontificia Universidad Javeriana,219-LICENCIATURA EN CIENCIAS RELIGIOSAS,Femenino,2012-1,2016,Independiente,Sin información,2,2,,"100,0%",NaN
1701-Pontificia Universidad Javeriana,219-LICENCIATURA EN CIENCIAS RELIGIOSAS,Femenino,2012-1,2016,No cotizante,Sin información,12,0,,"0,0%",NaN
1701-Pontificia Universidad Javeriana,219-LICENCIATURA EN CIENCIAS RELIGIOSAS,Femenino,2012-1,2017,Dependiente,Actividades de servicios administrativos y de apoyo,1,1,,"100,0%",NaN
1701-Pontificia Universidad Javeriana,219-LICENCIATURA EN CIENCIAS RELIGIOSAS,Femenino,2012-1,2017,Dependiente,Actividades financieras y de seguros,1,1,,"100,0%",NaN
1701-Pontificia Universidad Javeriana,219-LICENCIATURA EN CIENCIAS RELIGIOSAS,Femenino,2012-1,2017,Dependiente,"Actividades profesionales, científicas y técnicas",3,3,,"100,0%",NaN
1701-Pontificia Universidad Javeriana,219-LICENCIATURA EN CIENCIAS RELIGIOSAS,Femenino,2012-1,2017,Dependiente,Administración pública y defensa; planes de seguridad social de afiliación obligatoria,5,5,,"100,0%",NaN
1701-Pontificia Universidad Javeriana,219-LICENCIATURA EN CIENCIAS RELIGIOSAS,Femenino,2012-1,2017,Dependiente,"Agricultura, ganadería, caza, silvicultura y pesca",1,1,,"100,0%",NaN
1701-Pontificia Universidad Javeriana,219-LICENCIATURA EN CIENCIAS RELIGIOSAS,Femenino,2012-1,2017,Dependiente,Educación,7,7,,"100,0%",NaN
1701-Pontificia Universidad Javeriana,219-LICENCIATURA EN CIENCIAS RELIGIOSAS,Femenino,2012-1,2017,Dependiente,Otras actividades de servicios,2,2,,"100,0%",NaN
1701-Pontificia Universidad Javeriana,219-LICENCIATURA EN CIENCIAS RELIGIOSAS,Femenino,2012-1,2017,Dependiente,Sin información,3,3,,"100,0%",NaN
1701-Pontificia Universidad Javeriana,219-LICENCIATURA EN CIENCIAS RELIGIOSAS,Femenino,2012-1,2017,Independiente,Administración pública y defensa; planes de seguridad social de afiliación obligatoria,3,3,,"100,0%",NaN
1701-Pontificia Universidad Javeriana,219-LICENCIATURA EN CIENCIAS RELIGIOSAS,Femenino,2012-1,2017,Independiente,Otras actividades de servicios,10,10,,"100,0%",NaN
1701-Pontificia Universidad Javeriana,219-LICENCIATURA EN CIENCIAS RELIGIOSAS,Femenino,2012-1,2017,No cotizante,Sin información,13,0,,"0,0%",NaN
1701-Pontificia Universidad Javeriana,219-LICENCIATURA EN CIENCIAS RELIGIOSAS,Femenino,2012-1,2018,Dependiente,Actividades financieras y de seguros,1,1,,"100,0%",NaN
1701-Pontificia Universidad Javeriana,219-LICENCIATURA EN CIENCIAS RELIGIOSAS,Femenino,2012-1,2018,Dependiente,"Actividades profesionales, científicas y técnicas",4,4,,"100,0%",NaN
1701-Pontificia Universidad Javeriana,219-LICENCIATURA EN CIENCIAS RELIGIOSAS,Femenino,2012-1,2018,Dependiente,Administración pública y defensa; planes de seguridad social de afiliación obligatoria,5,5,,"100,0%",NaN
1701-Pontificia Universidad Javeriana,219-LICENCIATURA EN CIENCIAS RELIGIOSAS,Femenino,2012-1,2018,Dependiente,Educación,8,8,,"100,0%",NaN
1701-Pontificia Universidad Javeriana,219-LICENCIATURA EN CIENCIAS RELIGIOSAS,Femenino,2012-1,2018,Dependiente,Industrias manufactureras,1,1,,"100,0%",NaN
1701-Pontificia Universidad Javeriana,219-LICENCIATURA EN CIENCIAS RELIGIOSAS,Femenino,2012-1,2018,Dependiente,Otras actividades de servicios,1,1,,"100,0%",NaN
1701-Pontificia Universidad Javeriana,219-LICENCIATURA EN CIENCIAS RELIGIOSAS,Femenino,2012-1,2018,Dependiente,Sin información,2,2,,"100,0%",NaN
1701-Pontificia Universidad Javeriana,219-LICENCIATURA EN CIENCIAS RELIGIOSAS,Femenino,2012-1,2018,Independiente,"Actividades profesionales, científicas y técnicas",1,1,,"100,0%",NaN
1701-Pontificia Universidad Javeriana,219-LICENCIATURA EN CIENCIAS RELIGIOSAS,Femenino,2012-1,2018,Independiente,Administración pública y defensa; planes de seguridad social de afiliación obligatoria,3,3,,"100,0%",NaN
1701-Pontificia Universidad Javeriana,219-LICENCIATURA EN CIENCIAS RELIGIOSAS,Femenino,2012-1,2018,Independiente,Otras actividades de servicios,10,10,,"100,0%",NaN
1701-Pontificia Universidad Javeriana,219-LICENCIATURA EN CIENCIAS RELIGIOSAS,Femenino,2012-1,2018,Independiente,Sin información,1,1,,"100,0%",NaN
1701-Pontificia Universidad Javeriana,219-LICENCIATURA EN CIENCIAS RELIGIOSAS,Femenino,2012-1,2018,No cotizante,Sin información,10,0,,"0,0%",NaN
1701-Pontificia Universidad Javeriana,219-LICENCIATURA EN CIENCIAS RELIGIOSAS,Femenino,2012-1,2019,Dependiente,Actividades de servicios administrativos y de apoyo,2,2,,"100,0%",NaN
1701-Pontificia Universidad Javeriana,219-LICENCIATURA EN CIENCIAS RELIGIOSAS,Femenino,2012-1,2019,Dependiente,"Actividades profesionales, científicas y técnicas",3,3,,"100,0%",NaN
1701-Pontificia Universidad Javeriana,219-LICENCIATURA EN CIENCIAS RELIGIOSAS,Femenino,2012-1,2019,Dependiente,Administración pública y defensa; planes de seguridad social de afiliación obligatoria,10,10,,"100,0%",NaN
1701-Pontificia Universidad Javeriana,219-LICENCIATURA EN CIENCIAS RELIGIOSAS,Femenino,2012-1,2019,Dependiente,"Agricultura, ganadería, caza, silvicultura y pesca",1,1,,"100,0%",NaN
1701-Pontificia Universidad Javeriana,219-LICENCIATURA EN CIENCIAS RELIGIOSAS,Femenino,2012-1,2019,Dependiente,Educación,5,5,,"100,0%",NaN
1701-Pontificia Universidad Javeriana,219-LICENCIATURA EN CIENCIAS RELIGIOSAS,Femenino,2012-1,2019,Dependiente,Otras actividades de servicios,2,2,,"100,0%",NaN
1701-Pontificia Universidad Javeriana,219-LICENCIATURA EN CIENCIAS RELIGIOSAS,Femenino,2012-1,2019,Independiente,Administración pública y defensa; planes de seguridad social de afiliación obligatoria,4,4,,"100,0%",NaN
1701-Pontificia Universidad Javeriana,219-LICENCIATURA EN CIENCIAS RELIGIOSAS,Femenino,2012-1,2019,Independiente,Otras actividades de servicios,7,7,,"100,0%",NaN
1701-Pontificia Universidad Javeriana,219-LICENCIATURA EN CIENCIAS RELIGIOSAS,Femenino,2012-1,2019,No cotizante,Sin información,12,0,,"0,0%",NaN
1701-Pontificia Universidad Javeriana,219-LICENCIATURA EN CIENCIAS RELIGIOSAS,Femenino,2012-1,2020,Dependiente,Actividades de servicios administrativos y de apoyo,1,1,,"100,0%",NaN
1701-Pontificia Universidad Javeriana,219-LICENCIATURA EN CIENCIAS RELIGIOSAS,Femenino,2012-1,2020,Dependiente,Actividades financieras y de seguros,1,1,,"100,0%",NaN
1701-Pontificia Universidad Javeriana,219-LICENCIATURA EN CIENCIAS RELIGIOSAS,Femenino,2012-1,2020,Dependiente,"Actividades profesionales, científicas y técnicas",5,5,,"100,0%",NaN
1701-Pontificia Universidad Javeriana,219-LICENCIATURA EN CIENCIAS RELIGIOSAS,Femenino,2012-1,2020,Dependiente,Administración pública y defensa; planes de seguridad social de afiliación obligatoria,7,7,,"100,0%",NaN
1701-Pontificia Universidad Javeriana,219-LICENCIATURA EN CIENCIAS RELIGIOSAS,Femenino,2012-1,2020,Dependiente,Educación,2,2,,"100,0%",NaN
1701-Pontificia Universidad Javeriana,219-LICENCIATURA EN CIENCIAS RELIGIOSAS,Femenino,2012-1,2020,Dependiente,Industrias manufactureras,1,1,,"100,0%",NaN
1701-Pontificia Universidad Javeriana,219-LICENCIATURA EN CIENCIAS RELIGIOSAS,Femenino,2012-1,2020,Dependiente,Otras actividades de servicios,4,4,,"100,0%",NaN
1701-Pontificia Universidad Javeriana,219-LICENCIATURA EN CIENCIAS RELIGIOSAS,Femenino,2012-1,2020,Independiente,Administración pública y defensa; planes de seguridad social de afiliación obligatoria,1,1,,"100,0%",NaN
1701-Pontificia Universidad Javeriana,219-LICENCIATURA EN CIENCIAS RELIGIOSAS,Femenino,2012-1,2020,Independiente,Educación,1,1,,"100,0%",NaN
1701-Pontificia Universidad Javeriana,219-LICENCIATURA EN CIENCIAS RELIGIOSAS,Femenino,2012-1,2020,Independiente,Otras actividades de servicios,9,9,,"100,0%",NaN
1701-Pontificia Universidad Javeriana,219-LICENCIATURA EN CIENCIAS RELIGIOSAS,Femenino,2012-1,2020,No cotizante,Sin información,13,0,,"0,0%",NaN
1701-Pontificia Universidad Javeriana,219-LICENCIATURA EN CIENCIAS RELIGIOSAS,Femenino,2012-1,2021,Dependiente,Actividades de servicios administrativos y de apoyo,1,1,,"100,0%",NaN
1701-Pontificia Universidad Javeriana,219-LICENCIATURA EN CIENCIAS RELIGIOSAS,Femenino,2012-1,2021,Dependiente,"Actividades profesionales, científicas y técnicas",2,2,,"100,0%",NaN
1701-Pontificia Universidad Javeriana,219-LICENCIATURA EN CIENCIAS RELIGIOSAS,Femenino,2012-1,2021,Dependiente,Administración pública y defensa; planes de seguridad social de afiliación obligatoria,11,11,,"100,0%",NaN
1701-Pontificia Universidad Javeriana,219-LICENCIATURA EN CIENCIAS RELIGIOSAS,Femenino,2012-1,2021,Dependiente,Construccion,1,1,,"100,0%",NaN
1701-Pontificia Universidad Javeriana,219-LICENCIATURA EN CIENCIAS RELIGIOSAS,Femenino,2012-1,2021,Dependiente,Educación,2,2,,"100,0%",NaN
1701-Pontificia Universidad Javeriana,219-LICENCIATURA EN CIENCIAS RELIGIOSAS,Femenino,2012-1,2021,Dependiente,Otras actividades de servicios,3,3,,"100,0%",NaN
1701-Pontificia Universidad Javeriana,219-LICENCIATURA EN CIENCIAS RELIGIOSAS,Femenino,2012-1,2021,Independiente,Administración pública y defensa; planes de seguridad social de afiliación obligatoria,2,2,,"100,0%",NaN
1701-Pontificia Universidad Javeriana,219-LICENCIATURA EN CIENCIAS RELIGIOSAS,Femenino,2012-1,2021,Independiente,Educación,1,1,,"100,0%",NaN
1701-Pontificia Universidad Javeriana,219-LICENCIATURA EN CIENCIAS RELIGIOSAS,Femenino,2012-1,2021,Independiente,Otras actividades de servicios,9,9,,"100,0%",NaN
1701-Pontificia Universidad Javeriana,219-LICENCIATURA EN CIENCIAS RELIGIOSAS,Femenino,2012-1,2021,No cotizante,Sin información,12,0,,"0,0%",NaN
1701-Pontificia Universidad Javeriana,219-LICENCIATURA EN CIENCIAS RELIGIOSAS,Femenino,2012-1,2022,Dependiente,Actividades de servicios administrativos y de apoyo,2,2,,"100,0%",NaN
1701-Pontificia Universidad Javeriana,219-LICENCIATURA EN CIENCIAS RELIGIOSAS,Femenino,2012-1,2022,Dependiente,"Actividades profesionales, científicas y técnicas",3,3,,"100,0%",NaN
1701-Pontificia Universidad Javeriana,219-LICENCIATURA EN CIENCIAS RELIGIOSAS,Femenino,2012-1,2022,Dependiente,Administración pública y defensa; planes de seguridad social de afiliación obligatoria,9,9,,"100,0%",NaN
1701-Pontificia Universidad Javeriana,219-LICENCIATURA EN CIENCIAS RELIGIOSAS,Femenino,2012-1,2022,Dependiente,Educación,4,4,,"100,0%",NaN
1701-Pontificia Universidad Javeriana,219-LICENCIATURA EN CIENCIAS RELIGIOSAS,Femenino,2012-1,2022,Dependiente,Industrias manufactureras,1,1,,"100,0%",NaN
1701-Pontificia Universidad Javeriana,219-LICENCIATURA EN CIENCIAS RELIGIOSAS,Femenino,2012-1,2022,Dependiente,Otras actividades de servicios,1,1,,"100,0%",NaN
1701-Pontificia Universidad Javeriana,219-LICENCIATURA EN CIENCIAS RELIGIOSAS,Femenino,2012-1,2022,Independiente,Administración pública y defensa; planes de seguridad social de afiliación obligatoria,1,1,,"100,0%",NaN
1701-Pontificia Universidad Javeriana,219-LICENCIATURA EN CIENCIAS RELIGIOSAS,Femenino,2012-1,2022,Independiente,Educación,6,6,,"100,0%",NaN
1701-Pontificia Universidad Javeriana,219-LICENCIATURA EN CIENCIAS RELIGIOSAS,Femenino,2012-1,2022,Independiente,Otras actividades de servicios,5,5,,"100,0%",NaN
1701-Pontificia Universidad Javeriana,219-LICENCIATURA EN CIENCIAS RELIGIOSAS,Femenino,2012-1,2022,No cotizante,SIN DATO,11,0,,"0,0%",NaN
1701-Pontificia Universidad Javeriana,219-LICENCIATURA EN CIENCIAS RELIGIOSAS,Femenino,2012-1,2023,Dependiente,Actividades de servicios administrativos y de apoyo,3,3,,"100,0%",NaN
1701-Pontificia Universidad Javeriana,219-LICENCIATURA EN CIENCIAS RELIGIOSAS,Femenino,2012-1,2023,Dependiente,"Actividades profesionales, científicas y técnicas",3,3,,"100,0%",NaN
1701-Pontificia Universidad Javeriana,219-LICENCIATURA EN CIENCIAS RELIGIOSAS,Femenino,2012-1,2023,Dependiente,Administración pública y defensa; planes de seguridad social de afiliación obligatoria,8,8,,"100,0%",NaN
1701-Pontificia Universidad Javeriana,219-LICENCIATURA EN CIENCIAS RELIGIOSAS,Femenino,2012-1,2023,Dependiente,Educación,4,4,,"100,0%",NaN
1701-Pontificia Universidad Javeriana,219-LICENCIATURA EN CIENCIAS RELIGIOSAS,Femenino,2012-1,2023,Dependiente,Otras actividades de servicios,2,2,,"100,0%",NaN
1701-Pontificia Universidad Javeriana,219-LICENCIATURA EN CIENCIAS RELIGIOSAS,Femenino,2012-1,2023,Independiente,Administración pública y defensa; planes de seguridad social de afiliación obligatoria,1,1,,"100,0%",NaN
1701-Pontificia Universidad Javeriana,219-LICENCIATURA EN CIENCIAS RELIGIOSAS,Femenino,2012-1,2023,Independiente,Educación,1,1,,"100,0%",NaN
1701-Pontificia Universidad Javeriana,219-LICENCIATURA EN CIENCIAS RELIGIOSAS,Femenino,2012-1,2023,Independiente,Otras actividades de servicios,10,10,,"100,0%",NaN
1701-Pontificia Universidad Javeriana,219-LICENCIATURA EN CIENCIAS RELIGIOSAS,Femenino,2012-1,2023,No cotizante,SIN DATO,11,0,,"0,0%",NaN
1701-Pontificia Universidad Javeriana,219-LICENCIATURA EN CIENCIAS RELIGIOSAS,Masculino,2012-1,2016,Dependiente,Actividades de atención de la salud humana y de asistencia social,2,2,,"100,0%",$2.144.616
1701-Pontificia Universidad Javeriana,219-LICENCIATURA EN CIENCIAS RELIGIOSAS,Masculino,2012-1,2016,Dependiente,"Actividades profesionales, científicas y técnicas",2,2,,"100,0%",$1.052.728
1701-Pontificia Universidad Javeriana,219-LICENCIATURA EN CIENCIAS RELIGIOSAS,Masculino,2012-1,2016,Dependiente,Administración pública y defensa; planes de seguridad social de afiliación obligatoria,2,2,,"100,0%",$1.774.500
1701-Pontificia Universidad Javeriana,219-LICENCIATURA EN CIENCIAS RELIGIOSAS,Masculino,2012-1,2016,Dependiente,Educación,2,2,,"100,0%",$2.560.500
1701-Pontificia Universidad Javeriana,219-LICENCIATURA EN CIENCIAS RELIGIOSAS,Masculino,2012-1,2016,Dependiente,Otras actividades de servicios,2,2,,"100,0%",$1.095.728
1701-Pontificia Universidad Javeriana,219-LICENCIATURA EN CIENCIAS RELIGIOSAS,Masculino,2012-1,2016,Dependiente,Sin información,2,2,,"100,0%",$1.772.228
1701-Pontificia Universidad Javeriana,219-LICENCIATURA EN CIENCIAS RELIGIOSAS,Masculino,2012-1,2016,Independiente,"Actividades profesionales, científicas y técnicas",5,5,,"100,0%",NaN
1701-Pontificia Universidad Javeriana,219-LICENCIATURA EN CIENCIAS RELIGIOSAS,Masculino,2012-1,2016,Independiente,Información y comunicaciones,1,1,,"100,0%",NaN
1701-Pontificia Universidad Javeriana,219-LICENCIATURA EN CIENCIAS RELIGIOSAS,Masculino,2012-1,2016,Independiente,Otras actividades de servicios,3,3,,"100,0%",NaN
1701-Pontificia Universidad Javeriana,219-LICENCIATURA EN CIENCIAS RELIGIOSAS,Masculino,2012-1,2016,Independiente,Sin información,2,2,,"100,0%",NaN
1701-Pontificia Universidad Javeriana,219-LICENCIATURA EN CIENCIAS RELIGIOSAS,Masculino,2012-1,2016,No cotizante,Sin información,2,0,,"0,0%",NaN
1701-Pontificia Universidad Javeriana,219-LICENCIATURA EN CIENCIAS RELIGIOSAS,Masculino,2012-1,2017,Dependiente,Actividades de organizaciones y entidades extraterritoriales,1,1,,"100,0%",NaN
1701-Pontificia Universidad Javeriana,219-LICENCIATURA EN CIENCIAS RELIGIOSAS,Masculino,2012-1,2017,Dependiente,"Actividades profesionales, científicas y técnicas",1,1,,"100,0%",NaN
1701-Pontificia Universidad Javeriana,219-LICENCIATURA EN CIENCIAS RELIGIOSAS,Masculino,2012-1,2017,Dependiente,Administración pública y defensa; planes de seguridad social de afiliación obligatoria,3,3,,"100,0%",NaN
1701-Pontificia Universidad Javeriana,219-LICENCIATURA EN CIENCIAS RELIGIOSAS,Masculino,2012-1,2017,Dependiente,Educación,2,2,,"100,0%",NaN
1701-Pontificia Universidad Javeriana,219-LICENCIATURA EN CIENCIAS RELIGIOSAS,Masculino,2012-1,2017,Dependiente,Otras actividades de servicios,2,2,,"100,0%",NaN
1701-Pontificia Universidad Javeriana,219-LICENCIATURA EN CIENCIAS RELIGIOSAS,Masculino,2012-1,2017,Dependiente,Sin información,4,4,,"100,0%",NaN
1701-Pontificia Universidad Javeriana,219-LICENCIATURA EN CIENCIAS RELIGIOSAS,Masculino,2012-1,2017,Independiente,"Actividades profesionales, científicas y técnicas",3,3,,"100,0%",NaN
1701-Pontificia Universidad Javeriana,219-LICENCIATURA EN CIENCIAS RELIGIOSAS,Masculino,2012-1,2017,Independiente,Administración pública y defensa; planes de seguridad social de afiliación obligatoria,1,1,,"100,0%",NaN
1701-Pontificia Universidad Javeriana,219-LICENCIATURA EN CIENCIAS RELIGIOSAS,Masculino,2012-1,2017,Independiente,Información y comunicaciones,1,1,,"100,0%",NaN
1701-Pontificia Universidad Javeriana,219-LICENCIATURA EN CIENCIAS RELIGIOSAS,Masculino,2012-1,2017,Independiente,Otras actividades de servicios,2,2,,"100,0%",NaN
1701-Pontificia Universidad Javeriana,219-LICENCIATURA EN CIENCIAS RELIGIOSAS,Masculino,2012-1,2017,Independiente,Sin información,3,3,,"100,0%",NaN
1701-Pontificia Universidad Javeriana,219-LICENCIATURA EN CIENCIAS RELIGIOSAS,Masculino,2012-1,2017,No cotizante,Sin información,2,0,,"0,0%",NaN
1701-Pontificia Universidad Javeriana,219-LICENCIATURA EN CIENCIAS RELIGIOSAS,Masculino,2012-1,2018,Dependiente,"Actividades profesionales, científicas y técnicas",1,1,,"100,0%",NaN
1701-Pontificia Universidad Javeriana,219-LICENCIATURA EN CIENCIAS RELIGIOSAS,Masculino,2012-1,2018,Dependiente,Administración pública y defensa; planes de seguridad social de afiliación obligatoria,3,3,,"100,0%",NaN
1701-Pontificia Universidad Javeriana,219-LICENCIATURA EN CIENCIAS RELIGIOSAS,Masculino,2012-1,2018,Dependiente,Educación,2,2,,"100,0%",NaN
1701-Pontificia Universidad Javeriana,219-LICENCIATURA EN CIENCIAS RELIGIOSAS,Masculino,2012-1,2018,Dependiente,Otras actividades de servicios,3,3,,"100,0%",NaN
1701-Pontificia Universidad Javeriana,219-LICENCIATURA EN CIENCIAS RELIGIOSAS,Masculino,2012-1,2018,Dependiente,Sin información,3,3,,"100,0%",NaN
1701-Pontificia Universidad Javeriana,219-LICENCIATURA EN CIENCIAS RELIGIOSAS,Masculino,2012-1,2018,Independiente,"Actividades profesionales, científicas y técnicas",2,2,,"100,0%",NaN
1701-Pontificia Universidad Javeriana,219-LICENCIATURA EN CIENCIAS RELIGIOSAS,Masculino,2012-1,2018,Independiente,Administración pública y defensa; planes de seguridad social de afiliación obligatoria,1,1,,"100,0%",NaN
1701-Pontificia Universidad Javeriana,219-LICENCIATURA EN CIENCIAS RELIGIOSAS,Masculino,2012-1,2018,Independiente,Información y comunicaciones,1,1,,"100,0%",NaN
1701-Pontificia Universidad Javeriana,219-LICENCIATURA EN CIENCIAS RELIGIOSAS,Masculino,2012-1,2018,Independiente,Otras actividades de servicios,2,2,,"100,0%",NaN
1701-Pontificia Universidad Javeriana,219-LICENCIATURA EN CIENCIAS RELIGIOSAS,Masculino,2012-1,2018,Independiente,Sin información,2,2,,"100,0%",NaN
1701-Pontificia Universidad Javeriana,219-LICENCIATURA EN CIENCIAS RELIGIOSAS,Masculino,2012-1,2018,No cotizante,Sin información,3,0,,"0,0%",NaN
1701-Pontificia Universidad Javeriana,219-LICENCIATURA EN CIENCIAS RELIGIOSAS,Masculino,2012-1,2019,Dependiente,"Actividades profesionales, científicas y técnicas",1,1,,"100,0%",NaN
1701-Pontificia Universidad Javeriana,219-LICENCIATURA EN CIENCIAS RELIGIOSAS,Masculino,2012-1,2019,Dependiente,Administración pública y defensa; planes de seguridad social de afiliación obligatoria,4,4,,"100,0%",NaN
1701-Pontificia Universidad Javeriana,219-LICENCIATURA EN CIENCIAS RELIGIOSAS,Masculino,2012-1,2019,Dependiente,Educación,1,1,,"100,0%",NaN
1701-Pontificia Universidad Javeriana,219-LICENCIATURA EN CIENCIAS RELIGIOSAS,Masculino,2012-1,2019,Dependiente,Otras actividades de servicios,3,3,,"100,0%",NaN
1701-Pontificia Universidad Javeriana,219-LICENCIATURA EN CIENCIAS RELIGIOSAS,Masculino,2012-1,2019,Independiente,"Actividades profesionales, científicas y técnicas",3,3,,"100,0%",NaN
1701-Pontificia Universidad Javeriana,219-LICENCIATURA EN CIENCIAS RELIGIOSAS,Masculino,2012-1,2019,Independiente,Administración pública y defensa; planes de seguridad social de afiliación obligatoria,3,3,,"100,0%",NaN
1701-Pontificia Universidad Javeriana,219-LICENCIATURA EN CIENCIAS RELIGIOSAS,Masculino,2012-1,2019,Independiente,Otras actividades de servicios,2,2,,"100,0%",NaN
1701-Pontificia Universidad Javeriana,219-LICENCIATURA EN CIENCIAS RELIGIOSAS,Masculino,2012-1,2019,Independiente,Sin información,2,2,,"100,0%",NaN
1701-Pontificia Universidad Javeriana,219-LICENCIATURA EN CIENCIAS RELIGIOSAS,Masculino,2012-1,2019,No cotizante,Sin información,3,0,,"0,0%",NaN
1701-Pontificia Universidad Javeriana,219-LICENCIATURA EN CIENCIAS RELIGIOSAS,Masculino,2012-1,2020,Dependiente,Administración pública y defensa; planes de seguridad social de afiliación obligatoria,5,5,,"100,0%",NaN
1701-Pontificia Universidad Javeriana,219-LICENCIATURA EN CIENCIAS RELIGIOSAS,Masculino,2012-1,2020,Dependiente,Otras actividades de servicios,3,3,,"100,0%",NaN
1701-Pontificia Universidad Javeriana,219-LICENCIATURA EN CIENCIAS RELIGIOSAS,Masculino,2012-1,2020,Independiente,"Actividades profesionales, científicas y técnicas",4,4,,"100,0%",NaN
1701-Pontificia Universidad Javeriana,219-LICENCIATURA EN CIENCIAS RELIGIOSAS,Masculino,2012-1,2020,Independiente,Administración pública y defensa; planes de seguridad social de afiliación obligatoria,1,1,,"100,0%",NaN
1701-Pontificia Universidad Javeriana,219-LICENCIATURA EN CIENCIAS RELIGIOSAS,Masculino,2012-1,2020,Independiente,Otras actividades de servicios,4,4,,"100,0%",NaN
1701-Pontificia Universidad Javeriana,219-LICENCIATURA EN CIENCIAS RELIGIOSAS,Masculino,2012-1,2020,No cotizante,Sin información,4,0,,"0,0%",NaN
1701-Pontificia Universidad Javeriana,219-LICENCIATURA EN CIENCIAS RELIGIOSAS,Masculino,2012-1,2021,Dependiente,"Actividades profesionales, científicas y técnicas",2,2,,"100,0%",NaN
1701-Pontificia Universidad Javeriana,219-LICENCIATURA EN CIENCIAS RELIGIOSAS,Masculino,2012-1,2021,Dependiente,Administración pública y defensa; planes de seguridad social de afiliación obligatoria,4,4,,"100,0%",NaN
1701-Pontificia Universidad Javeriana,219-LICENCIATURA EN CIENCIAS RELIGIOSAS,Masculino,2012-1,2021,Dependiente,Otras actividades de servicios,3,3,,"100,0%",NaN
1701-Pontificia Universidad Javeriana,219-LICENCIATURA EN CIENCIAS RELIGIOSAS,Masculino,2012-1,2021,Independiente,"Actividades profesionales, científicas y técnicas",3,3,,"100,0%",NaN
1701-Pontificia Universidad Javeriana,219-LICENCIATURA EN CIENCIAS RELIGIOSAS,Masculino,2012-1,2021,Independiente,Administración pública y defensa; planes de seguridad social de afiliación obligatoria,1,1,,"100,0%",NaN
1701-Pontificia Universidad Javeriana,219-LICENCIATURA EN CIENCIAS RELIGIOSAS,Masculino,2012-1,2021,Independiente,Otras actividades de servicios,4,4,,"100,0%",NaN
1701-Pontificia Universidad Javeriana,219-LICENCIATURA EN CIENCIAS RELIGIOSAS,Masculino,2012-1,2021,No cotizante,Sin información,3,0,,"0,0%",NaN
1701-Pontificia Universidad Javeriana,219-LICENCIATURA EN CIENCIAS RELIGIOSAS,Masculino,2012-1,2022,Dependiente,"Actividades profesionales, científicas y técnicas",2,2,,"100,0%",NaN
1701-Pontificia Universidad Javeriana,219-LICENCIATURA EN CIENCIAS RELIGIOSAS,Masculino,2012-1,2022,Dependiente,Administración pública y defensa; planes de seguridad social de afiliación obligatoria,2,2,,"100,0%",NaN
1701-Pontificia Universidad Javeriana,219-LICENCIATURA EN CIENCIAS RELIGIOSAS,Masculino,2012-1,2022,Dependiente,Educación,1,1,,"100,0%",NaN
1701-Pontificia Universidad Javeriana,219-LICENCIATURA EN CIENCIAS RELIGIOSAS,Masculino,2012-1,2022,Dependiente,Otras actividades de servicios,3,3,,"100,0%",NaN
1701-Pontificia Universidad Javeriana,219-LICENCIATURA EN CIENCIAS RELIGIOSAS,Masculino,2012-1,2022,Independiente,"Actividades profesionales, científicas y técnicas",3,3,,"100,0%",NaN
1701-Pontificia Universidad Javeriana,219-LICENCIATURA EN CIENCIAS RELIGIOSAS,Masculino,2012-1,2022,Independiente,Administración pública y defensa; planes de seguridad social de afiliación obligatoria,1,1,,"100,0%",NaN
1701-Pontificia Universidad Javeriana,219-LICENCIATURA EN CIENCIAS RELIGIOSAS,Masculino,2012-1,2022,Independiente,Otras actividades de servicios,3,3,,"100,0%",NaN
1701-Pontificia Universidad Javeriana,219-LICENCIATURA EN CIENCIAS RELIGIOSAS,Masculino,2012-1,2022,No cotizante,SIN DATO,3,0,,"0,0%",NaN
1701-Pontificia Universidad Javeriana,219-LICENCIATURA EN CIENCIAS RELIGIOSAS,Masculino,2012-1,2023,Dependiente,Administración pública y defensa; planes de seguridad social de afiliación obligatoria,3,3,,"100,0%",NaN
1701-Pontificia Universidad Javeriana,219-LICENCIATURA EN CIENCIAS RELIGIOSAS,Masculino,2012-1,2023,Dependiente,Otras actividades de servicios,3,3,,"100,0%",NaN
1701-Pontificia Universidad Javeriana,219-LICENCIATURA EN CIENCIAS RELIGIOSAS,Masculino,2012-1,2023,Independiente,"Actividades profesionales, científicas y técnicas",2,2,,"100,0%",NaN
1701-Pontificia Universidad Javeriana,219-LICENCIATURA EN CIENCIAS RELIGIOSAS,Masculino,2012-1,2023,Independiente,Administración pública y defensa; planes de seguridad social de afiliación obligatoria,1,1,,"100,0%",NaN
1701-Pontificia Universidad Javeriana,219-LICENCIATURA EN CIENCIAS RELIGIOSAS,Masculino,2012-1,2023,Independiente,Otras actividades de servicios,4,4,,"100,0%",NaN
1701-Pontificia Universidad Javeriana,219-LICENCIATURA EN CIENCIAS RELIGIOSAS,Masculino,2012-1,2023,No cotizante,SIN DATO,4,0,,"0,0%",NaN
9110-Servicio Nacional de Aprendizaje - SENA,90235-TECNOLOGIA EN MANTENIMIENTO ELECTROMECANICO INDUSTRIAL,Femenino,2012-1,2013,Dependiente,Sin información,1,1,,"100,0%",$2.879.000
9110-Servicio Nacional de Aprendizaje - SENA,90235-TECNOLOGIA EN MANTENIMIENTO ELECTROMECANICO INDUSTRIAL,Femenino,2012-1,2013,Independiente,Sin información,1,1,,"100,0%",NaN
9110-Servicio Nacional de Aprendizaje - SENA,90235-TECNOLOGIA EN MANTENIMIENTO ELECTROMECANICO INDUSTRIAL,Femenino,2012-1,2013,No cotizante,Sin información,2,0,,"0,0%",NaN
9110-Servicio Nacional de Aprendizaje - SENA,90235-TECNOLOGIA EN MANTENIMIENTO ELECTROMECANICO INDUSTRIAL,Femenino,2012-1,2014,Dependiente,Industrias manufactureras,1,1,,"100,0%",$2.411.000
9110-Servicio Nacional de Aprendizaje - SENA,90235-TECNOLOGIA EN MANTENIMIENTO ELECTROMECANICO INDUSTRIAL,Femenino,2012-1,2014,Independiente,Actividades financieras y de seguros,1,1,,"100,0%",NaN
9110-Servicio Nacional de Aprendizaje - SENA,90235-TECNOLOGIA EN MANTENIMIENTO ELECTROMECANICO INDUSTRIAL,Femenino,2012-1,2014,No cotizante,Sin información,2,0,,"0,0%",NaN
9110-Servicio Nacional de Aprendizaje - SENA,90235-TECNOLOGIA EN MANTENIMIENTO ELECTROMECANICO INDUSTRIAL,Femenino,2012-1,2015,Dependiente,Industrias manufactureras,1,1,,"100,0%",$3.264.000
9110-Servicio Nacional de Aprendizaje - SENA,90235-TECNOLOGIA EN MANTENIMIENTO ELECTROMECANICO INDUSTRIAL,Femenino,2012-1,2015,Independiente,Otras actividades de servicios,1,1,,"100,0%",NaN
9110-Servicio Nacional de Aprendizaje - SENA,90235-TECNOLOGIA EN MANTENIMIENTO ELECTROMECANICO INDUSTRIAL,Femenino,2012-1,2015,No cotizante,Sin información,2,0,,"0,0%",NaN
9110-Servicio Nacional de Aprendizaje - SENA,90235-TECNOLOGIA EN MANTENIMIENTO ELECTROMECANICO INDUSTRIAL,Masculino,2012-1,2013,Dependiente,Sin información,190,190,,"100,0%",$1.644.842
9110-Servicio Nacional de Aprendizaje - SENA,90235-TECNOLOGIA EN MANTENIMIENTO ELECTROMECANICO INDUSTRIAL,Masculino,2012-1,2013,Independiente,Sin información,2,2,,"100,0%",NaN
9110-Servicio Nacional de Aprendizaje - SENA,90235-TECNOLOGIA EN MANTENIMIENTO ELECTROMECANICO INDUSTRIAL,Masculino,2012-1,2013,No cotizante,Sin información,22,0,,"0,0%",NaN
9110-Servicio Nacional de Aprendizaje - SENA,90235-TECNOLOGIA EN MANTENIMIENTO ELECTROMECANICO INDUSTRIAL,Masculino,2012-1,2014,Dependiente,Actividades de atención de la salud humana y de asistencia social,2,2,,"100,0%",$1.057.000
9110-Servicio Nacional de Aprendizaje - SENA,90235-TECNOLOGIA EN MANTENIMIENTO ELECTROMECANICO INDUSTRIAL,Masculino,2012-1,2014,Dependiente,Actividades de servicios administrativos y de apoyo,18,18,,"100,0%",$1.351.974
9110-Servicio Nacional de Aprendizaje - SENA,90235-TECNOLOGIA EN MANTENIMIENTO ELECTROMECANICO INDUSTRIAL,Masculino,2012-1,2014,Dependiente,Actividades financieras y de seguros,5,5,,"100,0%",$3.061.833
9110-Servicio Nacional de Aprendizaje - SENA,90235-TECNOLOGIA EN MANTENIMIENTO ELECTROMECANICO INDUSTRIAL,Masculino,2012-1,2014,Dependiente,"Actividades profesionales, científicas y técnicas",1,1,,"100,0%",$926.000
9110-Servicio Nacional de Aprendizaje - SENA,90235-TECNOLOGIA EN MANTENIMIENTO ELECTROMECANICO INDUSTRIAL,Masculino,2012-1,2014,Dependiente,"Agricultura, ganadería, caza, silvicultura y pesca",8,8,,"100,0%",$1.453.662
9110-Servicio Nacional de Aprendizaje - SENA,90235-TECNOLOGIA EN MANTENIMIENTO ELECTROMECANICO INDUSTRIAL,Masculino,2012-1,2014,Dependiente,Comercio al por mayor y al por menor; reparación de vehículos automotores y motocicletas,9,9,,"100,0%",$1.000.778
9110-Servicio Nacional de Aprendizaje - SENA,90235-TECNOLOGIA EN MANTENIMIENTO ELECTROMECANICO INDUSTRIAL,Masculino,2012-1,2014,Dependiente,Construccion,15,15,,"100,0%",$1.351.050
9110-Servicio Nacional de Aprendizaje - SENA,90235-TECNOLOGIA EN MANTENIMIENTO ELECTROMECANICO INDUSTRIAL,Masculino,2012-1,2014,Dependiente,Educación,1,1,,"100,0%",$1.117.000
9110-Servicio Nacional de Aprendizaje - SENA,90235-TECNOLOGIA EN MANTENIMIENTO ELECTROMECANICO INDUSTRIAL,Masculino,2012-1,2014,Dependiente,Explotación de minas y canteras,16,16,,"100,0%",$2.348.898
9110-Servicio Nacional de Aprendizaje - SENA,90235-TECNOLOGIA EN MANTENIMIENTO ELECTROMECANICO INDUSTRIAL,Masculino,2012-1,2014,Dependiente,Industrias manufactureras,83,83,,"100,0%",$2.188.958
9110-Servicio Nacional de Aprendizaje - SENA,90235-TECNOLOGIA EN MANTENIMIENTO ELECTROMECANICO INDUSTRIAL,Masculino,2012-1,2014,Dependiente,Información y comunicaciones,12,12,,"100,0%",$1.572.833
9110-Servicio Nacional de Aprendizaje - SENA,90235-TECNOLOGIA EN MANTENIMIENTO ELECTROMECANICO INDUSTRIAL,Masculino,2012-1,2014,Dependiente,Otras actividades de servicios,4,4,,"100,0%",$1.007.500
9110-Servicio Nacional de Aprendizaje - SENA,90235-TECNOLOGIA EN MANTENIMIENTO ELECTROMECANICO INDUSTRIAL,Masculino,2012-1,2014,Dependiente,Sin información,19,19,,"100,0%",$1.509.079
9110-Servicio Nacional de Aprendizaje - SENA,90235-TECNOLOGIA EN MANTENIMIENTO ELECTROMECANICO INDUSTRIAL,Masculino,2012-1,2014,Dependiente,Transporte y almacenamiento,1,1,,"100,0%",$820.000
9110-Servicio Nacional de Aprendizaje - SENA,90235-TECNOLOGIA EN MANTENIMIENTO ELECTROMECANICO INDUSTRIAL,Masculino,2012-1,2014,Independiente,Información y comunicaciones,1,1,,"100,0%",NaN
9110-Servicio Nacional de Aprendizaje - SENA,90235-TECNOLOGIA EN MANTENIMIENTO ELECTROMECANICO INDUSTRIAL,Masculino,2012-1,2014,Independiente,Sin información,1,1,,"100,0%",NaN
9110-Servicio Nacional de Aprendizaje - SENA,90235-TECNOLOGIA EN MANTENIMIENTO ELECTROMECANICO INDUSTRIAL,Masculino,2012-1,2014,No cotizante,Sin información,18,0,,"0,0%",NaN
9110-Servicio Nacional de Aprendizaje - SENA,90235-TECNOLOGIA EN MANTENIMIENTO ELECTROMECANICO INDUSTRIAL,Masculino,2012-1,2015,Dependiente,Actividades de atención de la salud humana y de asistencia social,2,2,,"100,0%",$1.573.500
9110-Servicio Nacional de Aprendizaje - SENA,90235-TECNOLOGIA EN MANTENIMIENTO ELECTROMECANICO INDUSTRIAL,Masculino,2012-1,2015,Dependiente,Actividades de servicios administrativos y de apoyo,20,20,,"100,0%",$1.492.217
9110-Servicio Nacional de Aprendizaje - SENA,90235-TECNOLOGIA EN MANTENIMIENTO ELECTROMECANICO INDUSTRIAL,Masculino,2012-1,2015,Dependiente,Actividades financieras y de seguros,9,9,,"100,0%",$1.695.041
9110-Servicio Nacional de Aprendizaje - SENA,90235-TECNOLOGIA EN MANTENIMIENTO ELECTROMECANICO INDUSTRIAL,Masculino,2012-1,2015,Dependiente,Actividades inmobiliarias,1,1,,"100,0%",$1.500.000
9110-Servicio Nacional de Aprendizaje - SENA,90235-TECNOLOGIA EN MANTENIMIENTO ELECTROMECANICO INDUSTRIAL,Masculino,2012-1,2015,Dependiente,"Actividades profesionales, científicas y técnicas",1,1,,"100,0%",$644.350
9110-Servicio Nacional de Aprendizaje - SENA,90235-TECNOLOGIA EN MANTENIMIENTO ELECTROMECANICO INDUSTRIAL,Masculino,2012-1,2015,Dependiente,"Agricultura, ganadería, caza, silvicultura y pesca",7,7,,"100,0%",$1.593.286
9110-Servicio Nacional de Aprendizaje - SENA,90235-TECNOLOGIA EN MANTENIMIENTO ELECTROMECANICO INDUSTRIAL,Masculino,2012-1,2015,Dependiente,Comercio al por mayor y al por menor; reparación de vehículos automotores y motocicletas,4,4,,"100,0%",$1.524.000
9110-Servicio Nacional de Aprendizaje - SENA,90235-TECNOLOGIA EN MANTENIMIENTO ELECTROMECANICO INDUSTRIAL,Masculino,2012-1,2015,Dependiente,Construccion,10,10,,"100,0%",$1.701.070
9110-Servicio Nacional de Aprendizaje - SENA,90235-TECNOLOGIA EN MANTENIMIENTO ELECTROMECANICO INDUSTRIAL,Masculino,2012-1,2015,Dependiente,Explotación de minas y canteras,15,15,,"100,0%",$3.893.928
9110-Servicio Nacional de Aprendizaje - SENA,90235-TECNOLOGIA EN MANTENIMIENTO ELECTROMECANICO INDUSTRIAL,Masculino,2012-1,2015,Dependiente,Industrias manufactureras,81,81,,"100,0%",$2.617.069
9110-Servicio Nacional de Aprendizaje - SENA,90235-TECNOLOGIA EN MANTENIMIENTO ELECTROMECANICO INDUSTRIAL,Masculino,2012-1,2015,Dependiente,Información y comunicaciones,13,13,,"100,0%",$2.204.684
9110-Servicio Nacional de Aprendizaje - SENA,90235-TECNOLOGIA EN MANTENIMIENTO ELECTROMECANICO INDUSTRIAL,Masculino,2012-1,2015,Dependiente,Otras actividades de servicios,2,2,,"100,0%",$1.382.500
9110-Servicio Nacional de Aprendizaje - SENA,90235-TECNOLOGIA EN MANTENIMIENTO ELECTROMECANICO INDUSTRIAL,Masculino,2012-1,2015,Dependiente,Sin información,19,19,,"100,0%",$1.282.056
9110-Servicio Nacional de Aprendizaje - SENA,90235-TECNOLOGIA EN MANTENIMIENTO ELECTROMECANICO INDUSTRIAL,Masculino,2012-1,2015,Dependiente,Transporte y almacenamiento,1,1,,"100,0%",$989.000
9110-Servicio Nacional de Aprendizaje - SENA,90235-TECNOLOGIA EN MANTENIMIENTO ELECTROMECANICO INDUSTRIAL,Masculino,2012-1,2015,Independiente,Comercio al por mayor y al por menor; reparación de vehículos automotores y motocicletas,1,1,,"100,0%",NaN
9110-Servicio Nacional de Aprendizaje - SENA,90235-TECNOLOGIA EN MANTENIMIENTO ELECTROMECANICO INDUSTRIAL,Masculino,2012-1,2015,Independiente,Información y comunicaciones,1,1,,"100,0%",NaN
9110-Servicio Nacional de Aprendizaje - SENA,90235-TECNOLOGIA EN MANTENIMIENTO ELECTROMECANICO INDUSTRIAL,Masculino,2012-1,2015,Independiente,Sin información,2,2,,"100,0%",NaN
9110-Servicio Nacional de Aprendizaje - SENA,90235-TECNOLOGIA EN MANTENIMIENTO ELECTROMECANICO INDUSTRIAL,Masculino,2012-1,2015,No cotizante,Sin información,25,0,,"0,0%",NaN
9110-Servicio Nacional de Aprendizaje - SENA,90278-TECNOLOGIA EN REPRODUCCION BOVINA,Femenino,2012-1,2013,Dependiente,Sin información,2,2,,"100,0%",$630.500
9110-Servicio Nacional de Aprendizaje - SENA,90278-TECNOLOGIA EN REPRODUCCION BOVINA,Femenino,2012-1,2013,No cotizante,Sin información,5,0,,"0,0%",NaN
9110-Servicio Nacional de Aprendizaje - SENA,90278-TECNOLOGIA EN REPRODUCCION BOVINA,Femenino,2012-1,2014,Dependiente,Industrias manufactureras,1,1,,"100,0%",$985.000
9110-Servicio Nacional de Aprendizaje - SENA,90278-TECNOLOGIA EN REPRODUCCION BOVINA,Femenino,2012-1,2014,No cotizante,Sin información,6,0,,"0,0%",NaN
9110-Servicio Nacional de Aprendizaje - SENA,90278-TECNOLOGIA EN REPRODUCCION BOVINA,Femenino,2012-1,2015,Dependiente,Industrias manufactureras,1,1,,"100,0%",$1.122.000
9110-Servicio Nacional de Aprendizaje - SENA,90278-TECNOLOGIA EN REPRODUCCION BOVINA,Femenino,2012-1,2015,Dependiente,Otras actividades de servicios,1,1,,"100,0%",$644.370
9110-Servicio Nacional de Aprendizaje - SENA,90278-TECNOLOGIA EN REPRODUCCION BOVINA,Femenino,2012-1,2015,Dependiente,Sin información,1,1,,"100,0%",$644.350
9110-Servicio Nacional de Aprendizaje - SENA,90278-TECNOLOGIA EN REPRODUCCION BOVINA,Femenino,2012-1,2015,No cotizante,Sin información,4,0,,"0,0%",NaN
9110-Servicio Nacional de Aprendizaje - SENA,90278-TECNOLOGIA EN REPRODUCCION BOVINA,Masculino,2012-1,2013,Dependiente,Sin información,3,3,,"100,0%",$626.333
9110-Servicio Nacional de Aprendizaje - SENA,90278-TECNOLOGIA EN REPRODUCCION BOVINA,Masculino,2012-1,2013,Independiente,Sin información,1,1,,"100,0%",NaN
9110-Servicio Nacional de Aprendizaje - SENA,90278-TECNOLOGIA EN REPRODUCCION BOVINA,Masculino,2012-1,2013,No cotizante,Sin información,1,0,,"0,0%",NaN
9110-Servicio Nacional de Aprendizaje - SENA,90278-TECNOLOGIA EN REPRODUCCION BOVINA,Masculino,2012-1,2014,Dependiente,Información y comunicaciones,1,1,,"100,0%",$710.000
9110-Servicio Nacional de Aprendizaje - SENA,90278-TECNOLOGIA EN REPRODUCCION BOVINA,Masculino,2012-1,2014,Dependiente,Transporte y almacenamiento,1,1,,"100,0%",$616.000
9110-Servicio Nacional de Aprendizaje - SENA,90278-TECNOLOGIA EN REPRODUCCION BOVINA,Masculino,2012-1,2014,Independiente,Transporte y almacenamiento,1,1,,"100,0%",NaN
9110-Servicio Nacional de Aprendizaje - SENA,90278-TECNOLOGIA EN REPRODUCCION BOVINA,Masculino,2012-1,2014,No cotizante,Sin información,2,0,,"0,0%",NaN
9110-Servicio Nacional de Aprendizaje - SENA,90278-TECNOLOGIA EN REPRODUCCION BOVINA,Masculino,2012-1,2015,Dependiente,Información y comunicaciones,1,1,,"100,0%",$660.000
9110-Servicio Nacional de Aprendizaje - SENA,90278-TECNOLOGIA EN REPRODUCCION BOVINA,Masculino,2012-1,2015,Dependiente,Transporte y almacenamiento,1,1,,"100,0%",$644.350
9110-Servicio Nacional de Aprendizaje - SENA,90278-TECNOLOGIA EN REPRODUCCION BOVINA,Masculino,2012-1,2015,Independiente,Sin información,1,1,,"100,0%",NaN
9110-Servicio Nacional de Aprendizaje - SENA,90278-TECNOLOGIA EN REPRODUCCION BOVINA,Masculino,2012-1,2015,Independiente,Transporte y almacenamiento,1,1,,"100,0%",NaN
9110-Servicio Nacional de Aprendizaje - SENA,90278-TECNOLOGIA EN REPRODUCCION BOVINA,Masculino,2012-1,2015,No cotizante,Sin información,1,0,,"0,0%",NaN
9110-Servicio Nacional de Aprendizaje - SENA,90281-TECNOLOGIA EN SEGURIDAD INDUSTRIAL SALUD OCUPACIONAL Y MEDIO AMBIENTE EN EL SECTOR DE LA CONSTRUCCION,Femenino,2012-1,2013,Dependiente,Sin información,168,168,,"100,0%",$946.798
9110-Servicio Nacional de Aprendizaje - SENA,90281-TECNOLOGIA EN SEGURIDAD INDUSTRIAL SALUD OCUPACIONAL Y MEDIO AMBIENTE EN EL SECTOR DE LA CONSTRUCCION,Femenino,2012-1,2013,Independiente,Sin información,19,19,,"100,0%",NaN
9110-Servicio Nacional de Aprendizaje - SENA,90281-TECNOLOGIA EN SEGURIDAD INDUSTRIAL SALUD OCUPACIONAL Y MEDIO AMBIENTE EN EL SECTOR DE LA CONSTRUCCION,Femenino,2012-1,2013,No cotizante,Sin información,124,0,,"0,0%",NaN
9110-Servicio Nacional de Aprendizaje - SENA,90281-TECNOLOGIA EN SEGURIDAD INDUSTRIAL SALUD OCUPACIONAL Y MEDIO AMBIENTE EN EL SECTOR DE LA CONSTRUCCION,Femenino,2012-1,2014,Dependiente,"Actividades artísticas, de entretenimiento y recreación",2,2,,"100,0%",$616.000
9110-Servicio Nacional de Aprendizaje - SENA,90281-TECNOLOGIA EN SEGURIDAD INDUSTRIAL SALUD OCUPACIONAL Y MEDIO AMBIENTE EN EL SECTOR DE LA CONSTRUCCION,Femenino,2012-1,2014,Dependiente,Actividades de atención de la salud humana y de asistencia social,2,2,,"100,0%",$616.000
9110-Servicio Nacional de Aprendizaje - SENA,90281-TECNOLOGIA EN SEGURIDAD INDUSTRIAL SALUD OCUPACIONAL Y MEDIO AMBIENTE EN EL SECTOR DE LA CONSTRUCCION,Femenino,2012-1,2014,Dependiente,Actividades de servicios administrativos y de apoyo,9,9,,"100,0%",$1.042.150
9110-Servicio Nacional de Aprendizaje - SENA,90281-TECNOLOGIA EN SEGURIDAD INDUSTRIAL SALUD OCUPACIONAL Y MEDIO AMBIENTE EN EL SECTOR DE LA CONSTRUCCION,Femenino,2012-1,2014,Dependiente,Actividades financieras y de seguros,11,11,,"100,0%",$969.909
9110-Servicio Nacional de Aprendizaje - SENA,90281-TECNOLOGIA EN SEGURIDAD INDUSTRIAL SALUD OCUPACIONAL Y MEDIO AMBIENTE EN EL SECTOR DE LA CONSTRUCCION,Femenino,2012-1,2014,Dependiente,Actividades inmobiliarias,3,3,,"100,0%",$843.098
9110-Servicio Nacional de Aprendizaje - SENA,90281-TECNOLOGIA EN SEGURIDAD INDUSTRIAL SALUD OCUPACIONAL Y MEDIO AMBIENTE EN EL SECTOR DE LA CONSTRUCCION,Femenino,2012-1,2014,Dependiente,Administración pública y defensa; planes de seguridad social de afiliación obligatoria,5,5,,"100,0%",$1.329.800
9110-Servicio Nacional de Aprendizaje - SENA,90281-TECNOLOGIA EN SEGURIDAD INDUSTRIAL SALUD OCUPACIONAL Y MEDIO AMBIENTE EN EL SECTOR DE LA CONSTRUCCION,Femenino,2012-1,2014,Dependiente,"Agricultura, ganadería, caza, silvicultura y pesca",2,2,,"100,0%",$808.000
9110-Servicio Nacional de Aprendizaje - SENA,90281-TECNOLOGIA EN SEGURIDAD INDUSTRIAL SALUD OCUPACIONAL Y MEDIO AMBIENTE EN EL SECTOR DE LA CONSTRUCCION,Femenino,2012-1,2014,Dependiente,Alojamiento y servicios de comida,1,1,,"100,0%",$630.000
9110-Servicio Nacional de Aprendizaje - SENA,90281-TECNOLOGIA EN SEGURIDAD INDUSTRIAL SALUD OCUPACIONAL Y MEDIO AMBIENTE EN EL SECTOR DE LA CONSTRUCCION,Femenino,2012-1,2014,Dependiente,Comercio al por mayor y al por menor; reparación de vehículos automotores y motocicletas,12,12,,"100,0%",$1.200.250
9110-Servicio Nacional de Aprendizaje - SENA,90281-TECNOLOGIA EN SEGURIDAD INDUSTRIAL SALUD OCUPACIONAL Y MEDIO AMBIENTE EN EL SECTOR DE LA CONSTRUCCION,Femenino,2012-1,2014,Dependiente,Construccion,67,67,,"100,0%",$944.099
9110-Servicio Nacional de Aprendizaje - SENA,90281-TECNOLOGIA EN SEGURIDAD INDUSTRIAL SALUD OCUPACIONAL Y MEDIO AMBIENTE EN EL SECTOR DE LA CONSTRUCCION,Femenino,2012-1,2014,Dependiente,Educación,3,3,,"100,0%",$1.023.333
9110-Servicio Nacional de Aprendizaje - SENA,90281-TECNOLOGIA EN SEGURIDAD INDUSTRIAL SALUD OCUPACIONAL Y MEDIO AMBIENTE EN EL SECTOR DE LA CONSTRUCCION,Femenino,2012-1,2014,Dependiente,Explotación de minas y canteras,11,11,,"100,0%",$1.436.370
9110-Servicio Nacional de Aprendizaje - SENA,90281-TECNOLOGIA EN SEGURIDAD INDUSTRIAL SALUD OCUPACIONAL Y MEDIO AMBIENTE EN EL SECTOR DE LA CONSTRUCCION,Femenino,2012-1,2014,Dependiente,Industrias manufactureras,15,15,,"100,0%",$915.581
9110-Servicio Nacional de Aprendizaje - SENA,90281-TECNOLOGIA EN SEGURIDAD INDUSTRIAL SALUD OCUPACIONAL Y MEDIO AMBIENTE EN EL SECTOR DE LA CONSTRUCCION,Femenino,2012-1,2014,Dependiente,Información y comunicaciones,28,28,,"100,0%",$1.072.202
9110-Servicio Nacional de Aprendizaje - SENA,90281-TECNOLOGIA EN SEGURIDAD INDUSTRIAL SALUD OCUPACIONAL Y MEDIO AMBIENTE EN EL SECTOR DE LA CONSTRUCCION,Femenino,2012-1,2014,Dependiente,Otras actividades de servicios,3,3,,"100,0%",$893.000
9110-Servicio Nacional de Aprendizaje - SENA,90281-TECNOLOGIA EN SEGURIDAD INDUSTRIAL SALUD OCUPACIONAL Y MEDIO AMBIENTE EN EL SECTOR DE LA CONSTRUCCION,Femenino,2012-1,2014,Dependiente,Sin información,28,28,,"100,0%",$968.891
9110-Servicio Nacional de Aprendizaje - SENA,90281-TECNOLOGIA EN SEGURIDAD INDUSTRIAL SALUD OCUPACIONAL Y MEDIO AMBIENTE EN EL SECTOR DE LA CONSTRUCCION,Femenino,2012-1,2014,Dependiente,Transporte y almacenamiento,1,1,,"100,0%",$1.500.000
9110-Servicio Nacional de Aprendizaje - SENA,90281-TECNOLOGIA EN SEGURIDAD INDUSTRIAL SALUD OCUPACIONAL Y MEDIO AMBIENTE EN EL SECTOR DE LA CONSTRUCCION,Femenino,2012-1,2014,Independiente,Actividades de atención de la salud humana y de asistencia social,2,2,,"100,0%",NaN
9110-Servicio Nacional de Aprendizaje - SENA,90281-TECNOLOGIA EN SEGURIDAD INDUSTRIAL SALUD OCUPACIONAL Y MEDIO AMBIENTE EN EL SECTOR DE LA CONSTRUCCION,Femenino,2012-1,2014,Independiente,Actividades financieras y de seguros,1,1,,"100,0%",NaN
9110-Servicio Nacional de Aprendizaje - SENA,90281-TECNOLOGIA EN SEGURIDAD INDUSTRIAL SALUD OCUPACIONAL Y MEDIO AMBIENTE EN EL SECTOR DE LA CONSTRUCCION,Femenino,2012-1,2014,Independiente,Educación,1,1,,"100,0%",NaN
9110-Servicio Nacional de Aprendizaje - SENA,90281-TECNOLOGIA EN SEGURIDAD INDUSTRIAL SALUD OCUPACIONAL Y MEDIO AMBIENTE EN EL SECTOR DE LA CONSTRUCCION,Femenino,2012-1,2014,Independiente,Industrias manufactureras,1,1,,"100,0%",NaN
9110-Servicio Nacional de Aprendizaje - SENA,90281-TECNOLOGIA EN SEGURIDAD INDUSTRIAL SALUD OCUPACIONAL Y MEDIO AMBIENTE EN EL SECTOR DE LA CONSTRUCCION,Femenino,2012-1,2014,Independiente,Información y comunicaciones,3,3,,"100,0%",NaN
9110-Servicio Nacional de Aprendizaje - SENA,90281-TECNOLOGIA EN SEGURIDAD INDUSTRIAL SALUD OCUPACIONAL Y MEDIO AMBIENTE EN EL SECTOR DE LA CONSTRUCCION,Femenino,2012-1,2014,Independiente,Sin información,8,8,,"100,0%",NaN
9110-Servicio Nacional de Aprendizaje - SENA,90281-TECNOLOGIA EN SEGURIDAD INDUSTRIAL SALUD OCUPACIONAL Y MEDIO AMBIENTE EN EL SECTOR DE LA CONSTRUCCION,Femenino,2012-1,2014,No cotizante,Sin información,92,0,,"0,0%",NaN
9110-Servicio Nacional de Aprendizaje - SENA,90281-TECNOLOGIA EN SEGURIDAD INDUSTRIAL SALUD OCUPACIONAL Y MEDIO AMBIENTE EN EL SECTOR DE LA CONSTRUCCION,Femenino,2012-1,2015,Dependiente,"Actividades artísticas, de entretenimiento y recreación",2,2,,"100,0%",$733.000
9110-Servicio Nacional de Aprendizaje - SENA,90281-TECNOLOGIA EN SEGURIDAD INDUSTRIAL SALUD OCUPACIONAL Y MEDIO AMBIENTE EN EL SECTOR DE LA CONSTRUCCION,Femenino,2012-1,2015,Dependiente,Actividades de atención de la salud humana y de asistencia social,4,4,,"100,0%",$843.930
9110-Servicio Nacional de Aprendizaje - SENA,90281-TECNOLOGIA EN SEGURIDAD INDUSTRIAL SALUD OCUPACIONAL Y MEDIO AMBIENTE EN EL SECTOR DE LA CONSTRUCCION,Femenino,2012-1,2015,Dependiente,Actividades de servicios administrativos y de apoyo,7,7,,"100,0%",$1.190.571
9110-Servicio Nacional de Aprendizaje - SENA,90281-TECNOLOGIA EN SEGURIDAD INDUSTRIAL SALUD OCUPACIONAL Y MEDIO AMBIENTE EN EL SECTOR DE LA CONSTRUCCION,Femenino,2012-1,2015,Dependiente,Actividades financieras y de seguros,8,8,,"100,0%",$1.145.712
9110-Servicio Nacional de Aprendizaje - SENA,90281-TECNOLOGIA EN SEGURIDAD INDUSTRIAL SALUD OCUPACIONAL Y MEDIO AMBIENTE EN EL SECTOR DE LA CONSTRUCCION,Femenino,2012-1,2015,Dependiente,Actividades inmobiliarias,1,1,,"100,0%",$1.434.000
9110-Servicio Nacional de Aprendizaje - SENA,90281-TECNOLOGIA EN SEGURIDAD INDUSTRIAL SALUD OCUPACIONAL Y MEDIO AMBIENTE EN EL SECTOR DE LA CONSTRUCCION,Femenino,2012-1,2015,Dependiente,"Actividades profesionales, científicas y técnicas",1,1,,"100,0%",$1.283.000
9110-Servicio Nacional de Aprendizaje - SENA,90281-TECNOLOGIA EN SEGURIDAD INDUSTRIAL SALUD OCUPACIONAL Y MEDIO AMBIENTE EN EL SECTOR DE LA CONSTRUCCION,Femenino,2012-1,2015,Dependiente,Administración pública y defensa; planes de seguridad social de afiliación obligatoria,2,2,,"100,0%",$1.662.143
9110-Servicio Nacional de Aprendizaje - SENA,90281-TECNOLOGIA EN SEGURIDAD INDUSTRIAL SALUD OCUPACIONAL Y MEDIO AMBIENTE EN EL SECTOR DE LA CONSTRUCCION,Femenino,2012-1,2015,Dependiente,"Agricultura, ganadería, caza, silvicultura y pesca",4,4,,"100,0%",$789.250
9110-Servicio Nacional de Aprendizaje - SENA,90281-TECNOLOGIA EN SEGURIDAD INDUSTRIAL SALUD OCUPACIONAL Y MEDIO AMBIENTE EN EL SECTOR DE LA CONSTRUCCION,Femenino,2012-1,2015,Dependiente,Alojamiento y servicios de comida,1,1,,"100,0%",$660.000
9110-Servicio Nacional de Aprendizaje - SENA,90281-TECNOLOGIA EN SEGURIDAD INDUSTRIAL SALUD OCUPACIONAL Y MEDIO AMBIENTE EN EL SECTOR DE LA CONSTRUCCION,Femenino,2012-1,2015,Dependiente,Comercio al por mayor y al por menor; reparación de vehículos automotores y motocicletas,16,16,,"100,0%",$1.377.457
9110-Servicio Nacional de Aprendizaje - SENA,90281-TECNOLOGIA EN SEGURIDAD INDUSTRIAL SALUD OCUPACIONAL Y MEDIO AMBIENTE EN EL SECTOR DE LA CONSTRUCCION,Femenino,2012-1,2015,Dependiente,Construccion,66,66,,"100,0%",$1.137.022
9110-Servicio Nacional de Aprendizaje - SENA,90281-TECNOLOGIA EN SEGURIDAD INDUSTRIAL SALUD OCUPACIONAL Y MEDIO AMBIENTE EN EL SECTOR DE LA CONSTRUCCION,Femenino,2012-1,2015,Dependiente,Educación,5,5,,"100,0%",$1.067.410
9110-Servicio Nacional de Aprendizaje - SENA,90281-TECNOLOGIA EN SEGURIDAD INDUSTRIAL SALUD OCUPACIONAL Y MEDIO AMBIENTE EN EL SECTOR DE LA CONSTRUCCION,Femenino,2012-1,2015,Dependiente,Explotación de minas y canteras,13,13,,"100,0%",$1.213.245
9110-Servicio Nacional de Aprendizaje - SENA,90281-TECNOLOGIA EN SEGURIDAD INDUSTRIAL SALUD OCUPACIONAL Y MEDIO AMBIENTE EN EL SECTOR DE LA CONSTRUCCION,Femenino,2012-1,2015,Dependiente,Industrias manufactureras,14,14,,"100,0%",$1.194.919
9110-Servicio Nacional de Aprendizaje - SENA,90281-TECNOLOGIA EN SEGURIDAD INDUSTRIAL SALUD OCUPACIONAL Y MEDIO AMBIENTE EN EL SECTOR DE LA CONSTRUCCION,Femenino,2012-1,2015,Dependiente,Información y comunicaciones,25,25,,"100,0%",$1.108.332
9110-Servicio Nacional de Aprendizaje - SENA,90281-TECNOLOGIA EN SEGURIDAD INDUSTRIAL SALUD OCUPACIONAL Y MEDIO AMBIENTE EN EL SECTOR DE LA CONSTRUCCION,Femenino,2012-1,2015,Dependiente,Otras actividades de servicios,6,6,,"100,0%",$1.183.892
9110-Servicio Nacional de Aprendizaje - SENA,90281-TECNOLOGIA EN SEGURIDAD INDUSTRIAL SALUD OCUPACIONAL Y MEDIO AMBIENTE EN EL SECTOR DE LA CONSTRUCCION,Femenino,2012-1,2015,Dependiente,Sin información,29,29,,"100,0%",$1.126.749
9110-Servicio Nacional de Aprendizaje - SENA,90281-TECNOLOGIA EN SEGURIDAD INDUSTRIAL SALUD OCUPACIONAL Y MEDIO AMBIENTE EN EL SECTOR DE LA CONSTRUCCION,Femenino,2012-1,2015,Dependiente,Transporte y almacenamiento,5,5,,"100,0%",$1.055.744
9110-Servicio Nacional de Aprendizaje - SENA,90281-TECNOLOGIA EN SEGURIDAD INDUSTRIAL SALUD OCUPACIONAL Y MEDIO AMBIENTE EN EL SECTOR DE LA CONSTRUCCION,Femenino,2012-1,2015,Independiente,Actividades financieras y de seguros,1,1,,"100,0%",NaN
9110-Servicio Nacional de Aprendizaje - SENA,90281-TECNOLOGIA EN SEGURIDAD INDUSTRIAL SALUD OCUPACIONAL Y MEDIO AMBIENTE EN EL SECTOR DE LA CONSTRUCCION,Femenino,2012-1,2015,Independiente,Actividades inmobiliarias,1,1,,"100,0%",NaN
9110-Servicio Nacional de Aprendizaje - SENA,90281-TECNOLOGIA EN SEGURIDAD INDUSTRIAL SALUD OCUPACIONAL Y MEDIO AMBIENTE EN EL SECTOR DE LA CONSTRUCCION,Femenino,2012-1,2015,Independiente,Comercio al por mayor y al por menor; reparación de vehículos automotores y motocicletas,1,1,,"100,0%",NaN
9110-Servicio Nacional de Aprendizaje - SENA,90281-TECNOLOGIA EN SEGURIDAD INDUSTRIAL SALUD OCUPACIONAL Y MEDIO AMBIENTE EN EL SECTOR DE LA CONSTRUCCION,Femenino,2012-1,2015,Independiente,Educación,1,1,,"100,0%",NaN
9110-Servicio Nacional de Aprendizaje - SENA,90281-TECNOLOGIA EN SEGURIDAD INDUSTRIAL SALUD OCUPACIONAL Y MEDIO AMBIENTE EN EL SECTOR DE LA CONSTRUCCION,Femenino,2012-1,2015,Independiente,Industrias manufactureras,1,1,,"100,0%",NaN
9110-Servicio Nacional de Aprendizaje - SENA,90281-TECNOLOGIA EN SEGURIDAD INDUSTRIAL SALUD OCUPACIONAL Y MEDIO AMBIENTE EN EL SECTOR DE LA CONSTRUCCION,Femenino,2012-1,2015,Independiente,Información y comunicaciones,4,4,,"100,0%",NaN
9110-Servicio Nacional de Aprendizaje - SENA,90281-TECNOLOGIA EN SEGURIDAD INDUSTRIAL SALUD OCUPACIONAL Y MEDIO AMBIENTE EN EL SECTOR DE LA CONSTRUCCION,Femenino,2012-1,2015,Independiente,Sin información,9,9,,"100,0%",NaN
9110-Servicio Nacional de Aprendizaje - SENA,90281-TECNOLOGIA EN SEGURIDAD INDUSTRIAL SALUD OCUPACIONAL Y MEDIO AMBIENTE EN EL SECTOR DE LA CONSTRUCCION,Femenino,2012-1,2015,No cotizante,Sin información,84,0,,"0,0%",NaN
9110-Servicio Nacional de Aprendizaje - SENA,90281-TECNOLOGIA EN SEGURIDAD INDUSTRIAL SALUD OCUPACIONAL Y MEDIO AMBIENTE EN EL SECTOR DE LA CONSTRUCCION,Masculino,2012-1,2013,Dependiente,Sin información,97,97,,"100,0%",$1.047.507
9110-Servicio Nacional de Aprendizaje - SENA,90281-TECNOLOGIA EN SEGURIDAD INDUSTRIAL SALUD OCUPACIONAL Y MEDIO AMBIENTE EN EL SECTOR DE LA CONSTRUCCION,Masculino,2012-1,2013,Independiente,Sin información,11,11,,"100,0%",NaN
9110-Servicio Nacional de Aprendizaje - SENA,90281-TECNOLOGIA EN SEGURIDAD INDUSTRIAL SALUD OCUPACIONAL Y MEDIO AMBIENTE EN EL SECTOR DE LA CONSTRUCCION,Masculino,2012-1,2013,No cotizante,Sin información,19,0,,"0,0%",NaN
9110-Servicio Nacional de Aprendizaje - SENA,90281-TECNOLOGIA EN SEGURIDAD INDUSTRIAL SALUD OCUPACIONAL Y MEDIO AMBIENTE EN EL SECTOR DE LA CONSTRUCCION,Masculino,2012-1,2014,Dependiente,"Actividades artísticas, de entretenimiento y recreación",1,1,,"100,0%",$917.000
9110-Servicio Nacional de Aprendizaje - SENA,90281-TECNOLOGIA EN SEGURIDAD INDUSTRIAL SALUD OCUPACIONAL Y MEDIO AMBIENTE EN EL SECTOR DE LA CONSTRUCCION,Masculino,2012-1,2014,Dependiente,Actividades de atención de la salud humana y de asistencia social,2,2,,"100,0%",$661.000
9110-Servicio Nacional de Aprendizaje - SENA,90281-TECNOLOGIA EN SEGURIDAD INDUSTRIAL SALUD OCUPACIONAL Y MEDIO AMBIENTE EN EL SECTOR DE LA CONSTRUCCION,Masculino,2012-1,2014,Dependiente,Actividades de servicios administrativos y de apoyo,13,13,,"100,0%",$1.170.698
9110-Servicio Nacional de Aprendizaje - SENA,90281-TECNOLOGIA EN SEGURIDAD INDUSTRIAL SALUD OCUPACIONAL Y MEDIO AMBIENTE EN EL SECTOR DE LA CONSTRUCCION,Masculino,2012-1,2014,Dependiente,Actividades financieras y de seguros,4,4,,"100,0%",$1.258.500
9110-Servicio Nacional de Aprendizaje - SENA,90281-TECNOLOGIA EN SEGURIDAD INDUSTRIAL SALUD OCUPACIONAL Y MEDIO AMBIENTE EN EL SECTOR DE LA CONSTRUCCION,Masculino,2012-1,2014,Dependiente,"Actividades profesionales, científicas y técnicas",2,2,,"100,0%",$1.096.500
9110-Servicio Nacional de Aprendizaje - SENA,90281-TECNOLOGIA EN SEGURIDAD INDUSTRIAL SALUD OCUPACIONAL Y MEDIO AMBIENTE EN EL SECTOR DE LA CONSTRUCCION,Masculino,2012-1,2014,Dependiente,Administración pública y defensa; planes de seguridad social de afiliación obligatoria,1,1,,"100,0%",$2.152.000
9110-Servicio Nacional de Aprendizaje - SENA,90281-TECNOLOGIA EN SEGURIDAD INDUSTRIAL SALUD OCUPACIONAL Y MEDIO AMBIENTE EN EL SECTOR DE LA CONSTRUCCION,Masculino,2012-1,2014,Dependiente,"Agricultura, ganadería, caza, silvicultura y pesca",1,1,,"100,0%",$800.000
9110-Servicio Nacional de Aprendizaje - SENA,90281-TECNOLOGIA EN SEGURIDAD INDUSTRIAL SALUD OCUPACIONAL Y MEDIO AMBIENTE EN EL SECTOR DE LA CONSTRUCCION,Masculino,2012-1,2014,Dependiente,Alojamiento y servicios de comida,1,1,,"100,0%",$2.200.000
9110-Servicio Nacional de Aprendizaje - SENA,90281-TECNOLOGIA EN SEGURIDAD INDUSTRIAL SALUD OCUPACIONAL Y MEDIO AMBIENTE EN EL SECTOR DE LA CONSTRUCCION,Masculino,2012-1,2014,Dependiente,Comercio al por mayor y al por menor; reparación de vehículos automotores y motocicletas,1,1,,"100,0%",$616.000
9110-Servicio Nacional de Aprendizaje - SENA,90281-TECNOLOGIA EN SEGURIDAD INDUSTRIAL SALUD OCUPACIONAL Y MEDIO AMBIENTE EN EL SECTOR DE LA CONSTRUCCION,Masculino,2012-1,2014,Dependiente,Construccion,22,22,,"100,0%",$1.349.464
9110-Servicio Nacional de Aprendizaje - SENA,90281-TECNOLOGIA EN SEGURIDAD INDUSTRIAL SALUD OCUPACIONAL Y MEDIO AMBIENTE EN EL SECTOR DE LA CONSTRUCCION,Masculino,2012-1,2014,Dependiente,Educación,2,2,,"100,0%",$961.000
9110-Servicio Nacional de Aprendizaje - SENA,90281-TECNOLOGIA EN SEGURIDAD INDUSTRIAL SALUD OCUPACIONAL Y MEDIO AMBIENTE EN EL SECTOR DE LA CONSTRUCCION,Masculino,2012-1,2014,Dependiente,Explotación de minas y canteras,8,8,,"100,0%",$1.864.125
9110-Servicio Nacional de Aprendizaje - SENA,90281-TECNOLOGIA EN SEGURIDAD INDUSTRIAL SALUD OCUPACIONAL Y MEDIO AMBIENTE EN EL SECTOR DE LA CONSTRUCCION,Masculino,2012-1,2014,Dependiente,Industrias manufactureras,12,12,,"100,0%",$1.112.221
9110-Servicio Nacional de Aprendizaje - SENA,90281-TECNOLOGIA EN SEGURIDAD INDUSTRIAL SALUD OCUPACIONAL Y MEDIO AMBIENTE EN EL SECTOR DE LA CONSTRUCCION,Masculino,2012-1,2014,Dependiente,Información y comunicaciones,14,14,,"100,0%",$1.095.633
9110-Servicio Nacional de Aprendizaje - SENA,90281-TECNOLOGIA EN SEGURIDAD INDUSTRIAL SALUD OCUPACIONAL Y MEDIO AMBIENTE EN EL SECTOR DE LA CONSTRUCCION,Masculino,2012-1,2014,Dependiente,Sin información,12,12,,"100,0%",$1.017.179
9110-Servicio Nacional de Aprendizaje - SENA,90281-TECNOLOGIA EN SEGURIDAD INDUSTRIAL SALUD OCUPACIONAL Y MEDIO AMBIENTE EN EL SECTOR DE LA CONSTRUCCION,Masculino,2012-1,2014,Dependiente,Transporte y almacenamiento,2,2,,"100,0%",$673.000
9110-Servicio Nacional de Aprendizaje - SENA,90281-TECNOLOGIA EN SEGURIDAD INDUSTRIAL SALUD OCUPACIONAL Y MEDIO AMBIENTE EN EL SECTOR DE LA CONSTRUCCION,Masculino,2012-1,2014,Independiente,"Actividades profesionales, científicas y técnicas",1,1,,"100,0%",NaN
9110-Servicio Nacional de Aprendizaje - SENA,90281-TECNOLOGIA EN SEGURIDAD INDUSTRIAL SALUD OCUPACIONAL Y MEDIO AMBIENTE EN EL SECTOR DE LA CONSTRUCCION,Masculino,2012-1,2014,Independiente,Construccion,1,1,,"100,0%",NaN
9110-Servicio Nacional de Aprendizaje - SENA,90281-TECNOLOGIA EN SEGURIDAD INDUSTRIAL SALUD OCUPACIONAL Y MEDIO AMBIENTE EN EL SECTOR DE LA CONSTRUCCION,Masculino,2012-1,2014,Independiente,Educación,1,1,,"100,0%",NaN
9110-Servicio Nacional de Aprendizaje - SENA,90281-TECNOLOGIA EN SEGURIDAD INDUSTRIAL SALUD OCUPACIONAL Y MEDIO AMBIENTE EN EL SECTOR DE LA CONSTRUCCION,Masculino,2012-1,2014,Independiente,Información y comunicaciones,5,5,,"100,0%",NaN
9110-Servicio Nacional de Aprendizaje - SENA,90281-TECNOLOGIA EN SEGURIDAD INDUSTRIAL SALUD OCUPACIONAL Y MEDIO AMBIENTE EN EL SECTOR DE LA CONSTRUCCION,Masculino,2012-1,2014,Independiente,Sin información,4,4,,"100,0%",NaN
9110-Servicio Nacional de Aprendizaje - SENA,90281-TECNOLOGIA EN SEGURIDAD INDUSTRIAL SALUD OCUPACIONAL Y MEDIO AMBIENTE EN EL SECTOR DE LA CONSTRUCCION,Masculino,2012-1,2014,No cotizante,Sin información,17,0,,"0,0%",NaN
9110-Servicio Nacional de Aprendizaje - SENA,90281-TECNOLOGIA EN SEGURIDAD INDUSTRIAL SALUD OCUPACIONAL Y MEDIO AMBIENTE EN EL SECTOR DE LA CONSTRUCCION,Masculino,2012-1,2015,Dependiente,Actividades de atención de la salud humana y de asistencia social,2,2,,"100,0%",$1.124.000
9110-Servicio Nacional de Aprendizaje - SENA,90281-TECNOLOGIA EN SEGURIDAD INDUSTRIAL SALUD OCUPACIONAL Y MEDIO AMBIENTE EN EL SECTOR DE LA CONSTRUCCION,Masculino,2012-1,2015,Dependiente,Actividades de los hogares individuales en calidad de empleadores; actividades no diferenciadas de los hogares individuales como productores de bienes y servicios para uso propio,1,1,,"100,0%",$1.909.000
9110-Servicio Nacional de Aprendizaje - SENA,90281-TECNOLOGIA EN SEGURIDAD INDUSTRIAL SALUD OCUPACIONAL Y MEDIO AMBIENTE EN EL SECTOR DE LA CONSTRUCCION,Masculino,2012-1,2015,Dependiente,Actividades de servicios administrativos y de apoyo,14,14,,"100,0%",$1.304.838
9110-Servicio Nacional de Aprendizaje - SENA,90281-TECNOLOGIA EN SEGURIDAD INDUSTRIAL SALUD OCUPACIONAL Y MEDIO AMBIENTE EN EL SECTOR DE LA CONSTRUCCION,Masculino,2012-1,2015,Dependiente,Actividades financieras y de seguros,7,7,,"100,0%",$1.016.907
9110-Servicio Nacional de Aprendizaje - SENA,90281-TECNOLOGIA EN SEGURIDAD INDUSTRIAL SALUD OCUPACIONAL Y MEDIO AMBIENTE EN EL SECTOR DE LA CONSTRUCCION,Masculino,2012-1,2015,Dependiente,Actividades inmobiliarias,1,1,,"100,0%",$1.000.000
9110-Servicio Nacional de Aprendizaje - SENA,90281-TECNOLOGIA EN SEGURIDAD INDUSTRIAL SALUD OCUPACIONAL Y MEDIO AMBIENTE EN EL SECTOR DE LA CONSTRUCCION,Masculino,2012-1,2015,Dependiente,"Actividades profesionales, científicas y técnicas",1,1,,"100,0%",$960.000
9110-Servicio Nacional de Aprendizaje - SENA,90281-TECNOLOGIA EN SEGURIDAD INDUSTRIAL SALUD OCUPACIONAL Y MEDIO AMBIENTE EN EL SECTOR DE LA CONSTRUCCION,Masculino,2012-1,2015,Dependiente,"Agricultura, ganadería, caza, silvicultura y pesca",1,1,,"100,0%",$661.000
9110-Servicio Nacional de Aprendizaje - SENA,90281-TECNOLOGIA EN SEGURIDAD INDUSTRIAL SALUD OCUPACIONAL Y MEDIO AMBIENTE EN EL SECTOR DE LA CONSTRUCCION,Masculino,2012-1,2015,Dependiente,Comercio al por mayor y al por menor; reparación de vehículos automotores y motocicletas,3,3,,"100,0%",$1.121.450
9110-Servicio Nacional de Aprendizaje - SENA,90281-TECNOLOGIA EN SEGURIDAD INDUSTRIAL SALUD OCUPACIONAL Y MEDIO AMBIENTE EN EL SECTOR DE LA CONSTRUCCION,Masculino,2012-1,2015,Dependiente,Construccion,19,19,,"100,0%",$1.318.886
9110-Servicio Nacional de Aprendizaje - SENA,90281-TECNOLOGIA EN SEGURIDAD INDUSTRIAL SALUD OCUPACIONAL Y MEDIO AMBIENTE EN EL SECTOR DE LA CONSTRUCCION,Masculino,2012-1,2015,Dependiente,"Distribución de agua; evacuación y tratamiento de aguas residuales, gestión de desechos y actividades de saneamiento ambiental",1,1,,"100,0%",$849.600
9110-Servicio Nacional de Aprendizaje - SENA,90281-TECNOLOGIA EN SEGURIDAD INDUSTRIAL SALUD OCUPACIONAL Y MEDIO AMBIENTE EN EL SECTOR DE LA CONSTRUCCION,Masculino,2012-1,2015,Dependiente,Educación,1,1,,"100,0%",$1.410.000
9110-Servicio Nacional de Aprendizaje - SENA,90281-TECNOLOGIA EN SEGURIDAD INDUSTRIAL SALUD OCUPACIONAL Y MEDIO AMBIENTE EN EL SECTOR DE LA CONSTRUCCION,Masculino,2012-1,2015,Dependiente,Explotación de minas y canteras,7,7,,"100,0%",$1.654.479
9110-Servicio Nacional de Aprendizaje - SENA,90281-TECNOLOGIA EN SEGURIDAD INDUSTRIAL SALUD OCUPACIONAL Y MEDIO AMBIENTE EN EL SECTOR DE LA CONSTRUCCION,Masculino,2012-1,2015,Dependiente,Industrias manufactureras,8,8,,"100,0%",$1.475.750
9110-Servicio Nacional de Aprendizaje - SENA,90281-TECNOLOGIA EN SEGURIDAD INDUSTRIAL SALUD OCUPACIONAL Y MEDIO AMBIENTE EN EL SECTOR DE LA CONSTRUCCION,Masculino,2012-1,2015,Dependiente,Información y comunicaciones,14,14,,"100,0%",$1.408.034
9110-Servicio Nacional de Aprendizaje - SENA,90281-TECNOLOGIA EN SEGURIDAD INDUSTRIAL SALUD OCUPACIONAL Y MEDIO AMBIENTE EN EL SECTOR DE LA CONSTRUCCION,Masculino,2012-1,2015,Dependiente,Otras actividades de servicios,1,1,,"100,0%",$644.350
9110-Servicio Nacional de Aprendizaje - SENA,90281-TECNOLOGIA EN SEGURIDAD INDUSTRIAL SALUD OCUPACIONAL Y MEDIO AMBIENTE EN EL SECTOR DE LA CONSTRUCCION,Masculino,2012-1,2015,Dependiente,Sin información,12,12,,"100,0%",$1.369.946
9110-Servicio Nacional de Aprendizaje - SENA,90281-TECNOLOGIA EN SEGURIDAD INDUSTRIAL SALUD OCUPACIONAL Y MEDIO AMBIENTE EN EL SECTOR DE LA CONSTRUCCION,Masculino,2012-1,2015,Dependiente,Transporte y almacenamiento,7,7,,"100,0%",$1.148.438
9110-Servicio Nacional de Aprendizaje - SENA,90281-TECNOLOGIA EN SEGURIDAD INDUSTRIAL SALUD OCUPACIONAL Y MEDIO AMBIENTE EN EL SECTOR DE LA CONSTRUCCION,Masculino,2012-1,2015,Independiente,"Actividades profesionales, científicas y técnicas",1,1,,"100,0%",NaN
9110-Servicio Nacional de Aprendizaje - SENA,90281-TECNOLOGIA EN SEGURIDAD INDUSTRIAL SALUD OCUPACIONAL Y MEDIO AMBIENTE EN EL SECTOR DE LA CONSTRUCCION,Masculino,2012-1,2015,Independiente,Educación,1,1,,"100,0%",NaN
9110-Servicio Nacional de Aprendizaje - SENA,90281-TECNOLOGIA EN SEGURIDAD INDUSTRIAL SALUD OCUPACIONAL Y MEDIO AMBIENTE EN EL SECTOR DE LA CONSTRUCCION,Masculino,2012-1,2015,Independiente,Información y comunicaciones,2,2,,"100,0%",NaN
9110-Servicio Nacional de Aprendizaje - SENA,90281-TECNOLOGIA EN SEGURIDAD INDUSTRIAL SALUD OCUPACIONAL Y MEDIO AMBIENTE EN EL SECTOR DE LA CONSTRUCCION,Masculino,2012-1,2015,Independiente,Sin información,5,5,,"100,0%",NaN
9110-Servicio Nacional de Aprendizaje - SENA,90281-TECNOLOGIA EN SEGURIDAD INDUSTRIAL SALUD OCUPACIONAL Y MEDIO AMBIENTE EN EL SECTOR DE LA CONSTRUCCION,Masculino,2012-1,2015,No cotizante,Sin información,18,0,,"0,0%",NaN
3716-Tecnológica FITEC,53167-TECNICA PROFESIONAL EN GESTION AGROPECUARIA,Femenino,2012-1,2016,No cotizante,Sin información,2,0,,"0,0%",NaN
3716-Tecnológica FITEC,53167-TECNICA PROFESIONAL EN GESTION AGROPECUARIA,Femenino,2012-1,2017,No cotizante,Sin información,3,0,,"0,0%",NaN
3716-Tecnológica FITEC,53167-TECNICA PROFESIONAL EN GESTION AGROPECUARIA,Femenino,2012-1,2018,No cotizante,Sin información,3,0,,"0,0%",NaN
3716-Tecnológica FITEC,53167-TECNICA PROFESIONAL EN GESTION AGROPECUARIA,Femenino,2012-1,2019,No cotizante,Sin información,3,0,,"0,0%",NaN
3716-Tecnológica FITEC,53167-TECNICA PROFESIONAL EN GESTION AGROPECUARIA,Femenino,2012-1,2020,No cotizante,Sin información,3,0,,"0,0%",NaN
3716-Tecnológica FITEC,53167-TECNICA PROFESIONAL EN GESTION AGROPECUARIA,Femenino,2012-1,2021,No cotizante,Sin información,3,0,,"0,0%",NaN
3716-Tecnológica FITEC,53167-TECNICA PROFESIONAL EN GESTION AGROPECUARIA,Femenino,2012-1,2022,No cotizante,SIN DATO,3,0,,"0,0%",NaN
3716-Tecnológica FITEC,53167-TECNICA PROFESIONAL EN GESTION AGROPECUARIA,Femenino,2012-1,2023,No cotizante,SIN DATO,3,0,,"0,0%",NaN
3716-Tecnológica FITEC,53167-TECNICA PROFESIONAL EN GESTION AGROPECUARIA,Masculino,2012-1,2016,Dependiente,Comercio al por mayor y al por menor; reparación de vehículos automotores y motocicletas,1,1,,"100,0%",$1.891.000
3716-Tecnológica FITEC,53167-TECNICA PROFESIONAL EN GESTION AGROPECUARIA,Masculino,2012-1,2016,No cotizante,Sin información,3,0,,"0,0%",NaN
3716-Tecnológica FITEC,53167-TECNICA PROFESIONAL EN GESTION AGROPECUARIA,Masculino,2012-1,2017,Dependiente,Comercio al por mayor y al por menor; reparación de vehículos automotores y motocicletas,1,1,,"100,0%",NaN
3716-Tecnológica FITEC,53167-TECNICA PROFESIONAL EN GESTION AGROPECUARIA,Masculino,2012-1,2017,No cotizante,Sin información,3,0,,"0,0%",NaN
3716-Tecnológica FITEC,53167-TECNICA PROFESIONAL EN GESTION AGROPECUARIA,Masculino,2012-1,2018,Dependiente,Comercio al por mayor y al por menor; reparación de vehículos automotores y motocicletas,1,1,,"100,0%",NaN
3716-Tecnológica FITEC,53167-TECNICA PROFESIONAL EN GESTION AGROPECUARIA,Masculino,2012-1,2018,Dependiente,Construccion,1,1,,"100,0%",NaN
3716-Tecnológica FITEC,53167-TECNICA PROFESIONAL EN GESTION AGROPECUARIA,Masculino,2012-1,2018,No cotizante,Sin información,2,0,,"0,0%",NaN
3716-Tecnológica FITEC,53167-TECNICA PROFESIONAL EN GESTION AGROPECUARIA,Masculino,2012-1,2019,Dependiente,Comercio al por mayor y al por menor; reparación de vehículos automotores y motocicletas,1,1,,"100,0%",NaN
3716-Tecnológica FITEC,53167-TECNICA PROFESIONAL EN GESTION AGROPECUARIA,Masculino,2012-1,2019,No cotizante,Sin información,3,0,,"0,0%",NaN
3716-Tecnológica FITEC,53167-TECNICA PROFESIONAL EN GESTION AGROPECUARIA,Masculino,2012-1,2020,Dependiente,Transporte y almacenamiento,1,1,,"100,0%",NaN
3716-Tecnológica FITEC,53167-TECNICA PROFESIONAL EN GESTION AGROPECUARIA,Masculino,2012-1,2020,No cotizante,Sin información,3,0,,"0,0%",NaN
3716-Tecnológica FITEC,53167-TECNICA PROFESIONAL EN GESTION AGROPECUARIA,Masculino,2012-1,2021,Dependiente,Transporte y almacenamiento,1,1,,"100,0%",NaN
3716-Tecnológica FITEC,53167-TECNICA PROFESIONAL EN GESTION AGROPECUARIA,Masculino,2012-1,2021,No cotizante,Sin información,3,0,,"0,0%",NaN
3716-Tecnológica FITEC,53167-TECNICA PROFESIONAL EN GESTION AGROPECUARIA,Masculino,2012-1,2022,Dependiente,Transporte y almacenamiento,1,1,,"100,0%",NaN
3716-Tecnológica FITEC,53167-TECNICA PROFESIONAL EN GESTION AGROPECUARIA,Masculino,2012-1,2022,No cotizante,SIN DATO,3,0,,"0,0%",NaN
3716-Tecnológica FITEC,53167-TECNICA PROFESIONAL EN GESTION AGROPECUARIA,Masculino,2012-1,2023,Dependiente,Construccion,1,1,,"100,0%",NaN
3716-Tecnológica FITEC,53167-TECNICA PROFESIONAL EN GESTION AGROPECUARIA,Masculino,2012-1,2023,No cotizante,SIN DATO,3,0,,"0,0%",NaN
3716-Tecnológica FITEC,54574-TECNICA PROFESIONAL EN OPERACION DE SISTEMAS DE MANEJO AMBIENTAL,Femenino,2012-1,2016,Dependiente,Administración pública y defensa; planes de seguridad social de afiliación obligatoria,1,1,,"100,0%",$1.338.000
3716-Tecnológica FITEC,54574-TECNICA PROFESIONAL EN OPERACION DE SISTEMAS DE MANEJO AMBIENTAL,Femenino,2012-1,2016,Independiente,Sin información,2,2,,"100,0%",NaN
3716-Tecnológica FITEC,54574-TECNICA PROFESIONAL EN OPERACION DE SISTEMAS DE MANEJO AMBIENTAL,Femenino,2012-1,2016,No cotizante,Sin información,4,0,,"0,0%",NaN
3716-Tecnológica FITEC,54574-TECNICA PROFESIONAL EN OPERACION DE SISTEMAS DE MANEJO AMBIENTAL,Femenino,2012-1,2017,Dependiente,Administración pública y defensa; planes de seguridad social de afiliación obligatoria,1,1,,"100,0%",NaN
3716-Tecnológica FITEC,54574-TECNICA PROFESIONAL EN OPERACION DE SISTEMAS DE MANEJO AMBIENTAL,Femenino,2012-1,2017,No cotizante,Sin información,7,0,,"0,0%",NaN
3716-Tecnológica FITEC,54574-TECNICA PROFESIONAL EN OPERACION DE SISTEMAS DE MANEJO AMBIENTAL,Femenino,2012-1,2018,Dependiente,Administración pública y defensa; planes de seguridad social de afiliación obligatoria,1,1,,"100,0%",NaN
3716-Tecnológica FITEC,54574-TECNICA PROFESIONAL EN OPERACION DE SISTEMAS DE MANEJO AMBIENTAL,Femenino,2012-1,2018,Independiente,Sin información,1,1,,"100,0%",NaN
3716-Tecnológica FITEC,54574-TECNICA PROFESIONAL EN OPERACION DE SISTEMAS DE MANEJO AMBIENTAL,Femenino,2012-1,2018,No cotizante,Sin información,6,0,,"0,0%",NaN
3716-Tecnológica FITEC,54574-TECNICA PROFESIONAL EN OPERACION DE SISTEMAS DE MANEJO AMBIENTAL,Femenino,2012-1,2019,Dependiente,Otras actividades de servicios,1,1,,"100,0%",NaN
3716-Tecnológica FITEC,54574-TECNICA PROFESIONAL EN OPERACION DE SISTEMAS DE MANEJO AMBIENTAL,Femenino,2012-1,2019,No cotizante,Sin información,7,0,,"0,0%",NaN
3716-Tecnológica FITEC,54574-TECNICA PROFESIONAL EN OPERACION DE SISTEMAS DE MANEJO AMBIENTAL,Femenino,2012-1,2020,Dependiente,Administración pública y defensa; planes de seguridad social de afiliación obligatoria,2,2,,"100,0%",NaN
3716-Tecnológica FITEC,54574-TECNICA PROFESIONAL EN OPERACION DE SISTEMAS DE MANEJO AMBIENTAL,Femenino,2012-1,2020,No cotizante,Sin información,6,0,,"0,0%",NaN
3716-Tecnológica FITEC,54574-TECNICA PROFESIONAL EN OPERACION DE SISTEMAS DE MANEJO AMBIENTAL,Femenino,2012-1,2021,Dependiente,Administración pública y defensa; planes de seguridad social de afiliación obligatoria,1,1,,"100,0%",NaN
3716-Tecnológica FITEC,54574-TECNICA PROFESIONAL EN OPERACION DE SISTEMAS DE MANEJO AMBIENTAL,Femenino,2012-1,2021,Dependiente,Otras actividades de servicios,1,1,,"100,0%",NaN
3716-Tecnológica FITEC,54574-TECNICA PROFESIONAL EN OPERACION DE SISTEMAS DE MANEJO AMBIENTAL,Femenino,2012-1,2021,Dependiente,Transporte y almacenamiento,1,1,,"100,0%",NaN
3716-Tecnológica FITEC,54574-TECNICA PROFESIONAL EN OPERACION DE SISTEMAS DE MANEJO AMBIENTAL,Femenino,2012-1,2021,No cotizante,Sin información,5,0,,"0,0%",NaN
3716-Tecnológica FITEC,54574-TECNICA PROFESIONAL EN OPERACION DE SISTEMAS DE MANEJO AMBIENTAL,Femenino,2012-1,2022,Dependiente,Actividades de servicios administrativos y de apoyo,1,1,,"100,0%",NaN
3716-Tecnológica FITEC,54574-TECNICA PROFESIONAL EN OPERACION DE SISTEMAS DE MANEJO AMBIENTAL,Femenino,2012-1,2022,Dependiente,Administración pública y defensa; planes de seguridad social de afiliación obligatoria,2,2,,"100,0%",NaN
3716-Tecnológica FITEC,54574-TECNICA PROFESIONAL EN OPERACION DE SISTEMAS DE MANEJO AMBIENTAL,Femenino,2012-1,2022,No cotizante,SIN DATO,5,0,,"0,0%",NaN
3716-Tecnológica FITEC,54574-TECNICA PROFESIONAL EN OPERACION DE SISTEMAS DE MANEJO AMBIENTAL,Femenino,2012-1,2023,Dependiente,Administración pública y defensa; planes de seguridad social de afiliación obligatoria,2,2,,"100,0%",NaN
3716-Tecnológica FITEC,54574-TECNICA PROFESIONAL EN OPERACION DE SISTEMAS DE MANEJO AMBIENTAL,Femenino,2012-1,2023,No cotizante,SIN DATO,6,0,,"0,0%",NaN
3716-Tecnológica FITEC,54574-TECNICA PROFESIONAL EN OPERACION DE SISTEMAS DE MANEJO AMBIENTAL,Masculino,2012-1,2016,Dependiente,Sin información,1,1,,"100,0%",$938.750
3716-Tecnológica FITEC,54574-TECNICA PROFESIONAL EN OPERACION DE SISTEMAS DE MANEJO AMBIENTAL,Masculino,2012-1,2017,Dependiente,Comercio al por mayor y al por menor; reparación de vehículos automotores y motocicletas,1,1,,"100,0%",NaN
3716-Tecnológica FITEC,54574-TECNICA PROFESIONAL EN OPERACION DE SISTEMAS DE MANEJO AMBIENTAL,Masculino,2012-1,2018,Dependiente,Comercio al por mayor y al por menor; reparación de vehículos automotores y motocicletas,1,1,,"100,0%",NaN
3716-Tecnológica FITEC,54574-TECNICA PROFESIONAL EN OPERACION DE SISTEMAS DE MANEJO AMBIENTAL,Masculino,2012-1,2019,Dependiente,Comercio al por mayor y al por menor; reparación de vehículos automotores y motocicletas,1,1,,"100,0%",NaN
3716-Tecnológica FITEC,54574-TECNICA PROFESIONAL EN OPERACION DE SISTEMAS DE MANEJO AMBIENTAL,Masculino,2012-1,2020,No cotizante,Sin información,1,0,,"0,0%",NaN
3716-Tecnológica FITEC,54574-TECNICA PROFESIONAL EN OPERACION DE SISTEMAS DE MANEJO AMBIENTAL,Masculino,2012-1,2021,Dependiente,Actividades de servicios administrativos y de apoyo,1,1,,"100,0%",NaN
3716-Tecnológica FITEC,54574-TECNICA PROFESIONAL EN OPERACION DE SISTEMAS DE MANEJO AMBIENTAL,Masculino,2012-1,2022,Dependiente,Construccion,1,1,,"100,0%",NaN
3716-Tecnológica FITEC,54574-TECNICA PROFESIONAL EN OPERACION DE SISTEMAS DE MANEJO AMBIENTAL,Masculino,2012-1,2023,Dependiente,Actividades de servicios administrativos y de apoyo,1,1,,"100,0%",NaN
1826-Universidad Antonio Nariño,9874-ESPECIALIZACION EN ADMINISTRACION PUBLICA,Femenino,2012-1,2016,Dependiente,Actividades de atención de la salud humana y de asistencia social,1,1,,"100,0%",$689.455
1826-Universidad Antonio Nariño,9874-ESPECIALIZACION EN ADMINISTRACION PUBLICA,Femenino,2012-1,2016,Dependiente,Administración pública y defensa; planes de seguridad social de afiliación obligatoria,1,1,,"100,0%",$3.704.000
1826-Universidad Antonio Nariño,9874-ESPECIALIZACION EN ADMINISTRACION PUBLICA,Femenino,2012-1,2017,Dependiente,Actividades de atención de la salud humana y de asistencia social,1,1,,"100,0%",NaN
1826-Universidad Antonio Nariño,9874-ESPECIALIZACION EN ADMINISTRACION PUBLICA,Femenino,2012-1,2017,Dependiente,Administración pública y defensa; planes de seguridad social de afiliación obligatoria,1,1,,"100,0%",NaN
1826-Universidad Antonio Nariño,9874-ESPECIALIZACION EN ADMINISTRACION PUBLICA,Femenino,2012-1,2018,Dependiente,"Actividades profesionales, científicas y técnicas",1,1,,"100,0%",NaN
1826-Universidad Antonio Nariño,9874-ESPECIALIZACION EN ADMINISTRACION PUBLICA,Femenino,2012-1,2018,Dependiente,Administración pública y defensa; planes de seguridad social de afiliación obligatoria,1,1,,"100,0%",NaN
1826-Universidad Antonio Nariño,9874-ESPECIALIZACION EN ADMINISTRACION PUBLICA,Femenino,2012-1,2019,Dependiente,Administración pública y defensa; planes de seguridad social de afiliación obligatoria,1,1,,"100,0%",NaN
1826-Universidad Antonio Nariño,9874-ESPECIALIZACION EN ADMINISTRACION PUBLICA,Femenino,2012-1,2019,No cotizante,Sin información,1,0,,"0,0%",NaN
1826-Universidad Antonio Nariño,9874-ESPECIALIZACION EN ADMINISTRACION PUBLICA,Femenino,2012-1,2020,Dependiente,Administración pública y defensa; planes de seguridad social de afiliación obligatoria,1,1,,"100,0%",NaN
1826-Universidad Antonio Nariño,9874-ESPECIALIZACION EN ADMINISTRACION PUBLICA,Femenino,2012-1,2020,No cotizante,Sin información,1,0,,"0,0%",NaN
1826-Universidad Antonio Nariño,9874-ESPECIALIZACION EN ADMINISTRACION PUBLICA,Femenino,2012-1,2021,Dependiente,Administración pública y defensa; planes de seguridad social de afiliación obligatoria,1,1,,"100,0%",NaN
1826-Universidad Antonio Nariño,9874-ESPECIALIZACION EN ADMINISTRACION PUBLICA,Femenino,2012-1,2021,No cotizante,Sin información,1,0,,"0,0%",NaN
1826-Universidad Antonio Nariño,9874-ESPECIALIZACION EN ADMINISTRACION PUBLICA,Femenino,2012-1,2022,Independiente,"Actividades profesionales, científicas y técnicas",1,1,,"100,0%",NaN
1826-Universidad Antonio Nariño,9874-ESPECIALIZACION EN ADMINISTRACION PUBLICA,Femenino,2012-1,2022,No cotizante,SIN DATO,1,0,,"0,0%",NaN
1826-Universidad Antonio Nariño,9874-ESPECIALIZACION EN ADMINISTRACION PUBLICA,Femenino,2012-1,2023,No cotizante,SIN DATO,1,0,,"0,0%",NaN
1826-Universidad Antonio Nariño,9874-ESPECIALIZACION EN ADMINISTRACION PUBLICA,Masculino,2012-1,2016,Dependiente,"Distribución de agua; evacuación y tratamiento de aguas residuales, gestión de desechos y actividades de saneamiento ambiental",1,1,,"100,0%",$5.062.000
1826-Universidad Antonio Nariño,9874-ESPECIALIZACION EN ADMINISTRACION PUBLICA,Masculino,2012-1,2016,Dependiente,Industrias manufactureras,1,1,,"100,0%",$2.127.000
1826-Universidad Antonio Nariño,9874-ESPECIALIZACION EN ADMINISTRACION PUBLICA,Masculino,2012-1,2016,Independiente,"Actividades profesionales, científicas y técnicas",1,1,,"100,0%",NaN
1826-Universidad Antonio Nariño,9874-ESPECIALIZACION EN ADMINISTRACION PUBLICA,Masculino,2012-1,2017,Dependiente,"Distribución de agua; evacuación y tratamiento de aguas residuales, gestión de desechos y actividades de saneamiento ambiental",1,1,,"100,0%",NaN
1826-Universidad Antonio Nariño,9874-ESPECIALIZACION EN ADMINISTRACION PUBLICA,Masculino,2012-1,2017,Dependiente,Sin información,1,1,,"100,0%",NaN
1826-Universidad Antonio Nariño,9874-ESPECIALIZACION EN ADMINISTRACION PUBLICA,Masculino,2012-1,2017,Independiente,"Actividades profesionales, científicas y técnicas",1,1,,"100,0%",NaN
1826-Universidad Antonio Nariño,9874-ESPECIALIZACION EN ADMINISTRACION PUBLICA,Masculino,2012-1,2018,Dependiente,Actividades de organizaciones y entidades extraterritoriales,1,1,,"100,0%",NaN
1826-Universidad Antonio Nariño,9874-ESPECIALIZACION EN ADMINISTRACION PUBLICA,Masculino,2012-1,2018,Dependiente,"Distribución de agua; evacuación y tratamiento de aguas residuales, gestión de desechos y actividades de saneamiento ambiental",1,1,,"100,0%",NaN
1826-Universidad Antonio Nariño,9874-ESPECIALIZACION EN ADMINISTRACION PUBLICA,Masculino,2012-1,2018,Dependiente,Sin información,1,1,,"100,0%",NaN
1826-Universidad Antonio Nariño,9874-ESPECIALIZACION EN ADMINISTRACION PUBLICA,Masculino,2012-1,2019,Dependiente,Administración pública y defensa; planes de seguridad social de afiliación obligatoria,1,1,,"100,0%",NaN
1826-Universidad Antonio Nariño,9874-ESPECIALIZACION EN ADMINISTRACION PUBLICA,Masculino,2012-1,2019,Dependiente,"Distribución de agua; evacuación y tratamiento de aguas residuales, gestión de desechos y actividades de saneamiento ambiental",1,1,,"100,0%",NaN
1826-Universidad Antonio Nariño,9874-ESPECIALIZACION EN ADMINISTRACION PUBLICA,Masculino,2012-1,2019,Dependiente,"Suministro de electricidad, gas, vapor y aire acondicionado",1,1,,"100,0%",NaN
1826-Universidad Antonio Nariño,9874-ESPECIALIZACION EN ADMINISTRACION PUBLICA,Masculino,2012-1,2020,Dependiente,"Distribución de agua; evacuación y tratamiento de aguas residuales, gestión de desechos y actividades de saneamiento ambiental",1,1,,"100,0%",NaN
1826-Universidad Antonio Nariño,9874-ESPECIALIZACION EN ADMINISTRACION PUBLICA,Masculino,2012-1,2020,Dependiente,"Suministro de electricidad, gas, vapor y aire acondicionado",1,1,,"100,0%",NaN
1826-Universidad Antonio Nariño,9874-ESPECIALIZACION EN ADMINISTRACION PUBLICA,Masculino,2012-1,2020,Independiente,"Actividades profesionales, científicas y técnicas",1,1,,"100,0%",NaN
1826-Universidad Antonio Nariño,9874-ESPECIALIZACION EN ADMINISTRACION PUBLICA,Masculino,2012-1,2021,Dependiente,"Distribución de agua; evacuación y tratamiento de aguas residuales, gestión de desechos y actividades de saneamiento ambiental",1,1,,"100,0%",NaN
1826-Universidad Antonio Nariño,9874-ESPECIALIZACION EN ADMINISTRACION PUBLICA,Masculino,2012-1,2021,Dependiente,"Suministro de electricidad, gas, vapor y aire acondicionado",1,1,,"100,0%",NaN
1826-Universidad Antonio Nariño,9874-ESPECIALIZACION EN ADMINISTRACION PUBLICA,Masculino,2012-1,2021,Independiente,"Actividades profesionales, científicas y técnicas",1,1,,"100,0%",NaN
1826-Universidad Antonio Nariño,9874-ESPECIALIZACION EN ADMINISTRACION PUBLICA,Masculino,2012-1,2022,Dependiente,"Distribución de agua; evacuación y tratamiento de aguas residuales, gestión de desechos y actividades de saneamiento ambiental",1,1,,"100,0%",NaN
1826-Universidad Antonio Nariño,9874-ESPECIALIZACION EN ADMINISTRACION PUBLICA,Masculino,2012-1,2022,Dependiente,"Suministro de electricidad, gas, vapor y aire acondicionado",1,1,,"100,0%",NaN
1826-Universidad Antonio Nariño,9874-ESPECIALIZACION EN ADMINISTRACION PUBLICA,Masculino,2012-1,2022,No cotizante,SIN DATO,1,0,,"0,0%",NaN
1826-Universidad Antonio Nariño,9874-ESPECIALIZACION EN ADMINISTRACION PUBLICA,Masculino,2012-1,2023,Dependiente,"Distribución de agua; evacuación y tratamiento de aguas residuales, gestión de desechos y actividades de saneamiento ambiental",1,1,,"100,0%",NaN
1826-Universidad Antonio Nariño,9874-ESPECIALIZACION EN ADMINISTRACION PUBLICA,Masculino,2012-1,2023,Dependiente,"Suministro de electricidad, gas, vapor y aire acondicionado",1,1,,"100,0%",NaN
1826-Universidad Antonio Nariño,9874-ESPECIALIZACION EN ADMINISTRACION PUBLICA,Masculino,2012-1,2023,Independiente,"Actividades profesionales, científicas y técnicas",1,1,,"100,0%",NaN
1826-Universidad Antonio Nariño,2538-ESPECIALIZACION EN AUDITORIA DE SISTEMAS,Femenino,2012-1,2016,Dependiente,"Actividades profesionales, científicas y técnicas",1,1,,"100,0%",$4.775.000
1826-Universidad Antonio Nariño,2538-ESPECIALIZACION EN AUDITORIA DE SISTEMAS,Femenino,2012-1,2016,Dependiente,Administración pública y defensa; planes de seguridad social de afiliación obligatoria,1,1,,"100,0%",$2.934.000
1826-Universidad Antonio Nariño,2538-ESPECIALIZACION EN AUDITORIA DE SISTEMAS,Femenino,2012-1,2016,Dependiente,Comercio al por mayor y al por menor; reparación de vehículos automotores y motocicletas,1,1,,"100,0%",$2.415.000
1826-Universidad Antonio Nariño,2538-ESPECIALIZACION EN AUDITORIA DE SISTEMAS,Femenino,2012-1,2016,Dependiente,"Distribución de agua; evacuación y tratamiento de aguas residuales, gestión de desechos y actividades de saneamiento ambiental",1,1,,"100,0%",$2.023.000
1826-Universidad Antonio Nariño,2538-ESPECIALIZACION EN AUDITORIA DE SISTEMAS,Femenino,2012-1,2016,Independiente,Información y comunicaciones,1,1,,"100,0%",NaN
1826-Universidad Antonio Nariño,2538-ESPECIALIZACION EN AUDITORIA DE SISTEMAS,Femenino,2012-1,2017,Dependiente,Actividades de servicios administrativos y de apoyo,1,1,,"100,0%",NaN
1826-Universidad Antonio Nariño,2538-ESPECIALIZACION EN AUDITORIA DE SISTEMAS,Femenino,2012-1,2017,Dependiente,"Actividades profesionales, científicas y técnicas",1,1,,"100,0%",NaN
1826-Universidad Antonio Nariño,2538-ESPECIALIZACION EN AUDITORIA DE SISTEMAS,Femenino,2012-1,2017,Dependiente,Administración pública y defensa; planes de seguridad social de afiliación obligatoria,1,1,,"100,0%",NaN
1826-Universidad Antonio Nariño,2538-ESPECIALIZACION EN AUDITORIA DE SISTEMAS,Femenino,2012-1,2017,Dependiente,"Distribución de agua; evacuación y tratamiento de aguas residuales, gestión de desechos y actividades de saneamiento ambiental",1,1,,"100,0%",NaN
1826-Universidad Antonio Nariño,2538-ESPECIALIZACION EN AUDITORIA DE SISTEMAS,Femenino,2012-1,2017,Independiente,Sin información,1,1,,"100,0%",NaN
1826-Universidad Antonio Nariño,2538-ESPECIALIZACION EN AUDITORIA DE SISTEMAS,Femenino,2012-1,2018,Dependiente,Actividades de servicios administrativos y de apoyo,1,1,,"100,0%",NaN
1826-Universidad Antonio Nariño,2538-ESPECIALIZACION EN AUDITORIA DE SISTEMAS,Femenino,2012-1,2018,Dependiente,"Actividades profesionales, científicas y técnicas",1,1,,"100,0%",NaN
1826-Universidad Antonio Nariño,2538-ESPECIALIZACION EN AUDITORIA DE SISTEMAS,Femenino,2012-1,2018,Dependiente,Administración pública y defensa; planes de seguridad social de afiliación obligatoria,1,1,,"100,0%",NaN
1826-Universidad Antonio Nariño,2538-ESPECIALIZACION EN AUDITORIA DE SISTEMAS,Femenino,2012-1,2018,Dependiente,"Distribución de agua; evacuación y tratamiento de aguas residuales, gestión de desechos y actividades de saneamiento ambiental",1,1,,"100,0%",NaN
1826-Universidad Antonio Nariño,2538-ESPECIALIZACION EN AUDITORIA DE SISTEMAS,Femenino,2012-1,2018,Independiente,Sin información,1,1,,"100,0%",NaN
1826-Universidad Antonio Nariño,2538-ESPECIALIZACION EN AUDITORIA DE SISTEMAS,Femenino,2012-1,2019,Dependiente,"Actividades profesionales, científicas y técnicas",1,1,,"100,0%",NaN
1826-Universidad Antonio Nariño,2538-ESPECIALIZACION EN AUDITORIA DE SISTEMAS,Femenino,2012-1,2019,Dependiente,Administración pública y defensa; planes de seguridad social de afiliación obligatoria,2,2,,"100,0%",NaN
1826-Universidad Antonio Nariño,2538-ESPECIALIZACION EN AUDITORIA DE SISTEMAS,Femenino,2012-1,2019,Dependiente,"Distribución de agua; evacuación y tratamiento de aguas residuales, gestión de desechos y actividades de saneamiento ambiental",1,1,,"100,0%",NaN
1826-Universidad Antonio Nariño,2538-ESPECIALIZACION EN AUDITORIA DE SISTEMAS,Femenino,2012-1,2019,Independiente,Información y comunicaciones,1,1,,"100,0%",NaN
1826-Universidad Antonio Nariño,2538-ESPECIALIZACION EN AUDITORIA DE SISTEMAS,Femenino,2012-1,2020,Dependiente,"Actividades profesionales, científicas y técnicas",2,2,,"100,0%",NaN
1826-Universidad Antonio Nariño,2538-ESPECIALIZACION EN AUDITORIA DE SISTEMAS,Femenino,2012-1,2020,Dependiente,Administración pública y defensa; planes de seguridad social de afiliación obligatoria,1,1,,"100,0%",NaN
1826-Universidad Antonio Nariño,2538-ESPECIALIZACION EN AUDITORIA DE SISTEMAS,Femenino,2012-1,2020,Dependiente,Construccion,1,1,,"100,0%",NaN
1826-Universidad Antonio Nariño,2538-ESPECIALIZACION EN AUDITORIA DE SISTEMAS,Femenino,2012-1,2020,Dependiente,"Distribución de agua; evacuación y tratamiento de aguas residuales, gestión de desechos y actividades de saneamiento ambiental",1,1,,"100,0%",NaN
1826-Universidad Antonio Nariño,2538-ESPECIALIZACION EN AUDITORIA DE SISTEMAS,Femenino,2012-1,2021,Dependiente,"Actividades profesionales, científicas y técnicas",2,2,,"100,0%",NaN
1826-Universidad Antonio Nariño,2538-ESPECIALIZACION EN AUDITORIA DE SISTEMAS,Femenino,2012-1,2021,Dependiente,Administración pública y defensa; planes de seguridad social de afiliación obligatoria,1,1,,"100,0%",NaN
1826-Universidad Antonio Nariño,2538-ESPECIALIZACION EN AUDITORIA DE SISTEMAS,Femenino,2012-1,2021,Dependiente,Construccion,1,1,,"100,0%",NaN
1826-Universidad Antonio Nariño,2538-ESPECIALIZACION EN AUDITORIA DE SISTEMAS,Femenino,2012-1,2021,Dependiente,"Distribución de agua; evacuación y tratamiento de aguas residuales, gestión de desechos y actividades de saneamiento ambiental",1,1,,"100,0%",NaN
1826-Universidad Antonio Nariño,2538-ESPECIALIZACION EN AUDITORIA DE SISTEMAS,Femenino,2012-1,2022,Dependiente,Actividades de servicios administrativos y de apoyo,1,1,,"100,0%",NaN
1826-Universidad Antonio Nariño,2538-ESPECIALIZACION EN AUDITORIA DE SISTEMAS,Femenino,2012-1,2022,Dependiente,"Actividades profesionales, científicas y técnicas",2,2,,"100,0%",NaN
1826-Universidad Antonio Nariño,2538-ESPECIALIZACION EN AUDITORIA DE SISTEMAS,Femenino,2012-1,2022,Dependiente,Administración pública y defensa; planes de seguridad social de afiliación obligatoria,1,1,,"100,0%",NaN
1826-Universidad Antonio Nariño,2538-ESPECIALIZACION EN AUDITORIA DE SISTEMAS,Femenino,2012-1,2022,Dependiente,Construccion,1,1,,"100,0%",NaN
1826-Universidad Antonio Nariño,2538-ESPECIALIZACION EN AUDITORIA DE SISTEMAS,Femenino,2012-1,2023,Dependiente,Actividades de servicios administrativos y de apoyo,1,1,,"100,0%",NaN
1826-Universidad Antonio Nariño,2538-ESPECIALIZACION EN AUDITORIA DE SISTEMAS,Femenino,2012-1,2023,Dependiente,Actividades financieras y de seguros,1,1,,"100,0%",NaN
1826-Universidad Antonio Nariño,2538-ESPECIALIZACION EN AUDITORIA DE SISTEMAS,Femenino,2012-1,2023,Dependiente,"Actividades profesionales, científicas y técnicas",2,2,,"100,0%",NaN
1826-Universidad Antonio Nariño,2538-ESPECIALIZACION EN AUDITORIA DE SISTEMAS,Femenino,2012-1,2023,Independiente,Comercio al por mayor y al por menor; reparación de vehículos automotores y motocicletas,1,1,,"100,0%",NaN
1826-Universidad Antonio Nariño,2538-ESPECIALIZACION EN AUDITORIA DE SISTEMAS,Masculino,2012-1,2016,Dependiente,"Actividades profesionales, científicas y técnicas",1,1,,"100,0%",$4.713.000
1826-Universidad Antonio Nariño,2538-ESPECIALIZACION EN AUDITORIA DE SISTEMAS,Masculino,2012-1,2016,Dependiente,Administración pública y defensa; planes de seguridad social de afiliación obligatoria,3,3,,"100,0%",$3.639.000
1826-Universidad Antonio Nariño,2538-ESPECIALIZACION EN AUDITORIA DE SISTEMAS,Masculino,2012-1,2016,Dependiente,"Distribución de agua; evacuación y tratamiento de aguas residuales, gestión de desechos y actividades de saneamiento ambiental",1,1,,"100,0%",$5.042.000
1826-Universidad Antonio Nariño,2538-ESPECIALIZACION EN AUDITORIA DE SISTEMAS,Masculino,2012-1,2016,No cotizante,Sin información,1,0,,"0,0%",NaN
1826-Universidad Antonio Nariño,2538-ESPECIALIZACION EN AUDITORIA DE SISTEMAS,Masculino,2012-1,2017,Dependiente,"Actividades profesionales, científicas y técnicas",1,1,,"100,0%",NaN
1826-Universidad Antonio Nariño,2538-ESPECIALIZACION EN AUDITORIA DE SISTEMAS,Masculino,2012-1,2017,Dependiente,Administración pública y defensa; planes de seguridad social de afiliación obligatoria,3,3,,"100,0%",NaN
1826-Universidad Antonio Nariño,2538-ESPECIALIZACION EN AUDITORIA DE SISTEMAS,Masculino,2012-1,2017,Dependiente,"Distribución de agua; evacuación y tratamiento de aguas residuales, gestión de desechos y actividades de saneamiento ambiental",1,1,,"100,0%",NaN
1826-Universidad Antonio Nariño,2538-ESPECIALIZACION EN AUDITORIA DE SISTEMAS,Masculino,2012-1,2017,No cotizante,Sin información,1,0,,"0,0%",NaN
1826-Universidad Antonio Nariño,2538-ESPECIALIZACION EN AUDITORIA DE SISTEMAS,Masculino,2012-1,2018,Dependiente,"Actividades profesionales, científicas y técnicas",1,1,,"100,0%",NaN
1826-Universidad Antonio Nariño,2538-ESPECIALIZACION EN AUDITORIA DE SISTEMAS,Masculino,2012-1,2018,Dependiente,Administración pública y defensa; planes de seguridad social de afiliación obligatoria,3,3,,"100,0%",NaN
1826-Universidad Antonio Nariño,2538-ESPECIALIZACION EN AUDITORIA DE SISTEMAS,Masculino,2012-1,2018,Dependiente,"Distribución de agua; evacuación y tratamiento de aguas residuales, gestión de desechos y actividades de saneamiento ambiental",1,1,,"100,0%",NaN
1826-Universidad Antonio Nariño,2538-ESPECIALIZACION EN AUDITORIA DE SISTEMAS,Masculino,2012-1,2018,No cotizante,Sin información,1,0,,"0,0%",NaN
1826-Universidad Antonio Nariño,2538-ESPECIALIZACION EN AUDITORIA DE SISTEMAS,Masculino,2012-1,2019,Dependiente,"Actividades profesionales, científicas y técnicas",1,1,,"100,0%",NaN
1826-Universidad Antonio Nariño,2538-ESPECIALIZACION EN AUDITORIA DE SISTEMAS,Masculino,2012-1,2019,Dependiente,Administración pública y defensa; planes de seguridad social de afiliación obligatoria,3,3,,"100,0%",NaN
1826-Universidad Antonio Nariño,2538-ESPECIALIZACION EN AUDITORIA DE SISTEMAS,Masculino,2012-1,2019,Dependiente,"Distribución de agua; evacuación y tratamiento de aguas residuales, gestión de desechos y actividades de saneamiento ambiental",1,1,,"100,0%",NaN
1826-Universidad Antonio Nariño,2538-ESPECIALIZACION EN AUDITORIA DE SISTEMAS,Masculino,2012-1,2019,No cotizante,Sin información,1,0,,"0,0%",NaN
1826-Universidad Antonio Nariño,2538-ESPECIALIZACION EN AUDITORIA DE SISTEMAS,Masculino,2012-1,2020,Dependiente,Actividades de servicios administrativos y de apoyo,1,1,,"100,0%",NaN
1826-Universidad Antonio Nariño,2538-ESPECIALIZACION EN AUDITORIA DE SISTEMAS,Masculino,2012-1,2020,Dependiente,"Actividades profesionales, científicas y técnicas",1,1,,"100,0%",NaN
1826-Universidad Antonio Nariño,2538-ESPECIALIZACION EN AUDITORIA DE SISTEMAS,Masculino,2012-1,2020,Dependiente,Administración pública y defensa; planes de seguridad social de afiliación obligatoria,3,3,,"100,0%",NaN
1826-Universidad Antonio Nariño,2538-ESPECIALIZACION EN AUDITORIA DE SISTEMAS,Masculino,2012-1,2020,No cotizante,Sin información,1,0,,"0,0%",NaN
1826-Universidad Antonio Nariño,2538-ESPECIALIZACION EN AUDITORIA DE SISTEMAS,Masculino,2012-1,2021,Dependiente,"Actividades profesionales, científicas y técnicas",1,1,,"100,0%",NaN
1826-Universidad Antonio Nariño,2538-ESPECIALIZACION EN AUDITORIA DE SISTEMAS,Masculino,2012-1,2021,Dependiente,Administración pública y defensa; planes de seguridad social de afiliación obligatoria,3,3,,"100,0%",NaN
1826-Universidad Antonio Nariño,2538-ESPECIALIZACION EN AUDITORIA DE SISTEMAS,Masculino,2012-1,2021,Dependiente,"Distribución de agua; evacuación y tratamiento de aguas residuales, gestión de desechos y actividades de saneamiento ambiental",1,1,,"100,0%",NaN
1826-Universidad Antonio Nariño,2538-ESPECIALIZACION EN AUDITORIA DE SISTEMAS,Masculino,2012-1,2021,No cotizante,Sin información,1,0,,"0,0%",NaN
1826-Universidad Antonio Nariño,2538-ESPECIALIZACION EN AUDITORIA DE SISTEMAS,Masculino,2012-1,2022,Dependiente,"Actividades profesionales, científicas y técnicas",1,1,,"100,0%",NaN
1826-Universidad Antonio Nariño,2538-ESPECIALIZACION EN AUDITORIA DE SISTEMAS,Masculino,2012-1,2022,Dependiente,Administración pública y defensa; planes de seguridad social de afiliación obligatoria,3,3,,"100,0%",NaN
1826-Universidad Antonio Nariño,2538-ESPECIALIZACION EN AUDITORIA DE SISTEMAS,Masculino,2012-1,2022,Dependiente,"Distribución de agua; evacuación y tratamiento de aguas residuales, gestión de desechos y actividades de saneamiento ambiental",1,1,,"100,0%",NaN
1826-Universidad Antonio Nariño,2538-ESPECIALIZACION EN AUDITORIA DE SISTEMAS,Masculino,2012-1,2022,No cotizante,SIN DATO,1,0,,"0,0%",NaN
1826-Universidad Antonio Nariño,2538-ESPECIALIZACION EN AUDITORIA DE SISTEMAS,Masculino,2012-1,2023,Dependiente,Administración pública y defensa; planes de seguridad social de afiliación obligatoria,2,2,,"100,0%",NaN
1826-Universidad Antonio Nariño,2538-ESPECIALIZACION EN AUDITORIA DE SISTEMAS,Masculino,2012-1,2023,Dependiente,Comercio al por mayor y al por menor; reparación de vehículos automotores y motocicletas,1,1,,"100,0%",NaN
1826-Universidad Antonio Nariño,2538-ESPECIALIZACION EN AUDITORIA DE SISTEMAS,Masculino,2012-1,2023,Dependiente,"Distribución de agua; evacuación y tratamiento de aguas residuales, gestión de desechos y actividades de saneamiento ambiental",1,1,,"100,0%",NaN
1826-Universidad Antonio Nariño,2538-ESPECIALIZACION EN AUDITORIA DE SISTEMAS,Masculino,2012-1,2023,No cotizante,SIN DATO,1,0,,"0,0%",NaN
1826-Universidad Antonio Nariño,16116-ESPECIALIZACION EN COMPUTACION PARA LA DOCENCIA,Masculino,2012-1,2016,Dependiente,Administración pública y defensa; planes de seguridad social de afiliación obligatoria,3,3,,"100,0%",$2.913.000
1826-Universidad Antonio Nariño,16116-ESPECIALIZACION EN COMPUTACION PARA LA DOCENCIA,Masculino,2012-1,2016,Dependiente,Educación,1,1,,"100,0%",$3.363.000
1826-Universidad Antonio Nariño,16116-ESPECIALIZACION EN COMPUTACION PARA LA DOCENCIA,Masculino,2012-1,2017,Dependiente,Educación,2,2,,"100,0%",NaN
1826-Universidad Antonio Nariño,16116-ESPECIALIZACION EN COMPUTACION PARA LA DOCENCIA,Masculino,2012-1,2017,Dependiente,Sin información,2,2,,"100,0%",NaN
1826-Universidad Antonio Nariño,16116-ESPECIALIZACION EN COMPUTACION PARA LA DOCENCIA,Masculino,2012-1,2018,Dependiente,Educación,1,1,,"100,0%",NaN
1826-Universidad Antonio Nariño,16116-ESPECIALIZACION EN COMPUTACION PARA LA DOCENCIA,Masculino,2012-1,2018,Dependiente,Sin información,2,2,,"100,0%",NaN
1826-Universidad Antonio Nariño,16116-ESPECIALIZACION EN COMPUTACION PARA LA DOCENCIA,Masculino,2012-1,2019,Dependiente,"Actividades profesionales, científicas y técnicas",1,1,,"100,0%",NaN
1826-Universidad Antonio Nariño,16116-ESPECIALIZACION EN COMPUTACION PARA LA DOCENCIA,Masculino,2012-1,2019,Dependiente,Administración pública y defensa; planes de seguridad social de afiliación obligatoria,2,2,,"100,0%",NaN
1826-Universidad Antonio Nariño,16116-ESPECIALIZACION EN COMPUTACION PARA LA DOCENCIA,Masculino,2012-1,2020,Dependiente,"Actividades profesionales, científicas y técnicas",1,1,,"100,0%",NaN
1826-Universidad Antonio Nariño,16116-ESPECIALIZACION EN COMPUTACION PARA LA DOCENCIA,Masculino,2012-1,2020,Dependiente,Administración pública y defensa; planes de seguridad social de afiliación obligatoria,2,2,,"100,0%",NaN
1826-Universidad Antonio Nariño,16116-ESPECIALIZACION EN COMPUTACION PARA LA DOCENCIA,Masculino,2012-1,2021,Dependiente,Administración pública y defensa; planes de seguridad social de afiliación obligatoria,3,3,,"100,0%",NaN
1826-Universidad Antonio Nariño,16116-ESPECIALIZACION EN COMPUTACION PARA LA DOCENCIA,Masculino,2012-1,2022,Dependiente,"Actividades profesionales, científicas y técnicas",1,1,,"100,0%",NaN
1826-Universidad Antonio Nariño,16116-ESPECIALIZACION EN COMPUTACION PARA LA DOCENCIA,Masculino,2012-1,2022,Dependiente,Administración pública y defensa; planes de seguridad social de afiliación obligatoria,2,2,,"100,0%",NaN
1826-Universidad Antonio Nariño,16116-ESPECIALIZACION EN COMPUTACION PARA LA DOCENCIA,Masculino,2012-1,2023,Dependiente,Administración pública y defensa; planes de seguridad social de afiliación obligatoria,3,3,,"100,0%",NaN
1826-Universidad Antonio Nariño,3630-ESPECIALIZACION EN DESARROLLO DEL POTENCIAL HUMANO,Femenino,2012-1,2016,No cotizante,Sin información,1,0,,"0,0%",NaN
1826-Universidad Antonio Nariño,3630-ESPECIALIZACION EN DESARROLLO DEL POTENCIAL HUMANO,Femenino,2012-1,2017,No cotizante,Sin información,1,0,,"0,0%",NaN
1826-Universidad Antonio Nariño,3630-ESPECIALIZACION EN DESARROLLO DEL POTENCIAL HUMANO,Femenino,2012-1,2018,No cotizante,Sin información,1,0,,"0,0%",NaN
1826-Universidad Antonio Nariño,3630-ESPECIALIZACION EN DESARROLLO DEL POTENCIAL HUMANO,Femenino,2012-1,2019,No cotizante,Sin información,1,0,,"0,0%",NaN
1826-Universidad Antonio Nariño,3630-ESPECIALIZACION EN DESARROLLO DEL POTENCIAL HUMANO,Femenino,2012-1,2020,No cotizante,Sin información,1,0,,"0,0%",NaN
1826-Universidad Antonio Nariño,3630-ESPECIALIZACION EN DESARROLLO DEL POTENCIAL HUMANO,Femenino,2012-1,2021,No cotizante,Sin información,1,0,,"0,0%",NaN
1826-Universidad Antonio Nariño,3630-ESPECIALIZACION EN DESARROLLO DEL POTENCIAL HUMANO,Femenino,2012-1,2022,No cotizante,SIN DATO,1,0,,"0,0%",NaN
1826-Universidad Antonio Nariño,3630-ESPECIALIZACION EN DESARROLLO DEL POTENCIAL HUMANO,Femenino,2012-1,2023,Dependiente,Administración pública y defensa; planes de seguridad social de afiliación obligatoria,1,1,,"100,0%",NaN
1826-Universidad Antonio Nariño,3630-ESPECIALIZACION EN DESARROLLO DEL POTENCIAL HUMANO,Masculino,2012-1,2016,Dependiente,Educación,1,1,,"100,0%",$690.000
1826-Universidad Antonio Nariño,3630-ESPECIALIZACION EN DESARROLLO DEL POTENCIAL HUMANO,Masculino,2012-1,2017,No cotizante,Sin información,1,0,,"0,0%",NaN
1826-Universidad Antonio Nariño,3630-ESPECIALIZACION EN DESARROLLO DEL POTENCIAL HUMANO,Masculino,2012-1,2018,No cotizante,Sin información,1,0,,"0,0%",NaN
1826-Universidad Antonio Nariño,3630-ESPECIALIZACION EN DESARROLLO DEL POTENCIAL HUMANO,Masculino,2012-1,2019,Independiente,Comercio al por mayor y al por menor; reparación de vehículos automotores y motocicletas,1,1,,"100,0%",NaN
1826-Universidad Antonio Nariño,3630-ESPECIALIZACION EN DESARROLLO DEL POTENCIAL HUMANO,Masculino,2012-1,2020,Dependiente,Educación,1,1,,"100,0%",NaN
1826-Universidad Antonio Nariño,3630-ESPECIALIZACION EN DESARROLLO DEL POTENCIAL HUMANO,Masculino,2012-1,2021,Dependiente,Educación,1,1,,"100,0%",NaN
1826-Universidad Antonio Nariño,3630-ESPECIALIZACION EN DESARROLLO DEL POTENCIAL HUMANO,Masculino,2012-1,2022,Dependiente,Educación,1,1,,"100,0%",NaN
1826-Universidad Antonio Nariño,3630-ESPECIALIZACION EN DESARROLLO DEL POTENCIAL HUMANO,Masculino,2012-1,2023,Dependiente,Educación,1,1,,"100,0%",NaN
1826-Universidad Antonio Nariño,9716-ESPECIALIZACION EN FINANZAS,Femenino,2012-1,2016,Dependiente,Educación,1,1,,"100,0%",$3.152.000
1826-Universidad Antonio Nariño,9716-ESPECIALIZACION EN FINANZAS,Femenino,2012-1,2017,Dependiente,Educación,1,1,,"100,0%",NaN
1826-Universidad Antonio Nariño,9716-ESPECIALIZACION EN FINANZAS,Femenino,2012-1,2018,Dependiente,Actividades de atención de la salud humana y de asistencia social,1,1,,"100,0%",NaN
1826-Universidad Antonio Nariño,9716-ESPECIALIZACION EN FINANZAS,Femenino,2012-1,2019,Dependiente,Actividades de atención de la salud humana y de asistencia social,1,1,,"100,0%",NaN
1826-Universidad Antonio Nariño,9716-ESPECIALIZACION EN FINANZAS,Femenino,2012-1,2020,Independiente,"Actividades profesionales, científicas y técnicas",1,1,,"100,0%",NaN
1826-Universidad Antonio Nariño,9716-ESPECIALIZACION EN FINANZAS,Femenino,2012-1,2021,Dependiente,"Actividades profesionales, científicas y técnicas",1,1,,"100,0%",NaN
1826-Universidad Antonio Nariño,9716-ESPECIALIZACION EN FINANZAS,Femenino,2012-1,2022,Dependiente,"Actividades profesionales, científicas y técnicas",1,1,,"100,0%",NaN
1826-Universidad Antonio Nariño,9716-ESPECIALIZACION EN FINANZAS,Femenino,2012-1,2023,Dependiente,Información y comunicaciones,1,1,,"100,0%",NaN
1826-Universidad Antonio Nariño,9716-ESPECIALIZACION EN FINANZAS,Masculino,2012-1,2016,Dependiente,Educación,1,1,,"100,0%",$1.125.000
1826-Universidad Antonio Nariño,9716-ESPECIALIZACION EN FINANZAS,Masculino,2012-1,2017,Dependiente,Actividades de servicios administrativos y de apoyo,1,1,,"100,0%",NaN
1826-Universidad Antonio Nariño,9716-ESPECIALIZACION EN FINANZAS,Masculino,2012-1,2018,Dependiente,Actividades de servicios administrativos y de apoyo,1,1,,"100,0%",NaN
1826-Universidad Antonio Nariño,9716-ESPECIALIZACION EN FINANZAS,Masculino,2012-1,2019,Dependiente,Actividades de servicios administrativos y de apoyo,1,1,,"100,0%",NaN
1826-Universidad Antonio Nariño,9716-ESPECIALIZACION EN FINANZAS,Masculino,2012-1,2020,Dependiente,Actividades de servicios administrativos y de apoyo,1,1,,"100,0%",NaN
1826-Universidad Antonio Nariño,9716-ESPECIALIZACION EN FINANZAS,Masculino,2012-1,2021,Dependiente,Actividades de servicios administrativos y de apoyo,1,1,,"100,0%",NaN
1826-Universidad Antonio Nariño,9716-ESPECIALIZACION EN FINANZAS,Masculino,2012-1,2022,Dependiente,Actividades de servicios administrativos y de apoyo,1,1,,"100,0%",NaN
1826-Universidad Antonio Nariño,9716-ESPECIALIZACION EN FINANZAS,Masculino,2012-1,2023,Dependiente,Actividades de servicios administrativos y de apoyo,1,1,,"100,0%",NaN
1823-Universidad Autónoma de Bucaramanga - UNAB,51809-ADMINISTRACION DE EMPRESAS,Femenino,2012-1,2016,Independiente,"Actividades profesionales, científicas y técnicas",1,1,,"100,0%",NaN
1823-Universidad Autónoma de Bucaramanga - UNAB,51809-ADMINISTRACION DE EMPRESAS,Femenino,2012-1,2016,Independiente,Sin información,1,1,,"100,0%",NaN
1823-Universidad Autónoma de Bucaramanga - UNAB,51809-ADMINISTRACION DE EMPRESAS,Femenino,2012-1,2017,Independiente,Actividades de los hogares individuales en calidad de empleadores; actividades no diferenciadas de los hogares individuales como productores de bienes y servicios para uso propio,1,1,,"100,0%",NaN
1823-Universidad Autónoma de Bucaramanga - UNAB,51809-ADMINISTRACION DE EMPRESAS,Femenino,2012-1,2017,Independiente,Transporte y almacenamiento,1,1,,"100,0%",NaN
1823-Universidad Autónoma de Bucaramanga - UNAB,51809-ADMINISTRACION DE EMPRESAS,Femenino,2012-1,2017,No cotizante,Sin información,1,0,,"0,0%",NaN
1823-Universidad Autónoma de Bucaramanga - UNAB,51809-ADMINISTRACION DE EMPRESAS,Femenino,2012-1,2018,Independiente,Actividades de los hogares individuales en calidad de empleadores; actividades no diferenciadas de los hogares individuales como productores de bienes y servicios para uso propio,1,1,,"100,0%",NaN
1823-Universidad Autónoma de Bucaramanga - UNAB,51809-ADMINISTRACION DE EMPRESAS,Femenino,2012-1,2018,Independiente,Transporte y almacenamiento,1,1,,"100,0%",NaN
1823-Universidad Autónoma de Bucaramanga - UNAB,51809-ADMINISTRACION DE EMPRESAS,Femenino,2012-1,2018,No cotizante,Sin información,1,0,,"0,0%",NaN
1823-Universidad Autónoma de Bucaramanga - UNAB,51809-ADMINISTRACION DE EMPRESAS,Femenino,2012-1,2019,Independiente,Actividades de los hogares individuales en calidad de empleadores; actividades no diferenciadas de los hogares individuales como productores de bienes y servicios para uso propio,1,1,,"100,0%",NaN
1823-Universidad Autónoma de Bucaramanga - UNAB,51809-ADMINISTRACION DE EMPRESAS,Femenino,2012-1,2019,Independiente,Transporte y almacenamiento,1,1,,"100,0%",NaN
1823-Universidad Autónoma de Bucaramanga - UNAB,51809-ADMINISTRACION DE EMPRESAS,Femenino,2012-1,2019,No cotizante,Sin información,1,0,,"0,0%",NaN
1823-Universidad Autónoma de Bucaramanga - UNAB,51809-ADMINISTRACION DE EMPRESAS,Femenino,2012-1,2020,Independiente,"Actividades profesionales, científicas y técnicas",1,1,,"100,0%",NaN
1823-Universidad Autónoma de Bucaramanga - UNAB,51809-ADMINISTRACION DE EMPRESAS,Femenino,2012-1,2020,Independiente,Administración pública y defensa; planes de seguridad social de afiliación obligatoria,1,1,,"100,0%",NaN
1823-Universidad Autónoma de Bucaramanga - UNAB,51809-ADMINISTRACION DE EMPRESAS,Femenino,2012-1,2020,No cotizante,Sin información,1,0,,"0,0%",NaN
1823-Universidad Autónoma de Bucaramanga - UNAB,51809-ADMINISTRACION DE EMPRESAS,Femenino,2012-1,2021,Independiente,"Actividades profesionales, científicas y técnicas",1,1,,"100,0%",NaN
1823-Universidad Autónoma de Bucaramanga - UNAB,51809-ADMINISTRACION DE EMPRESAS,Femenino,2012-1,2021,Independiente,Administración pública y defensa; planes de seguridad social de afiliación obligatoria,1,1,,"100,0%",NaN
1823-Universidad Autónoma de Bucaramanga - UNAB,51809-ADMINISTRACION DE EMPRESAS,Femenino,2012-1,2021,No cotizante,Sin información,1,0,,"0,0%",NaN
1823-Universidad Autónoma de Bucaramanga - UNAB,51809-ADMINISTRACION DE EMPRESAS,Femenino,2012-1,2022,Dependiente,"Actividades profesionales, científicas y técnicas",1,1,,"100,0%",NaN
1823-Universidad Autónoma de Bucaramanga - UNAB,51809-ADMINISTRACION DE EMPRESAS,Femenino,2012-1,2022,Independiente,Transporte y almacenamiento,1,1,,"100,0%",NaN
1823-Universidad Autónoma de Bucaramanga - UNAB,51809-ADMINISTRACION DE EMPRESAS,Femenino,2012-1,2022,No cotizante,SIN DATO,1,0,,"0,0%",NaN
1823-Universidad Autónoma de Bucaramanga - UNAB,51809-ADMINISTRACION DE EMPRESAS,Femenino,2012-1,2023,Dependiente,"Actividades profesionales, científicas y técnicas",1,1,,"100,0%",NaN
1823-Universidad Autónoma de Bucaramanga - UNAB,51809-ADMINISTRACION DE EMPRESAS,Femenino,2012-1,2023,No cotizante,SIN DATO,1,0,,"0,0%",NaN
1823-Universidad Autónoma de Bucaramanga - UNAB,51809-ADMINISTRACION DE EMPRESAS,Masculino,2012-1,2016,Dependiente,Comercio al por mayor y al por menor; reparación de vehículos automotores y motocicletas,1,1,,"100,0%",$7.490.000
1823-Universidad Autónoma de Bucaramanga - UNAB,51809-ADMINISTRACION DE EMPRESAS,Masculino,2012-1,2016,Dependiente,Educación,1,1,,"100,0%",$5.125.000
1823-Universidad Autónoma de Bucaramanga - UNAB,51809-ADMINISTRACION DE EMPRESAS,Masculino,2012-1,2016,No cotizante,Sin información,1,0,,"0,0%",NaN
1823-Universidad Autónoma de Bucaramanga - UNAB,51809-ADMINISTRACION DE EMPRESAS,Masculino,2012-1,2017,Dependiente,Comercio al por mayor y al por menor; reparación de vehículos automotores y motocicletas,1,1,,"100,0%",NaN
1823-Universidad Autónoma de Bucaramanga - UNAB,51809-ADMINISTRACION DE EMPRESAS,Masculino,2012-1,2017,Dependiente,Educación,1,1,,"100,0%",NaN
1823-Universidad Autónoma de Bucaramanga - UNAB,51809-ADMINISTRACION DE EMPRESAS,Masculino,2012-1,2017,Independiente,"Actividades profesionales, científicas y técnicas",1,1,,"100,0%",NaN
1823-Universidad Autónoma de Bucaramanga - UNAB,51809-ADMINISTRACION DE EMPRESAS,Masculino,2012-1,2018,Dependiente,Industrias manufactureras,1,1,,"100,0%",NaN
1823-Universidad Autónoma de Bucaramanga - UNAB,51809-ADMINISTRACION DE EMPRESAS,Masculino,2012-1,2018,Independiente,"Actividades profesionales, científicas y técnicas",1,1,,"100,0%",NaN
1823-Universidad Autónoma de Bucaramanga - UNAB,51809-ADMINISTRACION DE EMPRESAS,Masculino,2012-1,2018,Independiente,Transporte y almacenamiento,1,1,,"100,0%",NaN
1823-Universidad Autónoma de Bucaramanga - UNAB,51809-ADMINISTRACION DE EMPRESAS,Masculino,2012-1,2019,Dependiente,Industrias manufactureras,1,1,,"100,0%",NaN
1823-Universidad Autónoma de Bucaramanga - UNAB,51809-ADMINISTRACION DE EMPRESAS,Masculino,2012-1,2019,Independiente,"Actividades profesionales, científicas y técnicas",1,1,,"100,0%",NaN
1823-Universidad Autónoma de Bucaramanga - UNAB,51809-ADMINISTRACION DE EMPRESAS,Masculino,2012-1,2019,Independiente,Transporte y almacenamiento,1,1,,"100,0%",NaN
1823-Universidad Autónoma de Bucaramanga - UNAB,51809-ADMINISTRACION DE EMPRESAS,Masculino,2012-1,2020,Independiente,"Actividades profesionales, científicas y técnicas",1,1,,"100,0%",NaN
1823-Universidad Autónoma de Bucaramanga - UNAB,51809-ADMINISTRACION DE EMPRESAS,Masculino,2012-1,2020,Independiente,Transporte y almacenamiento,1,1,,"100,0%",NaN
1823-Universidad Autónoma de Bucaramanga - UNAB,51809-ADMINISTRACION DE EMPRESAS,Masculino,2012-1,2020,No cotizante,Sin información,1,0,,"0,0%",NaN
1823-Universidad Autónoma de Bucaramanga - UNAB,51809-ADMINISTRACION DE EMPRESAS,Masculino,2012-1,2021,Independiente,"Actividades profesionales, científicas y técnicas",1,1,,"100,0%",NaN
1823-Universidad Autónoma de Bucaramanga - UNAB,51809-ADMINISTRACION DE EMPRESAS,Masculino,2012-1,2021,Independiente,Transporte y almacenamiento,1,1,,"100,0%",NaN
1823-Universidad Autónoma de Bucaramanga - UNAB,51809-ADMINISTRACION DE EMPRESAS,Masculino,2012-1,2021,No cotizante,Sin información,1,0,,"0,0%",NaN
1823-Universidad Autónoma de Bucaramanga - UNAB,51809-ADMINISTRACION DE EMPRESAS,Masculino,2012-1,2022,Independiente,"Actividades profesionales, científicas y técnicas",1,1,,"100,0%",NaN
1823-Universidad Autónoma de Bucaramanga - UNAB,51809-ADMINISTRACION DE EMPRESAS,Masculino,2012-1,2022,Independiente,Comercio al por mayor y al por menor; reparación de vehículos automotores y motocicletas,1,1,,"100,0%",NaN
1823-Universidad Autónoma de Bucaramanga - UNAB,51809-ADMINISTRACION DE EMPRESAS,Masculino,2012-1,2022,Independiente,Transporte y almacenamiento,1,1,,"100,0%",NaN
1823-Universidad Autónoma de Bucaramanga - UNAB,51809-ADMINISTRACION DE EMPRESAS,Masculino,2012-1,2023,Independiente,"Actividades profesionales, científicas y técnicas",1,1,,"100,0%",NaN
1823-Universidad Autónoma de Bucaramanga - UNAB,51809-ADMINISTRACION DE EMPRESAS,Masculino,2012-1,2023,Independiente,Comercio al por mayor y al por menor; reparación de vehículos automotores y motocicletas,2,2,,"100,0%",NaN
1823-Universidad Autónoma de Bucaramanga - UNAB,15441-CONTADURIA PUBLICA,Femenino,2012-1,2016,Dependiente,Actividades de servicios administrativos y de apoyo,1,1,,"100,0%",$1.500.000
1823-Universidad Autónoma de Bucaramanga - UNAB,15441-CONTADURIA PUBLICA,Femenino,2012-1,2016,Dependiente,Construccion,1,1,,"100,0%",$690.000
1823-Universidad Autónoma de Bucaramanga - UNAB,15441-CONTADURIA PUBLICA,Femenino,2012-1,2016,Dependiente,Industrias manufactureras,1,1,,"100,0%",$3.520.000
1823-Universidad Autónoma de Bucaramanga - UNAB,15441-CONTADURIA PUBLICA,Femenino,2012-1,2016,Dependiente,Sin información,1,1,,"100,0%",$2.989.000
1823-Universidad Autónoma de Bucaramanga - UNAB,15441-CONTADURIA PUBLICA,Femenino,2012-1,2017,Dependiente,Industrias manufactureras,1,1,,"100,0%",NaN
1823-Universidad Autónoma de Bucaramanga - UNAB,15441-CONTADURIA PUBLICA,Femenino,2012-1,2017,Independiente,"Actividades profesionales, científicas y técnicas",1,1,,"100,0%",NaN
1823-Universidad Autónoma de Bucaramanga - UNAB,15441-CONTADURIA PUBLICA,Femenino,2012-1,2017,No cotizante,Sin información,1,0,,"0,0%",NaN
1823-Universidad Autónoma de Bucaramanga - UNAB,15441-CONTADURIA PUBLICA,Femenino,2012-1,2018,Dependiente,"Actividades profesionales, científicas y técnicas",1,1,,"100,0%",NaN
1823-Universidad Autónoma de Bucaramanga - UNAB,15441-CONTADURIA PUBLICA,Femenino,2012-1,2018,Independiente,"Actividades profesionales, científicas y técnicas",1,1,,"100,0%",NaN
1823-Universidad Autónoma de Bucaramanga - UNAB,15441-CONTADURIA PUBLICA,Femenino,2012-1,2019,Dependiente,Administración pública y defensa; planes de seguridad social de afiliación obligatoria,1,1,,"100,0%",NaN
1823-Universidad Autónoma de Bucaramanga - UNAB,15441-CONTADURIA PUBLICA,Femenino,2012-1,2019,No cotizante,Sin información,1,0,,"0,0%",NaN
1823-Universidad Autónoma de Bucaramanga - UNAB,15441-CONTADURIA PUBLICA,Femenino,2012-1,2020,Dependiente,Administración pública y defensa; planes de seguridad social de afiliación obligatoria,1,1,,"100,0%",NaN
1823-Universidad Autónoma de Bucaramanga - UNAB,15441-CONTADURIA PUBLICA,Femenino,2012-1,2020,No cotizante,Sin información,1,0,,"0,0%",NaN
1823-Universidad Autónoma de Bucaramanga - UNAB,15441-CONTADURIA PUBLICA,Femenino,2012-1,2021,Dependiente,Administración pública y defensa; planes de seguridad social de afiliación obligatoria,1,1,,"100,0%",NaN
1823-Universidad Autónoma de Bucaramanga - UNAB,15441-CONTADURIA PUBLICA,Femenino,2012-1,2021,No cotizante,Sin información,1,0,,"0,0%",NaN
1823-Universidad Autónoma de Bucaramanga - UNAB,15441-CONTADURIA PUBLICA,Femenino,2012-1,2022,Dependiente,Administración pública y defensa; planes de seguridad social de afiliación obligatoria,1,1,,"100,0%",NaN
1823-Universidad Autónoma de Bucaramanga - UNAB,15441-CONTADURIA PUBLICA,Femenino,2012-1,2022,No cotizante,SIN DATO,1,0,,"0,0%",NaN
1823-Universidad Autónoma de Bucaramanga - UNAB,15441-CONTADURIA PUBLICA,Femenino,2012-1,2023,Dependiente,Administración pública y defensa; planes de seguridad social de afiliación obligatoria,1,1,,"100,0%",NaN
1823-Universidad Autónoma de Bucaramanga - UNAB,15441-CONTADURIA PUBLICA,Femenino,2012-1,2023,No cotizante,SIN DATO,1,0,,"0,0%",NaN
1823-Universidad Autónoma de Bucaramanga - UNAB,10363-ESPECIALIZACION EN EDUCACION CON NUEVAS TECNOLOGIAS,Femenino,2012-1,2016,Dependiente,Actividades de servicios administrativos y de apoyo,1,1,,"100,0%",$3.951.000
1823-Universidad Autónoma de Bucaramanga - UNAB,10363-ESPECIALIZACION EN EDUCACION CON NUEVAS TECNOLOGIAS,Femenino,2012-1,2016,Dependiente,"Actividades profesionales, científicas y técnicas",1,1,,"100,0%",$2.189.000
1823-Universidad Autónoma de Bucaramanga - UNAB,10363-ESPECIALIZACION EN EDUCACION CON NUEVAS TECNOLOGIAS,Femenino,2012-1,2016,Dependiente,Administración pública y defensa; planes de seguridad social de afiliación obligatoria,1,1,,"100,0%",$3.183.000
1823-Universidad Autónoma de Bucaramanga - UNAB,10363-ESPECIALIZACION EN EDUCACION CON NUEVAS TECNOLOGIAS,Femenino,2012-1,2016,Dependiente,Educación,2,2,,"100,0%",$2.476.500
1823-Universidad Autónoma de Bucaramanga - UNAB,10363-ESPECIALIZACION EN EDUCACION CON NUEVAS TECNOLOGIAS,Femenino,2012-1,2017,Dependiente,"Actividades profesionales, científicas y técnicas",1,1,,"100,0%",NaN
1823-Universidad Autónoma de Bucaramanga - UNAB,10363-ESPECIALIZACION EN EDUCACION CON NUEVAS TECNOLOGIAS,Femenino,2012-1,2017,Dependiente,Administración pública y defensa; planes de seguridad social de afiliación obligatoria,1,1,,"100,0%",NaN
1823-Universidad Autónoma de Bucaramanga - UNAB,10363-ESPECIALIZACION EN EDUCACION CON NUEVAS TECNOLOGIAS,Femenino,2012-1,2017,Dependiente,Educación,1,1,,"100,0%",NaN
1823-Universidad Autónoma de Bucaramanga - UNAB,10363-ESPECIALIZACION EN EDUCACION CON NUEVAS TECNOLOGIAS,Femenino,2012-1,2017,Dependiente,Sin información,1,1,,"100,0%",NaN
1823-Universidad Autónoma de Bucaramanga - UNAB,10363-ESPECIALIZACION EN EDUCACION CON NUEVAS TECNOLOGIAS,Femenino,2012-1,2017,Independiente,Sin información,1,1,,"100,0%",NaN
1823-Universidad Autónoma de Bucaramanga - UNAB,10363-ESPECIALIZACION EN EDUCACION CON NUEVAS TECNOLOGIAS,Femenino,2012-1,2018,Dependiente,Actividades de servicios administrativos y de apoyo,1,1,,"100,0%",NaN
1823-Universidad Autónoma de Bucaramanga - UNAB,10363-ESPECIALIZACION EN EDUCACION CON NUEVAS TECNOLOGIAS,Femenino,2012-1,2018,Dependiente,"Actividades profesionales, científicas y técnicas",1,1,,"100,0%",NaN
1823-Universidad Autónoma de Bucaramanga - UNAB,10363-ESPECIALIZACION EN EDUCACION CON NUEVAS TECNOLOGIAS,Femenino,2012-1,2018,Dependiente,Administración pública y defensa; planes de seguridad social de afiliación obligatoria,2,2,,"100,0%",NaN
1823-Universidad Autónoma de Bucaramanga - UNAB,10363-ESPECIALIZACION EN EDUCACION CON NUEVAS TECNOLOGIAS,Femenino,2012-1,2018,Dependiente,Educación,1,1,,"100,0%",NaN
1823-Universidad Autónoma de Bucaramanga - UNAB,10363-ESPECIALIZACION EN EDUCACION CON NUEVAS TECNOLOGIAS,Femenino,2012-1,2019,Dependiente,Actividades de servicios administrativos y de apoyo,1,1,,"100,0%",NaN
1823-Universidad Autónoma de Bucaramanga - UNAB,10363-ESPECIALIZACION EN EDUCACION CON NUEVAS TECNOLOGIAS,Femenino,2012-1,2019,Dependiente,"Actividades profesionales, científicas y técnicas",1,1,,"100,0%",NaN
1823-Universidad Autónoma de Bucaramanga - UNAB,10363-ESPECIALIZACION EN EDUCACION CON NUEVAS TECNOLOGIAS,Femenino,2012-1,2019,Dependiente,Administración pública y defensa; planes de seguridad social de afiliación obligatoria,2,2,,"100,0%",NaN
1823-Universidad Autónoma de Bucaramanga - UNAB,10363-ESPECIALIZACION EN EDUCACION CON NUEVAS TECNOLOGIAS,Femenino,2012-1,2019,Dependiente,Educación,1,1,,"100,0%",NaN
1823-Universidad Autónoma de Bucaramanga - UNAB,10363-ESPECIALIZACION EN EDUCACION CON NUEVAS TECNOLOGIAS,Femenino,2012-1,2020,Dependiente,"Actividades profesionales, científicas y técnicas",2,2,,"100,0%",NaN
1823-Universidad Autónoma de Bucaramanga - UNAB,10363-ESPECIALIZACION EN EDUCACION CON NUEVAS TECNOLOGIAS,Femenino,2012-1,2020,Dependiente,Educación,2,2,,"100,0%",NaN
1823-Universidad Autónoma de Bucaramanga - UNAB,10363-ESPECIALIZACION EN EDUCACION CON NUEVAS TECNOLOGIAS,Femenino,2012-1,2020,Dependiente,Otras actividades de servicios,1,1,,"100,0%",NaN
1823-Universidad Autónoma de Bucaramanga - UNAB,10363-ESPECIALIZACION EN EDUCACION CON NUEVAS TECNOLOGIAS,Femenino,2012-1,2021,Dependiente,Actividades de servicios administrativos y de apoyo,1,1,,"100,0%",NaN
1823-Universidad Autónoma de Bucaramanga - UNAB,10363-ESPECIALIZACION EN EDUCACION CON NUEVAS TECNOLOGIAS,Femenino,2012-1,2021,Dependiente,"Actividades profesionales, científicas y técnicas",1,1,,"100,0%",NaN
1823-Universidad Autónoma de Bucaramanga - UNAB,10363-ESPECIALIZACION EN EDUCACION CON NUEVAS TECNOLOGIAS,Femenino,2012-1,2021,Dependiente,Administración pública y defensa; planes de seguridad social de afiliación obligatoria,2,2,,"100,0%",NaN
1823-Universidad Autónoma de Bucaramanga - UNAB,10363-ESPECIALIZACION EN EDUCACION CON NUEVAS TECNOLOGIAS,Femenino,2012-1,2021,Dependiente,Educación,1,1,,"100,0%",NaN
1823-Universidad Autónoma de Bucaramanga - UNAB,10363-ESPECIALIZACION EN EDUCACION CON NUEVAS TECNOLOGIAS,Femenino,2012-1,2022,Dependiente,Actividades de servicios administrativos y de apoyo,2,2,,"100,0%",NaN
1823-Universidad Autónoma de Bucaramanga - UNAB,10363-ESPECIALIZACION EN EDUCACION CON NUEVAS TECNOLOGIAS,Femenino,2012-1,2022,Dependiente,Administración pública y defensa; planes de seguridad social de afiliación obligatoria,1,1,,"100,0%",NaN
1823-Universidad Autónoma de Bucaramanga - UNAB,10363-ESPECIALIZACION EN EDUCACION CON NUEVAS TECNOLOGIAS,Femenino,2012-1,2022,Dependiente,Educación,1,1,,"100,0%",NaN
1823-Universidad Autónoma de Bucaramanga - UNAB,10363-ESPECIALIZACION EN EDUCACION CON NUEVAS TECNOLOGIAS,Femenino,2012-1,2023,Dependiente,Actividades de servicios administrativos y de apoyo,1,1,,"100,0%",NaN
1823-Universidad Autónoma de Bucaramanga - UNAB,10363-ESPECIALIZACION EN EDUCACION CON NUEVAS TECNOLOGIAS,Femenino,2012-1,2023,Dependiente,Administración pública y defensa; planes de seguridad social de afiliación obligatoria,2,2,,"100,0%",NaN
1823-Universidad Autónoma de Bucaramanga - UNAB,10363-ESPECIALIZACION EN EDUCACION CON NUEVAS TECNOLOGIAS,Femenino,2012-1,2023,Dependiente,Educación,1,1,,"100,0%",NaN
1823-Universidad Autónoma de Bucaramanga - UNAB,10363-ESPECIALIZACION EN EDUCACION CON NUEVAS TECNOLOGIAS,Masculino,2012-1,2016,Dependiente,Administración pública y defensa; planes de seguridad social de afiliación obligatoria,2,2,,"100,0%",$3.743.000
1823-Universidad Autónoma de Bucaramanga - UNAB,10363-ESPECIALIZACION EN EDUCACION CON NUEVAS TECNOLOGIAS,Masculino,2012-1,2016,Independiente,"Actividades profesionales, científicas y técnicas",1,1,,"100,0%",NaN
1823-Universidad Autónoma de Bucaramanga - UNAB,10363-ESPECIALIZACION EN EDUCACION CON NUEVAS TECNOLOGIAS,Masculino,2012-1,2017,Dependiente,Sin información,2,2,,"100,0%",NaN
1823-Universidad Autónoma de Bucaramanga - UNAB,10363-ESPECIALIZACION EN EDUCACION CON NUEVAS TECNOLOGIAS,Masculino,2012-1,2017,Independiente,Educación,1,1,,"100,0%",NaN
1823-Universidad Autónoma de Bucaramanga - UNAB,10363-ESPECIALIZACION EN EDUCACION CON NUEVAS TECNOLOGIAS,Masculino,2012-1,2018,Dependiente,Sin información,2,2,,"100,0%",NaN
1823-Universidad Autónoma de Bucaramanga - UNAB,10363-ESPECIALIZACION EN EDUCACION CON NUEVAS TECNOLOGIAS,Masculino,2012-1,2018,Independiente,Educación,1,1,,"100,0%",NaN
1823-Universidad Autónoma de Bucaramanga - UNAB,10363-ESPECIALIZACION EN EDUCACION CON NUEVAS TECNOLOGIAS,Masculino,2012-1,2019,Dependiente,Administración pública y defensa; planes de seguridad social de afiliación obligatoria,2,2,,"100,0%",NaN
1823-Universidad Autónoma de Bucaramanga - UNAB,10363-ESPECIALIZACION EN EDUCACION CON NUEVAS TECNOLOGIAS,Masculino,2012-1,2019,Independiente,Educación,1,1,,"100,0%",NaN
1823-Universidad Autónoma de Bucaramanga - UNAB,10363-ESPECIALIZACION EN EDUCACION CON NUEVAS TECNOLOGIAS,Masculino,2012-1,2020,Dependiente,Administración pública y defensa; planes de seguridad social de afiliación obligatoria,2,2,,"100,0%",NaN
1823-Universidad Autónoma de Bucaramanga - UNAB,10363-ESPECIALIZACION EN EDUCACION CON NUEVAS TECNOLOGIAS,Masculino,2012-1,2020,No cotizante,Sin información,1,0,,"0,0%",NaN
1823-Universidad Autónoma de Bucaramanga - UNAB,10363-ESPECIALIZACION EN EDUCACION CON NUEVAS TECNOLOGIAS,Masculino,2012-1,2021,Dependiente,Administración pública y defensa; planes de seguridad social de afiliación obligatoria,2,2,,"100,0%",NaN
1823-Universidad Autónoma de Bucaramanga - UNAB,10363-ESPECIALIZACION EN EDUCACION CON NUEVAS TECNOLOGIAS,Masculino,2012-1,2021,No cotizante,Sin información,1,0,,"0,0%",NaN
1823-Universidad Autónoma de Bucaramanga - UNAB,10363-ESPECIALIZACION EN EDUCACION CON NUEVAS TECNOLOGIAS,Masculino,2012-1,2022,Dependiente,Actividades de servicios administrativos y de apoyo,1,1,,"100,0%",NaN
1823-Universidad Autónoma de Bucaramanga - UNAB,10363-ESPECIALIZACION EN EDUCACION CON NUEVAS TECNOLOGIAS,Masculino,2012-1,2022,Dependiente,Administración pública y defensa; planes de seguridad social de afiliación obligatoria,1,1,,"100,0%",NaN
1823-Universidad Autónoma de Bucaramanga - UNAB,10363-ESPECIALIZACION EN EDUCACION CON NUEVAS TECNOLOGIAS,Masculino,2012-1,2022,No cotizante,SIN DATO,1,0,,"0,0%",NaN
1823-Universidad Autónoma de Bucaramanga - UNAB,10363-ESPECIALIZACION EN EDUCACION CON NUEVAS TECNOLOGIAS,Masculino,2012-1,2023,Dependiente,Administración pública y defensa; planes de seguridad social de afiliación obligatoria,2,2,,"100,0%",NaN
1823-Universidad Autónoma de Bucaramanga - UNAB,10363-ESPECIALIZACION EN EDUCACION CON NUEVAS TECNOLOGIAS,Masculino,2012-1,2023,No cotizante,SIN DATO,1,0,,"0,0%",NaN
1823-Universidad Autónoma de Bucaramanga - UNAB,19312-LITERATURA,Femenino,2012-1,2016,Independiente,Información y comunicaciones,1,1,,"100,0%",NaN
1823-Universidad Autónoma de Bucaramanga - UNAB,19312-LITERATURA,Femenino,2012-1,2017,Independiente,Educación,1,1,,"100,0%",NaN
1823-Universidad Autónoma de Bucaramanga - UNAB,19312-LITERATURA,Femenino,2012-1,2018,Independiente,Educación,1,1,,"100,0%",NaN
1823-Universidad Autónoma de Bucaramanga - UNAB,19312-LITERATURA,Femenino,2012-1,2019,Dependiente,Educación,1,1,,"100,0%",NaN
1823-Universidad Autónoma de Bucaramanga - UNAB,19312-LITERATURA,Femenino,2012-1,2020,Dependiente,Educación,1,1,,"100,0%",NaN
1823-Universidad Autónoma de Bucaramanga - UNAB,19312-LITERATURA,Femenino,2012-1,2021,Dependiente,Educación,1,1,,"100,0%",NaN
1823-Universidad Autónoma de Bucaramanga - UNAB,3720-MAESTRIA EN ADMINISTRACION DE EMPRESAS,Femenino,2012-1,2016,Dependiente,Educación,1,1,,"100,0%",$13.728.000
1823-Universidad Autónoma de Bucaramanga - UNAB,3720-MAESTRIA EN ADMINISTRACION DE EMPRESAS,Femenino,2012-1,2017,Dependiente,Educación,1,1,,"100,0%",NaN
1823-Universidad Autónoma de Bucaramanga - UNAB,3720-MAESTRIA EN ADMINISTRACION DE EMPRESAS,Femenino,2012-1,2018,Dependiente,Educación,1,1,,"100,0%",NaN
1823-Universidad Autónoma de Bucaramanga - UNAB,3720-MAESTRIA EN ADMINISTRACION DE EMPRESAS,Femenino,2012-1,2019,Dependiente,Educación,1,1,,"100,0%",NaN
1823-Universidad Autónoma de Bucaramanga - UNAB,3720-MAESTRIA EN ADMINISTRACION DE EMPRESAS,Femenino,2012-1,2020,Dependiente,Educación,1,1,,"100,0%",NaN
1823-Universidad Autónoma de Bucaramanga - UNAB,3720-MAESTRIA EN ADMINISTRACION DE EMPRESAS,Femenino,2012-1,2021,Dependiente,Educación,1,1,,"100,0%",NaN
1823-Universidad Autónoma de Bucaramanga - UNAB,3720-MAESTRIA EN ADMINISTRACION DE EMPRESAS,Femenino,2012-1,2022,Dependiente,Educación,1,1,,"100,0%",NaN
1823-Universidad Autónoma de Bucaramanga - UNAB,3720-MAESTRIA EN ADMINISTRACION DE EMPRESAS,Femenino,2012-1,2023,Dependiente,Educación,1,1,,"100,0%",NaN
1823-Universidad Autónoma de Bucaramanga - UNAB,52419-MAESTRIA EN E-LEARNING,Femenino,2012-1,2013,Dependiente,Sin información,5,5,,"100,0%",$3.256.496
1823-Universidad Autónoma de Bucaramanga - UNAB,52419-MAESTRIA EN E-LEARNING,Femenino,2012-1,2014,Dependiente,Actividades financieras y de seguros,3,3,,"100,0%",$4.264.000
1823-Universidad Autónoma de Bucaramanga - UNAB,52419-MAESTRIA EN E-LEARNING,Femenino,2012-1,2014,Dependiente,Educación,1,1,,"100,0%",$3.003.000
1823-Universidad Autónoma de Bucaramanga - UNAB,52419-MAESTRIA EN E-LEARNING,Femenino,2012-1,2014,Dependiente,Sin información,1,1,,"100,0%",$1.411.890
1823-Universidad Autónoma de Bucaramanga - UNAB,52419-MAESTRIA EN E-LEARNING,Femenino,2012-1,2015,Dependiente,Educación,1,1,,"100,0%",$4.725.000
1823-Universidad Autónoma de Bucaramanga - UNAB,52419-MAESTRIA EN E-LEARNING,Femenino,2012-1,2015,Dependiente,Sin información,3,3,,"100,0%",$3.902.333
1823-Universidad Autónoma de Bucaramanga - UNAB,52419-MAESTRIA EN E-LEARNING,Femenino,2012-1,2015,No cotizante,Sin información,1,0,,"0,0%",NaN
1823-Universidad Autónoma de Bucaramanga - UNAB,52419-MAESTRIA EN E-LEARNING,Femenino,2012-1,2016,Dependiente,Administración pública y defensa; planes de seguridad social de afiliación obligatoria,1,1,,"100,0%",$5.502.000
1823-Universidad Autónoma de Bucaramanga - UNAB,52419-MAESTRIA EN E-LEARNING,Femenino,2012-1,2016,Dependiente,Sin información,3,3,,"100,0%",$4.230.000
1823-Universidad Autónoma de Bucaramanga - UNAB,52419-MAESTRIA EN E-LEARNING,Femenino,2012-1,2016,Independiente,Sin información,1,1,,"100,0%",NaN
1823-Universidad Autónoma de Bucaramanga - UNAB,52419-MAESTRIA EN E-LEARNING,Femenino,2012-1,2017,Dependiente,Educación,1,1,,"100,0%",NaN
1823-Universidad Autónoma de Bucaramanga - UNAB,52419-MAESTRIA EN E-LEARNING,Femenino,2012-1,2017,Dependiente,Sin información,3,3,,"100,0%",NaN
1823-Universidad Autónoma de Bucaramanga - UNAB,52419-MAESTRIA EN E-LEARNING,Femenino,2012-1,2017,Independiente,Sin información,1,1,,"100,0%",NaN
1823-Universidad Autónoma de Bucaramanga - UNAB,52419-MAESTRIA EN E-LEARNING,Femenino,2012-1,2018,Dependiente,Educación,1,1,,"100,0%",NaN
1823-Universidad Autónoma de Bucaramanga - UNAB,52419-MAESTRIA EN E-LEARNING,Femenino,2012-1,2018,Dependiente,Sin información,3,3,,"100,0%",NaN
1823-Universidad Autónoma de Bucaramanga - UNAB,52419-MAESTRIA EN E-LEARNING,Femenino,2012-1,2018,Independiente,Sin información,1,1,,"100,0%",NaN
1823-Universidad Autónoma de Bucaramanga - UNAB,52419-MAESTRIA EN E-LEARNING,Femenino,2012-1,2019,Dependiente,"Actividades profesionales, científicas y técnicas",3,3,,"100,0%",NaN
1823-Universidad Autónoma de Bucaramanga - UNAB,52419-MAESTRIA EN E-LEARNING,Femenino,2012-1,2019,Dependiente,Educación,1,1,,"100,0%",NaN
1823-Universidad Autónoma de Bucaramanga - UNAB,52419-MAESTRIA EN E-LEARNING,Femenino,2012-1,2019,Independiente,Administración pública y defensa; planes de seguridad social de afiliación obligatoria,1,1,,"100,0%",NaN
1823-Universidad Autónoma de Bucaramanga - UNAB,52419-MAESTRIA EN E-LEARNING,Femenino,2012-1,2020,Dependiente,"Actividades profesionales, científicas y técnicas",3,3,,"100,0%",NaN
1823-Universidad Autónoma de Bucaramanga - UNAB,52419-MAESTRIA EN E-LEARNING,Femenino,2012-1,2020,Dependiente,Educación,1,1,,"100,0%",NaN
1823-Universidad Autónoma de Bucaramanga - UNAB,52419-MAESTRIA EN E-LEARNING,Femenino,2012-1,2020,Independiente,Administración pública y defensa; planes de seguridad social de afiliación obligatoria,1,1,,"100,0%",NaN
1823-Universidad Autónoma de Bucaramanga - UNAB,52419-MAESTRIA EN E-LEARNING,Femenino,2012-1,2021,Dependiente,"Actividades profesionales, científicas y técnicas",3,3,,"100,0%",NaN
1823-Universidad Autónoma de Bucaramanga - UNAB,52419-MAESTRIA EN E-LEARNING,Femenino,2012-1,2021,Dependiente,Educación,1,1,,"100,0%",NaN
1823-Universidad Autónoma de Bucaramanga - UNAB,52419-MAESTRIA EN E-LEARNING,Femenino,2012-1,2021,Independiente,Administración pública y defensa; planes de seguridad social de afiliación obligatoria,1,1,,"100,0%",NaN
1823-Universidad Autónoma de Bucaramanga - UNAB,52419-MAESTRIA EN E-LEARNING,Femenino,2012-1,2022,Dependiente,"Actividades profesionales, científicas y técnicas",3,3,,"100,0%",NaN
1823-Universidad Autónoma de Bucaramanga - UNAB,52419-MAESTRIA EN E-LEARNING,Femenino,2012-1,2022,Dependiente,Educación,1,1,,"100,0%",NaN
1823-Universidad Autónoma de Bucaramanga - UNAB,52419-MAESTRIA EN E-LEARNING,Femenino,2012-1,2022,Independiente,Administración pública y defensa; planes de seguridad social de afiliación obligatoria,1,1,,"100,0%",NaN
1823-Universidad Autónoma de Bucaramanga - UNAB,52419-MAESTRIA EN E-LEARNING,Femenino,2012-1,2023,Dependiente,Educación,1,1,,"100,0%",NaN
1823-Universidad Autónoma de Bucaramanga - UNAB,52419-MAESTRIA EN E-LEARNING,Femenino,2012-1,2023,Dependiente,Otras actividades de servicios,3,3,,"100,0%",NaN
1823-Universidad Autónoma de Bucaramanga - UNAB,52419-MAESTRIA EN E-LEARNING,Femenino,2012-1,2023,Independiente,Administración pública y defensa; planes de seguridad social de afiliación obligatoria,1,1,,"100,0%",NaN
1823-Universidad Autónoma de Bucaramanga - UNAB,52419-MAESTRIA EN E-LEARNING,Masculino,2012-1,2013,Dependiente,Sin información,3,3,,"100,0%",$3.455.833
1823-Universidad Autónoma de Bucaramanga - UNAB,52419-MAESTRIA EN E-LEARNING,Masculino,2012-1,2013,Independiente,Sin información,1,1,,"100,0%",NaN
1823-Universidad Autónoma de Bucaramanga - UNAB,52419-MAESTRIA EN E-LEARNING,Masculino,2012-1,2014,Dependiente,Administración pública y defensa; planes de seguridad social de afiliación obligatoria,1,1,,"100,0%",$2.387.000
1823-Universidad Autónoma de Bucaramanga - UNAB,52419-MAESTRIA EN E-LEARNING,Masculino,2012-1,2014,Dependiente,Educación,2,2,,"100,0%",$4.016.500
1823-Universidad Autónoma de Bucaramanga - UNAB,52419-MAESTRIA EN E-LEARNING,Masculino,2012-1,2014,Dependiente,Información y comunicaciones,1,1,,"100,0%",$3.346.000
1823-Universidad Autónoma de Bucaramanga - UNAB,52419-MAESTRIA EN E-LEARNING,Masculino,2012-1,2015,Dependiente,Educación,2,2,,"100,0%",$4.240.500
1823-Universidad Autónoma de Bucaramanga - UNAB,52419-MAESTRIA EN E-LEARNING,Masculino,2012-1,2015,Dependiente,Información y comunicaciones,2,2,,"100,0%",$4.019.676
1823-Universidad Autónoma de Bucaramanga - UNAB,52419-MAESTRIA EN E-LEARNING,Masculino,2012-1,2016,Dependiente,Administración pública y defensa; planes de seguridad social de afiliación obligatoria,1,1,,"100,0%",$3.525.000
1823-Universidad Autónoma de Bucaramanga - UNAB,52419-MAESTRIA EN E-LEARNING,Masculino,2012-1,2016,Dependiente,Educación,2,2,,"100,0%",$3.726.061
1823-Universidad Autónoma de Bucaramanga - UNAB,52419-MAESTRIA EN E-LEARNING,Masculino,2012-1,2016,Dependiente,Sin información,1,1,,"100,0%",$4.829.000
1823-Universidad Autónoma de Bucaramanga - UNAB,52419-MAESTRIA EN E-LEARNING,Masculino,2012-1,2017,Dependiente,Actividades de servicios administrativos y de apoyo,1,1,,"100,0%",NaN
1823-Universidad Autónoma de Bucaramanga - UNAB,52419-MAESTRIA EN E-LEARNING,Masculino,2012-1,2017,Dependiente,Educación,1,1,,"100,0%",NaN
1823-Universidad Autónoma de Bucaramanga - UNAB,52419-MAESTRIA EN E-LEARNING,Masculino,2012-1,2017,Dependiente,Sin información,2,2,,"100,0%",NaN
1823-Universidad Autónoma de Bucaramanga - UNAB,52419-MAESTRIA EN E-LEARNING,Masculino,2012-1,2018,Dependiente,Actividades de servicios administrativos y de apoyo,1,1,,"100,0%",NaN
1823-Universidad Autónoma de Bucaramanga - UNAB,52419-MAESTRIA EN E-LEARNING,Masculino,2012-1,2018,Dependiente,Administración pública y defensa; planes de seguridad social de afiliación obligatoria,1,1,,"100,0%",NaN
1823-Universidad Autónoma de Bucaramanga - UNAB,52419-MAESTRIA EN E-LEARNING,Masculino,2012-1,2018,Dependiente,Educación,1,1,,"100,0%",NaN
1823-Universidad Autónoma de Bucaramanga - UNAB,52419-MAESTRIA EN E-LEARNING,Masculino,2012-1,2018,Dependiente,Sin información,1,1,,"100,0%",NaN
1823-Universidad Autónoma de Bucaramanga - UNAB,52419-MAESTRIA EN E-LEARNING,Masculino,2012-1,2019,Dependiente,Actividades de servicios administrativos y de apoyo,1,1,,"100,0%",NaN
1823-Universidad Autónoma de Bucaramanga - UNAB,52419-MAESTRIA EN E-LEARNING,Masculino,2012-1,2019,Dependiente,Administración pública y defensa; planes de seguridad social de afiliación obligatoria,2,2,,"100,0%",NaN
1823-Universidad Autónoma de Bucaramanga - UNAB,52419-MAESTRIA EN E-LEARNING,Masculino,2012-1,2019,Dependiente,Educación,1,1,,"100,0%",NaN
1823-Universidad Autónoma de Bucaramanga - UNAB,52419-MAESTRIA EN E-LEARNING,Masculino,2012-1,2020,Dependiente,Actividades de servicios administrativos y de apoyo,1,1,,"100,0%",NaN
1823-Universidad Autónoma de Bucaramanga - UNAB,52419-MAESTRIA EN E-LEARNING,Masculino,2012-1,2020,Dependiente,"Actividades profesionales, científicas y técnicas",1,1,,"100,0%",NaN
1823-Universidad Autónoma de Bucaramanga - UNAB,52419-MAESTRIA EN E-LEARNING,Masculino,2012-1,2020,Dependiente,Administración pública y defensa; planes de seguridad social de afiliación obligatoria,1,1,,"100,0%",NaN
1823-Universidad Autónoma de Bucaramanga - UNAB,52419-MAESTRIA EN E-LEARNING,Masculino,2012-1,2020,Dependiente,Educación,1,1,,"100,0%",NaN
1823-Universidad Autónoma de Bucaramanga - UNAB,52419-MAESTRIA EN E-LEARNING,Masculino,2012-1,2021,Dependiente,Actividades de servicios administrativos y de apoyo,1,1,,"100,0%",NaN
1823-Universidad Autónoma de Bucaramanga - UNAB,52419-MAESTRIA EN E-LEARNING,Masculino,2012-1,2021,Dependiente,Administración pública y defensa; planes de seguridad social de afiliación obligatoria,2,2,,"100,0%",NaN
1823-Universidad Autónoma de Bucaramanga - UNAB,52419-MAESTRIA EN E-LEARNING,Masculino,2012-1,2021,Independiente,"Actividades profesionales, científicas y técnicas",1,1,,"100,0%",NaN
1823-Universidad Autónoma de Bucaramanga - UNAB,52419-MAESTRIA EN E-LEARNING,Masculino,2012-1,2022,Dependiente,Actividades de servicios administrativos y de apoyo,1,1,,"100,0%",NaN
1823-Universidad Autónoma de Bucaramanga - UNAB,52419-MAESTRIA EN E-LEARNING,Masculino,2012-1,2022,Dependiente,Administración pública y defensa; planes de seguridad social de afiliación obligatoria,1,1,,"100,0%",NaN
1823-Universidad Autónoma de Bucaramanga - UNAB,52419-MAESTRIA EN E-LEARNING,Masculino,2012-1,2022,Dependiente,Educación,2,2,,"100,0%",NaN
1823-Universidad Autónoma de Bucaramanga - UNAB,52419-MAESTRIA EN E-LEARNING,Masculino,2012-1,2023,Dependiente,Actividades de servicios administrativos y de apoyo,1,1,,"100,0%",NaN
1823-Universidad Autónoma de Bucaramanga - UNAB,52419-MAESTRIA EN E-LEARNING,Masculino,2012-1,2023,Dependiente,"Actividades profesionales, científicas y técnicas",1,1,,"100,0%",NaN
1823-Universidad Autónoma de Bucaramanga - UNAB,52419-MAESTRIA EN E-LEARNING,Masculino,2012-1,2023,Dependiente,Administración pública y defensa; planes de seguridad social de afiliación obligatoria,1,1,,"100,0%",NaN
1823-Universidad Autónoma de Bucaramanga - UNAB,52419-MAESTRIA EN E-LEARNING,Masculino,2012-1,2023,Dependiente,Educación,1,1,,"100,0%",NaN
1823-Universidad Autónoma de Bucaramanga - UNAB,20845-MAESTRIA EN SOFTWARE LIBRE,Masculino,2012-1,2017,Dependiente,Actividades de servicios administrativos y de apoyo,1,1,,"100,0%",NaN
1823-Universidad Autónoma de Bucaramanga - UNAB,20845-MAESTRIA EN SOFTWARE LIBRE,Masculino,2012-1,2017,Dependiente,"Actividades profesionales, científicas y técnicas",3,3,,"100,0%",NaN
1823-Universidad Autónoma de Bucaramanga - UNAB,20845-MAESTRIA EN SOFTWARE LIBRE,Masculino,2012-1,2017,Dependiente,Administración pública y defensa; planes de seguridad social de afiliación obligatoria,2,2,,"100,0%",NaN
1823-Universidad Autónoma de Bucaramanga - UNAB,20845-MAESTRIA EN SOFTWARE LIBRE,Masculino,2012-1,2017,Dependiente,Educación,4,4,,"100,0%",NaN
1823-Universidad Autónoma de Bucaramanga - UNAB,20845-MAESTRIA EN SOFTWARE LIBRE,Masculino,2012-1,2017,Dependiente,Sin información,1,1,,"100,0%",NaN
1823-Universidad Autónoma de Bucaramanga - UNAB,20845-MAESTRIA EN SOFTWARE LIBRE,Masculino,2012-1,2017,No cotizante,Sin información,2,0,,"0,0%",NaN
1823-Universidad Autónoma de Bucaramanga - UNAB,20845-MAESTRIA EN SOFTWARE LIBRE,Masculino,2012-1,2018,Dependiente,Actividades de servicios administrativos y de apoyo,1,1,,"100,0%",NaN
1823-Universidad Autónoma de Bucaramanga - UNAB,20845-MAESTRIA EN SOFTWARE LIBRE,Masculino,2012-1,2018,Dependiente,"Actividades profesionales, científicas y técnicas",1,1,,"100,0%",NaN
1823-Universidad Autónoma de Bucaramanga - UNAB,20845-MAESTRIA EN SOFTWARE LIBRE,Masculino,2012-1,2018,Dependiente,Administración pública y defensa; planes de seguridad social de afiliación obligatoria,2,2,,"100,0%",NaN
1823-Universidad Autónoma de Bucaramanga - UNAB,20845-MAESTRIA EN SOFTWARE LIBRE,Masculino,2012-1,2018,Dependiente,Educación,6,6,,"100,0%",NaN
1823-Universidad Autónoma de Bucaramanga - UNAB,20845-MAESTRIA EN SOFTWARE LIBRE,Masculino,2012-1,2018,Dependiente,Sin información,1,1,,"100,0%",NaN
1823-Universidad Autónoma de Bucaramanga - UNAB,20845-MAESTRIA EN SOFTWARE LIBRE,Masculino,2012-1,2018,No cotizante,Sin información,2,0,,"0,0%",NaN
1823-Universidad Autónoma de Bucaramanga - UNAB,20845-MAESTRIA EN SOFTWARE LIBRE,Masculino,2012-1,2019,Dependiente,Actividades de atención de la salud humana y de asistencia social,1,1,,"100,0%",NaN
1823-Universidad Autónoma de Bucaramanga - UNAB,20845-MAESTRIA EN SOFTWARE LIBRE,Masculino,2012-1,2019,Dependiente,Actividades de servicios administrativos y de apoyo,1,1,,"100,0%",NaN
1823-Universidad Autónoma de Bucaramanga - UNAB,20845-MAESTRIA EN SOFTWARE LIBRE,Masculino,2012-1,2019,Dependiente,"Actividades profesionales, científicas y técnicas",2,2,,"100,0%",NaN
1823-Universidad Autónoma de Bucaramanga - UNAB,20845-MAESTRIA EN SOFTWARE LIBRE,Masculino,2012-1,2019,Dependiente,Administración pública y defensa; planes de seguridad social de afiliación obligatoria,2,2,,"100,0%",NaN
1823-Universidad Autónoma de Bucaramanga - UNAB,20845-MAESTRIA EN SOFTWARE LIBRE,Masculino,2012-1,2019,Dependiente,Educación,4,4,,"100,0%",NaN
1823-Universidad Autónoma de Bucaramanga - UNAB,20845-MAESTRIA EN SOFTWARE LIBRE,Masculino,2012-1,2019,Dependiente,Sin información,1,1,,"100,0%",NaN
1823-Universidad Autónoma de Bucaramanga - UNAB,20845-MAESTRIA EN SOFTWARE LIBRE,Masculino,2012-1,2019,No cotizante,Sin información,2,0,,"0,0%",NaN
1823-Universidad Autónoma de Bucaramanga - UNAB,20845-MAESTRIA EN SOFTWARE LIBRE,Masculino,2012-1,2020,Dependiente,Actividades de atención de la salud humana y de asistencia social,1,1,,"100,0%",NaN
1823-Universidad Autónoma de Bucaramanga - UNAB,20845-MAESTRIA EN SOFTWARE LIBRE,Masculino,2012-1,2020,Dependiente,Actividades de servicios administrativos y de apoyo,1,1,,"100,0%",NaN
1823-Universidad Autónoma de Bucaramanga - UNAB,20845-MAESTRIA EN SOFTWARE LIBRE,Masculino,2012-1,2020,Dependiente,"Actividades profesionales, científicas y técnicas",2,2,,"100,0%",NaN
1823-Universidad Autónoma de Bucaramanga - UNAB,20845-MAESTRIA EN SOFTWARE LIBRE,Masculino,2012-1,2020,Dependiente,Administración pública y defensa; planes de seguridad social de afiliación obligatoria,2,2,,"100,0%",NaN
1823-Universidad Autónoma de Bucaramanga - UNAB,20845-MAESTRIA EN SOFTWARE LIBRE,Masculino,2012-1,2020,Dependiente,Educación,4,4,,"100,0%",NaN
1823-Universidad Autónoma de Bucaramanga - UNAB,20845-MAESTRIA EN SOFTWARE LIBRE,Masculino,2012-1,2020,Dependiente,Otras actividades de servicios,1,1,,"100,0%",NaN
1823-Universidad Autónoma de Bucaramanga - UNAB,20845-MAESTRIA EN SOFTWARE LIBRE,Masculino,2012-1,2020,Independiente,Información y comunicaciones,1,1,,"100,0%",NaN
1823-Universidad Autónoma de Bucaramanga - UNAB,20845-MAESTRIA EN SOFTWARE LIBRE,Masculino,2012-1,2020,No cotizante,Sin información,1,0,,"0,0%",NaN
1823-Universidad Autónoma de Bucaramanga - UNAB,20845-MAESTRIA EN SOFTWARE LIBRE,Masculino,2012-1,2021,Dependiente,Actividades de atención de la salud humana y de asistencia social,1,1,,"100,0%",NaN
1823-Universidad Autónoma de Bucaramanga - UNAB,20845-MAESTRIA EN SOFTWARE LIBRE,Masculino,2012-1,2021,Dependiente,Actividades de servicios administrativos y de apoyo,1,1,,"100,0%",NaN
1823-Universidad Autónoma de Bucaramanga - UNAB,20845-MAESTRIA EN SOFTWARE LIBRE,Masculino,2012-1,2021,Dependiente,"Actividades profesionales, científicas y técnicas",1,1,,"100,0%",NaN
1823-Universidad Autónoma de Bucaramanga - UNAB,20845-MAESTRIA EN SOFTWARE LIBRE,Masculino,2012-1,2021,Dependiente,Administración pública y defensa; planes de seguridad social de afiliación obligatoria,2,2,,"100,0%",NaN
1823-Universidad Autónoma de Bucaramanga - UNAB,20845-MAESTRIA EN SOFTWARE LIBRE,Masculino,2012-1,2021,Dependiente,Educación,5,5,,"100,0%",NaN
1823-Universidad Autónoma de Bucaramanga - UNAB,20845-MAESTRIA EN SOFTWARE LIBRE,Masculino,2012-1,2021,Dependiente,Información y comunicaciones,1,1,,"100,0%",NaN
1823-Universidad Autónoma de Bucaramanga - UNAB,20845-MAESTRIA EN SOFTWARE LIBRE,Masculino,2012-1,2021,No cotizante,Sin información,2,0,,"0,0%",NaN
1823-Universidad Autónoma de Bucaramanga - UNAB,20845-MAESTRIA EN SOFTWARE LIBRE,Masculino,2012-1,2022,Dependiente,Actividades de atención de la salud humana y de asistencia social,1,1,,"100,0%",NaN
1823-Universidad Autónoma de Bucaramanga - UNAB,20845-MAESTRIA EN SOFTWARE LIBRE,Masculino,2012-1,2022,Dependiente,Actividades de servicios administrativos y de apoyo,1,1,,"100,0%",NaN
1823-Universidad Autónoma de Bucaramanga - UNAB,20845-MAESTRIA EN SOFTWARE LIBRE,Masculino,2012-1,2022,Dependiente,"Actividades profesionales, científicas y técnicas",2,2,,"100,0%",NaN
1823-Universidad Autónoma de Bucaramanga - UNAB,20845-MAESTRIA EN SOFTWARE LIBRE,Masculino,2012-1,2022,Dependiente,Administración pública y defensa; planes de seguridad social de afiliación obligatoria,2,2,,"100,0%",NaN
1823-Universidad Autónoma de Bucaramanga - UNAB,20845-MAESTRIA EN SOFTWARE LIBRE,Masculino,2012-1,2022,Dependiente,Educación,3,3,,"100,0%",NaN
1823-Universidad Autónoma de Bucaramanga - UNAB,20845-MAESTRIA EN SOFTWARE LIBRE,Masculino,2012-1,2022,Dependiente,Información y comunicaciones,1,1,,"100,0%",NaN
1823-Universidad Autónoma de Bucaramanga - UNAB,20845-MAESTRIA EN SOFTWARE LIBRE,Masculino,2012-1,2022,No cotizante,SIN DATO,3,0,,"0,0%",NaN
1823-Universidad Autónoma de Bucaramanga - UNAB,20845-MAESTRIA EN SOFTWARE LIBRE,Masculino,2012-1,2023,Dependiente,Actividades de atención de la salud humana y de asistencia social,1,1,,"100,0%",NaN
1823-Universidad Autónoma de Bucaramanga - UNAB,20845-MAESTRIA EN SOFTWARE LIBRE,Masculino,2012-1,2023,Dependiente,Actividades de servicios administrativos y de apoyo,1,1,,"100,0%",NaN
1823-Universidad Autónoma de Bucaramanga - UNAB,20845-MAESTRIA EN SOFTWARE LIBRE,Masculino,2012-1,2023,Dependiente,"Actividades profesionales, científicas y técnicas",1,1,,"100,0%",NaN
1823-Universidad Autónoma de Bucaramanga - UNAB,20845-MAESTRIA EN SOFTWARE LIBRE,Masculino,2012-1,2023,Dependiente,Administración pública y defensa; planes de seguridad social de afiliación obligatoria,2,2,,"100,0%",NaN
1823-Universidad Autónoma de Bucaramanga - UNAB,20845-MAESTRIA EN SOFTWARE LIBRE,Masculino,2012-1,2023,Dependiente,Educación,3,3,,"100,0%",NaN
1823-Universidad Autónoma de Bucaramanga - UNAB,20845-MAESTRIA EN SOFTWARE LIBRE,Masculino,2012-1,2023,Dependiente,Información y comunicaciones,1,1,,"100,0%",NaN
1823-Universidad Autónoma de Bucaramanga - UNAB,20845-MAESTRIA EN SOFTWARE LIBRE,Masculino,2012-1,2023,No cotizante,SIN DATO,4,0,,"0,0%",NaN
1823-Universidad Autónoma de Bucaramanga - UNAB,53831-TECNICO PROFESIONAL EN MANTENIMIENTO DE HARDWARE Y SISTEMAS OPERATIVOS DE COMPUTADORES,Masculino,2012-1,2016,Dependiente,Comercio al por mayor y al por menor; reparación de vehículos automotores y motocicletas,1,1,,"100,0%",$690.000
1823-Universidad Autónoma de Bucaramanga - UNAB,53831-TECNICO PROFESIONAL EN MANTENIMIENTO DE HARDWARE Y SISTEMAS OPERATIVOS DE COMPUTADORES,Masculino,2012-1,2017,No cotizante,Sin información,1,0,,"0,0%",NaN
1823-Universidad Autónoma de Bucaramanga - UNAB,53831-TECNICO PROFESIONAL EN MANTENIMIENTO DE HARDWARE Y SISTEMAS OPERATIVOS DE COMPUTADORES,Masculino,2012-1,2018,Dependiente,Industrias manufactureras,1,1,,"100,0%",NaN
1823-Universidad Autónoma de Bucaramanga - UNAB,53831-TECNICO PROFESIONAL EN MANTENIMIENTO DE HARDWARE Y SISTEMAS OPERATIVOS DE COMPUTADORES,Masculino,2012-1,2019,Dependiente,Comercio al por mayor y al por menor; reparación de vehículos automotores y motocicletas,1,1,,"100,0%",NaN
1823-Universidad Autónoma de Bucaramanga - UNAB,53831-TECNICO PROFESIONAL EN MANTENIMIENTO DE HARDWARE Y SISTEMAS OPERATIVOS DE COMPUTADORES,Masculino,2012-1,2020,Dependiente,Actividades de servicios administrativos y de apoyo,1,1,,"100,0%",NaN
1823-Universidad Autónoma de Bucaramanga - UNAB,53831-TECNICO PROFESIONAL EN MANTENIMIENTO DE HARDWARE Y SISTEMAS OPERATIVOS DE COMPUTADORES,Masculino,2012-1,2021,Dependiente,Comercio al por mayor y al por menor; reparación de vehículos automotores y motocicletas,1,1,,"100,0%",NaN
1823-Universidad Autónoma de Bucaramanga - UNAB,53831-TECNICO PROFESIONAL EN MANTENIMIENTO DE HARDWARE Y SISTEMAS OPERATIVOS DE COMPUTADORES,Masculino,2012-1,2022,Dependiente,Comercio al por mayor y al por menor; reparación de vehículos automotores y motocicletas,1,1,,"100,0%",NaN
1823-Universidad Autónoma de Bucaramanga - UNAB,53831-TECNICO PROFESIONAL EN MANTENIMIENTO DE HARDWARE Y SISTEMAS OPERATIVOS DE COMPUTADORES,Masculino,2012-1,2023,Dependiente,Comercio al por mayor y al por menor; reparación de vehículos automotores y motocicletas,1,1,,"100,0%",NaN
1823-Universidad Autónoma de Bucaramanga - UNAB,"53833-TECNICO PROFESIONAL EN MULTIMEDIA, OFIMATICA Y SOPORTE DE APLICACIONES INFORMATICAS",Femenino,2012-1,2016,Dependiente,Sin información,1,1,,"100,0%",$985.000
1823-Universidad Autónoma de Bucaramanga - UNAB,"53833-TECNICO PROFESIONAL EN MULTIMEDIA, OFIMATICA Y SOPORTE DE APLICACIONES INFORMATICAS",Femenino,2012-1,2016,No cotizante,Sin información,1,0,,"0,0%",NaN
1823-Universidad Autónoma de Bucaramanga - UNAB,"53833-TECNICO PROFESIONAL EN MULTIMEDIA, OFIMATICA Y SOPORTE DE APLICACIONES INFORMATICAS",Femenino,2012-1,2017,Dependiente,Educación,1,1,,"100,0%",NaN
1823-Universidad Autónoma de Bucaramanga - UNAB,"53833-TECNICO PROFESIONAL EN MULTIMEDIA, OFIMATICA Y SOPORTE DE APLICACIONES INFORMATICAS",Femenino,2012-1,2017,No cotizante,Sin información,1,0,,"0,0%",NaN
1823-Universidad Autónoma de Bucaramanga - UNAB,"53833-TECNICO PROFESIONAL EN MULTIMEDIA, OFIMATICA Y SOPORTE DE APLICACIONES INFORMATICAS",Femenino,2012-1,2018,Dependiente,Educación,1,1,,"100,0%",NaN
1823-Universidad Autónoma de Bucaramanga - UNAB,"53833-TECNICO PROFESIONAL EN MULTIMEDIA, OFIMATICA Y SOPORTE DE APLICACIONES INFORMATICAS",Femenino,2012-1,2019,Dependiente,Educación,1,1,,"100,0%",NaN
1823-Universidad Autónoma de Bucaramanga - UNAB,"53833-TECNICO PROFESIONAL EN MULTIMEDIA, OFIMATICA Y SOPORTE DE APLICACIONES INFORMATICAS",Femenino,2012-1,2020,Dependiente,Educación,1,1,,"100,0%",NaN
1823-Universidad Autónoma de Bucaramanga - UNAB,"53833-TECNICO PROFESIONAL EN MULTIMEDIA, OFIMATICA Y SOPORTE DE APLICACIONES INFORMATICAS",Femenino,2012-1,2021,Dependiente,Actividades de servicios administrativos y de apoyo,1,1,,"100,0%",NaN
1823-Universidad Autónoma de Bucaramanga - UNAB,"53833-TECNICO PROFESIONAL EN MULTIMEDIA, OFIMATICA Y SOPORTE DE APLICACIONES INFORMATICAS",Femenino,2012-1,2022,Dependiente,Educación,1,1,,"100,0%",NaN
1823-Universidad Autónoma de Bucaramanga - UNAB,"53833-TECNICO PROFESIONAL EN MULTIMEDIA, OFIMATICA Y SOPORTE DE APLICACIONES INFORMATICAS",Masculino,2012-1,2016,Dependiente,Información y comunicaciones,1,1,,"100,0%",$689.455
1823-Universidad Autónoma de Bucaramanga - UNAB,"53833-TECNICO PROFESIONAL EN MULTIMEDIA, OFIMATICA Y SOPORTE DE APLICACIONES INFORMATICAS",Masculino,2012-1,2017,Dependiente,Información y comunicaciones,1,1,,"100,0%",NaN
1823-Universidad Autónoma de Bucaramanga - UNAB,"53833-TECNICO PROFESIONAL EN MULTIMEDIA, OFIMATICA Y SOPORTE DE APLICACIONES INFORMATICAS",Masculino,2012-1,2018,Dependiente,Información y comunicaciones,1,1,,"100,0%",NaN
1823-Universidad Autónoma de Bucaramanga - UNAB,"53833-TECNICO PROFESIONAL EN MULTIMEDIA, OFIMATICA Y SOPORTE DE APLICACIONES INFORMATICAS",Masculino,2012-1,2019,Dependiente,Información y comunicaciones,1,1,,"100,0%",NaN
1823-Universidad Autónoma de Bucaramanga - UNAB,"53833-TECNICO PROFESIONAL EN MULTIMEDIA, OFIMATICA Y SOPORTE DE APLICACIONES INFORMATICAS",Masculino,2012-1,2020,Dependiente,Información y comunicaciones,1,1,,"100,0%",NaN
1823-Universidad Autónoma de Bucaramanga - UNAB,"53833-TECNICO PROFESIONAL EN MULTIMEDIA, OFIMATICA Y SOPORTE DE APLICACIONES INFORMATICAS",Masculino,2012-1,2021,Dependiente,Información y comunicaciones,1,1,,"100,0%",NaN
1823-Universidad Autónoma de Bucaramanga - UNAB,"53833-TECNICO PROFESIONAL EN MULTIMEDIA, OFIMATICA Y SOPORTE DE APLICACIONES INFORMATICAS",Masculino,2012-1,2022,Dependiente,Información y comunicaciones,1,1,,"100,0%",NaN
1823-Universidad Autónoma de Bucaramanga - UNAB,"53833-TECNICO PROFESIONAL EN MULTIMEDIA, OFIMATICA Y SOPORTE DE APLICACIONES INFORMATICAS",Masculino,2012-1,2023,Dependiente,Información y comunicaciones,1,1,,"100,0%",NaN
1825-Universidad Autónoma de Manizales,54815-ADMINISTRACION DE EMPRESAS,Femenino,2012-1,2016,Dependiente,Sin información,3,3,,"100,0%",$1.095.818
1825-Universidad Autónoma de Manizales,54815-ADMINISTRACION DE EMPRESAS,Femenino,2012-1,2016,Independiente,Comercio al por mayor y al por menor; reparación de vehículos automotores y motocicletas,1,1,,"100,0%",NaN
1825-Universidad Autónoma de Manizales,54815-ADMINISTRACION DE EMPRESAS,Femenino,2012-1,2016,No cotizante,Sin información,1,0,,"0,0%",NaN
1825-Universidad Autónoma de Manizales,54815-ADMINISTRACION DE EMPRESAS,Masculino,2012-1,2016,Dependiente,Actividades financieras y de seguros,1,1,,"100,0%",$2.664.000
1825-Universidad Autónoma de Manizales,54815-ADMINISTRACION DE EMPRESAS,Masculino,2012-1,2016,Dependiente,Sin información,1,1,,"100,0%",$804.455
1825-Universidad Autónoma de Manizales,12761-TECNOLOGIA EN GESTION DE EMPRESAS AGROINDUSTRIALES,Femenino,2012-1,2016,Dependiente,Otras actividades de servicios,1,1,,"100,0%",$802.000
1825-Universidad Autónoma de Manizales,12761-TECNOLOGIA EN GESTION DE EMPRESAS AGROINDUSTRIALES,Femenino,2012-1,2016,No cotizante,Sin información,2,0,,"0,0%",NaN
1825-Universidad Autónoma de Manizales,12761-TECNOLOGIA EN GESTION DE EMPRESAS AGROINDUSTRIALES,Masculino,2012-1,2016,Dependiente,"Agricultura, ganadería, caza, silvicultura y pesca",4,4,,"100,0%",$1.556.196
1825-Universidad Autónoma de Manizales,12761-TECNOLOGIA EN GESTION DE EMPRESAS AGROINDUSTRIALES,Masculino,2012-1,2016,Dependiente,Comercio al por mayor y al por menor; reparación de vehículos automotores y motocicletas,1,1,,"100,0%",$689.455
2719-Universidad Católica Luis Amigó - FUNLAM,54982-ESPECIALIZACION EN GESTION EDUCATIVA,Femenino,2012-1,2016,Dependiente,Actividades de organizaciones y entidades extraterritoriales,3,3,,"100,0%",$2.924.333
2719-Universidad Católica Luis Amigó - FUNLAM,54982-ESPECIALIZACION EN GESTION EDUCATIVA,Femenino,2012-1,2016,Dependiente,"Actividades profesionales, científicas y técnicas",1,1,,"100,0%",$1.963.000
2719-Universidad Católica Luis Amigó - FUNLAM,54982-ESPECIALIZACION EN GESTION EDUCATIVA,Femenino,2012-1,2016,Dependiente,Administración pública y defensa; planes de seguridad social de afiliación obligatoria,5,5,,"100,0%",$1.582.600
2719-Universidad Católica Luis Amigó - FUNLAM,54982-ESPECIALIZACION EN GESTION EDUCATIVA,Femenino,2012-1,2016,Dependiente,Educación,1,1,,"100,0%",$1.806.000
2719-Universidad Católica Luis Amigó - FUNLAM,54982-ESPECIALIZACION EN GESTION EDUCATIVA,Femenino,2012-1,2016,Independiente,Otras actividades de servicios,1,1,,"100,0%",NaN
2719-Universidad Católica Luis Amigó - FUNLAM,54982-ESPECIALIZACION EN GESTION EDUCATIVA,Femenino,2012-1,2017,Dependiente,Actividades de los hogares individuales en calidad de empleadores; actividades no diferenciadas de los hogares individuales como productores de bienes y servicios para uso propio,1,1,,"100,0%",NaN
2719-Universidad Católica Luis Amigó - FUNLAM,54982-ESPECIALIZACION EN GESTION EDUCATIVA,Femenino,2012-1,2017,Dependiente,Actividades financieras y de seguros,2,2,,"100,0%",NaN
2719-Universidad Católica Luis Amigó - FUNLAM,54982-ESPECIALIZACION EN GESTION EDUCATIVA,Femenino,2012-1,2017,Dependiente,"Actividades profesionales, científicas y técnicas",1,1,,"100,0%",NaN
2719-Universidad Católica Luis Amigó - FUNLAM,54982-ESPECIALIZACION EN GESTION EDUCATIVA,Femenino,2012-1,2017,Dependiente,Administración pública y defensa; planes de seguridad social de afiliación obligatoria,1,1,,"100,0%",NaN
2719-Universidad Católica Luis Amigó - FUNLAM,54982-ESPECIALIZACION EN GESTION EDUCATIVA,Femenino,2012-1,2017,Dependiente,Educación,1,1,,"100,0%",NaN
2719-Universidad Católica Luis Amigó - FUNLAM,54982-ESPECIALIZACION EN GESTION EDUCATIVA,Femenino,2012-1,2017,Dependiente,Otras actividades de servicios,1,1,,"100,0%",NaN
2719-Universidad Católica Luis Amigó - FUNLAM,54982-ESPECIALIZACION EN GESTION EDUCATIVA,Femenino,2012-1,2017,Dependiente,Sin información,7,7,,"100,0%",NaN
2719-Universidad Católica Luis Amigó - FUNLAM,54982-ESPECIALIZACION EN GESTION EDUCATIVA,Femenino,2012-1,2017,Independiente,Sin información,1,1,,"100,0%",NaN
2719-Universidad Católica Luis Amigó - FUNLAM,54982-ESPECIALIZACION EN GESTION EDUCATIVA,Femenino,2012-1,2017,No cotizante,Sin información,2,0,,"0,0%",NaN
2719-Universidad Católica Luis Amigó - FUNLAM,54982-ESPECIALIZACION EN GESTION EDUCATIVA,Femenino,2012-1,2018,Dependiente,Actividades de los hogares individuales en calidad de empleadores; actividades no diferenciadas de los hogares individuales como productores de bienes y servicios para uso propio,1,1,,"100,0%",NaN
2719-Universidad Católica Luis Amigó - FUNLAM,54982-ESPECIALIZACION EN GESTION EDUCATIVA,Femenino,2012-1,2018,Dependiente,Actividades financieras y de seguros,1,1,,"100,0%",NaN
2719-Universidad Católica Luis Amigó - FUNLAM,54982-ESPECIALIZACION EN GESTION EDUCATIVA,Femenino,2012-1,2018,Dependiente,"Actividades profesionales, científicas y técnicas",2,2,,"100,0%",NaN
2719-Universidad Católica Luis Amigó - FUNLAM,54982-ESPECIALIZACION EN GESTION EDUCATIVA,Femenino,2012-1,2018,Dependiente,Administración pública y defensa; planes de seguridad social de afiliación obligatoria,1,1,,"100,0%",NaN
2719-Universidad Católica Luis Amigó - FUNLAM,54982-ESPECIALIZACION EN GESTION EDUCATIVA,Femenino,2012-1,2018,Dependiente,Otras actividades de servicios,1,1,,"100,0%",NaN
2719-Universidad Católica Luis Amigó - FUNLAM,54982-ESPECIALIZACION EN GESTION EDUCATIVA,Femenino,2012-1,2018,Dependiente,Sin información,7,7,,"100,0%",NaN
2719-Universidad Católica Luis Amigó - FUNLAM,54982-ESPECIALIZACION EN GESTION EDUCATIVA,Femenino,2012-1,2018,Independiente,Sin información,2,2,,"100,0%",NaN
2719-Universidad Católica Luis Amigó - FUNLAM,54982-ESPECIALIZACION EN GESTION EDUCATIVA,Femenino,2012-1,2018,No cotizante,Sin información,2,0,,"0,0%",NaN
2719-Universidad Católica Luis Amigó - FUNLAM,54982-ESPECIALIZACION EN GESTION EDUCATIVA,Femenino,2012-1,2019,Dependiente,Actividades de los hogares individuales en calidad de empleadores; actividades no diferenciadas de los hogares individuales como productores de bienes y servicios para uso propio,1,1,,"100,0%",NaN
2719-Universidad Católica Luis Amigó - FUNLAM,54982-ESPECIALIZACION EN GESTION EDUCATIVA,Femenino,2012-1,2019,Dependiente,"Actividades profesionales, científicas y técnicas",2,2,,"100,0%",NaN
2719-Universidad Católica Luis Amigó - FUNLAM,54982-ESPECIALIZACION EN GESTION EDUCATIVA,Femenino,2012-1,2019,Dependiente,Administración pública y defensa; planes de seguridad social de afiliación obligatoria,5,5,,"100,0%",NaN
2719-Universidad Católica Luis Amigó - FUNLAM,54982-ESPECIALIZACION EN GESTION EDUCATIVA,Femenino,2012-1,2019,Dependiente,Educación,2,2,,"100,0%",NaN
2719-Universidad Católica Luis Amigó - FUNLAM,54982-ESPECIALIZACION EN GESTION EDUCATIVA,Femenino,2012-1,2019,Dependiente,Sin información,1,1,,"100,0%",NaN
2719-Universidad Católica Luis Amigó - FUNLAM,54982-ESPECIALIZACION EN GESTION EDUCATIVA,Femenino,2012-1,2019,Independiente,Administración pública y defensa; planes de seguridad social de afiliación obligatoria,1,1,,"100,0%",NaN
2719-Universidad Católica Luis Amigó - FUNLAM,54982-ESPECIALIZACION EN GESTION EDUCATIVA,Femenino,2012-1,2019,No cotizante,Sin información,4,0,,"0,0%",NaN
2719-Universidad Católica Luis Amigó - FUNLAM,54982-ESPECIALIZACION EN GESTION EDUCATIVA,Femenino,2012-1,2020,Dependiente,Actividades de los hogares individuales en calidad de empleadores; actividades no diferenciadas de los hogares individuales como productores de bienes y servicios para uso propio,1,1,,"100,0%",NaN
2719-Universidad Católica Luis Amigó - FUNLAM,54982-ESPECIALIZACION EN GESTION EDUCATIVA,Femenino,2012-1,2020,Dependiente,"Actividades profesionales, científicas y técnicas",2,2,,"100,0%",NaN
2719-Universidad Católica Luis Amigó - FUNLAM,54982-ESPECIALIZACION EN GESTION EDUCATIVA,Femenino,2012-1,2020,Dependiente,Administración pública y defensa; planes de seguridad social de afiliación obligatoria,5,5,,"100,0%",NaN
2719-Universidad Católica Luis Amigó - FUNLAM,54982-ESPECIALIZACION EN GESTION EDUCATIVA,Femenino,2012-1,2020,Dependiente,Educación,1,1,,"100,0%",NaN
2719-Universidad Católica Luis Amigó - FUNLAM,54982-ESPECIALIZACION EN GESTION EDUCATIVA,Femenino,2012-1,2020,Independiente,"Actividades profesionales, científicas y técnicas",1,1,,"100,0%",NaN
2719-Universidad Católica Luis Amigó - FUNLAM,54982-ESPECIALIZACION EN GESTION EDUCATIVA,Femenino,2012-1,2020,No cotizante,Sin información,6,0,,"0,0%",NaN
2719-Universidad Católica Luis Amigó - FUNLAM,54982-ESPECIALIZACION EN GESTION EDUCATIVA,Femenino,2012-1,2021,Dependiente,Actividades de servicios administrativos y de apoyo,1,1,,"100,0%",NaN
2719-Universidad Católica Luis Amigó - FUNLAM,54982-ESPECIALIZACION EN GESTION EDUCATIVA,Femenino,2012-1,2021,Dependiente,"Actividades profesionales, científicas y técnicas",1,1,,"100,0%",NaN
2719-Universidad Católica Luis Amigó - FUNLAM,54982-ESPECIALIZACION EN GESTION EDUCATIVA,Femenino,2012-1,2021,Dependiente,Administración pública y defensa; planes de seguridad social de afiliación obligatoria,5,5,,"100,0%",NaN
2719-Universidad Católica Luis Amigó - FUNLAM,54982-ESPECIALIZACION EN GESTION EDUCATIVA,Femenino,2012-1,2021,Dependiente,Educación,1,1,,"100,0%",NaN
2719-Universidad Católica Luis Amigó - FUNLAM,54982-ESPECIALIZACION EN GESTION EDUCATIVA,Femenino,2012-1,2021,Independiente,Administración pública y defensa; planes de seguridad social de afiliación obligatoria,1,1,,"100,0%",NaN
2719-Universidad Católica Luis Amigó - FUNLAM,54982-ESPECIALIZACION EN GESTION EDUCATIVA,Femenino,2012-1,2021,No cotizante,Sin información,6,0,,"0,0%",NaN
2719-Universidad Católica Luis Amigó - FUNLAM,54982-ESPECIALIZACION EN GESTION EDUCATIVA,Femenino,2012-1,2022,Dependiente,Actividades de servicios administrativos y de apoyo,1,1,,"100,0%",NaN
2719-Universidad Católica Luis Amigó - FUNLAM,54982-ESPECIALIZACION EN GESTION EDUCATIVA,Femenino,2012-1,2022,Dependiente,"Actividades profesionales, científicas y técnicas",1,1,,"100,0%",NaN
2719-Universidad Católica Luis Amigó - FUNLAM,54982-ESPECIALIZACION EN GESTION EDUCATIVA,Femenino,2012-1,2022,Dependiente,Administración pública y defensa; planes de seguridad social de afiliación obligatoria,5,5,,"100,0%",NaN
2719-Universidad Católica Luis Amigó - FUNLAM,54982-ESPECIALIZACION EN GESTION EDUCATIVA,Femenino,2012-1,2022,Dependiente,"Agricultura, ganadería, caza, silvicultura y pesca",1,1,,"100,0%",NaN
2719-Universidad Católica Luis Amigó - FUNLAM,54982-ESPECIALIZACION EN GESTION EDUCATIVA,Femenino,2012-1,2022,Dependiente,Educación,1,1,,"100,0%",NaN
2719-Universidad Católica Luis Amigó - FUNLAM,54982-ESPECIALIZACION EN GESTION EDUCATIVA,Femenino,2012-1,2022,Dependiente,Transporte y almacenamiento,1,1,,"100,0%",NaN
2719-Universidad Católica Luis Amigó - FUNLAM,54982-ESPECIALIZACION EN GESTION EDUCATIVA,Femenino,2012-1,2022,No cotizante,SIN DATO,5,0,,"0,0%",NaN
2719-Universidad Católica Luis Amigó - FUNLAM,54982-ESPECIALIZACION EN GESTION EDUCATIVA,Femenino,2012-1,2023,Dependiente,"Actividades profesionales, científicas y técnicas",1,1,,"100,0%",NaN
2719-Universidad Católica Luis Amigó - FUNLAM,54982-ESPECIALIZACION EN GESTION EDUCATIVA,Femenino,2012-1,2023,Dependiente,Administración pública y defensa; planes de seguridad social de afiliación obligatoria,5,5,,"100,0%",NaN
2719-Universidad Católica Luis Amigó - FUNLAM,54982-ESPECIALIZACION EN GESTION EDUCATIVA,Femenino,2012-1,2023,Dependiente,"Agricultura, ganadería, caza, silvicultura y pesca",1,1,,"100,0%",NaN
2719-Universidad Católica Luis Amigó - FUNLAM,54982-ESPECIALIZACION EN GESTION EDUCATIVA,Femenino,2012-1,2023,Dependiente,Educación,1,1,,"100,0%",NaN
2719-Universidad Católica Luis Amigó - FUNLAM,54982-ESPECIALIZACION EN GESTION EDUCATIVA,Femenino,2012-1,2023,Dependiente,Transporte y almacenamiento,1,1,,"100,0%",NaN
2719-Universidad Católica Luis Amigó - FUNLAM,54982-ESPECIALIZACION EN GESTION EDUCATIVA,Femenino,2012-1,2023,No cotizante,SIN DATO,5,0,,"0,0%",NaN
2719-Universidad Católica Luis Amigó - FUNLAM,54982-ESPECIALIZACION EN GESTION EDUCATIVA,Masculino,2012-1,2016,Dependiente,Actividades de organizaciones y entidades extraterritoriales,1,1,,"100,0%",$2.555.000
2719-Universidad Católica Luis Amigó - FUNLAM,54982-ESPECIALIZACION EN GESTION EDUCATIVA,Masculino,2012-1,2016,Dependiente,"Actividades profesionales, científicas y técnicas",1,1,,"100,0%",$4.329.000
2719-Universidad Católica Luis Amigó - FUNLAM,54982-ESPECIALIZACION EN GESTION EDUCATIVA,Masculino,2012-1,2016,Dependiente,Administración pública y defensa; planes de seguridad social de afiliación obligatoria,9,9,,"100,0%",$2.867.111
2719-Universidad Católica Luis Amigó - FUNLAM,54982-ESPECIALIZACION EN GESTION EDUCATIVA,Masculino,2012-1,2016,Dependiente,Educación,1,1,,"100,0%",$1.600.000
2719-Universidad Católica Luis Amigó - FUNLAM,54982-ESPECIALIZACION EN GESTION EDUCATIVA,Masculino,2012-1,2016,Dependiente,Otras actividades de servicios,1,1,,"100,0%",$4.000.000
2719-Universidad Católica Luis Amigó - FUNLAM,54982-ESPECIALIZACION EN GESTION EDUCATIVA,Masculino,2012-1,2016,Independiente,Otras actividades de servicios,1,1,,"100,0%",NaN
2719-Universidad Católica Luis Amigó - FUNLAM,54982-ESPECIALIZACION EN GESTION EDUCATIVA,Masculino,2012-1,2017,Dependiente,Administración pública y defensa; planes de seguridad social de afiliación obligatoria,5,5,,"100,0%",NaN
2719-Universidad Católica Luis Amigó - FUNLAM,54982-ESPECIALIZACION EN GESTION EDUCATIVA,Masculino,2012-1,2017,Dependiente,Educación,2,2,,"100,0%",NaN
2719-Universidad Católica Luis Amigó - FUNLAM,54982-ESPECIALIZACION EN GESTION EDUCATIVA,Masculino,2012-1,2017,Dependiente,Otras actividades de servicios,1,1,,"100,0%",NaN
2719-Universidad Católica Luis Amigó - FUNLAM,54982-ESPECIALIZACION EN GESTION EDUCATIVA,Masculino,2012-1,2017,Dependiente,Sin información,6,6,,"100,0%",NaN
2719-Universidad Católica Luis Amigó - FUNLAM,54982-ESPECIALIZACION EN GESTION EDUCATIVA,Masculino,2012-1,2017,Independiente,Otras actividades de servicios,1,1,,"100,0%",NaN
2719-Universidad Católica Luis Amigó - FUNLAM,54982-ESPECIALIZACION EN GESTION EDUCATIVA,Masculino,2012-1,2018,Dependiente,Actividades de servicios administrativos y de apoyo,1,1,,"100,0%",NaN
2719-Universidad Católica Luis Amigó - FUNLAM,54982-ESPECIALIZACION EN GESTION EDUCATIVA,Masculino,2012-1,2018,Dependiente,Administración pública y defensa; planes de seguridad social de afiliación obligatoria,3,3,,"100,0%",NaN
2719-Universidad Católica Luis Amigó - FUNLAM,54982-ESPECIALIZACION EN GESTION EDUCATIVA,Masculino,2012-1,2018,Dependiente,Otras actividades de servicios,2,2,,"100,0%",NaN
2719-Universidad Católica Luis Amigó - FUNLAM,54982-ESPECIALIZACION EN GESTION EDUCATIVA,Masculino,2012-1,2018,Dependiente,Sin información,6,6,,"100,0%",NaN
2719-Universidad Católica Luis Amigó - FUNLAM,54982-ESPECIALIZACION EN GESTION EDUCATIVA,Masculino,2012-1,2018,Independiente,Educación,1,1,,"100,0%",NaN
2719-Universidad Católica Luis Amigó - FUNLAM,54982-ESPECIALIZACION EN GESTION EDUCATIVA,Masculino,2012-1,2018,Independiente,Otras actividades de servicios,1,1,,"100,0%",NaN
2719-Universidad Católica Luis Amigó - FUNLAM,54982-ESPECIALIZACION EN GESTION EDUCATIVA,Masculino,2012-1,2019,Dependiente,Actividades de atención de la salud humana y de asistencia social,1,1,,"100,0%",NaN
2719-Universidad Católica Luis Amigó - FUNLAM,54982-ESPECIALIZACION EN GESTION EDUCATIVA,Masculino,2012-1,2019,Dependiente,Actividades de servicios administrativos y de apoyo,1,1,,"100,0%",NaN
2719-Universidad Católica Luis Amigó - FUNLAM,54982-ESPECIALIZACION EN GESTION EDUCATIVA,Masculino,2012-1,2019,Dependiente,Administración pública y defensa; planes de seguridad social de afiliación obligatoria,8,8,,"100,0%",NaN
2719-Universidad Católica Luis Amigó - FUNLAM,54982-ESPECIALIZACION EN GESTION EDUCATIVA,Masculino,2012-1,2019,Dependiente,Otras actividades de servicios,1,1,,"100,0%",NaN
2719-Universidad Católica Luis Amigó - FUNLAM,54982-ESPECIALIZACION EN GESTION EDUCATIVA,Masculino,2012-1,2019,Independiente,Educación,1,1,,"100,0%",NaN
2719-Universidad Católica Luis Amigó - FUNLAM,54982-ESPECIALIZACION EN GESTION EDUCATIVA,Masculino,2012-1,2019,No cotizante,Sin información,1,0,,"0,0%",NaN
2719-Universidad Católica Luis Amigó - FUNLAM,54982-ESPECIALIZACION EN GESTION EDUCATIVA,Masculino,2012-1,2020,Dependiente,Actividades de atención de la salud humana y de asistencia social,1,1,,"100,0%",NaN
2719-Universidad Católica Luis Amigó - FUNLAM,54982-ESPECIALIZACION EN GESTION EDUCATIVA,Masculino,2012-1,2020,Dependiente,Actividades de servicios administrativos y de apoyo,1,1,,"100,0%",NaN
2719-Universidad Católica Luis Amigó - FUNLAM,54982-ESPECIALIZACION EN GESTION EDUCATIVA,Masculino,2012-1,2020,Dependiente,Administración pública y defensa; planes de seguridad social de afiliación obligatoria,8,8,,"100,0%",NaN
2719-Universidad Católica Luis Amigó - FUNLAM,54982-ESPECIALIZACION EN GESTION EDUCATIVA,Masculino,2012-1,2020,Dependiente,Otras actividades de servicios,1,1,,"100,0%",NaN
2719-Universidad Católica Luis Amigó - FUNLAM,54982-ESPECIALIZACION EN GESTION EDUCATIVA,Masculino,2012-1,2020,Independiente,Educación,1,1,,"100,0%",NaN
2719-Universidad Católica Luis Amigó - FUNLAM,54982-ESPECIALIZACION EN GESTION EDUCATIVA,Masculino,2012-1,2020,No cotizante,Sin información,1,0,,"0,0%",NaN
2719-Universidad Católica Luis Amigó - FUNLAM,54982-ESPECIALIZACION EN GESTION EDUCATIVA,Masculino,2012-1,2021,Dependiente,"Actividades profesionales, científicas y técnicas",1,1,,"100,0%",NaN
2719-Universidad Católica Luis Amigó - FUNLAM,54982-ESPECIALIZACION EN GESTION EDUCATIVA,Masculino,2012-1,2021,Dependiente,Administración pública y defensa; planes de seguridad social de afiliación obligatoria,7,7,,"100,0%",NaN
2719-Universidad Católica Luis Amigó - FUNLAM,54982-ESPECIALIZACION EN GESTION EDUCATIVA,Masculino,2012-1,2021,Dependiente,Industrias manufactureras,1,1,,"100,0%",NaN
2719-Universidad Católica Luis Amigó - FUNLAM,54982-ESPECIALIZACION EN GESTION EDUCATIVA,Masculino,2012-1,2021,Dependiente,Otras actividades de servicios,1,1,,"100,0%",NaN
2719-Universidad Católica Luis Amigó - FUNLAM,54982-ESPECIALIZACION EN GESTION EDUCATIVA,Masculino,2012-1,2021,Independiente,Educación,1,1,,"100,0%",NaN
2719-Universidad Católica Luis Amigó - FUNLAM,54982-ESPECIALIZACION EN GESTION EDUCATIVA,Masculino,2012-1,2021,No cotizante,Sin información,2,0,,"0,0%",NaN
2719-Universidad Católica Luis Amigó - FUNLAM,54982-ESPECIALIZACION EN GESTION EDUCATIVA,Masculino,2012-1,2022,Dependiente,Administración pública y defensa; planes de seguridad social de afiliación obligatoria,7,7,,"100,0%",NaN
2719-Universidad Católica Luis Amigó - FUNLAM,54982-ESPECIALIZACION EN GESTION EDUCATIVA,Masculino,2012-1,2022,Dependiente,Comercio al por mayor y al por menor; reparación de vehículos automotores y motocicletas,1,1,,"100,0%",NaN
2719-Universidad Católica Luis Amigó - FUNLAM,54982-ESPECIALIZACION EN GESTION EDUCATIVA,Masculino,2012-1,2022,Dependiente,Otras actividades de servicios,1,1,,"100,0%",NaN
2719-Universidad Católica Luis Amigó - FUNLAM,54982-ESPECIALIZACION EN GESTION EDUCATIVA,Masculino,2012-1,2022,Independiente,"Actividades profesionales, científicas y técnicas",1,1,,"100,0%",NaN
2719-Universidad Católica Luis Amigó - FUNLAM,54982-ESPECIALIZACION EN GESTION EDUCATIVA,Masculino,2012-1,2022,Independiente,Educación,1,1,,"100,0%",NaN
2719-Universidad Católica Luis Amigó - FUNLAM,54982-ESPECIALIZACION EN GESTION EDUCATIVA,Masculino,2012-1,2022,No cotizante,SIN DATO,2,0,,"0,0%",NaN
2719-Universidad Católica Luis Amigó - FUNLAM,54982-ESPECIALIZACION EN GESTION EDUCATIVA,Masculino,2012-1,2023,Dependiente,Actividades de servicios administrativos y de apoyo,1,1,,"100,0%",NaN
2719-Universidad Católica Luis Amigó - FUNLAM,54982-ESPECIALIZACION EN GESTION EDUCATIVA,Masculino,2012-1,2023,Dependiente,Administración pública y defensa; planes de seguridad social de afiliación obligatoria,6,6,,"100,0%",NaN
2719-Universidad Católica Luis Amigó - FUNLAM,54982-ESPECIALIZACION EN GESTION EDUCATIVA,Masculino,2012-1,2023,Dependiente,Comercio al por mayor y al por menor; reparación de vehículos automotores y motocicletas,1,1,,"100,0%",NaN
2719-Universidad Católica Luis Amigó - FUNLAM,54982-ESPECIALIZACION EN GESTION EDUCATIVA,Masculino,2012-1,2023,Dependiente,Educación,1,1,,"100,0%",NaN
2719-Universidad Católica Luis Amigó - FUNLAM,54982-ESPECIALIZACION EN GESTION EDUCATIVA,Masculino,2012-1,2023,Independiente,Educación,1,1,,"100,0%",NaN
2719-Universidad Católica Luis Amigó - FUNLAM,54982-ESPECIALIZACION EN GESTION EDUCATIVA,Masculino,2012-1,2023,No cotizante,SIN DATO,2,0,,"0,0%",NaN
1818-Universidad Cooperativa de Colombia,19937-ESPECIALIZACION EN DOCENCIA UNIVERSITARIA,Femenino,2012-1,2016,Dependiente,Administración pública y defensa; planes de seguridad social de afiliación obligatoria,9,9,,"100,0%",$3.029.444
1818-Universidad Cooperativa de Colombia,19937-ESPECIALIZACION EN DOCENCIA UNIVERSITARIA,Femenino,2012-1,2016,Dependiente,Educación,4,4,,"100,0%",$2.583.000
1818-Universidad Cooperativa de Colombia,19937-ESPECIALIZACION EN DOCENCIA UNIVERSITARIA,Femenino,2012-1,2016,Independiente,Actividades de atención de la salud humana y de asistencia social,1,1,,"100,0%",NaN
1818-Universidad Cooperativa de Colombia,19937-ESPECIALIZACION EN DOCENCIA UNIVERSITARIA,Femenino,2012-1,2016,No cotizante,Sin información,2,0,,"0,0%",NaN
1818-Universidad Cooperativa de Colombia,19937-ESPECIALIZACION EN DOCENCIA UNIVERSITARIA,Femenino,2012-1,2017,Dependiente,Actividades de servicios administrativos y de apoyo,1,1,,"100,0%",NaN
1818-Universidad Cooperativa de Colombia,19937-ESPECIALIZACION EN DOCENCIA UNIVERSITARIA,Femenino,2012-1,2017,Dependiente,Administración pública y defensa; planes de seguridad social de afiliación obligatoria,8,8,,"100,0%",NaN
1818-Universidad Cooperativa de Colombia,19937-ESPECIALIZACION EN DOCENCIA UNIVERSITARIA,Femenino,2012-1,2017,Dependiente,Educación,2,2,,"100,0%",NaN
1818-Universidad Cooperativa de Colombia,19937-ESPECIALIZACION EN DOCENCIA UNIVERSITARIA,Femenino,2012-1,2017,No cotizante,Sin información,2,0,,"0,0%",NaN
1818-Universidad Cooperativa de Colombia,19937-ESPECIALIZACION EN DOCENCIA UNIVERSITARIA,Femenino,2012-1,2018,Dependiente,Actividades de servicios administrativos y de apoyo,1,1,,"100,0%",NaN
1818-Universidad Cooperativa de Colombia,19937-ESPECIALIZACION EN DOCENCIA UNIVERSITARIA,Femenino,2012-1,2018,Dependiente,"Actividades profesionales, científicas y técnicas",3,3,,"100,0%",NaN
1818-Universidad Cooperativa de Colombia,19937-ESPECIALIZACION EN DOCENCIA UNIVERSITARIA,Femenino,2012-1,2018,Dependiente,Administración pública y defensa; planes de seguridad social de afiliación obligatoria,5,5,,"100,0%",NaN
1818-Universidad Cooperativa de Colombia,19937-ESPECIALIZACION EN DOCENCIA UNIVERSITARIA,Femenino,2012-1,2018,Dependiente,Educación,2,2,,"100,0%",NaN
1818-Universidad Cooperativa de Colombia,19937-ESPECIALIZACION EN DOCENCIA UNIVERSITARIA,Femenino,2012-1,2018,Dependiente,Sin información,1,1,,"100,0%",NaN
1818-Universidad Cooperativa de Colombia,19937-ESPECIALIZACION EN DOCENCIA UNIVERSITARIA,Femenino,2012-1,2018,No cotizante,Sin información,1,0,,"0,0%",NaN
1818-Universidad Cooperativa de Colombia,19937-ESPECIALIZACION EN DOCENCIA UNIVERSITARIA,Femenino,2012-1,2019,Dependiente,Actividades de servicios administrativos y de apoyo,1,1,,"100,0%",NaN
1818-Universidad Cooperativa de Colombia,19937-ESPECIALIZACION EN DOCENCIA UNIVERSITARIA,Femenino,2012-1,2019,Dependiente,"Actividades profesionales, científicas y técnicas",3,3,,"100,0%",NaN
1818-Universidad Cooperativa de Colombia,19937-ESPECIALIZACION EN DOCENCIA UNIVERSITARIA,Femenino,2012-1,2019,Dependiente,Administración pública y defensa; planes de seguridad social de afiliación obligatoria,5,5,,"100,0%",NaN
1818-Universidad Cooperativa de Colombia,19937-ESPECIALIZACION EN DOCENCIA UNIVERSITARIA,Femenino,2012-1,2019,Dependiente,Educación,2,2,,"100,0%",NaN
1818-Universidad Cooperativa de Colombia,19937-ESPECIALIZACION EN DOCENCIA UNIVERSITARIA,Femenino,2012-1,2019,No cotizante,Sin información,2,0,,"0,0%",NaN
1818-Universidad Cooperativa de Colombia,19937-ESPECIALIZACION EN DOCENCIA UNIVERSITARIA,Femenino,2012-1,2020,Dependiente,Actividades de servicios administrativos y de apoyo,1,1,,"100,0%",NaN
1818-Universidad Cooperativa de Colombia,19937-ESPECIALIZACION EN DOCENCIA UNIVERSITARIA,Femenino,2012-1,2020,Dependiente,Administración pública y defensa; planes de seguridad social de afiliación obligatoria,8,8,,"100,0%",NaN
1818-Universidad Cooperativa de Colombia,19937-ESPECIALIZACION EN DOCENCIA UNIVERSITARIA,Femenino,2012-1,2020,Dependiente,Educación,2,2,,"100,0%",NaN
1818-Universidad Cooperativa de Colombia,19937-ESPECIALIZACION EN DOCENCIA UNIVERSITARIA,Femenino,2012-1,2020,No cotizante,Sin información,2,0,,"0,0%",NaN
1818-Universidad Cooperativa de Colombia,19937-ESPECIALIZACION EN DOCENCIA UNIVERSITARIA,Femenino,2012-1,2021,Dependiente,Actividades de atención de la salud humana y de asistencia social,1,1,,"100,0%",NaN
1818-Universidad Cooperativa de Colombia,19937-ESPECIALIZACION EN DOCENCIA UNIVERSITARIA,Femenino,2012-1,2021,Dependiente,Actividades de servicios administrativos y de apoyo,1,1,,"100,0%",NaN
1818-Universidad Cooperativa de Colombia,19937-ESPECIALIZACION EN DOCENCIA UNIVERSITARIA,Femenino,2012-1,2021,Dependiente,Administración pública y defensa; planes de seguridad social de afiliación obligatoria,8,8,,"100,0%",NaN
1818-Universidad Cooperativa de Colombia,19937-ESPECIALIZACION EN DOCENCIA UNIVERSITARIA,Femenino,2012-1,2021,Dependiente,Educación,1,1,,"100,0%",NaN
1818-Universidad Cooperativa de Colombia,19937-ESPECIALIZACION EN DOCENCIA UNIVERSITARIA,Femenino,2012-1,2021,No cotizante,Sin información,2,0,,"0,0%",NaN
1818-Universidad Cooperativa de Colombia,19937-ESPECIALIZACION EN DOCENCIA UNIVERSITARIA,Femenino,2012-1,2022,Dependiente,Actividades de atención de la salud humana y de asistencia social,1,1,,"100,0%",NaN
1818-Universidad Cooperativa de Colombia,19937-ESPECIALIZACION EN DOCENCIA UNIVERSITARIA,Femenino,2012-1,2022,Dependiente,Actividades de servicios administrativos y de apoyo,1,1,,"100,0%",NaN
1818-Universidad Cooperativa de Colombia,19937-ESPECIALIZACION EN DOCENCIA UNIVERSITARIA,Femenino,2012-1,2022,Dependiente,"Actividades profesionales, científicas y técnicas",3,3,,"100,0%",NaN
1818-Universidad Cooperativa de Colombia,19937-ESPECIALIZACION EN DOCENCIA UNIVERSITARIA,Femenino,2012-1,2022,Dependiente,Administración pública y defensa; planes de seguridad social de afiliación obligatoria,5,5,,"100,0%",NaN
1818-Universidad Cooperativa de Colombia,19937-ESPECIALIZACION EN DOCENCIA UNIVERSITARIA,Femenino,2012-1,2022,No cotizante,SIN DATO,2,0,,"0,0%",NaN
1818-Universidad Cooperativa de Colombia,19937-ESPECIALIZACION EN DOCENCIA UNIVERSITARIA,Femenino,2012-1,2023,Dependiente,Actividades de atención de la salud humana y de asistencia social,1,1,,"100,0%",NaN
1818-Universidad Cooperativa de Colombia,19937-ESPECIALIZACION EN DOCENCIA UNIVERSITARIA,Femenino,2012-1,2023,Dependiente,Actividades de servicios administrativos y de apoyo,1,1,,"100,0%",NaN
1818-Universidad Cooperativa de Colombia,19937-ESPECIALIZACION EN DOCENCIA UNIVERSITARIA,Femenino,2012-1,2023,Dependiente,Administración pública y defensa; planes de seguridad social de afiliación obligatoria,8,8,,"100,0%",NaN
1818-Universidad Cooperativa de Colombia,19937-ESPECIALIZACION EN DOCENCIA UNIVERSITARIA,Femenino,2012-1,2023,No cotizante,SIN DATO,2,0,,"0,0%",NaN
1818-Universidad Cooperativa de Colombia,19937-ESPECIALIZACION EN DOCENCIA UNIVERSITARIA,Masculino,2012-1,2016,Dependiente,Actividades de servicios administrativos y de apoyo,1,1,,"100,0%",$3.108.000
1818-Universidad Cooperativa de Colombia,19937-ESPECIALIZACION EN DOCENCIA UNIVERSITARIA,Masculino,2012-1,2016,Dependiente,Administración pública y defensa; planes de seguridad social de afiliación obligatoria,4,4,,"100,0%",$3.473.250
1818-Universidad Cooperativa de Colombia,19937-ESPECIALIZACION EN DOCENCIA UNIVERSITARIA,Masculino,2012-1,2016,Dependiente,Educación,4,4,,"100,0%",$4.034.579
1818-Universidad Cooperativa de Colombia,19937-ESPECIALIZACION EN DOCENCIA UNIVERSITARIA,Masculino,2012-1,2016,Dependiente,Industrias manufactureras,1,1,,"100,0%",$689.455
1818-Universidad Cooperativa de Colombia,19937-ESPECIALIZACION EN DOCENCIA UNIVERSITARIA,Masculino,2012-1,2016,Dependiente,Sin información,1,1,,"100,0%",$1.722.500
1818-Universidad Cooperativa de Colombia,19937-ESPECIALIZACION EN DOCENCIA UNIVERSITARIA,Masculino,2012-1,2016,Independiente,Actividades de atención de la salud humana y de asistencia social,1,1,,"100,0%",NaN
1818-Universidad Cooperativa de Colombia,19937-ESPECIALIZACION EN DOCENCIA UNIVERSITARIA,Masculino,2012-1,2016,No cotizante,Sin información,4,0,,"0,0%",NaN
1818-Universidad Cooperativa de Colombia,19937-ESPECIALIZACION EN DOCENCIA UNIVERSITARIA,Masculino,2012-1,2017,Dependiente,Actividades de servicios administrativos y de apoyo,3,3,,"100,0%",NaN
1818-Universidad Cooperativa de Colombia,19937-ESPECIALIZACION EN DOCENCIA UNIVERSITARIA,Masculino,2012-1,2017,Dependiente,Administración pública y defensa; planes de seguridad social de afiliación obligatoria,3,3,,"100,0%",NaN
1818-Universidad Cooperativa de Colombia,19937-ESPECIALIZACION EN DOCENCIA UNIVERSITARIA,Masculino,2012-1,2017,Dependiente,Educación,1,1,,"100,0%",NaN
1818-Universidad Cooperativa de Colombia,19937-ESPECIALIZACION EN DOCENCIA UNIVERSITARIA,Masculino,2012-1,2017,Dependiente,Industrias manufactureras,1,1,,"100,0%",NaN
1818-Universidad Cooperativa de Colombia,19937-ESPECIALIZACION EN DOCENCIA UNIVERSITARIA,Masculino,2012-1,2017,Independiente,Actividades de atención de la salud humana y de asistencia social,1,1,,"100,0%",NaN
1818-Universidad Cooperativa de Colombia,19937-ESPECIALIZACION EN DOCENCIA UNIVERSITARIA,Masculino,2012-1,2017,Independiente,Información y comunicaciones,1,1,,"100,0%",NaN
1818-Universidad Cooperativa de Colombia,19937-ESPECIALIZACION EN DOCENCIA UNIVERSITARIA,Masculino,2012-1,2017,No cotizante,Sin información,5,0,,"0,0%",NaN
1818-Universidad Cooperativa de Colombia,19937-ESPECIALIZACION EN DOCENCIA UNIVERSITARIA,Masculino,2012-1,2018,Dependiente,Actividades de servicios administrativos y de apoyo,2,2,,"100,0%",NaN
1818-Universidad Cooperativa de Colombia,19937-ESPECIALIZACION EN DOCENCIA UNIVERSITARIA,Masculino,2012-1,2018,Dependiente,Administración pública y defensa; planes de seguridad social de afiliación obligatoria,3,3,,"100,0%",NaN
1818-Universidad Cooperativa de Colombia,19937-ESPECIALIZACION EN DOCENCIA UNIVERSITARIA,Masculino,2012-1,2018,Dependiente,Educación,1,1,,"100,0%",NaN
1818-Universidad Cooperativa de Colombia,19937-ESPECIALIZACION EN DOCENCIA UNIVERSITARIA,Masculino,2012-1,2018,Dependiente,Industrias manufactureras,1,1,,"100,0%",NaN
1818-Universidad Cooperativa de Colombia,19937-ESPECIALIZACION EN DOCENCIA UNIVERSITARIA,Masculino,2012-1,2018,Dependiente,Sin información,1,1,,"100,0%",NaN
1818-Universidad Cooperativa de Colombia,19937-ESPECIALIZACION EN DOCENCIA UNIVERSITARIA,Masculino,2012-1,2018,Independiente,Actividades de atención de la salud humana y de asistencia social,1,1,,"100,0%",NaN
1818-Universidad Cooperativa de Colombia,19937-ESPECIALIZACION EN DOCENCIA UNIVERSITARIA,Masculino,2012-1,2018,No cotizante,Sin información,5,0,,"0,0%",NaN
1818-Universidad Cooperativa de Colombia,19937-ESPECIALIZACION EN DOCENCIA UNIVERSITARIA,Masculino,2012-1,2019,Dependiente,"Actividades artísticas, de entretenimiento y recreación",1,1,,"100,0%",NaN
1818-Universidad Cooperativa de Colombia,19937-ESPECIALIZACION EN DOCENCIA UNIVERSITARIA,Masculino,2012-1,2019,Dependiente,Actividades de servicios administrativos y de apoyo,1,1,,"100,0%",NaN
1818-Universidad Cooperativa de Colombia,19937-ESPECIALIZACION EN DOCENCIA UNIVERSITARIA,Masculino,2012-1,2019,Dependiente,Administración pública y defensa; planes de seguridad social de afiliación obligatoria,2,2,,"100,0%",NaN
1818-Universidad Cooperativa de Colombia,19937-ESPECIALIZACION EN DOCENCIA UNIVERSITARIA,Masculino,2012-1,2019,Dependiente,Educación,1,1,,"100,0%",NaN
1818-Universidad Cooperativa de Colombia,19937-ESPECIALIZACION EN DOCENCIA UNIVERSITARIA,Masculino,2012-1,2019,Dependiente,Industrias manufactureras,1,1,,"100,0%",NaN
1818-Universidad Cooperativa de Colombia,19937-ESPECIALIZACION EN DOCENCIA UNIVERSITARIA,Masculino,2012-1,2019,Dependiente,Sin información,1,1,,"100,0%",NaN
1818-Universidad Cooperativa de Colombia,19937-ESPECIALIZACION EN DOCENCIA UNIVERSITARIA,Masculino,2012-1,2019,No cotizante,Sin información,6,0,,"0,0%",NaN
1818-Universidad Cooperativa de Colombia,19937-ESPECIALIZACION EN DOCENCIA UNIVERSITARIA,Masculino,2012-1,2020,Dependiente,"Actividades artísticas, de entretenimiento y recreación",1,1,,"100,0%",NaN
1818-Universidad Cooperativa de Colombia,19937-ESPECIALIZACION EN DOCENCIA UNIVERSITARIA,Masculino,2012-1,2020,Dependiente,Actividades de servicios administrativos y de apoyo,1,1,,"100,0%",NaN
1818-Universidad Cooperativa de Colombia,19937-ESPECIALIZACION EN DOCENCIA UNIVERSITARIA,Masculino,2012-1,2020,Dependiente,Administración pública y defensa; planes de seguridad social de afiliación obligatoria,2,2,,"100,0%",NaN
1818-Universidad Cooperativa de Colombia,19937-ESPECIALIZACION EN DOCENCIA UNIVERSITARIA,Masculino,2012-1,2020,Dependiente,Industrias manufactureras,1,1,,"100,0%",NaN
1818-Universidad Cooperativa de Colombia,19937-ESPECIALIZACION EN DOCENCIA UNIVERSITARIA,Masculino,2012-1,2020,Independiente,"Actividades profesionales, científicas y técnicas",1,1,,"100,0%",NaN
1818-Universidad Cooperativa de Colombia,19937-ESPECIALIZACION EN DOCENCIA UNIVERSITARIA,Masculino,2012-1,2020,Independiente,Otras actividades de servicios,1,1,,"100,0%",NaN
1818-Universidad Cooperativa de Colombia,19937-ESPECIALIZACION EN DOCENCIA UNIVERSITARIA,Masculino,2012-1,2020,No cotizante,Sin información,6,0,,"0,0%",NaN
1818-Universidad Cooperativa de Colombia,19937-ESPECIALIZACION EN DOCENCIA UNIVERSITARIA,Masculino,2012-1,2021,Dependiente,Actividades de servicios administrativos y de apoyo,2,2,,"100,0%",NaN
1818-Universidad Cooperativa de Colombia,19937-ESPECIALIZACION EN DOCENCIA UNIVERSITARIA,Masculino,2012-1,2021,Dependiente,"Actividades profesionales, científicas y técnicas",1,1,,"100,0%",NaN
1818-Universidad Cooperativa de Colombia,19937-ESPECIALIZACION EN DOCENCIA UNIVERSITARIA,Masculino,2012-1,2021,Dependiente,Administración pública y defensa; planes de seguridad social de afiliación obligatoria,2,2,,"100,0%",NaN
1818-Universidad Cooperativa de Colombia,19937-ESPECIALIZACION EN DOCENCIA UNIVERSITARIA,Masculino,2012-1,2021,Dependiente,Industrias manufactureras,1,1,,"100,0%",NaN
1818-Universidad Cooperativa de Colombia,19937-ESPECIALIZACION EN DOCENCIA UNIVERSITARIA,Masculino,2012-1,2021,Independiente,"Actividades profesionales, científicas y técnicas",1,1,,"100,0%",NaN
1818-Universidad Cooperativa de Colombia,19937-ESPECIALIZACION EN DOCENCIA UNIVERSITARIA,Masculino,2012-1,2021,Independiente,Otras actividades de servicios,1,1,,"100,0%",NaN
1818-Universidad Cooperativa de Colombia,19937-ESPECIALIZACION EN DOCENCIA UNIVERSITARIA,Masculino,2012-1,2021,No cotizante,Sin información,5,0,,"0,0%",NaN
1818-Universidad Cooperativa de Colombia,19937-ESPECIALIZACION EN DOCENCIA UNIVERSITARIA,Masculino,2012-1,2022,Dependiente,Actividades de servicios administrativos y de apoyo,2,2,,"100,0%",NaN
1818-Universidad Cooperativa de Colombia,19937-ESPECIALIZACION EN DOCENCIA UNIVERSITARIA,Masculino,2012-1,2022,Dependiente,Administración pública y defensa; planes de seguridad social de afiliación obligatoria,3,3,,"100,0%",NaN
1818-Universidad Cooperativa de Colombia,19937-ESPECIALIZACION EN DOCENCIA UNIVERSITARIA,Masculino,2012-1,2022,Dependiente,Industrias manufactureras,1,1,,"100,0%",NaN
1818-Universidad Cooperativa de Colombia,19937-ESPECIALIZACION EN DOCENCIA UNIVERSITARIA,Masculino,2012-1,2022,Independiente,Otras actividades de servicios,1,1,,"100,0%",NaN
1818-Universidad Cooperativa de Colombia,19937-ESPECIALIZACION EN DOCENCIA UNIVERSITARIA,Masculino,2012-1,2022,No cotizante,SIN DATO,6,0,,"0,0%",NaN
1818-Universidad Cooperativa de Colombia,19937-ESPECIALIZACION EN DOCENCIA UNIVERSITARIA,Masculino,2012-1,2023,Dependiente,Actividades de servicios administrativos y de apoyo,2,2,,"100,0%",NaN
1818-Universidad Cooperativa de Colombia,19937-ESPECIALIZACION EN DOCENCIA UNIVERSITARIA,Masculino,2012-1,2023,Dependiente,Administración pública y defensa; planes de seguridad social de afiliación obligatoria,2,2,,"100,0%",NaN
1818-Universidad Cooperativa de Colombia,19937-ESPECIALIZACION EN DOCENCIA UNIVERSITARIA,Masculino,2012-1,2023,Dependiente,Industrias manufactureras,1,1,,"100,0%",NaN
1818-Universidad Cooperativa de Colombia,19937-ESPECIALIZACION EN DOCENCIA UNIVERSITARIA,Masculino,2012-1,2023,No cotizante,SIN DATO,7,0,,"0,0%",NaN
2812-Universidad EAN,9517-ADMINISTRACION DE EMPRESAS,Femenino,2012-1,2016,Dependiente,Actividades financieras y de seguros,3,3,,"100,0%",$7.578.333
2812-Universidad EAN,9517-ADMINISTRACION DE EMPRESAS,Femenino,2012-1,2016,Dependiente,"Actividades profesionales, científicas y técnicas",2,2,,"100,0%",$2.975.000
2812-Universidad EAN,9517-ADMINISTRACION DE EMPRESAS,Femenino,2012-1,2016,Dependiente,Comercio al por mayor y al por menor; reparación de vehículos automotores y motocicletas,5,5,,"100,0%",$2.800.094
2812-Universidad EAN,9517-ADMINISTRACION DE EMPRESAS,Femenino,2012-1,2016,No cotizante,Sin información,2,0,,"0,0%",NaN
2812-Universidad EAN,9517-ADMINISTRACION DE EMPRESAS,Femenino,2012-1,2017,Dependiente,Actividades financieras y de seguros,2,2,,"100,0%",NaN
2812-Universidad EAN,9517-ADMINISTRACION DE EMPRESAS,Femenino,2012-1,2017,Dependiente,"Actividades profesionales, científicas y técnicas",4,4,,"100,0%",NaN
2812-Universidad EAN,9517-ADMINISTRACION DE EMPRESAS,Femenino,2012-1,2017,Dependiente,Comercio al por mayor y al por menor; reparación de vehículos automotores y motocicletas,3,3,,"100,0%",NaN
2812-Universidad EAN,9517-ADMINISTRACION DE EMPRESAS,Femenino,2012-1,2017,No cotizante,Sin información,2,0,,"0,0%",NaN
2812-Universidad EAN,9517-ADMINISTRACION DE EMPRESAS,Femenino,2012-1,2018,Dependiente,Actividades financieras y de seguros,2,2,,"100,0%",NaN
2812-Universidad EAN,9517-ADMINISTRACION DE EMPRESAS,Femenino,2012-1,2018,Dependiente,"Actividades profesionales, científicas y técnicas",3,3,,"100,0%",NaN
2812-Universidad EAN,9517-ADMINISTRACION DE EMPRESAS,Femenino,2012-1,2018,Dependiente,Comercio al por mayor y al por menor; reparación de vehículos automotores y motocicletas,2,2,,"100,0%",NaN
2812-Universidad EAN,9517-ADMINISTRACION DE EMPRESAS,Femenino,2012-1,2018,Dependiente,Industrias manufactureras,1,1,,"100,0%",NaN
2812-Universidad EAN,9517-ADMINISTRACION DE EMPRESAS,Femenino,2012-1,2018,No cotizante,Sin información,2,0,,"0,0%",NaN
2812-Universidad EAN,9517-ADMINISTRACION DE EMPRESAS,Femenino,2012-1,2019,Dependiente,Actividades financieras y de seguros,1,1,,"100,0%",NaN
2812-Universidad EAN,9517-ADMINISTRACION DE EMPRESAS,Femenino,2012-1,2019,Dependiente,"Actividades profesionales, científicas y técnicas",3,3,,"100,0%",NaN
2812-Universidad EAN,9517-ADMINISTRACION DE EMPRESAS,Femenino,2012-1,2019,Dependiente,Comercio al por mayor y al por menor; reparación de vehículos automotores y motocicletas,2,2,,"100,0%",NaN
2812-Universidad EAN,9517-ADMINISTRACION DE EMPRESAS,Femenino,2012-1,2019,Dependiente,Industrias manufactureras,1,1,,"100,0%",NaN
2812-Universidad EAN,9517-ADMINISTRACION DE EMPRESAS,Femenino,2012-1,2019,Independiente,"Actividades profesionales, científicas y técnicas",1,1,,"100,0%",NaN
2812-Universidad EAN,9517-ADMINISTRACION DE EMPRESAS,Femenino,2012-1,2019,No cotizante,Sin información,2,0,,"0,0%",NaN
2812-Universidad EAN,9517-ADMINISTRACION DE EMPRESAS,Femenino,2012-1,2020,Dependiente,Actividades financieras y de seguros,1,1,,"100,0%",NaN
2812-Universidad EAN,9517-ADMINISTRACION DE EMPRESAS,Femenino,2012-1,2020,Dependiente,"Actividades profesionales, científicas y técnicas",3,3,,"100,0%",NaN
2812-Universidad EAN,9517-ADMINISTRACION DE EMPRESAS,Femenino,2012-1,2020,Dependiente,Comercio al por mayor y al por menor; reparación de vehículos automotores y motocicletas,1,1,,"100,0%",NaN
2812-Universidad EAN,9517-ADMINISTRACION DE EMPRESAS,Femenino,2012-1,2020,Dependiente,Industrias manufactureras,1,1,,"100,0%",NaN
2812-Universidad EAN,9517-ADMINISTRACION DE EMPRESAS,Femenino,2012-1,2020,No cotizante,Sin información,4,0,,"0,0%",NaN
2812-Universidad EAN,9517-ADMINISTRACION DE EMPRESAS,Femenino,2012-1,2021,Dependiente,Actividades financieras y de seguros,1,1,,"100,0%",NaN
2812-Universidad EAN,9517-ADMINISTRACION DE EMPRESAS,Femenino,2012-1,2021,Dependiente,"Actividades profesionales, científicas y técnicas",3,3,,"100,0%",NaN
2812-Universidad EAN,9517-ADMINISTRACION DE EMPRESAS,Femenino,2012-1,2021,Dependiente,Comercio al por mayor y al por menor; reparación de vehículos automotores y motocicletas,1,1,,"100,0%",NaN
2812-Universidad EAN,9517-ADMINISTRACION DE EMPRESAS,Femenino,2012-1,2021,Dependiente,Industrias manufactureras,1,1,,"100,0%",NaN
2812-Universidad EAN,9517-ADMINISTRACION DE EMPRESAS,Femenino,2012-1,2021,No cotizante,Sin información,4,0,,"0,0%",NaN
2812-Universidad EAN,9517-ADMINISTRACION DE EMPRESAS,Femenino,2012-1,2022,Dependiente,Actividades financieras y de seguros,1,1,,"100,0%",NaN
2812-Universidad EAN,9517-ADMINISTRACION DE EMPRESAS,Femenino,2012-1,2022,Dependiente,"Actividades profesionales, científicas y técnicas",4,4,,"100,0%",NaN
2812-Universidad EAN,9517-ADMINISTRACION DE EMPRESAS,Femenino,2012-1,2022,Dependiente,Comercio al por mayor y al por menor; reparación de vehículos automotores y motocicletas,1,1,,"100,0%",NaN
2812-Universidad EAN,9517-ADMINISTRACION DE EMPRESAS,Femenino,2012-1,2022,Independiente,"Actividades profesionales, científicas y técnicas",1,1,,"100,0%",NaN
2812-Universidad EAN,9517-ADMINISTRACION DE EMPRESAS,Femenino,2012-1,2022,No cotizante,SIN DATO,3,0,,"0,0%",NaN
2812-Universidad EAN,9517-ADMINISTRACION DE EMPRESAS,Femenino,2012-1,2023,Dependiente,Actividades financieras y de seguros,1,1,,"100,0%",NaN
2812-Universidad EAN,9517-ADMINISTRACION DE EMPRESAS,Femenino,2012-1,2023,Dependiente,"Actividades profesionales, científicas y técnicas",3,3,,"100,0%",NaN
2812-Universidad EAN,9517-ADMINISTRACION DE EMPRESAS,Femenino,2012-1,2023,Dependiente,Comercio al por mayor y al por menor; reparación de vehículos automotores y motocicletas,1,1,,"100,0%",NaN
2812-Universidad EAN,9517-ADMINISTRACION DE EMPRESAS,Femenino,2012-1,2023,Independiente,"Actividades profesionales, científicas y técnicas",1,1,,"100,0%",NaN
2812-Universidad EAN,9517-ADMINISTRACION DE EMPRESAS,Femenino,2012-1,2023,No cotizante,SIN DATO,4,0,,"0,0%",NaN
2812-Universidad EAN,9517-ADMINISTRACION DE EMPRESAS,Masculino,2012-1,2016,Dependiente,Actividades financieras y de seguros,2,2,,"100,0%",$5.433.000
2812-Universidad EAN,9517-ADMINISTRACION DE EMPRESAS,Masculino,2012-1,2016,Dependiente,"Actividades profesionales, científicas y técnicas",1,1,,"100,0%",$5.108.000
2812-Universidad EAN,9517-ADMINISTRACION DE EMPRESAS,Masculino,2012-1,2016,Dependiente,Educación,1,1,,"100,0%",$3.697.000
2812-Universidad EAN,9517-ADMINISTRACION DE EMPRESAS,Masculino,2012-1,2016,Dependiente,Industrias manufactureras,1,1,,"100,0%",$4.619.000
2812-Universidad EAN,9517-ADMINISTRACION DE EMPRESAS,Masculino,2012-1,2016,Dependiente,Información y comunicaciones,1,1,,"100,0%",$2.000.000
2812-Universidad EAN,9517-ADMINISTRACION DE EMPRESAS,Masculino,2012-1,2016,Independiente,"Actividades profesionales, científicas y técnicas",1,1,,"100,0%",NaN
2812-Universidad EAN,9517-ADMINISTRACION DE EMPRESAS,Masculino,2012-1,2016,Independiente,Construccion,1,1,,"100,0%",NaN
2812-Universidad EAN,9517-ADMINISTRACION DE EMPRESAS,Masculino,2012-1,2016,No cotizante,Sin información,6,0,,"0,0%",NaN
2812-Universidad EAN,9517-ADMINISTRACION DE EMPRESAS,Masculino,2012-1,2017,Dependiente,"Actividades profesionales, científicas y técnicas",2,2,,"100,0%",NaN
2812-Universidad EAN,9517-ADMINISTRACION DE EMPRESAS,Masculino,2012-1,2017,Dependiente,Educación,1,1,,"100,0%",NaN
2812-Universidad EAN,9517-ADMINISTRACION DE EMPRESAS,Masculino,2012-1,2017,Dependiente,Industrias manufactureras,1,1,,"100,0%",NaN
2812-Universidad EAN,9517-ADMINISTRACION DE EMPRESAS,Masculino,2012-1,2017,Dependiente,Sin información,2,2,,"100,0%",NaN
2812-Universidad EAN,9517-ADMINISTRACION DE EMPRESAS,Masculino,2012-1,2017,Independiente,"Actividades profesionales, científicas y técnicas",2,2,,"100,0%",NaN
2812-Universidad EAN,9517-ADMINISTRACION DE EMPRESAS,Masculino,2012-1,2017,No cotizante,Sin información,6,0,,"0,0%",NaN
2812-Universidad EAN,9517-ADMINISTRACION DE EMPRESAS,Masculino,2012-1,2018,Dependiente,Actividades de servicios administrativos y de apoyo,1,1,,"100,0%",NaN
2812-Universidad EAN,9517-ADMINISTRACION DE EMPRESAS,Masculino,2012-1,2018,Dependiente,Educación,1,1,,"100,0%",NaN
2812-Universidad EAN,9517-ADMINISTRACION DE EMPRESAS,Masculino,2012-1,2018,Dependiente,Industrias manufactureras,1,1,,"100,0%",NaN
2812-Universidad EAN,9517-ADMINISTRACION DE EMPRESAS,Masculino,2012-1,2018,Dependiente,Otras actividades de servicios,1,1,,"100,0%",NaN
2812-Universidad EAN,9517-ADMINISTRACION DE EMPRESAS,Masculino,2012-1,2018,Dependiente,Sin información,2,2,,"100,0%",NaN
2812-Universidad EAN,9517-ADMINISTRACION DE EMPRESAS,Masculino,2012-1,2018,Independiente,"Actividades profesionales, científicas y técnicas",2,2,,"100,0%",NaN
2812-Universidad EAN,9517-ADMINISTRACION DE EMPRESAS,Masculino,2012-1,2018,No cotizante,Sin información,6,0,,"0,0%",NaN
2812-Universidad EAN,9517-ADMINISTRACION DE EMPRESAS,Masculino,2012-1,2019,Dependiente,Actividades de servicios administrativos y de apoyo,1,1,,"100,0%",NaN
2812-Universidad EAN,9517-ADMINISTRACION DE EMPRESAS,Masculino,2012-1,2019,Dependiente,Actividades financieras y de seguros,1,1,,"100,0%",NaN
2812-Universidad EAN,9517-ADMINISTRACION DE EMPRESAS,Masculino,2012-1,2019,Dependiente,Educación,1,1,,"100,0%",NaN
2812-Universidad EAN,9517-ADMINISTRACION DE EMPRESAS,Masculino,2012-1,2019,Dependiente,Industrias manufactureras,1,1,,"100,0%",NaN
2812-Universidad EAN,9517-ADMINISTRACION DE EMPRESAS,Masculino,2012-1,2019,Dependiente,Información y comunicaciones,1,1,,"100,0%",NaN
2812-Universidad EAN,9517-ADMINISTRACION DE EMPRESAS,Masculino,2012-1,2019,Dependiente,Otras actividades de servicios,1,1,,"100,0%",NaN
2812-Universidad EAN,9517-ADMINISTRACION DE EMPRESAS,Masculino,2012-1,2019,Independiente,"Actividades profesionales, científicas y técnicas",1,1,,"100,0%",NaN
2812-Universidad EAN,9517-ADMINISTRACION DE EMPRESAS,Masculino,2012-1,2019,No cotizante,Sin información,6,0,,"0,0%",NaN
2812-Universidad EAN,9517-ADMINISTRACION DE EMPRESAS,Masculino,2012-1,2020,Dependiente,"Actividades profesionales, científicas y técnicas",1,1,,"100,0%",NaN
2812-Universidad EAN,9517-ADMINISTRACION DE EMPRESAS,Masculino,2012-1,2020,Dependiente,Educación,1,1,,"100,0%",NaN
2812-Universidad EAN,9517-ADMINISTRACION DE EMPRESAS,Masculino,2012-1,2020,Dependiente,Industrias manufactureras,2,2,,"100,0%",NaN
2812-Universidad EAN,9517-ADMINISTRACION DE EMPRESAS,Masculino,2012-1,2020,Independiente,"Actividades profesionales, científicas y técnicas",1,1,,"100,0%",NaN
2812-Universidad EAN,9517-ADMINISTRACION DE EMPRESAS,Masculino,2012-1,2020,No cotizante,Sin información,8,0,,"0,0%",NaN
2812-Universidad EAN,9517-ADMINISTRACION DE EMPRESAS,Masculino,2012-1,2021,Dependiente,Comercio al por mayor y al por menor; reparación de vehículos automotores y motocicletas,1,1,,"100,0%",NaN
2812-Universidad EAN,9517-ADMINISTRACION DE EMPRESAS,Masculino,2012-1,2021,Dependiente,Educación,1,1,,"100,0%",NaN
2812-Universidad EAN,9517-ADMINISTRACION DE EMPRESAS,Masculino,2012-1,2021,Dependiente,Industrias manufactureras,2,2,,"100,0%",NaN
2812-Universidad EAN,9517-ADMINISTRACION DE EMPRESAS,Masculino,2012-1,2021,Dependiente,Otras actividades de servicios,1,1,,"100,0%",NaN
2812-Universidad EAN,9517-ADMINISTRACION DE EMPRESAS,Masculino,2012-1,2021,Independiente,"Actividades profesionales, científicas y técnicas",1,1,,"100,0%",NaN
2812-Universidad EAN,9517-ADMINISTRACION DE EMPRESAS,Masculino,2012-1,2021,Independiente,Transporte y almacenamiento,1,1,,"100,0%",NaN
2812-Universidad EAN,9517-ADMINISTRACION DE EMPRESAS,Masculino,2012-1,2021,No cotizante,Sin información,5,0,,"0,0%",NaN
2812-Universidad EAN,9517-ADMINISTRACION DE EMPRESAS,Masculino,2012-1,2022,Dependiente,Comercio al por mayor y al por menor; reparación de vehículos automotores y motocicletas,1,1,,"100,0%",NaN
2812-Universidad EAN,9517-ADMINISTRACION DE EMPRESAS,Masculino,2012-1,2022,Dependiente,Educación,1,1,,"100,0%",NaN
2812-Universidad EAN,9517-ADMINISTRACION DE EMPRESAS,Masculino,2012-1,2022,Dependiente,Industrias manufactureras,2,2,,"100,0%",NaN
2812-Universidad EAN,9517-ADMINISTRACION DE EMPRESAS,Masculino,2012-1,2022,Dependiente,"Suministro de electricidad, gas, vapor y aire acondicionado",1,1,,"100,0%",NaN
2812-Universidad EAN,9517-ADMINISTRACION DE EMPRESAS,Masculino,2012-1,2022,Independiente,"Actividades profesionales, científicas y técnicas",1,1,,"100,0%",NaN
2812-Universidad EAN,9517-ADMINISTRACION DE EMPRESAS,Masculino,2012-1,2022,No cotizante,SIN DATO,4,0,,"0,0%",NaN
2812-Universidad EAN,9517-ADMINISTRACION DE EMPRESAS,Masculino,2012-1,2023,Dependiente,Comercio al por mayor y al por menor; reparación de vehículos automotores y motocicletas,1,1,,"100,0%",NaN
2812-Universidad EAN,9517-ADMINISTRACION DE EMPRESAS,Masculino,2012-1,2023,Dependiente,Educación,1,1,,"100,0%",NaN
2812-Universidad EAN,9517-ADMINISTRACION DE EMPRESAS,Masculino,2012-1,2023,Dependiente,Industrias manufactureras,1,1,,"100,0%",NaN
2812-Universidad EAN,9517-ADMINISTRACION DE EMPRESAS,Masculino,2012-1,2023,Independiente,"Actividades profesionales, científicas y técnicas",1,1,,"100,0%",NaN
2812-Universidad EAN,9517-ADMINISTRACION DE EMPRESAS,Masculino,2012-1,2023,Independiente,SIN DATO,1,1,,"100,0%",NaN
2812-Universidad EAN,9517-ADMINISTRACION DE EMPRESAS,Masculino,2012-1,2023,No cotizante,SIN DATO,5,0,,"0,0%",NaN
2812-Universidad EAN,8322-ESPECIALIZACION EN ADMINISTRACION DE EMPRESAS,Femenino,2012-1,2016,Dependiente,Actividades financieras y de seguros,1,1,,"100,0%",$4.780.000
2812-Universidad EAN,8322-ESPECIALIZACION EN ADMINISTRACION DE EMPRESAS,Femenino,2012-1,2016,Dependiente,Explotación de minas y canteras,1,1,,"100,0%",$4.252.000
2812-Universidad EAN,8322-ESPECIALIZACION EN ADMINISTRACION DE EMPRESAS,Femenino,2012-1,2016,Independiente,Educación,1,1,,"100,0%",NaN
2812-Universidad EAN,8322-ESPECIALIZACION EN ADMINISTRACION DE EMPRESAS,Femenino,2012-1,2017,Dependiente,Actividades financieras y de seguros,1,1,,"100,0%",NaN
2812-Universidad EAN,8322-ESPECIALIZACION EN ADMINISTRACION DE EMPRESAS,Femenino,2012-1,2017,Dependiente,Explotación de minas y canteras,1,1,,"100,0%",NaN
2812-Universidad EAN,8322-ESPECIALIZACION EN ADMINISTRACION DE EMPRESAS,Femenino,2012-1,2017,Independiente,Sin información,1,1,,"100,0%",NaN
2812-Universidad EAN,8322-ESPECIALIZACION EN ADMINISTRACION DE EMPRESAS,Femenino,2012-1,2018,Dependiente,Actividades financieras y de seguros,1,1,,"100,0%",NaN
2812-Universidad EAN,8322-ESPECIALIZACION EN ADMINISTRACION DE EMPRESAS,Femenino,2012-1,2018,Dependiente,Explotación de minas y canteras,1,1,,"100,0%",NaN
2812-Universidad EAN,8322-ESPECIALIZACION EN ADMINISTRACION DE EMPRESAS,Femenino,2012-1,2018,Independiente,Sin información,1,1,,"100,0%",NaN
2812-Universidad EAN,8322-ESPECIALIZACION EN ADMINISTRACION DE EMPRESAS,Femenino,2012-1,2019,Dependiente,Administración pública y defensa; planes de seguridad social de afiliación obligatoria,1,1,,"100,0%",NaN
2812-Universidad EAN,8322-ESPECIALIZACION EN ADMINISTRACION DE EMPRESAS,Femenino,2012-1,2019,Dependiente,Explotación de minas y canteras,1,1,,"100,0%",NaN
2812-Universidad EAN,8322-ESPECIALIZACION EN ADMINISTRACION DE EMPRESAS,Femenino,2012-1,2019,Independiente,Administración pública y defensa; planes de seguridad social de afiliación obligatoria,1,1,,"100,0%",NaN
2812-Universidad EAN,8322-ESPECIALIZACION EN ADMINISTRACION DE EMPRESAS,Femenino,2012-1,2020,Dependiente,Administración pública y defensa; planes de seguridad social de afiliación obligatoria,1,1,,"100,0%",NaN
2812-Universidad EAN,8322-ESPECIALIZACION EN ADMINISTRACION DE EMPRESAS,Femenino,2012-1,2020,Dependiente,Explotación de minas y canteras,1,1,,"100,0%",NaN
2812-Universidad EAN,8322-ESPECIALIZACION EN ADMINISTRACION DE EMPRESAS,Femenino,2012-1,2020,No cotizante,Sin información,1,0,,"0,0%",NaN
2812-Universidad EAN,8322-ESPECIALIZACION EN ADMINISTRACION DE EMPRESAS,Femenino,2012-1,2021,Dependiente,Administración pública y defensa; planes de seguridad social de afiliación obligatoria,1,1,,"100,0%",NaN
2812-Universidad EAN,8322-ESPECIALIZACION EN ADMINISTRACION DE EMPRESAS,Femenino,2012-1,2021,Dependiente,Explotación de minas y canteras,1,1,,"100,0%",NaN
2812-Universidad EAN,8322-ESPECIALIZACION EN ADMINISTRACION DE EMPRESAS,Femenino,2012-1,2021,No cotizante,Sin información,1,0,,"0,0%",NaN
2812-Universidad EAN,8322-ESPECIALIZACION EN ADMINISTRACION DE EMPRESAS,Femenino,2012-1,2022,Dependiente,Administración pública y defensa; planes de seguridad social de afiliación obligatoria,1,1,,"100,0%",NaN
2812-Universidad EAN,8322-ESPECIALIZACION EN ADMINISTRACION DE EMPRESAS,Femenino,2012-1,2022,Dependiente,Explotación de minas y canteras,1,1,,"100,0%",NaN
2812-Universidad EAN,8322-ESPECIALIZACION EN ADMINISTRACION DE EMPRESAS,Femenino,2012-1,2022,No cotizante,SIN DATO,1,0,,"0,0%",NaN
2812-Universidad EAN,8322-ESPECIALIZACION EN ADMINISTRACION DE EMPRESAS,Femenino,2012-1,2023,Dependiente,Administración pública y defensa; planes de seguridad social de afiliación obligatoria,1,1,,"100,0%",NaN
2812-Universidad EAN,8322-ESPECIALIZACION EN ADMINISTRACION DE EMPRESAS,Femenino,2012-1,2023,Dependiente,Explotación de minas y canteras,1,1,,"100,0%",NaN
2812-Universidad EAN,8322-ESPECIALIZACION EN ADMINISTRACION DE EMPRESAS,Femenino,2012-1,2023,No cotizante,SIN DATO,1,0,,"0,0%",NaN
2812-Universidad EAN,8322-ESPECIALIZACION EN ADMINISTRACION DE EMPRESAS,Masculino,2012-1,2016,Dependiente,Industrias manufactureras,1,1,,"100,0%",$4.437.000
2812-Universidad EAN,8322-ESPECIALIZACION EN ADMINISTRACION DE EMPRESAS,Masculino,2012-1,2016,Dependiente,Información y comunicaciones,1,1,,"100,0%",$6.274.040
2812-Universidad EAN,8322-ESPECIALIZACION EN ADMINISTRACION DE EMPRESAS,Masculino,2012-1,2016,Dependiente,Transporte y almacenamiento,1,1,,"100,0%",$6.274.000
2812-Universidad EAN,8322-ESPECIALIZACION EN ADMINISTRACION DE EMPRESAS,Masculino,2012-1,2016,Independiente,Sin información,1,1,,"100,0%",NaN
2812-Universidad EAN,8322-ESPECIALIZACION EN ADMINISTRACION DE EMPRESAS,Masculino,2012-1,2016,No cotizante,Sin información,1,0,,"0,0%",NaN
2812-Universidad EAN,8322-ESPECIALIZACION EN ADMINISTRACION DE EMPRESAS,Masculino,2012-1,2017,Dependiente,Actividades financieras y de seguros,1,1,,"100,0%",NaN
2812-Universidad EAN,8322-ESPECIALIZACION EN ADMINISTRACION DE EMPRESAS,Masculino,2012-1,2017,Dependiente,Industrias manufactureras,1,1,,"100,0%",NaN
2812-Universidad EAN,8322-ESPECIALIZACION EN ADMINISTRACION DE EMPRESAS,Masculino,2012-1,2017,Dependiente,Información y comunicaciones,1,1,,"100,0%",NaN
2812-Universidad EAN,8322-ESPECIALIZACION EN ADMINISTRACION DE EMPRESAS,Masculino,2012-1,2017,Independiente,Sin información,1,1,,"100,0%",NaN
2812-Universidad EAN,8322-ESPECIALIZACION EN ADMINISTRACION DE EMPRESAS,Masculino,2012-1,2017,No cotizante,Sin información,1,0,,"0,0%",NaN
2812-Universidad EAN,8322-ESPECIALIZACION EN ADMINISTRACION DE EMPRESAS,Masculino,2012-1,2018,Dependiente,Actividades financieras y de seguros,1,1,,"100,0%",NaN
2812-Universidad EAN,8322-ESPECIALIZACION EN ADMINISTRACION DE EMPRESAS,Masculino,2012-1,2018,Dependiente,Educación,1,1,,"100,0%",NaN
2812-Universidad EAN,8322-ESPECIALIZACION EN ADMINISTRACION DE EMPRESAS,Masculino,2012-1,2018,Dependiente,Industrias manufactureras,1,1,,"100,0%",NaN
2812-Universidad EAN,8322-ESPECIALIZACION EN ADMINISTRACION DE EMPRESAS,Masculino,2012-1,2018,Independiente,Sin información,1,1,,"100,0%",NaN
2812-Universidad EAN,8322-ESPECIALIZACION EN ADMINISTRACION DE EMPRESAS,Masculino,2012-1,2018,No cotizante,Sin información,1,0,,"0,0%",NaN
2812-Universidad EAN,8322-ESPECIALIZACION EN ADMINISTRACION DE EMPRESAS,Masculino,2012-1,2019,Dependiente,Administración pública y defensa; planes de seguridad social de afiliación obligatoria,1,1,,"100,0%",NaN
2812-Universidad EAN,8322-ESPECIALIZACION EN ADMINISTRACION DE EMPRESAS,Masculino,2012-1,2019,Dependiente,Educación,1,1,,"100,0%",NaN
2812-Universidad EAN,8322-ESPECIALIZACION EN ADMINISTRACION DE EMPRESAS,Masculino,2012-1,2019,Dependiente,Industrias manufactureras,1,1,,"100,0%",NaN
2812-Universidad EAN,8322-ESPECIALIZACION EN ADMINISTRACION DE EMPRESAS,Masculino,2012-1,2019,Independiente,Administración pública y defensa; planes de seguridad social de afiliación obligatoria,1,1,,"100,0%",NaN
2812-Universidad EAN,8322-ESPECIALIZACION EN ADMINISTRACION DE EMPRESAS,Masculino,2012-1,2019,No cotizante,Sin información,1,0,,"0,0%",NaN
2812-Universidad EAN,8322-ESPECIALIZACION EN ADMINISTRACION DE EMPRESAS,Masculino,2012-1,2020,Dependiente,Educación,1,1,,"100,0%",NaN
2812-Universidad EAN,8322-ESPECIALIZACION EN ADMINISTRACION DE EMPRESAS,Masculino,2012-1,2020,Dependiente,Industrias manufactureras,1,1,,"100,0%",NaN
2812-Universidad EAN,8322-ESPECIALIZACION EN ADMINISTRACION DE EMPRESAS,Masculino,2012-1,2020,Dependiente,"Suministro de electricidad, gas, vapor y aire acondicionado",1,1,,"100,0%",NaN
2812-Universidad EAN,8322-ESPECIALIZACION EN ADMINISTRACION DE EMPRESAS,Masculino,2012-1,2020,Independiente,Administración pública y defensa; planes de seguridad social de afiliación obligatoria,1,1,,"100,0%",NaN
2812-Universidad EAN,8322-ESPECIALIZACION EN ADMINISTRACION DE EMPRESAS,Masculino,2012-1,2020,No cotizante,Sin información,1,0,,"0,0%",NaN
2812-Universidad EAN,8322-ESPECIALIZACION EN ADMINISTRACION DE EMPRESAS,Masculino,2012-1,2021,Dependiente,Educación,1,1,,"100,0%",NaN
2812-Universidad EAN,8322-ESPECIALIZACION EN ADMINISTRACION DE EMPRESAS,Masculino,2012-1,2021,Dependiente,Industrias manufactureras,1,1,,"100,0%",NaN
2812-Universidad EAN,8322-ESPECIALIZACION EN ADMINISTRACION DE EMPRESAS,Masculino,2012-1,2021,Independiente,"Actividades profesionales, científicas y técnicas",1,1,,"100,0%",NaN
2812-Universidad EAN,8322-ESPECIALIZACION EN ADMINISTRACION DE EMPRESAS,Masculino,2012-1,2021,Independiente,Administración pública y defensa; planes de seguridad social de afiliación obligatoria,1,1,,"100,0%",NaN
2812-Universidad EAN,8322-ESPECIALIZACION EN ADMINISTRACION DE EMPRESAS,Masculino,2012-1,2021,No cotizante,Sin información,1,0,,"0,0%",NaN
2812-Universidad EAN,8322-ESPECIALIZACION EN ADMINISTRACION DE EMPRESAS,Masculino,2012-1,2022,Dependiente,Actividades financieras y de seguros,1,1,,"100,0%",NaN
2812-Universidad EAN,8322-ESPECIALIZACION EN ADMINISTRACION DE EMPRESAS,Masculino,2012-1,2022,Dependiente,Educación,1,1,,"100,0%",NaN
2812-Universidad EAN,8322-ESPECIALIZACION EN ADMINISTRACION DE EMPRESAS,Masculino,2012-1,2022,Dependiente,Industrias manufactureras,1,1,,"100,0%",NaN
2812-Universidad EAN,8322-ESPECIALIZACION EN ADMINISTRACION DE EMPRESAS,Masculino,2012-1,2022,Independiente,Administración pública y defensa; planes de seguridad social de afiliación obligatoria,1,1,,"100,0%",NaN
2812-Universidad EAN,8322-ESPECIALIZACION EN ADMINISTRACION DE EMPRESAS,Masculino,2012-1,2022,No cotizante,SIN DATO,1,0,,"0,0%",NaN
2812-Universidad EAN,8322-ESPECIALIZACION EN ADMINISTRACION DE EMPRESAS,Masculino,2012-1,2023,Dependiente,Actividades financieras y de seguros,1,1,,"100,0%",NaN
2812-Universidad EAN,8322-ESPECIALIZACION EN ADMINISTRACION DE EMPRESAS,Masculino,2012-1,2023,Dependiente,Industrias manufactureras,1,1,,"100,0%",NaN
2812-Universidad EAN,8322-ESPECIALIZACION EN ADMINISTRACION DE EMPRESAS,Masculino,2012-1,2023,Independiente,Administración pública y defensa; planes de seguridad social de afiliación obligatoria,2,2,,"100,0%",NaN
2812-Universidad EAN,8322-ESPECIALIZACION EN ADMINISTRACION DE EMPRESAS,Masculino,2012-1,2023,No cotizante,SIN DATO,1,0,,"0,0%",NaN
2812-Universidad EAN,8979-ESPECIALIZACION EN GERENCIA DE PROCESOS DE CALIDAD E INNOVACION,Femenino,2012-1,2016,Dependiente,Administración pública y defensa; planes de seguridad social de afiliación obligatoria,1,1,,"100,0%",$2.513.000
2812-Universidad EAN,8979-ESPECIALIZACION EN GERENCIA DE PROCESOS DE CALIDAD E INNOVACION,Femenino,2012-1,2016,Dependiente,Explotación de minas y canteras,1,1,,"100,0%",$2.917.000
2812-Universidad EAN,8979-ESPECIALIZACION EN GERENCIA DE PROCESOS DE CALIDAD E INNOVACION,Femenino,2012-1,2016,Dependiente,Industrias manufactureras,1,1,,"100,0%",$2.500.000
2812-Universidad EAN,8979-ESPECIALIZACION EN GERENCIA DE PROCESOS DE CALIDAD E INNOVACION,Femenino,2012-1,2016,Dependiente,Sin información,2,2,,"100,0%",$3.020.500
2812-Universidad EAN,8979-ESPECIALIZACION EN GERENCIA DE PROCESOS DE CALIDAD E INNOVACION,Femenino,2012-1,2017,Dependiente,Educación,1,1,,"100,0%",NaN
2812-Universidad EAN,8979-ESPECIALIZACION EN GERENCIA DE PROCESOS DE CALIDAD E INNOVACION,Femenino,2012-1,2017,Dependiente,Industrias manufactureras,2,2,,"100,0%",NaN
2812-Universidad EAN,8979-ESPECIALIZACION EN GERENCIA DE PROCESOS DE CALIDAD E INNOVACION,Femenino,2012-1,2017,Dependiente,Otras actividades de servicios,1,1,,"100,0%",NaN
2812-Universidad EAN,8979-ESPECIALIZACION EN GERENCIA DE PROCESOS DE CALIDAD E INNOVACION,Femenino,2012-1,2017,Dependiente,Sin información,1,1,,"100,0%",NaN
2812-Universidad EAN,8979-ESPECIALIZACION EN GERENCIA DE PROCESOS DE CALIDAD E INNOVACION,Femenino,2012-1,2018,Dependiente,"Actividades profesionales, científicas y técnicas",1,1,,"100,0%",NaN
2812-Universidad EAN,8979-ESPECIALIZACION EN GERENCIA DE PROCESOS DE CALIDAD E INNOVACION,Femenino,2012-1,2018,Dependiente,Educación,1,1,,"100,0%",NaN
2812-Universidad EAN,8979-ESPECIALIZACION EN GERENCIA DE PROCESOS DE CALIDAD E INNOVACION,Femenino,2012-1,2018,Dependiente,Industrias manufactureras,2,2,,"100,0%",NaN
2812-Universidad EAN,8979-ESPECIALIZACION EN GERENCIA DE PROCESOS DE CALIDAD E INNOVACION,Femenino,2012-1,2018,Dependiente,Sin información,1,1,,"100,0%",NaN
2812-Universidad EAN,8979-ESPECIALIZACION EN GERENCIA DE PROCESOS DE CALIDAD E INNOVACION,Femenino,2012-1,2019,Dependiente,Administración pública y defensa; planes de seguridad social de afiliación obligatoria,2,2,,"100,0%",NaN
2812-Universidad EAN,8979-ESPECIALIZACION EN GERENCIA DE PROCESOS DE CALIDAD E INNOVACION,Femenino,2012-1,2019,Dependiente,Educación,1,1,,"100,0%",NaN
2812-Universidad EAN,8979-ESPECIALIZACION EN GERENCIA DE PROCESOS DE CALIDAD E INNOVACION,Femenino,2012-1,2019,Dependiente,Industrias manufactureras,2,2,,"100,0%",NaN
2812-Universidad EAN,8979-ESPECIALIZACION EN GERENCIA DE PROCESOS DE CALIDAD E INNOVACION,Femenino,2012-1,2020,Dependiente,"Actividades profesionales, científicas y técnicas",1,1,,"100,0%",NaN
2812-Universidad EAN,8979-ESPECIALIZACION EN GERENCIA DE PROCESOS DE CALIDAD E INNOVACION,Femenino,2012-1,2020,Dependiente,Administración pública y defensa; planes de seguridad social de afiliación obligatoria,2,2,,"100,0%",NaN
2812-Universidad EAN,8979-ESPECIALIZACION EN GERENCIA DE PROCESOS DE CALIDAD E INNOVACION,Femenino,2012-1,2020,Dependiente,Educación,1,1,,"100,0%",NaN
2812-Universidad EAN,8979-ESPECIALIZACION EN GERENCIA DE PROCESOS DE CALIDAD E INNOVACION,Femenino,2012-1,2020,Dependiente,Industrias manufactureras,1,1,,"100,0%",NaN
2812-Universidad EAN,8979-ESPECIALIZACION EN GERENCIA DE PROCESOS DE CALIDAD E INNOVACION,Femenino,2012-1,2021,Dependiente,"Actividades profesionales, científicas y técnicas",1,1,,"100,0%",NaN
2812-Universidad EAN,8979-ESPECIALIZACION EN GERENCIA DE PROCESOS DE CALIDAD E INNOVACION,Femenino,2012-1,2021,Dependiente,Administración pública y defensa; planes de seguridad social de afiliación obligatoria,2,2,,"100,0%",NaN
2812-Universidad EAN,8979-ESPECIALIZACION EN GERENCIA DE PROCESOS DE CALIDAD E INNOVACION,Femenino,2012-1,2021,Dependiente,Educación,1,1,,"100,0%",NaN
2812-Universidad EAN,8979-ESPECIALIZACION EN GERENCIA DE PROCESOS DE CALIDAD E INNOVACION,Femenino,2012-1,2022,Dependiente,"Actividades profesionales, científicas y técnicas",1,1,,"100,0%",NaN
2812-Universidad EAN,8979-ESPECIALIZACION EN GERENCIA DE PROCESOS DE CALIDAD E INNOVACION,Femenino,2012-1,2022,Dependiente,Administración pública y defensa; planes de seguridad social de afiliación obligatoria,2,2,,"100,0%",NaN
2812-Universidad EAN,8979-ESPECIALIZACION EN GERENCIA DE PROCESOS DE CALIDAD E INNOVACION,Femenino,2012-1,2022,Dependiente,Educación,1,1,,"100,0%",NaN
2812-Universidad EAN,8979-ESPECIALIZACION EN GERENCIA DE PROCESOS DE CALIDAD E INNOVACION,Femenino,2012-1,2023,Dependiente,Administración pública y defensa; planes de seguridad social de afiliación obligatoria,1,1,,"100,0%",NaN
2812-Universidad EAN,8979-ESPECIALIZACION EN GERENCIA DE PROCESOS DE CALIDAD E INNOVACION,Femenino,2012-1,2023,Dependiente,Educación,1,1,,"100,0%",NaN
2812-Universidad EAN,8979-ESPECIALIZACION EN GERENCIA DE PROCESOS DE CALIDAD E INNOVACION,Femenino,2012-1,2023,No cotizante,SIN DATO,1,0,,"0,0%",NaN
2812-Universidad EAN,8979-ESPECIALIZACION EN GERENCIA DE PROCESOS DE CALIDAD E INNOVACION,Masculino,2012-1,2016,Dependiente,Información y comunicaciones,1,1,,"100,0%",$3.371.000
2812-Universidad EAN,8979-ESPECIALIZACION EN GERENCIA DE PROCESOS DE CALIDAD E INNOVACION,Masculino,2012-1,2016,No cotizante,Sin información,1,0,,"0,0%",NaN
2812-Universidad EAN,8979-ESPECIALIZACION EN GERENCIA DE PROCESOS DE CALIDAD E INNOVACION,Masculino,2012-1,2017,Dependiente,Información y comunicaciones,1,1,,"100,0%",NaN
2812-Universidad EAN,8979-ESPECIALIZACION EN GERENCIA DE PROCESOS DE CALIDAD E INNOVACION,Masculino,2012-1,2017,No cotizante,Sin información,1,0,,"0,0%",NaN
2812-Universidad EAN,8979-ESPECIALIZACION EN GERENCIA DE PROCESOS DE CALIDAD E INNOVACION,Masculino,2012-1,2018,No cotizante,Sin información,1,0,,"0,0%",NaN
2812-Universidad EAN,8979-ESPECIALIZACION EN GERENCIA DE PROCESOS DE CALIDAD E INNOVACION,Masculino,2012-1,2019,No cotizante,Sin información,1,0,,"0,0%",NaN
2812-Universidad EAN,8979-ESPECIALIZACION EN GERENCIA DE PROCESOS DE CALIDAD E INNOVACION,Masculino,2012-1,2020,No cotizante,Sin información,1,0,,"0,0%",NaN
2812-Universidad EAN,8979-ESPECIALIZACION EN GERENCIA DE PROCESOS DE CALIDAD E INNOVACION,Masculino,2012-1,2021,No cotizante,Sin información,1,0,,"0,0%",NaN
2812-Universidad EAN,8979-ESPECIALIZACION EN GERENCIA DE PROCESOS DE CALIDAD E INNOVACION,Masculino,2012-1,2022,No cotizante,SIN DATO,1,0,,"0,0%",NaN
2812-Universidad EAN,8979-ESPECIALIZACION EN GERENCIA DE PROCESOS DE CALIDAD E INNOVACION,Masculino,2012-1,2023,No cotizante,SIN DATO,1,0,,"0,0%",NaN
2812-Universidad EAN,"54671-ESPECIALIZACION EN GERENCIA INTEGRAL DE LOS SISTEMAS DE LA CALIDAD, LOS RIESGOS LABORALES Y EL MEDIO AMBIENTE",Masculino,2012-1,2016,Dependiente,Educación,1,1,,"100,0%",$3.459.000
2812-Universidad EAN,"54671-ESPECIALIZACION EN GERENCIA INTEGRAL DE LOS SISTEMAS DE LA CALIDAD, LOS RIESGOS LABORALES Y EL MEDIO AMBIENTE",Masculino,2012-1,2017,Dependiente,Educación,1,1,,"100,0%",NaN
2812-Universidad EAN,"54671-ESPECIALIZACION EN GERENCIA INTEGRAL DE LOS SISTEMAS DE LA CALIDAD, LOS RIESGOS LABORALES Y EL MEDIO AMBIENTE",Masculino,2012-1,2018,Dependiente,Educación,1,1,,"100,0%",NaN
2812-Universidad EAN,"54671-ESPECIALIZACION EN GERENCIA INTEGRAL DE LOS SISTEMAS DE LA CALIDAD, LOS RIESGOS LABORALES Y EL MEDIO AMBIENTE",Masculino,2012-1,2019,Dependiente,Educación,1,1,,"100,0%",NaN
2812-Universidad EAN,"54671-ESPECIALIZACION EN GERENCIA INTEGRAL DE LOS SISTEMAS DE LA CALIDAD, LOS RIESGOS LABORALES Y EL MEDIO AMBIENTE",Masculino,2012-1,2020,Dependiente,Educación,1,1,,"100,0%",NaN
2812-Universidad EAN,"54671-ESPECIALIZACION EN GERENCIA INTEGRAL DE LOS SISTEMAS DE LA CALIDAD, LOS RIESGOS LABORALES Y EL MEDIO AMBIENTE",Masculino,2012-1,2021,Dependiente,Educación,1,1,,"100,0%",NaN
2812-Universidad EAN,"54671-ESPECIALIZACION EN GERENCIA INTEGRAL DE LOS SISTEMAS DE LA CALIDAD, LOS RIESGOS LABORALES Y EL MEDIO AMBIENTE",Masculino,2012-1,2022,Dependiente,Educación,1,1,,"100,0%",NaN
2812-Universidad EAN,"54671-ESPECIALIZACION EN GERENCIA INTEGRAL DE LOS SISTEMAS DE LA CALIDAD, LOS RIESGOS LABORALES Y EL MEDIO AMBIENTE",Masculino,2012-1,2023,Independiente,"Actividades profesionales, científicas y técnicas",1,1,,"100,0%",NaN
2812-Universidad EAN,54374-ESPECIALIZACION EN GESTION DE SISTEMAS Y TECNOLOGIAS DE LA INFORMACION EN LA EMPRESA,Femenino,2012-1,2016,Dependiente,Información y comunicaciones,1,1,,"100,0%",$4.500.000
2812-Universidad EAN,54374-ESPECIALIZACION EN GESTION DE SISTEMAS Y TECNOLOGIAS DE LA INFORMACION EN LA EMPRESA,Femenino,2012-1,2016,Dependiente,Sin información,1,1,,"100,0%",$8.634.000
2812-Universidad EAN,54374-ESPECIALIZACION EN GESTION DE SISTEMAS Y TECNOLOGIAS DE LA INFORMACION EN LA EMPRESA,Femenino,2012-1,2017,Dependiente,Información y comunicaciones,1,1,,"100,0%",NaN
2812-Universidad EAN,54374-ESPECIALIZACION EN GESTION DE SISTEMAS Y TECNOLOGIAS DE LA INFORMACION EN LA EMPRESA,Femenino,2012-1,2017,Dependiente,Sin información,1,1,,"100,0%",NaN
2812-Universidad EAN,54374-ESPECIALIZACION EN GESTION DE SISTEMAS Y TECNOLOGIAS DE LA INFORMACION EN LA EMPRESA,Femenino,2012-1,2018,Dependiente,Sin información,1,1,,"100,0%",NaN
2812-Universidad EAN,54374-ESPECIALIZACION EN GESTION DE SISTEMAS Y TECNOLOGIAS DE LA INFORMACION EN LA EMPRESA,Femenino,2012-1,2018,Independiente,"Actividades profesionales, científicas y técnicas",1,1,,"100,0%",NaN
2812-Universidad EAN,54374-ESPECIALIZACION EN GESTION DE SISTEMAS Y TECNOLOGIAS DE LA INFORMACION EN LA EMPRESA,Femenino,2012-1,2019,Dependiente,"Actividades profesionales, científicas y técnicas",1,1,,"100,0%",NaN
2812-Universidad EAN,54374-ESPECIALIZACION EN GESTION DE SISTEMAS Y TECNOLOGIAS DE LA INFORMACION EN LA EMPRESA,Femenino,2012-1,2019,Independiente,"Actividades profesionales, científicas y técnicas",1,1,,"100,0%",NaN
2812-Universidad EAN,54374-ESPECIALIZACION EN GESTION DE SISTEMAS Y TECNOLOGIAS DE LA INFORMACION EN LA EMPRESA,Femenino,2012-1,2020,Dependiente,"Actividades profesionales, científicas y técnicas",1,1,,"100,0%",NaN
2812-Universidad EAN,54374-ESPECIALIZACION EN GESTION DE SISTEMAS Y TECNOLOGIAS DE LA INFORMACION EN LA EMPRESA,Femenino,2012-1,2020,Independiente,"Actividades profesionales, científicas y técnicas",1,1,,"100,0%",NaN
2812-Universidad EAN,54374-ESPECIALIZACION EN GESTION DE SISTEMAS Y TECNOLOGIAS DE LA INFORMACION EN LA EMPRESA,Femenino,2012-1,2021,Dependiente,"Actividades profesionales, científicas y técnicas",1,1,,"100,0%",NaN
2812-Universidad EAN,54374-ESPECIALIZACION EN GESTION DE SISTEMAS Y TECNOLOGIAS DE LA INFORMACION EN LA EMPRESA,Femenino,2012-1,2022,Dependiente,"Actividades profesionales, científicas y técnicas",1,1,,"100,0%",NaN
2812-Universidad EAN,54374-ESPECIALIZACION EN GESTION DE SISTEMAS Y TECNOLOGIAS DE LA INFORMACION EN LA EMPRESA,Femenino,2012-1,2023,Dependiente,"Actividades profesionales, científicas y técnicas",1,1,,"100,0%",NaN
2812-Universidad EAN,54374-ESPECIALIZACION EN GESTION DE SISTEMAS Y TECNOLOGIAS DE LA INFORMACION EN LA EMPRESA,Masculino,2012-1,2016,Dependiente,Explotación de minas y canteras,1,1,,"100,0%",$1.500.000
2812-Universidad EAN,54374-ESPECIALIZACION EN GESTION DE SISTEMAS Y TECNOLOGIAS DE LA INFORMACION EN LA EMPRESA,Masculino,2012-1,2016,Dependiente,Información y comunicaciones,1,1,,"100,0%",$2.685.714
2812-Universidad EAN,54374-ESPECIALIZACION EN GESTION DE SISTEMAS Y TECNOLOGIAS DE LA INFORMACION EN LA EMPRESA,Masculino,2012-1,2017,Dependiente,"Actividades profesionales, científicas y técnicas",1,1,,"100,0%",NaN
2812-Universidad EAN,54374-ESPECIALIZACION EN GESTION DE SISTEMAS Y TECNOLOGIAS DE LA INFORMACION EN LA EMPRESA,Masculino,2012-1,2017,Dependiente,Comercio al por mayor y al por menor; reparación de vehículos automotores y motocicletas,1,1,,"100,0%",NaN
2812-Universidad EAN,54374-ESPECIALIZACION EN GESTION DE SISTEMAS Y TECNOLOGIAS DE LA INFORMACION EN LA EMPRESA,Masculino,2012-1,2018,Dependiente,"Actividades profesionales, científicas y técnicas",1,1,,"100,0%",NaN
2812-Universidad EAN,54374-ESPECIALIZACION EN GESTION DE SISTEMAS Y TECNOLOGIAS DE LA INFORMACION EN LA EMPRESA,Masculino,2012-1,2018,Dependiente,Otras actividades de servicios,1,1,,"100,0%",NaN
2812-Universidad EAN,54374-ESPECIALIZACION EN GESTION DE SISTEMAS Y TECNOLOGIAS DE LA INFORMACION EN LA EMPRESA,Masculino,2012-1,2019,Dependiente,"Actividades profesionales, científicas y técnicas",1,1,,"100,0%",NaN
2812-Universidad EAN,54374-ESPECIALIZACION EN GESTION DE SISTEMAS Y TECNOLOGIAS DE LA INFORMACION EN LA EMPRESA,Masculino,2012-1,2019,Dependiente,Información y comunicaciones,1,1,,"100,0%",NaN
2812-Universidad EAN,54374-ESPECIALIZACION EN GESTION DE SISTEMAS Y TECNOLOGIAS DE LA INFORMACION EN LA EMPRESA,Masculino,2012-1,2020,Dependiente,Actividades de servicios administrativos y de apoyo,1,1,,"100,0%",NaN
2812-Universidad EAN,54374-ESPECIALIZACION EN GESTION DE SISTEMAS Y TECNOLOGIAS DE LA INFORMACION EN LA EMPRESA,Masculino,2012-1,2020,Dependiente,"Actividades profesionales, científicas y técnicas",1,1,,"100,0%",NaN
2812-Universidad EAN,54374-ESPECIALIZACION EN GESTION DE SISTEMAS Y TECNOLOGIAS DE LA INFORMACION EN LA EMPRESA,Masculino,2012-1,2021,Dependiente,Actividades de servicios administrativos y de apoyo,1,1,,"100,0%",NaN
2812-Universidad EAN,54374-ESPECIALIZACION EN GESTION DE SISTEMAS Y TECNOLOGIAS DE LA INFORMACION EN LA EMPRESA,Masculino,2012-1,2021,Dependiente,Información y comunicaciones,1,1,,"100,0%",NaN
2812-Universidad EAN,54374-ESPECIALIZACION EN GESTION DE SISTEMAS Y TECNOLOGIAS DE LA INFORMACION EN LA EMPRESA,Masculino,2012-1,2022,Dependiente,Información y comunicaciones,1,1,,"100,0%",NaN
2812-Universidad EAN,54374-ESPECIALIZACION EN GESTION DE SISTEMAS Y TECNOLOGIAS DE LA INFORMACION EN LA EMPRESA,Masculino,2012-1,2022,Independiente,"Actividades profesionales, científicas y técnicas",1,1,,"100,0%",NaN
2812-Universidad EAN,54374-ESPECIALIZACION EN GESTION DE SISTEMAS Y TECNOLOGIAS DE LA INFORMACION EN LA EMPRESA,Masculino,2012-1,2023,Dependiente,Información y comunicaciones,1,1,,"100,0%",NaN
2812-Universidad EAN,54374-ESPECIALIZACION EN GESTION DE SISTEMAS Y TECNOLOGIAS DE LA INFORMACION EN LA EMPRESA,Masculino,2012-1,2023,Independiente,"Actividades profesionales, científicas y técnicas",1,1,,"100,0%",NaN
2812-Universidad EAN,7514-ESPECIALIZACION EN GESTION HUMANA,Femenino,2012-1,2016,Dependiente,Actividades financieras y de seguros,2,2,,"100,0%",$2.790.000
2812-Universidad EAN,7514-ESPECIALIZACION EN GESTION HUMANA,Femenino,2012-1,2016,Dependiente,"Actividades profesionales, científicas y técnicas",1,1,,"100,0%",$4.465.000
2812-Universidad EAN,7514-ESPECIALIZACION EN GESTION HUMANA,Femenino,2012-1,2016,Dependiente,Explotación de minas y canteras,1,1,,"100,0%",$6.274.000
2812-Universidad EAN,7514-ESPECIALIZACION EN GESTION HUMANA,Femenino,2012-1,2016,Dependiente,Información y comunicaciones,1,1,,"100,0%",$6.301.000
2812-Universidad EAN,7514-ESPECIALIZACION EN GESTION HUMANA,Femenino,2012-1,2017,Dependiente,Actividades financieras y de seguros,3,3,,"100,0%",NaN
2812-Universidad EAN,7514-ESPECIALIZACION EN GESTION HUMANA,Femenino,2012-1,2017,Dependiente,"Actividades profesionales, científicas y técnicas",2,2,,"100,0%",NaN
2812-Universidad EAN,7514-ESPECIALIZACION EN GESTION HUMANA,Femenino,2012-1,2018,Dependiente,Actividades financieras y de seguros,3,3,,"100,0%",NaN
2812-Universidad EAN,7514-ESPECIALIZACION EN GESTION HUMANA,Femenino,2012-1,2018,Dependiente,"Actividades profesionales, científicas y técnicas",2,2,,"100,0%",NaN
2812-Universidad EAN,7514-ESPECIALIZACION EN GESTION HUMANA,Femenino,2012-1,2019,Dependiente,Actividades financieras y de seguros,1,1,,"100,0%",NaN
2812-Universidad EAN,7514-ESPECIALIZACION EN GESTION HUMANA,Femenino,2012-1,2019,Dependiente,"Actividades profesionales, científicas y técnicas",1,1,,"100,0%",NaN
2812-Universidad EAN,7514-ESPECIALIZACION EN GESTION HUMANA,Femenino,2012-1,2019,Dependiente,Administración pública y defensa; planes de seguridad social de afiliación obligatoria,2,2,,"100,0%",NaN
2812-Universidad EAN,7514-ESPECIALIZACION EN GESTION HUMANA,Femenino,2012-1,2019,Dependiente,Explotación de minas y canteras,1,1,,"100,0%",NaN
2812-Universidad EAN,7514-ESPECIALIZACION EN GESTION HUMANA,Femenino,2012-1,2020,Dependiente,Actividades financieras y de seguros,1,1,,"100,0%",NaN
2812-Universidad EAN,7514-ESPECIALIZACION EN GESTION HUMANA,Femenino,2012-1,2020,Dependiente,"Actividades profesionales, científicas y técnicas",2,2,,"100,0%",NaN
2812-Universidad EAN,7514-ESPECIALIZACION EN GESTION HUMANA,Femenino,2012-1,2020,Dependiente,Administración pública y defensa; planes de seguridad social de afiliación obligatoria,2,2,,"100,0%",NaN
2812-Universidad EAN,7514-ESPECIALIZACION EN GESTION HUMANA,Femenino,2012-1,2021,Dependiente,Actividades de servicios administrativos y de apoyo,1,1,,"100,0%",NaN
2812-Universidad EAN,7514-ESPECIALIZACION EN GESTION HUMANA,Femenino,2012-1,2021,Dependiente,Actividades financieras y de seguros,1,1,,"100,0%",NaN
2812-Universidad EAN,7514-ESPECIALIZACION EN GESTION HUMANA,Femenino,2012-1,2021,Dependiente,"Actividades profesionales, científicas y técnicas",1,1,,"100,0%",NaN
2812-Universidad EAN,7514-ESPECIALIZACION EN GESTION HUMANA,Femenino,2012-1,2021,Dependiente,Administración pública y defensa; planes de seguridad social de afiliación obligatoria,2,2,,"100,0%",NaN
2812-Universidad EAN,7514-ESPECIALIZACION EN GESTION HUMANA,Femenino,2012-1,2022,Dependiente,Actividades de servicios administrativos y de apoyo,1,1,,"100,0%",NaN
2812-Universidad EAN,7514-ESPECIALIZACION EN GESTION HUMANA,Femenino,2012-1,2022,Dependiente,"Actividades profesionales, científicas y técnicas",1,1,,"100,0%",NaN
2812-Universidad EAN,7514-ESPECIALIZACION EN GESTION HUMANA,Femenino,2012-1,2022,Dependiente,Administración pública y defensa; planes de seguridad social de afiliación obligatoria,2,2,,"100,0%",NaN
2812-Universidad EAN,7514-ESPECIALIZACION EN GESTION HUMANA,Femenino,2012-1,2022,No cotizante,SIN DATO,1,0,,"0,0%",NaN
2812-Universidad EAN,7514-ESPECIALIZACION EN GESTION HUMANA,Femenino,2012-1,2023,Dependiente,Actividades financieras y de seguros,1,1,,"100,0%",NaN
2812-Universidad EAN,7514-ESPECIALIZACION EN GESTION HUMANA,Femenino,2012-1,2023,Dependiente,"Actividades profesionales, científicas y técnicas",1,1,,"100,0%",NaN
2812-Universidad EAN,7514-ESPECIALIZACION EN GESTION HUMANA,Femenino,2012-1,2023,Dependiente,Administración pública y defensa; planes de seguridad social de afiliación obligatoria,2,2,,"100,0%",NaN
2812-Universidad EAN,7514-ESPECIALIZACION EN GESTION HUMANA,Femenino,2012-1,2023,Dependiente,Explotación de minas y canteras,1,1,,"100,0%",NaN
2812-Universidad EAN,7514-ESPECIALIZACION EN GESTION HUMANA,Masculino,2012-1,2016,Dependiente,Construccion,1,1,,"100,0%",$6.274.000
2812-Universidad EAN,7514-ESPECIALIZACION EN GESTION HUMANA,Masculino,2012-1,2016,Independiente,Actividades inmobiliarias,1,1,,"100,0%",NaN
2812-Universidad EAN,7514-ESPECIALIZACION EN GESTION HUMANA,Masculino,2012-1,2016,Independiente,Información y comunicaciones,1,1,,"100,0%",NaN
2812-Universidad EAN,7514-ESPECIALIZACION EN GESTION HUMANA,Masculino,2012-1,2017,Dependiente,Construccion,1,1,,"100,0%",NaN
2812-Universidad EAN,7514-ESPECIALIZACION EN GESTION HUMANA,Masculino,2012-1,2017,Independiente,"Actividades profesionales, científicas y técnicas",1,1,,"100,0%",NaN
2812-Universidad EAN,7514-ESPECIALIZACION EN GESTION HUMANA,Masculino,2012-1,2017,Independiente,Sin información,1,1,,"100,0%",NaN
2812-Universidad EAN,7514-ESPECIALIZACION EN GESTION HUMANA,Masculino,2012-1,2018,Dependiente,Construccion,1,1,,"100,0%",NaN
2812-Universidad EAN,7514-ESPECIALIZACION EN GESTION HUMANA,Masculino,2012-1,2018,Dependiente,Educación,1,1,,"100,0%",NaN
2812-Universidad EAN,7514-ESPECIALIZACION EN GESTION HUMANA,Masculino,2012-1,2018,Independiente,Sin información,1,1,,"100,0%",NaN
2812-Universidad EAN,7514-ESPECIALIZACION EN GESTION HUMANA,Masculino,2012-1,2019,Dependiente,Construccion,1,1,,"100,0%",NaN
2812-Universidad EAN,7514-ESPECIALIZACION EN GESTION HUMANA,Masculino,2012-1,2019,Independiente,"Actividades profesionales, científicas y técnicas",1,1,,"100,0%",NaN
2812-Universidad EAN,7514-ESPECIALIZACION EN GESTION HUMANA,Masculino,2012-1,2019,Independiente,Administración pública y defensa; planes de seguridad social de afiliación obligatoria,1,1,,"100,0%",NaN
2812-Universidad EAN,7514-ESPECIALIZACION EN GESTION HUMANA,Masculino,2012-1,2020,Dependiente,Construccion,1,1,,"100,0%",NaN
2812-Universidad EAN,7514-ESPECIALIZACION EN GESTION HUMANA,Masculino,2012-1,2020,Independiente,"Actividades profesionales, científicas y técnicas",1,1,,"100,0%",NaN
2812-Universidad EAN,7514-ESPECIALIZACION EN GESTION HUMANA,Masculino,2012-1,2020,Independiente,Administración pública y defensa; planes de seguridad social de afiliación obligatoria,1,1,,"100,0%",NaN
2812-Universidad EAN,7514-ESPECIALIZACION EN GESTION HUMANA,Masculino,2012-1,2021,Dependiente,Construccion,1,1,,"100,0%",NaN
2812-Universidad EAN,7514-ESPECIALIZACION EN GESTION HUMANA,Masculino,2012-1,2021,Independiente,"Actividades profesionales, científicas y técnicas",1,1,,"100,0%",NaN
2812-Universidad EAN,7514-ESPECIALIZACION EN GESTION HUMANA,Masculino,2012-1,2021,Independiente,Administración pública y defensa; planes de seguridad social de afiliación obligatoria,1,1,,"100,0%",NaN
2812-Universidad EAN,7514-ESPECIALIZACION EN GESTION HUMANA,Masculino,2012-1,2022,Dependiente,Construccion,1,1,,"100,0%",NaN
2812-Universidad EAN,7514-ESPECIALIZACION EN GESTION HUMANA,Masculino,2012-1,2022,Independiente,"Actividades profesionales, científicas y técnicas",1,1,,"100,0%",NaN
2812-Universidad EAN,7514-ESPECIALIZACION EN GESTION HUMANA,Masculino,2012-1,2022,Independiente,Administración pública y defensa; planes de seguridad social de afiliación obligatoria,1,1,,"100,0%",NaN
2812-Universidad EAN,7514-ESPECIALIZACION EN GESTION HUMANA,Masculino,2012-1,2023,Independiente,"Actividades profesionales, científicas y técnicas",1,1,,"100,0%",NaN
2812-Universidad EAN,7514-ESPECIALIZACION EN GESTION HUMANA,Masculino,2012-1,2023,Independiente,Administración pública y defensa; planes de seguridad social de afiliación obligatoria,1,1,,"100,0%",NaN
2812-Universidad EAN,7514-ESPECIALIZACION EN GESTION HUMANA,Masculino,2012-1,2023,No cotizante,SIN DATO,1,0,,"0,0%",NaN
2812-Universidad EAN,52891-ESPECIALIZACION EN GOBIERNO Y GERENCIA PUBLICA,Femenino,2012-1,2016,Dependiente,"Actividades profesionales, científicas y técnicas",1,1,,"100,0%",$4.465.000
2812-Universidad EAN,52891-ESPECIALIZACION EN GOBIERNO Y GERENCIA PUBLICA,Femenino,2012-1,2016,Independiente,"Actividades profesionales, científicas y técnicas",1,1,,"100,0%",NaN
2812-Universidad EAN,52891-ESPECIALIZACION EN GOBIERNO Y GERENCIA PUBLICA,Femenino,2012-1,2017,Dependiente,"Actividades profesionales, científicas y técnicas",1,1,,"100,0%",NaN
2812-Universidad EAN,52891-ESPECIALIZACION EN GOBIERNO Y GERENCIA PUBLICA,Femenino,2012-1,2017,Independiente,"Actividades profesionales, científicas y técnicas",1,1,,"100,0%",NaN
2812-Universidad EAN,52891-ESPECIALIZACION EN GOBIERNO Y GERENCIA PUBLICA,Femenino,2012-1,2018,Dependiente,"Actividades profesionales, científicas y técnicas",1,1,,"100,0%",NaN
2812-Universidad EAN,52891-ESPECIALIZACION EN GOBIERNO Y GERENCIA PUBLICA,Femenino,2012-1,2018,Independiente,"Actividades profesionales, científicas y técnicas",1,1,,"100,0%",NaN
2812-Universidad EAN,52891-ESPECIALIZACION EN GOBIERNO Y GERENCIA PUBLICA,Femenino,2012-1,2019,Dependiente,"Actividades profesionales, científicas y técnicas",1,1,,"100,0%",NaN
2812-Universidad EAN,52891-ESPECIALIZACION EN GOBIERNO Y GERENCIA PUBLICA,Femenino,2012-1,2019,Dependiente,Administración pública y defensa; planes de seguridad social de afiliación obligatoria,1,1,,"100,0%",NaN
2812-Universidad EAN,52891-ESPECIALIZACION EN GOBIERNO Y GERENCIA PUBLICA,Femenino,2012-1,2020,Dependiente,Administración pública y defensa; planes de seguridad social de afiliación obligatoria,2,2,,"100,0%",NaN
2812-Universidad EAN,52891-ESPECIALIZACION EN GOBIERNO Y GERENCIA PUBLICA,Femenino,2012-1,2021,Dependiente,Administración pública y defensa; planes de seguridad social de afiliación obligatoria,2,2,,"100,0%",NaN
2812-Universidad EAN,52891-ESPECIALIZACION EN GOBIERNO Y GERENCIA PUBLICA,Femenino,2012-1,2022,Dependiente,Administración pública y defensa; planes de seguridad social de afiliación obligatoria,2,2,,"100,0%",NaN
2812-Universidad EAN,52891-ESPECIALIZACION EN GOBIERNO Y GERENCIA PUBLICA,Femenino,2012-1,2023,Dependiente,Administración pública y defensa; planes de seguridad social de afiliación obligatoria,2,2,,"100,0%",NaN
2812-Universidad EAN,52891-ESPECIALIZACION EN GOBIERNO Y GERENCIA PUBLICA,Masculino,2012-1,2016,Dependiente,"Actividades profesionales, científicas y técnicas",1,1,,"100,0%",$17.225.000
2812-Universidad EAN,52891-ESPECIALIZACION EN GOBIERNO Y GERENCIA PUBLICA,Masculino,2012-1,2016,Dependiente,Administración pública y defensa; planes de seguridad social de afiliación obligatoria,1,1,,"100,0%",$6.205.000
2812-Universidad EAN,52891-ESPECIALIZACION EN GOBIERNO Y GERENCIA PUBLICA,Masculino,2012-1,2016,Independiente,"Actividades profesionales, científicas y técnicas",1,1,,"100,0%",NaN
2812-Universidad EAN,52891-ESPECIALIZACION EN GOBIERNO Y GERENCIA PUBLICA,Masculino,2012-1,2016,No cotizante,Sin información,1,0,,"0,0%",NaN
2812-Universidad EAN,52891-ESPECIALIZACION EN GOBIERNO Y GERENCIA PUBLICA,Masculino,2012-1,2017,Dependiente,"Actividades profesionales, científicas y técnicas",1,1,,"100,0%",NaN
2812-Universidad EAN,52891-ESPECIALIZACION EN GOBIERNO Y GERENCIA PUBLICA,Masculino,2012-1,2017,Dependiente,Sin información,1,1,,"100,0%",NaN
2812-Universidad EAN,52891-ESPECIALIZACION EN GOBIERNO Y GERENCIA PUBLICA,Masculino,2012-1,2017,Independiente,Sin información,1,1,,"100,0%",NaN
2812-Universidad EAN,52891-ESPECIALIZACION EN GOBIERNO Y GERENCIA PUBLICA,Masculino,2012-1,2017,No cotizante,Sin información,1,0,,"0,0%",NaN
2812-Universidad EAN,52891-ESPECIALIZACION EN GOBIERNO Y GERENCIA PUBLICA,Masculino,2012-1,2018,Dependiente,"Actividades profesionales, científicas y técnicas",3,3,,"100,0%",NaN
2812-Universidad EAN,52891-ESPECIALIZACION EN GOBIERNO Y GERENCIA PUBLICA,Masculino,2012-1,2018,No cotizante,Sin información,1,0,,"0,0%",NaN
2812-Universidad EAN,52891-ESPECIALIZACION EN GOBIERNO Y GERENCIA PUBLICA,Masculino,2012-1,2019,Dependiente,"Actividades profesionales, científicas y técnicas",2,2,,"100,0%",NaN
2812-Universidad EAN,52891-ESPECIALIZACION EN GOBIERNO Y GERENCIA PUBLICA,Masculino,2012-1,2019,Independiente,"Actividades profesionales, científicas y técnicas",1,1,,"100,0%",NaN
2812-Universidad EAN,52891-ESPECIALIZACION EN GOBIERNO Y GERENCIA PUBLICA,Masculino,2012-1,2019,No cotizante,Sin información,1,0,,"0,0%",NaN
2812-Universidad EAN,52891-ESPECIALIZACION EN GOBIERNO Y GERENCIA PUBLICA,Masculino,2012-1,2020,Dependiente,"Actividades profesionales, científicas y técnicas",1,1,,"100,0%",NaN
2812-Universidad EAN,52891-ESPECIALIZACION EN GOBIERNO Y GERENCIA PUBLICA,Masculino,2012-1,2020,Dependiente,Administración pública y defensa; planes de seguridad social de afiliación obligatoria,2,2,,"100,0%",NaN
2812-Universidad EAN,52891-ESPECIALIZACION EN GOBIERNO Y GERENCIA PUBLICA,Masculino,2012-1,2020,No cotizante,Sin información,1,0,,"0,0%",NaN
2812-Universidad EAN,52891-ESPECIALIZACION EN GOBIERNO Y GERENCIA PUBLICA,Masculino,2012-1,2021,Dependiente,"Actividades profesionales, científicas y técnicas",1,1,,"100,0%",NaN
2812-Universidad EAN,52891-ESPECIALIZACION EN GOBIERNO Y GERENCIA PUBLICA,Masculino,2012-1,2021,Dependiente,Administración pública y defensa; planes de seguridad social de afiliación obligatoria,2,2,,"100,0%",NaN
2812-Universidad EAN,52891-ESPECIALIZACION EN GOBIERNO Y GERENCIA PUBLICA,Masculino,2012-1,2021,No cotizante,Sin información,1,0,,"0,0%",NaN
2812-Universidad EAN,52891-ESPECIALIZACION EN GOBIERNO Y GERENCIA PUBLICA,Masculino,2012-1,2022,Dependiente,"Actividades profesionales, científicas y técnicas",1,1,,"100,0%",NaN
2812-Universidad EAN,52891-ESPECIALIZACION EN GOBIERNO Y GERENCIA PUBLICA,Masculino,2012-1,2022,Dependiente,Administración pública y defensa; planes de seguridad social de afiliación obligatoria,2,2,,"100,0%",NaN
2812-Universidad EAN,52891-ESPECIALIZACION EN GOBIERNO Y GERENCIA PUBLICA,Masculino,2012-1,2022,No cotizante,SIN DATO,1,0,,"0,0%",NaN
2812-Universidad EAN,52891-ESPECIALIZACION EN GOBIERNO Y GERENCIA PUBLICA,Masculino,2012-1,2023,Dependiente,Actividades de servicios administrativos y de apoyo,1,1,,"100,0%",NaN
2812-Universidad EAN,52891-ESPECIALIZACION EN GOBIERNO Y GERENCIA PUBLICA,Masculino,2012-1,2023,Dependiente,Administración pública y defensa; planes de seguridad social de afiliación obligatoria,2,2,,"100,0%",NaN
2812-Universidad EAN,52891-ESPECIALIZACION EN GOBIERNO Y GERENCIA PUBLICA,Masculino,2012-1,2023,No cotizante,SIN DATO,1,0,,"0,0%",NaN
2812-Universidad EAN,52983-NEGOCIOS INTERNACIONALES,Femenino,2012-1,2016,Dependiente,Información y comunicaciones,1,1,,"100,0%",$4.518.000
2812-Universidad EAN,52983-NEGOCIOS INTERNACIONALES,Femenino,2012-1,2016,Independiente,"Actividades profesionales, científicas y técnicas",1,1,,"100,0%",NaN
2812-Universidad EAN,52983-NEGOCIOS INTERNACIONALES,Femenino,2012-1,2017,Dependiente,"Actividades profesionales, científicas y técnicas",2,2,,"100,0%",NaN
2812-Universidad EAN,52983-NEGOCIOS INTERNACIONALES,Femenino,2012-1,2018,Dependiente,"Actividades profesionales, científicas y técnicas",2,2,,"100,0%",NaN
2812-Universidad EAN,52983-NEGOCIOS INTERNACIONALES,Femenino,2012-1,2019,Dependiente,"Actividades profesionales, científicas y técnicas",2,2,,"100,0%",NaN
2812-Universidad EAN,52983-NEGOCIOS INTERNACIONALES,Femenino,2012-1,2020,Dependiente,"Actividades profesionales, científicas y técnicas",2,2,,"100,0%",NaN
2812-Universidad EAN,52983-NEGOCIOS INTERNACIONALES,Femenino,2012-1,2021,Dependiente,"Actividades profesionales, científicas y técnicas",2,2,,"100,0%",NaN
2812-Universidad EAN,52983-NEGOCIOS INTERNACIONALES,Femenino,2012-1,2022,Dependiente,"Actividades profesionales, científicas y técnicas",2,2,,"100,0%",NaN
2812-Universidad EAN,52983-NEGOCIOS INTERNACIONALES,Femenino,2012-1,2023,Dependiente,"Actividades profesionales, científicas y técnicas",2,2,,"100,0%",NaN
1204-Universidad Industrial de Santander,683-TECNOLOGIA EMPRESARIAL,Femenino,2012-1,2016,Dependiente,Actividades de atención de la salud humana y de asistencia social,2,2,,"100,0%",$999.000
1204-Universidad Industrial de Santander,683-TECNOLOGIA EMPRESARIAL,Femenino,2012-1,2016,Dependiente,Actividades de servicios administrativos y de apoyo,2,2,,"100,0%",$1.966.000
1204-Universidad Industrial de Santander,683-TECNOLOGIA EMPRESARIAL,Femenino,2012-1,2016,Dependiente,Actividades financieras y de seguros,5,5,,"100,0%",$1.924.200
1204-Universidad Industrial de Santander,683-TECNOLOGIA EMPRESARIAL,Femenino,2012-1,2016,Dependiente,"Actividades profesionales, científicas y técnicas",1,1,,"100,0%",$752.308
1204-Universidad Industrial de Santander,683-TECNOLOGIA EMPRESARIAL,Femenino,2012-1,2016,Dependiente,Administración pública y defensa; planes de seguridad social de afiliación obligatoria,1,1,,"100,0%",$1.376.000
1204-Universidad Industrial de Santander,683-TECNOLOGIA EMPRESARIAL,Femenino,2012-1,2016,Dependiente,"Agricultura, ganadería, caza, silvicultura y pesca",1,1,,"100,0%",$689.455
1204-Universidad Industrial de Santander,683-TECNOLOGIA EMPRESARIAL,Femenino,2012-1,2016,Dependiente,Comercio al por mayor y al por menor; reparación de vehículos automotores y motocicletas,1,1,,"100,0%",$1.911.000
1204-Universidad Industrial de Santander,683-TECNOLOGIA EMPRESARIAL,Femenino,2012-1,2016,Dependiente,Construccion,2,2,,"100,0%",$1.310.500
1204-Universidad Industrial de Santander,683-TECNOLOGIA EMPRESARIAL,Femenino,2012-1,2016,Dependiente,Industrias manufactureras,4,4,,"100,0%",$1.467.000
1204-Universidad Industrial de Santander,683-TECNOLOGIA EMPRESARIAL,Femenino,2012-1,2016,Dependiente,Información y comunicaciones,3,3,,"100,0%",$1.019.667
1204-Universidad Industrial de Santander,683-TECNOLOGIA EMPRESARIAL,Femenino,2012-1,2016,Dependiente,Otras actividades de servicios,2,2,,"100,0%",$689.478
1204-Universidad Industrial de Santander,683-TECNOLOGIA EMPRESARIAL,Femenino,2012-1,2016,Dependiente,Sin información,2,2,,"100,0%",$1.994.500
1204-Universidad Industrial de Santander,683-TECNOLOGIA EMPRESARIAL,Femenino,2012-1,2016,Independiente,"Agricultura, ganadería, caza, silvicultura y pesca",1,1,,"100,0%",NaN
1204-Universidad Industrial de Santander,683-TECNOLOGIA EMPRESARIAL,Femenino,2012-1,2016,Independiente,Construccion,1,1,,"100,0%",NaN
1204-Universidad Industrial de Santander,683-TECNOLOGIA EMPRESARIAL,Femenino,2012-1,2016,Independiente,Educación,2,2,,"100,0%",NaN
1204-Universidad Industrial de Santander,683-TECNOLOGIA EMPRESARIAL,Femenino,2012-1,2016,Independiente,Información y comunicaciones,1,1,,"100,0%",NaN
1204-Universidad Industrial de Santander,683-TECNOLOGIA EMPRESARIAL,Femenino,2012-1,2016,Independiente,Sin información,2,2,,"100,0%",NaN
1204-Universidad Industrial de Santander,683-TECNOLOGIA EMPRESARIAL,Femenino,2012-1,2016,No cotizante,Sin información,10,0,,"0,0%",NaN
1204-Universidad Industrial de Santander,683-TECNOLOGIA EMPRESARIAL,Femenino,2012-1,2017,Dependiente,Actividades financieras y de seguros,4,4,,"100,0%",NaN
1204-Universidad Industrial de Santander,683-TECNOLOGIA EMPRESARIAL,Femenino,2012-1,2017,Dependiente,"Actividades profesionales, científicas y técnicas",1,1,,"100,0%",NaN
1204-Universidad Industrial de Santander,683-TECNOLOGIA EMPRESARIAL,Femenino,2012-1,2017,Dependiente,Administración pública y defensa; planes de seguridad social de afiliación obligatoria,1,1,,"100,0%",NaN
1204-Universidad Industrial de Santander,683-TECNOLOGIA EMPRESARIAL,Femenino,2012-1,2017,Dependiente,"Agricultura, ganadería, caza, silvicultura y pesca",2,2,,"100,0%",NaN
1204-Universidad Industrial de Santander,683-TECNOLOGIA EMPRESARIAL,Femenino,2012-1,2017,Dependiente,Comercio al por mayor y al por menor; reparación de vehículos automotores y motocicletas,1,1,,"100,0%",NaN
1204-Universidad Industrial de Santander,683-TECNOLOGIA EMPRESARIAL,Femenino,2012-1,2017,Dependiente,Construccion,3,3,,"100,0%",NaN
1204-Universidad Industrial de Santander,683-TECNOLOGIA EMPRESARIAL,Femenino,2012-1,2017,Dependiente,Explotación de minas y canteras,1,1,,"100,0%",NaN
1204-Universidad Industrial de Santander,683-TECNOLOGIA EMPRESARIAL,Femenino,2012-1,2017,Dependiente,Industrias manufactureras,2,2,,"100,0%",NaN
1204-Universidad Industrial de Santander,683-TECNOLOGIA EMPRESARIAL,Femenino,2012-1,2017,Dependiente,Información y comunicaciones,1,1,,"100,0%",NaN
1204-Universidad Industrial de Santander,683-TECNOLOGIA EMPRESARIAL,Femenino,2012-1,2017,Dependiente,Otras actividades de servicios,1,1,,"100,0%",NaN
1204-Universidad Industrial de Santander,683-TECNOLOGIA EMPRESARIAL,Femenino,2012-1,2017,Dependiente,Sin información,6,6,,"100,0%",NaN
1204-Universidad Industrial de Santander,683-TECNOLOGIA EMPRESARIAL,Femenino,2012-1,2017,Dependiente,Transporte y almacenamiento,1,1,,"100,0%",NaN
1204-Universidad Industrial de Santander,683-TECNOLOGIA EMPRESARIAL,Femenino,2012-1,2017,Independiente,"Actividades profesionales, científicas y técnicas",1,1,,"100,0%",NaN
1204-Universidad Industrial de Santander,683-TECNOLOGIA EMPRESARIAL,Femenino,2012-1,2017,Independiente,"Agricultura, ganadería, caza, silvicultura y pesca",1,1,,"100,0%",NaN
1204-Universidad Industrial de Santander,683-TECNOLOGIA EMPRESARIAL,Femenino,2012-1,2017,Independiente,Comercio al por mayor y al por menor; reparación de vehículos automotores y motocicletas,1,1,,"100,0%",NaN
1204-Universidad Industrial de Santander,683-TECNOLOGIA EMPRESARIAL,Femenino,2012-1,2017,Independiente,Educación,1,1,,"100,0%",NaN
1204-Universidad Industrial de Santander,683-TECNOLOGIA EMPRESARIAL,Femenino,2012-1,2017,Independiente,Sin información,2,2,,"100,0%",NaN
1204-Universidad Industrial de Santander,683-TECNOLOGIA EMPRESARIAL,Femenino,2012-1,2017,No cotizante,Sin información,10,0,,"0,0%",NaN
1204-Universidad Industrial de Santander,683-TECNOLOGIA EMPRESARIAL,Femenino,2012-1,2018,Dependiente,Actividades de servicios administrativos y de apoyo,2,2,,"100,0%",NaN
1204-Universidad Industrial de Santander,683-TECNOLOGIA EMPRESARIAL,Femenino,2012-1,2018,Dependiente,Actividades financieras y de seguros,4,4,,"100,0%",NaN
1204-Universidad Industrial de Santander,683-TECNOLOGIA EMPRESARIAL,Femenino,2012-1,2018,Dependiente,"Actividades profesionales, científicas y técnicas",1,1,,"100,0%",NaN
1204-Universidad Industrial de Santander,683-TECNOLOGIA EMPRESARIAL,Femenino,2012-1,2018,Dependiente,Administración pública y defensa; planes de seguridad social de afiliación obligatoria,2,2,,"100,0%",NaN
1204-Universidad Industrial de Santander,683-TECNOLOGIA EMPRESARIAL,Femenino,2012-1,2018,Dependiente,"Agricultura, ganadería, caza, silvicultura y pesca",2,2,,"100,0%",NaN
1204-Universidad Industrial de Santander,683-TECNOLOGIA EMPRESARIAL,Femenino,2012-1,2018,Dependiente,Construccion,3,3,,"100,0%",NaN
1204-Universidad Industrial de Santander,683-TECNOLOGIA EMPRESARIAL,Femenino,2012-1,2018,Dependiente,Explotación de minas y canteras,1,1,,"100,0%",NaN
1204-Universidad Industrial de Santander,683-TECNOLOGIA EMPRESARIAL,Femenino,2012-1,2018,Dependiente,Industrias manufactureras,2,2,,"100,0%",NaN
1204-Universidad Industrial de Santander,683-TECNOLOGIA EMPRESARIAL,Femenino,2012-1,2018,Dependiente,Otras actividades de servicios,1,1,,"100,0%",NaN
1204-Universidad Industrial de Santander,683-TECNOLOGIA EMPRESARIAL,Femenino,2012-1,2018,Dependiente,Sin información,3,3,,"100,0%",NaN
1204-Universidad Industrial de Santander,683-TECNOLOGIA EMPRESARIAL,Femenino,2012-1,2018,Dependiente,Transporte y almacenamiento,1,1,,"100,0%",NaN
1204-Universidad Industrial de Santander,683-TECNOLOGIA EMPRESARIAL,Femenino,2012-1,2018,Independiente,"Agricultura, ganadería, caza, silvicultura y pesca",1,1,,"100,0%",NaN
1204-Universidad Industrial de Santander,683-TECNOLOGIA EMPRESARIAL,Femenino,2012-1,2018,Independiente,Comercio al por mayor y al por menor; reparación de vehículos automotores y motocicletas,1,1,,"100,0%",NaN
1204-Universidad Industrial de Santander,683-TECNOLOGIA EMPRESARIAL,Femenino,2012-1,2018,Independiente,Educación,1,1,,"100,0%",NaN
1204-Universidad Industrial de Santander,683-TECNOLOGIA EMPRESARIAL,Femenino,2012-1,2018,Independiente,Sin información,4,4,,"100,0%",NaN
1204-Universidad Industrial de Santander,683-TECNOLOGIA EMPRESARIAL,Femenino,2012-1,2018,No cotizante,Sin información,10,0,,"0,0%",NaN
1204-Universidad Industrial de Santander,683-TECNOLOGIA EMPRESARIAL,Femenino,2012-1,2019,Dependiente,"Actividades artísticas, de entretenimiento y recreación",1,1,,"100,0%",NaN
1204-Universidad Industrial de Santander,683-TECNOLOGIA EMPRESARIAL,Femenino,2012-1,2019,Dependiente,Actividades de servicios administrativos y de apoyo,2,2,,"100,0%",NaN
1204-Universidad Industrial de Santander,683-TECNOLOGIA EMPRESARIAL,Femenino,2012-1,2019,Dependiente,Actividades financieras y de seguros,4,4,,"100,0%",NaN
1204-Universidad Industrial de Santander,683-TECNOLOGIA EMPRESARIAL,Femenino,2012-1,2019,Dependiente,Administración pública y defensa; planes de seguridad social de afiliación obligatoria,4,4,,"100,0%",NaN
1204-Universidad Industrial de Santander,683-TECNOLOGIA EMPRESARIAL,Femenino,2012-1,2019,Dependiente,"Agricultura, ganadería, caza, silvicultura y pesca",2,2,,"100,0%",NaN
1204-Universidad Industrial de Santander,683-TECNOLOGIA EMPRESARIAL,Femenino,2012-1,2019,Dependiente,Construccion,1,1,,"100,0%",NaN
1204-Universidad Industrial de Santander,683-TECNOLOGIA EMPRESARIAL,Femenino,2012-1,2019,Dependiente,Explotación de minas y canteras,1,1,,"100,0%",NaN
1204-Universidad Industrial de Santander,683-TECNOLOGIA EMPRESARIAL,Femenino,2012-1,2019,Dependiente,Industrias manufactureras,2,2,,"100,0%",NaN
1204-Universidad Industrial de Santander,683-TECNOLOGIA EMPRESARIAL,Femenino,2012-1,2019,Dependiente,Otras actividades de servicios,3,3,,"100,0%",NaN
1204-Universidad Industrial de Santander,683-TECNOLOGIA EMPRESARIAL,Femenino,2012-1,2019,Dependiente,Sin información,1,1,,"100,0%",NaN
1204-Universidad Industrial de Santander,683-TECNOLOGIA EMPRESARIAL,Femenino,2012-1,2019,Dependiente,Transporte y almacenamiento,1,1,,"100,0%",NaN
1204-Universidad Industrial de Santander,683-TECNOLOGIA EMPRESARIAL,Femenino,2012-1,2019,Independiente,Administración pública y defensa; planes de seguridad social de afiliación obligatoria,4,4,,"100,0%",NaN
1204-Universidad Industrial de Santander,683-TECNOLOGIA EMPRESARIAL,Femenino,2012-1,2019,Independiente,"Agricultura, ganadería, caza, silvicultura y pesca",1,1,,"100,0%",NaN
1204-Universidad Industrial de Santander,683-TECNOLOGIA EMPRESARIAL,Femenino,2012-1,2019,Independiente,Educación,1,1,,"100,0%",NaN
1204-Universidad Industrial de Santander,683-TECNOLOGIA EMPRESARIAL,Femenino,2012-1,2019,No cotizante,Sin información,11,0,,"0,0%",NaN
1204-Universidad Industrial de Santander,683-TECNOLOGIA EMPRESARIAL,Femenino,2012-1,2020,Dependiente,"Actividades artísticas, de entretenimiento y recreación",2,2,,"100,0%",NaN
1204-Universidad Industrial de Santander,683-TECNOLOGIA EMPRESARIAL,Femenino,2012-1,2020,Dependiente,Actividades de servicios administrativos y de apoyo,3,3,,"100,0%",NaN
1204-Universidad Industrial de Santander,683-TECNOLOGIA EMPRESARIAL,Femenino,2012-1,2020,Dependiente,Actividades financieras y de seguros,4,4,,"100,0%",NaN
1204-Universidad Industrial de Santander,683-TECNOLOGIA EMPRESARIAL,Femenino,2012-1,2020,Dependiente,Administración pública y defensa; planes de seguridad social de afiliación obligatoria,2,2,,"100,0%",NaN
1204-Universidad Industrial de Santander,683-TECNOLOGIA EMPRESARIAL,Femenino,2012-1,2020,Dependiente,"Agricultura, ganadería, caza, silvicultura y pesca",1,1,,"100,0%",NaN
1204-Universidad Industrial de Santander,683-TECNOLOGIA EMPRESARIAL,Femenino,2012-1,2020,Dependiente,Comercio al por mayor y al por menor; reparación de vehículos automotores y motocicletas,3,3,,"100,0%",NaN
1204-Universidad Industrial de Santander,683-TECNOLOGIA EMPRESARIAL,Femenino,2012-1,2020,Dependiente,Explotación de minas y canteras,1,1,,"100,0%",NaN
1204-Universidad Industrial de Santander,683-TECNOLOGIA EMPRESARIAL,Femenino,2012-1,2020,Dependiente,Industrias manufactureras,3,3,,"100,0%",NaN
1204-Universidad Industrial de Santander,683-TECNOLOGIA EMPRESARIAL,Femenino,2012-1,2020,Dependiente,Otras actividades de servicios,3,3,,"100,0%",NaN
1204-Universidad Industrial de Santander,683-TECNOLOGIA EMPRESARIAL,Femenino,2012-1,2020,Dependiente,Transporte y almacenamiento,1,1,,"100,0%",NaN
1204-Universidad Industrial de Santander,683-TECNOLOGIA EMPRESARIAL,Femenino,2012-1,2020,Independiente,Actividades de servicios administrativos y de apoyo,2,2,,"100,0%",NaN
1204-Universidad Industrial de Santander,683-TECNOLOGIA EMPRESARIAL,Femenino,2012-1,2020,Independiente,Administración pública y defensa; planes de seguridad social de afiliación obligatoria,2,2,,"100,0%",NaN
1204-Universidad Industrial de Santander,683-TECNOLOGIA EMPRESARIAL,Femenino,2012-1,2020,Independiente,"Agricultura, ganadería, caza, silvicultura y pesca",1,1,,"100,0%",NaN
1204-Universidad Industrial de Santander,683-TECNOLOGIA EMPRESARIAL,Femenino,2012-1,2020,No cotizante,Sin información,9,0,,"0,0%",NaN
1204-Universidad Industrial de Santander,683-TECNOLOGIA EMPRESARIAL,Femenino,2012-1,2021,Dependiente,Actividades de servicios administrativos y de apoyo,1,1,,"100,0%",NaN
1204-Universidad Industrial de Santander,683-TECNOLOGIA EMPRESARIAL,Femenino,2012-1,2021,Dependiente,Actividades financieras y de seguros,3,3,,"100,0%",NaN
1204-Universidad Industrial de Santander,683-TECNOLOGIA EMPRESARIAL,Femenino,2012-1,2021,Dependiente,"Actividades profesionales, científicas y técnicas",2,2,,"100,0%",NaN
1204-Universidad Industrial de Santander,683-TECNOLOGIA EMPRESARIAL,Femenino,2012-1,2021,Dependiente,Administración pública y defensa; planes de seguridad social de afiliación obligatoria,1,1,,"100,0%",NaN
1204-Universidad Industrial de Santander,683-TECNOLOGIA EMPRESARIAL,Femenino,2012-1,2021,Dependiente,"Agricultura, ganadería, caza, silvicultura y pesca",2,2,,"100,0%",NaN
1204-Universidad Industrial de Santander,683-TECNOLOGIA EMPRESARIAL,Femenino,2012-1,2021,Dependiente,Comercio al por mayor y al por menor; reparación de vehículos automotores y motocicletas,2,2,,"100,0%",NaN
1204-Universidad Industrial de Santander,683-TECNOLOGIA EMPRESARIAL,Femenino,2012-1,2021,Dependiente,Construccion,2,2,,"100,0%",NaN
1204-Universidad Industrial de Santander,683-TECNOLOGIA EMPRESARIAL,Femenino,2012-1,2021,Dependiente,Explotación de minas y canteras,1,1,,"100,0%",NaN
1204-Universidad Industrial de Santander,683-TECNOLOGIA EMPRESARIAL,Femenino,2012-1,2021,Dependiente,Industrias manufactureras,4,4,,"100,0%",NaN
1204-Universidad Industrial de Santander,683-TECNOLOGIA EMPRESARIAL,Femenino,2012-1,2021,Dependiente,Otras actividades de servicios,2,2,,"100,0%",NaN
1204-Universidad Industrial de Santander,683-TECNOLOGIA EMPRESARIAL,Femenino,2012-1,2021,Dependiente,Transporte y almacenamiento,1,1,,"100,0%",NaN
1204-Universidad Industrial de Santander,683-TECNOLOGIA EMPRESARIAL,Femenino,2012-1,2021,Independiente,Actividades de servicios administrativos y de apoyo,1,1,,"100,0%",NaN
1204-Universidad Industrial de Santander,683-TECNOLOGIA EMPRESARIAL,Femenino,2012-1,2021,Independiente,"Actividades profesionales, científicas y técnicas",1,1,,"100,0%",NaN
1204-Universidad Industrial de Santander,683-TECNOLOGIA EMPRESARIAL,Femenino,2012-1,2021,Independiente,Administración pública y defensa; planes de seguridad social de afiliación obligatoria,2,2,,"100,0%",NaN
1204-Universidad Industrial de Santander,683-TECNOLOGIA EMPRESARIAL,Femenino,2012-1,2021,Independiente,"Agricultura, ganadería, caza, silvicultura y pesca",1,1,,"100,0%",NaN
1204-Universidad Industrial de Santander,683-TECNOLOGIA EMPRESARIAL,Femenino,2012-1,2021,Independiente,Alojamiento y servicios de comida,1,1,,"100,0%",NaN
1204-Universidad Industrial de Santander,683-TECNOLOGIA EMPRESARIAL,Femenino,2012-1,2021,Independiente,Comercio al por mayor y al por menor; reparación de vehículos automotores y motocicletas,1,1,,"100,0%",NaN
1204-Universidad Industrial de Santander,683-TECNOLOGIA EMPRESARIAL,Femenino,2012-1,2021,No cotizante,Sin información,8,0,,"0,0%",NaN
1204-Universidad Industrial de Santander,683-TECNOLOGIA EMPRESARIAL,Femenino,2012-1,2022,Dependiente,Actividades de servicios administrativos y de apoyo,2,2,,"100,0%",NaN
1204-Universidad Industrial de Santander,683-TECNOLOGIA EMPRESARIAL,Femenino,2012-1,2022,Dependiente,Actividades financieras y de seguros,3,3,,"100,0%",NaN
1204-Universidad Industrial de Santander,683-TECNOLOGIA EMPRESARIAL,Femenino,2012-1,2022,Dependiente,Administración pública y defensa; planes de seguridad social de afiliación obligatoria,1,1,,"100,0%",NaN
1204-Universidad Industrial de Santander,683-TECNOLOGIA EMPRESARIAL,Femenino,2012-1,2022,Dependiente,"Agricultura, ganadería, caza, silvicultura y pesca",2,2,,"100,0%",NaN
1204-Universidad Industrial de Santander,683-TECNOLOGIA EMPRESARIAL,Femenino,2012-1,2022,Dependiente,Construccion,2,2,,"100,0%",NaN
1204-Universidad Industrial de Santander,683-TECNOLOGIA EMPRESARIAL,Femenino,2012-1,2022,Dependiente,Explotación de minas y canteras,1,1,,"100,0%",NaN
1204-Universidad Industrial de Santander,683-TECNOLOGIA EMPRESARIAL,Femenino,2012-1,2022,Dependiente,Industrias manufactureras,4,4,,"100,0%",NaN
1204-Universidad Industrial de Santander,683-TECNOLOGIA EMPRESARIAL,Femenino,2012-1,2022,Dependiente,Información y comunicaciones,2,2,,"100,0%",NaN
1204-Universidad Industrial de Santander,683-TECNOLOGIA EMPRESARIAL,Femenino,2012-1,2022,Dependiente,Otras actividades de servicios,2,2,,"100,0%",NaN
1204-Universidad Industrial de Santander,683-TECNOLOGIA EMPRESARIAL,Femenino,2012-1,2022,Dependiente,Transporte y almacenamiento,1,1,,"100,0%",NaN
1204-Universidad Industrial de Santander,683-TECNOLOGIA EMPRESARIAL,Femenino,2012-1,2022,Independiente,Actividades de servicios administrativos y de apoyo,1,1,,"100,0%",NaN
1204-Universidad Industrial de Santander,683-TECNOLOGIA EMPRESARIAL,Femenino,2012-1,2022,Independiente,"Actividades profesionales, científicas y técnicas",2,2,,"100,0%",NaN
1204-Universidad Industrial de Santander,683-TECNOLOGIA EMPRESARIAL,Femenino,2012-1,2022,Independiente,Administración pública y defensa; planes de seguridad social de afiliación obligatoria,2,2,,"100,0%",NaN
1204-Universidad Industrial de Santander,683-TECNOLOGIA EMPRESARIAL,Femenino,2012-1,2022,Independiente,"Agricultura, ganadería, caza, silvicultura y pesca",1,1,,"100,0%",NaN
1204-Universidad Industrial de Santander,683-TECNOLOGIA EMPRESARIAL,Femenino,2012-1,2022,No cotizante,SIN DATO,10,0,,"0,0%",NaN
1204-Universidad Industrial de Santander,683-TECNOLOGIA EMPRESARIAL,Femenino,2012-1,2023,Dependiente,Actividades de atención de la salud humana y de asistencia social,1,1,,"100,0%",NaN
1204-Universidad Industrial de Santander,683-TECNOLOGIA EMPRESARIAL,Femenino,2012-1,2023,Dependiente,Actividades de servicios administrativos y de apoyo,1,1,,"100,0%",NaN
1204-Universidad Industrial de Santander,683-TECNOLOGIA EMPRESARIAL,Femenino,2012-1,2023,Dependiente,Actividades financieras y de seguros,3,3,,"100,0%",NaN
1204-Universidad Industrial de Santander,683-TECNOLOGIA EMPRESARIAL,Femenino,2012-1,2023,Dependiente,"Actividades profesionales, científicas y técnicas",1,1,,"100,0%",NaN
1204-Universidad Industrial de Santander,683-TECNOLOGIA EMPRESARIAL,Femenino,2012-1,2023,Dependiente,Administración pública y defensa; planes de seguridad social de afiliación obligatoria,1,1,,"100,0%",NaN
1204-Universidad Industrial de Santander,683-TECNOLOGIA EMPRESARIAL,Femenino,2012-1,2023,Dependiente,"Agricultura, ganadería, caza, silvicultura y pesca",1,1,,"100,0%",NaN
1204-Universidad Industrial de Santander,683-TECNOLOGIA EMPRESARIAL,Femenino,2012-1,2023,Dependiente,Construccion,2,2,,"100,0%",NaN
1204-Universidad Industrial de Santander,683-TECNOLOGIA EMPRESARIAL,Femenino,2012-1,2023,Dependiente,Explotación de minas y canteras,1,1,,"100,0%",NaN
1204-Universidad Industrial de Santander,683-TECNOLOGIA EMPRESARIAL,Femenino,2012-1,2023,Dependiente,Industrias manufactureras,2,2,,"100,0%",NaN
1204-Universidad Industrial de Santander,683-TECNOLOGIA EMPRESARIAL,Femenino,2012-1,2023,Dependiente,Información y comunicaciones,1,1,,"100,0%",NaN
1204-Universidad Industrial de Santander,683-TECNOLOGIA EMPRESARIAL,Femenino,2012-1,2023,Dependiente,Otras actividades de servicios,3,3,,"100,0%",NaN
1204-Universidad Industrial de Santander,683-TECNOLOGIA EMPRESARIAL,Femenino,2012-1,2023,Dependiente,Transporte y almacenamiento,1,1,,"100,0%",NaN
1204-Universidad Industrial de Santander,683-TECNOLOGIA EMPRESARIAL,Femenino,2012-1,2023,Independiente,Actividades de servicios administrativos y de apoyo,1,1,,"100,0%",NaN
1204-Universidad Industrial de Santander,683-TECNOLOGIA EMPRESARIAL,Femenino,2012-1,2023,Independiente,"Actividades profesionales, científicas y técnicas",3,3,,"100,0%",NaN
1204-Universidad Industrial de Santander,683-TECNOLOGIA EMPRESARIAL,Femenino,2012-1,2023,Independiente,Administración pública y defensa; planes de seguridad social de afiliación obligatoria,2,2,,"100,0%",NaN
1204-Universidad Industrial de Santander,683-TECNOLOGIA EMPRESARIAL,Femenino,2012-1,2023,Independiente,"Agricultura, ganadería, caza, silvicultura y pesca",1,1,,"100,0%",NaN
1204-Universidad Industrial de Santander,683-TECNOLOGIA EMPRESARIAL,Femenino,2012-1,2023,No cotizante,SIN DATO,9,0,,"0,0%",NaN
1204-Universidad Industrial de Santander,683-TECNOLOGIA EMPRESARIAL,Masculino,2012-1,2016,Dependiente,Actividades financieras y de seguros,4,4,,"100,0%",$1.631.250
1204-Universidad Industrial de Santander,683-TECNOLOGIA EMPRESARIAL,Masculino,2012-1,2016,Dependiente,"Actividades profesionales, científicas y técnicas",1,1,,"100,0%",$2.238.000
1204-Universidad Industrial de Santander,683-TECNOLOGIA EMPRESARIAL,Masculino,2012-1,2016,Dependiente,Comercio al por mayor y al por menor; reparación de vehículos automotores y motocicletas,1,1,,"100,0%",$1.901.000
1204-Universidad Industrial de Santander,683-TECNOLOGIA EMPRESARIAL,Masculino,2012-1,2016,Dependiente,Educación,1,1,,"100,0%",$689.455
1204-Universidad Industrial de Santander,683-TECNOLOGIA EMPRESARIAL,Masculino,2012-1,2016,Dependiente,Industrias manufactureras,1,1,,"100,0%",$793.000
1204-Universidad Industrial de Santander,683-TECNOLOGIA EMPRESARIAL,Masculino,2012-1,2016,Dependiente,Otras actividades de servicios,1,1,,"100,0%",$2.238.000
1204-Universidad Industrial de Santander,683-TECNOLOGIA EMPRESARIAL,Masculino,2012-1,2016,Dependiente,Sin información,2,2,,"100,0%",$689.455
1204-Universidad Industrial de Santander,683-TECNOLOGIA EMPRESARIAL,Masculino,2012-1,2016,Independiente,Sin información,1,1,,"100,0%",NaN
1204-Universidad Industrial de Santander,683-TECNOLOGIA EMPRESARIAL,Masculino,2012-1,2016,No cotizante,Sin información,4,0,,"0,0%",NaN
1204-Universidad Industrial de Santander,683-TECNOLOGIA EMPRESARIAL,Masculino,2012-1,2017,Dependiente,Actividades de servicios administrativos y de apoyo,1,1,,"100,0%",NaN
1204-Universidad Industrial de Santander,683-TECNOLOGIA EMPRESARIAL,Masculino,2012-1,2017,Dependiente,Actividades financieras y de seguros,3,3,,"100,0%",NaN
1204-Universidad Industrial de Santander,683-TECNOLOGIA EMPRESARIAL,Masculino,2012-1,2017,Dependiente,"Actividades profesionales, científicas y técnicas",2,2,,"100,0%",NaN
1204-Universidad Industrial de Santander,683-TECNOLOGIA EMPRESARIAL,Masculino,2012-1,2017,Dependiente,Comercio al por mayor y al por menor; reparación de vehículos automotores y motocicletas,2,2,,"100,0%",NaN
1204-Universidad Industrial de Santander,683-TECNOLOGIA EMPRESARIAL,Masculino,2012-1,2017,Dependiente,Educación,1,1,,"100,0%",NaN
1204-Universidad Industrial de Santander,683-TECNOLOGIA EMPRESARIAL,Masculino,2012-1,2017,Dependiente,Industrias manufactureras,1,1,,"100,0%",NaN
1204-Universidad Industrial de Santander,683-TECNOLOGIA EMPRESARIAL,Masculino,2012-1,2017,Dependiente,Otras actividades de servicios,1,1,,"100,0%",NaN
1204-Universidad Industrial de Santander,683-TECNOLOGIA EMPRESARIAL,Masculino,2012-1,2017,Dependiente,Sin información,1,1,,"100,0%",NaN
1204-Universidad Industrial de Santander,683-TECNOLOGIA EMPRESARIAL,Masculino,2012-1,2017,Dependiente,Transporte y almacenamiento,2,2,,"100,0%",NaN
1204-Universidad Industrial de Santander,683-TECNOLOGIA EMPRESARIAL,Masculino,2012-1,2017,No cotizante,Sin información,2,0,,"0,0%",NaN
1204-Universidad Industrial de Santander,683-TECNOLOGIA EMPRESARIAL,Masculino,2012-1,2018,Dependiente,Actividades de servicios administrativos y de apoyo,1,1,,"100,0%",NaN
1204-Universidad Industrial de Santander,683-TECNOLOGIA EMPRESARIAL,Masculino,2012-1,2018,Dependiente,Actividades financieras y de seguros,3,3,,"100,0%",NaN
1204-Universidad Industrial de Santander,683-TECNOLOGIA EMPRESARIAL,Masculino,2012-1,2018,Dependiente,"Actividades profesionales, científicas y técnicas",1,1,,"100,0%",NaN
1204-Universidad Industrial de Santander,683-TECNOLOGIA EMPRESARIAL,Masculino,2012-1,2018,Dependiente,Comercio al por mayor y al por menor; reparación de vehículos automotores y motocicletas,1,1,,"100,0%",NaN
1204-Universidad Industrial de Santander,683-TECNOLOGIA EMPRESARIAL,Masculino,2012-1,2018,Dependiente,Educación,1,1,,"100,0%",NaN
1204-Universidad Industrial de Santander,683-TECNOLOGIA EMPRESARIAL,Masculino,2012-1,2018,Dependiente,Otras actividades de servicios,1,1,,"100,0%",NaN
1204-Universidad Industrial de Santander,683-TECNOLOGIA EMPRESARIAL,Masculino,2012-1,2018,Dependiente,Sin información,1,1,,"100,0%",NaN
1204-Universidad Industrial de Santander,683-TECNOLOGIA EMPRESARIAL,Masculino,2012-1,2018,Dependiente,Transporte y almacenamiento,1,1,,"100,0%",NaN
1204-Universidad Industrial de Santander,683-TECNOLOGIA EMPRESARIAL,Masculino,2012-1,2018,No cotizante,Sin información,4,0,,"0,0%",NaN
1204-Universidad Industrial de Santander,683-TECNOLOGIA EMPRESARIAL,Masculino,2012-1,2019,Dependiente,Actividades financieras y de seguros,2,2,,"100,0%",NaN
1204-Universidad Industrial de Santander,683-TECNOLOGIA EMPRESARIAL,Masculino,2012-1,2019,Dependiente,"Actividades profesionales, científicas y técnicas",1,1,,"100,0%",NaN
1204-Universidad Industrial de Santander,683-TECNOLOGIA EMPRESARIAL,Masculino,2012-1,2019,Dependiente,Comercio al por mayor y al por menor; reparación de vehículos automotores y motocicletas,1,1,,"100,0%",NaN
1204-Universidad Industrial de Santander,683-TECNOLOGIA EMPRESARIAL,Masculino,2012-1,2019,Independiente,Comercio al por mayor y al por menor; reparación de vehículos automotores y motocicletas,1,1,,"100,0%",NaN
1204-Universidad Industrial de Santander,683-TECNOLOGIA EMPRESARIAL,Masculino,2012-1,2019,No cotizante,Sin información,6,0,,"0,0%",NaN
1204-Universidad Industrial de Santander,683-TECNOLOGIA EMPRESARIAL,Masculino,2012-1,2020,Dependiente,Actividades financieras y de seguros,2,2,,"100,0%",NaN
1204-Universidad Industrial de Santander,683-TECNOLOGIA EMPRESARIAL,Masculino,2012-1,2020,Dependiente,Administración pública y defensa; planes de seguridad social de afiliación obligatoria,1,1,,"100,0%",NaN
1204-Universidad Industrial de Santander,683-TECNOLOGIA EMPRESARIAL,Masculino,2012-1,2020,Dependiente,Comercio al por mayor y al por menor; reparación de vehículos automotores y motocicletas,1,1,,"100,0%",NaN
1204-Universidad Industrial de Santander,683-TECNOLOGIA EMPRESARIAL,Masculino,2012-1,2020,Dependiente,Otras actividades de servicios,1,1,,"100,0%",NaN
1204-Universidad Industrial de Santander,683-TECNOLOGIA EMPRESARIAL,Masculino,2012-1,2020,No cotizante,Sin información,6,0,,"0,0%",NaN
1204-Universidad Industrial de Santander,683-TECNOLOGIA EMPRESARIAL,Masculino,2012-1,2021,Dependiente,Actividades financieras y de seguros,1,1,,"100,0%",NaN
1204-Universidad Industrial de Santander,683-TECNOLOGIA EMPRESARIAL,Masculino,2012-1,2021,Dependiente,Administración pública y defensa; planes de seguridad social de afiliación obligatoria,1,1,,"100,0%",NaN
1204-Universidad Industrial de Santander,683-TECNOLOGIA EMPRESARIAL,Masculino,2012-1,2021,Dependiente,Comercio al por mayor y al por menor; reparación de vehículos automotores y motocicletas,1,1,,"100,0%",NaN
1204-Universidad Industrial de Santander,683-TECNOLOGIA EMPRESARIAL,Masculino,2012-1,2021,Dependiente,Otras actividades de servicios,1,1,,"100,0%",NaN
1204-Universidad Industrial de Santander,683-TECNOLOGIA EMPRESARIAL,Masculino,2012-1,2021,No cotizante,Sin información,6,0,,"0,0%",NaN
1204-Universidad Industrial de Santander,683-TECNOLOGIA EMPRESARIAL,Masculino,2012-1,2022,Dependiente,Actividades de servicios administrativos y de apoyo,1,1,,"100,0%",NaN
1204-Universidad Industrial de Santander,683-TECNOLOGIA EMPRESARIAL,Masculino,2012-1,2022,Dependiente,Actividades financieras y de seguros,1,1,,"100,0%",NaN
1204-Universidad Industrial de Santander,683-TECNOLOGIA EMPRESARIAL,Masculino,2012-1,2022,Dependiente,Administración pública y defensa; planes de seguridad social de afiliación obligatoria,1,1,,"100,0%",NaN
1204-Universidad Industrial de Santander,683-TECNOLOGIA EMPRESARIAL,Masculino,2012-1,2022,Dependiente,Comercio al por mayor y al por menor; reparación de vehículos automotores y motocicletas,1,1,,"100,0%",NaN
1204-Universidad Industrial de Santander,683-TECNOLOGIA EMPRESARIAL,Masculino,2012-1,2022,Dependiente,Otras actividades de servicios,1,1,,"100,0%",NaN
1204-Universidad Industrial de Santander,683-TECNOLOGIA EMPRESARIAL,Masculino,2012-1,2022,Independiente,Comercio al por mayor y al por menor; reparación de vehículos automotores y motocicletas,1,1,,"100,0%",NaN
1204-Universidad Industrial de Santander,683-TECNOLOGIA EMPRESARIAL,Masculino,2012-1,2022,No cotizante,SIN DATO,4,0,,"0,0%",NaN
1204-Universidad Industrial de Santander,683-TECNOLOGIA EMPRESARIAL,Masculino,2012-1,2023,Dependiente,Actividades de servicios administrativos y de apoyo,1,1,,"100,0%",NaN
1204-Universidad Industrial de Santander,683-TECNOLOGIA EMPRESARIAL,Masculino,2012-1,2023,Dependiente,Actividades financieras y de seguros,1,1,,"100,0%",NaN
1204-Universidad Industrial de Santander,683-TECNOLOGIA EMPRESARIAL,Masculino,2012-1,2023,Dependiente,Administración pública y defensa; planes de seguridad social de afiliación obligatoria,1,1,,"100,0%",NaN
1204-Universidad Industrial de Santander,683-TECNOLOGIA EMPRESARIAL,Masculino,2012-1,2023,Dependiente,Otras actividades de servicios,1,1,,"100,0%",NaN
1204-Universidad Industrial de Santander,683-TECNOLOGIA EMPRESARIAL,Masculino,2012-1,2023,Independiente,Comercio al por mayor y al por menor; reparación de vehículos automotores y motocicletas,1,1,,"100,0%",NaN
1204-Universidad Industrial de Santander,683-TECNOLOGIA EMPRESARIAL,Masculino,2012-1,2023,No cotizante,SIN DATO,5,0,,"0,0%",NaN
1735-Universidad Manuela Beltrán - UMB,103645-PSICOLOGIA,Femenino,2012-1,2017,Dependiente,Actividades de servicios administrativos y de apoyo,2,2,,"100,0%",NaN
1735-Universidad Manuela Beltrán - UMB,103645-PSICOLOGIA,Femenino,2012-1,2017,Dependiente,Transporte y almacenamiento,1,1,,"100,0%",NaN
1735-Universidad Manuela Beltrán - UMB,103645-PSICOLOGIA,Femenino,2012-1,2017,Independiente,"Actividades profesionales, científicas y técnicas",1,1,,"100,0%",NaN
1735-Universidad Manuela Beltrán - UMB,103645-PSICOLOGIA,Femenino,2012-1,2018,Dependiente,Actividades de servicios administrativos y de apoyo,1,1,,"100,0%",NaN
1735-Universidad Manuela Beltrán - UMB,103645-PSICOLOGIA,Femenino,2012-1,2018,No cotizante,Sin información,1,0,,"0,0%",NaN
1735-Universidad Manuela Beltrán - UMB,103645-PSICOLOGIA,Femenino,2012-1,2019,No cotizante,Sin información,1,0,,"0,0%",NaN
1735-Universidad Manuela Beltrán - UMB,103645-PSICOLOGIA,Femenino,2012-1,2020,No cotizante,Sin información,1,0,,"0,0%",NaN
1735-Universidad Manuela Beltrán - UMB,103645-PSICOLOGIA,Masculino,2012-1,2017,No cotizante,Sin información,1,0,,"0,0%",NaN
1735-Universidad Manuela Beltrán - UMB,103645-PSICOLOGIA,Masculino,2012-1,2018,No cotizante,Sin información,1,0,,"0,0%",NaN
1735-Universidad Manuela Beltrán - UMB,103645-PSICOLOGIA,Masculino,2012-1,2019,No cotizante,Sin información,1,0,,"0,0%",NaN
1735-Universidad Manuela Beltrán - UMB,103645-PSICOLOGIA,Masculino,2012-1,2020,No cotizante,Sin información,1,0,,"0,0%",NaN
1117-Universidad Militar - Nueva Granada,10963-RELACIONES INTERNACIONALES Y ESTUDIOS POLITICOS,Femenino,2012-1,2016,Dependiente,Administración pública y defensa; planes de seguridad social de afiliación obligatoria,1,1,,"100,0%",$3.004.000
1117-Universidad Militar - Nueva Granada,10963-RELACIONES INTERNACIONALES Y ESTUDIOS POLITICOS,Femenino,2012-1,2016,Dependiente,Comercio al por mayor y al por menor; reparación de vehículos automotores y motocicletas,1,1,,"100,0%",$1.371.000
1117-Universidad Militar - Nueva Granada,10963-RELACIONES INTERNACIONALES Y ESTUDIOS POLITICOS,Femenino,2012-1,2016,Dependiente,Industrias manufactureras,1,1,,"100,0%",$6.300.000
1117-Universidad Militar - Nueva Granada,10963-RELACIONES INTERNACIONALES Y ESTUDIOS POLITICOS,Femenino,2012-1,2016,Dependiente,Transporte y almacenamiento,1,1,,"100,0%",$3.820.000
1117-Universidad Militar - Nueva Granada,10963-RELACIONES INTERNACIONALES Y ESTUDIOS POLITICOS,Femenino,2012-1,2016,No cotizante,Sin información,3,0,,"0,0%",NaN
1117-Universidad Militar - Nueva Granada,10963-RELACIONES INTERNACIONALES Y ESTUDIOS POLITICOS,Femenino,2012-1,2017,Dependiente,Actividades inmobiliarias,1,1,,"100,0%",NaN
1117-Universidad Militar - Nueva Granada,10963-RELACIONES INTERNACIONALES Y ESTUDIOS POLITICOS,Femenino,2012-1,2017,Dependiente,Administración pública y defensa; planes de seguridad social de afiliación obligatoria,1,1,,"100,0%",NaN
1117-Universidad Militar - Nueva Granada,10963-RELACIONES INTERNACIONALES Y ESTUDIOS POLITICOS,Femenino,2012-1,2017,Dependiente,Comercio al por mayor y al por menor; reparación de vehículos automotores y motocicletas,1,1,,"100,0%",NaN
1117-Universidad Militar - Nueva Granada,10963-RELACIONES INTERNACIONALES Y ESTUDIOS POLITICOS,Femenino,2012-1,2017,Dependiente,Otras actividades de servicios,1,1,,"100,0%",NaN
1117-Universidad Militar - Nueva Granada,10963-RELACIONES INTERNACIONALES Y ESTUDIOS POLITICOS,Femenino,2012-1,2017,No cotizante,Sin información,3,0,,"0,0%",NaN
1117-Universidad Militar - Nueva Granada,10963-RELACIONES INTERNACIONALES Y ESTUDIOS POLITICOS,Femenino,2012-1,2018,Dependiente,"Actividades profesionales, científicas y técnicas",1,1,,"100,0%",NaN
1117-Universidad Militar - Nueva Granada,10963-RELACIONES INTERNACIONALES Y ESTUDIOS POLITICOS,Femenino,2012-1,2018,Dependiente,Administración pública y defensa; planes de seguridad social de afiliación obligatoria,1,1,,"100,0%",NaN
1117-Universidad Militar - Nueva Granada,10963-RELACIONES INTERNACIONALES Y ESTUDIOS POLITICOS,Femenino,2012-1,2018,Dependiente,Otras actividades de servicios,1,1,,"100,0%",NaN
1117-Universidad Militar - Nueva Granada,10963-RELACIONES INTERNACIONALES Y ESTUDIOS POLITICOS,Femenino,2012-1,2018,No cotizante,Sin información,4,0,,"0,0%",NaN
1117-Universidad Militar - Nueva Granada,10963-RELACIONES INTERNACIONALES Y ESTUDIOS POLITICOS,Femenino,2012-1,2019,Dependiente,Administración pública y defensa; planes de seguridad social de afiliación obligatoria,1,1,,"100,0%",NaN
1117-Universidad Militar - Nueva Granada,10963-RELACIONES INTERNACIONALES Y ESTUDIOS POLITICOS,Femenino,2012-1,2019,Dependiente,Otras actividades de servicios,1,1,,"100,0%",NaN
1117-Universidad Militar - Nueva Granada,10963-RELACIONES INTERNACIONALES Y ESTUDIOS POLITICOS,Femenino,2012-1,2019,Independiente,"Actividades profesionales, científicas y técnicas",2,2,,"100,0%",NaN
1117-Universidad Militar - Nueva Granada,10963-RELACIONES INTERNACIONALES Y ESTUDIOS POLITICOS,Femenino,2012-1,2019,No cotizante,Sin información,3,0,,"0,0%",NaN
1117-Universidad Militar - Nueva Granada,10963-RELACIONES INTERNACIONALES Y ESTUDIOS POLITICOS,Femenino,2012-1,2020,Dependiente,Educación,1,1,,"100,0%",NaN
1117-Universidad Militar - Nueva Granada,10963-RELACIONES INTERNACIONALES Y ESTUDIOS POLITICOS,Femenino,2012-1,2020,Dependiente,Otras actividades de servicios,1,1,,"100,0%",NaN
1117-Universidad Militar - Nueva Granada,10963-RELACIONES INTERNACIONALES Y ESTUDIOS POLITICOS,Femenino,2012-1,2020,No cotizante,Sin información,4,0,,"0,0%",NaN
1117-Universidad Militar - Nueva Granada,10963-RELACIONES INTERNACIONALES Y ESTUDIOS POLITICOS,Femenino,2012-1,2021,Dependiente,Otras actividades de servicios,1,1,,"100,0%",NaN
1117-Universidad Militar - Nueva Granada,10963-RELACIONES INTERNACIONALES Y ESTUDIOS POLITICOS,Femenino,2012-1,2021,Independiente,"Actividades profesionales, científicas y técnicas",1,1,,"100,0%",NaN
1117-Universidad Militar - Nueva Granada,10963-RELACIONES INTERNACIONALES Y ESTUDIOS POLITICOS,Femenino,2012-1,2021,No cotizante,Sin información,4,0,,"0,0%",NaN
1117-Universidad Militar - Nueva Granada,10963-RELACIONES INTERNACIONALES Y ESTUDIOS POLITICOS,Femenino,2012-1,2022,Dependiente,"Actividades profesionales, científicas y técnicas",1,1,,"100,0%",NaN
1117-Universidad Militar - Nueva Granada,10963-RELACIONES INTERNACIONALES Y ESTUDIOS POLITICOS,Femenino,2012-1,2022,Dependiente,Otras actividades de servicios,1,1,,"100,0%",NaN
1117-Universidad Militar - Nueva Granada,10963-RELACIONES INTERNACIONALES Y ESTUDIOS POLITICOS,Femenino,2012-1,2022,Independiente,"Actividades profesionales, científicas y técnicas",1,1,,"100,0%",NaN
1117-Universidad Militar - Nueva Granada,10963-RELACIONES INTERNACIONALES Y ESTUDIOS POLITICOS,Femenino,2012-1,2022,No cotizante,SIN DATO,3,0,,"0,0%",NaN
1117-Universidad Militar - Nueva Granada,10963-RELACIONES INTERNACIONALES Y ESTUDIOS POLITICOS,Femenino,2012-1,2023,Dependiente,"Actividades profesionales, científicas y técnicas",1,1,,"100,0%",NaN
1117-Universidad Militar - Nueva Granada,10963-RELACIONES INTERNACIONALES Y ESTUDIOS POLITICOS,Femenino,2012-1,2023,Dependiente,Transporte y almacenamiento,1,1,,"100,0%",NaN
1117-Universidad Militar - Nueva Granada,10963-RELACIONES INTERNACIONALES Y ESTUDIOS POLITICOS,Femenino,2012-1,2023,No cotizante,SIN DATO,4,0,,"0,0%",NaN
1117-Universidad Militar - Nueva Granada,10963-RELACIONES INTERNACIONALES Y ESTUDIOS POLITICOS,Masculino,2012-1,2016,Dependiente,"Actividades profesionales, científicas y técnicas",1,1,,"100,0%",$1.991.000
1117-Universidad Militar - Nueva Granada,10963-RELACIONES INTERNACIONALES Y ESTUDIOS POLITICOS,Masculino,2012-1,2016,Dependiente,Administración pública y defensa; planes de seguridad social de afiliación obligatoria,1,1,,"100,0%",$1.826.000
1117-Universidad Militar - Nueva Granada,10963-RELACIONES INTERNACIONALES Y ESTUDIOS POLITICOS,Masculino,2012-1,2016,No cotizante,Sin información,1,0,,"0,0%",NaN
1117-Universidad Militar - Nueva Granada,10963-RELACIONES INTERNACIONALES Y ESTUDIOS POLITICOS,Masculino,2012-1,2017,Dependiente,Administración pública y defensa; planes de seguridad social de afiliación obligatoria,1,1,,"100,0%",NaN
1117-Universidad Militar - Nueva Granada,10963-RELACIONES INTERNACIONALES Y ESTUDIOS POLITICOS,Masculino,2012-1,2017,No cotizante,Sin información,2,0,,"0,0%",NaN
1117-Universidad Militar - Nueva Granada,10963-RELACIONES INTERNACIONALES Y ESTUDIOS POLITICOS,Masculino,2012-1,2018,Dependiente,Administración pública y defensa; planes de seguridad social de afiliación obligatoria,1,1,,"100,0%",NaN
1117-Universidad Militar - Nueva Granada,10963-RELACIONES INTERNACIONALES Y ESTUDIOS POLITICOS,Masculino,2012-1,2018,Dependiente,Educación,1,1,,"100,0%",NaN
1117-Universidad Militar - Nueva Granada,10963-RELACIONES INTERNACIONALES Y ESTUDIOS POLITICOS,Masculino,2012-1,2018,No cotizante,Sin información,1,0,,"0,0%",NaN
1117-Universidad Militar - Nueva Granada,10963-RELACIONES INTERNACIONALES Y ESTUDIOS POLITICOS,Masculino,2012-1,2019,Dependiente,Administración pública y defensa; planes de seguridad social de afiliación obligatoria,1,1,,"100,0%",NaN
1117-Universidad Militar - Nueva Granada,10963-RELACIONES INTERNACIONALES Y ESTUDIOS POLITICOS,Masculino,2012-1,2019,Dependiente,Educación,1,1,,"100,0%",NaN
1117-Universidad Militar - Nueva Granada,10963-RELACIONES INTERNACIONALES Y ESTUDIOS POLITICOS,Masculino,2012-1,2019,No cotizante,Sin información,1,0,,"0,0%",NaN
1117-Universidad Militar - Nueva Granada,10963-RELACIONES INTERNACIONALES Y ESTUDIOS POLITICOS,Masculino,2012-1,2020,Dependiente,Administración pública y defensa; planes de seguridad social de afiliación obligatoria,1,1,,"100,0%",NaN
1117-Universidad Militar - Nueva Granada,10963-RELACIONES INTERNACIONALES Y ESTUDIOS POLITICOS,Masculino,2012-1,2020,No cotizante,Sin información,2,0,,"0,0%",NaN
1117-Universidad Militar - Nueva Granada,10963-RELACIONES INTERNACIONALES Y ESTUDIOS POLITICOS,Masculino,2012-1,2021,Dependiente,Actividades de servicios administrativos y de apoyo,1,1,,"100,0%",NaN
1117-Universidad Militar - Nueva Granada,10963-RELACIONES INTERNACIONALES Y ESTUDIOS POLITICOS,Masculino,2012-1,2021,Dependiente,Administración pública y defensa; planes de seguridad social de afiliación obligatoria,1,1,,"100,0%",NaN
1117-Universidad Militar - Nueva Granada,10963-RELACIONES INTERNACIONALES Y ESTUDIOS POLITICOS,Masculino,2012-1,2021,No cotizante,Sin información,1,0,,"0,0%",NaN
1117-Universidad Militar - Nueva Granada,10963-RELACIONES INTERNACIONALES Y ESTUDIOS POLITICOS,Masculino,2012-1,2022,Independiente,Administración pública y defensa; planes de seguridad social de afiliación obligatoria,1,1,,"100,0%",NaN
1117-Universidad Militar - Nueva Granada,10963-RELACIONES INTERNACIONALES Y ESTUDIOS POLITICOS,Masculino,2012-1,2022,No cotizante,SIN DATO,2,0,,"0,0%",NaN
1117-Universidad Militar - Nueva Granada,10963-RELACIONES INTERNACIONALES Y ESTUDIOS POLITICOS,Masculino,2012-1,2023,Dependiente,Información y comunicaciones,1,1,,"100,0%",NaN
1117-Universidad Militar - Nueva Granada,10963-RELACIONES INTERNACIONALES Y ESTUDIOS POLITICOS,Masculino,2012-1,2023,No cotizante,SIN DATO,2,0,,"0,0%",NaN
2102-Universidad Nacional Abierta y a Distancia - UNAD,1688-ADMINISTRACION DE EMPRESAS,Femenino,2012-1,2020,Dependiente,"Actividades artísticas, de entretenimiento y recreación",2,2,,"100,0%",NaN
2102-Universidad Nacional Abierta y a Distancia - UNAD,1688-ADMINISTRACION DE EMPRESAS,Femenino,2012-1,2020,Dependiente,Actividades de atención de la salud humana y de asistencia social,4,4,,"100,0%",NaN
2102-Universidad Nacional Abierta y a Distancia - UNAD,1688-ADMINISTRACION DE EMPRESAS,Femenino,2012-1,2020,Dependiente,Actividades de servicios administrativos y de apoyo,6,6,,"100,0%",NaN
2102-Universidad Nacional Abierta y a Distancia - UNAD,1688-ADMINISTRACION DE EMPRESAS,Femenino,2012-1,2020,Dependiente,Actividades financieras y de seguros,12,12,,"100,0%",NaN
2102-Universidad Nacional Abierta y a Distancia - UNAD,1688-ADMINISTRACION DE EMPRESAS,Femenino,2012-1,2020,Dependiente,Actividades inmobiliarias,1,1,,"100,0%",NaN
2102-Universidad Nacional Abierta y a Distancia - UNAD,1688-ADMINISTRACION DE EMPRESAS,Femenino,2012-1,2020,Dependiente,"Actividades profesionales, científicas y técnicas",20,20,,"100,0%",NaN
2102-Universidad Nacional Abierta y a Distancia - UNAD,1688-ADMINISTRACION DE EMPRESAS,Femenino,2012-1,2020,Dependiente,Administración pública y defensa; planes de seguridad social de afiliación obligatoria,21,21,,"100,0%",NaN
2102-Universidad Nacional Abierta y a Distancia - UNAD,1688-ADMINISTRACION DE EMPRESAS,Femenino,2012-1,2020,Dependiente,"Agricultura, ganadería, caza, silvicultura y pesca",1,1,,"100,0%",NaN
2102-Universidad Nacional Abierta y a Distancia - UNAD,1688-ADMINISTRACION DE EMPRESAS,Femenino,2012-1,2020,Dependiente,Alojamiento y servicios de comida,2,2,,"100,0%",NaN
2102-Universidad Nacional Abierta y a Distancia - UNAD,1688-ADMINISTRACION DE EMPRESAS,Femenino,2012-1,2020,Dependiente,Comercio al por mayor y al por menor; reparación de vehículos automotores y motocicletas,11,11,,"100,0%",NaN
2102-Universidad Nacional Abierta y a Distancia - UNAD,1688-ADMINISTRACION DE EMPRESAS,Femenino,2012-1,2020,Dependiente,Construccion,4,4,,"100,0%",NaN
2102-Universidad Nacional Abierta y a Distancia - UNAD,1688-ADMINISTRACION DE EMPRESAS,Femenino,2012-1,2020,Dependiente,"Distribución de agua; evacuación y tratamiento de aguas residuales, gestión de desechos y actividades de saneamiento ambiental",1,1,,"100,0%",NaN
2102-Universidad Nacional Abierta y a Distancia - UNAD,1688-ADMINISTRACION DE EMPRESAS,Femenino,2012-1,2020,Dependiente,Educación,3,3,,"100,0%",NaN
2102-Universidad Nacional Abierta y a Distancia - UNAD,1688-ADMINISTRACION DE EMPRESAS,Femenino,2012-1,2020,Dependiente,Industrias manufactureras,8,8,,"100,0%",NaN
2102-Universidad Nacional Abierta y a Distancia - UNAD,1688-ADMINISTRACION DE EMPRESAS,Femenino,2012-1,2020,Dependiente,Información y comunicaciones,10,10,,"100,0%",NaN
2102-Universidad Nacional Abierta y a Distancia - UNAD,1688-ADMINISTRACION DE EMPRESAS,Femenino,2012-1,2020,Dependiente,Otras actividades de servicios,3,3,,"100,0%",NaN
2102-Universidad Nacional Abierta y a Distancia - UNAD,1688-ADMINISTRACION DE EMPRESAS,Femenino,2012-1,2020,Dependiente,Transporte y almacenamiento,3,3,,"100,0%",NaN
2102-Universidad Nacional Abierta y a Distancia - UNAD,1688-ADMINISTRACION DE EMPRESAS,Femenino,2012-1,2020,Independiente,Actividades de servicios administrativos y de apoyo,3,3,,"100,0%",NaN
2102-Universidad Nacional Abierta y a Distancia - UNAD,1688-ADMINISTRACION DE EMPRESAS,Femenino,2012-1,2020,Independiente,Actividades financieras y de seguros,1,1,,"100,0%",NaN
2102-Universidad Nacional Abierta y a Distancia - UNAD,1688-ADMINISTRACION DE EMPRESAS,Femenino,2012-1,2020,Independiente,"Actividades profesionales, científicas y técnicas",10,10,,"100,0%",NaN
2102-Universidad Nacional Abierta y a Distancia - UNAD,1688-ADMINISTRACION DE EMPRESAS,Femenino,2012-1,2020,Independiente,Administración pública y defensa; planes de seguridad social de afiliación obligatoria,5,5,,"100,0%",NaN
2102-Universidad Nacional Abierta y a Distancia - UNAD,1688-ADMINISTRACION DE EMPRESAS,Femenino,2012-1,2020,Independiente,"Agricultura, ganadería, caza, silvicultura y pesca",3,3,,"100,0%",NaN
2102-Universidad Nacional Abierta y a Distancia - UNAD,1688-ADMINISTRACION DE EMPRESAS,Femenino,2012-1,2020,Independiente,Otras actividades de servicios,3,3,,"100,0%",NaN
2102-Universidad Nacional Abierta y a Distancia - UNAD,1688-ADMINISTRACION DE EMPRESAS,Femenino,2012-1,2020,No cotizante,Sin información,55,0,,"0,0%",NaN
2102-Universidad Nacional Abierta y a Distancia - UNAD,1688-ADMINISTRACION DE EMPRESAS,Masculino,2012-1,2020,Dependiente,"Actividades artísticas, de entretenimiento y recreación",1,1,,"100,0%",NaN
2102-Universidad Nacional Abierta y a Distancia - UNAD,1688-ADMINISTRACION DE EMPRESAS,Masculino,2012-1,2020,Dependiente,Actividades de atención de la salud humana y de asistencia social,1,1,,"100,0%",NaN
2102-Universidad Nacional Abierta y a Distancia - UNAD,1688-ADMINISTRACION DE EMPRESAS,Masculino,2012-1,2020,Dependiente,Actividades de servicios administrativos y de apoyo,3,3,,"100,0%",NaN
2102-Universidad Nacional Abierta y a Distancia - UNAD,1688-ADMINISTRACION DE EMPRESAS,Masculino,2012-1,2020,Dependiente,Actividades financieras y de seguros,2,2,,"100,0%",NaN
2102-Universidad Nacional Abierta y a Distancia - UNAD,1688-ADMINISTRACION DE EMPRESAS,Masculino,2012-1,2020,Dependiente,"Actividades profesionales, científicas y técnicas",7,7,,"100,0%",NaN
2102-Universidad Nacional Abierta y a Distancia - UNAD,1688-ADMINISTRACION DE EMPRESAS,Masculino,2012-1,2020,Dependiente,Administración pública y defensa; planes de seguridad social de afiliación obligatoria,11,11,,"100,0%",NaN
2102-Universidad Nacional Abierta y a Distancia - UNAD,1688-ADMINISTRACION DE EMPRESAS,Masculino,2012-1,2020,Dependiente,"Agricultura, ganadería, caza, silvicultura y pesca",2,2,,"100,0%",NaN
2102-Universidad Nacional Abierta y a Distancia - UNAD,1688-ADMINISTRACION DE EMPRESAS,Masculino,2012-1,2020,Dependiente,Comercio al por mayor y al por menor; reparación de vehículos automotores y motocicletas,3,3,,"100,0%",NaN
2102-Universidad Nacional Abierta y a Distancia - UNAD,1688-ADMINISTRACION DE EMPRESAS,Masculino,2012-1,2020,Dependiente,Educación,1,1,,"100,0%",NaN
2102-Universidad Nacional Abierta y a Distancia - UNAD,1688-ADMINISTRACION DE EMPRESAS,Masculino,2012-1,2020,Dependiente,Industrias manufactureras,2,2,,"100,0%",NaN
2102-Universidad Nacional Abierta y a Distancia - UNAD,1688-ADMINISTRACION DE EMPRESAS,Masculino,2012-1,2020,Dependiente,Información y comunicaciones,1,1,,"100,0%",NaN
2102-Universidad Nacional Abierta y a Distancia - UNAD,1688-ADMINISTRACION DE EMPRESAS,Masculino,2012-1,2020,Dependiente,Otras actividades de servicios,5,5,,"100,0%",NaN
2102-Universidad Nacional Abierta y a Distancia - UNAD,1688-ADMINISTRACION DE EMPRESAS,Masculino,2012-1,2020,Dependiente,"Suministro de electricidad, gas, vapor y aire acondicionado",2,2,,"100,0%",NaN
2102-Universidad Nacional Abierta y a Distancia - UNAD,1688-ADMINISTRACION DE EMPRESAS,Masculino,2012-1,2020,Dependiente,Transporte y almacenamiento,1,1,,"100,0%",NaN
2102-Universidad Nacional Abierta y a Distancia - UNAD,1688-ADMINISTRACION DE EMPRESAS,Masculino,2012-1,2020,Independiente,Actividades de servicios administrativos y de apoyo,1,1,,"100,0%",NaN
2102-Universidad Nacional Abierta y a Distancia - UNAD,1688-ADMINISTRACION DE EMPRESAS,Masculino,2012-1,2020,Independiente,"Actividades profesionales, científicas y técnicas",2,2,,"100,0%",NaN
2102-Universidad Nacional Abierta y a Distancia - UNAD,1688-ADMINISTRACION DE EMPRESAS,Masculino,2012-1,2020,Independiente,Administración pública y defensa; planes de seguridad social de afiliación obligatoria,2,2,,"100,0%",NaN
2102-Universidad Nacional Abierta y a Distancia - UNAD,1688-ADMINISTRACION DE EMPRESAS,Masculino,2012-1,2020,Independiente,Otras actividades de servicios,1,1,,"100,0%",NaN
2102-Universidad Nacional Abierta y a Distancia - UNAD,1688-ADMINISTRACION DE EMPRESAS,Masculino,2012-1,2020,No cotizante,Sin información,26,0,,"0,0%",NaN
2102-Universidad Nacional Abierta y a Distancia - UNAD,3425-COMUNICACION SOCIAL,Femenino,2012-1,2020,Dependiente,"Actividades profesionales, científicas y técnicas",1,1,,"100,0%",NaN
2102-Universidad Nacional Abierta y a Distancia - UNAD,3425-COMUNICACION SOCIAL,Femenino,2012-1,2020,Dependiente,Administración pública y defensa; planes de seguridad social de afiliación obligatoria,2,2,,"100,0%",NaN
2102-Universidad Nacional Abierta y a Distancia - UNAD,3425-COMUNICACION SOCIAL,Femenino,2012-1,2020,Dependiente,Comercio al por mayor y al por menor; reparación de vehículos automotores y motocicletas,1,1,,"100,0%",NaN
2102-Universidad Nacional Abierta y a Distancia - UNAD,3425-COMUNICACION SOCIAL,Femenino,2012-1,2020,Dependiente,Construccion,1,1,,"100,0%",NaN
2102-Universidad Nacional Abierta y a Distancia - UNAD,3425-COMUNICACION SOCIAL,Femenino,2012-1,2020,Dependiente,Educación,1,1,,"100,0%",NaN
2102-Universidad Nacional Abierta y a Distancia - UNAD,3425-COMUNICACION SOCIAL,Femenino,2012-1,2020,Dependiente,Industrias manufactureras,1,1,,"100,0%",NaN
2102-Universidad Nacional Abierta y a Distancia - UNAD,3425-COMUNICACION SOCIAL,Femenino,2012-1,2020,Dependiente,Información y comunicaciones,1,1,,"100,0%",NaN
2102-Universidad Nacional Abierta y a Distancia - UNAD,3425-COMUNICACION SOCIAL,Femenino,2012-1,2020,Independiente,Actividades de servicios administrativos y de apoyo,1,1,,"100,0%",NaN
2102-Universidad Nacional Abierta y a Distancia - UNAD,3425-COMUNICACION SOCIAL,Femenino,2012-1,2020,Independiente,"Actividades profesionales, científicas y técnicas",2,2,,"100,0%",NaN
2102-Universidad Nacional Abierta y a Distancia - UNAD,3425-COMUNICACION SOCIAL,Femenino,2012-1,2020,Independiente,Administración pública y defensa; planes de seguridad social de afiliación obligatoria,2,2,,"100,0%",NaN
2102-Universidad Nacional Abierta y a Distancia - UNAD,3425-COMUNICACION SOCIAL,Femenino,2012-1,2020,Independiente,Educación,1,1,,"100,0%",NaN
2102-Universidad Nacional Abierta y a Distancia - UNAD,3425-COMUNICACION SOCIAL,Femenino,2012-1,2020,No cotizante,Sin información,13,0,,"0,0%",NaN
2102-Universidad Nacional Abierta y a Distancia - UNAD,3425-COMUNICACION SOCIAL,Masculino,2012-1,2020,Dependiente,"Actividades profesionales, científicas y técnicas",1,1,,"100,0%",NaN
2102-Universidad Nacional Abierta y a Distancia - UNAD,3425-COMUNICACION SOCIAL,Masculino,2012-1,2020,Dependiente,Administración pública y defensa; planes de seguridad social de afiliación obligatoria,2,2,,"100,0%",NaN
2102-Universidad Nacional Abierta y a Distancia - UNAD,3425-COMUNICACION SOCIAL,Masculino,2012-1,2020,Dependiente,Industrias manufactureras,1,1,,"100,0%",NaN
2102-Universidad Nacional Abierta y a Distancia - UNAD,3425-COMUNICACION SOCIAL,Masculino,2012-1,2020,Dependiente,Información y comunicaciones,1,1,,"100,0%",NaN
2102-Universidad Nacional Abierta y a Distancia - UNAD,3425-COMUNICACION SOCIAL,Masculino,2012-1,2020,Independiente,Actividades financieras y de seguros,2,2,,"100,0%",NaN
2102-Universidad Nacional Abierta y a Distancia - UNAD,3425-COMUNICACION SOCIAL,Masculino,2012-1,2020,Independiente,"Actividades profesionales, científicas y técnicas",3,3,,"100,0%",NaN
2102-Universidad Nacional Abierta y a Distancia - UNAD,3425-COMUNICACION SOCIAL,Masculino,2012-1,2020,Independiente,Comercio al por mayor y al por menor; reparación de vehículos automotores y motocicletas,1,1,,"100,0%",NaN
2102-Universidad Nacional Abierta y a Distancia - UNAD,3425-COMUNICACION SOCIAL,Masculino,2012-1,2020,No cotizante,Sin información,9,0,,"0,0%",NaN
2102-Universidad Nacional Abierta y a Distancia - UNAD,10673-ESPECIALIZACION EN EDUCACION SUPERIOR A DISTANCIA,Femenino,2012-1,2017,Dependiente,"Actividades profesionales, científicas y técnicas",1,1,,"100,0%",NaN
2102-Universidad Nacional Abierta y a Distancia - UNAD,10673-ESPECIALIZACION EN EDUCACION SUPERIOR A DISTANCIA,Femenino,2012-1,2018,Dependiente,"Actividades profesionales, científicas y técnicas",1,1,,"100,0%",NaN
2102-Universidad Nacional Abierta y a Distancia - UNAD,10673-ESPECIALIZACION EN EDUCACION SUPERIOR A DISTANCIA,Femenino,2012-1,2019,Dependiente,Administración pública y defensa; planes de seguridad social de afiliación obligatoria,1,1,,"100,0%",NaN
2102-Universidad Nacional Abierta y a Distancia - UNAD,10673-ESPECIALIZACION EN EDUCACION SUPERIOR A DISTANCIA,Femenino,2012-1,2020,Dependiente,Administración pública y defensa; planes de seguridad social de afiliación obligatoria,1,1,,"100,0%",NaN
2102-Universidad Nacional Abierta y a Distancia - UNAD,10673-ESPECIALIZACION EN EDUCACION SUPERIOR A DISTANCIA,Femenino,2012-1,2021,Dependiente,Administración pública y defensa; planes de seguridad social de afiliación obligatoria,1,1,,"100,0%",NaN
2102-Universidad Nacional Abierta y a Distancia - UNAD,10673-ESPECIALIZACION EN EDUCACION SUPERIOR A DISTANCIA,Femenino,2012-1,2022,Dependiente,Administración pública y defensa; planes de seguridad social de afiliación obligatoria,1,1,,"100,0%",NaN
2102-Universidad Nacional Abierta y a Distancia - UNAD,10673-ESPECIALIZACION EN EDUCACION SUPERIOR A DISTANCIA,Femenino,2012-1,2023,Dependiente,Administración pública y defensa; planes de seguridad social de afiliación obligatoria,1,1,,"100,0%",NaN
2102-Universidad Nacional Abierta y a Distancia - UNAD,10673-ESPECIALIZACION EN EDUCACION SUPERIOR A DISTANCIA,Masculino,2012-1,2017,Dependiente,Educación,1,1,,"100,0%",NaN
2102-Universidad Nacional Abierta y a Distancia - UNAD,10673-ESPECIALIZACION EN EDUCACION SUPERIOR A DISTANCIA,Masculino,2012-1,2018,Dependiente,Educación,1,1,,"100,0%",NaN
2102-Universidad Nacional Abierta y a Distancia - UNAD,10673-ESPECIALIZACION EN EDUCACION SUPERIOR A DISTANCIA,Masculino,2012-1,2019,Dependiente,Educación,1,1,,"100,0%",NaN
2102-Universidad Nacional Abierta y a Distancia - UNAD,10673-ESPECIALIZACION EN EDUCACION SUPERIOR A DISTANCIA,Masculino,2012-1,2020,Dependiente,"Actividades profesionales, científicas y técnicas",1,1,,"100,0%",NaN
2102-Universidad Nacional Abierta y a Distancia - UNAD,10673-ESPECIALIZACION EN EDUCACION SUPERIOR A DISTANCIA,Masculino,2012-1,2021,Dependiente,"Actividades profesionales, científicas y técnicas",1,1,,"100,0%",NaN
2102-Universidad Nacional Abierta y a Distancia - UNAD,10673-ESPECIALIZACION EN EDUCACION SUPERIOR A DISTANCIA,Masculino,2012-1,2022,Dependiente,Educación,1,1,,"100,0%",NaN
2102-Universidad Nacional Abierta y a Distancia - UNAD,10673-ESPECIALIZACION EN EDUCACION SUPERIOR A DISTANCIA,Masculino,2012-1,2023,Dependiente,Educación,1,1,,"100,0%",NaN
2102-Universidad Nacional Abierta y a Distancia - UNAD,"10674-ESPECIALIZACION EN EDUCACION, CULTURA Y POLITICA",Femenino,2012-1,2017,Dependiente,Educación,1,1,,"100,0%",NaN
2102-Universidad Nacional Abierta y a Distancia - UNAD,"10674-ESPECIALIZACION EN EDUCACION, CULTURA Y POLITICA",Femenino,2012-1,2017,No cotizante,Sin información,1,0,,"0,0%",NaN
2102-Universidad Nacional Abierta y a Distancia - UNAD,"10674-ESPECIALIZACION EN EDUCACION, CULTURA Y POLITICA",Femenino,2012-1,2018,Dependiente,Actividades de servicios administrativos y de apoyo,1,1,,"100,0%",NaN
2102-Universidad Nacional Abierta y a Distancia - UNAD,"10674-ESPECIALIZACION EN EDUCACION, CULTURA Y POLITICA",Femenino,2012-1,2018,Dependiente,Educación,1,1,,"100,0%",NaN
2102-Universidad Nacional Abierta y a Distancia - UNAD,"10674-ESPECIALIZACION EN EDUCACION, CULTURA Y POLITICA",Femenino,2012-1,2019,Dependiente,Actividades de servicios administrativos y de apoyo,1,1,,"100,0%",NaN
2102-Universidad Nacional Abierta y a Distancia - UNAD,"10674-ESPECIALIZACION EN EDUCACION, CULTURA Y POLITICA",Femenino,2012-1,2019,Dependiente,Administración pública y defensa; planes de seguridad social de afiliación obligatoria,1,1,,"100,0%",NaN
2102-Universidad Nacional Abierta y a Distancia - UNAD,"10674-ESPECIALIZACION EN EDUCACION, CULTURA Y POLITICA",Femenino,2012-1,2020,Dependiente,Actividades de servicios administrativos y de apoyo,1,1,,"100,0%",NaN
2102-Universidad Nacional Abierta y a Distancia - UNAD,"10674-ESPECIALIZACION EN EDUCACION, CULTURA Y POLITICA",Femenino,2012-1,2020,Dependiente,Administración pública y defensa; planes de seguridad social de afiliación obligatoria,1,1,,"100,0%",NaN
2102-Universidad Nacional Abierta y a Distancia - UNAD,"10674-ESPECIALIZACION EN EDUCACION, CULTURA Y POLITICA",Femenino,2012-1,2021,Dependiente,Administración pública y defensa; planes de seguridad social de afiliación obligatoria,2,2,,"100,0%",NaN
2102-Universidad Nacional Abierta y a Distancia - UNAD,"10674-ESPECIALIZACION EN EDUCACION, CULTURA Y POLITICA",Femenino,2012-1,2022,Dependiente,Administración pública y defensa; planes de seguridad social de afiliación obligatoria,2,2,,"100,0%",NaN
2102-Universidad Nacional Abierta y a Distancia - UNAD,"10674-ESPECIALIZACION EN EDUCACION, CULTURA Y POLITICA",Femenino,2012-1,2023,Dependiente,Actividades de servicios administrativos y de apoyo,1,1,,"100,0%",NaN
2102-Universidad Nacional Abierta y a Distancia - UNAD,"10674-ESPECIALIZACION EN EDUCACION, CULTURA Y POLITICA",Femenino,2012-1,2023,Dependiente,Administración pública y defensa; planes de seguridad social de afiliación obligatoria,1,1,,"100,0%",NaN
2102-Universidad Nacional Abierta y a Distancia - UNAD,"10674-ESPECIALIZACION EN EDUCACION, CULTURA Y POLITICA",Masculino,2012-1,2017,Dependiente,Actividades de organizaciones y entidades extraterritoriales,1,1,,"100,0%",NaN
2102-Universidad Nacional Abierta y a Distancia - UNAD,"10674-ESPECIALIZACION EN EDUCACION, CULTURA Y POLITICA",Masculino,2012-1,2017,Dependiente,Educación,2,2,,"100,0%",NaN
2102-Universidad Nacional Abierta y a Distancia - UNAD,"10674-ESPECIALIZACION EN EDUCACION, CULTURA Y POLITICA",Masculino,2012-1,2017,Dependiente,Sin información,1,1,,"100,0%",NaN
2102-Universidad Nacional Abierta y a Distancia - UNAD,"10674-ESPECIALIZACION EN EDUCACION, CULTURA Y POLITICA",Masculino,2012-1,2017,Independiente,"Actividades profesionales, científicas y técnicas",1,1,,"100,0%",NaN
2102-Universidad Nacional Abierta y a Distancia - UNAD,"10674-ESPECIALIZACION EN EDUCACION, CULTURA Y POLITICA",Masculino,2012-1,2018,Dependiente,Actividades de organizaciones y entidades extraterritoriales,1,1,,"100,0%",NaN
2102-Universidad Nacional Abierta y a Distancia - UNAD,"10674-ESPECIALIZACION EN EDUCACION, CULTURA Y POLITICA",Masculino,2012-1,2018,Dependiente,Educación,2,2,,"100,0%",NaN
2102-Universidad Nacional Abierta y a Distancia - UNAD,"10674-ESPECIALIZACION EN EDUCACION, CULTURA Y POLITICA",Masculino,2012-1,2018,Dependiente,Sin información,1,1,,"100,0%",NaN
2102-Universidad Nacional Abierta y a Distancia - UNAD,"10674-ESPECIALIZACION EN EDUCACION, CULTURA Y POLITICA",Masculino,2012-1,2018,Independiente,"Actividades profesionales, científicas y técnicas",1,1,,"100,0%",NaN
2102-Universidad Nacional Abierta y a Distancia - UNAD,"10674-ESPECIALIZACION EN EDUCACION, CULTURA Y POLITICA",Masculino,2012-1,2019,Dependiente,Actividades de organizaciones y entidades extraterritoriales,1,1,,"100,0%",NaN
2102-Universidad Nacional Abierta y a Distancia - UNAD,"10674-ESPECIALIZACION EN EDUCACION, CULTURA Y POLITICA",Masculino,2012-1,2019,Dependiente,Administración pública y defensa; planes de seguridad social de afiliación obligatoria,1,1,,"100,0%",NaN
2102-Universidad Nacional Abierta y a Distancia - UNAD,"10674-ESPECIALIZACION EN EDUCACION, CULTURA Y POLITICA",Masculino,2012-1,2019,Dependiente,Educación,2,2,,"100,0%",NaN
2102-Universidad Nacional Abierta y a Distancia - UNAD,"10674-ESPECIALIZACION EN EDUCACION, CULTURA Y POLITICA",Masculino,2012-1,2019,Independiente,"Actividades profesionales, científicas y técnicas",1,1,,"100,0%",NaN
2102-Universidad Nacional Abierta y a Distancia - UNAD,"10674-ESPECIALIZACION EN EDUCACION, CULTURA Y POLITICA",Masculino,2012-1,2020,Dependiente,Actividades de organizaciones y entidades extraterritoriales,1,1,,"100,0%",NaN
2102-Universidad Nacional Abierta y a Distancia - UNAD,"10674-ESPECIALIZACION EN EDUCACION, CULTURA Y POLITICA",Masculino,2012-1,2020,Dependiente,Administración pública y defensa; planes de seguridad social de afiliación obligatoria,1,1,,"100,0%",NaN
2102-Universidad Nacional Abierta y a Distancia - UNAD,"10674-ESPECIALIZACION EN EDUCACION, CULTURA Y POLITICA",Masculino,2012-1,2020,Dependiente,Educación,2,2,,"100,0%",NaN
2102-Universidad Nacional Abierta y a Distancia - UNAD,"10674-ESPECIALIZACION EN EDUCACION, CULTURA Y POLITICA",Masculino,2012-1,2020,Independiente,"Actividades profesionales, científicas y técnicas",1,1,,"100,0%",NaN
2102-Universidad Nacional Abierta y a Distancia - UNAD,"10674-ESPECIALIZACION EN EDUCACION, CULTURA Y POLITICA",Masculino,2012-1,2021,Dependiente,Actividades de organizaciones y entidades extraterritoriales,1,1,,"100,0%",NaN
2102-Universidad Nacional Abierta y a Distancia - UNAD,"10674-ESPECIALIZACION EN EDUCACION, CULTURA Y POLITICA",Masculino,2012-1,2021,Dependiente,Administración pública y defensa; planes de seguridad social de afiliación obligatoria,1,1,,"100,0%",NaN
2102-Universidad Nacional Abierta y a Distancia - UNAD,"10674-ESPECIALIZACION EN EDUCACION, CULTURA Y POLITICA",Masculino,2012-1,2021,Dependiente,Educación,2,2,,"100,0%",NaN
2102-Universidad Nacional Abierta y a Distancia - UNAD,"10674-ESPECIALIZACION EN EDUCACION, CULTURA Y POLITICA",Masculino,2012-1,2021,Independiente,"Actividades profesionales, científicas y técnicas",1,1,,"100,0%",NaN
2102-Universidad Nacional Abierta y a Distancia - UNAD,"10674-ESPECIALIZACION EN EDUCACION, CULTURA Y POLITICA",Masculino,2012-1,2022,Dependiente,Administración pública y defensa; planes de seguridad social de afiliación obligatoria,2,2,,"100,0%",NaN
2102-Universidad Nacional Abierta y a Distancia - UNAD,"10674-ESPECIALIZACION EN EDUCACION, CULTURA Y POLITICA",Masculino,2012-1,2022,Dependiente,Educación,2,2,,"100,0%",NaN
2102-Universidad Nacional Abierta y a Distancia - UNAD,"10674-ESPECIALIZACION EN EDUCACION, CULTURA Y POLITICA",Masculino,2012-1,2022,Independiente,"Actividades profesionales, científicas y técnicas",1,1,,"100,0%",NaN
2102-Universidad Nacional Abierta y a Distancia - UNAD,"10674-ESPECIALIZACION EN EDUCACION, CULTURA Y POLITICA",Masculino,2012-1,2023,Dependiente,Administración pública y defensa; planes de seguridad social de afiliación obligatoria,2,2,,"100,0%",NaN
2102-Universidad Nacional Abierta y a Distancia - UNAD,"10674-ESPECIALIZACION EN EDUCACION, CULTURA Y POLITICA",Masculino,2012-1,2023,Dependiente,Educación,2,2,,"100,0%",NaN
2102-Universidad Nacional Abierta y a Distancia - UNAD,"10674-ESPECIALIZACION EN EDUCACION, CULTURA Y POLITICA",Masculino,2012-1,2023,Independiente,"Actividades profesionales, científicas y técnicas",1,1,,"100,0%",NaN
2102-Universidad Nacional Abierta y a Distancia - UNAD,52598-ESPECIALIZACION EN GESTION DE PROYECTOS,Femenino,2012-1,2016,Dependiente,Actividades financieras y de seguros,3,3,,"100,0%",$3.681.333
2102-Universidad Nacional Abierta y a Distancia - UNAD,52598-ESPECIALIZACION EN GESTION DE PROYECTOS,Femenino,2012-1,2016,Dependiente,Administración pública y defensa; planes de seguridad social de afiliación obligatoria,2,2,,"100,0%",$3.453.176
2102-Universidad Nacional Abierta y a Distancia - UNAD,52598-ESPECIALIZACION EN GESTION DE PROYECTOS,Femenino,2012-1,2016,Dependiente,"Agricultura, ganadería, caza, silvicultura y pesca",1,1,,"100,0%",$1.916.000
2102-Universidad Nacional Abierta y a Distancia - UNAD,52598-ESPECIALIZACION EN GESTION DE PROYECTOS,Femenino,2012-1,2016,Dependiente,Educación,2,2,,"100,0%",$3.195.000
2102-Universidad Nacional Abierta y a Distancia - UNAD,52598-ESPECIALIZACION EN GESTION DE PROYECTOS,Femenino,2012-1,2016,Dependiente,Explotación de minas y canteras,1,1,,"100,0%",$3.368.000
2102-Universidad Nacional Abierta y a Distancia - UNAD,52598-ESPECIALIZACION EN GESTION DE PROYECTOS,Femenino,2012-1,2016,Dependiente,Sin información,1,1,,"100,0%",$5.556.000
2102-Universidad Nacional Abierta y a Distancia - UNAD,52598-ESPECIALIZACION EN GESTION DE PROYECTOS,Femenino,2012-1,2016,Dependiente,Transporte y almacenamiento,1,1,,"100,0%",$6.385.000
2102-Universidad Nacional Abierta y a Distancia - UNAD,52598-ESPECIALIZACION EN GESTION DE PROYECTOS,Femenino,2012-1,2016,No cotizante,Sin información,1,0,,"0,0%",NaN
2102-Universidad Nacional Abierta y a Distancia - UNAD,52598-ESPECIALIZACION EN GESTION DE PROYECTOS,Femenino,2012-1,2017,Dependiente,Actividades de atención de la salud humana y de asistencia social,1,1,,"100,0%",NaN
2102-Universidad Nacional Abierta y a Distancia - UNAD,52598-ESPECIALIZACION EN GESTION DE PROYECTOS,Femenino,2012-1,2017,Dependiente,Actividades de organizaciones y entidades extraterritoriales,1,1,,"100,0%",NaN
2102-Universidad Nacional Abierta y a Distancia - UNAD,52598-ESPECIALIZACION EN GESTION DE PROYECTOS,Femenino,2012-1,2017,Dependiente,Actividades financieras y de seguros,1,1,,"100,0%",NaN
2102-Universidad Nacional Abierta y a Distancia - UNAD,52598-ESPECIALIZACION EN GESTION DE PROYECTOS,Femenino,2012-1,2017,Dependiente,Administración pública y defensa; planes de seguridad social de afiliación obligatoria,2,2,,"100,0%",NaN
2102-Universidad Nacional Abierta y a Distancia - UNAD,52598-ESPECIALIZACION EN GESTION DE PROYECTOS,Femenino,2012-1,2017,Dependiente,Construccion,1,1,,"100,0%",NaN
2102-Universidad Nacional Abierta y a Distancia - UNAD,52598-ESPECIALIZACION EN GESTION DE PROYECTOS,Femenino,2012-1,2017,Dependiente,Educación,2,2,,"100,0%",NaN
2102-Universidad Nacional Abierta y a Distancia - UNAD,52598-ESPECIALIZACION EN GESTION DE PROYECTOS,Femenino,2012-1,2017,Dependiente,Otras actividades de servicios,1,1,,"100,0%",NaN
2102-Universidad Nacional Abierta y a Distancia - UNAD,52598-ESPECIALIZACION EN GESTION DE PROYECTOS,Femenino,2012-1,2017,Dependiente,Sin información,2,2,,"100,0%",NaN
2102-Universidad Nacional Abierta y a Distancia - UNAD,52598-ESPECIALIZACION EN GESTION DE PROYECTOS,Femenino,2012-1,2017,Dependiente,Transporte y almacenamiento,1,1,,"100,0%",NaN
2102-Universidad Nacional Abierta y a Distancia - UNAD,52598-ESPECIALIZACION EN GESTION DE PROYECTOS,Femenino,2012-1,2018,Dependiente,Actividades de atención de la salud humana y de asistencia social,1,1,,"100,0%",NaN
2102-Universidad Nacional Abierta y a Distancia - UNAD,52598-ESPECIALIZACION EN GESTION DE PROYECTOS,Femenino,2012-1,2018,Dependiente,Actividades financieras y de seguros,1,1,,"100,0%",NaN
2102-Universidad Nacional Abierta y a Distancia - UNAD,52598-ESPECIALIZACION EN GESTION DE PROYECTOS,Femenino,2012-1,2018,Dependiente,"Actividades profesionales, científicas y técnicas",1,1,,"100,0%",NaN
2102-Universidad Nacional Abierta y a Distancia - UNAD,52598-ESPECIALIZACION EN GESTION DE PROYECTOS,Femenino,2012-1,2018,Dependiente,Administración pública y defensa; planes de seguridad social de afiliación obligatoria,2,2,,"100,0%",NaN
2102-Universidad Nacional Abierta y a Distancia - UNAD,52598-ESPECIALIZACION EN GESTION DE PROYECTOS,Femenino,2012-1,2018,Dependiente,Educación,2,2,,"100,0%",NaN
2102-Universidad Nacional Abierta y a Distancia - UNAD,52598-ESPECIALIZACION EN GESTION DE PROYECTOS,Femenino,2012-1,2018,Dependiente,Industrias manufactureras,1,1,,"100,0%",NaN
2102-Universidad Nacional Abierta y a Distancia - UNAD,52598-ESPECIALIZACION EN GESTION DE PROYECTOS,Femenino,2012-1,2018,Dependiente,Otras actividades de servicios,1,1,,"100,0%",NaN
2102-Universidad Nacional Abierta y a Distancia - UNAD,52598-ESPECIALIZACION EN GESTION DE PROYECTOS,Femenino,2012-1,2018,Dependiente,Transporte y almacenamiento,1,1,,"100,0%",NaN
2102-Universidad Nacional Abierta y a Distancia - UNAD,52598-ESPECIALIZACION EN GESTION DE PROYECTOS,Femenino,2012-1,2018,Independiente,"Actividades profesionales, científicas y técnicas",1,1,,"100,0%",NaN
2102-Universidad Nacional Abierta y a Distancia - UNAD,52598-ESPECIALIZACION EN GESTION DE PROYECTOS,Femenino,2012-1,2018,Independiente,Sin información,1,1,,"100,0%",NaN
2102-Universidad Nacional Abierta y a Distancia - UNAD,52598-ESPECIALIZACION EN GESTION DE PROYECTOS,Femenino,2012-1,2019,Dependiente,Actividades de atención de la salud humana y de asistencia social,1,1,,"100,0%",NaN
2102-Universidad Nacional Abierta y a Distancia - UNAD,52598-ESPECIALIZACION EN GESTION DE PROYECTOS,Femenino,2012-1,2019,Dependiente,Actividades financieras y de seguros,1,1,,"100,0%",NaN
2102-Universidad Nacional Abierta y a Distancia - UNAD,52598-ESPECIALIZACION EN GESTION DE PROYECTOS,Femenino,2012-1,2019,Dependiente,"Actividades profesionales, científicas y técnicas",1,1,,"100,0%",NaN
2102-Universidad Nacional Abierta y a Distancia - UNAD,52598-ESPECIALIZACION EN GESTION DE PROYECTOS,Femenino,2012-1,2019,Dependiente,Administración pública y defensa; planes de seguridad social de afiliación obligatoria,3,3,,"100,0%",NaN
2102-Universidad Nacional Abierta y a Distancia - UNAD,52598-ESPECIALIZACION EN GESTION DE PROYECTOS,Femenino,2012-1,2019,Dependiente,Educación,2,2,,"100,0%",NaN
2102-Universidad Nacional Abierta y a Distancia - UNAD,52598-ESPECIALIZACION EN GESTION DE PROYECTOS,Femenino,2012-1,2019,Dependiente,Otras actividades de servicios,2,2,,"100,0%",NaN
2102-Universidad Nacional Abierta y a Distancia - UNAD,52598-ESPECIALIZACION EN GESTION DE PROYECTOS,Femenino,2012-1,2019,Dependiente,Transporte y almacenamiento,1,1,,"100,0%",NaN
2102-Universidad Nacional Abierta y a Distancia - UNAD,52598-ESPECIALIZACION EN GESTION DE PROYECTOS,Femenino,2012-1,2019,No cotizante,Sin información,1,0,,"0,0%",NaN
2102-Universidad Nacional Abierta y a Distancia - UNAD,52598-ESPECIALIZACION EN GESTION DE PROYECTOS,Femenino,2012-1,2020,Dependiente,Actividades de atención de la salud humana y de asistencia social,1,1,,"100,0%",NaN
2102-Universidad Nacional Abierta y a Distancia - UNAD,52598-ESPECIALIZACION EN GESTION DE PROYECTOS,Femenino,2012-1,2020,Dependiente,"Actividades profesionales, científicas y técnicas",2,2,,"100,0%",NaN
2102-Universidad Nacional Abierta y a Distancia - UNAD,52598-ESPECIALIZACION EN GESTION DE PROYECTOS,Femenino,2012-1,2020,Dependiente,Administración pública y defensa; planes de seguridad social de afiliación obligatoria,2,2,,"100,0%",NaN
2102-Universidad Nacional Abierta y a Distancia - UNAD,52598-ESPECIALIZACION EN GESTION DE PROYECTOS,Femenino,2012-1,2020,Dependiente,Educación,2,2,,"100,0%",NaN
2102-Universidad Nacional Abierta y a Distancia - UNAD,52598-ESPECIALIZACION EN GESTION DE PROYECTOS,Femenino,2012-1,2020,Dependiente,Industrias manufactureras,1,1,,"100,0%",NaN
2102-Universidad Nacional Abierta y a Distancia - UNAD,52598-ESPECIALIZACION EN GESTION DE PROYECTOS,Femenino,2012-1,2020,Dependiente,Información y comunicaciones,1,1,,"100,0%",NaN
2102-Universidad Nacional Abierta y a Distancia - UNAD,52598-ESPECIALIZACION EN GESTION DE PROYECTOS,Femenino,2012-1,2020,Dependiente,Otras actividades de servicios,2,2,,"100,0%",NaN
2102-Universidad Nacional Abierta y a Distancia - UNAD,52598-ESPECIALIZACION EN GESTION DE PROYECTOS,Femenino,2012-1,2020,Dependiente,Transporte y almacenamiento,1,1,,"100,0%",NaN
2102-Universidad Nacional Abierta y a Distancia - UNAD,52598-ESPECIALIZACION EN GESTION DE PROYECTOS,Femenino,2012-1,2021,Dependiente,"Actividades profesionales, científicas y técnicas",1,1,,"100,0%",NaN
2102-Universidad Nacional Abierta y a Distancia - UNAD,52598-ESPECIALIZACION EN GESTION DE PROYECTOS,Femenino,2012-1,2021,Dependiente,Administración pública y defensa; planes de seguridad social de afiliación obligatoria,3,3,,"100,0%",NaN
2102-Universidad Nacional Abierta y a Distancia - UNAD,52598-ESPECIALIZACION EN GESTION DE PROYECTOS,Femenino,2012-1,2021,Dependiente,Construccion,1,1,,"100,0%",NaN
2102-Universidad Nacional Abierta y a Distancia - UNAD,52598-ESPECIALIZACION EN GESTION DE PROYECTOS,Femenino,2012-1,2021,Dependiente,Educación,2,2,,"100,0%",NaN
2102-Universidad Nacional Abierta y a Distancia - UNAD,52598-ESPECIALIZACION EN GESTION DE PROYECTOS,Femenino,2012-1,2021,Dependiente,Industrias manufactureras,1,1,,"100,0%",NaN
2102-Universidad Nacional Abierta y a Distancia - UNAD,52598-ESPECIALIZACION EN GESTION DE PROYECTOS,Femenino,2012-1,2021,Dependiente,Información y comunicaciones,1,1,,"100,0%",NaN
2102-Universidad Nacional Abierta y a Distancia - UNAD,52598-ESPECIALIZACION EN GESTION DE PROYECTOS,Femenino,2012-1,2021,Dependiente,Otras actividades de servicios,1,1,,"100,0%",NaN
2102-Universidad Nacional Abierta y a Distancia - UNAD,52598-ESPECIALIZACION EN GESTION DE PROYECTOS,Femenino,2012-1,2021,Dependiente,Transporte y almacenamiento,1,1,,"100,0%",NaN
2102-Universidad Nacional Abierta y a Distancia - UNAD,52598-ESPECIALIZACION EN GESTION DE PROYECTOS,Femenino,2012-1,2021,Independiente,Educación,1,1,,"100,0%",NaN
2102-Universidad Nacional Abierta y a Distancia - UNAD,52598-ESPECIALIZACION EN GESTION DE PROYECTOS,Femenino,2012-1,2022,Dependiente,Actividades de servicios administrativos y de apoyo,1,1,,"100,0%",NaN
2102-Universidad Nacional Abierta y a Distancia - UNAD,52598-ESPECIALIZACION EN GESTION DE PROYECTOS,Femenino,2012-1,2022,Dependiente,"Actividades profesionales, científicas y técnicas",1,1,,"100,0%",NaN
2102-Universidad Nacional Abierta y a Distancia - UNAD,52598-ESPECIALIZACION EN GESTION DE PROYECTOS,Femenino,2012-1,2022,Dependiente,Administración pública y defensa; planes de seguridad social de afiliación obligatoria,3,3,,"100,0%",NaN
2102-Universidad Nacional Abierta y a Distancia - UNAD,52598-ESPECIALIZACION EN GESTION DE PROYECTOS,Femenino,2012-1,2022,Dependiente,Construccion,1,1,,"100,0%",NaN
2102-Universidad Nacional Abierta y a Distancia - UNAD,52598-ESPECIALIZACION EN GESTION DE PROYECTOS,Femenino,2012-1,2022,Dependiente,Educación,2,2,,"100,0%",NaN
2102-Universidad Nacional Abierta y a Distancia - UNAD,52598-ESPECIALIZACION EN GESTION DE PROYECTOS,Femenino,2012-1,2022,Dependiente,Industrias manufactureras,1,1,,"100,0%",NaN
2102-Universidad Nacional Abierta y a Distancia - UNAD,52598-ESPECIALIZACION EN GESTION DE PROYECTOS,Femenino,2012-1,2022,Dependiente,Información y comunicaciones,1,1,,"100,0%",NaN
2102-Universidad Nacional Abierta y a Distancia - UNAD,52598-ESPECIALIZACION EN GESTION DE PROYECTOS,Femenino,2012-1,2022,Dependiente,Otras actividades de servicios,1,1,,"100,0%",NaN
2102-Universidad Nacional Abierta y a Distancia - UNAD,52598-ESPECIALIZACION EN GESTION DE PROYECTOS,Femenino,2012-1,2022,Dependiente,Transporte y almacenamiento,1,1,,"100,0%",NaN
2102-Universidad Nacional Abierta y a Distancia - UNAD,52598-ESPECIALIZACION EN GESTION DE PROYECTOS,Femenino,2012-1,2023,Dependiente,Actividades de servicios administrativos y de apoyo,2,2,,"100,0%",NaN
2102-Universidad Nacional Abierta y a Distancia - UNAD,52598-ESPECIALIZACION EN GESTION DE PROYECTOS,Femenino,2012-1,2023,Dependiente,"Actividades profesionales, científicas y técnicas",2,2,,"100,0%",NaN
2102-Universidad Nacional Abierta y a Distancia - UNAD,52598-ESPECIALIZACION EN GESTION DE PROYECTOS,Femenino,2012-1,2023,Dependiente,Administración pública y defensa; planes de seguridad social de afiliación obligatoria,3,3,,"100,0%",NaN
2102-Universidad Nacional Abierta y a Distancia - UNAD,52598-ESPECIALIZACION EN GESTION DE PROYECTOS,Femenino,2012-1,2023,Dependiente,Industrias manufactureras,1,1,,"100,0%",NaN
2102-Universidad Nacional Abierta y a Distancia - UNAD,52598-ESPECIALIZACION EN GESTION DE PROYECTOS,Femenino,2012-1,2023,Dependiente,Otras actividades de servicios,1,1,,"100,0%",NaN
2102-Universidad Nacional Abierta y a Distancia - UNAD,52598-ESPECIALIZACION EN GESTION DE PROYECTOS,Femenino,2012-1,2023,Dependiente,Transporte y almacenamiento,1,1,,"100,0%",NaN
2102-Universidad Nacional Abierta y a Distancia - UNAD,52598-ESPECIALIZACION EN GESTION DE PROYECTOS,Femenino,2012-1,2023,Independiente,"Actividades profesionales, científicas y técnicas",1,1,,"100,0%",NaN
2102-Universidad Nacional Abierta y a Distancia - UNAD,52598-ESPECIALIZACION EN GESTION DE PROYECTOS,Masculino,2012-1,2016,Dependiente,Educación,2,2,,"100,0%",$3.031.000
2102-Universidad Nacional Abierta y a Distancia - UNAD,52598-ESPECIALIZACION EN GESTION DE PROYECTOS,Masculino,2012-1,2016,Dependiente,Industrias manufactureras,1,1,,"100,0%",$7.001.000
2102-Universidad Nacional Abierta y a Distancia - UNAD,52598-ESPECIALIZACION EN GESTION DE PROYECTOS,Masculino,2012-1,2016,Independiente,"Actividades profesionales, científicas y técnicas",4,4,,"100,0%",NaN
2102-Universidad Nacional Abierta y a Distancia - UNAD,52598-ESPECIALIZACION EN GESTION DE PROYECTOS,Masculino,2012-1,2016,Independiente,Educación,1,1,,"100,0%",NaN
2102-Universidad Nacional Abierta y a Distancia - UNAD,52598-ESPECIALIZACION EN GESTION DE PROYECTOS,Masculino,2012-1,2017,Dependiente,Actividades de servicios administrativos y de apoyo,1,1,,"100,0%",NaN
2102-Universidad Nacional Abierta y a Distancia - UNAD,52598-ESPECIALIZACION EN GESTION DE PROYECTOS,Masculino,2012-1,2017,Dependiente,"Actividades profesionales, científicas y técnicas",1,1,,"100,0%",NaN
2102-Universidad Nacional Abierta y a Distancia - UNAD,52598-ESPECIALIZACION EN GESTION DE PROYECTOS,Masculino,2012-1,2017,Dependiente,"Agricultura, ganadería, caza, silvicultura y pesca",1,1,,"100,0%",NaN
2102-Universidad Nacional Abierta y a Distancia - UNAD,52598-ESPECIALIZACION EN GESTION DE PROYECTOS,Masculino,2012-1,2017,Dependiente,Educación,2,2,,"100,0%",NaN
2102-Universidad Nacional Abierta y a Distancia - UNAD,52598-ESPECIALIZACION EN GESTION DE PROYECTOS,Masculino,2012-1,2017,Dependiente,Industrias manufactureras,1,1,,"100,0%",NaN
2102-Universidad Nacional Abierta y a Distancia - UNAD,52598-ESPECIALIZACION EN GESTION DE PROYECTOS,Masculino,2012-1,2017,Independiente,"Actividades profesionales, científicas y técnicas",2,2,,"100,0%",NaN
2102-Universidad Nacional Abierta y a Distancia - UNAD,52598-ESPECIALIZACION EN GESTION DE PROYECTOS,Masculino,2012-1,2018,Dependiente,"Actividades profesionales, científicas y técnicas",1,1,,"100,0%",NaN
2102-Universidad Nacional Abierta y a Distancia - UNAD,52598-ESPECIALIZACION EN GESTION DE PROYECTOS,Masculino,2012-1,2018,Dependiente,Administración pública y defensa; planes de seguridad social de afiliación obligatoria,1,1,,"100,0%",NaN
2102-Universidad Nacional Abierta y a Distancia - UNAD,52598-ESPECIALIZACION EN GESTION DE PROYECTOS,Masculino,2012-1,2018,Dependiente,"Agricultura, ganadería, caza, silvicultura y pesca",1,1,,"100,0%",NaN
2102-Universidad Nacional Abierta y a Distancia - UNAD,52598-ESPECIALIZACION EN GESTION DE PROYECTOS,Masculino,2012-1,2018,Dependiente,Educación,2,2,,"100,0%",NaN
2102-Universidad Nacional Abierta y a Distancia - UNAD,52598-ESPECIALIZACION EN GESTION DE PROYECTOS,Masculino,2012-1,2018,Dependiente,Industrias manufactureras,1,1,,"100,0%",NaN
2102-Universidad Nacional Abierta y a Distancia - UNAD,52598-ESPECIALIZACION EN GESTION DE PROYECTOS,Masculino,2012-1,2018,Dependiente,Información y comunicaciones,1,1,,"100,0%",NaN
2102-Universidad Nacional Abierta y a Distancia - UNAD,52598-ESPECIALIZACION EN GESTION DE PROYECTOS,Masculino,2012-1,2018,Independiente,"Actividades profesionales, científicas y técnicas",1,1,,"100,0%",NaN
2102-Universidad Nacional Abierta y a Distancia - UNAD,52598-ESPECIALIZACION EN GESTION DE PROYECTOS,Masculino,2012-1,2019,Dependiente,Actividades de servicios administrativos y de apoyo,1,1,,"100,0%",NaN
2102-Universidad Nacional Abierta y a Distancia - UNAD,52598-ESPECIALIZACION EN GESTION DE PROYECTOS,Masculino,2012-1,2019,Dependiente,"Actividades profesionales, científicas y técnicas",1,1,,"100,0%",NaN
2102-Universidad Nacional Abierta y a Distancia - UNAD,52598-ESPECIALIZACION EN GESTION DE PROYECTOS,Masculino,2012-1,2019,Dependiente,Administración pública y defensa; planes de seguridad social de afiliación obligatoria,2,2,,"100,0%",NaN
2102-Universidad Nacional Abierta y a Distancia - UNAD,52598-ESPECIALIZACION EN GESTION DE PROYECTOS,Masculino,2012-1,2019,Dependiente,"Agricultura, ganadería, caza, silvicultura y pesca",1,1,,"100,0%",NaN
2102-Universidad Nacional Abierta y a Distancia - UNAD,52598-ESPECIALIZACION EN GESTION DE PROYECTOS,Masculino,2012-1,2019,Dependiente,Educación,1,1,,"100,0%",NaN
2102-Universidad Nacional Abierta y a Distancia - UNAD,52598-ESPECIALIZACION EN GESTION DE PROYECTOS,Masculino,2012-1,2019,Independiente,"Actividades profesionales, científicas y técnicas",1,1,,"100,0%",NaN
2102-Universidad Nacional Abierta y a Distancia - UNAD,52598-ESPECIALIZACION EN GESTION DE PROYECTOS,Masculino,2012-1,2020,Dependiente,Actividades de servicios administrativos y de apoyo,1,1,,"100,0%",NaN
2102-Universidad Nacional Abierta y a Distancia - UNAD,52598-ESPECIALIZACION EN GESTION DE PROYECTOS,Masculino,2012-1,2020,Dependiente,"Actividades profesionales, científicas y técnicas",1,1,,"100,0%",NaN
2102-Universidad Nacional Abierta y a Distancia - UNAD,52598-ESPECIALIZACION EN GESTION DE PROYECTOS,Masculino,2012-1,2020,Dependiente,Administración pública y defensa; planes de seguridad social de afiliación obligatoria,1,1,,"100,0%",NaN
2102-Universidad Nacional Abierta y a Distancia - UNAD,52598-ESPECIALIZACION EN GESTION DE PROYECTOS,Masculino,2012-1,2020,Independiente,Actividades de servicios administrativos y de apoyo,1,1,,"100,0%",NaN
2102-Universidad Nacional Abierta y a Distancia - UNAD,52598-ESPECIALIZACION EN GESTION DE PROYECTOS,Masculino,2012-1,2020,Independiente,"Actividades profesionales, científicas y técnicas",2,2,,"100,0%",NaN
2102-Universidad Nacional Abierta y a Distancia - UNAD,52598-ESPECIALIZACION EN GESTION DE PROYECTOS,Masculino,2012-1,2020,No cotizante,Sin información,1,0,,"0,0%",NaN
2102-Universidad Nacional Abierta y a Distancia - UNAD,52598-ESPECIALIZACION EN GESTION DE PROYECTOS,Masculino,2012-1,2021,Dependiente,Actividades de servicios administrativos y de apoyo,1,1,,"100,0%",NaN
2102-Universidad Nacional Abierta y a Distancia - UNAD,52598-ESPECIALIZACION EN GESTION DE PROYECTOS,Masculino,2012-1,2021,Dependiente,Administración pública y defensa; planes de seguridad social de afiliación obligatoria,1,1,,"100,0%",NaN
2102-Universidad Nacional Abierta y a Distancia - UNAD,52598-ESPECIALIZACION EN GESTION DE PROYECTOS,Masculino,2012-1,2021,Dependiente,Otras actividades de servicios,1,1,,"100,0%",NaN
2102-Universidad Nacional Abierta y a Distancia - UNAD,52598-ESPECIALIZACION EN GESTION DE PROYECTOS,Masculino,2012-1,2021,Independiente,Actividades de servicios administrativos y de apoyo,1,1,,"100,0%",NaN
2102-Universidad Nacional Abierta y a Distancia - UNAD,52598-ESPECIALIZACION EN GESTION DE PROYECTOS,Masculino,2012-1,2021,Independiente,"Actividades profesionales, científicas y técnicas",1,1,,"100,0%",NaN
2102-Universidad Nacional Abierta y a Distancia - UNAD,52598-ESPECIALIZACION EN GESTION DE PROYECTOS,Masculino,2012-1,2021,No cotizante,Sin información,2,0,,"0,0%",NaN
2102-Universidad Nacional Abierta y a Distancia - UNAD,52598-ESPECIALIZACION EN GESTION DE PROYECTOS,Masculino,2012-1,2022,Dependiente,Actividades de servicios administrativos y de apoyo,1,1,,"100,0%",NaN
2102-Universidad Nacional Abierta y a Distancia - UNAD,52598-ESPECIALIZACION EN GESTION DE PROYECTOS,Masculino,2012-1,2022,Dependiente,Administración pública y defensa; planes de seguridad social de afiliación obligatoria,1,1,,"100,0%",NaN
2102-Universidad Nacional Abierta y a Distancia - UNAD,52598-ESPECIALIZACION EN GESTION DE PROYECTOS,Masculino,2012-1,2022,Independiente,Actividades de servicios administrativos y de apoyo,1,1,,"100,0%",NaN
2102-Universidad Nacional Abierta y a Distancia - UNAD,52598-ESPECIALIZACION EN GESTION DE PROYECTOS,Masculino,2012-1,2022,Independiente,Otras actividades de servicios,1,1,,"100,0%",NaN
2102-Universidad Nacional Abierta y a Distancia - UNAD,52598-ESPECIALIZACION EN GESTION DE PROYECTOS,Masculino,2012-1,2022,No cotizante,SIN DATO,2,0,,"0,0%",NaN
2102-Universidad Nacional Abierta y a Distancia - UNAD,52598-ESPECIALIZACION EN GESTION DE PROYECTOS,Masculino,2012-1,2023,Dependiente,Actividades de servicios administrativos y de apoyo,1,1,,"100,0%",NaN
2102-Universidad Nacional Abierta y a Distancia - UNAD,52598-ESPECIALIZACION EN GESTION DE PROYECTOS,Masculino,2012-1,2023,Independiente,Actividades de servicios administrativos y de apoyo,1,1,,"100,0%",NaN
2102-Universidad Nacional Abierta y a Distancia - UNAD,52598-ESPECIALIZACION EN GESTION DE PROYECTOS,Masculino,2012-1,2023,No cotizante,SIN DATO,4,0,,"0,0%",NaN
2102-Universidad Nacional Abierta y a Distancia - UNAD,54617-ESPECIALIZACION EN GESTION PUBLICA,Femenino,2012-1,2016,Dependiente,Actividades de atención de la salud humana y de asistencia social,2,2,,"100,0%",$5.626.000
2102-Universidad Nacional Abierta y a Distancia - UNAD,54617-ESPECIALIZACION EN GESTION PUBLICA,Femenino,2012-1,2016,Dependiente,"Actividades profesionales, científicas y técnicas",2,2,,"100,0%",$3.290.000
2102-Universidad Nacional Abierta y a Distancia - UNAD,54617-ESPECIALIZACION EN GESTION PUBLICA,Femenino,2012-1,2016,Dependiente,Administración pública y defensa; planes de seguridad social de afiliación obligatoria,3,3,,"100,0%",$3.870.667
2102-Universidad Nacional Abierta y a Distancia - UNAD,54617-ESPECIALIZACION EN GESTION PUBLICA,Femenino,2012-1,2016,Dependiente,"Agricultura, ganadería, caza, silvicultura y pesca",1,1,,"100,0%",$3.458.000
2102-Universidad Nacional Abierta y a Distancia - UNAD,54617-ESPECIALIZACION EN GESTION PUBLICA,Femenino,2012-1,2016,Independiente,"Actividades profesionales, científicas y técnicas",2,2,,"100,0%",NaN
2102-Universidad Nacional Abierta y a Distancia - UNAD,54617-ESPECIALIZACION EN GESTION PUBLICA,Femenino,2012-1,2016,Independiente,Información y comunicaciones,1,1,,"100,0%",NaN
2102-Universidad Nacional Abierta y a Distancia - UNAD,54617-ESPECIALIZACION EN GESTION PUBLICA,Femenino,2012-1,2016,Independiente,Otras actividades de servicios,1,1,,"100,0%",NaN
2102-Universidad Nacional Abierta y a Distancia - UNAD,54617-ESPECIALIZACION EN GESTION PUBLICA,Femenino,2012-1,2016,No cotizante,Sin información,1,0,,"0,0%",NaN
2102-Universidad Nacional Abierta y a Distancia - UNAD,54617-ESPECIALIZACION EN GESTION PUBLICA,Femenino,2012-1,2017,Dependiente,Actividades de atención de la salud humana y de asistencia social,2,2,,"100,0%",NaN
2102-Universidad Nacional Abierta y a Distancia - UNAD,54617-ESPECIALIZACION EN GESTION PUBLICA,Femenino,2012-1,2017,Dependiente,"Actividades profesionales, científicas y técnicas",2,2,,"100,0%",NaN
2102-Universidad Nacional Abierta y a Distancia - UNAD,54617-ESPECIALIZACION EN GESTION PUBLICA,Femenino,2012-1,2017,Dependiente,Administración pública y defensa; planes de seguridad social de afiliación obligatoria,3,3,,"100,0%",NaN
2102-Universidad Nacional Abierta y a Distancia - UNAD,54617-ESPECIALIZACION EN GESTION PUBLICA,Femenino,2012-1,2017,Dependiente,Educación,1,1,,"100,0%",NaN
2102-Universidad Nacional Abierta y a Distancia - UNAD,54617-ESPECIALIZACION EN GESTION PUBLICA,Femenino,2012-1,2017,Dependiente,Otras actividades de servicios,1,1,,"100,0%",NaN
2102-Universidad Nacional Abierta y a Distancia - UNAD,54617-ESPECIALIZACION EN GESTION PUBLICA,Femenino,2012-1,2017,Independiente,"Actividades profesionales, científicas y técnicas",1,1,,"100,0%",NaN
2102-Universidad Nacional Abierta y a Distancia - UNAD,54617-ESPECIALIZACION EN GESTION PUBLICA,Femenino,2012-1,2017,Independiente,Sin información,2,2,,"100,0%",NaN
2102-Universidad Nacional Abierta y a Distancia - UNAD,54617-ESPECIALIZACION EN GESTION PUBLICA,Femenino,2012-1,2017,No cotizante,Sin información,1,0,,"0,0%",NaN
2102-Universidad Nacional Abierta y a Distancia - UNAD,54617-ESPECIALIZACION EN GESTION PUBLICA,Femenino,2012-1,2018,Dependiente,Actividades de atención de la salud humana y de asistencia social,2,2,,"100,0%",NaN
2102-Universidad Nacional Abierta y a Distancia - UNAD,54617-ESPECIALIZACION EN GESTION PUBLICA,Femenino,2012-1,2018,Dependiente,"Actividades profesionales, científicas y técnicas",2,2,,"100,0%",NaN
2102-Universidad Nacional Abierta y a Distancia - UNAD,54617-ESPECIALIZACION EN GESTION PUBLICA,Femenino,2012-1,2018,Dependiente,Administración pública y defensa; planes de seguridad social de afiliación obligatoria,4,4,,"100,0%",NaN
2102-Universidad Nacional Abierta y a Distancia - UNAD,54617-ESPECIALIZACION EN GESTION PUBLICA,Femenino,2012-1,2018,Independiente,Sin información,3,3,,"100,0%",NaN
2102-Universidad Nacional Abierta y a Distancia - UNAD,54617-ESPECIALIZACION EN GESTION PUBLICA,Femenino,2012-1,2018,No cotizante,Sin información,1,0,,"0,0%",NaN
2102-Universidad Nacional Abierta y a Distancia - UNAD,54617-ESPECIALIZACION EN GESTION PUBLICA,Femenino,2012-1,2019,Dependiente,Actividades de atención de la salud humana y de asistencia social,1,1,,"100,0%",NaN
2102-Universidad Nacional Abierta y a Distancia - UNAD,54617-ESPECIALIZACION EN GESTION PUBLICA,Femenino,2012-1,2019,Dependiente,Actividades de servicios administrativos y de apoyo,1,1,,"100,0%",NaN
2102-Universidad Nacional Abierta y a Distancia - UNAD,54617-ESPECIALIZACION EN GESTION PUBLICA,Femenino,2012-1,2019,Dependiente,"Actividades profesionales, científicas y técnicas",1,1,,"100,0%",NaN
2102-Universidad Nacional Abierta y a Distancia - UNAD,54617-ESPECIALIZACION EN GESTION PUBLICA,Femenino,2012-1,2019,Dependiente,Administración pública y defensa; planes de seguridad social de afiliación obligatoria,4,4,,"100,0%",NaN
2102-Universidad Nacional Abierta y a Distancia - UNAD,54617-ESPECIALIZACION EN GESTION PUBLICA,Femenino,2012-1,2019,Dependiente,Industrias manufactureras,1,1,,"100,0%",NaN
2102-Universidad Nacional Abierta y a Distancia - UNAD,54617-ESPECIALIZACION EN GESTION PUBLICA,Femenino,2012-1,2019,Independiente,"Actividades profesionales, científicas y técnicas",1,1,,"100,0%",NaN
2102-Universidad Nacional Abierta y a Distancia - UNAD,54617-ESPECIALIZACION EN GESTION PUBLICA,Femenino,2012-1,2019,Independiente,Administración pública y defensa; planes de seguridad social de afiliación obligatoria,3,3,,"100,0%",NaN
2102-Universidad Nacional Abierta y a Distancia - UNAD,54617-ESPECIALIZACION EN GESTION PUBLICA,Femenino,2012-1,2020,Dependiente,Actividades de atención de la salud humana y de asistencia social,1,1,,"100,0%",NaN
2102-Universidad Nacional Abierta y a Distancia - UNAD,54617-ESPECIALIZACION EN GESTION PUBLICA,Femenino,2012-1,2020,Dependiente,"Actividades profesionales, científicas y técnicas",1,1,,"100,0%",NaN
2102-Universidad Nacional Abierta y a Distancia - UNAD,54617-ESPECIALIZACION EN GESTION PUBLICA,Femenino,2012-1,2020,Dependiente,Administración pública y defensa; planes de seguridad social de afiliación obligatoria,4,4,,"100,0%",NaN
2102-Universidad Nacional Abierta y a Distancia - UNAD,54617-ESPECIALIZACION EN GESTION PUBLICA,Femenino,2012-1,2020,Dependiente,Industrias manufactureras,2,2,,"100,0%",NaN
2102-Universidad Nacional Abierta y a Distancia - UNAD,54617-ESPECIALIZACION EN GESTION PUBLICA,Femenino,2012-1,2020,Independiente,Administración pública y defensa; planes de seguridad social de afiliación obligatoria,3,3,,"100,0%",NaN
2102-Universidad Nacional Abierta y a Distancia - UNAD,54617-ESPECIALIZACION EN GESTION PUBLICA,Femenino,2012-1,2020,No cotizante,Sin información,1,0,,"0,0%",NaN
2102-Universidad Nacional Abierta y a Distancia - UNAD,54617-ESPECIALIZACION EN GESTION PUBLICA,Femenino,2012-1,2021,Dependiente,Actividades de atención de la salud humana y de asistencia social,1,1,,"100,0%",NaN
2102-Universidad Nacional Abierta y a Distancia - UNAD,54617-ESPECIALIZACION EN GESTION PUBLICA,Femenino,2012-1,2021,Dependiente,"Actividades profesionales, científicas y técnicas",1,1,,"100,0%",NaN
2102-Universidad Nacional Abierta y a Distancia - UNAD,54617-ESPECIALIZACION EN GESTION PUBLICA,Femenino,2012-1,2021,Dependiente,Administración pública y defensa; planes de seguridad social de afiliación obligatoria,4,4,,"100,0%",NaN
2102-Universidad Nacional Abierta y a Distancia - UNAD,54617-ESPECIALIZACION EN GESTION PUBLICA,Femenino,2012-1,2021,Dependiente,Industrias manufactureras,1,1,,"100,0%",NaN
2102-Universidad Nacional Abierta y a Distancia - UNAD,54617-ESPECIALIZACION EN GESTION PUBLICA,Femenino,2012-1,2021,Dependiente,Información y comunicaciones,1,1,,"100,0%",NaN
2102-Universidad Nacional Abierta y a Distancia - UNAD,54617-ESPECIALIZACION EN GESTION PUBLICA,Femenino,2012-1,2021,Independiente,Administración pública y defensa; planes de seguridad social de afiliación obligatoria,3,3,,"100,0%",NaN
2102-Universidad Nacional Abierta y a Distancia - UNAD,54617-ESPECIALIZACION EN GESTION PUBLICA,Femenino,2012-1,2021,No cotizante,Sin información,1,0,,"0,0%",NaN
2102-Universidad Nacional Abierta y a Distancia - UNAD,54617-ESPECIALIZACION EN GESTION PUBLICA,Femenino,2012-1,2022,Dependiente,Actividades de atención de la salud humana y de asistencia social,1,1,,"100,0%",NaN
2102-Universidad Nacional Abierta y a Distancia - UNAD,54617-ESPECIALIZACION EN GESTION PUBLICA,Femenino,2012-1,2022,Dependiente,"Actividades profesionales, científicas y técnicas",2,2,,"100,0%",NaN
2102-Universidad Nacional Abierta y a Distancia - UNAD,54617-ESPECIALIZACION EN GESTION PUBLICA,Femenino,2012-1,2022,Dependiente,Administración pública y defensa; planes de seguridad social de afiliación obligatoria,4,4,,"100,0%",NaN
2102-Universidad Nacional Abierta y a Distancia - UNAD,54617-ESPECIALIZACION EN GESTION PUBLICA,Femenino,2012-1,2022,Dependiente,Industrias manufactureras,1,1,,"100,0%",NaN
2102-Universidad Nacional Abierta y a Distancia - UNAD,54617-ESPECIALIZACION EN GESTION PUBLICA,Femenino,2012-1,2022,Dependiente,Información y comunicaciones,2,2,,"100,0%",NaN
2102-Universidad Nacional Abierta y a Distancia - UNAD,54617-ESPECIALIZACION EN GESTION PUBLICA,Femenino,2012-1,2022,Independiente,Administración pública y defensa; planes de seguridad social de afiliación obligatoria,1,1,,"100,0%",NaN
2102-Universidad Nacional Abierta y a Distancia - UNAD,54617-ESPECIALIZACION EN GESTION PUBLICA,Femenino,2012-1,2022,No cotizante,SIN DATO,1,0,,"0,0%",NaN
2102-Universidad Nacional Abierta y a Distancia - UNAD,54617-ESPECIALIZACION EN GESTION PUBLICA,Femenino,2012-1,2023,Dependiente,Actividades de atención de la salud humana y de asistencia social,1,1,,"100,0%",NaN
2102-Universidad Nacional Abierta y a Distancia - UNAD,54617-ESPECIALIZACION EN GESTION PUBLICA,Femenino,2012-1,2023,Dependiente,Actividades de servicios administrativos y de apoyo,1,1,,"100,0%",NaN
2102-Universidad Nacional Abierta y a Distancia - UNAD,54617-ESPECIALIZACION EN GESTION PUBLICA,Femenino,2012-1,2023,Dependiente,Actividades inmobiliarias,1,1,,"100,0%",NaN
2102-Universidad Nacional Abierta y a Distancia - UNAD,54617-ESPECIALIZACION EN GESTION PUBLICA,Femenino,2012-1,2023,Dependiente,Administración pública y defensa; planes de seguridad social de afiliación obligatoria,3,3,,"100,0%",NaN
2102-Universidad Nacional Abierta y a Distancia - UNAD,54617-ESPECIALIZACION EN GESTION PUBLICA,Femenino,2012-1,2023,Dependiente,Industrias manufactureras,1,1,,"100,0%",NaN
2102-Universidad Nacional Abierta y a Distancia - UNAD,54617-ESPECIALIZACION EN GESTION PUBLICA,Femenino,2012-1,2023,Dependiente,Información y comunicaciones,1,1,,"100,0%",NaN
2102-Universidad Nacional Abierta y a Distancia - UNAD,54617-ESPECIALIZACION EN GESTION PUBLICA,Femenino,2012-1,2023,Independiente,Administración pública y defensa; planes de seguridad social de afiliación obligatoria,2,2,,"100,0%",NaN
2102-Universidad Nacional Abierta y a Distancia - UNAD,54617-ESPECIALIZACION EN GESTION PUBLICA,Femenino,2012-1,2023,Independiente,Comercio al por mayor y al por menor; reparación de vehículos automotores y motocicletas,1,1,,"100,0%",NaN
2102-Universidad Nacional Abierta y a Distancia - UNAD,54617-ESPECIALIZACION EN GESTION PUBLICA,Femenino,2012-1,2023,No cotizante,SIN DATO,1,0,,"0,0%",NaN
2102-Universidad Nacional Abierta y a Distancia - UNAD,54617-ESPECIALIZACION EN GESTION PUBLICA,Masculino,2012-1,2016,Dependiente,"Actividades profesionales, científicas y técnicas",1,1,,"100,0%",$2.106.000
2102-Universidad Nacional Abierta y a Distancia - UNAD,54617-ESPECIALIZACION EN GESTION PUBLICA,Masculino,2012-1,2016,Dependiente,Administración pública y defensa; planes de seguridad social de afiliación obligatoria,5,5,,"100,0%",$4.036.200
2102-Universidad Nacional Abierta y a Distancia - UNAD,54617-ESPECIALIZACION EN GESTION PUBLICA,Masculino,2012-1,2016,Dependiente,"Agricultura, ganadería, caza, silvicultura y pesca",1,1,,"100,0%",$5.426.000
2102-Universidad Nacional Abierta y a Distancia - UNAD,54617-ESPECIALIZACION EN GESTION PUBLICA,Masculino,2012-1,2016,Dependiente,Educación,1,1,,"100,0%",$1.220.000
2102-Universidad Nacional Abierta y a Distancia - UNAD,54617-ESPECIALIZACION EN GESTION PUBLICA,Masculino,2012-1,2016,Dependiente,Información y comunicaciones,1,1,,"100,0%",$4.213.000
2102-Universidad Nacional Abierta y a Distancia - UNAD,54617-ESPECIALIZACION EN GESTION PUBLICA,Masculino,2012-1,2016,Dependiente,Sin información,1,1,,"100,0%",$2.255.000
2102-Universidad Nacional Abierta y a Distancia - UNAD,54617-ESPECIALIZACION EN GESTION PUBLICA,Masculino,2012-1,2016,Independiente,"Actividades profesionales, científicas y técnicas",1,1,,"100,0%",NaN
2102-Universidad Nacional Abierta y a Distancia - UNAD,54617-ESPECIALIZACION EN GESTION PUBLICA,Masculino,2012-1,2016,No cotizante,Sin información,2,0,,"0,0%",NaN
2102-Universidad Nacional Abierta y a Distancia - UNAD,54617-ESPECIALIZACION EN GESTION PUBLICA,Masculino,2012-1,2017,Dependiente,Actividades de los hogares individuales en calidad de empleadores; actividades no diferenciadas de los hogares individuales como productores de bienes y servicios para uso propio,2,2,,"100,0%",NaN
2102-Universidad Nacional Abierta y a Distancia - UNAD,54617-ESPECIALIZACION EN GESTION PUBLICA,Masculino,2012-1,2017,Dependiente,Actividades de organizaciones y entidades extraterritoriales,1,1,,"100,0%",NaN
2102-Universidad Nacional Abierta y a Distancia - UNAD,54617-ESPECIALIZACION EN GESTION PUBLICA,Masculino,2012-1,2017,Dependiente,"Actividades profesionales, científicas y técnicas",1,1,,"100,0%",NaN
2102-Universidad Nacional Abierta y a Distancia - UNAD,54617-ESPECIALIZACION EN GESTION PUBLICA,Masculino,2012-1,2017,Dependiente,Administración pública y defensa; planes de seguridad social de afiliación obligatoria,3,3,,"100,0%",NaN
2102-Universidad Nacional Abierta y a Distancia - UNAD,54617-ESPECIALIZACION EN GESTION PUBLICA,Masculino,2012-1,2017,Dependiente,Educación,1,1,,"100,0%",NaN
2102-Universidad Nacional Abierta y a Distancia - UNAD,54617-ESPECIALIZACION EN GESTION PUBLICA,Masculino,2012-1,2017,Dependiente,Sin información,1,1,,"100,0%",NaN
2102-Universidad Nacional Abierta y a Distancia - UNAD,54617-ESPECIALIZACION EN GESTION PUBLICA,Masculino,2012-1,2017,Independiente,"Actividades profesionales, científicas y técnicas",1,1,,"100,0%",NaN
2102-Universidad Nacional Abierta y a Distancia - UNAD,54617-ESPECIALIZACION EN GESTION PUBLICA,Masculino,2012-1,2017,No cotizante,Sin información,2,0,,"0,0%",NaN
2102-Universidad Nacional Abierta y a Distancia - UNAD,54617-ESPECIALIZACION EN GESTION PUBLICA,Masculino,2012-1,2018,Dependiente,Actividades de los hogares individuales en calidad de empleadores; actividades no diferenciadas de los hogares individuales como productores de bienes y servicios para uso propio,2,2,,"100,0%",NaN
2102-Universidad Nacional Abierta y a Distancia - UNAD,54617-ESPECIALIZACION EN GESTION PUBLICA,Masculino,2012-1,2018,Dependiente,Actividades de organizaciones y entidades extraterritoriales,1,1,,"100,0%",NaN
2102-Universidad Nacional Abierta y a Distancia - UNAD,54617-ESPECIALIZACION EN GESTION PUBLICA,Masculino,2012-1,2018,Dependiente,"Actividades profesionales, científicas y técnicas",1,1,,"100,0%",NaN
2102-Universidad Nacional Abierta y a Distancia - UNAD,54617-ESPECIALIZACION EN GESTION PUBLICA,Masculino,2012-1,2018,Dependiente,Administración pública y defensa; planes de seguridad social de afiliación obligatoria,3,3,,"100,0%",NaN
2102-Universidad Nacional Abierta y a Distancia - UNAD,54617-ESPECIALIZACION EN GESTION PUBLICA,Masculino,2012-1,2018,Dependiente,Educación,1,1,,"100,0%",NaN
2102-Universidad Nacional Abierta y a Distancia - UNAD,54617-ESPECIALIZACION EN GESTION PUBLICA,Masculino,2012-1,2018,Dependiente,Sin información,1,1,,"100,0%",NaN
2102-Universidad Nacional Abierta y a Distancia - UNAD,54617-ESPECIALIZACION EN GESTION PUBLICA,Masculino,2012-1,2018,Independiente,"Actividades profesionales, científicas y técnicas",1,1,,"100,0%",NaN
2102-Universidad Nacional Abierta y a Distancia - UNAD,54617-ESPECIALIZACION EN GESTION PUBLICA,Masculino,2012-1,2018,Independiente,Sin información,1,1,,"100,0%",NaN
2102-Universidad Nacional Abierta y a Distancia - UNAD,54617-ESPECIALIZACION EN GESTION PUBLICA,Masculino,2012-1,2018,No cotizante,Sin información,1,0,,"0,0%",NaN
2102-Universidad Nacional Abierta y a Distancia - UNAD,54617-ESPECIALIZACION EN GESTION PUBLICA,Masculino,2012-1,2019,Dependiente,Actividades de los hogares individuales en calidad de empleadores; actividades no diferenciadas de los hogares individuales como productores de bienes y servicios para uso propio,2,2,,"100,0%",NaN
2102-Universidad Nacional Abierta y a Distancia - UNAD,54617-ESPECIALIZACION EN GESTION PUBLICA,Masculino,2012-1,2019,Dependiente,"Actividades profesionales, científicas y técnicas",1,1,,"100,0%",NaN
2102-Universidad Nacional Abierta y a Distancia - UNAD,54617-ESPECIALIZACION EN GESTION PUBLICA,Masculino,2012-1,2019,Dependiente,Administración pública y defensa; planes de seguridad social de afiliación obligatoria,4,4,,"100,0%",NaN
2102-Universidad Nacional Abierta y a Distancia - UNAD,54617-ESPECIALIZACION EN GESTION PUBLICA,Masculino,2012-1,2019,Dependiente,Educación,1,1,,"100,0%",NaN
2102-Universidad Nacional Abierta y a Distancia - UNAD,54617-ESPECIALIZACION EN GESTION PUBLICA,Masculino,2012-1,2019,Independiente,"Actividades profesionales, científicas y técnicas",1,1,,"100,0%",NaN
2102-Universidad Nacional Abierta y a Distancia - UNAD,54617-ESPECIALIZACION EN GESTION PUBLICA,Masculino,2012-1,2019,No cotizante,Sin información,2,0,,"0,0%",NaN
2102-Universidad Nacional Abierta y a Distancia - UNAD,54617-ESPECIALIZACION EN GESTION PUBLICA,Masculino,2012-1,2020,Dependiente,Actividades de los hogares individuales en calidad de empleadores; actividades no diferenciadas de los hogares individuales como productores de bienes y servicios para uso propio,2,2,,"100,0%",NaN
2102-Universidad Nacional Abierta y a Distancia - UNAD,54617-ESPECIALIZACION EN GESTION PUBLICA,Masculino,2012-1,2020,Dependiente,"Actividades profesionales, científicas y técnicas",1,1,,"100,0%",NaN
2102-Universidad Nacional Abierta y a Distancia - UNAD,54617-ESPECIALIZACION EN GESTION PUBLICA,Masculino,2012-1,2020,Dependiente,Administración pública y defensa; planes de seguridad social de afiliación obligatoria,4,4,,"100,0%",NaN
2102-Universidad Nacional Abierta y a Distancia - UNAD,54617-ESPECIALIZACION EN GESTION PUBLICA,Masculino,2012-1,2020,Dependiente,Educación,1,1,,"100,0%",NaN
2102-Universidad Nacional Abierta y a Distancia - UNAD,54617-ESPECIALIZACION EN GESTION PUBLICA,Masculino,2012-1,2020,Independiente,"Actividades profesionales, científicas y técnicas",1,1,,"100,0%",NaN
2102-Universidad Nacional Abierta y a Distancia - UNAD,54617-ESPECIALIZACION EN GESTION PUBLICA,Masculino,2012-1,2020,No cotizante,Sin información,2,0,,"0,0%",NaN
2102-Universidad Nacional Abierta y a Distancia - UNAD,54617-ESPECIALIZACION EN GESTION PUBLICA,Masculino,2012-1,2021,Dependiente,"Actividades profesionales, científicas y técnicas",2,2,,"100,0%",NaN
2102-Universidad Nacional Abierta y a Distancia - UNAD,54617-ESPECIALIZACION EN GESTION PUBLICA,Masculino,2012-1,2021,Dependiente,Administración pública y defensa; planes de seguridad social de afiliación obligatoria,5,5,,"100,0%",NaN
2102-Universidad Nacional Abierta y a Distancia - UNAD,54617-ESPECIALIZACION EN GESTION PUBLICA,Masculino,2012-1,2021,Dependiente,Educación,1,1,,"100,0%",NaN
2102-Universidad Nacional Abierta y a Distancia - UNAD,54617-ESPECIALIZACION EN GESTION PUBLICA,Masculino,2012-1,2021,Independiente,"Actividades profesionales, científicas y técnicas",1,1,,"100,0%",NaN
2102-Universidad Nacional Abierta y a Distancia - UNAD,54617-ESPECIALIZACION EN GESTION PUBLICA,Masculino,2012-1,2021,Independiente,Otras actividades de servicios,1,1,,"100,0%",NaN
2102-Universidad Nacional Abierta y a Distancia - UNAD,54617-ESPECIALIZACION EN GESTION PUBLICA,Masculino,2012-1,2021,No cotizante,Sin información,1,0,,"0,0%",NaN
2102-Universidad Nacional Abierta y a Distancia - UNAD,54617-ESPECIALIZACION EN GESTION PUBLICA,Masculino,2012-1,2022,Dependiente,"Actividades profesionales, científicas y técnicas",1,1,,"100,0%",NaN
2102-Universidad Nacional Abierta y a Distancia - UNAD,54617-ESPECIALIZACION EN GESTION PUBLICA,Masculino,2012-1,2022,Dependiente,Administración pública y defensa; planes de seguridad social de afiliación obligatoria,6,6,,"100,0%",NaN
2102-Universidad Nacional Abierta y a Distancia - UNAD,54617-ESPECIALIZACION EN GESTION PUBLICA,Masculino,2012-1,2022,Dependiente,Educación,1,1,,"100,0%",NaN
2102-Universidad Nacional Abierta y a Distancia - UNAD,54617-ESPECIALIZACION EN GESTION PUBLICA,Masculino,2012-1,2022,Independiente,"Actividades profesionales, científicas y técnicas",1,1,,"100,0%",NaN
2102-Universidad Nacional Abierta y a Distancia - UNAD,54617-ESPECIALIZACION EN GESTION PUBLICA,Masculino,2012-1,2022,No cotizante,SIN DATO,2,0,,"0,0%",NaN
2102-Universidad Nacional Abierta y a Distancia - UNAD,54617-ESPECIALIZACION EN GESTION PUBLICA,Masculino,2012-1,2023,Dependiente,Actividades de servicios administrativos y de apoyo,2,2,,"100,0%",NaN
2102-Universidad Nacional Abierta y a Distancia - UNAD,54617-ESPECIALIZACION EN GESTION PUBLICA,Masculino,2012-1,2023,Dependiente,"Actividades profesionales, científicas y técnicas",1,1,,"100,0%",NaN
2102-Universidad Nacional Abierta y a Distancia - UNAD,54617-ESPECIALIZACION EN GESTION PUBLICA,Masculino,2012-1,2023,Dependiente,Administración pública y defensa; planes de seguridad social de afiliación obligatoria,5,5,,"100,0%",NaN
2102-Universidad Nacional Abierta y a Distancia - UNAD,54617-ESPECIALIZACION EN GESTION PUBLICA,Masculino,2012-1,2023,Dependiente,Educación,1,1,,"100,0%",NaN
2102-Universidad Nacional Abierta y a Distancia - UNAD,54617-ESPECIALIZACION EN GESTION PUBLICA,Masculino,2012-1,2023,Independiente,"Actividades profesionales, científicas y técnicas",1,1,,"100,0%",NaN
2102-Universidad Nacional Abierta y a Distancia - UNAD,54617-ESPECIALIZACION EN GESTION PUBLICA,Masculino,2012-1,2023,No cotizante,SIN DATO,1,0,,"0,0%",NaN
2102-Universidad Nacional Abierta y a Distancia - UNAD,10675-ESPECIALIZACION EN PEDAGOGIA PARA EL DESARROLLO DEL APRENDIZAJE AUTONOMO,Femenino,2012-1,2017,Dependiente,Actividades de organizaciones y entidades extraterritoriales,1,1,,"100,0%",NaN
2102-Universidad Nacional Abierta y a Distancia - UNAD,10675-ESPECIALIZACION EN PEDAGOGIA PARA EL DESARROLLO DEL APRENDIZAJE AUTONOMO,Femenino,2012-1,2017,Dependiente,Actividades de servicios administrativos y de apoyo,3,3,,"100,0%",NaN
2102-Universidad Nacional Abierta y a Distancia - UNAD,10675-ESPECIALIZACION EN PEDAGOGIA PARA EL DESARROLLO DEL APRENDIZAJE AUTONOMO,Femenino,2012-1,2017,Dependiente,"Actividades profesionales, científicas y técnicas",1,1,,"100,0%",NaN
2102-Universidad Nacional Abierta y a Distancia - UNAD,10675-ESPECIALIZACION EN PEDAGOGIA PARA EL DESARROLLO DEL APRENDIZAJE AUTONOMO,Femenino,2012-1,2017,Dependiente,Administración pública y defensa; planes de seguridad social de afiliación obligatoria,4,4,,"100,0%",NaN
2102-Universidad Nacional Abierta y a Distancia - UNAD,10675-ESPECIALIZACION EN PEDAGOGIA PARA EL DESARROLLO DEL APRENDIZAJE AUTONOMO,Femenino,2012-1,2017,Dependiente,Educación,3,3,,"100,0%",NaN
2102-Universidad Nacional Abierta y a Distancia - UNAD,10675-ESPECIALIZACION EN PEDAGOGIA PARA EL DESARROLLO DEL APRENDIZAJE AUTONOMO,Femenino,2012-1,2017,Independiente,Otras actividades de servicios,1,1,,"100,0%",NaN
2102-Universidad Nacional Abierta y a Distancia - UNAD,10675-ESPECIALIZACION EN PEDAGOGIA PARA EL DESARROLLO DEL APRENDIZAJE AUTONOMO,Femenino,2012-1,2018,Dependiente,Actividades de organizaciones y entidades extraterritoriales,1,1,,"100,0%",NaN
2102-Universidad Nacional Abierta y a Distancia - UNAD,10675-ESPECIALIZACION EN PEDAGOGIA PARA EL DESARROLLO DEL APRENDIZAJE AUTONOMO,Femenino,2012-1,2018,Dependiente,Actividades de servicios administrativos y de apoyo,3,3,,"100,0%",NaN
2102-Universidad Nacional Abierta y a Distancia - UNAD,10675-ESPECIALIZACION EN PEDAGOGIA PARA EL DESARROLLO DEL APRENDIZAJE AUTONOMO,Femenino,2012-1,2018,Dependiente,"Actividades profesionales, científicas y técnicas",1,1,,"100,0%",NaN
2102-Universidad Nacional Abierta y a Distancia - UNAD,10675-ESPECIALIZACION EN PEDAGOGIA PARA EL DESARROLLO DEL APRENDIZAJE AUTONOMO,Femenino,2012-1,2018,Dependiente,Administración pública y defensa; planes de seguridad social de afiliación obligatoria,4,4,,"100,0%",NaN
2102-Universidad Nacional Abierta y a Distancia - UNAD,10675-ESPECIALIZACION EN PEDAGOGIA PARA EL DESARROLLO DEL APRENDIZAJE AUTONOMO,Femenino,2012-1,2018,Dependiente,Educación,2,2,,"100,0%",NaN
2102-Universidad Nacional Abierta y a Distancia - UNAD,10675-ESPECIALIZACION EN PEDAGOGIA PARA EL DESARROLLO DEL APRENDIZAJE AUTONOMO,Femenino,2012-1,2018,Independiente,Otras actividades de servicios,1,1,,"100,0%",NaN
2102-Universidad Nacional Abierta y a Distancia - UNAD,10675-ESPECIALIZACION EN PEDAGOGIA PARA EL DESARROLLO DEL APRENDIZAJE AUTONOMO,Femenino,2012-1,2019,Dependiente,Actividades de organizaciones y entidades extraterritoriales,2,2,,"100,0%",NaN
2102-Universidad Nacional Abierta y a Distancia - UNAD,10675-ESPECIALIZACION EN PEDAGOGIA PARA EL DESARROLLO DEL APRENDIZAJE AUTONOMO,Femenino,2012-1,2019,Dependiente,Actividades de servicios administrativos y de apoyo,3,3,,"100,0%",NaN
2102-Universidad Nacional Abierta y a Distancia - UNAD,10675-ESPECIALIZACION EN PEDAGOGIA PARA EL DESARROLLO DEL APRENDIZAJE AUTONOMO,Femenino,2012-1,2019,Dependiente,"Actividades profesionales, científicas y técnicas",1,1,,"100,0%",NaN
2102-Universidad Nacional Abierta y a Distancia - UNAD,10675-ESPECIALIZACION EN PEDAGOGIA PARA EL DESARROLLO DEL APRENDIZAJE AUTONOMO,Femenino,2012-1,2019,Dependiente,Administración pública y defensa; planes de seguridad social de afiliación obligatoria,3,3,,"100,0%",NaN
2102-Universidad Nacional Abierta y a Distancia - UNAD,10675-ESPECIALIZACION EN PEDAGOGIA PARA EL DESARROLLO DEL APRENDIZAJE AUTONOMO,Femenino,2012-1,2019,Dependiente,Educación,2,2,,"100,0%",NaN
2102-Universidad Nacional Abierta y a Distancia - UNAD,10675-ESPECIALIZACION EN PEDAGOGIA PARA EL DESARROLLO DEL APRENDIZAJE AUTONOMO,Femenino,2012-1,2019,Independiente,Otras actividades de servicios,1,1,,"100,0%",NaN
2102-Universidad Nacional Abierta y a Distancia - UNAD,10675-ESPECIALIZACION EN PEDAGOGIA PARA EL DESARROLLO DEL APRENDIZAJE AUTONOMO,Femenino,2012-1,2020,Dependiente,Actividades de organizaciones y entidades extraterritoriales,1,1,,"100,0%",NaN
2102-Universidad Nacional Abierta y a Distancia - UNAD,10675-ESPECIALIZACION EN PEDAGOGIA PARA EL DESARROLLO DEL APRENDIZAJE AUTONOMO,Femenino,2012-1,2020,Dependiente,Actividades de servicios administrativos y de apoyo,2,2,,"100,0%",NaN
2102-Universidad Nacional Abierta y a Distancia - UNAD,10675-ESPECIALIZACION EN PEDAGOGIA PARA EL DESARROLLO DEL APRENDIZAJE AUTONOMO,Femenino,2012-1,2020,Dependiente,"Actividades profesionales, científicas y técnicas",1,1,,"100,0%",NaN
2102-Universidad Nacional Abierta y a Distancia - UNAD,10675-ESPECIALIZACION EN PEDAGOGIA PARA EL DESARROLLO DEL APRENDIZAJE AUTONOMO,Femenino,2012-1,2020,Dependiente,Administración pública y defensa; planes de seguridad social de afiliación obligatoria,4,4,,"100,0%",NaN
2102-Universidad Nacional Abierta y a Distancia - UNAD,10675-ESPECIALIZACION EN PEDAGOGIA PARA EL DESARROLLO DEL APRENDIZAJE AUTONOMO,Femenino,2012-1,2020,Dependiente,Educación,1,1,,"100,0%",NaN
2102-Universidad Nacional Abierta y a Distancia - UNAD,10675-ESPECIALIZACION EN PEDAGOGIA PARA EL DESARROLLO DEL APRENDIZAJE AUTONOMO,Femenino,2012-1,2020,Independiente,Administración pública y defensa; planes de seguridad social de afiliación obligatoria,1,1,,"100,0%",NaN
2102-Universidad Nacional Abierta y a Distancia - UNAD,10675-ESPECIALIZACION EN PEDAGOGIA PARA EL DESARROLLO DEL APRENDIZAJE AUTONOMO,Femenino,2012-1,2020,Independiente,Otras actividades de servicios,1,1,,"100,0%",NaN
2102-Universidad Nacional Abierta y a Distancia - UNAD,10675-ESPECIALIZACION EN PEDAGOGIA PARA EL DESARROLLO DEL APRENDIZAJE AUTONOMO,Femenino,2012-1,2021,Dependiente,Actividades de organizaciones y entidades extraterritoriales,1,1,,"100,0%",NaN
2102-Universidad Nacional Abierta y a Distancia - UNAD,10675-ESPECIALIZACION EN PEDAGOGIA PARA EL DESARROLLO DEL APRENDIZAJE AUTONOMO,Femenino,2012-1,2021,Dependiente,Actividades de servicios administrativos y de apoyo,1,1,,"100,0%",NaN
2102-Universidad Nacional Abierta y a Distancia - UNAD,10675-ESPECIALIZACION EN PEDAGOGIA PARA EL DESARROLLO DEL APRENDIZAJE AUTONOMO,Femenino,2012-1,2021,Dependiente,"Actividades profesionales, científicas y técnicas",3,3,,"100,0%",NaN
2102-Universidad Nacional Abierta y a Distancia - UNAD,10675-ESPECIALIZACION EN PEDAGOGIA PARA EL DESARROLLO DEL APRENDIZAJE AUTONOMO,Femenino,2012-1,2021,Dependiente,Administración pública y defensa; planes de seguridad social de afiliación obligatoria,2,2,,"100,0%",NaN
2102-Universidad Nacional Abierta y a Distancia - UNAD,10675-ESPECIALIZACION EN PEDAGOGIA PARA EL DESARROLLO DEL APRENDIZAJE AUTONOMO,Femenino,2012-1,2021,Dependiente,Educación,1,1,,"100,0%",NaN
2102-Universidad Nacional Abierta y a Distancia - UNAD,10675-ESPECIALIZACION EN PEDAGOGIA PARA EL DESARROLLO DEL APRENDIZAJE AUTONOMO,Femenino,2012-1,2021,Dependiente,Otras actividades de servicios,1,1,,"100,0%",NaN
2102-Universidad Nacional Abierta y a Distancia - UNAD,10675-ESPECIALIZACION EN PEDAGOGIA PARA EL DESARROLLO DEL APRENDIZAJE AUTONOMO,Femenino,2012-1,2021,Independiente,Administración pública y defensa; planes de seguridad social de afiliación obligatoria,1,1,,"100,0%",NaN
2102-Universidad Nacional Abierta y a Distancia - UNAD,10675-ESPECIALIZACION EN PEDAGOGIA PARA EL DESARROLLO DEL APRENDIZAJE AUTONOMO,Femenino,2012-1,2021,Independiente,Otras actividades de servicios,1,1,,"100,0%",NaN
2102-Universidad Nacional Abierta y a Distancia - UNAD,10675-ESPECIALIZACION EN PEDAGOGIA PARA EL DESARROLLO DEL APRENDIZAJE AUTONOMO,Femenino,2012-1,2022,Dependiente,Actividades de servicios administrativos y de apoyo,1,1,,"100,0%",NaN
2102-Universidad Nacional Abierta y a Distancia - UNAD,10675-ESPECIALIZACION EN PEDAGOGIA PARA EL DESARROLLO DEL APRENDIZAJE AUTONOMO,Femenino,2012-1,2022,Dependiente,"Actividades profesionales, científicas y técnicas",2,2,,"100,0%",NaN
2102-Universidad Nacional Abierta y a Distancia - UNAD,10675-ESPECIALIZACION EN PEDAGOGIA PARA EL DESARROLLO DEL APRENDIZAJE AUTONOMO,Femenino,2012-1,2022,Dependiente,Administración pública y defensa; planes de seguridad social de afiliación obligatoria,4,4,,"100,0%",NaN
2102-Universidad Nacional Abierta y a Distancia - UNAD,10675-ESPECIALIZACION EN PEDAGOGIA PARA EL DESARROLLO DEL APRENDIZAJE AUTONOMO,Femenino,2012-1,2022,Dependiente,Educación,1,1,,"100,0%",NaN
2102-Universidad Nacional Abierta y a Distancia - UNAD,10675-ESPECIALIZACION EN PEDAGOGIA PARA EL DESARROLLO DEL APRENDIZAJE AUTONOMO,Femenino,2012-1,2022,Dependiente,Otras actividades de servicios,1,1,,"100,0%",NaN
2102-Universidad Nacional Abierta y a Distancia - UNAD,10675-ESPECIALIZACION EN PEDAGOGIA PARA EL DESARROLLO DEL APRENDIZAJE AUTONOMO,Femenino,2012-1,2022,Independiente,Administración pública y defensa; planes de seguridad social de afiliación obligatoria,1,1,,"100,0%",NaN
2102-Universidad Nacional Abierta y a Distancia - UNAD,10675-ESPECIALIZACION EN PEDAGOGIA PARA EL DESARROLLO DEL APRENDIZAJE AUTONOMO,Femenino,2012-1,2022,Independiente,Otras actividades de servicios,1,1,,"100,0%",NaN
2102-Universidad Nacional Abierta y a Distancia - UNAD,10675-ESPECIALIZACION EN PEDAGOGIA PARA EL DESARROLLO DEL APRENDIZAJE AUTONOMO,Femenino,2012-1,2023,Dependiente,Actividades de servicios administrativos y de apoyo,1,1,,"100,0%",NaN
2102-Universidad Nacional Abierta y a Distancia - UNAD,10675-ESPECIALIZACION EN PEDAGOGIA PARA EL DESARROLLO DEL APRENDIZAJE AUTONOMO,Femenino,2012-1,2023,Dependiente,Administración pública y defensa; planes de seguridad social de afiliación obligatoria,5,5,,"100,0%",NaN
2102-Universidad Nacional Abierta y a Distancia - UNAD,10675-ESPECIALIZACION EN PEDAGOGIA PARA EL DESARROLLO DEL APRENDIZAJE AUTONOMO,Femenino,2012-1,2023,Dependiente,Educación,2,2,,"100,0%",NaN
2102-Universidad Nacional Abierta y a Distancia - UNAD,10675-ESPECIALIZACION EN PEDAGOGIA PARA EL DESARROLLO DEL APRENDIZAJE AUTONOMO,Femenino,2012-1,2023,Dependiente,Otras actividades de servicios,1,1,,"100,0%",NaN
2102-Universidad Nacional Abierta y a Distancia - UNAD,10675-ESPECIALIZACION EN PEDAGOGIA PARA EL DESARROLLO DEL APRENDIZAJE AUTONOMO,Femenino,2012-1,2023,Independiente,Otras actividades de servicios,1,1,,"100,0%",NaN
2102-Universidad Nacional Abierta y a Distancia - UNAD,10675-ESPECIALIZACION EN PEDAGOGIA PARA EL DESARROLLO DEL APRENDIZAJE AUTONOMO,Masculino,2012-1,2017,Dependiente,"Actividades artísticas, de entretenimiento y recreación",1,1,,"100,0%",NaN
2102-Universidad Nacional Abierta y a Distancia - UNAD,10675-ESPECIALIZACION EN PEDAGOGIA PARA EL DESARROLLO DEL APRENDIZAJE AUTONOMO,Masculino,2012-1,2017,Dependiente,"Actividades profesionales, científicas y técnicas",3,3,,"100,0%",NaN
2102-Universidad Nacional Abierta y a Distancia - UNAD,10675-ESPECIALIZACION EN PEDAGOGIA PARA EL DESARROLLO DEL APRENDIZAJE AUTONOMO,Masculino,2012-1,2017,Dependiente,Administración pública y defensa; planes de seguridad social de afiliación obligatoria,3,3,,"100,0%",NaN
2102-Universidad Nacional Abierta y a Distancia - UNAD,10675-ESPECIALIZACION EN PEDAGOGIA PARA EL DESARROLLO DEL APRENDIZAJE AUTONOMO,Masculino,2012-1,2017,Dependiente,Sin información,2,2,,"100,0%",NaN
2102-Universidad Nacional Abierta y a Distancia - UNAD,10675-ESPECIALIZACION EN PEDAGOGIA PARA EL DESARROLLO DEL APRENDIZAJE AUTONOMO,Masculino,2012-1,2017,No cotizante,Sin información,2,0,,"0,0%",NaN
2102-Universidad Nacional Abierta y a Distancia - UNAD,10675-ESPECIALIZACION EN PEDAGOGIA PARA EL DESARROLLO DEL APRENDIZAJE AUTONOMO,Masculino,2012-1,2018,Dependiente,"Actividades artísticas, de entretenimiento y recreación",1,1,,"100,0%",NaN
2102-Universidad Nacional Abierta y a Distancia - UNAD,10675-ESPECIALIZACION EN PEDAGOGIA PARA EL DESARROLLO DEL APRENDIZAJE AUTONOMO,Masculino,2012-1,2018,Dependiente,"Actividades profesionales, científicas y técnicas",5,5,,"100,0%",NaN
2102-Universidad Nacional Abierta y a Distancia - UNAD,10675-ESPECIALIZACION EN PEDAGOGIA PARA EL DESARROLLO DEL APRENDIZAJE AUTONOMO,Masculino,2012-1,2018,Dependiente,Administración pública y defensa; planes de seguridad social de afiliación obligatoria,1,1,,"100,0%",NaN
2102-Universidad Nacional Abierta y a Distancia - UNAD,10675-ESPECIALIZACION EN PEDAGOGIA PARA EL DESARROLLO DEL APRENDIZAJE AUTONOMO,Masculino,2012-1,2018,Dependiente,Sin información,2,2,,"100,0%",NaN
2102-Universidad Nacional Abierta y a Distancia - UNAD,10675-ESPECIALIZACION EN PEDAGOGIA PARA EL DESARROLLO DEL APRENDIZAJE AUTONOMO,Masculino,2012-1,2018,No cotizante,Sin información,2,0,,"0,0%",NaN
2102-Universidad Nacional Abierta y a Distancia - UNAD,10675-ESPECIALIZACION EN PEDAGOGIA PARA EL DESARROLLO DEL APRENDIZAJE AUTONOMO,Masculino,2012-1,2019,Dependiente,Actividades de organizaciones y entidades extraterritoriales,1,1,,"100,0%",NaN
2102-Universidad Nacional Abierta y a Distancia - UNAD,10675-ESPECIALIZACION EN PEDAGOGIA PARA EL DESARROLLO DEL APRENDIZAJE AUTONOMO,Masculino,2012-1,2019,Dependiente,"Actividades profesionales, científicas y técnicas",5,5,,"100,0%",NaN
2102-Universidad Nacional Abierta y a Distancia - UNAD,10675-ESPECIALIZACION EN PEDAGOGIA PARA EL DESARROLLO DEL APRENDIZAJE AUTONOMO,Masculino,2012-1,2019,Dependiente,Administración pública y defensa; planes de seguridad social de afiliación obligatoria,3,3,,"100,0%",NaN
2102-Universidad Nacional Abierta y a Distancia - UNAD,10675-ESPECIALIZACION EN PEDAGOGIA PARA EL DESARROLLO DEL APRENDIZAJE AUTONOMO,Masculino,2012-1,2019,Independiente,"Actividades profesionales, científicas y técnicas",1,1,,"100,0%",NaN
2102-Universidad Nacional Abierta y a Distancia - UNAD,10675-ESPECIALIZACION EN PEDAGOGIA PARA EL DESARROLLO DEL APRENDIZAJE AUTONOMO,Masculino,2012-1,2019,No cotizante,Sin información,1,0,,"0,0%",NaN
2102-Universidad Nacional Abierta y a Distancia - UNAD,10675-ESPECIALIZACION EN PEDAGOGIA PARA EL DESARROLLO DEL APRENDIZAJE AUTONOMO,Masculino,2012-1,2020,Dependiente,Actividades de organizaciones y entidades extraterritoriales,1,1,,"100,0%",NaN
2102-Universidad Nacional Abierta y a Distancia - UNAD,10675-ESPECIALIZACION EN PEDAGOGIA PARA EL DESARROLLO DEL APRENDIZAJE AUTONOMO,Masculino,2012-1,2020,Dependiente,"Actividades profesionales, científicas y técnicas",3,3,,"100,0%",NaN
2102-Universidad Nacional Abierta y a Distancia - UNAD,10675-ESPECIALIZACION EN PEDAGOGIA PARA EL DESARROLLO DEL APRENDIZAJE AUTONOMO,Masculino,2012-1,2020,Dependiente,Administración pública y defensa; planes de seguridad social de afiliación obligatoria,5,5,,"100,0%",NaN
2102-Universidad Nacional Abierta y a Distancia - UNAD,10675-ESPECIALIZACION EN PEDAGOGIA PARA EL DESARROLLO DEL APRENDIZAJE AUTONOMO,Masculino,2012-1,2020,No cotizante,Sin información,2,0,,"0,0%",NaN
2102-Universidad Nacional Abierta y a Distancia - UNAD,10675-ESPECIALIZACION EN PEDAGOGIA PARA EL DESARROLLO DEL APRENDIZAJE AUTONOMO,Masculino,2012-1,2021,Dependiente,Actividades de organizaciones y entidades extraterritoriales,1,1,,"100,0%",NaN
2102-Universidad Nacional Abierta y a Distancia - UNAD,10675-ESPECIALIZACION EN PEDAGOGIA PARA EL DESARROLLO DEL APRENDIZAJE AUTONOMO,Masculino,2012-1,2021,Dependiente,"Actividades profesionales, científicas y técnicas",3,3,,"100,0%",NaN
2102-Universidad Nacional Abierta y a Distancia - UNAD,10675-ESPECIALIZACION EN PEDAGOGIA PARA EL DESARROLLO DEL APRENDIZAJE AUTONOMO,Masculino,2012-1,2021,Dependiente,Administración pública y defensa; planes de seguridad social de afiliación obligatoria,5,5,,"100,0%",NaN
2102-Universidad Nacional Abierta y a Distancia - UNAD,10675-ESPECIALIZACION EN PEDAGOGIA PARA EL DESARROLLO DEL APRENDIZAJE AUTONOMO,Masculino,2012-1,2021,No cotizante,Sin información,2,0,,"0,0%",NaN
2102-Universidad Nacional Abierta y a Distancia - UNAD,10675-ESPECIALIZACION EN PEDAGOGIA PARA EL DESARROLLO DEL APRENDIZAJE AUTONOMO,Masculino,2012-1,2022,Dependiente,"Actividades profesionales, científicas y técnicas",4,4,,"100,0%",NaN
2102-Universidad Nacional Abierta y a Distancia - UNAD,10675-ESPECIALIZACION EN PEDAGOGIA PARA EL DESARROLLO DEL APRENDIZAJE AUTONOMO,Masculino,2012-1,2022,Dependiente,Administración pública y defensa; planes de seguridad social de afiliación obligatoria,4,4,,"100,0%",NaN
2102-Universidad Nacional Abierta y a Distancia - UNAD,10675-ESPECIALIZACION EN PEDAGOGIA PARA EL DESARROLLO DEL APRENDIZAJE AUTONOMO,Masculino,2012-1,2022,Dependiente,Comercio al por mayor y al por menor; reparación de vehículos automotores y motocicletas,1,1,,"100,0%",NaN
2102-Universidad Nacional Abierta y a Distancia - UNAD,10675-ESPECIALIZACION EN PEDAGOGIA PARA EL DESARROLLO DEL APRENDIZAJE AUTONOMO,Masculino,2012-1,2022,No cotizante,SIN DATO,2,0,,"0,0%",NaN
2102-Universidad Nacional Abierta y a Distancia - UNAD,10675-ESPECIALIZACION EN PEDAGOGIA PARA EL DESARROLLO DEL APRENDIZAJE AUTONOMO,Masculino,2012-1,2023,Dependiente,Actividades de servicios administrativos y de apoyo,2,2,,"100,0%",NaN
2102-Universidad Nacional Abierta y a Distancia - UNAD,10675-ESPECIALIZACION EN PEDAGOGIA PARA EL DESARROLLO DEL APRENDIZAJE AUTONOMO,Masculino,2012-1,2023,Dependiente,"Actividades profesionales, científicas y técnicas",1,1,,"100,0%",NaN
2102-Universidad Nacional Abierta y a Distancia - UNAD,10675-ESPECIALIZACION EN PEDAGOGIA PARA EL DESARROLLO DEL APRENDIZAJE AUTONOMO,Masculino,2012-1,2023,Dependiente,Administración pública y defensa; planes de seguridad social de afiliación obligatoria,5,5,,"100,0%",NaN
2102-Universidad Nacional Abierta y a Distancia - UNAD,10675-ESPECIALIZACION EN PEDAGOGIA PARA EL DESARROLLO DEL APRENDIZAJE AUTONOMO,Masculino,2012-1,2023,No cotizante,SIN DATO,2,0,,"0,0%",NaN
2102-Universidad Nacional Abierta y a Distancia - UNAD,1689-INGENIERIA DE ALIMENTOS,Femenino,2012-1,2016,Dependiente,Actividades de atención de la salud humana y de asistencia social,1,1,,"100,0%",$5.147.455
2102-Universidad Nacional Abierta y a Distancia - UNAD,1689-INGENIERIA DE ALIMENTOS,Femenino,2012-1,2016,Dependiente,Actividades de servicios administrativos y de apoyo,1,1,,"100,0%",$3.500.000
2102-Universidad Nacional Abierta y a Distancia - UNAD,1689-INGENIERIA DE ALIMENTOS,Femenino,2012-1,2016,Dependiente,"Agricultura, ganadería, caza, silvicultura y pesca",1,1,,"100,0%",$2.203.000
2102-Universidad Nacional Abierta y a Distancia - UNAD,1689-INGENIERIA DE ALIMENTOS,Femenino,2012-1,2016,Dependiente,Comercio al por mayor y al por menor; reparación de vehículos automotores y motocicletas,1,1,,"100,0%",$3.000.000
2102-Universidad Nacional Abierta y a Distancia - UNAD,1689-INGENIERIA DE ALIMENTOS,Femenino,2012-1,2016,Dependiente,Educación,1,1,,"100,0%",$1.743.000
2102-Universidad Nacional Abierta y a Distancia - UNAD,1689-INGENIERIA DE ALIMENTOS,Femenino,2012-1,2016,Dependiente,Explotación de minas y canteras,2,2,,"100,0%",$2.820.000
2102-Universidad Nacional Abierta y a Distancia - UNAD,1689-INGENIERIA DE ALIMENTOS,Femenino,2012-1,2016,Dependiente,Industrias manufactureras,3,3,,"100,0%",$2.195.667
2102-Universidad Nacional Abierta y a Distancia - UNAD,1689-INGENIERIA DE ALIMENTOS,Femenino,2012-1,2016,Dependiente,Sin información,1,1,,"100,0%",$1.657.000
2102-Universidad Nacional Abierta y a Distancia - UNAD,1689-INGENIERIA DE ALIMENTOS,Femenino,2012-1,2016,Independiente,"Actividades profesionales, científicas y técnicas",2,2,,"100,0%",NaN
2102-Universidad Nacional Abierta y a Distancia - UNAD,1689-INGENIERIA DE ALIMENTOS,Femenino,2012-1,2016,Independiente,Información y comunicaciones,1,1,,"100,0%",NaN
2102-Universidad Nacional Abierta y a Distancia - UNAD,1689-INGENIERIA DE ALIMENTOS,Femenino,2012-1,2016,Independiente,Sin información,4,4,,"100,0%",NaN
2102-Universidad Nacional Abierta y a Distancia - UNAD,1689-INGENIERIA DE ALIMENTOS,Femenino,2012-1,2016,No cotizante,Sin información,4,0,,"0,0%",NaN
2102-Universidad Nacional Abierta y a Distancia - UNAD,1689-INGENIERIA DE ALIMENTOS,Femenino,2012-1,2017,Dependiente,"Actividades artísticas, de entretenimiento y recreación",1,1,,"100,0%",NaN
2102-Universidad Nacional Abierta y a Distancia - UNAD,1689-INGENIERIA DE ALIMENTOS,Femenino,2012-1,2017,Dependiente,Actividades de servicios administrativos y de apoyo,1,1,,"100,0%",NaN
2102-Universidad Nacional Abierta y a Distancia - UNAD,1689-INGENIERIA DE ALIMENTOS,Femenino,2012-1,2017,Dependiente,Administración pública y defensa; planes de seguridad social de afiliación obligatoria,1,1,,"100,0%",NaN
2102-Universidad Nacional Abierta y a Distancia - UNAD,1689-INGENIERIA DE ALIMENTOS,Femenino,2012-1,2017,Dependiente,Alojamiento y servicios de comida,1,1,,"100,0%",NaN
2102-Universidad Nacional Abierta y a Distancia - UNAD,1689-INGENIERIA DE ALIMENTOS,Femenino,2012-1,2017,Dependiente,Comercio al por mayor y al por menor; reparación de vehículos automotores y motocicletas,1,1,,"100,0%",NaN
2102-Universidad Nacional Abierta y a Distancia - UNAD,1689-INGENIERIA DE ALIMENTOS,Femenino,2012-1,2017,Dependiente,Educación,1,1,,"100,0%",NaN
2102-Universidad Nacional Abierta y a Distancia - UNAD,1689-INGENIERIA DE ALIMENTOS,Femenino,2012-1,2017,Dependiente,Industrias manufactureras,4,4,,"100,0%",NaN
2102-Universidad Nacional Abierta y a Distancia - UNAD,1689-INGENIERIA DE ALIMENTOS,Femenino,2012-1,2017,Independiente,"Actividades profesionales, científicas y técnicas",1,1,,"100,0%",NaN
2102-Universidad Nacional Abierta y a Distancia - UNAD,1689-INGENIERIA DE ALIMENTOS,Femenino,2012-1,2017,Independiente,Información y comunicaciones,1,1,,"100,0%",NaN
2102-Universidad Nacional Abierta y a Distancia - UNAD,1689-INGENIERIA DE ALIMENTOS,Femenino,2012-1,2017,Independiente,Sin información,5,5,,"100,0%",NaN
2102-Universidad Nacional Abierta y a Distancia - UNAD,1689-INGENIERIA DE ALIMENTOS,Femenino,2012-1,2017,No cotizante,Sin información,5,0,,"0,0%",NaN
2102-Universidad Nacional Abierta y a Distancia - UNAD,1689-INGENIERIA DE ALIMENTOS,Femenino,2012-1,2018,Dependiente,"Actividades artísticas, de entretenimiento y recreación",1,1,,"100,0%",NaN
2102-Universidad Nacional Abierta y a Distancia - UNAD,1689-INGENIERIA DE ALIMENTOS,Femenino,2012-1,2018,Dependiente,Actividades de servicios administrativos y de apoyo,1,1,,"100,0%",NaN
2102-Universidad Nacional Abierta y a Distancia - UNAD,1689-INGENIERIA DE ALIMENTOS,Femenino,2012-1,2018,Dependiente,Administración pública y defensa; planes de seguridad social de afiliación obligatoria,1,1,,"100,0%",NaN
2102-Universidad Nacional Abierta y a Distancia - UNAD,1689-INGENIERIA DE ALIMENTOS,Femenino,2012-1,2018,Dependiente,Alojamiento y servicios de comida,1,1,,"100,0%",NaN
2102-Universidad Nacional Abierta y a Distancia - UNAD,1689-INGENIERIA DE ALIMENTOS,Femenino,2012-1,2018,Dependiente,Comercio al por mayor y al por menor; reparación de vehículos automotores y motocicletas,1,1,,"100,0%",NaN
2102-Universidad Nacional Abierta y a Distancia - UNAD,1689-INGENIERIA DE ALIMENTOS,Femenino,2012-1,2018,Dependiente,Educación,1,1,,"100,0%",NaN
2102-Universidad Nacional Abierta y a Distancia - UNAD,1689-INGENIERIA DE ALIMENTOS,Femenino,2012-1,2018,Dependiente,Industrias manufactureras,3,3,,"100,0%",NaN
2102-Universidad Nacional Abierta y a Distancia - UNAD,1689-INGENIERIA DE ALIMENTOS,Femenino,2012-1,2018,Dependiente,Sin información,1,1,,"100,0%",NaN
2102-Universidad Nacional Abierta y a Distancia - UNAD,1689-INGENIERIA DE ALIMENTOS,Femenino,2012-1,2018,Independiente,"Actividades profesionales, científicas y técnicas",2,2,,"100,0%",NaN
2102-Universidad Nacional Abierta y a Distancia - UNAD,1689-INGENIERIA DE ALIMENTOS,Femenino,2012-1,2018,Independiente,Información y comunicaciones,1,1,,"100,0%",NaN
2102-Universidad Nacional Abierta y a Distancia - UNAD,1689-INGENIERIA DE ALIMENTOS,Femenino,2012-1,2018,Independiente,Sin información,5,5,,"100,0%",NaN
2102-Universidad Nacional Abierta y a Distancia - UNAD,1689-INGENIERIA DE ALIMENTOS,Femenino,2012-1,2018,No cotizante,Sin información,4,0,,"0,0%",NaN
2102-Universidad Nacional Abierta y a Distancia - UNAD,1689-INGENIERIA DE ALIMENTOS,Femenino,2012-1,2019,Dependiente,"Actividades artísticas, de entretenimiento y recreación",1,1,,"100,0%",NaN
2102-Universidad Nacional Abierta y a Distancia - UNAD,1689-INGENIERIA DE ALIMENTOS,Femenino,2012-1,2019,Dependiente,Administración pública y defensa; planes de seguridad social de afiliación obligatoria,1,1,,"100,0%",NaN
2102-Universidad Nacional Abierta y a Distancia - UNAD,1689-INGENIERIA DE ALIMENTOS,Femenino,2012-1,2019,Dependiente,Alojamiento y servicios de comida,1,1,,"100,0%",NaN
2102-Universidad Nacional Abierta y a Distancia - UNAD,1689-INGENIERIA DE ALIMENTOS,Femenino,2012-1,2019,Dependiente,Comercio al por mayor y al por menor; reparación de vehículos automotores y motocicletas,1,1,,"100,0%",NaN
2102-Universidad Nacional Abierta y a Distancia - UNAD,1689-INGENIERIA DE ALIMENTOS,Femenino,2012-1,2019,Dependiente,Educación,1,1,,"100,0%",NaN
2102-Universidad Nacional Abierta y a Distancia - UNAD,1689-INGENIERIA DE ALIMENTOS,Femenino,2012-1,2019,Dependiente,Industrias manufactureras,2,2,,"100,0%",NaN
2102-Universidad Nacional Abierta y a Distancia - UNAD,1689-INGENIERIA DE ALIMENTOS,Femenino,2012-1,2019,Independiente,"Actividades profesionales, científicas y técnicas",3,3,,"100,0%",NaN
2102-Universidad Nacional Abierta y a Distancia - UNAD,1689-INGENIERIA DE ALIMENTOS,Femenino,2012-1,2019,Independiente,Administración pública y defensa; planes de seguridad social de afiliación obligatoria,3,3,,"100,0%",NaN
2102-Universidad Nacional Abierta y a Distancia - UNAD,1689-INGENIERIA DE ALIMENTOS,Femenino,2012-1,2019,Independiente,Información y comunicaciones,1,1,,"100,0%",NaN
2102-Universidad Nacional Abierta y a Distancia - UNAD,1689-INGENIERIA DE ALIMENTOS,Femenino,2012-1,2019,Independiente,Otras actividades de servicios,1,1,,"100,0%",NaN
2102-Universidad Nacional Abierta y a Distancia - UNAD,1689-INGENIERIA DE ALIMENTOS,Femenino,2012-1,2019,Independiente,Sin información,1,1,,"100,0%",NaN
2102-Universidad Nacional Abierta y a Distancia - UNAD,1689-INGENIERIA DE ALIMENTOS,Femenino,2012-1,2019,No cotizante,Sin información,3,0,,"0,0%",NaN
2102-Universidad Nacional Abierta y a Distancia - UNAD,1689-INGENIERIA DE ALIMENTOS,Femenino,2012-1,2020,Dependiente,"Actividades profesionales, científicas y técnicas",1,1,,"100,0%",NaN
2102-Universidad Nacional Abierta y a Distancia - UNAD,1689-INGENIERIA DE ALIMENTOS,Femenino,2012-1,2020,Dependiente,Administración pública y defensa; planes de seguridad social de afiliación obligatoria,1,1,,"100,0%",NaN
2102-Universidad Nacional Abierta y a Distancia - UNAD,1689-INGENIERIA DE ALIMENTOS,Femenino,2012-1,2020,Dependiente,Alojamiento y servicios de comida,1,1,,"100,0%",NaN
2102-Universidad Nacional Abierta y a Distancia - UNAD,1689-INGENIERIA DE ALIMENTOS,Femenino,2012-1,2020,Dependiente,Comercio al por mayor y al por menor; reparación de vehículos automotores y motocicletas,1,1,,"100,0%",NaN
2102-Universidad Nacional Abierta y a Distancia - UNAD,1689-INGENIERIA DE ALIMENTOS,Femenino,2012-1,2020,Dependiente,Educación,1,1,,"100,0%",NaN
2102-Universidad Nacional Abierta y a Distancia - UNAD,1689-INGENIERIA DE ALIMENTOS,Femenino,2012-1,2020,Dependiente,Industrias manufactureras,2,2,,"100,0%",NaN
2102-Universidad Nacional Abierta y a Distancia - UNAD,1689-INGENIERIA DE ALIMENTOS,Femenino,2012-1,2020,Independiente,Actividades de servicios administrativos y de apoyo,1,1,,"100,0%",NaN
2102-Universidad Nacional Abierta y a Distancia - UNAD,1689-INGENIERIA DE ALIMENTOS,Femenino,2012-1,2020,Independiente,"Actividades profesionales, científicas y técnicas",2,2,,"100,0%",NaN
2102-Universidad Nacional Abierta y a Distancia - UNAD,1689-INGENIERIA DE ALIMENTOS,Femenino,2012-1,2020,Independiente,Administración pública y defensa; planes de seguridad social de afiliación obligatoria,2,2,,"100,0%",NaN
2102-Universidad Nacional Abierta y a Distancia - UNAD,1689-INGENIERIA DE ALIMENTOS,Femenino,2012-1,2020,Independiente,Otras actividades de servicios,1,1,,"100,0%",NaN
2102-Universidad Nacional Abierta y a Distancia - UNAD,1689-INGENIERIA DE ALIMENTOS,Femenino,2012-1,2020,No cotizante,Sin información,5,0,,"0,0%",NaN
2102-Universidad Nacional Abierta y a Distancia - UNAD,1689-INGENIERIA DE ALIMENTOS,Femenino,2012-1,2021,Dependiente,"Actividades artísticas, de entretenimiento y recreación",1,1,,"100,0%",NaN
2102-Universidad Nacional Abierta y a Distancia - UNAD,1689-INGENIERIA DE ALIMENTOS,Femenino,2012-1,2021,Dependiente,Administración pública y defensa; planes de seguridad social de afiliación obligatoria,1,1,,"100,0%",NaN
2102-Universidad Nacional Abierta y a Distancia - UNAD,1689-INGENIERIA DE ALIMENTOS,Femenino,2012-1,2021,Dependiente,Educación,1,1,,"100,0%",NaN
2102-Universidad Nacional Abierta y a Distancia - UNAD,1689-INGENIERIA DE ALIMENTOS,Femenino,2012-1,2021,Dependiente,Industrias manufactureras,3,3,,"100,0%",NaN
2102-Universidad Nacional Abierta y a Distancia - UNAD,1689-INGENIERIA DE ALIMENTOS,Femenino,2012-1,2021,Independiente,Actividades de servicios administrativos y de apoyo,2,2,,"100,0%",NaN
2102-Universidad Nacional Abierta y a Distancia - UNAD,1689-INGENIERIA DE ALIMENTOS,Femenino,2012-1,2021,Independiente,"Actividades profesionales, científicas y técnicas",3,3,,"100,0%",NaN
2102-Universidad Nacional Abierta y a Distancia - UNAD,1689-INGENIERIA DE ALIMENTOS,Femenino,2012-1,2021,Independiente,Administración pública y defensa; planes de seguridad social de afiliación obligatoria,1,1,,"100,0%",NaN
2102-Universidad Nacional Abierta y a Distancia - UNAD,1689-INGENIERIA DE ALIMENTOS,Femenino,2012-1,2021,Independiente,"Agricultura, ganadería, caza, silvicultura y pesca",1,1,,"100,0%",NaN
2102-Universidad Nacional Abierta y a Distancia - UNAD,1689-INGENIERIA DE ALIMENTOS,Femenino,2012-1,2021,Independiente,Otras actividades de servicios,2,2,,"100,0%",NaN
2102-Universidad Nacional Abierta y a Distancia - UNAD,1689-INGENIERIA DE ALIMENTOS,Femenino,2012-1,2021,No cotizante,Sin información,3,0,,"0,0%",NaN
2102-Universidad Nacional Abierta y a Distancia - UNAD,1689-INGENIERIA DE ALIMENTOS,Femenino,2012-1,2022,Dependiente,"Actividades artísticas, de entretenimiento y recreación",1,1,,"100,0%",NaN
2102-Universidad Nacional Abierta y a Distancia - UNAD,1689-INGENIERIA DE ALIMENTOS,Femenino,2012-1,2022,Dependiente,Actividades de atención de la salud humana y de asistencia social,1,1,,"100,0%",NaN
2102-Universidad Nacional Abierta y a Distancia - UNAD,1689-INGENIERIA DE ALIMENTOS,Femenino,2012-1,2022,Dependiente,Alojamiento y servicios de comida,1,1,,"100,0%",NaN
2102-Universidad Nacional Abierta y a Distancia - UNAD,1689-INGENIERIA DE ALIMENTOS,Femenino,2012-1,2022,Dependiente,Industrias manufactureras,2,2,,"100,0%",NaN
2102-Universidad Nacional Abierta y a Distancia - UNAD,1689-INGENIERIA DE ALIMENTOS,Femenino,2012-1,2022,Independiente,Actividades de servicios administrativos y de apoyo,1,1,,"100,0%",NaN
2102-Universidad Nacional Abierta y a Distancia - UNAD,1689-INGENIERIA DE ALIMENTOS,Femenino,2012-1,2022,Independiente,"Actividades profesionales, científicas y técnicas",1,1,,"100,0%",NaN
2102-Universidad Nacional Abierta y a Distancia - UNAD,1689-INGENIERIA DE ALIMENTOS,Femenino,2012-1,2022,Independiente,"Agricultura, ganadería, caza, silvicultura y pesca",1,1,,"100,0%",NaN
2102-Universidad Nacional Abierta y a Distancia - UNAD,1689-INGENIERIA DE ALIMENTOS,Femenino,2012-1,2022,Independiente,Información y comunicaciones,1,1,,"100,0%",NaN
2102-Universidad Nacional Abierta y a Distancia - UNAD,1689-INGENIERIA DE ALIMENTOS,Femenino,2012-1,2022,Independiente,Otras actividades de servicios,1,1,,"100,0%",NaN
2102-Universidad Nacional Abierta y a Distancia - UNAD,1689-INGENIERIA DE ALIMENTOS,Femenino,2012-1,2022,No cotizante,SIN DATO,6,0,,"0,0%",NaN
2102-Universidad Nacional Abierta y a Distancia - UNAD,1689-INGENIERIA DE ALIMENTOS,Femenino,2012-1,2023,Dependiente,"Actividades artísticas, de entretenimiento y recreación",1,1,,"100,0%",NaN
2102-Universidad Nacional Abierta y a Distancia - UNAD,1689-INGENIERIA DE ALIMENTOS,Femenino,2012-1,2023,Dependiente,"Actividades profesionales, científicas y técnicas",1,1,,"100,0%",NaN
2102-Universidad Nacional Abierta y a Distancia - UNAD,1689-INGENIERIA DE ALIMENTOS,Femenino,2012-1,2023,Dependiente,Administración pública y defensa; planes de seguridad social de afiliación obligatoria,1,1,,"100,0%",NaN
2102-Universidad Nacional Abierta y a Distancia - UNAD,1689-INGENIERIA DE ALIMENTOS,Femenino,2012-1,2023,Dependiente,Alojamiento y servicios de comida,1,1,,"100,0%",NaN
2102-Universidad Nacional Abierta y a Distancia - UNAD,1689-INGENIERIA DE ALIMENTOS,Femenino,2012-1,2023,Dependiente,"Distribución de agua; evacuación y tratamiento de aguas residuales, gestión de desechos y actividades de saneamiento ambiental",1,1,,"100,0%",NaN
2102-Universidad Nacional Abierta y a Distancia - UNAD,1689-INGENIERIA DE ALIMENTOS,Femenino,2012-1,2023,Dependiente,Educación,1,1,,"100,0%",NaN
2102-Universidad Nacional Abierta y a Distancia - UNAD,1689-INGENIERIA DE ALIMENTOS,Femenino,2012-1,2023,Dependiente,Industrias manufactureras,1,1,,"100,0%",NaN
2102-Universidad Nacional Abierta y a Distancia - UNAD,1689-INGENIERIA DE ALIMENTOS,Femenino,2012-1,2023,Dependiente,"Suministro de electricidad, gas, vapor y aire acondicionado",1,1,,"100,0%",NaN
2102-Universidad Nacional Abierta y a Distancia - UNAD,1689-INGENIERIA DE ALIMENTOS,Femenino,2012-1,2023,Independiente,Actividades de servicios administrativos y de apoyo,1,1,,"100,0%",NaN
2102-Universidad Nacional Abierta y a Distancia - UNAD,1689-INGENIERIA DE ALIMENTOS,Femenino,2012-1,2023,Independiente,"Agricultura, ganadería, caza, silvicultura y pesca",1,1,,"100,0%",NaN
2102-Universidad Nacional Abierta y a Distancia - UNAD,1689-INGENIERIA DE ALIMENTOS,Femenino,2012-1,2023,Independiente,Información y comunicaciones,1,1,,"100,0%",NaN
2102-Universidad Nacional Abierta y a Distancia - UNAD,1689-INGENIERIA DE ALIMENTOS,Femenino,2012-1,2023,Independiente,Otras actividades de servicios,1,1,,"100,0%",NaN
2102-Universidad Nacional Abierta y a Distancia - UNAD,1689-INGENIERIA DE ALIMENTOS,Femenino,2012-1,2023,No cotizante,SIN DATO,4,0,,"0,0%",NaN
2102-Universidad Nacional Abierta y a Distancia - UNAD,1689-INGENIERIA DE ALIMENTOS,Masculino,2012-1,2016,Dependiente,"Actividades profesionales, científicas y técnicas",1,1,,"100,0%",$2.000.000
2102-Universidad Nacional Abierta y a Distancia - UNAD,1689-INGENIERIA DE ALIMENTOS,Masculino,2012-1,2016,Dependiente,"Agricultura, ganadería, caza, silvicultura y pesca",1,1,,"100,0%",$2.583.000
2102-Universidad Nacional Abierta y a Distancia - UNAD,1689-INGENIERIA DE ALIMENTOS,Masculino,2012-1,2016,Dependiente,Educación,1,1,,"100,0%",$689.455
2102-Universidad Nacional Abierta y a Distancia - UNAD,1689-INGENIERIA DE ALIMENTOS,Masculino,2012-1,2016,Dependiente,Industrias manufactureras,1,1,,"100,0%",$7.284.000
2102-Universidad Nacional Abierta y a Distancia - UNAD,1689-INGENIERIA DE ALIMENTOS,Masculino,2012-1,2016,Dependiente,Sin información,2,2,,"100,0%",$3.569.500
2102-Universidad Nacional Abierta y a Distancia - UNAD,1689-INGENIERIA DE ALIMENTOS,Masculino,2012-1,2016,Independiente,"Actividades profesionales, científicas y técnicas",1,1,,"100,0%",NaN
2102-Universidad Nacional Abierta y a Distancia - UNAD,1689-INGENIERIA DE ALIMENTOS,Masculino,2012-1,2016,Independiente,Comercio al por mayor y al por menor; reparación de vehículos automotores y motocicletas,1,1,,"100,0%",NaN
2102-Universidad Nacional Abierta y a Distancia - UNAD,1689-INGENIERIA DE ALIMENTOS,Masculino,2012-1,2016,Independiente,Sin información,1,1,,"100,0%",NaN
2102-Universidad Nacional Abierta y a Distancia - UNAD,1689-INGENIERIA DE ALIMENTOS,Masculino,2012-1,2016,No cotizante,Sin información,2,0,,"0,0%",NaN
2102-Universidad Nacional Abierta y a Distancia - UNAD,1689-INGENIERIA DE ALIMENTOS,Masculino,2012-1,2017,Dependiente,Actividades de servicios administrativos y de apoyo,1,1,,"100,0%",NaN
2102-Universidad Nacional Abierta y a Distancia - UNAD,1689-INGENIERIA DE ALIMENTOS,Masculino,2012-1,2017,Dependiente,Industrias manufactureras,1,1,,"100,0%",NaN
2102-Universidad Nacional Abierta y a Distancia - UNAD,1689-INGENIERIA DE ALIMENTOS,Masculino,2012-1,2017,Dependiente,Sin información,3,3,,"100,0%",NaN
2102-Universidad Nacional Abierta y a Distancia - UNAD,1689-INGENIERIA DE ALIMENTOS,Masculino,2012-1,2017,Dependiente,Transporte y almacenamiento,1,1,,"100,0%",NaN
2102-Universidad Nacional Abierta y a Distancia - UNAD,1689-INGENIERIA DE ALIMENTOS,Masculino,2012-1,2017,Independiente,"Actividades profesionales, científicas y técnicas",1,1,,"100,0%",NaN
2102-Universidad Nacional Abierta y a Distancia - UNAD,1689-INGENIERIA DE ALIMENTOS,Masculino,2012-1,2017,Independiente,Comercio al por mayor y al por menor; reparación de vehículos automotores y motocicletas,1,1,,"100,0%",NaN
2102-Universidad Nacional Abierta y a Distancia - UNAD,1689-INGENIERIA DE ALIMENTOS,Masculino,2012-1,2017,Independiente,Sin información,1,1,,"100,0%",NaN
2102-Universidad Nacional Abierta y a Distancia - UNAD,1689-INGENIERIA DE ALIMENTOS,Masculino,2012-1,2017,No cotizante,Sin información,2,0,,"0,0%",NaN
2102-Universidad Nacional Abierta y a Distancia - UNAD,1689-INGENIERIA DE ALIMENTOS,Masculino,2012-1,2018,Dependiente,Actividades de servicios administrativos y de apoyo,1,1,,"100,0%",NaN
2102-Universidad Nacional Abierta y a Distancia - UNAD,1689-INGENIERIA DE ALIMENTOS,Masculino,2012-1,2018,Dependiente,"Actividades profesionales, científicas y técnicas",1,1,,"100,0%",NaN
2102-Universidad Nacional Abierta y a Distancia - UNAD,1689-INGENIERIA DE ALIMENTOS,Masculino,2012-1,2018,Dependiente,Industrias manufactureras,1,1,,"100,0%",NaN
2102-Universidad Nacional Abierta y a Distancia - UNAD,1689-INGENIERIA DE ALIMENTOS,Masculino,2012-1,2018,Dependiente,Sin información,3,3,,"100,0%",NaN
2102-Universidad Nacional Abierta y a Distancia - UNAD,1689-INGENIERIA DE ALIMENTOS,Masculino,2012-1,2018,Dependiente,Transporte y almacenamiento,1,1,,"100,0%",NaN
2102-Universidad Nacional Abierta y a Distancia - UNAD,1689-INGENIERIA DE ALIMENTOS,Masculino,2012-1,2018,Independiente,Comercio al por mayor y al por menor; reparación de vehículos automotores y motocicletas,1,1,,"100,0%",NaN
2102-Universidad Nacional Abierta y a Distancia - UNAD,1689-INGENIERIA DE ALIMENTOS,Masculino,2012-1,2018,Independiente,Sin información,1,1,,"100,0%",NaN
2102-Universidad Nacional Abierta y a Distancia - UNAD,1689-INGENIERIA DE ALIMENTOS,Masculino,2012-1,2018,No cotizante,Sin información,2,0,,"0,0%",NaN
2102-Universidad Nacional Abierta y a Distancia - UNAD,1689-INGENIERIA DE ALIMENTOS,Masculino,2012-1,2019,Dependiente,"Actividades profesionales, científicas y técnicas",1,1,,"100,0%",NaN
2102-Universidad Nacional Abierta y a Distancia - UNAD,1689-INGENIERIA DE ALIMENTOS,Masculino,2012-1,2019,Dependiente,Administración pública y defensa; planes de seguridad social de afiliación obligatoria,1,1,,"100,0%",NaN
2102-Universidad Nacional Abierta y a Distancia - UNAD,1689-INGENIERIA DE ALIMENTOS,Masculino,2012-1,2019,Dependiente,Industrias manufactureras,1,1,,"100,0%",NaN
2102-Universidad Nacional Abierta y a Distancia - UNAD,1689-INGENIERIA DE ALIMENTOS,Masculino,2012-1,2019,Dependiente,Sin información,1,1,,"100,0%",NaN
2102-Universidad Nacional Abierta y a Distancia - UNAD,1689-INGENIERIA DE ALIMENTOS,Masculino,2012-1,2019,Dependiente,Transporte y almacenamiento,1,1,,"100,0%",NaN
2102-Universidad Nacional Abierta y a Distancia - UNAD,1689-INGENIERIA DE ALIMENTOS,Masculino,2012-1,2019,Independiente,"Actividades profesionales, científicas y técnicas",1,1,,"100,0%",NaN
2102-Universidad Nacional Abierta y a Distancia - UNAD,1689-INGENIERIA DE ALIMENTOS,Masculino,2012-1,2019,Independiente,Comercio al por mayor y al por menor; reparación de vehículos automotores y motocicletas,1,1,,"100,0%",NaN
2102-Universidad Nacional Abierta y a Distancia - UNAD,1689-INGENIERIA DE ALIMENTOS,Masculino,2012-1,2019,Independiente,Sin información,1,1,,"100,0%",NaN
2102-Universidad Nacional Abierta y a Distancia - UNAD,1689-INGENIERIA DE ALIMENTOS,Masculino,2012-1,2019,No cotizante,Sin información,3,0,,"0,0%",NaN
2102-Universidad Nacional Abierta y a Distancia - UNAD,1689-INGENIERIA DE ALIMENTOS,Masculino,2012-1,2020,Dependiente,Administración pública y defensa; planes de seguridad social de afiliación obligatoria,1,1,,"100,0%",NaN
2102-Universidad Nacional Abierta y a Distancia - UNAD,1689-INGENIERIA DE ALIMENTOS,Masculino,2012-1,2020,Dependiente,"Agricultura, ganadería, caza, silvicultura y pesca",1,1,,"100,0%",NaN
2102-Universidad Nacional Abierta y a Distancia - UNAD,1689-INGENIERIA DE ALIMENTOS,Masculino,2012-1,2020,Dependiente,Industrias manufactureras,1,1,,"100,0%",NaN
2102-Universidad Nacional Abierta y a Distancia - UNAD,1689-INGENIERIA DE ALIMENTOS,Masculino,2012-1,2020,Dependiente,Transporte y almacenamiento,1,1,,"100,0%",NaN
2102-Universidad Nacional Abierta y a Distancia - UNAD,1689-INGENIERIA DE ALIMENTOS,Masculino,2012-1,2020,Independiente,"Actividades profesionales, científicas y técnicas",1,1,,"100,0%",NaN
2102-Universidad Nacional Abierta y a Distancia - UNAD,1689-INGENIERIA DE ALIMENTOS,Masculino,2012-1,2020,Independiente,Comercio al por mayor y al por menor; reparación de vehículos automotores y motocicletas,1,1,,"100,0%",NaN
2102-Universidad Nacional Abierta y a Distancia - UNAD,1689-INGENIERIA DE ALIMENTOS,Masculino,2012-1,2020,Independiente,Otras actividades de servicios,1,1,,"100,0%",NaN
2102-Universidad Nacional Abierta y a Distancia - UNAD,1689-INGENIERIA DE ALIMENTOS,Masculino,2012-1,2020,No cotizante,Sin información,3,0,,"0,0%",NaN
2102-Universidad Nacional Abierta y a Distancia - UNAD,1689-INGENIERIA DE ALIMENTOS,Masculino,2012-1,2021,Dependiente,Administración pública y defensa; planes de seguridad social de afiliación obligatoria,1,1,,"100,0%",NaN
2102-Universidad Nacional Abierta y a Distancia - UNAD,1689-INGENIERIA DE ALIMENTOS,Masculino,2012-1,2021,Dependiente,"Agricultura, ganadería, caza, silvicultura y pesca",1,1,,"100,0%",NaN
2102-Universidad Nacional Abierta y a Distancia - UNAD,1689-INGENIERIA DE ALIMENTOS,Masculino,2012-1,2021,Dependiente,Industrias manufactureras,1,1,,"100,0%",NaN
2102-Universidad Nacional Abierta y a Distancia - UNAD,1689-INGENIERIA DE ALIMENTOS,Masculino,2012-1,2021,Independiente,"Actividades profesionales, científicas y técnicas",2,2,,"100,0%",NaN
2102-Universidad Nacional Abierta y a Distancia - UNAD,1689-INGENIERIA DE ALIMENTOS,Masculino,2012-1,2021,Independiente,Comercio al por mayor y al por menor; reparación de vehículos automotores y motocicletas,1,1,,"100,0%",NaN
2102-Universidad Nacional Abierta y a Distancia - UNAD,1689-INGENIERIA DE ALIMENTOS,Masculino,2012-1,2021,Independiente,Otras actividades de servicios,1,1,,"100,0%",NaN
2102-Universidad Nacional Abierta y a Distancia - UNAD,1689-INGENIERIA DE ALIMENTOS,Masculino,2012-1,2021,No cotizante,Sin información,3,0,,"0,0%",NaN
2102-Universidad Nacional Abierta y a Distancia - UNAD,1689-INGENIERIA DE ALIMENTOS,Masculino,2012-1,2022,Dependiente,Administración pública y defensa; planes de seguridad social de afiliación obligatoria,1,1,,"100,0%",NaN
2102-Universidad Nacional Abierta y a Distancia - UNAD,1689-INGENIERIA DE ALIMENTOS,Masculino,2012-1,2022,Dependiente,"Agricultura, ganadería, caza, silvicultura y pesca",1,1,,"100,0%",NaN
2102-Universidad Nacional Abierta y a Distancia - UNAD,1689-INGENIERIA DE ALIMENTOS,Masculino,2012-1,2022,Dependiente,Industrias manufactureras,1,1,,"100,0%",NaN
2102-Universidad Nacional Abierta y a Distancia - UNAD,1689-INGENIERIA DE ALIMENTOS,Masculino,2012-1,2022,Independiente,"Actividades profesionales, científicas y técnicas",1,1,,"100,0%",NaN
2102-Universidad Nacional Abierta y a Distancia - UNAD,1689-INGENIERIA DE ALIMENTOS,Masculino,2012-1,2022,Independiente,Comercio al por mayor y al por menor; reparación de vehículos automotores y motocicletas,1,1,,"100,0%",NaN
2102-Universidad Nacional Abierta y a Distancia - UNAD,1689-INGENIERIA DE ALIMENTOS,Masculino,2012-1,2022,Independiente,Otras actividades de servicios,1,1,,"100,0%",NaN
2102-Universidad Nacional Abierta y a Distancia - UNAD,1689-INGENIERIA DE ALIMENTOS,Masculino,2012-1,2022,No cotizante,SIN DATO,4,0,,"0,0%",NaN
2102-Universidad Nacional Abierta y a Distancia - UNAD,1689-INGENIERIA DE ALIMENTOS,Masculino,2012-1,2023,Dependiente,Administración pública y defensa; planes de seguridad social de afiliación obligatoria,1,1,,"100,0%",NaN
2102-Universidad Nacional Abierta y a Distancia - UNAD,1689-INGENIERIA DE ALIMENTOS,Masculino,2012-1,2023,Dependiente,"Agricultura, ganadería, caza, silvicultura y pesca",1,1,,"100,0%",NaN
2102-Universidad Nacional Abierta y a Distancia - UNAD,1689-INGENIERIA DE ALIMENTOS,Masculino,2012-1,2023,Dependiente,Industrias manufactureras,1,1,,"100,0%",NaN
2102-Universidad Nacional Abierta y a Distancia - UNAD,1689-INGENIERIA DE ALIMENTOS,Masculino,2012-1,2023,Independiente,"Actividades profesionales, científicas y técnicas",1,1,,"100,0%",NaN
2102-Universidad Nacional Abierta y a Distancia - UNAD,1689-INGENIERIA DE ALIMENTOS,Masculino,2012-1,2023,Independiente,Comercio al por mayor y al por menor; reparación de vehículos automotores y motocicletas,1,1,,"100,0%",NaN
2102-Universidad Nacional Abierta y a Distancia - UNAD,1689-INGENIERIA DE ALIMENTOS,Masculino,2012-1,2023,Independiente,Otras actividades de servicios,1,1,,"100,0%",NaN
2102-Universidad Nacional Abierta y a Distancia - UNAD,1689-INGENIERIA DE ALIMENTOS,Masculino,2012-1,2023,No cotizante,SIN DATO,3,0,,"0,0%",NaN
2102-Universidad Nacional Abierta y a Distancia - UNAD,2776-INGENIERIA DE SISTEMAS,Femenino,2012-1,2017,Dependiente,Actividades de atención de la salud humana y de asistencia social,2,2,,"100,0%",NaN
2102-Universidad Nacional Abierta y a Distancia - UNAD,2776-INGENIERIA DE SISTEMAS,Femenino,2012-1,2017,Dependiente,Actividades de organizaciones y entidades extraterritoriales,1,1,,"100,0%",NaN
2102-Universidad Nacional Abierta y a Distancia - UNAD,2776-INGENIERIA DE SISTEMAS,Femenino,2012-1,2017,Dependiente,Actividades de servicios administrativos y de apoyo,1,1,,"100,0%",NaN
2102-Universidad Nacional Abierta y a Distancia - UNAD,2776-INGENIERIA DE SISTEMAS,Femenino,2012-1,2017,Dependiente,Actividades financieras y de seguros,4,4,,"100,0%",NaN
2102-Universidad Nacional Abierta y a Distancia - UNAD,2776-INGENIERIA DE SISTEMAS,Femenino,2012-1,2017,Dependiente,"Actividades profesionales, científicas y técnicas",3,3,,"100,0%",NaN
2102-Universidad Nacional Abierta y a Distancia - UNAD,2776-INGENIERIA DE SISTEMAS,Femenino,2012-1,2017,Dependiente,Administración pública y defensa; planes de seguridad social de afiliación obligatoria,10,10,,"100,0%",NaN
2102-Universidad Nacional Abierta y a Distancia - UNAD,2776-INGENIERIA DE SISTEMAS,Femenino,2012-1,2017,Dependiente,Construccion,1,1,,"100,0%",NaN
2102-Universidad Nacional Abierta y a Distancia - UNAD,2776-INGENIERIA DE SISTEMAS,Femenino,2012-1,2017,Dependiente,Educación,2,2,,"100,0%",NaN
2102-Universidad Nacional Abierta y a Distancia - UNAD,2776-INGENIERIA DE SISTEMAS,Femenino,2012-1,2017,Dependiente,Industrias manufactureras,3,3,,"100,0%",NaN
2102-Universidad Nacional Abierta y a Distancia - UNAD,2776-INGENIERIA DE SISTEMAS,Femenino,2012-1,2017,Dependiente,Información y comunicaciones,3,3,,"100,0%",NaN
2102-Universidad Nacional Abierta y a Distancia - UNAD,2776-INGENIERIA DE SISTEMAS,Femenino,2012-1,2017,Dependiente,Otras actividades de servicios,2,2,,"100,0%",NaN
2102-Universidad Nacional Abierta y a Distancia - UNAD,2776-INGENIERIA DE SISTEMAS,Femenino,2012-1,2017,Dependiente,Sin información,4,4,,"100,0%",NaN
2102-Universidad Nacional Abierta y a Distancia - UNAD,2776-INGENIERIA DE SISTEMAS,Femenino,2012-1,2017,Dependiente,Transporte y almacenamiento,3,3,,"100,0%",NaN
2102-Universidad Nacional Abierta y a Distancia - UNAD,2776-INGENIERIA DE SISTEMAS,Femenino,2012-1,2017,Independiente,"Actividades profesionales, científicas y técnicas",6,6,,"100,0%",NaN
2102-Universidad Nacional Abierta y a Distancia - UNAD,2776-INGENIERIA DE SISTEMAS,Femenino,2012-1,2017,Independiente,Educación,1,1,,"100,0%",NaN
2102-Universidad Nacional Abierta y a Distancia - UNAD,2776-INGENIERIA DE SISTEMAS,Femenino,2012-1,2017,Independiente,Información y comunicaciones,3,3,,"100,0%",NaN
2102-Universidad Nacional Abierta y a Distancia - UNAD,2776-INGENIERIA DE SISTEMAS,Femenino,2012-1,2017,Independiente,Otras actividades de servicios,1,1,,"100,0%",NaN
2102-Universidad Nacional Abierta y a Distancia - UNAD,2776-INGENIERIA DE SISTEMAS,Femenino,2012-1,2017,Independiente,Sin información,7,7,,"100,0%",NaN
2102-Universidad Nacional Abierta y a Distancia - UNAD,2776-INGENIERIA DE SISTEMAS,Femenino,2012-1,2017,No cotizante,Sin información,15,0,,"0,0%",NaN
2102-Universidad Nacional Abierta y a Distancia - UNAD,2776-INGENIERIA DE SISTEMAS,Femenino,2012-1,2018,Dependiente,Actividades de atención de la salud humana y de asistencia social,1,1,,"100,0%",NaN
2102-Universidad Nacional Abierta y a Distancia - UNAD,2776-INGENIERIA DE SISTEMAS,Femenino,2012-1,2018,Dependiente,Actividades de organizaciones y entidades extraterritoriales,1,1,,"100,0%",NaN
2102-Universidad Nacional Abierta y a Distancia - UNAD,2776-INGENIERIA DE SISTEMAS,Femenino,2012-1,2018,Dependiente,Actividades de servicios administrativos y de apoyo,1,1,,"100,0%",NaN
2102-Universidad Nacional Abierta y a Distancia - UNAD,2776-INGENIERIA DE SISTEMAS,Femenino,2012-1,2018,Dependiente,Actividades financieras y de seguros,4,4,,"100,0%",NaN
2102-Universidad Nacional Abierta y a Distancia - UNAD,2776-INGENIERIA DE SISTEMAS,Femenino,2012-1,2018,Dependiente,"Actividades profesionales, científicas y técnicas",3,3,,"100,0%",NaN
2102-Universidad Nacional Abierta y a Distancia - UNAD,2776-INGENIERIA DE SISTEMAS,Femenino,2012-1,2018,Dependiente,Administración pública y defensa; planes de seguridad social de afiliación obligatoria,7,7,,"100,0%",NaN
2102-Universidad Nacional Abierta y a Distancia - UNAD,2776-INGENIERIA DE SISTEMAS,Femenino,2012-1,2018,Dependiente,Comercio al por mayor y al por menor; reparación de vehículos automotores y motocicletas,2,2,,"100,0%",NaN
2102-Universidad Nacional Abierta y a Distancia - UNAD,2776-INGENIERIA DE SISTEMAS,Femenino,2012-1,2018,Dependiente,Construccion,1,1,,"100,0%",NaN
2102-Universidad Nacional Abierta y a Distancia - UNAD,2776-INGENIERIA DE SISTEMAS,Femenino,2012-1,2018,Dependiente,Educación,1,1,,"100,0%",NaN
2102-Universidad Nacional Abierta y a Distancia - UNAD,2776-INGENIERIA DE SISTEMAS,Femenino,2012-1,2018,Dependiente,Industrias manufactureras,1,1,,"100,0%",NaN
2102-Universidad Nacional Abierta y a Distancia - UNAD,2776-INGENIERIA DE SISTEMAS,Femenino,2012-1,2018,Dependiente,Información y comunicaciones,4,4,,"100,0%",NaN
2102-Universidad Nacional Abierta y a Distancia - UNAD,2776-INGENIERIA DE SISTEMAS,Femenino,2012-1,2018,Dependiente,Otras actividades de servicios,2,2,,"100,0%",NaN
2102-Universidad Nacional Abierta y a Distancia - UNAD,2776-INGENIERIA DE SISTEMAS,Femenino,2012-1,2018,Dependiente,Sin información,2,2,,"100,0%",NaN
2102-Universidad Nacional Abierta y a Distancia - UNAD,2776-INGENIERIA DE SISTEMAS,Femenino,2012-1,2018,Dependiente,Transporte y almacenamiento,3,3,,"100,0%",NaN
2102-Universidad Nacional Abierta y a Distancia - UNAD,2776-INGENIERIA DE SISTEMAS,Femenino,2012-1,2018,Independiente,Actividades de servicios administrativos y de apoyo,1,1,,"100,0%",NaN
2102-Universidad Nacional Abierta y a Distancia - UNAD,2776-INGENIERIA DE SISTEMAS,Femenino,2012-1,2018,Independiente,"Actividades profesionales, científicas y técnicas",3,3,,"100,0%",NaN
2102-Universidad Nacional Abierta y a Distancia - UNAD,2776-INGENIERIA DE SISTEMAS,Femenino,2012-1,2018,Independiente,Educación,1,1,,"100,0%",NaN
2102-Universidad Nacional Abierta y a Distancia - UNAD,2776-INGENIERIA DE SISTEMAS,Femenino,2012-1,2018,Independiente,Información y comunicaciones,3,3,,"100,0%",NaN
2102-Universidad Nacional Abierta y a Distancia - UNAD,2776-INGENIERIA DE SISTEMAS,Femenino,2012-1,2018,Independiente,Otras actividades de servicios,2,2,,"100,0%",NaN
2102-Universidad Nacional Abierta y a Distancia - UNAD,2776-INGENIERIA DE SISTEMAS,Femenino,2012-1,2018,Independiente,Sin información,7,7,,"100,0%",NaN
2102-Universidad Nacional Abierta y a Distancia - UNAD,2776-INGENIERIA DE SISTEMAS,Femenino,2012-1,2018,No cotizante,Sin información,18,0,,"0,0%",NaN
2102-Universidad Nacional Abierta y a Distancia - UNAD,2776-INGENIERIA DE SISTEMAS,Femenino,2012-1,2019,Dependiente,Actividades de atención de la salud humana y de asistencia social,1,1,,"100,0%",NaN
2102-Universidad Nacional Abierta y a Distancia - UNAD,2776-INGENIERIA DE SISTEMAS,Femenino,2012-1,2019,Dependiente,Actividades de organizaciones y entidades extraterritoriales,2,2,,"100,0%",NaN
2102-Universidad Nacional Abierta y a Distancia - UNAD,2776-INGENIERIA DE SISTEMAS,Femenino,2012-1,2019,Dependiente,Actividades de servicios administrativos y de apoyo,1,1,,"100,0%",NaN
2102-Universidad Nacional Abierta y a Distancia - UNAD,2776-INGENIERIA DE SISTEMAS,Femenino,2012-1,2019,Dependiente,Actividades financieras y de seguros,5,5,,"100,0%",NaN
2102-Universidad Nacional Abierta y a Distancia - UNAD,2776-INGENIERIA DE SISTEMAS,Femenino,2012-1,2019,Dependiente,"Actividades profesionales, científicas y técnicas",3,3,,"100,0%",NaN
2102-Universidad Nacional Abierta y a Distancia - UNAD,2776-INGENIERIA DE SISTEMAS,Femenino,2012-1,2019,Dependiente,Administración pública y defensa; planes de seguridad social de afiliación obligatoria,5,5,,"100,0%",NaN
2102-Universidad Nacional Abierta y a Distancia - UNAD,2776-INGENIERIA DE SISTEMAS,Femenino,2012-1,2019,Dependiente,Comercio al por mayor y al por menor; reparación de vehículos automotores y motocicletas,2,2,,"100,0%",NaN
2102-Universidad Nacional Abierta y a Distancia - UNAD,2776-INGENIERIA DE SISTEMAS,Femenino,2012-1,2019,Dependiente,Construccion,1,1,,"100,0%",NaN
2102-Universidad Nacional Abierta y a Distancia - UNAD,2776-INGENIERIA DE SISTEMAS,Femenino,2012-1,2019,Dependiente,Educación,2,2,,"100,0%",NaN
2102-Universidad Nacional Abierta y a Distancia - UNAD,2776-INGENIERIA DE SISTEMAS,Femenino,2012-1,2019,Dependiente,Industrias manufactureras,1,1,,"100,0%",NaN
2102-Universidad Nacional Abierta y a Distancia - UNAD,2776-INGENIERIA DE SISTEMAS,Femenino,2012-1,2019,Dependiente,Información y comunicaciones,3,3,,"100,0%",NaN
2102-Universidad Nacional Abierta y a Distancia - UNAD,2776-INGENIERIA DE SISTEMAS,Femenino,2012-1,2019,Dependiente,Otras actividades de servicios,2,2,,"100,0%",NaN
2102-Universidad Nacional Abierta y a Distancia - UNAD,2776-INGENIERIA DE SISTEMAS,Femenino,2012-1,2019,Dependiente,Transporte y almacenamiento,3,3,,"100,0%",NaN
2102-Universidad Nacional Abierta y a Distancia - UNAD,2776-INGENIERIA DE SISTEMAS,Femenino,2012-1,2019,Independiente,Actividades de servicios administrativos y de apoyo,1,1,,"100,0%",NaN
2102-Universidad Nacional Abierta y a Distancia - UNAD,2776-INGENIERIA DE SISTEMAS,Femenino,2012-1,2019,Independiente,"Actividades profesionales, científicas y técnicas",4,4,,"100,0%",NaN
2102-Universidad Nacional Abierta y a Distancia - UNAD,2776-INGENIERIA DE SISTEMAS,Femenino,2012-1,2019,Independiente,Educación,1,1,,"100,0%",NaN
2102-Universidad Nacional Abierta y a Distancia - UNAD,2776-INGENIERIA DE SISTEMAS,Femenino,2012-1,2019,Independiente,Información y comunicaciones,3,3,,"100,0%",NaN
2102-Universidad Nacional Abierta y a Distancia - UNAD,2776-INGENIERIA DE SISTEMAS,Femenino,2012-1,2019,Independiente,Otras actividades de servicios,1,1,,"100,0%",NaN
2102-Universidad Nacional Abierta y a Distancia - UNAD,2776-INGENIERIA DE SISTEMAS,Femenino,2012-1,2019,Independiente,Sin información,3,3,,"100,0%",NaN
2102-Universidad Nacional Abierta y a Distancia - UNAD,2776-INGENIERIA DE SISTEMAS,Femenino,2012-1,2019,No cotizante,Sin información,22,0,,"0,0%",NaN
2102-Universidad Nacional Abierta y a Distancia - UNAD,2776-INGENIERIA DE SISTEMAS,Femenino,2012-1,2020,Dependiente,Actividades de atención de la salud humana y de asistencia social,1,1,,"100,0%",NaN
2102-Universidad Nacional Abierta y a Distancia - UNAD,2776-INGENIERIA DE SISTEMAS,Femenino,2012-1,2020,Dependiente,Actividades de servicios administrativos y de apoyo,2,2,,"100,0%",NaN
2102-Universidad Nacional Abierta y a Distancia - UNAD,2776-INGENIERIA DE SISTEMAS,Femenino,2012-1,2020,Dependiente,Actividades financieras y de seguros,3,3,,"100,0%",NaN
2102-Universidad Nacional Abierta y a Distancia - UNAD,2776-INGENIERIA DE SISTEMAS,Femenino,2012-1,2020,Dependiente,"Actividades profesionales, científicas y técnicas",2,2,,"100,0%",NaN
2102-Universidad Nacional Abierta y a Distancia - UNAD,2776-INGENIERIA DE SISTEMAS,Femenino,2012-1,2020,Dependiente,Administración pública y defensa; planes de seguridad social de afiliación obligatoria,11,11,,"100,0%",NaN
2102-Universidad Nacional Abierta y a Distancia - UNAD,2776-INGENIERIA DE SISTEMAS,Femenino,2012-1,2020,Dependiente,Comercio al por mayor y al por menor; reparación de vehículos automotores y motocicletas,1,1,,"100,0%",NaN
2102-Universidad Nacional Abierta y a Distancia - UNAD,2776-INGENIERIA DE SISTEMAS,Femenino,2012-1,2020,Dependiente,Construccion,1,1,,"100,0%",NaN
2102-Universidad Nacional Abierta y a Distancia - UNAD,2776-INGENIERIA DE SISTEMAS,Femenino,2012-1,2020,Dependiente,Educación,1,1,,"100,0%",NaN
2102-Universidad Nacional Abierta y a Distancia - UNAD,2776-INGENIERIA DE SISTEMAS,Femenino,2012-1,2020,Dependiente,Industrias manufactureras,3,3,,"100,0%",NaN
2102-Universidad Nacional Abierta y a Distancia - UNAD,2776-INGENIERIA DE SISTEMAS,Femenino,2012-1,2020,Dependiente,Información y comunicaciones,3,3,,"100,0%",NaN
2102-Universidad Nacional Abierta y a Distancia - UNAD,2776-INGENIERIA DE SISTEMAS,Femenino,2012-1,2020,Dependiente,Otras actividades de servicios,2,2,,"100,0%",NaN
2102-Universidad Nacional Abierta y a Distancia - UNAD,2776-INGENIERIA DE SISTEMAS,Femenino,2012-1,2020,Dependiente,Transporte y almacenamiento,3,3,,"100,0%",NaN
2102-Universidad Nacional Abierta y a Distancia - UNAD,2776-INGENIERIA DE SISTEMAS,Femenino,2012-1,2020,Independiente,Actividades de servicios administrativos y de apoyo,2,2,,"100,0%",NaN
2102-Universidad Nacional Abierta y a Distancia - UNAD,2776-INGENIERIA DE SISTEMAS,Femenino,2012-1,2020,Independiente,"Actividades profesionales, científicas y técnicas",1,1,,"100,0%",NaN
2102-Universidad Nacional Abierta y a Distancia - UNAD,2776-INGENIERIA DE SISTEMAS,Femenino,2012-1,2020,Independiente,Construccion,1,1,,"100,0%",NaN
2102-Universidad Nacional Abierta y a Distancia - UNAD,2776-INGENIERIA DE SISTEMAS,Femenino,2012-1,2020,Independiente,Educación,1,1,,"100,0%",NaN
2102-Universidad Nacional Abierta y a Distancia - UNAD,2776-INGENIERIA DE SISTEMAS,Femenino,2012-1,2020,Independiente,Información y comunicaciones,3,3,,"100,0%",NaN
2102-Universidad Nacional Abierta y a Distancia - UNAD,2776-INGENIERIA DE SISTEMAS,Femenino,2012-1,2020,No cotizante,Sin información,23,0,,"0,0%",NaN
2102-Universidad Nacional Abierta y a Distancia - UNAD,2776-INGENIERIA DE SISTEMAS,Femenino,2012-1,2021,Dependiente,Actividades de atención de la salud humana y de asistencia social,1,1,,"100,0%",NaN
2102-Universidad Nacional Abierta y a Distancia - UNAD,2776-INGENIERIA DE SISTEMAS,Femenino,2012-1,2021,Dependiente,Actividades financieras y de seguros,3,3,,"100,0%",NaN
2102-Universidad Nacional Abierta y a Distancia - UNAD,2776-INGENIERIA DE SISTEMAS,Femenino,2012-1,2021,Dependiente,"Actividades profesionales, científicas y técnicas",7,7,,"100,0%",NaN
2102-Universidad Nacional Abierta y a Distancia - UNAD,2776-INGENIERIA DE SISTEMAS,Femenino,2012-1,2021,Dependiente,Administración pública y defensa; planes de seguridad social de afiliación obligatoria,6,6,,"100,0%",NaN
2102-Universidad Nacional Abierta y a Distancia - UNAD,2776-INGENIERIA DE SISTEMAS,Femenino,2012-1,2021,Dependiente,"Agricultura, ganadería, caza, silvicultura y pesca",1,1,,"100,0%",NaN
2102-Universidad Nacional Abierta y a Distancia - UNAD,2776-INGENIERIA DE SISTEMAS,Femenino,2012-1,2021,Dependiente,Alojamiento y servicios de comida,1,1,,"100,0%",NaN
2102-Universidad Nacional Abierta y a Distancia - UNAD,2776-INGENIERIA DE SISTEMAS,Femenino,2012-1,2021,Dependiente,Comercio al por mayor y al por menor; reparación de vehículos automotores y motocicletas,2,2,,"100,0%",NaN
2102-Universidad Nacional Abierta y a Distancia - UNAD,2776-INGENIERIA DE SISTEMAS,Femenino,2012-1,2021,Dependiente,Construccion,1,1,,"100,0%",NaN
2102-Universidad Nacional Abierta y a Distancia - UNAD,2776-INGENIERIA DE SISTEMAS,Femenino,2012-1,2021,Dependiente,Educación,2,2,,"100,0%",NaN
2102-Universidad Nacional Abierta y a Distancia - UNAD,2776-INGENIERIA DE SISTEMAS,Femenino,2012-1,2021,Dependiente,Industrias manufactureras,4,4,,"100,0%",NaN
2102-Universidad Nacional Abierta y a Distancia - UNAD,2776-INGENIERIA DE SISTEMAS,Femenino,2012-1,2021,Dependiente,Información y comunicaciones,2,2,,"100,0%",NaN
2102-Universidad Nacional Abierta y a Distancia - UNAD,2776-INGENIERIA DE SISTEMAS,Femenino,2012-1,2021,Dependiente,Otras actividades de servicios,3,3,,"100,0%",NaN
2102-Universidad Nacional Abierta y a Distancia - UNAD,2776-INGENIERIA DE SISTEMAS,Femenino,2012-1,2021,Dependiente,Transporte y almacenamiento,3,3,,"100,0%",NaN
2102-Universidad Nacional Abierta y a Distancia - UNAD,2776-INGENIERIA DE SISTEMAS,Femenino,2012-1,2021,Independiente,Actividades de servicios administrativos y de apoyo,1,1,,"100,0%",NaN
2102-Universidad Nacional Abierta y a Distancia - UNAD,2776-INGENIERIA DE SISTEMAS,Femenino,2012-1,2021,Independiente,Construccion,1,1,,"100,0%",NaN
2102-Universidad Nacional Abierta y a Distancia - UNAD,2776-INGENIERIA DE SISTEMAS,Femenino,2012-1,2021,Independiente,Educación,1,1,,"100,0%",NaN
2102-Universidad Nacional Abierta y a Distancia - UNAD,2776-INGENIERIA DE SISTEMAS,Femenino,2012-1,2021,Independiente,Información y comunicaciones,3,3,,"100,0%",NaN
2102-Universidad Nacional Abierta y a Distancia - UNAD,2776-INGENIERIA DE SISTEMAS,Femenino,2012-1,2021,No cotizante,Sin información,20,0,,"0,0%",NaN
2102-Universidad Nacional Abierta y a Distancia - UNAD,2776-INGENIERIA DE SISTEMAS,Femenino,2012-1,2022,Dependiente,Actividades de atención de la salud humana y de asistencia social,1,1,,"100,0%",NaN
2102-Universidad Nacional Abierta y a Distancia - UNAD,2776-INGENIERIA DE SISTEMAS,Femenino,2012-1,2022,Dependiente,Actividades financieras y de seguros,3,3,,"100,0%",NaN
2102-Universidad Nacional Abierta y a Distancia - UNAD,2776-INGENIERIA DE SISTEMAS,Femenino,2012-1,2022,Dependiente,"Actividades profesionales, científicas y técnicas",6,6,,"100,0%",NaN
2102-Universidad Nacional Abierta y a Distancia - UNAD,2776-INGENIERIA DE SISTEMAS,Femenino,2012-1,2022,Dependiente,Administración pública y defensa; planes de seguridad social de afiliación obligatoria,7,7,,"100,0%",NaN
2102-Universidad Nacional Abierta y a Distancia - UNAD,2776-INGENIERIA DE SISTEMAS,Femenino,2012-1,2022,Dependiente,Alojamiento y servicios de comida,1,1,,"100,0%",NaN
2102-Universidad Nacional Abierta y a Distancia - UNAD,2776-INGENIERIA DE SISTEMAS,Femenino,2012-1,2022,Dependiente,Comercio al por mayor y al por menor; reparación de vehículos automotores y motocicletas,2,2,,"100,0%",NaN
2102-Universidad Nacional Abierta y a Distancia - UNAD,2776-INGENIERIA DE SISTEMAS,Femenino,2012-1,2022,Dependiente,Construccion,1,1,,"100,0%",NaN
2102-Universidad Nacional Abierta y a Distancia - UNAD,2776-INGENIERIA DE SISTEMAS,Femenino,2012-1,2022,Dependiente,Educación,2,2,,"100,0%",NaN
2102-Universidad Nacional Abierta y a Distancia - UNAD,2776-INGENIERIA DE SISTEMAS,Femenino,2012-1,2022,Dependiente,Industrias manufactureras,4,4,,"100,0%",NaN
2102-Universidad Nacional Abierta y a Distancia - UNAD,2776-INGENIERIA DE SISTEMAS,Femenino,2012-1,2022,Dependiente,Información y comunicaciones,3,3,,"100,0%",NaN
2102-Universidad Nacional Abierta y a Distancia - UNAD,2776-INGENIERIA DE SISTEMAS,Femenino,2012-1,2022,Dependiente,Otras actividades de servicios,2,2,,"100,0%",NaN
2102-Universidad Nacional Abierta y a Distancia - UNAD,2776-INGENIERIA DE SISTEMAS,Femenino,2012-1,2022,Dependiente,Transporte y almacenamiento,4,4,,"100,0%",NaN
2102-Universidad Nacional Abierta y a Distancia - UNAD,2776-INGENIERIA DE SISTEMAS,Femenino,2012-1,2022,Independiente,Actividades de servicios administrativos y de apoyo,1,1,,"100,0%",NaN
2102-Universidad Nacional Abierta y a Distancia - UNAD,2776-INGENIERIA DE SISTEMAS,Femenino,2012-1,2022,Independiente,Educación,1,1,,"100,0%",NaN
2102-Universidad Nacional Abierta y a Distancia - UNAD,2776-INGENIERIA DE SISTEMAS,Femenino,2012-1,2022,Independiente,Información y comunicaciones,3,3,,"100,0%",NaN
2102-Universidad Nacional Abierta y a Distancia - UNAD,2776-INGENIERIA DE SISTEMAS,Femenino,2012-1,2022,No cotizante,SIN DATO,19,0,,"0,0%",NaN
2102-Universidad Nacional Abierta y a Distancia - UNAD,2776-INGENIERIA DE SISTEMAS,Femenino,2012-1,2023,Dependiente,Actividades de servicios administrativos y de apoyo,1,1,,"100,0%",NaN
2102-Universidad Nacional Abierta y a Distancia - UNAD,2776-INGENIERIA DE SISTEMAS,Femenino,2012-1,2023,Dependiente,Actividades financieras y de seguros,2,2,,"100,0%",NaN
2102-Universidad Nacional Abierta y a Distancia - UNAD,2776-INGENIERIA DE SISTEMAS,Femenino,2012-1,2023,Dependiente,"Actividades profesionales, científicas y técnicas",4,4,,"100,0%",NaN
2102-Universidad Nacional Abierta y a Distancia - UNAD,2776-INGENIERIA DE SISTEMAS,Femenino,2012-1,2023,Dependiente,Administración pública y defensa; planes de seguridad social de afiliación obligatoria,6,6,,"100,0%",NaN
2102-Universidad Nacional Abierta y a Distancia - UNAD,2776-INGENIERIA DE SISTEMAS,Femenino,2012-1,2023,Dependiente,Alojamiento y servicios de comida,1,1,,"100,0%",NaN
2102-Universidad Nacional Abierta y a Distancia - UNAD,2776-INGENIERIA DE SISTEMAS,Femenino,2012-1,2023,Dependiente,Comercio al por mayor y al por menor; reparación de vehículos automotores y motocicletas,2,2,,"100,0%",NaN
2102-Universidad Nacional Abierta y a Distancia - UNAD,2776-INGENIERIA DE SISTEMAS,Femenino,2012-1,2023,Dependiente,Construccion,1,1,,"100,0%",NaN
2102-Universidad Nacional Abierta y a Distancia - UNAD,2776-INGENIERIA DE SISTEMAS,Femenino,2012-1,2023,Dependiente,Educación,2,2,,"100,0%",NaN
2102-Universidad Nacional Abierta y a Distancia - UNAD,2776-INGENIERIA DE SISTEMAS,Femenino,2012-1,2023,Dependiente,Industrias manufactureras,4,4,,"100,0%",NaN
2102-Universidad Nacional Abierta y a Distancia - UNAD,2776-INGENIERIA DE SISTEMAS,Femenino,2012-1,2023,Dependiente,Información y comunicaciones,3,3,,"100,0%",NaN
2102-Universidad Nacional Abierta y a Distancia - UNAD,2776-INGENIERIA DE SISTEMAS,Femenino,2012-1,2023,Dependiente,Transporte y almacenamiento,5,5,,"100,0%",NaN
2102-Universidad Nacional Abierta y a Distancia - UNAD,2776-INGENIERIA DE SISTEMAS,Femenino,2012-1,2023,Independiente,Actividades de servicios administrativos y de apoyo,1,1,,"100,0%",NaN
2102-Universidad Nacional Abierta y a Distancia - UNAD,2776-INGENIERIA DE SISTEMAS,Femenino,2012-1,2023,Independiente,Construccion,1,1,,"100,0%",NaN
2102-Universidad Nacional Abierta y a Distancia - UNAD,2776-INGENIERIA DE SISTEMAS,Femenino,2012-1,2023,Independiente,Educación,1,1,,"100,0%",NaN
2102-Universidad Nacional Abierta y a Distancia - UNAD,2776-INGENIERIA DE SISTEMAS,Femenino,2012-1,2023,Independiente,Información y comunicaciones,2,2,,"100,0%",NaN
2102-Universidad Nacional Abierta y a Distancia - UNAD,2776-INGENIERIA DE SISTEMAS,Femenino,2012-1,2023,No cotizante,SIN DATO,20,0,,"0,0%",NaN
2102-Universidad Nacional Abierta y a Distancia - UNAD,2776-INGENIERIA DE SISTEMAS,Masculino,2012-1,2017,Dependiente,Actividades de atención de la salud humana y de asistencia social,1,1,,"100,0%",NaN
2102-Universidad Nacional Abierta y a Distancia - UNAD,2776-INGENIERIA DE SISTEMAS,Masculino,2012-1,2017,Dependiente,Actividades de organizaciones y entidades extraterritoriales,1,1,,"100,0%",NaN
2102-Universidad Nacional Abierta y a Distancia - UNAD,2776-INGENIERIA DE SISTEMAS,Masculino,2012-1,2017,Dependiente,Actividades de servicios administrativos y de apoyo,1,1,,"100,0%",NaN
2102-Universidad Nacional Abierta y a Distancia - UNAD,2776-INGENIERIA DE SISTEMAS,Masculino,2012-1,2017,Dependiente,Actividades financieras y de seguros,2,2,,"100,0%",NaN
2102-Universidad Nacional Abierta y a Distancia - UNAD,2776-INGENIERIA DE SISTEMAS,Masculino,2012-1,2017,Dependiente,"Actividades profesionales, científicas y técnicas",13,13,,"100,0%",NaN
2102-Universidad Nacional Abierta y a Distancia - UNAD,2776-INGENIERIA DE SISTEMAS,Masculino,2012-1,2017,Dependiente,Administración pública y defensa; planes de seguridad social de afiliación obligatoria,10,10,,"100,0%",NaN
2102-Universidad Nacional Abierta y a Distancia - UNAD,2776-INGENIERIA DE SISTEMAS,Masculino,2012-1,2017,Dependiente,"Agricultura, ganadería, caza, silvicultura y pesca",1,1,,"100,0%",NaN
2102-Universidad Nacional Abierta y a Distancia - UNAD,2776-INGENIERIA DE SISTEMAS,Masculino,2012-1,2017,Dependiente,Comercio al por mayor y al por menor; reparación de vehículos automotores y motocicletas,2,2,,"100,0%",NaN
2102-Universidad Nacional Abierta y a Distancia - UNAD,2776-INGENIERIA DE SISTEMAS,Masculino,2012-1,2017,Dependiente,Construccion,1,1,,"100,0%",NaN
2102-Universidad Nacional Abierta y a Distancia - UNAD,2776-INGENIERIA DE SISTEMAS,Masculino,2012-1,2017,Dependiente,"Distribución de agua; evacuación y tratamiento de aguas residuales, gestión de desechos y actividades de saneamiento ambiental",1,1,,"100,0%",NaN
2102-Universidad Nacional Abierta y a Distancia - UNAD,2776-INGENIERIA DE SISTEMAS,Masculino,2012-1,2017,Dependiente,Educación,4,4,,"100,0%",NaN
2102-Universidad Nacional Abierta y a Distancia - UNAD,2776-INGENIERIA DE SISTEMAS,Masculino,2012-1,2017,Dependiente,Industrias manufactureras,1,1,,"100,0%",NaN
2102-Universidad Nacional Abierta y a Distancia - UNAD,2776-INGENIERIA DE SISTEMAS,Masculino,2012-1,2017,Dependiente,Información y comunicaciones,8,8,,"100,0%",NaN
2102-Universidad Nacional Abierta y a Distancia - UNAD,2776-INGENIERIA DE SISTEMAS,Masculino,2012-1,2017,Dependiente,Otras actividades de servicios,3,3,,"100,0%",NaN
2102-Universidad Nacional Abierta y a Distancia - UNAD,2776-INGENIERIA DE SISTEMAS,Masculino,2012-1,2017,Dependiente,Sin información,7,7,,"100,0%",NaN
2102-Universidad Nacional Abierta y a Distancia - UNAD,2776-INGENIERIA DE SISTEMAS,Masculino,2012-1,2017,Dependiente,Transporte y almacenamiento,1,1,,"100,0%",NaN
2102-Universidad Nacional Abierta y a Distancia - UNAD,2776-INGENIERIA DE SISTEMAS,Masculino,2012-1,2017,Independiente,Actividades de servicios administrativos y de apoyo,2,2,,"100,0%",NaN
2102-Universidad Nacional Abierta y a Distancia - UNAD,2776-INGENIERIA DE SISTEMAS,Masculino,2012-1,2017,Independiente,"Actividades profesionales, científicas y técnicas",2,2,,"100,0%",NaN
2102-Universidad Nacional Abierta y a Distancia - UNAD,2776-INGENIERIA DE SISTEMAS,Masculino,2012-1,2017,Independiente,"Agricultura, ganadería, caza, silvicultura y pesca",1,1,,"100,0%",NaN
2102-Universidad Nacional Abierta y a Distancia - UNAD,2776-INGENIERIA DE SISTEMAS,Masculino,2012-1,2017,Independiente,Comercio al por mayor y al por menor; reparación de vehículos automotores y motocicletas,2,2,,"100,0%",NaN
2102-Universidad Nacional Abierta y a Distancia - UNAD,2776-INGENIERIA DE SISTEMAS,Masculino,2012-1,2017,Independiente,Información y comunicaciones,4,4,,"100,0%",NaN
2102-Universidad Nacional Abierta y a Distancia - UNAD,2776-INGENIERIA DE SISTEMAS,Masculino,2012-1,2017,Independiente,Sin información,7,7,,"100,0%",NaN
2102-Universidad Nacional Abierta y a Distancia - UNAD,2776-INGENIERIA DE SISTEMAS,Masculino,2012-1,2017,No cotizante,Sin información,12,0,,"0,0%",NaN
2102-Universidad Nacional Abierta y a Distancia - UNAD,2776-INGENIERIA DE SISTEMAS,Masculino,2012-1,2018,Dependiente,Actividades de organizaciones y entidades extraterritoriales,1,1,,"100,0%",NaN
2102-Universidad Nacional Abierta y a Distancia - UNAD,2776-INGENIERIA DE SISTEMAS,Masculino,2012-1,2018,Dependiente,Actividades de servicios administrativos y de apoyo,1,1,,"100,0%",NaN
2102-Universidad Nacional Abierta y a Distancia - UNAD,2776-INGENIERIA DE SISTEMAS,Masculino,2012-1,2018,Dependiente,Actividades financieras y de seguros,3,3,,"100,0%",NaN
2102-Universidad Nacional Abierta y a Distancia - UNAD,2776-INGENIERIA DE SISTEMAS,Masculino,2012-1,2018,Dependiente,"Actividades profesionales, científicas y técnicas",14,14,,"100,0%",NaN
2102-Universidad Nacional Abierta y a Distancia - UNAD,2776-INGENIERIA DE SISTEMAS,Masculino,2012-1,2018,Dependiente,Administración pública y defensa; planes de seguridad social de afiliación obligatoria,11,11,,"100,0%",NaN
2102-Universidad Nacional Abierta y a Distancia - UNAD,2776-INGENIERIA DE SISTEMAS,Masculino,2012-1,2018,Dependiente,"Agricultura, ganadería, caza, silvicultura y pesca",1,1,,"100,0%",NaN
2102-Universidad Nacional Abierta y a Distancia - UNAD,2776-INGENIERIA DE SISTEMAS,Masculino,2012-1,2018,Dependiente,Alojamiento y servicios de comida,1,1,,"100,0%",NaN
2102-Universidad Nacional Abierta y a Distancia - UNAD,2776-INGENIERIA DE SISTEMAS,Masculino,2012-1,2018,Dependiente,Comercio al por mayor y al por menor; reparación de vehículos automotores y motocicletas,1,1,,"100,0%",NaN
2102-Universidad Nacional Abierta y a Distancia - UNAD,2776-INGENIERIA DE SISTEMAS,Masculino,2012-1,2018,Dependiente,Construccion,2,2,,"100,0%",NaN
2102-Universidad Nacional Abierta y a Distancia - UNAD,2776-INGENIERIA DE SISTEMAS,Masculino,2012-1,2018,Dependiente,"Distribución de agua; evacuación y tratamiento de aguas residuales, gestión de desechos y actividades de saneamiento ambiental",1,1,,"100,0%",NaN
2102-Universidad Nacional Abierta y a Distancia - UNAD,2776-INGENIERIA DE SISTEMAS,Masculino,2012-1,2018,Dependiente,Educación,4,4,,"100,0%",NaN
2102-Universidad Nacional Abierta y a Distancia - UNAD,2776-INGENIERIA DE SISTEMAS,Masculino,2012-1,2018,Dependiente,Industrias manufactureras,1,1,,"100,0%",NaN
2102-Universidad Nacional Abierta y a Distancia - UNAD,2776-INGENIERIA DE SISTEMAS,Masculino,2012-1,2018,Dependiente,Información y comunicaciones,7,7,,"100,0%",NaN
2102-Universidad Nacional Abierta y a Distancia - UNAD,2776-INGENIERIA DE SISTEMAS,Masculino,2012-1,2018,Dependiente,Otras actividades de servicios,2,2,,"100,0%",NaN
2102-Universidad Nacional Abierta y a Distancia - UNAD,2776-INGENIERIA DE SISTEMAS,Masculino,2012-1,2018,Dependiente,Sin información,6,6,,"100,0%",NaN
2102-Universidad Nacional Abierta y a Distancia - UNAD,2776-INGENIERIA DE SISTEMAS,Masculino,2012-1,2018,Dependiente,Transporte y almacenamiento,2,2,,"100,0%",NaN
2102-Universidad Nacional Abierta y a Distancia - UNAD,2776-INGENIERIA DE SISTEMAS,Masculino,2012-1,2018,Independiente,Actividades de servicios administrativos y de apoyo,2,2,,"100,0%",NaN
2102-Universidad Nacional Abierta y a Distancia - UNAD,2776-INGENIERIA DE SISTEMAS,Masculino,2012-1,2018,Independiente,Actividades financieras y de seguros,1,1,,"100,0%",NaN
2102-Universidad Nacional Abierta y a Distancia - UNAD,2776-INGENIERIA DE SISTEMAS,Masculino,2012-1,2018,Independiente,"Actividades profesionales, científicas y técnicas",1,1,,"100,0%",NaN
2102-Universidad Nacional Abierta y a Distancia - UNAD,2776-INGENIERIA DE SISTEMAS,Masculino,2012-1,2018,Independiente,Comercio al por mayor y al por menor; reparación de vehículos automotores y motocicletas,3,3,,"100,0%",NaN
2102-Universidad Nacional Abierta y a Distancia - UNAD,2776-INGENIERIA DE SISTEMAS,Masculino,2012-1,2018,Independiente,Información y comunicaciones,2,2,,"100,0%",NaN
2102-Universidad Nacional Abierta y a Distancia - UNAD,2776-INGENIERIA DE SISTEMAS,Masculino,2012-1,2018,Independiente,Sin información,9,9,,"100,0%",NaN
2102-Universidad Nacional Abierta y a Distancia - UNAD,2776-INGENIERIA DE SISTEMAS,Masculino,2012-1,2018,No cotizante,Sin información,8,0,,"0,0%",NaN
2102-Universidad Nacional Abierta y a Distancia - UNAD,2776-INGENIERIA DE SISTEMAS,Masculino,2012-1,2019,Dependiente,Actividades de servicios administrativos y de apoyo,1,1,,"100,0%",NaN
2102-Universidad Nacional Abierta y a Distancia - UNAD,2776-INGENIERIA DE SISTEMAS,Masculino,2012-1,2019,Dependiente,Actividades financieras y de seguros,3,3,,"100,0%",NaN
2102-Universidad Nacional Abierta y a Distancia - UNAD,2776-INGENIERIA DE SISTEMAS,Masculino,2012-1,2019,Dependiente,Actividades inmobiliarias,1,1,,"100,0%",NaN
2102-Universidad Nacional Abierta y a Distancia - UNAD,2776-INGENIERIA DE SISTEMAS,Masculino,2012-1,2019,Dependiente,"Actividades profesionales, científicas y técnicas",11,11,,"100,0%",NaN
2102-Universidad Nacional Abierta y a Distancia - UNAD,2776-INGENIERIA DE SISTEMAS,Masculino,2012-1,2019,Dependiente,Administración pública y defensa; planes de seguridad social de afiliación obligatoria,17,17,,"100,0%",NaN
2102-Universidad Nacional Abierta y a Distancia - UNAD,2776-INGENIERIA DE SISTEMAS,Masculino,2012-1,2019,Dependiente,"Agricultura, ganadería, caza, silvicultura y pesca",1,1,,"100,0%",NaN
2102-Universidad Nacional Abierta y a Distancia - UNAD,2776-INGENIERIA DE SISTEMAS,Masculino,2012-1,2019,Dependiente,Alojamiento y servicios de comida,1,1,,"100,0%",NaN
2102-Universidad Nacional Abierta y a Distancia - UNAD,2776-INGENIERIA DE SISTEMAS,Masculino,2012-1,2019,Dependiente,Comercio al por mayor y al por menor; reparación de vehículos automotores y motocicletas,1,1,,"100,0%",NaN
2102-Universidad Nacional Abierta y a Distancia - UNAD,2776-INGENIERIA DE SISTEMAS,Masculino,2012-1,2019,Dependiente,Construccion,3,3,,"100,0%",NaN
2102-Universidad Nacional Abierta y a Distancia - UNAD,2776-INGENIERIA DE SISTEMAS,Masculino,2012-1,2019,Dependiente,"Distribución de agua; evacuación y tratamiento de aguas residuales, gestión de desechos y actividades de saneamiento ambiental",1,1,,"100,0%",NaN
2102-Universidad Nacional Abierta y a Distancia - UNAD,2776-INGENIERIA DE SISTEMAS,Masculino,2012-1,2019,Dependiente,Educación,4,4,,"100,0%",NaN
2102-Universidad Nacional Abierta y a Distancia - UNAD,2776-INGENIERIA DE SISTEMAS,Masculino,2012-1,2019,Dependiente,Industrias manufactureras,1,1,,"100,0%",NaN
2102-Universidad Nacional Abierta y a Distancia - UNAD,2776-INGENIERIA DE SISTEMAS,Masculino,2012-1,2019,Dependiente,Información y comunicaciones,6,6,,"100,0%",NaN
2102-Universidad Nacional Abierta y a Distancia - UNAD,2776-INGENIERIA DE SISTEMAS,Masculino,2012-1,2019,Dependiente,Sin información,1,1,,"100,0%",NaN
2102-Universidad Nacional Abierta y a Distancia - UNAD,2776-INGENIERIA DE SISTEMAS,Masculino,2012-1,2019,Dependiente,Transporte y almacenamiento,1,1,,"100,0%",NaN
2102-Universidad Nacional Abierta y a Distancia - UNAD,2776-INGENIERIA DE SISTEMAS,Masculino,2012-1,2019,Independiente,Actividades de servicios administrativos y de apoyo,1,1,,"100,0%",NaN
2102-Universidad Nacional Abierta y a Distancia - UNAD,2776-INGENIERIA DE SISTEMAS,Masculino,2012-1,2019,Independiente,"Actividades profesionales, científicas y técnicas",4,4,,"100,0%",NaN
2102-Universidad Nacional Abierta y a Distancia - UNAD,2776-INGENIERIA DE SISTEMAS,Masculino,2012-1,2019,Independiente,Administración pública y defensa; planes de seguridad social de afiliación obligatoria,3,3,,"100,0%",NaN
2102-Universidad Nacional Abierta y a Distancia - UNAD,2776-INGENIERIA DE SISTEMAS,Masculino,2012-1,2019,Independiente,Comercio al por mayor y al por menor; reparación de vehículos automotores y motocicletas,1,1,,"100,0%",NaN
2102-Universidad Nacional Abierta y a Distancia - UNAD,2776-INGENIERIA DE SISTEMAS,Masculino,2012-1,2019,Independiente,Construccion,1,1,,"100,0%",NaN
2102-Universidad Nacional Abierta y a Distancia - UNAD,2776-INGENIERIA DE SISTEMAS,Masculino,2012-1,2019,Independiente,Información y comunicaciones,3,3,,"100,0%",NaN
2102-Universidad Nacional Abierta y a Distancia - UNAD,2776-INGENIERIA DE SISTEMAS,Masculino,2012-1,2019,Independiente,Otras actividades de servicios,1,1,,"100,0%",NaN
2102-Universidad Nacional Abierta y a Distancia - UNAD,2776-INGENIERIA DE SISTEMAS,Masculino,2012-1,2019,Independiente,Sin información,2,2,,"100,0%",NaN
2102-Universidad Nacional Abierta y a Distancia - UNAD,2776-INGENIERIA DE SISTEMAS,Masculino,2012-1,2019,No cotizante,Sin información,12,0,,"0,0%",NaN
2102-Universidad Nacional Abierta y a Distancia - UNAD,2776-INGENIERIA DE SISTEMAS,Masculino,2012-1,2020,Dependiente,Actividades de servicios administrativos y de apoyo,3,3,,"100,0%",NaN
2102-Universidad Nacional Abierta y a Distancia - UNAD,2776-INGENIERIA DE SISTEMAS,Masculino,2012-1,2020,Dependiente,Actividades financieras y de seguros,3,3,,"100,0%",NaN
2102-Universidad Nacional Abierta y a Distancia - UNAD,2776-INGENIERIA DE SISTEMAS,Masculino,2012-1,2020,Dependiente,Actividades inmobiliarias,1,1,,"100,0%",NaN
2102-Universidad Nacional Abierta y a Distancia - UNAD,2776-INGENIERIA DE SISTEMAS,Masculino,2012-1,2020,Dependiente,"Actividades profesionales, científicas y técnicas",8,8,,"100,0%",NaN
2102-Universidad Nacional Abierta y a Distancia - UNAD,2776-INGENIERIA DE SISTEMAS,Masculino,2012-1,2020,Dependiente,Administración pública y defensa; planes de seguridad social de afiliación obligatoria,14,14,,"100,0%",NaN
2102-Universidad Nacional Abierta y a Distancia - UNAD,2776-INGENIERIA DE SISTEMAS,Masculino,2012-1,2020,Dependiente,"Agricultura, ganadería, caza, silvicultura y pesca",1,1,,"100,0%",NaN
2102-Universidad Nacional Abierta y a Distancia - UNAD,2776-INGENIERIA DE SISTEMAS,Masculino,2012-1,2020,Dependiente,Alojamiento y servicios de comida,1,1,,"100,0%",NaN
2102-Universidad Nacional Abierta y a Distancia - UNAD,2776-INGENIERIA DE SISTEMAS,Masculino,2012-1,2020,Dependiente,Construccion,2,2,,"100,0%",NaN
2102-Universidad Nacional Abierta y a Distancia - UNAD,2776-INGENIERIA DE SISTEMAS,Masculino,2012-1,2020,Dependiente,"Distribución de agua; evacuación y tratamiento de aguas residuales, gestión de desechos y actividades de saneamiento ambiental",1,1,,"100,0%",NaN
2102-Universidad Nacional Abierta y a Distancia - UNAD,2776-INGENIERIA DE SISTEMAS,Masculino,2012-1,2020,Dependiente,Educación,7,7,,"100,0%",NaN
2102-Universidad Nacional Abierta y a Distancia - UNAD,2776-INGENIERIA DE SISTEMAS,Masculino,2012-1,2020,Dependiente,Industrias manufactureras,1,1,,"100,0%",NaN
2102-Universidad Nacional Abierta y a Distancia - UNAD,2776-INGENIERIA DE SISTEMAS,Masculino,2012-1,2020,Dependiente,Información y comunicaciones,5,5,,"100,0%",NaN
2102-Universidad Nacional Abierta y a Distancia - UNAD,2776-INGENIERIA DE SISTEMAS,Masculino,2012-1,2020,Dependiente,Otras actividades de servicios,2,2,,"100,0%",NaN
2102-Universidad Nacional Abierta y a Distancia - UNAD,2776-INGENIERIA DE SISTEMAS,Masculino,2012-1,2020,Dependiente,Transporte y almacenamiento,1,1,,"100,0%",NaN
2102-Universidad Nacional Abierta y a Distancia - UNAD,2776-INGENIERIA DE SISTEMAS,Masculino,2012-1,2020,Independiente,Actividades de servicios administrativos y de apoyo,2,2,,"100,0%",NaN
2102-Universidad Nacional Abierta y a Distancia - UNAD,2776-INGENIERIA DE SISTEMAS,Masculino,2012-1,2020,Independiente,"Actividades profesionales, científicas y técnicas",4,4,,"100,0%",NaN
2102-Universidad Nacional Abierta y a Distancia - UNAD,2776-INGENIERIA DE SISTEMAS,Masculino,2012-1,2020,Independiente,Administración pública y defensa; planes de seguridad social de afiliación obligatoria,2,2,,"100,0%",NaN
2102-Universidad Nacional Abierta y a Distancia - UNAD,2776-INGENIERIA DE SISTEMAS,Masculino,2012-1,2020,Independiente,Información y comunicaciones,3,3,,"100,0%",NaN
2102-Universidad Nacional Abierta y a Distancia - UNAD,2776-INGENIERIA DE SISTEMAS,Masculino,2012-1,2020,No cotizante,Sin información,16,0,,"0,0%",NaN
2102-Universidad Nacional Abierta y a Distancia - UNAD,2776-INGENIERIA DE SISTEMAS,Masculino,2012-1,2021,Dependiente,"Actividades artísticas, de entretenimiento y recreación",1,1,,"100,0%",NaN
2102-Universidad Nacional Abierta y a Distancia - UNAD,2776-INGENIERIA DE SISTEMAS,Masculino,2012-1,2021,Dependiente,Actividades de servicios administrativos y de apoyo,3,3,,"100,0%",NaN
2102-Universidad Nacional Abierta y a Distancia - UNAD,2776-INGENIERIA DE SISTEMAS,Masculino,2012-1,2021,Dependiente,Actividades financieras y de seguros,3,3,,"100,0%",NaN
2102-Universidad Nacional Abierta y a Distancia - UNAD,2776-INGENIERIA DE SISTEMAS,Masculino,2012-1,2021,Dependiente,"Actividades profesionales, científicas y técnicas",9,9,,"100,0%",NaN
2102-Universidad Nacional Abierta y a Distancia - UNAD,2776-INGENIERIA DE SISTEMAS,Masculino,2012-1,2021,Dependiente,Administración pública y defensa; planes de seguridad social de afiliación obligatoria,12,12,,"100,0%",NaN
2102-Universidad Nacional Abierta y a Distancia - UNAD,2776-INGENIERIA DE SISTEMAS,Masculino,2012-1,2021,Dependiente,Comercio al por mayor y al por menor; reparación de vehículos automotores y motocicletas,1,1,,"100,0%",NaN
2102-Universidad Nacional Abierta y a Distancia - UNAD,2776-INGENIERIA DE SISTEMAS,Masculino,2012-1,2021,Dependiente,Construccion,1,1,,"100,0%",NaN
2102-Universidad Nacional Abierta y a Distancia - UNAD,2776-INGENIERIA DE SISTEMAS,Masculino,2012-1,2021,Dependiente,"Distribución de agua; evacuación y tratamiento de aguas residuales, gestión de desechos y actividades de saneamiento ambiental",1,1,,"100,0%",NaN
2102-Universidad Nacional Abierta y a Distancia - UNAD,2776-INGENIERIA DE SISTEMAS,Masculino,2012-1,2021,Dependiente,Educación,6,6,,"100,0%",NaN
2102-Universidad Nacional Abierta y a Distancia - UNAD,2776-INGENIERIA DE SISTEMAS,Masculino,2012-1,2021,Dependiente,Industrias manufactureras,1,1,,"100,0%",NaN
2102-Universidad Nacional Abierta y a Distancia - UNAD,2776-INGENIERIA DE SISTEMAS,Masculino,2012-1,2021,Dependiente,Información y comunicaciones,6,6,,"100,0%",NaN
2102-Universidad Nacional Abierta y a Distancia - UNAD,2776-INGENIERIA DE SISTEMAS,Masculino,2012-1,2021,Dependiente,Otras actividades de servicios,2,2,,"100,0%",NaN
2102-Universidad Nacional Abierta y a Distancia - UNAD,2776-INGENIERIA DE SISTEMAS,Masculino,2012-1,2021,Dependiente,Transporte y almacenamiento,1,1,,"100,0%",NaN
2102-Universidad Nacional Abierta y a Distancia - UNAD,2776-INGENIERIA DE SISTEMAS,Masculino,2012-1,2021,Independiente,Actividades de servicios administrativos y de apoyo,2,2,,"100,0%",NaN
2102-Universidad Nacional Abierta y a Distancia - UNAD,2776-INGENIERIA DE SISTEMAS,Masculino,2012-1,2021,Independiente,"Actividades profesionales, científicas y técnicas",2,2,,"100,0%",NaN
2102-Universidad Nacional Abierta y a Distancia - UNAD,2776-INGENIERIA DE SISTEMAS,Masculino,2012-1,2021,Independiente,Administración pública y defensa; planes de seguridad social de afiliación obligatoria,3,3,,"100,0%",NaN
2102-Universidad Nacional Abierta y a Distancia - UNAD,2776-INGENIERIA DE SISTEMAS,Masculino,2012-1,2021,Independiente,Comercio al por mayor y al por menor; reparación de vehículos automotores y motocicletas,2,2,,"100,0%",NaN
2102-Universidad Nacional Abierta y a Distancia - UNAD,2776-INGENIERIA DE SISTEMAS,Masculino,2012-1,2021,Independiente,Información y comunicaciones,3,3,,"100,0%",NaN
2102-Universidad Nacional Abierta y a Distancia - UNAD,2776-INGENIERIA DE SISTEMAS,Masculino,2012-1,2021,Independiente,Otras actividades de servicios,1,1,,"100,0%",NaN
2102-Universidad Nacional Abierta y a Distancia - UNAD,2776-INGENIERIA DE SISTEMAS,Masculino,2012-1,2021,No cotizante,Sin información,13,0,,"0,0%",NaN
2102-Universidad Nacional Abierta y a Distancia - UNAD,2776-INGENIERIA DE SISTEMAS,Masculino,2012-1,2022,Dependiente,"Actividades artísticas, de entretenimiento y recreación",2,2,,"100,0%",NaN
2102-Universidad Nacional Abierta y a Distancia - UNAD,2776-INGENIERIA DE SISTEMAS,Masculino,2012-1,2022,Dependiente,Actividades de organizaciones y entidades extraterritoriales,1,1,,"100,0%",NaN
2102-Universidad Nacional Abierta y a Distancia - UNAD,2776-INGENIERIA DE SISTEMAS,Masculino,2012-1,2022,Dependiente,Actividades de servicios administrativos y de apoyo,4,4,,"100,0%",NaN
2102-Universidad Nacional Abierta y a Distancia - UNAD,2776-INGENIERIA DE SISTEMAS,Masculino,2012-1,2022,Dependiente,Actividades financieras y de seguros,2,2,,"100,0%",NaN
2102-Universidad Nacional Abierta y a Distancia - UNAD,2776-INGENIERIA DE SISTEMAS,Masculino,2012-1,2022,Dependiente,"Actividades profesionales, científicas y técnicas",4,4,,"100,0%",NaN
2102-Universidad Nacional Abierta y a Distancia - UNAD,2776-INGENIERIA DE SISTEMAS,Masculino,2012-1,2022,Dependiente,Administración pública y defensa; planes de seguridad social de afiliación obligatoria,11,11,,"100,0%",NaN
2102-Universidad Nacional Abierta y a Distancia - UNAD,2776-INGENIERIA DE SISTEMAS,Masculino,2012-1,2022,Dependiente,Comercio al por mayor y al por menor; reparación de vehículos automotores y motocicletas,1,1,,"100,0%",NaN
2102-Universidad Nacional Abierta y a Distancia - UNAD,2776-INGENIERIA DE SISTEMAS,Masculino,2012-1,2022,Dependiente,Construccion,1,1,,"100,0%",NaN
2102-Universidad Nacional Abierta y a Distancia - UNAD,2776-INGENIERIA DE SISTEMAS,Masculino,2012-1,2022,Dependiente,"Distribución de agua; evacuación y tratamiento de aguas residuales, gestión de desechos y actividades de saneamiento ambiental",1,1,,"100,0%",NaN
2102-Universidad Nacional Abierta y a Distancia - UNAD,2776-INGENIERIA DE SISTEMAS,Masculino,2012-1,2022,Dependiente,Educación,4,4,,"100,0%",NaN
2102-Universidad Nacional Abierta y a Distancia - UNAD,2776-INGENIERIA DE SISTEMAS,Masculino,2012-1,2022,Dependiente,Explotación de minas y canteras,1,1,,"100,0%",NaN
2102-Universidad Nacional Abierta y a Distancia - UNAD,2776-INGENIERIA DE SISTEMAS,Masculino,2012-1,2022,Dependiente,Industrias manufactureras,2,2,,"100,0%",NaN
2102-Universidad Nacional Abierta y a Distancia - UNAD,2776-INGENIERIA DE SISTEMAS,Masculino,2012-1,2022,Dependiente,Información y comunicaciones,7,7,,"100,0%",NaN
2102-Universidad Nacional Abierta y a Distancia - UNAD,2776-INGENIERIA DE SISTEMAS,Masculino,2012-1,2022,Dependiente,Otras actividades de servicios,1,1,,"100,0%",NaN
2102-Universidad Nacional Abierta y a Distancia - UNAD,2776-INGENIERIA DE SISTEMAS,Masculino,2012-1,2022,Dependiente,Transporte y almacenamiento,1,1,,"100,0%",NaN
2102-Universidad Nacional Abierta y a Distancia - UNAD,2776-INGENIERIA DE SISTEMAS,Masculino,2012-1,2022,Independiente,Actividades de los hogares individuales en calidad de empleadores; actividades no diferenciadas de los hogares individuales como productores de bienes y servicios para uso propio,1,1,,"100,0%",NaN
2102-Universidad Nacional Abierta y a Distancia - UNAD,2776-INGENIERIA DE SISTEMAS,Masculino,2012-1,2022,Independiente,Actividades de servicios administrativos y de apoyo,2,2,,"100,0%",NaN
2102-Universidad Nacional Abierta y a Distancia - UNAD,2776-INGENIERIA DE SISTEMAS,Masculino,2012-1,2022,Independiente,"Actividades profesionales, científicas y técnicas",3,3,,"100,0%",NaN
2102-Universidad Nacional Abierta y a Distancia - UNAD,2776-INGENIERIA DE SISTEMAS,Masculino,2012-1,2022,Independiente,Administración pública y defensa; planes de seguridad social de afiliación obligatoria,3,3,,"100,0%",NaN
2102-Universidad Nacional Abierta y a Distancia - UNAD,2776-INGENIERIA DE SISTEMAS,Masculino,2012-1,2022,Independiente,Comercio al por mayor y al por menor; reparación de vehículos automotores y motocicletas,2,2,,"100,0%",NaN
2102-Universidad Nacional Abierta y a Distancia - UNAD,2776-INGENIERIA DE SISTEMAS,Masculino,2012-1,2022,Independiente,Información y comunicaciones,5,5,,"100,0%",NaN
2102-Universidad Nacional Abierta y a Distancia - UNAD,2776-INGENIERIA DE SISTEMAS,Masculino,2012-1,2022,No cotizante,SIN DATO,10,0,,"0,0%",NaN
2102-Universidad Nacional Abierta y a Distancia - UNAD,2776-INGENIERIA DE SISTEMAS,Masculino,2012-1,2023,Dependiente,"Actividades artísticas, de entretenimiento y recreación",1,1,,"100,0%",NaN
2102-Universidad Nacional Abierta y a Distancia - UNAD,2776-INGENIERIA DE SISTEMAS,Masculino,2012-1,2023,Dependiente,Actividades de servicios administrativos y de apoyo,4,4,,"100,0%",NaN
2102-Universidad Nacional Abierta y a Distancia - UNAD,2776-INGENIERIA DE SISTEMAS,Masculino,2012-1,2023,Dependiente,Actividades financieras y de seguros,2,2,,"100,0%",NaN
2102-Universidad Nacional Abierta y a Distancia - UNAD,2776-INGENIERIA DE SISTEMAS,Masculino,2012-1,2023,Dependiente,Actividades inmobiliarias,1,1,,"100,0%",NaN
2102-Universidad Nacional Abierta y a Distancia - UNAD,2776-INGENIERIA DE SISTEMAS,Masculino,2012-1,2023,Dependiente,"Actividades profesionales, científicas y técnicas",5,5,,"100,0%",NaN
2102-Universidad Nacional Abierta y a Distancia - UNAD,2776-INGENIERIA DE SISTEMAS,Masculino,2012-1,2023,Dependiente,Administración pública y defensa; planes de seguridad social de afiliación obligatoria,8,8,,"100,0%",NaN
2102-Universidad Nacional Abierta y a Distancia - UNAD,2776-INGENIERIA DE SISTEMAS,Masculino,2012-1,2023,Dependiente,Comercio al por mayor y al por menor; reparación de vehículos automotores y motocicletas,1,1,,"100,0%",NaN
2102-Universidad Nacional Abierta y a Distancia - UNAD,2776-INGENIERIA DE SISTEMAS,Masculino,2012-1,2023,Dependiente,Construccion,1,1,,"100,0%",NaN
2102-Universidad Nacional Abierta y a Distancia - UNAD,2776-INGENIERIA DE SISTEMAS,Masculino,2012-1,2023,Dependiente,"Distribución de agua; evacuación y tratamiento de aguas residuales, gestión de desechos y actividades de saneamiento ambiental",1,1,,"100,0%",NaN
2102-Universidad Nacional Abierta y a Distancia - UNAD,2776-INGENIERIA DE SISTEMAS,Masculino,2012-1,2023,Dependiente,Educación,6,6,,"100,0%",NaN
2102-Universidad Nacional Abierta y a Distancia - UNAD,2776-INGENIERIA DE SISTEMAS,Masculino,2012-1,2023,Dependiente,Industrias manufactureras,2,2,,"100,0%",NaN
2102-Universidad Nacional Abierta y a Distancia - UNAD,2776-INGENIERIA DE SISTEMAS,Masculino,2012-1,2023,Dependiente,Información y comunicaciones,6,6,,"100,0%",NaN
2102-Universidad Nacional Abierta y a Distancia - UNAD,2776-INGENIERIA DE SISTEMAS,Masculino,2012-1,2023,Dependiente,Otras actividades de servicios,3,3,,"100,0%",NaN
2102-Universidad Nacional Abierta y a Distancia - UNAD,2776-INGENIERIA DE SISTEMAS,Masculino,2012-1,2023,Dependiente,Transporte y almacenamiento,3,3,,"100,0%",NaN
2102-Universidad Nacional Abierta y a Distancia - UNAD,2776-INGENIERIA DE SISTEMAS,Masculino,2012-1,2023,Independiente,Actividades de los hogares individuales en calidad de empleadores; actividades no diferenciadas de los hogares individuales como productores de bienes y servicios para uso propio,1,1,,"100,0%",NaN
2102-Universidad Nacional Abierta y a Distancia - UNAD,2776-INGENIERIA DE SISTEMAS,Masculino,2012-1,2023,Independiente,Actividades de servicios administrativos y de apoyo,1,1,,"100,0%",NaN
2102-Universidad Nacional Abierta y a Distancia - UNAD,2776-INGENIERIA DE SISTEMAS,Masculino,2012-1,2023,Independiente,"Actividades profesionales, científicas y técnicas",3,3,,"100,0%",NaN
2102-Universidad Nacional Abierta y a Distancia - UNAD,2776-INGENIERIA DE SISTEMAS,Masculino,2012-1,2023,Independiente,Administración pública y defensa; planes de seguridad social de afiliación obligatoria,1,1,,"100,0%",NaN
2102-Universidad Nacional Abierta y a Distancia - UNAD,2776-INGENIERIA DE SISTEMAS,Masculino,2012-1,2023,Independiente,Comercio al por mayor y al por menor; reparación de vehículos automotores y motocicletas,4,4,,"100,0%",NaN
2102-Universidad Nacional Abierta y a Distancia - UNAD,2776-INGENIERIA DE SISTEMAS,Masculino,2012-1,2023,Independiente,Información y comunicaciones,3,3,,"100,0%",NaN
2102-Universidad Nacional Abierta y a Distancia - UNAD,2776-INGENIERIA DE SISTEMAS,Masculino,2012-1,2023,No cotizante,SIN DATO,11,0,,"0,0%",NaN
2102-Universidad Nacional Abierta y a Distancia - UNAD,104446-INGENIERIA INDUSTRIAL,Femenino,2012-1,2017,Dependiente,"Actividades profesionales, científicas y técnicas",1,1,,"100,0%",NaN
2102-Universidad Nacional Abierta y a Distancia - UNAD,104446-INGENIERIA INDUSTRIAL,Femenino,2012-1,2017,Dependiente,Comercio al por mayor y al por menor; reparación de vehículos automotores y motocicletas,3,3,,"100,0%",NaN
2102-Universidad Nacional Abierta y a Distancia - UNAD,104446-INGENIERIA INDUSTRIAL,Femenino,2012-1,2017,Dependiente,Construccion,1,1,,"100,0%",NaN
2102-Universidad Nacional Abierta y a Distancia - UNAD,104446-INGENIERIA INDUSTRIAL,Femenino,2012-1,2017,Independiente,Otras actividades de servicios,1,1,,"100,0%",NaN
2102-Universidad Nacional Abierta y a Distancia - UNAD,104446-INGENIERIA INDUSTRIAL,Femenino,2012-1,2017,Independiente,Sin información,2,2,,"100,0%",NaN
2102-Universidad Nacional Abierta y a Distancia - UNAD,104446-INGENIERIA INDUSTRIAL,Femenino,2012-1,2017,No cotizante,Sin información,6,0,,"0,0%",NaN
2102-Universidad Nacional Abierta y a Distancia - UNAD,104446-INGENIERIA INDUSTRIAL,Femenino,2012-1,2018,Dependiente,Actividades de atención de la salud humana y de asistencia social,1,1,,"100,0%",NaN
2102-Universidad Nacional Abierta y a Distancia - UNAD,104446-INGENIERIA INDUSTRIAL,Femenino,2012-1,2018,Dependiente,"Actividades profesionales, científicas y técnicas",2,2,,"100,0%",NaN
2102-Universidad Nacional Abierta y a Distancia - UNAD,104446-INGENIERIA INDUSTRIAL,Femenino,2012-1,2018,Dependiente,Comercio al por mayor y al por menor; reparación de vehículos automotores y motocicletas,1,1,,"100,0%",NaN
2102-Universidad Nacional Abierta y a Distancia - UNAD,104446-INGENIERIA INDUSTRIAL,Femenino,2012-1,2018,Dependiente,Transporte y almacenamiento,1,1,,"100,0%",NaN
2102-Universidad Nacional Abierta y a Distancia - UNAD,104446-INGENIERIA INDUSTRIAL,Femenino,2012-1,2018,Independiente,Sin información,2,2,,"100,0%",NaN
2102-Universidad Nacional Abierta y a Distancia - UNAD,104446-INGENIERIA INDUSTRIAL,Femenino,2012-1,2018,No cotizante,Sin información,6,0,,"0,0%",NaN
2102-Universidad Nacional Abierta y a Distancia - UNAD,104446-INGENIERIA INDUSTRIAL,Femenino,2012-1,2019,Dependiente,Actividades de atención de la salud humana y de asistencia social,1,1,,"100,0%",NaN
2102-Universidad Nacional Abierta y a Distancia - UNAD,104446-INGENIERIA INDUSTRIAL,Femenino,2012-1,2019,Dependiente,"Actividades profesionales, científicas y técnicas",2,2,,"100,0%",NaN
2102-Universidad Nacional Abierta y a Distancia - UNAD,104446-INGENIERIA INDUSTRIAL,Femenino,2012-1,2019,Dependiente,Construccion,1,1,,"100,0%",NaN
2102-Universidad Nacional Abierta y a Distancia - UNAD,104446-INGENIERIA INDUSTRIAL,Femenino,2012-1,2019,Dependiente,Industrias manufactureras,1,1,,"100,0%",NaN
2102-Universidad Nacional Abierta y a Distancia - UNAD,104446-INGENIERIA INDUSTRIAL,Femenino,2012-1,2019,Independiente,"Actividades profesionales, científicas y técnicas",1,1,,"100,0%",NaN
2102-Universidad Nacional Abierta y a Distancia - UNAD,104446-INGENIERIA INDUSTRIAL,Femenino,2012-1,2019,Independiente,Administración pública y defensa; planes de seguridad social de afiliación obligatoria,1,1,,"100,0%",NaN
2102-Universidad Nacional Abierta y a Distancia - UNAD,104446-INGENIERIA INDUSTRIAL,Femenino,2012-1,2019,Independiente,Sin información,1,1,,"100,0%",NaN
2102-Universidad Nacional Abierta y a Distancia - UNAD,104446-INGENIERIA INDUSTRIAL,Femenino,2012-1,2019,No cotizante,Sin información,5,0,,"0,0%",NaN
2102-Universidad Nacional Abierta y a Distancia - UNAD,104446-INGENIERIA INDUSTRIAL,Femenino,2012-1,2020,Dependiente,Actividades de atención de la salud humana y de asistencia social,1,1,,"100,0%",NaN
2102-Universidad Nacional Abierta y a Distancia - UNAD,104446-INGENIERIA INDUSTRIAL,Femenino,2012-1,2020,Dependiente,"Actividades profesionales, científicas y técnicas",3,3,,"100,0%",NaN
2102-Universidad Nacional Abierta y a Distancia - UNAD,104446-INGENIERIA INDUSTRIAL,Femenino,2012-1,2020,Independiente,"Actividades profesionales, científicas y técnicas",1,1,,"100,0%",NaN
2102-Universidad Nacional Abierta y a Distancia - UNAD,104446-INGENIERIA INDUSTRIAL,Femenino,2012-1,2020,Independiente,Administración pública y defensa; planes de seguridad social de afiliación obligatoria,1,1,,"100,0%",NaN
2102-Universidad Nacional Abierta y a Distancia - UNAD,104446-INGENIERIA INDUSTRIAL,Femenino,2012-1,2020,No cotizante,Sin información,8,0,,"0,0%",NaN
2102-Universidad Nacional Abierta y a Distancia - UNAD,104446-INGENIERIA INDUSTRIAL,Femenino,2012-1,2021,Dependiente,Actividades de atención de la salud humana y de asistencia social,1,1,,"100,0%",NaN
2102-Universidad Nacional Abierta y a Distancia - UNAD,104446-INGENIERIA INDUSTRIAL,Femenino,2012-1,2021,Dependiente,"Actividades profesionales, científicas y técnicas",3,3,,"100,0%",NaN
2102-Universidad Nacional Abierta y a Distancia - UNAD,104446-INGENIERIA INDUSTRIAL,Femenino,2012-1,2021,Independiente,"Actividades profesionales, científicas y técnicas",1,1,,"100,0%",NaN
2102-Universidad Nacional Abierta y a Distancia - UNAD,104446-INGENIERIA INDUSTRIAL,Femenino,2012-1,2021,Independiente,Administración pública y defensa; planes de seguridad social de afiliación obligatoria,1,1,,"100,0%",NaN
2102-Universidad Nacional Abierta y a Distancia - UNAD,104446-INGENIERIA INDUSTRIAL,Femenino,2012-1,2021,No cotizante,Sin información,8,0,,"0,0%",NaN
2102-Universidad Nacional Abierta y a Distancia - UNAD,104446-INGENIERIA INDUSTRIAL,Femenino,2012-1,2022,Dependiente,Actividades de atención de la salud humana y de asistencia social,1,1,,"100,0%",NaN
2102-Universidad Nacional Abierta y a Distancia - UNAD,104446-INGENIERIA INDUSTRIAL,Femenino,2012-1,2022,Dependiente,"Actividades profesionales, científicas y técnicas",3,3,,"100,0%",NaN
2102-Universidad Nacional Abierta y a Distancia - UNAD,104446-INGENIERIA INDUSTRIAL,Femenino,2012-1,2022,Independiente,"Actividades profesionales, científicas y técnicas",1,1,,"100,0%",NaN
2102-Universidad Nacional Abierta y a Distancia - UNAD,104446-INGENIERIA INDUSTRIAL,Femenino,2012-1,2022,Independiente,Administración pública y defensa; planes de seguridad social de afiliación obligatoria,1,1,,"100,0%",NaN
2102-Universidad Nacional Abierta y a Distancia - UNAD,104446-INGENIERIA INDUSTRIAL,Femenino,2012-1,2022,No cotizante,SIN DATO,8,0,,"0,0%",NaN
2102-Universidad Nacional Abierta y a Distancia - UNAD,104446-INGENIERIA INDUSTRIAL,Femenino,2012-1,2023,Dependiente,Actividades de atención de la salud humana y de asistencia social,1,1,,"100,0%",NaN
2102-Universidad Nacional Abierta y a Distancia - UNAD,104446-INGENIERIA INDUSTRIAL,Femenino,2012-1,2023,Dependiente,"Actividades profesionales, científicas y técnicas",2,2,,"100,0%",NaN
2102-Universidad Nacional Abierta y a Distancia - UNAD,104446-INGENIERIA INDUSTRIAL,Femenino,2012-1,2023,Dependiente,Explotación de minas y canteras,1,1,,"100,0%",NaN
2102-Universidad Nacional Abierta y a Distancia - UNAD,104446-INGENIERIA INDUSTRIAL,Femenino,2012-1,2023,Dependiente,Transporte y almacenamiento,1,1,,"100,0%",NaN
2102-Universidad Nacional Abierta y a Distancia - UNAD,104446-INGENIERIA INDUSTRIAL,Femenino,2012-1,2023,Independiente,Comercio al por mayor y al por menor; reparación de vehículos automotores y motocicletas,1,1,,"100,0%",NaN
2102-Universidad Nacional Abierta y a Distancia - UNAD,104446-INGENIERIA INDUSTRIAL,Femenino,2012-1,2023,No cotizante,SIN DATO,8,0,,"0,0%",NaN
2102-Universidad Nacional Abierta y a Distancia - UNAD,104446-INGENIERIA INDUSTRIAL,Masculino,2012-1,2017,Dependiente,"Actividades profesionales, científicas y técnicas",2,2,,"100,0%",NaN
2102-Universidad Nacional Abierta y a Distancia - UNAD,104446-INGENIERIA INDUSTRIAL,Masculino,2012-1,2017,Dependiente,Administración pública y defensa; planes de seguridad social de afiliación obligatoria,1,1,,"100,0%",NaN
2102-Universidad Nacional Abierta y a Distancia - UNAD,104446-INGENIERIA INDUSTRIAL,Masculino,2012-1,2017,Dependiente,"Agricultura, ganadería, caza, silvicultura y pesca",2,2,,"100,0%",NaN
2102-Universidad Nacional Abierta y a Distancia - UNAD,104446-INGENIERIA INDUSTRIAL,Masculino,2012-1,2017,Dependiente,Construccion,1,1,,"100,0%",NaN
2102-Universidad Nacional Abierta y a Distancia - UNAD,104446-INGENIERIA INDUSTRIAL,Masculino,2012-1,2017,Dependiente,Explotación de minas y canteras,2,2,,"100,0%",NaN
2102-Universidad Nacional Abierta y a Distancia - UNAD,104446-INGENIERIA INDUSTRIAL,Masculino,2012-1,2017,Dependiente,Industrias manufactureras,2,2,,"100,0%",NaN
2102-Universidad Nacional Abierta y a Distancia - UNAD,104446-INGENIERIA INDUSTRIAL,Masculino,2012-1,2017,Dependiente,"Suministro de electricidad, gas, vapor y aire acondicionado",1,1,,"100,0%",NaN
2102-Universidad Nacional Abierta y a Distancia - UNAD,104446-INGENIERIA INDUSTRIAL,Masculino,2012-1,2017,No cotizante,Sin información,3,0,,"0,0%",NaN
2102-Universidad Nacional Abierta y a Distancia - UNAD,104446-INGENIERIA INDUSTRIAL,Masculino,2012-1,2018,Dependiente,"Actividades profesionales, científicas y técnicas",2,2,,"100,0%",NaN
2102-Universidad Nacional Abierta y a Distancia - UNAD,104446-INGENIERIA INDUSTRIAL,Masculino,2012-1,2018,Dependiente,"Agricultura, ganadería, caza, silvicultura y pesca",2,2,,"100,0%",NaN
2102-Universidad Nacional Abierta y a Distancia - UNAD,104446-INGENIERIA INDUSTRIAL,Masculino,2012-1,2018,Dependiente,Construccion,1,1,,"100,0%",NaN
2102-Universidad Nacional Abierta y a Distancia - UNAD,104446-INGENIERIA INDUSTRIAL,Masculino,2012-1,2018,Dependiente,Explotación de minas y canteras,2,2,,"100,0%",NaN
2102-Universidad Nacional Abierta y a Distancia - UNAD,104446-INGENIERIA INDUSTRIAL,Masculino,2012-1,2018,Dependiente,Industrias manufactureras,1,1,,"100,0%",NaN
2102-Universidad Nacional Abierta y a Distancia - UNAD,104446-INGENIERIA INDUSTRIAL,Masculino,2012-1,2018,Dependiente,"Suministro de electricidad, gas, vapor y aire acondicionado",1,1,,"100,0%",NaN
2102-Universidad Nacional Abierta y a Distancia - UNAD,104446-INGENIERIA INDUSTRIAL,Masculino,2012-1,2018,Independiente,Sin información,1,1,,"100,0%",NaN
2102-Universidad Nacional Abierta y a Distancia - UNAD,104446-INGENIERIA INDUSTRIAL,Masculino,2012-1,2018,No cotizante,Sin información,3,0,,"0,0%",NaN
2102-Universidad Nacional Abierta y a Distancia - UNAD,104446-INGENIERIA INDUSTRIAL,Masculino,2012-1,2019,Dependiente,Actividades de servicios administrativos y de apoyo,1,1,,"100,0%",NaN
2102-Universidad Nacional Abierta y a Distancia - UNAD,104446-INGENIERIA INDUSTRIAL,Masculino,2012-1,2019,Dependiente,"Actividades profesionales, científicas y técnicas",2,2,,"100,0%",NaN
2102-Universidad Nacional Abierta y a Distancia - UNAD,104446-INGENIERIA INDUSTRIAL,Masculino,2012-1,2019,Dependiente,"Agricultura, ganadería, caza, silvicultura y pesca",2,2,,"100,0%",NaN
2102-Universidad Nacional Abierta y a Distancia - UNAD,104446-INGENIERIA INDUSTRIAL,Masculino,2012-1,2019,Dependiente,Explotación de minas y canteras,2,2,,"100,0%",NaN
2102-Universidad Nacional Abierta y a Distancia - UNAD,104446-INGENIERIA INDUSTRIAL,Masculino,2012-1,2019,Dependiente,Industrias manufactureras,1,1,,"100,0%",NaN
2102-Universidad Nacional Abierta y a Distancia - UNAD,104446-INGENIERIA INDUSTRIAL,Masculino,2012-1,2019,Independiente,"Actividades profesionales, científicas y técnicas",1,1,,"100,0%",NaN
2102-Universidad Nacional Abierta y a Distancia - UNAD,104446-INGENIERIA INDUSTRIAL,Masculino,2012-1,2019,No cotizante,Sin información,3,0,,"0,0%",NaN
2102-Universidad Nacional Abierta y a Distancia - UNAD,104446-INGENIERIA INDUSTRIAL,Masculino,2012-1,2020,Dependiente,Actividades de servicios administrativos y de apoyo,1,1,,"100,0%",NaN
2102-Universidad Nacional Abierta y a Distancia - UNAD,104446-INGENIERIA INDUSTRIAL,Masculino,2012-1,2020,Dependiente,"Actividades profesionales, científicas y técnicas",1,1,,"100,0%",NaN
2102-Universidad Nacional Abierta y a Distancia - UNAD,104446-INGENIERIA INDUSTRIAL,Masculino,2012-1,2020,Dependiente,"Agricultura, ganadería, caza, silvicultura y pesca",2,2,,"100,0%",NaN
2102-Universidad Nacional Abierta y a Distancia - UNAD,104446-INGENIERIA INDUSTRIAL,Masculino,2012-1,2020,Dependiente,Explotación de minas y canteras,1,1,,"100,0%",NaN
2102-Universidad Nacional Abierta y a Distancia - UNAD,104446-INGENIERIA INDUSTRIAL,Masculino,2012-1,2020,Dependiente,Industrias manufactureras,1,1,,"100,0%",NaN
2102-Universidad Nacional Abierta y a Distancia - UNAD,104446-INGENIERIA INDUSTRIAL,Masculino,2012-1,2020,Dependiente,Otras actividades de servicios,1,1,,"100,0%",NaN
2102-Universidad Nacional Abierta y a Distancia - UNAD,104446-INGENIERIA INDUSTRIAL,Masculino,2012-1,2020,Independiente,Construccion,1,1,,"100,0%",NaN
2102-Universidad Nacional Abierta y a Distancia - UNAD,104446-INGENIERIA INDUSTRIAL,Masculino,2012-1,2020,No cotizante,Sin información,3,0,,"0,0%",NaN
2102-Universidad Nacional Abierta y a Distancia - UNAD,104446-INGENIERIA INDUSTRIAL,Masculino,2012-1,2021,Dependiente,Explotación de minas y canteras,3,3,,"100,0%",NaN
2102-Universidad Nacional Abierta y a Distancia - UNAD,104446-INGENIERIA INDUSTRIAL,Masculino,2012-1,2021,Dependiente,Industrias manufactureras,1,1,,"100,0%",NaN
2102-Universidad Nacional Abierta y a Distancia - UNAD,104446-INGENIERIA INDUSTRIAL,Masculino,2012-1,2021,Independiente,Actividades de servicios administrativos y de apoyo,1,1,,"100,0%",NaN
2102-Universidad Nacional Abierta y a Distancia - UNAD,104446-INGENIERIA INDUSTRIAL,Masculino,2012-1,2021,No cotizante,Sin información,4,0,,"0,0%",NaN
2102-Universidad Nacional Abierta y a Distancia - UNAD,104446-INGENIERIA INDUSTRIAL,Masculino,2012-1,2022,Dependiente,Explotación de minas y canteras,3,3,,"100,0%",NaN
2102-Universidad Nacional Abierta y a Distancia - UNAD,104446-INGENIERIA INDUSTRIAL,Masculino,2012-1,2022,Dependiente,Industrias manufactureras,1,1,,"100,0%",NaN
2102-Universidad Nacional Abierta y a Distancia - UNAD,104446-INGENIERIA INDUSTRIAL,Masculino,2012-1,2022,No cotizante,SIN DATO,5,0,,"0,0%",NaN
2102-Universidad Nacional Abierta y a Distancia - UNAD,104446-INGENIERIA INDUSTRIAL,Masculino,2012-1,2023,Dependiente,Explotación de minas y canteras,3,3,,"100,0%",NaN
2102-Universidad Nacional Abierta y a Distancia - UNAD,104446-INGENIERIA INDUSTRIAL,Masculino,2012-1,2023,Dependiente,Industrias manufactureras,1,1,,"100,0%",NaN
2102-Universidad Nacional Abierta y a Distancia - UNAD,104446-INGENIERIA INDUSTRIAL,Masculino,2012-1,2023,Dependiente,Transporte y almacenamiento,1,1,,"100,0%",NaN
2102-Universidad Nacional Abierta y a Distancia - UNAD,104446-INGENIERIA INDUSTRIAL,Masculino,2012-1,2023,No cotizante,SIN DATO,4,0,,"0,0%",NaN
2102-Universidad Nacional Abierta y a Distancia - UNAD,1681-TECNOLOGIA EN GESTION COMERCIAL Y DE NEGOCIOS,Femenino,2012-1,2016,Dependiente,Actividades de atención de la salud humana y de asistencia social,1,1,,"100,0%",$850.000
2102-Universidad Nacional Abierta y a Distancia - UNAD,1681-TECNOLOGIA EN GESTION COMERCIAL Y DE NEGOCIOS,Femenino,2012-1,2016,Dependiente,Actividades financieras y de seguros,1,1,,"100,0%",$1.466.000
2102-Universidad Nacional Abierta y a Distancia - UNAD,1681-TECNOLOGIA EN GESTION COMERCIAL Y DE NEGOCIOS,Femenino,2012-1,2016,Dependiente,"Actividades profesionales, científicas y técnicas",1,1,,"100,0%",$2.275.000
2102-Universidad Nacional Abierta y a Distancia - UNAD,1681-TECNOLOGIA EN GESTION COMERCIAL Y DE NEGOCIOS,Femenino,2012-1,2016,Dependiente,Administración pública y defensa; planes de seguridad social de afiliación obligatoria,1,1,,"100,0%",$2.652.000
2102-Universidad Nacional Abierta y a Distancia - UNAD,1681-TECNOLOGIA EN GESTION COMERCIAL Y DE NEGOCIOS,Femenino,2012-1,2016,Dependiente,Industrias manufactureras,1,1,,"100,0%",$2.310.000
2102-Universidad Nacional Abierta y a Distancia - UNAD,1681-TECNOLOGIA EN GESTION COMERCIAL Y DE NEGOCIOS,Femenino,2012-1,2016,Dependiente,Información y comunicaciones,1,1,,"100,0%",$1.500.000
2102-Universidad Nacional Abierta y a Distancia - UNAD,1681-TECNOLOGIA EN GESTION COMERCIAL Y DE NEGOCIOS,Femenino,2012-1,2016,Independiente,Actividades financieras y de seguros,1,1,,"100,0%",NaN
2102-Universidad Nacional Abierta y a Distancia - UNAD,1681-TECNOLOGIA EN GESTION COMERCIAL Y DE NEGOCIOS,Femenino,2012-1,2016,Independiente,"Actividades profesionales, científicas y técnicas",1,1,,"100,0%",NaN
2102-Universidad Nacional Abierta y a Distancia - UNAD,1681-TECNOLOGIA EN GESTION COMERCIAL Y DE NEGOCIOS,Femenino,2012-1,2016,Independiente,Educación,1,1,,"100,0%",NaN
2102-Universidad Nacional Abierta y a Distancia - UNAD,1681-TECNOLOGIA EN GESTION COMERCIAL Y DE NEGOCIOS,Femenino,2012-1,2016,Independiente,Sin información,1,1,,"100,0%",NaN
2102-Universidad Nacional Abierta y a Distancia - UNAD,1681-TECNOLOGIA EN GESTION COMERCIAL Y DE NEGOCIOS,Femenino,2012-1,2016,No cotizante,Sin información,2,0,,"0,0%",NaN
2102-Universidad Nacional Abierta y a Distancia - UNAD,1681-TECNOLOGIA EN GESTION COMERCIAL Y DE NEGOCIOS,Femenino,2012-1,2017,Dependiente,Actividades de atención de la salud humana y de asistencia social,1,1,,"100,0%",NaN
2102-Universidad Nacional Abierta y a Distancia - UNAD,1681-TECNOLOGIA EN GESTION COMERCIAL Y DE NEGOCIOS,Femenino,2012-1,2017,Dependiente,Actividades financieras y de seguros,1,1,,"100,0%",NaN
2102-Universidad Nacional Abierta y a Distancia - UNAD,1681-TECNOLOGIA EN GESTION COMERCIAL Y DE NEGOCIOS,Femenino,2012-1,2017,Dependiente,Administración pública y defensa; planes de seguridad social de afiliación obligatoria,1,1,,"100,0%",NaN
2102-Universidad Nacional Abierta y a Distancia - UNAD,1681-TECNOLOGIA EN GESTION COMERCIAL Y DE NEGOCIOS,Femenino,2012-1,2017,Dependiente,Información y comunicaciones,1,1,,"100,0%",NaN
2102-Universidad Nacional Abierta y a Distancia - UNAD,1681-TECNOLOGIA EN GESTION COMERCIAL Y DE NEGOCIOS,Femenino,2012-1,2017,Dependiente,"Suministro de electricidad, gas, vapor y aire acondicionado",1,1,,"100,0%",NaN
2102-Universidad Nacional Abierta y a Distancia - UNAD,1681-TECNOLOGIA EN GESTION COMERCIAL Y DE NEGOCIOS,Femenino,2012-1,2017,Independiente,Actividades financieras y de seguros,1,1,,"100,0%",NaN
2102-Universidad Nacional Abierta y a Distancia - UNAD,1681-TECNOLOGIA EN GESTION COMERCIAL Y DE NEGOCIOS,Femenino,2012-1,2017,Independiente,"Actividades profesionales, científicas y técnicas",2,2,,"100,0%",NaN
2102-Universidad Nacional Abierta y a Distancia - UNAD,1681-TECNOLOGIA EN GESTION COMERCIAL Y DE NEGOCIOS,Femenino,2012-1,2017,Independiente,Sin información,2,2,,"100,0%",NaN
2102-Universidad Nacional Abierta y a Distancia - UNAD,1681-TECNOLOGIA EN GESTION COMERCIAL Y DE NEGOCIOS,Femenino,2012-1,2017,No cotizante,Sin información,2,0,,"0,0%",NaN
2102-Universidad Nacional Abierta y a Distancia - UNAD,1681-TECNOLOGIA EN GESTION COMERCIAL Y DE NEGOCIOS,Femenino,2012-1,2018,Dependiente,Actividades de atención de la salud humana y de asistencia social,1,1,,"100,0%",NaN
2102-Universidad Nacional Abierta y a Distancia - UNAD,1681-TECNOLOGIA EN GESTION COMERCIAL Y DE NEGOCIOS,Femenino,2012-1,2018,Dependiente,Actividades financieras y de seguros,1,1,,"100,0%",NaN
2102-Universidad Nacional Abierta y a Distancia - UNAD,1681-TECNOLOGIA EN GESTION COMERCIAL Y DE NEGOCIOS,Femenino,2012-1,2018,Dependiente,Administración pública y defensa; planes de seguridad social de afiliación obligatoria,1,1,,"100,0%",NaN
2102-Universidad Nacional Abierta y a Distancia - UNAD,1681-TECNOLOGIA EN GESTION COMERCIAL Y DE NEGOCIOS,Femenino,2012-1,2018,Dependiente,Información y comunicaciones,1,1,,"100,0%",NaN
2102-Universidad Nacional Abierta y a Distancia - UNAD,1681-TECNOLOGIA EN GESTION COMERCIAL Y DE NEGOCIOS,Femenino,2012-1,2018,Dependiente,"Suministro de electricidad, gas, vapor y aire acondicionado",1,1,,"100,0%",NaN
2102-Universidad Nacional Abierta y a Distancia - UNAD,1681-TECNOLOGIA EN GESTION COMERCIAL Y DE NEGOCIOS,Femenino,2012-1,2018,Independiente,Actividades financieras y de seguros,1,1,,"100,0%",NaN
2102-Universidad Nacional Abierta y a Distancia - UNAD,1681-TECNOLOGIA EN GESTION COMERCIAL Y DE NEGOCIOS,Femenino,2012-1,2018,Independiente,"Actividades profesionales, científicas y técnicas",2,2,,"100,0%",NaN
2102-Universidad Nacional Abierta y a Distancia - UNAD,1681-TECNOLOGIA EN GESTION COMERCIAL Y DE NEGOCIOS,Femenino,2012-1,2018,Independiente,Sin información,1,1,,"100,0%",NaN
2102-Universidad Nacional Abierta y a Distancia - UNAD,1681-TECNOLOGIA EN GESTION COMERCIAL Y DE NEGOCIOS,Femenino,2012-1,2018,No cotizante,Sin información,3,0,,"0,0%",NaN
2102-Universidad Nacional Abierta y a Distancia - UNAD,1681-TECNOLOGIA EN GESTION COMERCIAL Y DE NEGOCIOS,Femenino,2012-1,2019,Dependiente,Actividades de atención de la salud humana y de asistencia social,1,1,,"100,0%",NaN
2102-Universidad Nacional Abierta y a Distancia - UNAD,1681-TECNOLOGIA EN GESTION COMERCIAL Y DE NEGOCIOS,Femenino,2012-1,2019,Dependiente,Actividades financieras y de seguros,1,1,,"100,0%",NaN
2102-Universidad Nacional Abierta y a Distancia - UNAD,1681-TECNOLOGIA EN GESTION COMERCIAL Y DE NEGOCIOS,Femenino,2012-1,2019,Dependiente,Administración pública y defensa; planes de seguridad social de afiliación obligatoria,1,1,,"100,0%",NaN
2102-Universidad Nacional Abierta y a Distancia - UNAD,1681-TECNOLOGIA EN GESTION COMERCIAL Y DE NEGOCIOS,Femenino,2012-1,2019,Dependiente,Comercio al por mayor y al por menor; reparación de vehículos automotores y motocicletas,1,1,,"100,0%",NaN
2102-Universidad Nacional Abierta y a Distancia - UNAD,1681-TECNOLOGIA EN GESTION COMERCIAL Y DE NEGOCIOS,Femenino,2012-1,2019,Dependiente,"Suministro de electricidad, gas, vapor y aire acondicionado",1,1,,"100,0%",NaN
2102-Universidad Nacional Abierta y a Distancia - UNAD,1681-TECNOLOGIA EN GESTION COMERCIAL Y DE NEGOCIOS,Femenino,2012-1,2019,Independiente,"Actividades profesionales, científicas y técnicas",2,2,,"100,0%",NaN
2102-Universidad Nacional Abierta y a Distancia - UNAD,1681-TECNOLOGIA EN GESTION COMERCIAL Y DE NEGOCIOS,Femenino,2012-1,2019,Independiente,Administración pública y defensa; planes de seguridad social de afiliación obligatoria,1,1,,"100,0%",NaN
2102-Universidad Nacional Abierta y a Distancia - UNAD,1681-TECNOLOGIA EN GESTION COMERCIAL Y DE NEGOCIOS,Femenino,2012-1,2019,No cotizante,Sin información,4,0,,"0,0%",NaN
2102-Universidad Nacional Abierta y a Distancia - UNAD,1681-TECNOLOGIA EN GESTION COMERCIAL Y DE NEGOCIOS,Femenino,2012-1,2020,Dependiente,Actividades de atención de la salud humana y de asistencia social,1,1,,"100,0%",NaN
2102-Universidad Nacional Abierta y a Distancia - UNAD,1681-TECNOLOGIA EN GESTION COMERCIAL Y DE NEGOCIOS,Femenino,2012-1,2020,Dependiente,Actividades financieras y de seguros,1,1,,"100,0%",NaN
2102-Universidad Nacional Abierta y a Distancia - UNAD,1681-TECNOLOGIA EN GESTION COMERCIAL Y DE NEGOCIOS,Femenino,2012-1,2020,Dependiente,"Actividades profesionales, científicas y técnicas",1,1,,"100,0%",NaN
2102-Universidad Nacional Abierta y a Distancia - UNAD,1681-TECNOLOGIA EN GESTION COMERCIAL Y DE NEGOCIOS,Femenino,2012-1,2020,Dependiente,Administración pública y defensa; planes de seguridad social de afiliación obligatoria,1,1,,"100,0%",NaN
2102-Universidad Nacional Abierta y a Distancia - UNAD,1681-TECNOLOGIA EN GESTION COMERCIAL Y DE NEGOCIOS,Femenino,2012-1,2020,Dependiente,Comercio al por mayor y al por menor; reparación de vehículos automotores y motocicletas,1,1,,"100,0%",NaN
2102-Universidad Nacional Abierta y a Distancia - UNAD,1681-TECNOLOGIA EN GESTION COMERCIAL Y DE NEGOCIOS,Femenino,2012-1,2020,Independiente,"Actividades profesionales, científicas y técnicas",2,2,,"100,0%",NaN
2102-Universidad Nacional Abierta y a Distancia - UNAD,1681-TECNOLOGIA EN GESTION COMERCIAL Y DE NEGOCIOS,Femenino,2012-1,2020,Independiente,Administración pública y defensa; planes de seguridad social de afiliación obligatoria,1,1,,"100,0%",NaN
2102-Universidad Nacional Abierta y a Distancia - UNAD,1681-TECNOLOGIA EN GESTION COMERCIAL Y DE NEGOCIOS,Femenino,2012-1,2020,No cotizante,Sin información,3,0,,"0,0%",NaN
2102-Universidad Nacional Abierta y a Distancia - UNAD,1681-TECNOLOGIA EN GESTION COMERCIAL Y DE NEGOCIOS,Femenino,2012-1,2021,Dependiente,Actividades financieras y de seguros,1,1,,"100,0%",NaN
2102-Universidad Nacional Abierta y a Distancia - UNAD,1681-TECNOLOGIA EN GESTION COMERCIAL Y DE NEGOCIOS,Femenino,2012-1,2021,Dependiente,Administración pública y defensa; planes de seguridad social de afiliación obligatoria,1,1,,"100,0%",NaN
2102-Universidad Nacional Abierta y a Distancia - UNAD,1681-TECNOLOGIA EN GESTION COMERCIAL Y DE NEGOCIOS,Femenino,2012-1,2021,Dependiente,Educación,1,1,,"100,0%",NaN
2102-Universidad Nacional Abierta y a Distancia - UNAD,1681-TECNOLOGIA EN GESTION COMERCIAL Y DE NEGOCIOS,Femenino,2012-1,2021,Dependiente,"Suministro de electricidad, gas, vapor y aire acondicionado",1,1,,"100,0%",NaN
2102-Universidad Nacional Abierta y a Distancia - UNAD,1681-TECNOLOGIA EN GESTION COMERCIAL Y DE NEGOCIOS,Femenino,2012-1,2021,Independiente,"Actividades profesionales, científicas y técnicas",1,1,,"100,0%",NaN
2102-Universidad Nacional Abierta y a Distancia - UNAD,1681-TECNOLOGIA EN GESTION COMERCIAL Y DE NEGOCIOS,Femenino,2012-1,2021,Independiente,Administración pública y defensa; planes de seguridad social de afiliación obligatoria,1,1,,"100,0%",NaN
2102-Universidad Nacional Abierta y a Distancia - UNAD,1681-TECNOLOGIA EN GESTION COMERCIAL Y DE NEGOCIOS,Femenino,2012-1,2021,Independiente,Otras actividades de servicios,1,1,,"100,0%",NaN
2102-Universidad Nacional Abierta y a Distancia - UNAD,1681-TECNOLOGIA EN GESTION COMERCIAL Y DE NEGOCIOS,Femenino,2012-1,2021,No cotizante,Sin información,4,0,,"0,0%",NaN
2102-Universidad Nacional Abierta y a Distancia - UNAD,1681-TECNOLOGIA EN GESTION COMERCIAL Y DE NEGOCIOS,Femenino,2012-1,2022,Dependiente,Actividades financieras y de seguros,1,1,,"100,0%",NaN
2102-Universidad Nacional Abierta y a Distancia - UNAD,1681-TECNOLOGIA EN GESTION COMERCIAL Y DE NEGOCIOS,Femenino,2012-1,2022,Dependiente,"Actividades profesionales, científicas y técnicas",1,1,,"100,0%",NaN
2102-Universidad Nacional Abierta y a Distancia - UNAD,1681-TECNOLOGIA EN GESTION COMERCIAL Y DE NEGOCIOS,Femenino,2012-1,2022,Dependiente,Administración pública y defensa; planes de seguridad social de afiliación obligatoria,1,1,,"100,0%",NaN
2102-Universidad Nacional Abierta y a Distancia - UNAD,1681-TECNOLOGIA EN GESTION COMERCIAL Y DE NEGOCIOS,Femenino,2012-1,2022,Dependiente,Educación,1,1,,"100,0%",NaN
2102-Universidad Nacional Abierta y a Distancia - UNAD,1681-TECNOLOGIA EN GESTION COMERCIAL Y DE NEGOCIOS,Femenino,2012-1,2022,Independiente,"Actividades profesionales, científicas y técnicas",1,1,,"100,0%",NaN
2102-Universidad Nacional Abierta y a Distancia - UNAD,1681-TECNOLOGIA EN GESTION COMERCIAL Y DE NEGOCIOS,Femenino,2012-1,2022,Independiente,Administración pública y defensa; planes de seguridad social de afiliación obligatoria,1,1,,"100,0%",NaN
2102-Universidad Nacional Abierta y a Distancia - UNAD,1681-TECNOLOGIA EN GESTION COMERCIAL Y DE NEGOCIOS,Femenino,2012-1,2022,Independiente,Otras actividades de servicios,1,1,,"100,0%",NaN
2102-Universidad Nacional Abierta y a Distancia - UNAD,1681-TECNOLOGIA EN GESTION COMERCIAL Y DE NEGOCIOS,Femenino,2012-1,2022,No cotizante,SIN DATO,4,0,,"0,0%",NaN
2102-Universidad Nacional Abierta y a Distancia - UNAD,1681-TECNOLOGIA EN GESTION COMERCIAL Y DE NEGOCIOS,Femenino,2012-1,2023,Dependiente,Administración pública y defensa; planes de seguridad social de afiliación obligatoria,1,1,,"100,0%",NaN
2102-Universidad Nacional Abierta y a Distancia - UNAD,1681-TECNOLOGIA EN GESTION COMERCIAL Y DE NEGOCIOS,Femenino,2012-1,2023,Dependiente,Alojamiento y servicios de comida,1,1,,"100,0%",NaN
2102-Universidad Nacional Abierta y a Distancia - UNAD,1681-TECNOLOGIA EN GESTION COMERCIAL Y DE NEGOCIOS,Femenino,2012-1,2023,Dependiente,Educación,1,1,,"100,0%",NaN
2102-Universidad Nacional Abierta y a Distancia - UNAD,1681-TECNOLOGIA EN GESTION COMERCIAL Y DE NEGOCIOS,Femenino,2012-1,2023,Dependiente,"Suministro de electricidad, gas, vapor y aire acondicionado",1,1,,"100,0%",NaN
2102-Universidad Nacional Abierta y a Distancia - UNAD,1681-TECNOLOGIA EN GESTION COMERCIAL Y DE NEGOCIOS,Femenino,2012-1,2023,Independiente,"Actividades profesionales, científicas y técnicas",1,1,,"100,0%",NaN
2102-Universidad Nacional Abierta y a Distancia - UNAD,1681-TECNOLOGIA EN GESTION COMERCIAL Y DE NEGOCIOS,Femenino,2012-1,2023,Independiente,Administración pública y defensa; planes de seguridad social de afiliación obligatoria,1,1,,"100,0%",NaN
2102-Universidad Nacional Abierta y a Distancia - UNAD,1681-TECNOLOGIA EN GESTION COMERCIAL Y DE NEGOCIOS,Femenino,2012-1,2023,Independiente,Otras actividades de servicios,1,1,,"100,0%",NaN
2102-Universidad Nacional Abierta y a Distancia - UNAD,1681-TECNOLOGIA EN GESTION COMERCIAL Y DE NEGOCIOS,Femenino,2012-1,2023,No cotizante,SIN DATO,3,0,,"0,0%",NaN
2102-Universidad Nacional Abierta y a Distancia - UNAD,1681-TECNOLOGIA EN GESTION COMERCIAL Y DE NEGOCIOS,Masculino,2012-1,2016,Dependiente,Actividades de servicios administrativos y de apoyo,1,1,,"100,0%",$1.048.000
2102-Universidad Nacional Abierta y a Distancia - UNAD,1681-TECNOLOGIA EN GESTION COMERCIAL Y DE NEGOCIOS,Masculino,2012-1,2016,Dependiente,"Actividades profesionales, científicas y técnicas",1,1,,"100,0%",$841.500
2102-Universidad Nacional Abierta y a Distancia - UNAD,1681-TECNOLOGIA EN GESTION COMERCIAL Y DE NEGOCIOS,Masculino,2012-1,2016,Dependiente,Explotación de minas y canteras,1,1,,"100,0%",$690.000
2102-Universidad Nacional Abierta y a Distancia - UNAD,1681-TECNOLOGIA EN GESTION COMERCIAL Y DE NEGOCIOS,Masculino,2012-1,2016,Dependiente,Información y comunicaciones,1,1,,"100,0%",$750.000
2102-Universidad Nacional Abierta y a Distancia - UNAD,1681-TECNOLOGIA EN GESTION COMERCIAL Y DE NEGOCIOS,Masculino,2012-1,2016,No cotizante,Sin información,1,0,,"0,0%",NaN
2102-Universidad Nacional Abierta y a Distancia - UNAD,1681-TECNOLOGIA EN GESTION COMERCIAL Y DE NEGOCIOS,Masculino,2012-1,2017,Dependiente,"Actividades profesionales, científicas y técnicas",1,1,,"100,0%",NaN
2102-Universidad Nacional Abierta y a Distancia - UNAD,1681-TECNOLOGIA EN GESTION COMERCIAL Y DE NEGOCIOS,Masculino,2012-1,2017,Dependiente,Información y comunicaciones,1,1,,"100,0%",NaN
2102-Universidad Nacional Abierta y a Distancia - UNAD,1681-TECNOLOGIA EN GESTION COMERCIAL Y DE NEGOCIOS,Masculino,2012-1,2017,Dependiente,Otras actividades de servicios,1,1,,"100,0%",NaN
2102-Universidad Nacional Abierta y a Distancia - UNAD,1681-TECNOLOGIA EN GESTION COMERCIAL Y DE NEGOCIOS,Masculino,2012-1,2017,Dependiente,Transporte y almacenamiento,1,1,,"100,0%",NaN
2102-Universidad Nacional Abierta y a Distancia - UNAD,1681-TECNOLOGIA EN GESTION COMERCIAL Y DE NEGOCIOS,Masculino,2012-1,2017,No cotizante,Sin información,1,0,,"0,0%",NaN
2102-Universidad Nacional Abierta y a Distancia - UNAD,1681-TECNOLOGIA EN GESTION COMERCIAL Y DE NEGOCIOS,Masculino,2012-1,2018,Dependiente,"Actividades profesionales, científicas y técnicas",1,1,,"100,0%",NaN
2102-Universidad Nacional Abierta y a Distancia - UNAD,1681-TECNOLOGIA EN GESTION COMERCIAL Y DE NEGOCIOS,Masculino,2012-1,2018,Dependiente,"Agricultura, ganadería, caza, silvicultura y pesca",1,1,,"100,0%",NaN
2102-Universidad Nacional Abierta y a Distancia - UNAD,1681-TECNOLOGIA EN GESTION COMERCIAL Y DE NEGOCIOS,Masculino,2012-1,2018,Dependiente,Información y comunicaciones,1,1,,"100,0%",NaN
2102-Universidad Nacional Abierta y a Distancia - UNAD,1681-TECNOLOGIA EN GESTION COMERCIAL Y DE NEGOCIOS,Masculino,2012-1,2018,Dependiente,Transporte y almacenamiento,1,1,,"100,0%",NaN
2102-Universidad Nacional Abierta y a Distancia - UNAD,1681-TECNOLOGIA EN GESTION COMERCIAL Y DE NEGOCIOS,Masculino,2012-1,2018,No cotizante,Sin información,1,0,,"0,0%",NaN
2102-Universidad Nacional Abierta y a Distancia - UNAD,1681-TECNOLOGIA EN GESTION COMERCIAL Y DE NEGOCIOS,Masculino,2012-1,2019,Dependiente,"Actividades profesionales, científicas y técnicas",1,1,,"100,0%",NaN
2102-Universidad Nacional Abierta y a Distancia - UNAD,1681-TECNOLOGIA EN GESTION COMERCIAL Y DE NEGOCIOS,Masculino,2012-1,2019,Dependiente,"Agricultura, ganadería, caza, silvicultura y pesca",1,1,,"100,0%",NaN
2102-Universidad Nacional Abierta y a Distancia - UNAD,1681-TECNOLOGIA EN GESTION COMERCIAL Y DE NEGOCIOS,Masculino,2012-1,2019,Dependiente,Información y comunicaciones,1,1,,"100,0%",NaN
2102-Universidad Nacional Abierta y a Distancia - UNAD,1681-TECNOLOGIA EN GESTION COMERCIAL Y DE NEGOCIOS,Masculino,2012-1,2019,Dependiente,Otras actividades de servicios,1,1,,"100,0%",NaN
2102-Universidad Nacional Abierta y a Distancia - UNAD,1681-TECNOLOGIA EN GESTION COMERCIAL Y DE NEGOCIOS,Masculino,2012-1,2019,Dependiente,Transporte y almacenamiento,1,1,,"100,0%",NaN
2102-Universidad Nacional Abierta y a Distancia - UNAD,1681-TECNOLOGIA EN GESTION COMERCIAL Y DE NEGOCIOS,Masculino,2012-1,2020,Dependiente,Información y comunicaciones,1,1,,"100,0%",NaN
2102-Universidad Nacional Abierta y a Distancia - UNAD,1681-TECNOLOGIA EN GESTION COMERCIAL Y DE NEGOCIOS,Masculino,2012-1,2020,Dependiente,Transporte y almacenamiento,1,1,,"100,0%",NaN
2102-Universidad Nacional Abierta y a Distancia - UNAD,1681-TECNOLOGIA EN GESTION COMERCIAL Y DE NEGOCIOS,Masculino,2012-1,2020,No cotizante,Sin información,2,0,,"0,0%",NaN
2102-Universidad Nacional Abierta y a Distancia - UNAD,1681-TECNOLOGIA EN GESTION COMERCIAL Y DE NEGOCIOS,Masculino,2012-1,2021,Dependiente,Industrias manufactureras,1,1,,"100,0%",NaN
2102-Universidad Nacional Abierta y a Distancia - UNAD,1681-TECNOLOGIA EN GESTION COMERCIAL Y DE NEGOCIOS,Masculino,2012-1,2021,Dependiente,Transporte y almacenamiento,1,1,,"100,0%",NaN
2102-Universidad Nacional Abierta y a Distancia - UNAD,1681-TECNOLOGIA EN GESTION COMERCIAL Y DE NEGOCIOS,Masculino,2012-1,2021,No cotizante,Sin información,2,0,,"0,0%",NaN
2102-Universidad Nacional Abierta y a Distancia - UNAD,1681-TECNOLOGIA EN GESTION COMERCIAL Y DE NEGOCIOS,Masculino,2012-1,2022,Dependiente,Industrias manufactureras,1,1,,"100,0%",NaN
2102-Universidad Nacional Abierta y a Distancia - UNAD,1681-TECNOLOGIA EN GESTION COMERCIAL Y DE NEGOCIOS,Masculino,2012-1,2022,Dependiente,Transporte y almacenamiento,1,1,,"100,0%",NaN
2102-Universidad Nacional Abierta y a Distancia - UNAD,1681-TECNOLOGIA EN GESTION COMERCIAL Y DE NEGOCIOS,Masculino,2012-1,2022,No cotizante,SIN DATO,2,0,,"0,0%",NaN
2102-Universidad Nacional Abierta y a Distancia - UNAD,1681-TECNOLOGIA EN GESTION COMERCIAL Y DE NEGOCIOS,Masculino,2012-1,2023,Dependiente,Industrias manufactureras,1,1,,"100,0%",NaN
2102-Universidad Nacional Abierta y a Distancia - UNAD,1681-TECNOLOGIA EN GESTION COMERCIAL Y DE NEGOCIOS,Masculino,2012-1,2023,Dependiente,Transporte y almacenamiento,1,1,,"100,0%",NaN
2102-Universidad Nacional Abierta y a Distancia - UNAD,1681-TECNOLOGIA EN GESTION COMERCIAL Y DE NEGOCIOS,Masculino,2012-1,2023,No cotizante,SIN DATO,2,0,,"0,0%",NaN
2102-Universidad Nacional Abierta y a Distancia - UNAD,1679-TECNOLOGIA EN GESTION DE OBRAS CIVILES Y CONSTRUCCIONES,Masculino,2012-1,2016,Dependiente,Educación,1,1,,"100,0%",$1.181.000
2102-Universidad Nacional Abierta y a Distancia - UNAD,1679-TECNOLOGIA EN GESTION DE OBRAS CIVILES Y CONSTRUCCIONES,Masculino,2012-1,2017,Dependiente,Educación,1,1,,"100,0%",NaN
2102-Universidad Nacional Abierta y a Distancia - UNAD,1679-TECNOLOGIA EN GESTION DE OBRAS CIVILES Y CONSTRUCCIONES,Masculino,2012-1,2018,Dependiente,Educación,1,1,,"100,0%",NaN
2102-Universidad Nacional Abierta y a Distancia - UNAD,1679-TECNOLOGIA EN GESTION DE OBRAS CIVILES Y CONSTRUCCIONES,Masculino,2012-1,2019,Dependiente,Educación,1,1,,"100,0%",NaN
2102-Universidad Nacional Abierta y a Distancia - UNAD,1679-TECNOLOGIA EN GESTION DE OBRAS CIVILES Y CONSTRUCCIONES,Masculino,2012-1,2020,Dependiente,Educación,1,1,,"100,0%",NaN
2102-Universidad Nacional Abierta y a Distancia - UNAD,1679-TECNOLOGIA EN GESTION DE OBRAS CIVILES Y CONSTRUCCIONES,Masculino,2012-1,2021,Dependiente,Educación,1,1,,"100,0%",NaN
2102-Universidad Nacional Abierta y a Distancia - UNAD,1679-TECNOLOGIA EN GESTION DE OBRAS CIVILES Y CONSTRUCCIONES,Masculino,2012-1,2022,Dependiente,Educación,1,1,,"100,0%",NaN
2102-Universidad Nacional Abierta y a Distancia - UNAD,1679-TECNOLOGIA EN GESTION DE OBRAS CIVILES Y CONSTRUCCIONES,Masculino,2012-1,2023,Dependiente,Educación,1,1,,"100,0%",NaN
1710-Universidad Pontificia Bolivariana,11167-ESPECIALIZACION EN PERIODISMO ELECTRONICO,Femenino,2012-1,2016,Dependiente,Información y comunicaciones,1,1,,"100,0%",$4.608.000
1710-Universidad Pontificia Bolivariana,11167-ESPECIALIZACION EN PERIODISMO ELECTRONICO,Femenino,2012-1,2017,Dependiente,Actividades financieras y de seguros,1,1,,"100,0%",NaN
1710-Universidad Pontificia Bolivariana,11167-ESPECIALIZACION EN PERIODISMO ELECTRONICO,Femenino,2012-1,2018,Dependiente,Actividades financieras y de seguros,1,1,,"100,0%",NaN
1710-Universidad Pontificia Bolivariana,11167-ESPECIALIZACION EN PERIODISMO ELECTRONICO,Femenino,2012-1,2019,Dependiente,Actividades financieras y de seguros,1,1,,"100,0%",NaN
1710-Universidad Pontificia Bolivariana,11167-ESPECIALIZACION EN PERIODISMO ELECTRONICO,Femenino,2012-1,2020,Dependiente,Actividades financieras y de seguros,1,1,,"100,0%",NaN
1710-Universidad Pontificia Bolivariana,11167-ESPECIALIZACION EN PERIODISMO ELECTRONICO,Femenino,2012-1,2021,Dependiente,Actividades financieras y de seguros,1,1,,"100,0%",NaN
1710-Universidad Pontificia Bolivariana,11167-ESPECIALIZACION EN PERIODISMO ELECTRONICO,Femenino,2012-1,2022,Dependiente,Actividades financieras y de seguros,1,1,,"100,0%",NaN
1710-Universidad Pontificia Bolivariana,11167-ESPECIALIZACION EN PERIODISMO ELECTRONICO,Femenino,2012-1,2023,Dependiente,Actividades financieras y de seguros,1,1,,"100,0%",NaN
1710-Universidad Pontificia Bolivariana,11167-ESPECIALIZACION EN PERIODISMO ELECTRONICO,Masculino,2012-1,2016,Dependiente,"Actividades profesionales, científicas y técnicas",1,1,,"100,0%",$3.000.000
1710-Universidad Pontificia Bolivariana,11167-ESPECIALIZACION EN PERIODISMO ELECTRONICO,Masculino,2012-1,2017,Dependiente,Sin información,1,1,,"100,0%",NaN
1710-Universidad Pontificia Bolivariana,11167-ESPECIALIZACION EN PERIODISMO ELECTRONICO,Masculino,2012-1,2018,Dependiente,Industrias manufactureras,1,1,,"100,0%",NaN
1710-Universidad Pontificia Bolivariana,11167-ESPECIALIZACION EN PERIODISMO ELECTRONICO,Masculino,2012-1,2019,Dependiente,Industrias manufactureras,1,1,,"100,0%",NaN
1710-Universidad Pontificia Bolivariana,11167-ESPECIALIZACION EN PERIODISMO ELECTRONICO,Masculino,2012-1,2020,Dependiente,Industrias manufactureras,1,1,,"100,0%",NaN
1710-Universidad Pontificia Bolivariana,11167-ESPECIALIZACION EN PERIODISMO ELECTRONICO,Masculino,2012-1,2021,Dependiente,Información y comunicaciones,1,1,,"100,0%",NaN
1710-Universidad Pontificia Bolivariana,11167-ESPECIALIZACION EN PERIODISMO ELECTRONICO,Masculino,2012-1,2022,Dependiente,Información y comunicaciones,1,1,,"100,0%",NaN
1710-Universidad Pontificia Bolivariana,11167-ESPECIALIZACION EN PERIODISMO ELECTRONICO,Masculino,2012-1,2023,Dependiente,Información y comunicaciones,1,1,,"100,0%",NaN
1723-Universidad Pontificia Bolivariana,52396-ESPECIALIZACION EN SEGURIDAD INFORMATICA,Femenino,2012-1,2020,Dependiente,Actividades financieras y de seguros,1,1,,"100,0%",NaN
1723-Universidad Pontificia Bolivariana,52396-ESPECIALIZACION EN SEGURIDAD INFORMATICA,Masculino,2012-1,2020,Dependiente,Actividades financieras y de seguros,1,1,,"100,0%",NaN
1805-Universidad Santiago de Cali,53072-ESPECIALIZACION EN DERECHO ADMINISTRATIVO,Femenino,2012-1,2016,Dependiente,Administración pública y defensa; planes de seguridad social de afiliación obligatoria,2,2,,"100,0%",$2.885.000
1805-Universidad Santiago de Cali,53072-ESPECIALIZACION EN DERECHO ADMINISTRATIVO,Femenino,2012-1,2017,Dependiente,Sin información,1,1,,"100,0%",NaN
1805-Universidad Santiago de Cali,53072-ESPECIALIZACION EN DERECHO ADMINISTRATIVO,Femenino,2012-1,2017,No cotizante,Sin información,1,0,,"0,0%",NaN
1805-Universidad Santiago de Cali,53072-ESPECIALIZACION EN DERECHO ADMINISTRATIVO,Femenino,2012-1,2018,Dependiente,Sin información,1,1,,"100,0%",NaN
1805-Universidad Santiago de Cali,53072-ESPECIALIZACION EN DERECHO ADMINISTRATIVO,Femenino,2012-1,2018,Independiente,Sin información,1,1,,"100,0%",NaN
1805-Universidad Santiago de Cali,53072-ESPECIALIZACION EN DERECHO ADMINISTRATIVO,Femenino,2012-1,2019,Dependiente,Administración pública y defensa; planes de seguridad social de afiliación obligatoria,2,2,,"100,0%",NaN
1805-Universidad Santiago de Cali,53072-ESPECIALIZACION EN DERECHO ADMINISTRATIVO,Femenino,2012-1,2020,Dependiente,"Actividades profesionales, científicas y técnicas",1,1,,"100,0%",NaN
1805-Universidad Santiago de Cali,53072-ESPECIALIZACION EN DERECHO ADMINISTRATIVO,Femenino,2012-1,2020,Dependiente,Administración pública y defensa; planes de seguridad social de afiliación obligatoria,1,1,,"100,0%",NaN
1805-Universidad Santiago de Cali,53072-ESPECIALIZACION EN DERECHO ADMINISTRATIVO,Femenino,2012-1,2021,Dependiente,"Actividades profesionales, científicas y técnicas",1,1,,"100,0%",NaN
1805-Universidad Santiago de Cali,53072-ESPECIALIZACION EN DERECHO ADMINISTRATIVO,Femenino,2012-1,2021,Dependiente,Administración pública y defensa; planes de seguridad social de afiliación obligatoria,1,1,,"100,0%",NaN
1805-Universidad Santiago de Cali,53072-ESPECIALIZACION EN DERECHO ADMINISTRATIVO,Femenino,2012-1,2022,Dependiente,"Actividades profesionales, científicas y técnicas",1,1,,"100,0%",NaN
1805-Universidad Santiago de Cali,53072-ESPECIALIZACION EN DERECHO ADMINISTRATIVO,Femenino,2012-1,2022,Dependiente,Administración pública y defensa; planes de seguridad social de afiliación obligatoria,1,1,,"100,0%",NaN
1805-Universidad Santiago de Cali,53072-ESPECIALIZACION EN DERECHO ADMINISTRATIVO,Femenino,2012-1,2023,Dependiente,Administración pública y defensa; planes de seguridad social de afiliación obligatoria,1,1,,"100,0%",NaN
1805-Universidad Santiago de Cali,53072-ESPECIALIZACION EN DERECHO ADMINISTRATIVO,Femenino,2012-1,2023,Dependiente,Educación,1,1,,"100,0%",NaN
1805-Universidad Santiago de Cali,53072-ESPECIALIZACION EN DERECHO ADMINISTRATIVO,Masculino,2012-1,2016,Dependiente,Administración pública y defensa; planes de seguridad social de afiliación obligatoria,2,2,,"100,0%",$4.365.500
1805-Universidad Santiago de Cali,53072-ESPECIALIZACION EN DERECHO ADMINISTRATIVO,Masculino,2012-1,2016,Dependiente,Educación,1,1,,"100,0%",$4.019.000
1805-Universidad Santiago de Cali,53072-ESPECIALIZACION EN DERECHO ADMINISTRATIVO,Masculino,2012-1,2016,Dependiente,Información y comunicaciones,1,1,,"100,0%",$6.093.000
1805-Universidad Santiago de Cali,53072-ESPECIALIZACION EN DERECHO ADMINISTRATIVO,Masculino,2012-1,2016,Independiente,"Actividades profesionales, científicas y técnicas",1,1,,"100,0%",NaN
1805-Universidad Santiago de Cali,53072-ESPECIALIZACION EN DERECHO ADMINISTRATIVO,Masculino,2012-1,2016,Independiente,Administración pública y defensa; planes de seguridad social de afiliación obligatoria,1,1,,"100,0%",NaN
1805-Universidad Santiago de Cali,53072-ESPECIALIZACION EN DERECHO ADMINISTRATIVO,Masculino,2012-1,2016,Independiente,Sin información,1,1,,"100,0%",NaN
1805-Universidad Santiago de Cali,53072-ESPECIALIZACION EN DERECHO ADMINISTRATIVO,Masculino,2012-1,2016,Independiente,Transporte y almacenamiento,1,1,,"100,0%",NaN
1805-Universidad Santiago de Cali,53072-ESPECIALIZACION EN DERECHO ADMINISTRATIVO,Masculino,2012-1,2016,No cotizante,Sin información,1,0,,"0,0%",NaN
1805-Universidad Santiago de Cali,53072-ESPECIALIZACION EN DERECHO ADMINISTRATIVO,Masculino,2012-1,2017,Dependiente,Actividades de servicios administrativos y de apoyo,1,1,,"100,0%",NaN
1805-Universidad Santiago de Cali,53072-ESPECIALIZACION EN DERECHO ADMINISTRATIVO,Masculino,2012-1,2017,Dependiente,Sin información,2,2,,"100,0%",NaN
1805-Universidad Santiago de Cali,53072-ESPECIALIZACION EN DERECHO ADMINISTRATIVO,Masculino,2012-1,2017,Independiente,"Actividades profesionales, científicas y técnicas",2,2,,"100,0%",NaN
1805-Universidad Santiago de Cali,53072-ESPECIALIZACION EN DERECHO ADMINISTRATIVO,Masculino,2012-1,2017,Independiente,Sin información,1,1,,"100,0%",NaN
1805-Universidad Santiago de Cali,53072-ESPECIALIZACION EN DERECHO ADMINISTRATIVO,Masculino,2012-1,2017,Independiente,Transporte y almacenamiento,1,1,,"100,0%",NaN
1805-Universidad Santiago de Cali,53072-ESPECIALIZACION EN DERECHO ADMINISTRATIVO,Masculino,2012-1,2017,No cotizante,Sin información,2,0,,"0,0%",NaN
1805-Universidad Santiago de Cali,53072-ESPECIALIZACION EN DERECHO ADMINISTRATIVO,Masculino,2012-1,2018,Dependiente,Actividades de servicios administrativos y de apoyo,2,2,,"100,0%",NaN
1805-Universidad Santiago de Cali,53072-ESPECIALIZACION EN DERECHO ADMINISTRATIVO,Masculino,2012-1,2018,Dependiente,Sin información,1,1,,"100,0%",NaN
1805-Universidad Santiago de Cali,53072-ESPECIALIZACION EN DERECHO ADMINISTRATIVO,Masculino,2012-1,2018,Independiente,"Actividades profesionales, científicas y técnicas",2,2,,"100,0%",NaN
1805-Universidad Santiago de Cali,53072-ESPECIALIZACION EN DERECHO ADMINISTRATIVO,Masculino,2012-1,2018,Independiente,Sin información,1,1,,"100,0%",NaN
1805-Universidad Santiago de Cali,53072-ESPECIALIZACION EN DERECHO ADMINISTRATIVO,Masculino,2012-1,2018,Independiente,Transporte y almacenamiento,1,1,,"100,0%",NaN
1805-Universidad Santiago de Cali,53072-ESPECIALIZACION EN DERECHO ADMINISTRATIVO,Masculino,2012-1,2018,No cotizante,Sin información,2,0,,"0,0%",NaN
1805-Universidad Santiago de Cali,53072-ESPECIALIZACION EN DERECHO ADMINISTRATIVO,Masculino,2012-1,2019,Dependiente,Actividades de servicios administrativos y de apoyo,2,2,,"100,0%",NaN
1805-Universidad Santiago de Cali,53072-ESPECIALIZACION EN DERECHO ADMINISTRATIVO,Masculino,2012-1,2019,Dependiente,"Actividades profesionales, científicas y técnicas",1,1,,"100,0%",NaN
1805-Universidad Santiago de Cali,53072-ESPECIALIZACION EN DERECHO ADMINISTRATIVO,Masculino,2012-1,2019,Dependiente,Administración pública y defensa; planes de seguridad social de afiliación obligatoria,3,3,,"100,0%",NaN
1805-Universidad Santiago de Cali,53072-ESPECIALIZACION EN DERECHO ADMINISTRATIVO,Masculino,2012-1,2019,Independiente,"Actividades profesionales, científicas y técnicas",1,1,,"100,0%",NaN
1805-Universidad Santiago de Cali,53072-ESPECIALIZACION EN DERECHO ADMINISTRATIVO,Masculino,2012-1,2019,No cotizante,Sin información,2,0,,"0,0%",NaN
1805-Universidad Santiago de Cali,53072-ESPECIALIZACION EN DERECHO ADMINISTRATIVO,Masculino,2012-1,2020,Dependiente,Actividades de servicios administrativos y de apoyo,1,1,,"100,0%",NaN
1805-Universidad Santiago de Cali,53072-ESPECIALIZACION EN DERECHO ADMINISTRATIVO,Masculino,2012-1,2020,Dependiente,"Actividades profesionales, científicas y técnicas",1,1,,"100,0%",NaN
1805-Universidad Santiago de Cali,53072-ESPECIALIZACION EN DERECHO ADMINISTRATIVO,Masculino,2012-1,2020,Dependiente,Administración pública y defensa; planes de seguridad social de afiliación obligatoria,4,4,,"100,0%",NaN
1805-Universidad Santiago de Cali,53072-ESPECIALIZACION EN DERECHO ADMINISTRATIVO,Masculino,2012-1,2020,Independiente,Administración pública y defensa; planes de seguridad social de afiliación obligatoria,1,1,,"100,0%",NaN
1805-Universidad Santiago de Cali,53072-ESPECIALIZACION EN DERECHO ADMINISTRATIVO,Masculino,2012-1,2020,No cotizante,Sin información,2,0,,"0,0%",NaN
1805-Universidad Santiago de Cali,53072-ESPECIALIZACION EN DERECHO ADMINISTRATIVO,Masculino,2012-1,2021,Dependiente,Actividades financieras y de seguros,1,1,,"100,0%",NaN
1805-Universidad Santiago de Cali,53072-ESPECIALIZACION EN DERECHO ADMINISTRATIVO,Masculino,2012-1,2021,Dependiente,"Actividades profesionales, científicas y técnicas",1,1,,"100,0%",NaN
1805-Universidad Santiago de Cali,53072-ESPECIALIZACION EN DERECHO ADMINISTRATIVO,Masculino,2012-1,2021,Dependiente,Administración pública y defensa; planes de seguridad social de afiliación obligatoria,5,5,,"100,0%",NaN
1805-Universidad Santiago de Cali,53072-ESPECIALIZACION EN DERECHO ADMINISTRATIVO,Masculino,2012-1,2021,Independiente,"Actividades profesionales, científicas y técnicas",1,1,,"100,0%",NaN
1805-Universidad Santiago de Cali,53072-ESPECIALIZACION EN DERECHO ADMINISTRATIVO,Masculino,2012-1,2021,No cotizante,Sin información,1,0,,"0,0%",NaN
1805-Universidad Santiago de Cali,53072-ESPECIALIZACION EN DERECHO ADMINISTRATIVO,Masculino,2012-1,2022,Dependiente,Actividades financieras y de seguros,1,1,,"100,0%",NaN
1805-Universidad Santiago de Cali,53072-ESPECIALIZACION EN DERECHO ADMINISTRATIVO,Masculino,2012-1,2022,Dependiente,Administración pública y defensa; planes de seguridad social de afiliación obligatoria,5,5,,"100,0%",NaN
1805-Universidad Santiago de Cali,53072-ESPECIALIZACION EN DERECHO ADMINISTRATIVO,Masculino,2012-1,2022,Independiente,"Actividades profesionales, científicas y técnicas",1,1,,"100,0%",NaN
1805-Universidad Santiago de Cali,53072-ESPECIALIZACION EN DERECHO ADMINISTRATIVO,Masculino,2012-1,2022,No cotizante,SIN DATO,1,0,,"0,0%",NaN
1805-Universidad Santiago de Cali,53072-ESPECIALIZACION EN DERECHO ADMINISTRATIVO,Masculino,2012-1,2023,Dependiente,Actividades de servicios administrativos y de apoyo,1,1,,"100,0%",NaN
1805-Universidad Santiago de Cali,53072-ESPECIALIZACION EN DERECHO ADMINISTRATIVO,Masculino,2012-1,2023,Dependiente,Actividades financieras y de seguros,1,1,,"100,0%",NaN
1805-Universidad Santiago de Cali,53072-ESPECIALIZACION EN DERECHO ADMINISTRATIVO,Masculino,2012-1,2023,Dependiente,Administración pública y defensa; planes de seguridad social de afiliación obligatoria,4,4,,"100,0%",NaN
1805-Universidad Santiago de Cali,53072-ESPECIALIZACION EN DERECHO ADMINISTRATIVO,Masculino,2012-1,2023,Independiente,"Actividades profesionales, científicas y técnicas",1,1,,"100,0%",NaN
1805-Universidad Santiago de Cali,53072-ESPECIALIZACION EN DERECHO ADMINISTRATIVO,Masculino,2012-1,2023,No cotizante,SIN DATO,1,0,,"0,0%",NaN
1705-Universidad Santo Tomás,12206-ESPECIALIZACION EN ADMINISTRACION DEPORTIVA,Femenino,2012-1,2020,No cotizante,Sin información,1,0,,"0,0%",NaN
1705-Universidad Santo Tomás,12206-ESPECIALIZACION EN ADMINISTRACION DEPORTIVA,Masculino,2012-1,2020,Dependiente,Industrias manufactureras,1,1,,"100,0%",NaN
1705-Universidad Santo Tomás,4243-ESPECIALIZACION EN FINANZAS PUBLICAS,Femenino,2012-1,2020,No cotizante,Sin información,1,0,,"0,0%",NaN
1832-Universidad Tecnológica de Bolívar,103911-CONTADURIA PUBLICA,Femenino,2012-1,2017,Dependiente,"Actividades profesionales, científicas y técnicas",1,1,,"100,0%",NaN
1832-Universidad Tecnológica de Bolívar,103911-CONTADURIA PUBLICA,Femenino,2012-1,2018,Dependiente,"Actividades profesionales, científicas y técnicas",1,1,,"100,0%",NaN
1832-Universidad Tecnológica de Bolívar,103911-CONTADURIA PUBLICA,Femenino,2012-1,2019,Dependiente,"Actividades profesionales, científicas y técnicas",1,1,,"100,0%",NaN
1832-Universidad Tecnológica de Bolívar,103911-CONTADURIA PUBLICA,Femenino,2012-1,2020,Dependiente,"Actividades profesionales, científicas y técnicas",1,1,,"100,0%",NaN
1832-Universidad Tecnológica de Bolívar,103911-CONTADURIA PUBLICA,Femenino,2012-1,2020,No cotizante,Sin información,1,0,,"0,0%",NaN
1832-Universidad Tecnológica de Bolívar,103911-CONTADURIA PUBLICA,Femenino,2012-1,2021,Dependiente,"Actividades profesionales, científicas y técnicas",1,1,,"100,0%",NaN
1832-Universidad Tecnológica de Bolívar,103911-CONTADURIA PUBLICA,Femenino,2012-1,2021,No cotizante,Sin información,1,0,,"0,0%",NaN
1832-Universidad Tecnológica de Bolívar,103911-CONTADURIA PUBLICA,Femenino,2012-1,2022,Dependiente,"Actividades profesionales, científicas y técnicas",1,1,,"100,0%",NaN
1832-Universidad Tecnológica de Bolívar,103911-CONTADURIA PUBLICA,Femenino,2012-1,2022,No cotizante,SIN DATO,1,0,,"0,0%",NaN
1832-Universidad Tecnológica de Bolívar,103911-CONTADURIA PUBLICA,Femenino,2012-1,2023,Dependiente,"Actividades profesionales, científicas y técnicas",1,1,,"100,0%",NaN
1832-Universidad Tecnológica de Bolívar,103911-CONTADURIA PUBLICA,Femenino,2012-1,2023,No cotizante,SIN DATO,1,0,,"0,0%",NaN
1201-Universidad de Antioquia,90391-ESPECIALIZACION EN GESTION AMBIENTAL,Femenino,2012-1,2013,Dependiente,Sin información,3,3,,"100,0%",$3.032.333
1201-Universidad de Antioquia,90391-ESPECIALIZACION EN GESTION AMBIENTAL,Femenino,2012-1,2013,No cotizante,Sin información,1,0,,"0,0%",NaN
1201-Universidad de Antioquia,90391-ESPECIALIZACION EN GESTION AMBIENTAL,Femenino,2012-1,2014,Dependiente,Administración pública y defensa; planes de seguridad social de afiliación obligatoria,1,1,,"100,0%",$2.656.000
1201-Universidad de Antioquia,90391-ESPECIALIZACION EN GESTION AMBIENTAL,Femenino,2012-1,2014,Dependiente,Construccion,1,1,,"100,0%",$4.817.000
1201-Universidad de Antioquia,90391-ESPECIALIZACION EN GESTION AMBIENTAL,Femenino,2012-1,2014,Dependiente,Educación,1,1,,"100,0%",$2.475.000
1201-Universidad de Antioquia,90391-ESPECIALIZACION EN GESTION AMBIENTAL,Femenino,2012-1,2014,Independiente,Sin información,1,1,,"100,0%",NaN
1201-Universidad de Antioquia,90391-ESPECIALIZACION EN GESTION AMBIENTAL,Femenino,2012-1,2015,Dependiente,Administración pública y defensa; planes de seguridad social de afiliación obligatoria,1,1,,"100,0%",$2.780.000
1201-Universidad de Antioquia,90391-ESPECIALIZACION EN GESTION AMBIENTAL,Femenino,2012-1,2015,Dependiente,Construccion,1,1,,"100,0%",$5.820.000
1201-Universidad de Antioquia,90391-ESPECIALIZACION EN GESTION AMBIENTAL,Femenino,2012-1,2015,Dependiente,Educación,1,1,,"100,0%",$3.088.125
1201-Universidad de Antioquia,90391-ESPECIALIZACION EN GESTION AMBIENTAL,Femenino,2012-1,2015,No cotizante,Sin información,1,0,,"0,0%",NaN
1201-Universidad de Antioquia,90391-ESPECIALIZACION EN GESTION AMBIENTAL,Femenino,2012-1,2016,Dependiente,Administración pública y defensa; planes de seguridad social de afiliación obligatoria,1,1,,"100,0%",$2.996.000
1201-Universidad de Antioquia,90391-ESPECIALIZACION EN GESTION AMBIENTAL,Femenino,2012-1,2016,Dependiente,Construccion,1,1,,"100,0%",$7.458.000
1201-Universidad de Antioquia,90391-ESPECIALIZACION EN GESTION AMBIENTAL,Femenino,2012-1,2016,Dependiente,Educación,1,1,,"100,0%",$3.377.000
1201-Universidad de Antioquia,90391-ESPECIALIZACION EN GESTION AMBIENTAL,Femenino,2012-1,2016,No cotizante,Sin información,1,0,,"0,0%",NaN
1201-Universidad de Antioquia,90391-ESPECIALIZACION EN GESTION AMBIENTAL,Femenino,2012-1,2017,Dependiente,Actividades de servicios administrativos y de apoyo,1,1,,"100,0%",NaN
1201-Universidad de Antioquia,90391-ESPECIALIZACION EN GESTION AMBIENTAL,Femenino,2012-1,2017,Dependiente,Administración pública y defensa; planes de seguridad social de afiliación obligatoria,1,1,,"100,0%",NaN
1201-Universidad de Antioquia,90391-ESPECIALIZACION EN GESTION AMBIENTAL,Femenino,2012-1,2017,Dependiente,Construccion,1,1,,"100,0%",NaN
1201-Universidad de Antioquia,90391-ESPECIALIZACION EN GESTION AMBIENTAL,Femenino,2012-1,2017,No cotizante,Sin información,1,0,,"0,0%",NaN
1201-Universidad de Antioquia,90391-ESPECIALIZACION EN GESTION AMBIENTAL,Femenino,2012-1,2018,Dependiente,Actividades de servicios administrativos y de apoyo,1,1,,"100,0%",NaN
1201-Universidad de Antioquia,90391-ESPECIALIZACION EN GESTION AMBIENTAL,Femenino,2012-1,2018,Dependiente,Administración pública y defensa; planes de seguridad social de afiliación obligatoria,1,1,,"100,0%",NaN
1201-Universidad de Antioquia,90391-ESPECIALIZACION EN GESTION AMBIENTAL,Femenino,2012-1,2018,Dependiente,Construccion,1,1,,"100,0%",NaN
1201-Universidad de Antioquia,90391-ESPECIALIZACION EN GESTION AMBIENTAL,Femenino,2012-1,2018,No cotizante,Sin información,1,0,,"0,0%",NaN
1201-Universidad de Antioquia,90391-ESPECIALIZACION EN GESTION AMBIENTAL,Femenino,2012-1,2019,Dependiente,Actividades de servicios administrativos y de apoyo,1,1,,"100,0%",NaN
1201-Universidad de Antioquia,90391-ESPECIALIZACION EN GESTION AMBIENTAL,Femenino,2012-1,2019,Dependiente,Administración pública y defensa; planes de seguridad social de afiliación obligatoria,1,1,,"100,0%",NaN
1201-Universidad de Antioquia,90391-ESPECIALIZACION EN GESTION AMBIENTAL,Femenino,2012-1,2019,Dependiente,Construccion,1,1,,"100,0%",NaN
1201-Universidad de Antioquia,90391-ESPECIALIZACION EN GESTION AMBIENTAL,Femenino,2012-1,2019,No cotizante,Sin información,1,0,,"0,0%",NaN
1201-Universidad de Antioquia,90391-ESPECIALIZACION EN GESTION AMBIENTAL,Femenino,2012-1,2020,Dependiente,Administración pública y defensa; planes de seguridad social de afiliación obligatoria,1,1,,"100,0%",NaN
1201-Universidad de Antioquia,90391-ESPECIALIZACION EN GESTION AMBIENTAL,Femenino,2012-1,2020,Dependiente,Construccion,1,1,,"100,0%",NaN
1201-Universidad de Antioquia,90391-ESPECIALIZACION EN GESTION AMBIENTAL,Femenino,2012-1,2020,No cotizante,Sin información,1,0,,"0,0%",NaN
1201-Universidad de Antioquia,90391-ESPECIALIZACION EN GESTION AMBIENTAL,Femenino,2012-1,2021,Dependiente,Administración pública y defensa; planes de seguridad social de afiliación obligatoria,1,1,,"100,0%",NaN
1201-Universidad de Antioquia,90391-ESPECIALIZACION EN GESTION AMBIENTAL,Femenino,2012-1,2021,Dependiente,Construccion,1,1,,"100,0%",NaN
1201-Universidad de Antioquia,90391-ESPECIALIZACION EN GESTION AMBIENTAL,Femenino,2012-1,2021,No cotizante,Sin información,1,0,,"0,0%",NaN
1201-Universidad de Antioquia,90391-ESPECIALIZACION EN GESTION AMBIENTAL,Femenino,2012-1,2022,Dependiente,Administración pública y defensa; planes de seguridad social de afiliación obligatoria,1,1,,"100,0%",NaN
1201-Universidad de Antioquia,90391-ESPECIALIZACION EN GESTION AMBIENTAL,Femenino,2012-1,2022,Dependiente,Construccion,1,1,,"100,0%",NaN
1201-Universidad de Antioquia,90391-ESPECIALIZACION EN GESTION AMBIENTAL,Femenino,2012-1,2022,No cotizante,SIN DATO,1,0,,"0,0%",NaN
1201-Universidad de Antioquia,90391-ESPECIALIZACION EN GESTION AMBIENTAL,Femenino,2012-1,2023,Dependiente,Construccion,1,1,,"100,0%",NaN
1201-Universidad de Antioquia,90391-ESPECIALIZACION EN GESTION AMBIENTAL,Femenino,2012-1,2023,Independiente,Comercio al por mayor y al por menor; reparación de vehículos automotores y motocicletas,1,1,,"100,0%",NaN
1201-Universidad de Antioquia,90391-ESPECIALIZACION EN GESTION AMBIENTAL,Femenino,2012-1,2023,No cotizante,SIN DATO,1,0,,"0,0%",NaN
1201-Universidad de Antioquia,90391-ESPECIALIZACION EN GESTION AMBIENTAL,Masculino,2012-1,2013,Dependiente,Sin información,2,2,,"100,0%",$3.880.500
1201-Universidad de Antioquia,90391-ESPECIALIZACION EN GESTION AMBIENTAL,Masculino,2012-1,2013,Independiente,Sin información,1,1,,"100,0%",NaN
1201-Universidad de Antioquia,90391-ESPECIALIZACION EN GESTION AMBIENTAL,Masculino,2012-1,2013,No cotizante,Sin información,1,0,,"0,0%",NaN
1201-Universidad de Antioquia,90391-ESPECIALIZACION EN GESTION AMBIENTAL,Masculino,2012-1,2014,Dependiente,Actividades financieras y de seguros,1,1,,"100,0%",$3.520.000
1201-Universidad de Antioquia,90391-ESPECIALIZACION EN GESTION AMBIENTAL,Masculino,2012-1,2014,Dependiente,Industrias manufactureras,1,1,,"100,0%",$5.000.000
1201-Universidad de Antioquia,90391-ESPECIALIZACION EN GESTION AMBIENTAL,Masculino,2012-1,2014,Independiente,Actividades de atención de la salud humana y de asistencia social,1,1,,"100,0%",NaN
1201-Universidad de Antioquia,90391-ESPECIALIZACION EN GESTION AMBIENTAL,Masculino,2012-1,2014,Independiente,Sin información,1,1,,"100,0%",NaN
1201-Universidad de Antioquia,90391-ESPECIALIZACION EN GESTION AMBIENTAL,Masculino,2012-1,2015,Dependiente,Actividades financieras y de seguros,1,1,,"100,0%",$3.685.000
1201-Universidad de Antioquia,90391-ESPECIALIZACION EN GESTION AMBIENTAL,Masculino,2012-1,2015,Dependiente,Información y comunicaciones,1,1,,"100,0%",$5.750.000
1201-Universidad de Antioquia,90391-ESPECIALIZACION EN GESTION AMBIENTAL,Masculino,2012-1,2015,Dependiente,Sin información,1,1,,"100,0%",$5.515.000
1201-Universidad de Antioquia,90391-ESPECIALIZACION EN GESTION AMBIENTAL,Masculino,2012-1,2015,Independiente,Actividades de atención de la salud humana y de asistencia social,1,1,,"100,0%",NaN
1201-Universidad de Antioquia,90391-ESPECIALIZACION EN GESTION AMBIENTAL,Masculino,2012-1,2016,Dependiente,Educación,1,1,,"100,0%",$690.000
1201-Universidad de Antioquia,90391-ESPECIALIZACION EN GESTION AMBIENTAL,Masculino,2012-1,2016,Dependiente,Información y comunicaciones,1,1,,"100,0%",$6.095.000
1201-Universidad de Antioquia,90391-ESPECIALIZACION EN GESTION AMBIENTAL,Masculino,2012-1,2016,Dependiente,Sin información,1,1,,"100,0%",$5.515.000
1201-Universidad de Antioquia,90391-ESPECIALIZACION EN GESTION AMBIENTAL,Masculino,2012-1,2016,Independiente,Actividades de atención de la salud humana y de asistencia social,1,1,,"100,0%",NaN
1201-Universidad de Antioquia,90391-ESPECIALIZACION EN GESTION AMBIENTAL,Masculino,2012-1,2017,Dependiente,"Actividades profesionales, científicas y técnicas",1,1,,"100,0%",NaN
1201-Universidad de Antioquia,90391-ESPECIALIZACION EN GESTION AMBIENTAL,Masculino,2012-1,2017,Dependiente,Sin información,1,1,,"100,0%",NaN
1201-Universidad de Antioquia,90391-ESPECIALIZACION EN GESTION AMBIENTAL,Masculino,2012-1,2017,Independiente,Actividades de atención de la salud humana y de asistencia social,1,1,,"100,0%",NaN
1201-Universidad de Antioquia,90391-ESPECIALIZACION EN GESTION AMBIENTAL,Masculino,2012-1,2017,Independiente,Sin información,1,1,,"100,0%",NaN
1201-Universidad de Antioquia,90391-ESPECIALIZACION EN GESTION AMBIENTAL,Masculino,2012-1,2018,Dependiente,"Actividades profesionales, científicas y técnicas",1,1,,"100,0%",NaN
1201-Universidad de Antioquia,90391-ESPECIALIZACION EN GESTION AMBIENTAL,Masculino,2012-1,2018,Dependiente,Sin información,1,1,,"100,0%",NaN
1201-Universidad de Antioquia,90391-ESPECIALIZACION EN GESTION AMBIENTAL,Masculino,2012-1,2018,Independiente,Actividades de atención de la salud humana y de asistencia social,1,1,,"100,0%",NaN
1201-Universidad de Antioquia,90391-ESPECIALIZACION EN GESTION AMBIENTAL,Masculino,2012-1,2018,Independiente,Sin información,1,1,,"100,0%",NaN
1201-Universidad de Antioquia,90391-ESPECIALIZACION EN GESTION AMBIENTAL,Masculino,2012-1,2019,Dependiente,"Actividades profesionales, científicas y técnicas",1,1,,"100,0%",NaN
1201-Universidad de Antioquia,90391-ESPECIALIZACION EN GESTION AMBIENTAL,Masculino,2012-1,2019,Dependiente,Sin información,1,1,,"100,0%",NaN
1201-Universidad de Antioquia,90391-ESPECIALIZACION EN GESTION AMBIENTAL,Masculino,2012-1,2019,Independiente,Actividades de atención de la salud humana y de asistencia social,1,1,,"100,0%",NaN
1201-Universidad de Antioquia,90391-ESPECIALIZACION EN GESTION AMBIENTAL,Masculino,2012-1,2019,Independiente,"Actividades profesionales, científicas y técnicas",1,1,,"100,0%",NaN
1201-Universidad de Antioquia,90391-ESPECIALIZACION EN GESTION AMBIENTAL,Masculino,2012-1,2020,Dependiente,Industrias manufactureras,1,1,,"100,0%",NaN
1201-Universidad de Antioquia,90391-ESPECIALIZACION EN GESTION AMBIENTAL,Masculino,2012-1,2020,Dependiente,Otras actividades de servicios,1,1,,"100,0%",NaN
1201-Universidad de Antioquia,90391-ESPECIALIZACION EN GESTION AMBIENTAL,Masculino,2012-1,2020,Independiente,Actividades de atención de la salud humana y de asistencia social,1,1,,"100,0%",NaN
1201-Universidad de Antioquia,90391-ESPECIALIZACION EN GESTION AMBIENTAL,Masculino,2012-1,2020,Independiente,"Actividades profesionales, científicas y técnicas",1,1,,"100,0%",NaN
1201-Universidad de Antioquia,90391-ESPECIALIZACION EN GESTION AMBIENTAL,Masculino,2012-1,2021,Dependiente,Industrias manufactureras,1,1,,"100,0%",NaN
1201-Universidad de Antioquia,90391-ESPECIALIZACION EN GESTION AMBIENTAL,Masculino,2012-1,2021,Dependiente,Otras actividades de servicios,1,1,,"100,0%",NaN
1201-Universidad de Antioquia,90391-ESPECIALIZACION EN GESTION AMBIENTAL,Masculino,2012-1,2021,Independiente,Actividades de atención de la salud humana y de asistencia social,1,1,,"100,0%",NaN
1201-Universidad de Antioquia,90391-ESPECIALIZACION EN GESTION AMBIENTAL,Masculino,2012-1,2021,Independiente,"Actividades profesionales, científicas y técnicas",1,1,,"100,0%",NaN
1201-Universidad de Antioquia,90391-ESPECIALIZACION EN GESTION AMBIENTAL,Masculino,2012-1,2022,Dependiente,"Distribución de agua; evacuación y tratamiento de aguas residuales, gestión de desechos y actividades de saneamiento ambiental",1,1,,"100,0%",NaN
1201-Universidad de Antioquia,90391-ESPECIALIZACION EN GESTION AMBIENTAL,Masculino,2012-1,2022,Dependiente,Industrias manufactureras,1,1,,"100,0%",NaN
1201-Universidad de Antioquia,90391-ESPECIALIZACION EN GESTION AMBIENTAL,Masculino,2012-1,2022,Dependiente,Otras actividades de servicios,1,1,,"100,0%",NaN
1201-Universidad de Antioquia,90391-ESPECIALIZACION EN GESTION AMBIENTAL,Masculino,2012-1,2022,Independiente,Actividades de atención de la salud humana y de asistencia social,1,1,,"100,0%",NaN
1201-Universidad de Antioquia,90391-ESPECIALIZACION EN GESTION AMBIENTAL,Masculino,2012-1,2023,Dependiente,"Distribución de agua; evacuación y tratamiento de aguas residuales, gestión de desechos y actividades de saneamiento ambiental",1,1,,"100,0%",NaN
1201-Universidad de Antioquia,90391-ESPECIALIZACION EN GESTION AMBIENTAL,Masculino,2012-1,2023,Dependiente,Industrias manufactureras,1,1,,"100,0%",NaN
1201-Universidad de Antioquia,90391-ESPECIALIZACION EN GESTION AMBIENTAL,Masculino,2012-1,2023,Dependiente,Otras actividades de servicios,1,1,,"100,0%",NaN
1201-Universidad de Antioquia,90391-ESPECIALIZACION EN GESTION AMBIENTAL,Masculino,2012-1,2023,Independiente,Actividades de atención de la salud humana y de asistencia social,1,1,,"100,0%",NaN
1201-Universidad de Antioquia,51603-INGENIERIA DE SISTEMAS,Masculino,2012-1,2016,Dependiente,Educación,1,1,,"100,0%",$1.916.000
1201-Universidad de Antioquia,51603-INGENIERIA DE SISTEMAS,Masculino,2012-1,2016,Dependiente,Industrias manufactureras,1,1,,"100,0%",$2.574.000
1201-Universidad de Antioquia,51603-INGENIERIA DE SISTEMAS,Masculino,2012-1,2017,Dependiente,Actividades de servicios administrativos y de apoyo,1,1,,"100,0%",NaN
1201-Universidad de Antioquia,51603-INGENIERIA DE SISTEMAS,Masculino,2012-1,2017,Dependiente,Sin información,1,1,,"100,0%",NaN
1201-Universidad de Antioquia,51603-INGENIERIA DE SISTEMAS,Masculino,2012-1,2018,Dependiente,Actividades de servicios administrativos y de apoyo,1,1,,"100,0%",NaN
1201-Universidad de Antioquia,51603-INGENIERIA DE SISTEMAS,Masculino,2012-1,2018,Dependiente,Sin información,1,1,,"100,0%",NaN
1201-Universidad de Antioquia,51603-INGENIERIA DE SISTEMAS,Masculino,2012-1,2019,Dependiente,Administración pública y defensa; planes de seguridad social de afiliación obligatoria,1,1,,"100,0%",NaN
1201-Universidad de Antioquia,51603-INGENIERIA DE SISTEMAS,Masculino,2012-1,2019,Dependiente,Otras actividades de servicios,1,1,,"100,0%",NaN
1201-Universidad de Antioquia,51603-INGENIERIA DE SISTEMAS,Masculino,2012-1,2020,Dependiente,Administración pública y defensa; planes de seguridad social de afiliación obligatoria,1,1,,"100,0%",NaN
1201-Universidad de Antioquia,51603-INGENIERIA DE SISTEMAS,Masculino,2012-1,2020,Dependiente,Otras actividades de servicios,1,1,,"100,0%",NaN
1201-Universidad de Antioquia,51603-INGENIERIA DE SISTEMAS,Masculino,2012-1,2021,Dependiente,Información y comunicaciones,1,1,,"100,0%",NaN
1201-Universidad de Antioquia,51603-INGENIERIA DE SISTEMAS,Masculino,2012-1,2021,Dependiente,Otras actividades de servicios,1,1,,"100,0%",NaN
1201-Universidad de Antioquia,51603-INGENIERIA DE SISTEMAS,Masculino,2012-1,2022,Dependiente,Información y comunicaciones,1,1,,"100,0%",NaN
1201-Universidad de Antioquia,51603-INGENIERIA DE SISTEMAS,Masculino,2012-1,2022,Dependiente,Otras actividades de servicios,1,1,,"100,0%",NaN
1201-Universidad de Antioquia,51603-INGENIERIA DE SISTEMAS,Masculino,2012-1,2023,Dependiente,Información y comunicaciones,1,1,,"100,0%",NaN
1201-Universidad de Antioquia,51603-INGENIERIA DE SISTEMAS,Masculino,2012-1,2023,Dependiente,Otras actividades de servicios,1,1,,"100,0%",NaN
1201-Universidad de Antioquia,20609-INGENIERIA INDUSTRIAL,Femenino,2012-1,2016,Dependiente,Actividades financieras y de seguros,1,1,,"100,0%",$4.057.000
1201-Universidad de Antioquia,20609-INGENIERIA INDUSTRIAL,Femenino,2012-1,2016,Dependiente,"Agricultura, ganadería, caza, silvicultura y pesca",1,1,,"100,0%",$2.583.000
1201-Universidad de Antioquia,20609-INGENIERIA INDUSTRIAL,Femenino,2012-1,2016,Dependiente,Información y comunicaciones,1,1,,"100,0%",$1.800.000
1201-Universidad de Antioquia,20609-INGENIERIA INDUSTRIAL,Femenino,2012-1,2017,Dependiente,"Agricultura, ganadería, caza, silvicultura y pesca",1,1,,"100,0%",NaN
1201-Universidad de Antioquia,20609-INGENIERIA INDUSTRIAL,Femenino,2012-1,2017,Dependiente,Industrias manufactureras,2,2,,"100,0%",NaN
1201-Universidad de Antioquia,20609-INGENIERIA INDUSTRIAL,Femenino,2012-1,2018,Dependiente,"Agricultura, ganadería, caza, silvicultura y pesca",1,1,,"100,0%",NaN
1201-Universidad de Antioquia,20609-INGENIERIA INDUSTRIAL,Femenino,2012-1,2018,Dependiente,Industrias manufactureras,1,1,,"100,0%",NaN
1201-Universidad de Antioquia,20609-INGENIERIA INDUSTRIAL,Femenino,2012-1,2018,No cotizante,Sin información,1,0,,"0,0%",NaN
1201-Universidad de Antioquia,20609-INGENIERIA INDUSTRIAL,Femenino,2012-1,2019,Dependiente,"Agricultura, ganadería, caza, silvicultura y pesca",1,1,,"100,0%",NaN
1201-Universidad de Antioquia,20609-INGENIERIA INDUSTRIAL,Femenino,2012-1,2019,Dependiente,Industrias manufactureras,1,1,,"100,0%",NaN
1201-Universidad de Antioquia,20609-INGENIERIA INDUSTRIAL,Femenino,2012-1,2020,Dependiente,Industrias manufactureras,1,1,,"100,0%",NaN
1201-Universidad de Antioquia,20609-INGENIERIA INDUSTRIAL,Femenino,2012-1,2020,No cotizante,Sin información,1,0,,"0,0%",NaN
1201-Universidad de Antioquia,20609-INGENIERIA INDUSTRIAL,Femenino,2012-1,2021,Dependiente,Industrias manufactureras,1,1,,"100,0%",NaN
1201-Universidad de Antioquia,20609-INGENIERIA INDUSTRIAL,Femenino,2012-1,2021,Dependiente,Otras actividades de servicios,1,1,,"100,0%",NaN
1201-Universidad de Antioquia,20609-INGENIERIA INDUSTRIAL,Femenino,2012-1,2022,Dependiente,Industrias manufactureras,1,1,,"100,0%",NaN
1201-Universidad de Antioquia,20609-INGENIERIA INDUSTRIAL,Femenino,2012-1,2022,Dependiente,Otras actividades de servicios,1,1,,"100,0%",NaN
1201-Universidad de Antioquia,20609-INGENIERIA INDUSTRIAL,Femenino,2012-1,2023,Dependiente,Industrias manufactureras,1,1,,"100,0%",NaN
1201-Universidad de Antioquia,20609-INGENIERIA INDUSTRIAL,Femenino,2012-1,2023,Dependiente,Otras actividades de servicios,1,1,,"100,0%",NaN
1201-Universidad de Antioquia,20609-INGENIERIA INDUSTRIAL,Masculino,2012-1,2016,Dependiente,Educación,1,1,,"100,0%",$3.218.000
1201-Universidad de Antioquia,20609-INGENIERIA INDUSTRIAL,Masculino,2012-1,2016,Dependiente,Información y comunicaciones,1,1,,"100,0%",$3.686.000
1201-Universidad de Antioquia,20609-INGENIERIA INDUSTRIAL,Masculino,2012-1,2017,Dependiente,"Actividades profesionales, científicas y técnicas",1,1,,"100,0%",NaN
1722-Universidad de Manizales,53955-MAESTRIA  EN DESARROLLO SOSTENIBLE Y MEDIO AMBIENTE,Femenino,2012-1,2016,Dependiente,Actividades de atención de la salud humana y de asistencia social,1,1,,"100,0%",$2.475.000
1722-Universidad de Manizales,53955-MAESTRIA  EN DESARROLLO SOSTENIBLE Y MEDIO AMBIENTE,Femenino,2012-1,2017,Dependiente,Educación,1,1,,"100,0%",NaN
1722-Universidad de Manizales,53955-MAESTRIA  EN DESARROLLO SOSTENIBLE Y MEDIO AMBIENTE,Femenino,2012-1,2018,Dependiente,Educación,1,1,,"100,0%",NaN
1722-Universidad de Manizales,53955-MAESTRIA  EN DESARROLLO SOSTENIBLE Y MEDIO AMBIENTE,Masculino,2012-1,2016,Dependiente,Industrias manufactureras,1,1,,"100,0%",$5.060.000
1722-Universidad de Manizales,53955-MAESTRIA  EN DESARROLLO SOSTENIBLE Y MEDIO AMBIENTE,Masculino,2012-1,2016,Dependiente,Sin información,1,1,,"100,0%",$4.313.000
1722-Universidad de Manizales,53955-MAESTRIA  EN DESARROLLO SOSTENIBLE Y MEDIO AMBIENTE,Masculino,2012-1,2016,No cotizante,Sin información,1,0,,"0,0%",NaN
1722-Universidad de Manizales,53955-MAESTRIA  EN DESARROLLO SOSTENIBLE Y MEDIO AMBIENTE,Masculino,2012-1,2017,Dependiente,Educación,1,1,,"100,0%",NaN
1722-Universidad de Manizales,53955-MAESTRIA  EN DESARROLLO SOSTENIBLE Y MEDIO AMBIENTE,Masculino,2012-1,2017,Dependiente,Industrias manufactureras,1,1,,"100,0%",NaN
1722-Universidad de Manizales,53955-MAESTRIA  EN DESARROLLO SOSTENIBLE Y MEDIO AMBIENTE,Masculino,2012-1,2017,No cotizante,Sin información,1,0,,"0,0%",NaN
1722-Universidad de Manizales,53955-MAESTRIA  EN DESARROLLO SOSTENIBLE Y MEDIO AMBIENTE,Masculino,2012-1,2018,Dependiente,Educación,1,1,,"100,0%",NaN
1722-Universidad de Manizales,53955-MAESTRIA  EN DESARROLLO SOSTENIBLE Y MEDIO AMBIENTE,Masculino,2012-1,2018,Dependiente,Industrias manufactureras,1,1,,"100,0%",NaN
1722-Universidad de Manizales,53955-MAESTRIA  EN DESARROLLO SOSTENIBLE Y MEDIO AMBIENTE,Masculino,2012-1,2018,No cotizante,Sin información,1,0,,"0,0%",NaN
1212-Universidad de Pamplona,11411-ESPECIALIZACION EN GESTION DE PROYECTOS INFORMATICOS,Femenino,2012-1,2016,Dependiente,Actividades de organizaciones y entidades extraterritoriales,8,8,,"100,0%",$3.096.750
1212-Universidad de Pamplona,11411-ESPECIALIZACION EN GESTION DE PROYECTOS INFORMATICOS,Femenino,2012-1,2016,Dependiente,"Actividades profesionales, científicas y técnicas",3,3,,"100,0%",$2.428.333
1212-Universidad de Pamplona,11411-ESPECIALIZACION EN GESTION DE PROYECTOS INFORMATICOS,Femenino,2012-1,2016,Dependiente,Administración pública y defensa; planes de seguridad social de afiliación obligatoria,7,7,,"100,0%",$2.876.000
1212-Universidad de Pamplona,11411-ESPECIALIZACION EN GESTION DE PROYECTOS INFORMATICOS,Femenino,2012-1,2016,Dependiente,Sin información,1,1,,"100,0%",$2.265.000
1212-Universidad de Pamplona,11411-ESPECIALIZACION EN GESTION DE PROYECTOS INFORMATICOS,Femenino,2012-1,2016,Independiente,Información y comunicaciones,1,1,,"100,0%",NaN
1212-Universidad de Pamplona,11411-ESPECIALIZACION EN GESTION DE PROYECTOS INFORMATICOS,Femenino,2012-1,2016,No cotizante,Sin información,1,0,,"0,0%",NaN
1212-Universidad de Pamplona,11411-ESPECIALIZACION EN GESTION DE PROYECTOS INFORMATICOS,Femenino,2012-1,2017,Dependiente,Actividades de los hogares individuales en calidad de empleadores; actividades no diferenciadas de los hogares individuales como productores de bienes y servicios para uso propio,1,1,,"100,0%",NaN
1212-Universidad de Pamplona,11411-ESPECIALIZACION EN GESTION DE PROYECTOS INFORMATICOS,Femenino,2012-1,2017,Dependiente,Actividades de organizaciones y entidades extraterritoriales,1,1,,"100,0%",NaN
1212-Universidad de Pamplona,11411-ESPECIALIZACION EN GESTION DE PROYECTOS INFORMATICOS,Femenino,2012-1,2017,Dependiente,Actividades financieras y de seguros,1,1,,"100,0%",NaN
1212-Universidad de Pamplona,11411-ESPECIALIZACION EN GESTION DE PROYECTOS INFORMATICOS,Femenino,2012-1,2017,Dependiente,"Actividades profesionales, científicas y técnicas",6,6,,"100,0%",NaN
1212-Universidad de Pamplona,11411-ESPECIALIZACION EN GESTION DE PROYECTOS INFORMATICOS,Femenino,2012-1,2017,Dependiente,Administración pública y defensa; planes de seguridad social de afiliación obligatoria,10,10,,"100,0%",NaN
1212-Universidad de Pamplona,11411-ESPECIALIZACION EN GESTION DE PROYECTOS INFORMATICOS,Femenino,2012-1,2017,Dependiente,Sin información,1,1,,"100,0%",NaN
1212-Universidad de Pamplona,11411-ESPECIALIZACION EN GESTION DE PROYECTOS INFORMATICOS,Femenino,2012-1,2017,No cotizante,Sin información,1,0,,"0,0%",NaN
1212-Universidad de Pamplona,11411-ESPECIALIZACION EN GESTION DE PROYECTOS INFORMATICOS,Femenino,2012-1,2018,Dependiente,Actividades de los hogares individuales en calidad de empleadores; actividades no diferenciadas de los hogares individuales como productores de bienes y servicios para uso propio,1,1,,"100,0%",NaN
1212-Universidad de Pamplona,11411-ESPECIALIZACION EN GESTION DE PROYECTOS INFORMATICOS,Femenino,2012-1,2018,Dependiente,Actividades de organizaciones y entidades extraterritoriales,1,1,,"100,0%",NaN
1212-Universidad de Pamplona,11411-ESPECIALIZACION EN GESTION DE PROYECTOS INFORMATICOS,Femenino,2012-1,2018,Dependiente,Actividades financieras y de seguros,1,1,,"100,0%",NaN
1212-Universidad de Pamplona,11411-ESPECIALIZACION EN GESTION DE PROYECTOS INFORMATICOS,Femenino,2012-1,2018,Dependiente,"Actividades profesionales, científicas y técnicas",5,5,,"100,0%",NaN
1212-Universidad de Pamplona,11411-ESPECIALIZACION EN GESTION DE PROYECTOS INFORMATICOS,Femenino,2012-1,2018,Dependiente,Administración pública y defensa; planes de seguridad social de afiliación obligatoria,10,10,,"100,0%",NaN
1212-Universidad de Pamplona,11411-ESPECIALIZACION EN GESTION DE PROYECTOS INFORMATICOS,Femenino,2012-1,2018,Dependiente,Sin información,1,1,,"100,0%",NaN
1212-Universidad de Pamplona,11411-ESPECIALIZACION EN GESTION DE PROYECTOS INFORMATICOS,Femenino,2012-1,2018,No cotizante,Sin información,1,0,,"0,0%",NaN
1212-Universidad de Pamplona,11411-ESPECIALIZACION EN GESTION DE PROYECTOS INFORMATICOS,Femenino,2012-1,2019,Dependiente,Actividades de los hogares individuales en calidad de empleadores; actividades no diferenciadas de los hogares individuales como productores de bienes y servicios para uso propio,1,1,,"100,0%",NaN
1212-Universidad de Pamplona,11411-ESPECIALIZACION EN GESTION DE PROYECTOS INFORMATICOS,Femenino,2012-1,2019,Dependiente,Actividades financieras y de seguros,1,1,,"100,0%",NaN
1212-Universidad de Pamplona,11411-ESPECIALIZACION EN GESTION DE PROYECTOS INFORMATICOS,Femenino,2012-1,2019,Dependiente,"Actividades profesionales, científicas y técnicas",5,5,,"100,0%",NaN
1212-Universidad de Pamplona,11411-ESPECIALIZACION EN GESTION DE PROYECTOS INFORMATICOS,Femenino,2012-1,2019,Dependiente,Administración pública y defensa; planes de seguridad social de afiliación obligatoria,11,11,,"100,0%",NaN
1212-Universidad de Pamplona,11411-ESPECIALIZACION EN GESTION DE PROYECTOS INFORMATICOS,Femenino,2012-1,2019,No cotizante,Sin información,1,0,,"0,0%",NaN
1212-Universidad de Pamplona,11411-ESPECIALIZACION EN GESTION DE PROYECTOS INFORMATICOS,Femenino,2012-1,2020,Dependiente,Actividades de los hogares individuales en calidad de empleadores; actividades no diferenciadas de los hogares individuales como productores de bienes y servicios para uso propio,1,1,,"100,0%",NaN
1212-Universidad de Pamplona,11411-ESPECIALIZACION EN GESTION DE PROYECTOS INFORMATICOS,Femenino,2012-1,2020,Dependiente,"Actividades profesionales, científicas y técnicas",7,7,,"100,0%",NaN
1212-Universidad de Pamplona,11411-ESPECIALIZACION EN GESTION DE PROYECTOS INFORMATICOS,Femenino,2012-1,2020,Dependiente,Administración pública y defensa; planes de seguridad social de afiliación obligatoria,9,9,,"100,0%",NaN
1212-Universidad de Pamplona,11411-ESPECIALIZACION EN GESTION DE PROYECTOS INFORMATICOS,Femenino,2012-1,2020,Dependiente,"Suministro de electricidad, gas, vapor y aire acondicionado",1,1,,"100,0%",NaN
1212-Universidad de Pamplona,11411-ESPECIALIZACION EN GESTION DE PROYECTOS INFORMATICOS,Femenino,2012-1,2020,No cotizante,Sin información,1,0,,"0,0%",NaN
1212-Universidad de Pamplona,11411-ESPECIALIZACION EN GESTION DE PROYECTOS INFORMATICOS,Femenino,2012-1,2021,Dependiente,Actividades de los hogares individuales en calidad de empleadores; actividades no diferenciadas de los hogares individuales como productores de bienes y servicios para uso propio,1,1,,"100,0%",NaN
1212-Universidad de Pamplona,11411-ESPECIALIZACION EN GESTION DE PROYECTOS INFORMATICOS,Femenino,2012-1,2021,Dependiente,Actividades de organizaciones y entidades extraterritoriales,7,7,,"100,0%",NaN
1212-Universidad de Pamplona,11411-ESPECIALIZACION EN GESTION DE PROYECTOS INFORMATICOS,Femenino,2012-1,2021,Dependiente,"Actividades profesionales, científicas y técnicas",5,5,,"100,0%",NaN
1212-Universidad de Pamplona,11411-ESPECIALIZACION EN GESTION DE PROYECTOS INFORMATICOS,Femenino,2012-1,2021,Dependiente,Administración pública y defensa; planes de seguridad social de afiliación obligatoria,3,3,,"100,0%",NaN
1212-Universidad de Pamplona,11411-ESPECIALIZACION EN GESTION DE PROYECTOS INFORMATICOS,Femenino,2012-1,2021,Dependiente,"Suministro de electricidad, gas, vapor y aire acondicionado",1,1,,"100,0%",NaN
1212-Universidad de Pamplona,11411-ESPECIALIZACION EN GESTION DE PROYECTOS INFORMATICOS,Femenino,2012-1,2022,Dependiente,Actividades de los hogares individuales en calidad de empleadores; actividades no diferenciadas de los hogares individuales como productores de bienes y servicios para uso propio,1,1,,"100,0%",NaN
1212-Universidad de Pamplona,11411-ESPECIALIZACION EN GESTION DE PROYECTOS INFORMATICOS,Femenino,2012-1,2022,Dependiente,Actividades de organizaciones y entidades extraterritoriales,6,6,,"100,0%",NaN
1212-Universidad de Pamplona,11411-ESPECIALIZACION EN GESTION DE PROYECTOS INFORMATICOS,Femenino,2012-1,2022,Dependiente,"Actividades profesionales, científicas y técnicas",6,6,,"100,0%",NaN
1212-Universidad de Pamplona,11411-ESPECIALIZACION EN GESTION DE PROYECTOS INFORMATICOS,Femenino,2012-1,2022,Dependiente,Administración pública y defensa; planes de seguridad social de afiliación obligatoria,2,2,,"100,0%",NaN
1212-Universidad de Pamplona,11411-ESPECIALIZACION EN GESTION DE PROYECTOS INFORMATICOS,Femenino,2012-1,2022,Dependiente,"Suministro de electricidad, gas, vapor y aire acondicionado",1,1,,"100,0%",NaN
1212-Universidad de Pamplona,11411-ESPECIALIZACION EN GESTION DE PROYECTOS INFORMATICOS,Femenino,2012-1,2022,No cotizante,SIN DATO,1,0,,"0,0%",NaN
1212-Universidad de Pamplona,11411-ESPECIALIZACION EN GESTION DE PROYECTOS INFORMATICOS,Femenino,2012-1,2023,Dependiente,Actividades de los hogares individuales en calidad de empleadores; actividades no diferenciadas de los hogares individuales como productores de bienes y servicios para uso propio,1,1,,"100,0%",NaN
1212-Universidad de Pamplona,11411-ESPECIALIZACION EN GESTION DE PROYECTOS INFORMATICOS,Femenino,2012-1,2023,Dependiente,"Actividades profesionales, científicas y técnicas",6,6,,"100,0%",NaN
1212-Universidad de Pamplona,11411-ESPECIALIZACION EN GESTION DE PROYECTOS INFORMATICOS,Femenino,2012-1,2023,Dependiente,Administración pública y defensa; planes de seguridad social de afiliación obligatoria,8,8,,"100,0%",NaN
1212-Universidad de Pamplona,11411-ESPECIALIZACION EN GESTION DE PROYECTOS INFORMATICOS,Femenino,2012-1,2023,Dependiente,"Suministro de electricidad, gas, vapor y aire acondicionado",1,1,,"100,0%",NaN
1212-Universidad de Pamplona,11411-ESPECIALIZACION EN GESTION DE PROYECTOS INFORMATICOS,Femenino,2012-1,2023,No cotizante,SIN DATO,1,0,,"0,0%",NaN
1212-Universidad de Pamplona,11411-ESPECIALIZACION EN GESTION DE PROYECTOS INFORMATICOS,Masculino,2012-1,2016,Dependiente,Actividades de organizaciones y entidades extraterritoriales,3,3,,"100,0%",$3.627.333
1212-Universidad de Pamplona,11411-ESPECIALIZACION EN GESTION DE PROYECTOS INFORMATICOS,Masculino,2012-1,2016,Dependiente,"Actividades profesionales, científicas y técnicas",1,1,,"100,0%",$2.851.000
1212-Universidad de Pamplona,11411-ESPECIALIZACION EN GESTION DE PROYECTOS INFORMATICOS,Masculino,2012-1,2016,Dependiente,Administración pública y defensa; planes de seguridad social de afiliación obligatoria,3,3,,"100,0%",$3.937.500
1212-Universidad de Pamplona,11411-ESPECIALIZACION EN GESTION DE PROYECTOS INFORMATICOS,Masculino,2012-1,2016,Dependiente,Industrias manufactureras,1,1,,"100,0%",$2.000.000
1212-Universidad de Pamplona,11411-ESPECIALIZACION EN GESTION DE PROYECTOS INFORMATICOS,Masculino,2012-1,2016,Independiente,Información y comunicaciones,2,2,,"100,0%",NaN
1212-Universidad de Pamplona,11411-ESPECIALIZACION EN GESTION DE PROYECTOS INFORMATICOS,Masculino,2012-1,2016,No cotizante,Sin información,1,0,,"0,0%",NaN
1212-Universidad de Pamplona,11411-ESPECIALIZACION EN GESTION DE PROYECTOS INFORMATICOS,Masculino,2012-1,2017,Dependiente,"Actividades profesionales, científicas y técnicas",5,5,,"100,0%",NaN
1212-Universidad de Pamplona,11411-ESPECIALIZACION EN GESTION DE PROYECTOS INFORMATICOS,Masculino,2012-1,2017,Dependiente,Administración pública y defensa; planes de seguridad social de afiliación obligatoria,3,3,,"100,0%",NaN
1212-Universidad de Pamplona,11411-ESPECIALIZACION EN GESTION DE PROYECTOS INFORMATICOS,Masculino,2012-1,2017,Independiente,Información y comunicaciones,1,1,,"100,0%",NaN
1212-Universidad de Pamplona,11411-ESPECIALIZACION EN GESTION DE PROYECTOS INFORMATICOS,Masculino,2012-1,2017,Independiente,Sin información,1,1,,"100,0%",NaN
1212-Universidad de Pamplona,11411-ESPECIALIZACION EN GESTION DE PROYECTOS INFORMATICOS,Masculino,2012-1,2017,No cotizante,Sin información,1,0,,"0,0%",NaN
1212-Universidad de Pamplona,11411-ESPECIALIZACION EN GESTION DE PROYECTOS INFORMATICOS,Masculino,2012-1,2018,Dependiente,"Actividades profesionales, científicas y técnicas",4,4,,"100,0%",NaN
1212-Universidad de Pamplona,11411-ESPECIALIZACION EN GESTION DE PROYECTOS INFORMATICOS,Masculino,2012-1,2018,Dependiente,Administración pública y defensa; planes de seguridad social de afiliación obligatoria,3,3,,"100,0%",NaN
1212-Universidad de Pamplona,11411-ESPECIALIZACION EN GESTION DE PROYECTOS INFORMATICOS,Masculino,2012-1,2018,Dependiente,Sin información,1,1,,"100,0%",NaN
1212-Universidad de Pamplona,11411-ESPECIALIZACION EN GESTION DE PROYECTOS INFORMATICOS,Masculino,2012-1,2018,Independiente,Información y comunicaciones,1,1,,"100,0%",NaN
1212-Universidad de Pamplona,11411-ESPECIALIZACION EN GESTION DE PROYECTOS INFORMATICOS,Masculino,2012-1,2018,Independiente,Sin información,1,1,,"100,0%",NaN
1212-Universidad de Pamplona,11411-ESPECIALIZACION EN GESTION DE PROYECTOS INFORMATICOS,Masculino,2012-1,2019,Dependiente,"Actividades profesionales, científicas y técnicas",5,5,,"100,0%",NaN
1212-Universidad de Pamplona,11411-ESPECIALIZACION EN GESTION DE PROYECTOS INFORMATICOS,Masculino,2012-1,2019,Dependiente,Administración pública y defensa; planes de seguridad social de afiliación obligatoria,2,2,,"100,0%",NaN
1212-Universidad de Pamplona,11411-ESPECIALIZACION EN GESTION DE PROYECTOS INFORMATICOS,Masculino,2012-1,2019,Independiente,Administración pública y defensa; planes de seguridad social de afiliación obligatoria,1,1,,"100,0%",NaN
1212-Universidad de Pamplona,11411-ESPECIALIZACION EN GESTION DE PROYECTOS INFORMATICOS,Masculino,2012-1,2019,Independiente,Información y comunicaciones,1,1,,"100,0%",NaN
1212-Universidad de Pamplona,11411-ESPECIALIZACION EN GESTION DE PROYECTOS INFORMATICOS,Masculino,2012-1,2019,No cotizante,Sin información,1,0,,"0,0%",NaN
1212-Universidad de Pamplona,11411-ESPECIALIZACION EN GESTION DE PROYECTOS INFORMATICOS,Masculino,2012-1,2020,Dependiente,"Actividades profesionales, científicas y técnicas",4,4,,"100,0%",NaN
1212-Universidad de Pamplona,11411-ESPECIALIZACION EN GESTION DE PROYECTOS INFORMATICOS,Masculino,2012-1,2020,Dependiente,Administración pública y defensa; planes de seguridad social de afiliación obligatoria,3,3,,"100,0%",NaN
1212-Universidad de Pamplona,11411-ESPECIALIZACION EN GESTION DE PROYECTOS INFORMATICOS,Masculino,2012-1,2020,Independiente,Administración pública y defensa; planes de seguridad social de afiliación obligatoria,1,1,,"100,0%",NaN
1212-Universidad de Pamplona,11411-ESPECIALIZACION EN GESTION DE PROYECTOS INFORMATICOS,Masculino,2012-1,2020,Independiente,Información y comunicaciones,1,1,,"100,0%",NaN
1212-Universidad de Pamplona,11411-ESPECIALIZACION EN GESTION DE PROYECTOS INFORMATICOS,Masculino,2012-1,2020,No cotizante,Sin información,1,0,,"0,0%",NaN
1212-Universidad de Pamplona,11411-ESPECIALIZACION EN GESTION DE PROYECTOS INFORMATICOS,Masculino,2012-1,2021,Dependiente,Actividades de organizaciones y entidades extraterritoriales,2,2,,"100,0%",NaN
1212-Universidad de Pamplona,11411-ESPECIALIZACION EN GESTION DE PROYECTOS INFORMATICOS,Masculino,2012-1,2021,Dependiente,Actividades de servicios administrativos y de apoyo,1,1,,"100,0%",NaN
1212-Universidad de Pamplona,11411-ESPECIALIZACION EN GESTION DE PROYECTOS INFORMATICOS,Masculino,2012-1,2021,Dependiente,"Actividades profesionales, científicas y técnicas",3,3,,"100,0%",NaN
1212-Universidad de Pamplona,11411-ESPECIALIZACION EN GESTION DE PROYECTOS INFORMATICOS,Masculino,2012-1,2021,Dependiente,Administración pública y defensa; planes de seguridad social de afiliación obligatoria,1,1,,"100,0%",NaN
1212-Universidad de Pamplona,11411-ESPECIALIZACION EN GESTION DE PROYECTOS INFORMATICOS,Masculino,2012-1,2021,Dependiente,Información y comunicaciones,1,1,,"100,0%",NaN
1212-Universidad de Pamplona,11411-ESPECIALIZACION EN GESTION DE PROYECTOS INFORMATICOS,Masculino,2012-1,2021,Independiente,Información y comunicaciones,1,1,,"100,0%",NaN
1212-Universidad de Pamplona,11411-ESPECIALIZACION EN GESTION DE PROYECTOS INFORMATICOS,Masculino,2012-1,2021,No cotizante,Sin información,1,0,,"0,0%",NaN
1212-Universidad de Pamplona,11411-ESPECIALIZACION EN GESTION DE PROYECTOS INFORMATICOS,Masculino,2012-1,2022,Dependiente,Actividades de organizaciones y entidades extraterritoriales,2,2,,"100,0%",NaN
1212-Universidad de Pamplona,11411-ESPECIALIZACION EN GESTION DE PROYECTOS INFORMATICOS,Masculino,2012-1,2022,Dependiente,Actividades de servicios administrativos y de apoyo,1,1,,"100,0%",NaN
1212-Universidad de Pamplona,11411-ESPECIALIZACION EN GESTION DE PROYECTOS INFORMATICOS,Masculino,2012-1,2022,Dependiente,"Actividades profesionales, científicas y técnicas",3,3,,"100,0%",NaN
1212-Universidad de Pamplona,11411-ESPECIALIZACION EN GESTION DE PROYECTOS INFORMATICOS,Masculino,2012-1,2022,Dependiente,Administración pública y defensa; planes de seguridad social de afiliación obligatoria,1,1,,"100,0%",NaN
1212-Universidad de Pamplona,11411-ESPECIALIZACION EN GESTION DE PROYECTOS INFORMATICOS,Masculino,2012-1,2022,Dependiente,Información y comunicaciones,1,1,,"100,0%",NaN
1212-Universidad de Pamplona,11411-ESPECIALIZACION EN GESTION DE PROYECTOS INFORMATICOS,Masculino,2012-1,2022,Independiente,Información y comunicaciones,1,1,,"100,0%",NaN
1212-Universidad de Pamplona,11411-ESPECIALIZACION EN GESTION DE PROYECTOS INFORMATICOS,Masculino,2012-1,2022,No cotizante,SIN DATO,1,0,,"0,0%",NaN
1212-Universidad de Pamplona,11411-ESPECIALIZACION EN GESTION DE PROYECTOS INFORMATICOS,Masculino,2012-1,2023,Dependiente,"Actividades profesionales, científicas y técnicas",2,2,,"100,0%",NaN
1212-Universidad de Pamplona,11411-ESPECIALIZACION EN GESTION DE PROYECTOS INFORMATICOS,Masculino,2012-1,2023,Dependiente,Administración pública y defensa; planes de seguridad social de afiliación obligatoria,3,3,,"100,0%",NaN
1212-Universidad de Pamplona,11411-ESPECIALIZACION EN GESTION DE PROYECTOS INFORMATICOS,Masculino,2012-1,2023,Dependiente,Explotación de minas y canteras,1,1,,"100,0%",NaN
1212-Universidad de Pamplona,11411-ESPECIALIZACION EN GESTION DE PROYECTOS INFORMATICOS,Masculino,2012-1,2023,Dependiente,Información y comunicaciones,1,1,,"100,0%",NaN
1212-Universidad de Pamplona,11411-ESPECIALIZACION EN GESTION DE PROYECTOS INFORMATICOS,Masculino,2012-1,2023,Independiente,Información y comunicaciones,1,1,,"100,0%",NaN
1212-Universidad de Pamplona,11411-ESPECIALIZACION EN GESTION DE PROYECTOS INFORMATICOS,Masculino,2012-1,2023,No cotizante,SIN DATO,2,0,,"0,0%",NaN
2832-Universidad de Santander - UDES,8374-ESPECIALIZACION EN GERENCIA DE EMPRESAS,Femenino,2012-1,2017,Dependiente,"Distribución de agua; evacuación y tratamiento de aguas residuales, gestión de desechos y actividades de saneamiento ambiental",1,1,,"100,0%",NaN
2832-Universidad de Santander - UDES,8374-ESPECIALIZACION EN GERENCIA DE EMPRESAS,Femenino,2012-1,2017,Independiente,"Actividades profesionales, científicas y técnicas",1,1,,"100,0%",NaN
2832-Universidad de Santander - UDES,8374-ESPECIALIZACION EN GERENCIA DE EMPRESAS,Femenino,2012-1,2018,Dependiente,Explotación de minas y canteras,1,1,,"100,0%",NaN
2832-Universidad de Santander - UDES,8374-ESPECIALIZACION EN GERENCIA DE EMPRESAS,Femenino,2012-1,2018,Independiente,"Actividades profesionales, científicas y técnicas",1,1,,"100,0%",NaN
2832-Universidad de Santander - UDES,8374-ESPECIALIZACION EN GERENCIA DE EMPRESAS,Femenino,2012-1,2019,Dependiente,Explotación de minas y canteras,1,1,,"100,0%",NaN
2832-Universidad de Santander - UDES,8374-ESPECIALIZACION EN GERENCIA DE EMPRESAS,Femenino,2012-1,2019,Independiente,"Actividades profesionales, científicas y técnicas",1,1,,"100,0%",NaN
2832-Universidad de Santander - UDES,8374-ESPECIALIZACION EN GERENCIA DE EMPRESAS,Femenino,2012-1,2020,Dependiente,"Actividades profesionales, científicas y técnicas",1,1,,"100,0%",NaN
2832-Universidad de Santander - UDES,8374-ESPECIALIZACION EN GERENCIA DE EMPRESAS,Femenino,2012-1,2020,Dependiente,Explotación de minas y canteras,1,1,,"100,0%",NaN
2832-Universidad de Santander - UDES,8374-ESPECIALIZACION EN GERENCIA DE EMPRESAS,Femenino,2012-1,2021,Dependiente,Explotación de minas y canteras,1,1,,"100,0%",NaN
2832-Universidad de Santander - UDES,8374-ESPECIALIZACION EN GERENCIA DE EMPRESAS,Femenino,2012-1,2021,Independiente,"Actividades profesionales, científicas y técnicas",1,1,,"100,0%",NaN
2832-Universidad de Santander - UDES,8374-ESPECIALIZACION EN GERENCIA DE EMPRESAS,Femenino,2012-1,2022,Dependiente,Explotación de minas y canteras,1,1,,"100,0%",NaN
2832-Universidad de Santander - UDES,8374-ESPECIALIZACION EN GERENCIA DE EMPRESAS,Femenino,2012-1,2022,Independiente,"Actividades profesionales, científicas y técnicas",1,1,,"100,0%",NaN
2832-Universidad de Santander - UDES,8374-ESPECIALIZACION EN GERENCIA DE EMPRESAS,Femenino,2012-1,2023,Dependiente,"Actividades profesionales, científicas y técnicas",1,1,,"100,0%",NaN
2832-Universidad de Santander - UDES,8374-ESPECIALIZACION EN GERENCIA DE EMPRESAS,Femenino,2012-1,2023,Dependiente,Explotación de minas y canteras,1,1,,"100,0%",NaN
2832-Universidad de Santander - UDES,8374-ESPECIALIZACION EN GERENCIA DE EMPRESAS,Masculino,2012-1,2017,Dependiente,"Actividades artísticas, de entretenimiento y recreación",1,1,,"100,0%",NaN
2832-Universidad de Santander - UDES,8374-ESPECIALIZACION EN GERENCIA DE EMPRESAS,Masculino,2012-1,2018,Dependiente,"Actividades artísticas, de entretenimiento y recreación",1,1,,"100,0%",NaN
2832-Universidad de Santander - UDES,8374-ESPECIALIZACION EN GERENCIA DE EMPRESAS,Masculino,2012-1,2019,Dependiente,"Actividades artísticas, de entretenimiento y recreación",1,1,,"100,0%",NaN
2832-Universidad de Santander - UDES,8374-ESPECIALIZACION EN GERENCIA DE EMPRESAS,Masculino,2012-1,2020,Dependiente,"Actividades artísticas, de entretenimiento y recreación",1,1,,"100,0%",NaN
2832-Universidad de Santander - UDES,8374-ESPECIALIZACION EN GERENCIA DE EMPRESAS,Masculino,2012-1,2021,Dependiente,"Actividades artísticas, de entretenimiento y recreación",1,1,,"100,0%",NaN
2832-Universidad de Santander - UDES,8374-ESPECIALIZACION EN GERENCIA DE EMPRESAS,Masculino,2012-1,2022,Dependiente,"Actividades artísticas, de entretenimiento y recreación",1,1,,"100,0%",NaN
2832-Universidad de Santander - UDES,8374-ESPECIALIZACION EN GERENCIA DE EMPRESAS,Masculino,2012-1,2023,Dependiente,"Actividades artísticas, de entretenimiento y recreación",1,1,,"100,0%",NaN
2832-Universidad de Santander - UDES,8257-ESPECIALIZACION EN GERENCIA DE MERCADEO,Femenino,2012-1,2017,Dependiente,Educación,1,1,,"100,0%",NaN
2832-Universidad de Santander - UDES,8257-ESPECIALIZACION EN GERENCIA DE MERCADEO,Femenino,2012-1,2018,No cotizante,Sin información,1,0,,"0,0%",NaN
2832-Universidad de Santander - UDES,8257-ESPECIALIZACION EN GERENCIA DE MERCADEO,Masculino,2012-1,2017,Dependiente,Industrias manufactureras,1,1,,"100,0%",NaN
2832-Universidad de Santander - UDES,8257-ESPECIALIZACION EN GERENCIA DE MERCADEO,Masculino,2012-1,2017,No cotizante,Sin información,1,0,,"0,0%",NaN
2832-Universidad de Santander - UDES,8257-ESPECIALIZACION EN GERENCIA DE MERCADEO,Masculino,2012-1,2018,Dependiente,Industrias manufactureras,1,1,,"100,0%",NaN
2832-Universidad de Santander - UDES,8257-ESPECIALIZACION EN GERENCIA DE MERCADEO,Masculino,2012-1,2018,No cotizante,Sin información,1,0,,"0,0%",NaN
2832-Universidad de Santander - UDES,8257-ESPECIALIZACION EN GERENCIA DE MERCADEO,Masculino,2012-1,2019,Dependiente,Industrias manufactureras,1,1,,"100,0%",NaN
2832-Universidad de Santander - UDES,8257-ESPECIALIZACION EN GERENCIA DE MERCADEO,Masculino,2012-1,2019,No cotizante,Sin información,1,0,,"0,0%",NaN
2832-Universidad de Santander - UDES,8257-ESPECIALIZACION EN GERENCIA DE MERCADEO,Masculino,2012-1,2020,Dependiente,Industrias manufactureras,1,1,,"100,0%",NaN
2832-Universidad de Santander - UDES,8257-ESPECIALIZACION EN GERENCIA DE MERCADEO,Masculino,2012-1,2020,No cotizante,Sin información,1,0,,"0,0%",NaN
2832-Universidad de Santander - UDES,8257-ESPECIALIZACION EN GERENCIA DE MERCADEO,Masculino,2012-1,2021,Dependiente,Industrias manufactureras,1,1,,"100,0%",NaN
2832-Universidad de Santander - UDES,8257-ESPECIALIZACION EN GERENCIA DE MERCADEO,Masculino,2012-1,2021,No cotizante,Sin información,1,0,,"0,0%",NaN
2832-Universidad de Santander - UDES,8257-ESPECIALIZACION EN GERENCIA DE MERCADEO,Masculino,2012-1,2022,Dependiente,Industrias manufactureras,1,1,,"100,0%",NaN
2832-Universidad de Santander - UDES,8257-ESPECIALIZACION EN GERENCIA DE MERCADEO,Masculino,2012-1,2022,No cotizante,SIN DATO,1,0,,"0,0%",NaN
2832-Universidad de Santander - UDES,8257-ESPECIALIZACION EN GERENCIA DE MERCADEO,Masculino,2012-1,2023,Dependiente,Industrias manufactureras,1,1,,"100,0%",NaN
2832-Universidad de Santander - UDES,8257-ESPECIALIZACION EN GERENCIA DE MERCADEO,Masculino,2012-1,2023,Independiente,Administración pública y defensa; planes de seguridad social de afiliación obligatoria,1,1,,"100,0%",NaN
2832-Universidad de Santander - UDES,8564-ESPECIALIZACION EN GERENCIA DE SERVICIOS DE SALUD,Femenino,2012-1,2017,Dependiente,"Actividades profesionales, científicas y técnicas",1,1,,"100,0%",NaN
2832-Universidad de Santander - UDES,8564-ESPECIALIZACION EN GERENCIA DE SERVICIOS DE SALUD,Masculino,2012-1,2017,Dependiente,"Distribución de agua; evacuación y tratamiento de aguas residuales, gestión de desechos y actividades de saneamiento ambiental",1,1,,"100,0%",NaN
2832-Universidad de Santander - UDES,8564-ESPECIALIZACION EN GERENCIA DE SERVICIOS DE SALUD,Masculino,2012-1,2018,Dependiente,"Distribución de agua; evacuación y tratamiento de aguas residuales, gestión de desechos y actividades de saneamiento ambiental",1,1,,"100,0%",NaN
2832-Universidad de Santander - UDES,8564-ESPECIALIZACION EN GERENCIA DE SERVICIOS DE SALUD,Masculino,2012-1,2019,Dependiente,"Distribución de agua; evacuación y tratamiento de aguas residuales, gestión de desechos y actividades de saneamiento ambiental",1,1,,"100,0%",NaN
2832-Universidad de Santander - UDES,8564-ESPECIALIZACION EN GERENCIA DE SERVICIOS DE SALUD,Masculino,2012-1,2020,Dependiente,"Distribución de agua; evacuación y tratamiento de aguas residuales, gestión de desechos y actividades de saneamiento ambiental",1,1,,"100,0%",NaN
2832-Universidad de Santander - UDES,8564-ESPECIALIZACION EN GERENCIA DE SERVICIOS DE SALUD,Masculino,2012-1,2021,Dependiente,"Distribución de agua; evacuación y tratamiento de aguas residuales, gestión de desechos y actividades de saneamiento ambiental",1,1,,"100,0%",NaN
2832-Universidad de Santander - UDES,8564-ESPECIALIZACION EN GERENCIA DE SERVICIOS DE SALUD,Masculino,2012-1,2022,Dependiente,"Distribución de agua; evacuación y tratamiento de aguas residuales, gestión de desechos y actividades de saneamiento ambiental",1,1,,"100,0%",NaN
2832-Universidad de Santander - UDES,8564-ESPECIALIZACION EN GERENCIA DE SERVICIOS DE SALUD,Masculino,2012-1,2023,No cotizante,SIN DATO,1,0,,"0,0%",NaN
2832-Universidad de Santander - UDES,8250-ESPECIALIZACION EN GERENCIA FINANCIERA,Femenino,2012-1,2017,Dependiente,Administración pública y defensa; planes de seguridad social de afiliación obligatoria,1,1,,"100,0%",NaN
2832-Universidad de Santander - UDES,8250-ESPECIALIZACION EN GERENCIA FINANCIERA,Femenino,2012-1,2018,Dependiente,Administración pública y defensa; planes de seguridad social de afiliación obligatoria,1,1,,"100,0%",NaN
2832-Universidad de Santander - UDES,8250-ESPECIALIZACION EN GERENCIA FINANCIERA,Femenino,2012-1,2019,Dependiente,Administración pública y defensa; planes de seguridad social de afiliación obligatoria,1,1,,"100,0%",NaN
2832-Universidad de Santander - UDES,8250-ESPECIALIZACION EN GERENCIA FINANCIERA,Femenino,2012-1,2020,Dependiente,Administración pública y defensa; planes de seguridad social de afiliación obligatoria,1,1,,"100,0%",NaN
2832-Universidad de Santander - UDES,8250-ESPECIALIZACION EN GERENCIA FINANCIERA,Femenino,2012-1,2021,Dependiente,Administración pública y defensa; planes de seguridad social de afiliación obligatoria,1,1,,"100,0%",NaN
2832-Universidad de Santander - UDES,8250-ESPECIALIZACION EN GERENCIA FINANCIERA,Femenino,2012-1,2022,Dependiente,Administración pública y defensa; planes de seguridad social de afiliación obligatoria,1,1,,"100,0%",NaN
2832-Universidad de Santander - UDES,8250-ESPECIALIZACION EN GERENCIA FINANCIERA,Femenino,2012-1,2023,Dependiente,Administración pública y defensa; planes de seguridad social de afiliación obligatoria,1,1,,"100,0%",NaN
2832-Universidad de Santander - UDES,8250-ESPECIALIZACION EN GERENCIA FINANCIERA,Masculino,2012-1,2017,Dependiente,"Actividades profesionales, científicas y técnicas",1,1,,"100,0%",NaN
2832-Universidad de Santander - UDES,8250-ESPECIALIZACION EN GERENCIA FINANCIERA,Masculino,2012-1,2017,Independiente,Sin información,1,1,,"100,0%",NaN
2832-Universidad de Santander - UDES,8250-ESPECIALIZACION EN GERENCIA FINANCIERA,Masculino,2012-1,2018,Dependiente,"Actividades profesionales, científicas y técnicas",1,1,,"100,0%",NaN
2832-Universidad de Santander - UDES,8250-ESPECIALIZACION EN GERENCIA FINANCIERA,Masculino,2012-1,2018,Independiente,Sin información,1,1,,"100,0%",NaN
2832-Universidad de Santander - UDES,8250-ESPECIALIZACION EN GERENCIA FINANCIERA,Masculino,2012-1,2019,Dependiente,Administración pública y defensa; planes de seguridad social de afiliación obligatoria,1,1,,"100,0%",NaN
2832-Universidad de Santander - UDES,8250-ESPECIALIZACION EN GERENCIA FINANCIERA,Masculino,2012-1,2020,Dependiente,Administración pública y defensa; planes de seguridad social de afiliación obligatoria,1,1,,"100,0%",NaN
2832-Universidad de Santander - UDES,8250-ESPECIALIZACION EN GERENCIA FINANCIERA,Masculino,2012-1,2021,Dependiente,"Actividades profesionales, científicas y técnicas",1,1,,"100,0%",NaN
2832-Universidad de Santander - UDES,8250-ESPECIALIZACION EN GERENCIA FINANCIERA,Masculino,2012-1,2022,Dependiente,Administración pública y defensa; planes de seguridad social de afiliación obligatoria,1,1,,"100,0%",NaN
2832-Universidad de Santander - UDES,8250-ESPECIALIZACION EN GERENCIA FINANCIERA,Masculino,2012-1,2023,Dependiente,Administración pública y defensa; planes de seguridad social de afiliación obligatoria,1,1,,"100,0%",NaN
2832-Universidad de Santander - UDES,8258-ESPECIALIZACION EN GERENCIA PUBLICA,Femenino,2012-1,2017,Dependiente,Administración pública y defensa; planes de seguridad social de afiliación obligatoria,1,1,,"100,0%",NaN
2832-Universidad de Santander - UDES,8258-ESPECIALIZACION EN GERENCIA PUBLICA,Femenino,2012-1,2017,Dependiente,Educación,1,1,,"100,0%",NaN
2832-Universidad de Santander - UDES,8258-ESPECIALIZACION EN GERENCIA PUBLICA,Femenino,2012-1,2018,Dependiente,Administración pública y defensa; planes de seguridad social de afiliación obligatoria,1,1,,"100,0%",NaN
2832-Universidad de Santander - UDES,8258-ESPECIALIZACION EN GERENCIA PUBLICA,Femenino,2012-1,2018,Dependiente,Educación,1,1,,"100,0%",NaN
2832-Universidad de Santander - UDES,8258-ESPECIALIZACION EN GERENCIA PUBLICA,Femenino,2012-1,2019,Dependiente,Administración pública y defensa; planes de seguridad social de afiliación obligatoria,1,1,,"100,0%",NaN
2832-Universidad de Santander - UDES,8258-ESPECIALIZACION EN GERENCIA PUBLICA,Femenino,2012-1,2019,Dependiente,Educación,1,1,,"100,0%",NaN
2832-Universidad de Santander - UDES,8258-ESPECIALIZACION EN GERENCIA PUBLICA,Femenino,2012-1,2020,Dependiente,Educación,1,1,,"100,0%",NaN
2832-Universidad de Santander - UDES,8258-ESPECIALIZACION EN GERENCIA PUBLICA,Femenino,2012-1,2020,Dependiente,Otras actividades de servicios,1,1,,"100,0%",NaN
2832-Universidad de Santander - UDES,8258-ESPECIALIZACION EN GERENCIA PUBLICA,Femenino,2012-1,2021,Dependiente,Administración pública y defensa; planes de seguridad social de afiliación obligatoria,1,1,,"100,0%",NaN
2832-Universidad de Santander - UDES,8258-ESPECIALIZACION EN GERENCIA PUBLICA,Femenino,2012-1,2021,Dependiente,Educación,1,1,,"100,0%",NaN
2832-Universidad de Santander - UDES,8258-ESPECIALIZACION EN GERENCIA PUBLICA,Femenino,2012-1,2022,Dependiente,Administración pública y defensa; planes de seguridad social de afiliación obligatoria,1,1,,"100,0%",NaN
2832-Universidad de Santander - UDES,8258-ESPECIALIZACION EN GERENCIA PUBLICA,Femenino,2012-1,2022,Dependiente,Educación,1,1,,"100,0%",NaN
2832-Universidad de Santander - UDES,8258-ESPECIALIZACION EN GERENCIA PUBLICA,Femenino,2012-1,2023,Dependiente,Actividades de atención de la salud humana y de asistencia social,1,1,,"100,0%",NaN
2832-Universidad de Santander - UDES,8258-ESPECIALIZACION EN GERENCIA PUBLICA,Femenino,2012-1,2023,Dependiente,Administración pública y defensa; planes de seguridad social de afiliación obligatoria,1,1,,"100,0%",NaN
1711-Universidad de la Sabana,53009-ESPECIALIZACION EN PEDAGOGIA E INVESTIGACION EN EL AULA,Femenino,2012-1,2016,Dependiente,Actividades de atención de la salud humana y de asistencia social,2,2,,"100,0%",$2.868.500
1711-Universidad de la Sabana,53009-ESPECIALIZACION EN PEDAGOGIA E INVESTIGACION EN EL AULA,Femenino,2012-1,2016,Dependiente,Administración pública y defensa; planes de seguridad social de afiliación obligatoria,3,3,,"100,0%",$3.146.667
1711-Universidad de la Sabana,53009-ESPECIALIZACION EN PEDAGOGIA E INVESTIGACION EN EL AULA,Femenino,2012-1,2016,Dependiente,Educación,1,1,,"100,0%",$3.389.000
1711-Universidad de la Sabana,53009-ESPECIALIZACION EN PEDAGOGIA E INVESTIGACION EN EL AULA,Femenino,2012-1,2016,Dependiente,Información y comunicaciones,3,3,,"100,0%",$3.415.000
1711-Universidad de la Sabana,53009-ESPECIALIZACION EN PEDAGOGIA E INVESTIGACION EN EL AULA,Femenino,2012-1,2016,Independiente,Información y comunicaciones,1,1,,"100,0%",NaN
1711-Universidad de la Sabana,53009-ESPECIALIZACION EN PEDAGOGIA E INVESTIGACION EN EL AULA,Femenino,2012-1,2016,Independiente,Sin información,1,1,,"100,0%",NaN
1711-Universidad de la Sabana,53009-ESPECIALIZACION EN PEDAGOGIA E INVESTIGACION EN EL AULA,Femenino,2012-1,2017,Dependiente,Actividades de organizaciones y entidades extraterritoriales,1,1,,"100,0%",NaN
1711-Universidad de la Sabana,53009-ESPECIALIZACION EN PEDAGOGIA E INVESTIGACION EN EL AULA,Femenino,2012-1,2017,Dependiente,Administración pública y defensa; planes de seguridad social de afiliación obligatoria,2,2,,"100,0%",NaN
1711-Universidad de la Sabana,53009-ESPECIALIZACION EN PEDAGOGIA E INVESTIGACION EN EL AULA,Femenino,2012-1,2017,Dependiente,Educación,4,4,,"100,0%",NaN
1711-Universidad de la Sabana,53009-ESPECIALIZACION EN PEDAGOGIA E INVESTIGACION EN EL AULA,Femenino,2012-1,2017,Dependiente,Otras actividades de servicios,1,1,,"100,0%",NaN
1711-Universidad de la Sabana,53009-ESPECIALIZACION EN PEDAGOGIA E INVESTIGACION EN EL AULA,Femenino,2012-1,2017,Independiente,Información y comunicaciones,1,1,,"100,0%",NaN
1711-Universidad de la Sabana,53009-ESPECIALIZACION EN PEDAGOGIA E INVESTIGACION EN EL AULA,Femenino,2012-1,2017,Independiente,Sin información,1,1,,"100,0%",NaN
1711-Universidad de la Sabana,53009-ESPECIALIZACION EN PEDAGOGIA E INVESTIGACION EN EL AULA,Femenino,2012-1,2018,Dependiente,Actividades de organizaciones y entidades extraterritoriales,1,1,,"100,0%",NaN
1711-Universidad de la Sabana,53009-ESPECIALIZACION EN PEDAGOGIA E INVESTIGACION EN EL AULA,Femenino,2012-1,2018,Dependiente,Administración pública y defensa; planes de seguridad social de afiliación obligatoria,2,2,,"100,0%",NaN
1711-Universidad de la Sabana,53009-ESPECIALIZACION EN PEDAGOGIA E INVESTIGACION EN EL AULA,Femenino,2012-1,2018,Dependiente,Educación,4,4,,"100,0%",NaN
1711-Universidad de la Sabana,53009-ESPECIALIZACION EN PEDAGOGIA E INVESTIGACION EN EL AULA,Femenino,2012-1,2018,Dependiente,Otras actividades de servicios,1,1,,"100,0%",NaN
1711-Universidad de la Sabana,53009-ESPECIALIZACION EN PEDAGOGIA E INVESTIGACION EN EL AULA,Femenino,2012-1,2018,Independiente,Información y comunicaciones,1,1,,"100,0%",NaN
1711-Universidad de la Sabana,53009-ESPECIALIZACION EN PEDAGOGIA E INVESTIGACION EN EL AULA,Femenino,2012-1,2018,Independiente,Sin información,1,1,,"100,0%",NaN
1711-Universidad de la Sabana,53009-ESPECIALIZACION EN PEDAGOGIA E INVESTIGACION EN EL AULA,Femenino,2012-1,2019,Dependiente,Actividades de servicios administrativos y de apoyo,1,1,,"100,0%",NaN
1711-Universidad de la Sabana,53009-ESPECIALIZACION EN PEDAGOGIA E INVESTIGACION EN EL AULA,Femenino,2012-1,2019,Dependiente,Administración pública y defensa; planes de seguridad social de afiliación obligatoria,2,2,,"100,0%",NaN
1711-Universidad de la Sabana,53009-ESPECIALIZACION EN PEDAGOGIA E INVESTIGACION EN EL AULA,Femenino,2012-1,2019,Dependiente,Educación,3,3,,"100,0%",NaN
1711-Universidad de la Sabana,53009-ESPECIALIZACION EN PEDAGOGIA E INVESTIGACION EN EL AULA,Femenino,2012-1,2019,Dependiente,Otras actividades de servicios,1,1,,"100,0%",NaN
1711-Universidad de la Sabana,53009-ESPECIALIZACION EN PEDAGOGIA E INVESTIGACION EN EL AULA,Femenino,2012-1,2019,No cotizante,Sin información,2,0,,"0,0%",NaN
1711-Universidad de la Sabana,53009-ESPECIALIZACION EN PEDAGOGIA E INVESTIGACION EN EL AULA,Femenino,2012-1,2020,Dependiente,Administración pública y defensa; planes de seguridad social de afiliación obligatoria,1,1,,"100,0%",NaN
1711-Universidad de la Sabana,53009-ESPECIALIZACION EN PEDAGOGIA E INVESTIGACION EN EL AULA,Femenino,2012-1,2020,Dependiente,Educación,3,3,,"100,0%",NaN
1711-Universidad de la Sabana,53009-ESPECIALIZACION EN PEDAGOGIA E INVESTIGACION EN EL AULA,Femenino,2012-1,2020,Dependiente,Otras actividades de servicios,2,2,,"100,0%",NaN
1711-Universidad de la Sabana,53009-ESPECIALIZACION EN PEDAGOGIA E INVESTIGACION EN EL AULA,Femenino,2012-1,2020,No cotizante,Sin información,2,0,,"0,0%",NaN
1711-Universidad de la Sabana,53009-ESPECIALIZACION EN PEDAGOGIA E INVESTIGACION EN EL AULA,Femenino,2012-1,2021,Dependiente,Educación,3,3,,"100,0%",NaN
1711-Universidad de la Sabana,53009-ESPECIALIZACION EN PEDAGOGIA E INVESTIGACION EN EL AULA,Femenino,2012-1,2021,Dependiente,Otras actividades de servicios,1,1,,"100,0%",NaN
1711-Universidad de la Sabana,53009-ESPECIALIZACION EN PEDAGOGIA E INVESTIGACION EN EL AULA,Femenino,2012-1,2021,No cotizante,Sin información,2,0,,"0,0%",NaN
1711-Universidad de la Sabana,53009-ESPECIALIZACION EN PEDAGOGIA E INVESTIGACION EN EL AULA,Femenino,2012-1,2022,Dependiente,Educación,3,3,,"100,0%",NaN
1711-Universidad de la Sabana,53009-ESPECIALIZACION EN PEDAGOGIA E INVESTIGACION EN EL AULA,Femenino,2012-1,2022,Dependiente,Otras actividades de servicios,1,1,,"100,0%",NaN
1711-Universidad de la Sabana,53009-ESPECIALIZACION EN PEDAGOGIA E INVESTIGACION EN EL AULA,Femenino,2012-1,2022,No cotizante,SIN DATO,2,0,,"0,0%",NaN
1711-Universidad de la Sabana,53009-ESPECIALIZACION EN PEDAGOGIA E INVESTIGACION EN EL AULA,Femenino,2012-1,2023,Dependiente,Educación,3,3,,"100,0%",NaN
1711-Universidad de la Sabana,53009-ESPECIALIZACION EN PEDAGOGIA E INVESTIGACION EN EL AULA,Femenino,2012-1,2023,Dependiente,Otras actividades de servicios,1,1,,"100,0%",NaN
1711-Universidad de la Sabana,53009-ESPECIALIZACION EN PEDAGOGIA E INVESTIGACION EN EL AULA,Femenino,2012-1,2023,No cotizante,SIN DATO,2,0,,"0,0%",NaN
1208-Universidad del Quindío,"104516-CIENCIA DE LA INFORMACION Y LA DOCUMENTACION, BIBLIOTECOLOGIA Y ARCHIVISTICA",Femenino,2012-1,2017,Dependiente,Actividades financieras y de seguros,1,1,,"100,0%",NaN
1208-Universidad del Quindío,"104516-CIENCIA DE LA INFORMACION Y LA DOCUMENTACION, BIBLIOTECOLOGIA Y ARCHIVISTICA",Femenino,2012-1,2017,Dependiente,"Actividades profesionales, científicas y técnicas",1,1,,"100,0%",NaN
1208-Universidad del Quindío,"104516-CIENCIA DE LA INFORMACION Y LA DOCUMENTACION, BIBLIOTECOLOGIA Y ARCHIVISTICA",Femenino,2012-1,2017,Dependiente,Educación,2,2,,"100,0%",NaN
1208-Universidad del Quindío,"104516-CIENCIA DE LA INFORMACION Y LA DOCUMENTACION, BIBLIOTECOLOGIA Y ARCHIVISTICA",Femenino,2012-1,2017,Dependiente,Sin información,1,1,,"100,0%",NaN
1208-Universidad del Quindío,"104516-CIENCIA DE LA INFORMACION Y LA DOCUMENTACION, BIBLIOTECOLOGIA Y ARCHIVISTICA",Femenino,2012-1,2017,No cotizante,Sin información,1,0,,"0,0%",NaN
1208-Universidad del Quindío,"104516-CIENCIA DE LA INFORMACION Y LA DOCUMENTACION, BIBLIOTECOLOGIA Y ARCHIVISTICA",Femenino,2012-1,2018,Dependiente,Actividades financieras y de seguros,1,1,,"100,0%",NaN
1208-Universidad del Quindío,"104516-CIENCIA DE LA INFORMACION Y LA DOCUMENTACION, BIBLIOTECOLOGIA Y ARCHIVISTICA",Femenino,2012-1,2018,Dependiente,"Actividades profesionales, científicas y técnicas",1,1,,"100,0%",NaN
1208-Universidad del Quindío,"104516-CIENCIA DE LA INFORMACION Y LA DOCUMENTACION, BIBLIOTECOLOGIA Y ARCHIVISTICA",Femenino,2012-1,2018,Dependiente,Educación,1,1,,"100,0%",NaN
1208-Universidad del Quindío,"104516-CIENCIA DE LA INFORMACION Y LA DOCUMENTACION, BIBLIOTECOLOGIA Y ARCHIVISTICA",Femenino,2012-1,2018,Dependiente,Sin información,1,1,,"100,0%",NaN
1208-Universidad del Quindío,"104516-CIENCIA DE LA INFORMACION Y LA DOCUMENTACION, BIBLIOTECOLOGIA Y ARCHIVISTICA",Femenino,2012-1,2018,Independiente,Sin información,1,1,,"100,0%",NaN
1208-Universidad del Quindío,"104516-CIENCIA DE LA INFORMACION Y LA DOCUMENTACION, BIBLIOTECOLOGIA Y ARCHIVISTICA",Femenino,2012-1,2018,No cotizante,Sin información,1,0,,"0,0%",NaN
1208-Universidad del Quindío,"104516-CIENCIA DE LA INFORMACION Y LA DOCUMENTACION, BIBLIOTECOLOGIA Y ARCHIVISTICA",Femenino,2012-1,2019,Dependiente,Actividades de servicios administrativos y de apoyo,1,1,,"100,0%",NaN
1208-Universidad del Quindío,"104516-CIENCIA DE LA INFORMACION Y LA DOCUMENTACION, BIBLIOTECOLOGIA Y ARCHIVISTICA",Femenino,2012-1,2019,Dependiente,Actividades financieras y de seguros,1,1,,"100,0%",NaN
1208-Universidad del Quindío,"104516-CIENCIA DE LA INFORMACION Y LA DOCUMENTACION, BIBLIOTECOLOGIA Y ARCHIVISTICA",Femenino,2012-1,2019,Dependiente,"Actividades profesionales, científicas y técnicas",1,1,,"100,0%",NaN
1208-Universidad del Quindío,"104516-CIENCIA DE LA INFORMACION Y LA DOCUMENTACION, BIBLIOTECOLOGIA Y ARCHIVISTICA",Femenino,2012-1,2019,Independiente,Administración pública y defensa; planes de seguridad social de afiliación obligatoria,1,1,,"100,0%",NaN
1208-Universidad del Quindío,"104516-CIENCIA DE LA INFORMACION Y LA DOCUMENTACION, BIBLIOTECOLOGIA Y ARCHIVISTICA",Femenino,2012-1,2019,No cotizante,Sin información,1,0,,"0,0%",NaN
1208-Universidad del Quindío,"104516-CIENCIA DE LA INFORMACION Y LA DOCUMENTACION, BIBLIOTECOLOGIA Y ARCHIVISTICA",Femenino,2012-1,2020,Dependiente,Actividades financieras y de seguros,1,1,,"100,0%",NaN
1208-Universidad del Quindío,"104516-CIENCIA DE LA INFORMACION Y LA DOCUMENTACION, BIBLIOTECOLOGIA Y ARCHIVISTICA",Femenino,2012-1,2020,Dependiente,"Actividades profesionales, científicas y técnicas",2,2,,"100,0%",NaN
1208-Universidad del Quindío,"104516-CIENCIA DE LA INFORMACION Y LA DOCUMENTACION, BIBLIOTECOLOGIA Y ARCHIVISTICA",Femenino,2012-1,2020,Independiente,Administración pública y defensa; planes de seguridad social de afiliación obligatoria,1,1,,"100,0%",NaN
1208-Universidad del Quindío,"104516-CIENCIA DE LA INFORMACION Y LA DOCUMENTACION, BIBLIOTECOLOGIA Y ARCHIVISTICA",Femenino,2012-1,2020,No cotizante,Sin información,1,0,,"0,0%",NaN
1208-Universidad del Quindío,"104516-CIENCIA DE LA INFORMACION Y LA DOCUMENTACION, BIBLIOTECOLOGIA Y ARCHIVISTICA",Femenino,2012-1,2021,Dependiente,Actividades de servicios administrativos y de apoyo,2,2,,"100,0%",NaN
1208-Universidad del Quindío,"104516-CIENCIA DE LA INFORMACION Y LA DOCUMENTACION, BIBLIOTECOLOGIA Y ARCHIVISTICA",Femenino,2012-1,2021,Dependiente,"Actividades profesionales, científicas y técnicas",1,1,,"100,0%",NaN
1208-Universidad del Quindío,"104516-CIENCIA DE LA INFORMACION Y LA DOCUMENTACION, BIBLIOTECOLOGIA Y ARCHIVISTICA",Femenino,2012-1,2021,No cotizante,Sin información,2,0,,"0,0%",NaN
1208-Universidad del Quindío,"104516-CIENCIA DE LA INFORMACION Y LA DOCUMENTACION, BIBLIOTECOLOGIA Y ARCHIVISTICA",Femenino,2012-1,2022,Dependiente,"Actividades profesionales, científicas y técnicas",1,1,,"100,0%",NaN
1208-Universidad del Quindío,"104516-CIENCIA DE LA INFORMACION Y LA DOCUMENTACION, BIBLIOTECOLOGIA Y ARCHIVISTICA",Femenino,2012-1,2022,Dependiente,Educación,1,1,,"100,0%",NaN
1208-Universidad del Quindío,"104516-CIENCIA DE LA INFORMACION Y LA DOCUMENTACION, BIBLIOTECOLOGIA Y ARCHIVISTICA",Femenino,2012-1,2022,Dependiente,Información y comunicaciones,1,1,,"100,0%",NaN
1208-Universidad del Quindío,"104516-CIENCIA DE LA INFORMACION Y LA DOCUMENTACION, BIBLIOTECOLOGIA Y ARCHIVISTICA",Femenino,2012-1,2022,Independiente,Administración pública y defensa; planes de seguridad social de afiliación obligatoria,1,1,,"100,0%",NaN
1208-Universidad del Quindío,"104516-CIENCIA DE LA INFORMACION Y LA DOCUMENTACION, BIBLIOTECOLOGIA Y ARCHIVISTICA",Femenino,2012-1,2022,No cotizante,SIN DATO,1,0,,"0,0%",NaN
1208-Universidad del Quindío,"104516-CIENCIA DE LA INFORMACION Y LA DOCUMENTACION, BIBLIOTECOLOGIA Y ARCHIVISTICA",Femenino,2012-1,2023,Dependiente,Educación,1,1,,"100,0%",NaN
1208-Universidad del Quindío,"104516-CIENCIA DE LA INFORMACION Y LA DOCUMENTACION, BIBLIOTECOLOGIA Y ARCHIVISTICA",Femenino,2012-1,2023,Dependiente,Información y comunicaciones,1,1,,"100,0%",NaN
1208-Universidad del Quindío,"104516-CIENCIA DE LA INFORMACION Y LA DOCUMENTACION, BIBLIOTECOLOGIA Y ARCHIVISTICA",Femenino,2012-1,2023,Dependiente,Otras actividades de servicios,1,1,,"100,0%",NaN
1208-Universidad del Quindío,"104516-CIENCIA DE LA INFORMACION Y LA DOCUMENTACION, BIBLIOTECOLOGIA Y ARCHIVISTICA",Femenino,2012-1,2023,Independiente,Administración pública y defensa; planes de seguridad social de afiliación obligatoria,1,1,,"100,0%",NaN
1208-Universidad del Quindío,"104516-CIENCIA DE LA INFORMACION Y LA DOCUMENTACION, BIBLIOTECOLOGIA Y ARCHIVISTICA",Femenino,2012-1,2023,No cotizante,SIN DATO,1,0,,"0,0%",NaN
1208-Universidad del Quindío,"104516-CIENCIA DE LA INFORMACION Y LA DOCUMENTACION, BIBLIOTECOLOGIA Y ARCHIVISTICA",Masculino,2012-1,2017,Dependiente,Educación,2,2,,"100,0%",NaN
1208-Universidad del Quindío,"104516-CIENCIA DE LA INFORMACION Y LA DOCUMENTACION, BIBLIOTECOLOGIA Y ARCHIVISTICA",Masculino,2012-1,2017,Dependiente,Sin información,1,1,,"100,0%",NaN
1208-Universidad del Quindío,"104516-CIENCIA DE LA INFORMACION Y LA DOCUMENTACION, BIBLIOTECOLOGIA Y ARCHIVISTICA",Masculino,2012-1,2018,Dependiente,Educación,2,2,,"100,0%",NaN
1208-Universidad del Quindío,"104516-CIENCIA DE LA INFORMACION Y LA DOCUMENTACION, BIBLIOTECOLOGIA Y ARCHIVISTICA",Masculino,2012-1,2018,Dependiente,Sin información,1,1,,"100,0%",NaN
1208-Universidad del Quindío,"104516-CIENCIA DE LA INFORMACION Y LA DOCUMENTACION, BIBLIOTECOLOGIA Y ARCHIVISTICA",Masculino,2012-1,2019,Dependiente,Educación,3,3,,"100,0%",NaN
1208-Universidad del Quindío,"104516-CIENCIA DE LA INFORMACION Y LA DOCUMENTACION, BIBLIOTECOLOGIA Y ARCHIVISTICA",Masculino,2012-1,2020,Dependiente,Educación,3,3,,"100,0%",NaN
1208-Universidad del Quindío,"104516-CIENCIA DE LA INFORMACION Y LA DOCUMENTACION, BIBLIOTECOLOGIA Y ARCHIVISTICA",Masculino,2012-1,2021,Dependiente,"Actividades profesionales, científicas y técnicas",1,1,,"100,0%",NaN
1208-Universidad del Quindío,"104516-CIENCIA DE LA INFORMACION Y LA DOCUMENTACION, BIBLIOTECOLOGIA Y ARCHIVISTICA",Masculino,2012-1,2021,Dependiente,Educación,1,1,,"100,0%",NaN
1208-Universidad del Quindío,"104516-CIENCIA DE LA INFORMACION Y LA DOCUMENTACION, BIBLIOTECOLOGIA Y ARCHIVISTICA",Masculino,2012-1,2021,No cotizante,Sin información,1,0,,"0,0%",NaN
1208-Universidad del Quindío,"104516-CIENCIA DE LA INFORMACION Y LA DOCUMENTACION, BIBLIOTECOLOGIA Y ARCHIVISTICA",Masculino,2012-1,2022,Dependiente,Educación,2,2,,"100,0%",NaN
1208-Universidad del Quindío,"104516-CIENCIA DE LA INFORMACION Y LA DOCUMENTACION, BIBLIOTECOLOGIA Y ARCHIVISTICA",Masculino,2012-1,2022,No cotizante,SIN DATO,1,0,,"0,0%",NaN
1208-Universidad del Quindío,"104516-CIENCIA DE LA INFORMACION Y LA DOCUMENTACION, BIBLIOTECOLOGIA Y ARCHIVISTICA",Masculino,2012-1,2023,Dependiente,Educación,2,2,,"100,0%",NaN
1208-Universidad del Quindío,"104516-CIENCIA DE LA INFORMACION Y LA DOCUMENTACION, BIBLIOTECOLOGIA Y ARCHIVISTICA",Masculino,2012-1,2023,No cotizante,SIN DATO,1,0,,"0,0%",NaN
1208-Universidad del Quindío,833-CIENCIAS DE LA INFORMACION Y LA DOCUMENTACION,Femenino,2012-1,2016,Dependiente,Actividades de servicios administrativos y de apoyo,1,1,,"100,0%",$3.558.000
1208-Universidad del Quindío,833-CIENCIAS DE LA INFORMACION Y LA DOCUMENTACION,Femenino,2012-1,2016,Dependiente,"Actividades profesionales, científicas y técnicas",1,1,,"100,0%",$2.303.000
1208-Universidad del Quindío,833-CIENCIAS DE LA INFORMACION Y LA DOCUMENTACION,Femenino,2012-1,2016,Dependiente,Administración pública y defensa; planes de seguridad social de afiliación obligatoria,1,1,,"100,0%",$1.228.000
1208-Universidad del Quindío,833-CIENCIAS DE LA INFORMACION Y LA DOCUMENTACION,Femenino,2012-1,2016,Dependiente,"Agricultura, ganadería, caza, silvicultura y pesca",1,1,,"100,0%",$1.628.000
1208-Universidad del Quindío,833-CIENCIAS DE LA INFORMACION Y LA DOCUMENTACION,Femenino,2012-1,2016,Dependiente,Educación,3,3,,"100,0%",$1.617.000
1208-Universidad del Quindío,833-CIENCIAS DE LA INFORMACION Y LA DOCUMENTACION,Femenino,2012-1,2016,Dependiente,Sin información,2,2,,"100,0%",$2.239.000
1208-Universidad del Quindío,833-CIENCIAS DE LA INFORMACION Y LA DOCUMENTACION,Femenino,2012-1,2016,Dependiente,Transporte y almacenamiento,1,1,,"100,0%",$3.392.000
1208-Universidad del Quindío,833-CIENCIAS DE LA INFORMACION Y LA DOCUMENTACION,Femenino,2012-1,2016,Independiente,Sin información,1,1,,"100,0%",NaN
1208-Universidad del Quindío,833-CIENCIAS DE LA INFORMACION Y LA DOCUMENTACION,Femenino,2012-1,2016,No cotizante,Sin información,1,0,,"0,0%",NaN
1208-Universidad del Quindío,833-CIENCIAS DE LA INFORMACION Y LA DOCUMENTACION,Femenino,2012-1,2017,Dependiente,Actividades financieras y de seguros,1,1,,"100,0%",NaN
1208-Universidad del Quindío,833-CIENCIAS DE LA INFORMACION Y LA DOCUMENTACION,Femenino,2012-1,2017,Dependiente,"Actividades profesionales, científicas y técnicas",2,2,,"100,0%",NaN
1208-Universidad del Quindío,833-CIENCIAS DE LA INFORMACION Y LA DOCUMENTACION,Femenino,2012-1,2017,Dependiente,Educación,6,6,,"100,0%",NaN
1208-Universidad del Quindío,833-CIENCIAS DE LA INFORMACION Y LA DOCUMENTACION,Femenino,2012-1,2017,Dependiente,Sin información,1,1,,"100,0%",NaN
1208-Universidad del Quindío,833-CIENCIAS DE LA INFORMACION Y LA DOCUMENTACION,Femenino,2012-1,2017,No cotizante,Sin información,1,0,,"0,0%",NaN
1208-Universidad del Quindío,833-CIENCIAS DE LA INFORMACION Y LA DOCUMENTACION,Femenino,2012-1,2018,Dependiente,Actividades financieras y de seguros,1,1,,"100,0%",NaN
1208-Universidad del Quindío,833-CIENCIAS DE LA INFORMACION Y LA DOCUMENTACION,Femenino,2012-1,2018,Dependiente,"Actividades profesionales, científicas y técnicas",2,2,,"100,0%",NaN
1208-Universidad del Quindío,833-CIENCIAS DE LA INFORMACION Y LA DOCUMENTACION,Femenino,2012-1,2018,Dependiente,Educación,5,5,,"100,0%",NaN
1208-Universidad del Quindío,833-CIENCIAS DE LA INFORMACION Y LA DOCUMENTACION,Femenino,2012-1,2018,Dependiente,Sin información,1,1,,"100,0%",NaN
1208-Universidad del Quindío,833-CIENCIAS DE LA INFORMACION Y LA DOCUMENTACION,Femenino,2012-1,2018,Independiente,Sin información,1,1,,"100,0%",NaN
1208-Universidad del Quindío,833-CIENCIAS DE LA INFORMACION Y LA DOCUMENTACION,Femenino,2012-1,2018,No cotizante,Sin información,1,0,,"0,0%",NaN
1208-Universidad del Quindío,833-CIENCIAS DE LA INFORMACION Y LA DOCUMENTACION,Femenino,2012-1,2019,Dependiente,Actividades de servicios administrativos y de apoyo,1,1,,"100,0%",NaN
1208-Universidad del Quindío,833-CIENCIAS DE LA INFORMACION Y LA DOCUMENTACION,Femenino,2012-1,2019,Dependiente,Actividades financieras y de seguros,1,1,,"100,0%",NaN
1208-Universidad del Quindío,833-CIENCIAS DE LA INFORMACION Y LA DOCUMENTACION,Femenino,2012-1,2019,Dependiente,"Actividades profesionales, científicas y técnicas",2,2,,"100,0%",NaN
1208-Universidad del Quindío,833-CIENCIAS DE LA INFORMACION Y LA DOCUMENTACION,Femenino,2012-1,2019,Dependiente,Administración pública y defensa; planes de seguridad social de afiliación obligatoria,1,1,,"100,0%",NaN
1208-Universidad del Quindío,833-CIENCIAS DE LA INFORMACION Y LA DOCUMENTACION,Femenino,2012-1,2019,Dependiente,Educación,3,3,,"100,0%",NaN
1208-Universidad del Quindío,833-CIENCIAS DE LA INFORMACION Y LA DOCUMENTACION,Femenino,2012-1,2019,Independiente,Administración pública y defensa; planes de seguridad social de afiliación obligatoria,1,1,,"100,0%",NaN
1208-Universidad del Quindío,833-CIENCIAS DE LA INFORMACION Y LA DOCUMENTACION,Femenino,2012-1,2019,No cotizante,Sin información,1,0,,"0,0%",NaN
1208-Universidad del Quindío,833-CIENCIAS DE LA INFORMACION Y LA DOCUMENTACION,Femenino,2012-1,2020,Dependiente,Actividades financieras y de seguros,1,1,,"100,0%",NaN
1208-Universidad del Quindío,833-CIENCIAS DE LA INFORMACION Y LA DOCUMENTACION,Femenino,2012-1,2020,Dependiente,"Actividades profesionales, científicas y técnicas",3,3,,"100,0%",NaN
1208-Universidad del Quindío,833-CIENCIAS DE LA INFORMACION Y LA DOCUMENTACION,Femenino,2012-1,2020,Dependiente,Administración pública y defensa; planes de seguridad social de afiliación obligatoria,1,1,,"100,0%",NaN
1208-Universidad del Quindío,833-CIENCIAS DE LA INFORMACION Y LA DOCUMENTACION,Femenino,2012-1,2020,Dependiente,Educación,2,2,,"100,0%",NaN
1208-Universidad del Quindío,833-CIENCIAS DE LA INFORMACION Y LA DOCUMENTACION,Femenino,2012-1,2020,Independiente,Actividades de servicios administrativos y de apoyo,1,1,,"100,0%",NaN
1208-Universidad del Quindío,833-CIENCIAS DE LA INFORMACION Y LA DOCUMENTACION,Femenino,2012-1,2020,Independiente,Administración pública y defensa; planes de seguridad social de afiliación obligatoria,1,1,,"100,0%",NaN
1208-Universidad del Quindío,833-CIENCIAS DE LA INFORMACION Y LA DOCUMENTACION,Femenino,2012-1,2020,No cotizante,Sin información,1,0,,"0,0%",NaN
1208-Universidad del Quindío,833-CIENCIAS DE LA INFORMACION Y LA DOCUMENTACION,Femenino,2012-1,2021,Dependiente,Actividades de servicios administrativos y de apoyo,2,2,,"100,0%",NaN
1208-Universidad del Quindío,833-CIENCIAS DE LA INFORMACION Y LA DOCUMENTACION,Femenino,2012-1,2021,Dependiente,"Actividades profesionales, científicas y técnicas",2,2,,"100,0%",NaN
1208-Universidad del Quindío,833-CIENCIAS DE LA INFORMACION Y LA DOCUMENTACION,Femenino,2012-1,2021,Dependiente,Administración pública y defensa; planes de seguridad social de afiliación obligatoria,1,1,,"100,0%",NaN
1208-Universidad del Quindío,833-CIENCIAS DE LA INFORMACION Y LA DOCUMENTACION,Femenino,2012-1,2021,Dependiente,Educación,2,2,,"100,0%",NaN
1208-Universidad del Quindío,833-CIENCIAS DE LA INFORMACION Y LA DOCUMENTACION,Femenino,2012-1,2021,Independiente,Actividades de servicios administrativos y de apoyo,1,1,,"100,0%",NaN
1208-Universidad del Quindío,833-CIENCIAS DE LA INFORMACION Y LA DOCUMENTACION,Femenino,2012-1,2021,No cotizante,Sin información,2,0,,"0,0%",NaN
1208-Universidad del Quindío,833-CIENCIAS DE LA INFORMACION Y LA DOCUMENTACION,Femenino,2012-1,2022,Dependiente,"Actividades profesionales, científicas y técnicas",2,2,,"100,0%",NaN
1208-Universidad del Quindío,833-CIENCIAS DE LA INFORMACION Y LA DOCUMENTACION,Femenino,2012-1,2022,Dependiente,Administración pública y defensa; planes de seguridad social de afiliación obligatoria,1,1,,"100,0%",NaN
1208-Universidad del Quindío,833-CIENCIAS DE LA INFORMACION Y LA DOCUMENTACION,Femenino,2012-1,2022,Dependiente,Educación,3,3,,"100,0%",NaN
1208-Universidad del Quindío,833-CIENCIAS DE LA INFORMACION Y LA DOCUMENTACION,Femenino,2012-1,2022,Dependiente,Información y comunicaciones,1,1,,"100,0%",NaN
1208-Universidad del Quindío,833-CIENCIAS DE LA INFORMACION Y LA DOCUMENTACION,Femenino,2012-1,2022,Independiente,"Actividades profesionales, científicas y técnicas",1,1,,"100,0%",NaN
1208-Universidad del Quindío,833-CIENCIAS DE LA INFORMACION Y LA DOCUMENTACION,Femenino,2012-1,2022,Independiente,Administración pública y defensa; planes de seguridad social de afiliación obligatoria,1,1,,"100,0%",NaN
1208-Universidad del Quindío,833-CIENCIAS DE LA INFORMACION Y LA DOCUMENTACION,Femenino,2012-1,2022,No cotizante,SIN DATO,1,0,,"0,0%",NaN
1208-Universidad del Quindío,833-CIENCIAS DE LA INFORMACION Y LA DOCUMENTACION,Femenino,2012-1,2023,Dependiente,"Actividades profesionales, científicas y técnicas",1,1,,"100,0%",NaN
1208-Universidad del Quindío,833-CIENCIAS DE LA INFORMACION Y LA DOCUMENTACION,Femenino,2012-1,2023,Dependiente,Administración pública y defensa; planes de seguridad social de afiliación obligatoria,1,1,,"100,0%",NaN
1208-Universidad del Quindío,833-CIENCIAS DE LA INFORMACION Y LA DOCUMENTACION,Femenino,2012-1,2023,Dependiente,Educación,3,3,,"100,0%",NaN
1208-Universidad del Quindío,833-CIENCIAS DE LA INFORMACION Y LA DOCUMENTACION,Femenino,2012-1,2023,Dependiente,Información y comunicaciones,1,1,,"100,0%",NaN
1208-Universidad del Quindío,833-CIENCIAS DE LA INFORMACION Y LA DOCUMENTACION,Femenino,2012-1,2023,Dependiente,Otras actividades de servicios,1,1,,"100,0%",NaN
1208-Universidad del Quindío,833-CIENCIAS DE LA INFORMACION Y LA DOCUMENTACION,Femenino,2012-1,2023,Independiente,"Actividades profesionales, científicas y técnicas",1,1,,"100,0%",NaN
1208-Universidad del Quindío,833-CIENCIAS DE LA INFORMACION Y LA DOCUMENTACION,Femenino,2012-1,2023,Independiente,Administración pública y defensa; planes de seguridad social de afiliación obligatoria,1,1,,"100,0%",NaN
1208-Universidad del Quindío,833-CIENCIAS DE LA INFORMACION Y LA DOCUMENTACION,Femenino,2012-1,2023,No cotizante,SIN DATO,1,0,,"0,0%",NaN
1208-Universidad del Quindío,833-CIENCIAS DE LA INFORMACION Y LA DOCUMENTACION,Masculino,2012-1,2016,Dependiente,Comercio al por mayor y al por menor; reparación de vehículos automotores y motocicletas,1,1,,"100,0%",$2.642.000
1208-Universidad del Quindío,833-CIENCIAS DE LA INFORMACION Y LA DOCUMENTACION,Masculino,2012-1,2016,Dependiente,Educación,8,8,,"100,0%",$2.387.375
1208-Universidad del Quindío,833-CIENCIAS DE LA INFORMACION Y LA DOCUMENTACION,Masculino,2012-1,2017,Dependiente,Educación,6,6,,"100,0%",NaN
1208-Universidad del Quindío,833-CIENCIAS DE LA INFORMACION Y LA DOCUMENTACION,Masculino,2012-1,2017,Dependiente,Sin información,2,2,,"100,0%",NaN
1208-Universidad del Quindío,833-CIENCIAS DE LA INFORMACION Y LA DOCUMENTACION,Masculino,2012-1,2018,Dependiente,Educación,6,6,,"100,0%",NaN
1208-Universidad del Quindío,833-CIENCIAS DE LA INFORMACION Y LA DOCUMENTACION,Masculino,2012-1,2018,Dependiente,Sin información,2,2,,"100,0%",NaN
1208-Universidad del Quindío,833-CIENCIAS DE LA INFORMACION Y LA DOCUMENTACION,Masculino,2012-1,2019,Dependiente,"Actividades profesionales, científicas y técnicas",1,1,,"100,0%",NaN
1208-Universidad del Quindío,833-CIENCIAS DE LA INFORMACION Y LA DOCUMENTACION,Masculino,2012-1,2019,Dependiente,Educación,7,7,,"100,0%",NaN
1208-Universidad del Quindío,833-CIENCIAS DE LA INFORMACION Y LA DOCUMENTACION,Masculino,2012-1,2020,Dependiente,"Actividades profesionales, científicas y técnicas",1,1,,"100,0%",NaN
1208-Universidad del Quindío,833-CIENCIAS DE LA INFORMACION Y LA DOCUMENTACION,Masculino,2012-1,2020,Dependiente,Educación,7,7,,"100,0%",NaN
1208-Universidad del Quindío,833-CIENCIAS DE LA INFORMACION Y LA DOCUMENTACION,Masculino,2012-1,2021,Dependiente,"Actividades profesionales, científicas y técnicas",2,2,,"100,0%",NaN
1208-Universidad del Quindío,833-CIENCIAS DE LA INFORMACION Y LA DOCUMENTACION,Masculino,2012-1,2021,Dependiente,Educación,4,4,,"100,0%",NaN
1208-Universidad del Quindío,833-CIENCIAS DE LA INFORMACION Y LA DOCUMENTACION,Masculino,2012-1,2021,No cotizante,Sin información,1,0,,"0,0%",NaN
1208-Universidad del Quindío,833-CIENCIAS DE LA INFORMACION Y LA DOCUMENTACION,Masculino,2012-1,2022,Dependiente,"Actividades profesionales, científicas y técnicas",1,1,,"100,0%",NaN
1208-Universidad del Quindío,833-CIENCIAS DE LA INFORMACION Y LA DOCUMENTACION,Masculino,2012-1,2022,Dependiente,Educación,5,5,,"100,0%",NaN
1208-Universidad del Quindío,833-CIENCIAS DE LA INFORMACION Y LA DOCUMENTACION,Masculino,2012-1,2022,No cotizante,SIN DATO,1,0,,"0,0%",NaN
1208-Universidad del Quindío,833-CIENCIAS DE LA INFORMACION Y LA DOCUMENTACION,Masculino,2012-1,2023,Dependiente,"Actividades profesionales, científicas y técnicas",1,1,,"100,0%",NaN
1208-Universidad del Quindío,833-CIENCIAS DE LA INFORMACION Y LA DOCUMENTACION,Masculino,2012-1,2023,Dependiente,Educación,5,5,,"100,0%",NaN
1208-Universidad del Quindío,833-CIENCIAS DE LA INFORMACION Y LA DOCUMENTACION,Masculino,2012-1,2023,No cotizante,SIN DATO,1,0,,"0,0%",NaN
1208-Universidad del Quindío,53662-TECNICO PROFESIONAL EN SERVICIOS DE RECEPCION Y ALOJAMIENTO Y ALIMENTOS Y BEBIDAS,Femenino,2012-1,2016,No cotizante,Sin información,1,0,,"0,0%",NaN
1208-Universidad del Quindío,53662-TECNICO PROFESIONAL EN SERVICIOS DE RECEPCION Y ALOJAMIENTO Y ALIMENTOS Y BEBIDAS,Femenino,2012-1,2017,No cotizante,Sin información,1,0,,"0,0%",NaN
1208-Universidad del Quindío,53662-TECNICO PROFESIONAL EN SERVICIOS DE RECEPCION Y ALOJAMIENTO Y ALIMENTOS Y BEBIDAS,Femenino,2012-1,2018,No cotizante,Sin información,1,0,,"0,0%",NaN
1208-Universidad del Quindío,53662-TECNICO PROFESIONAL EN SERVICIOS DE RECEPCION Y ALOJAMIENTO Y ALIMENTOS Y BEBIDAS,Femenino,2012-1,2019,No cotizante,Sin información,1,0,,"0,0%",NaN
1208-Universidad del Quindío,53662-TECNICO PROFESIONAL EN SERVICIOS DE RECEPCION Y ALOJAMIENTO Y ALIMENTOS Y BEBIDAS,Femenino,2012-1,2020,No cotizante,Sin información,1,0,,"0,0%",NaN
1208-Universidad del Quindío,53662-TECNICO PROFESIONAL EN SERVICIOS DE RECEPCION Y ALOJAMIENTO Y ALIMENTOS Y BEBIDAS,Femenino,2012-1,2021,No cotizante,Sin información,1,0,,"0,0%",NaN
1208-Universidad del Quindío,53662-TECNICO PROFESIONAL EN SERVICIOS DE RECEPCION Y ALOJAMIENTO Y ALIMENTOS Y BEBIDAS,Femenino,2012-1,2022,No cotizante,SIN DATO,1,0,,"0,0%",NaN
1208-Universidad del Quindío,53662-TECNICO PROFESIONAL EN SERVICIOS DE RECEPCION Y ALOJAMIENTO Y ALIMENTOS Y BEBIDAS,Femenino,2012-1,2023,No cotizante,SIN DATO,1,0,,"0,0%",NaN
1208-Universidad del Quindío,53662-TECNICO PROFESIONAL EN SERVICIOS DE RECEPCION Y ALOJAMIENTO Y ALIMENTOS Y BEBIDAS,Masculino,2012-1,2016,No cotizante,Sin información,1,0,,"0,0%",NaN
