,,,,,,,Lugar de grado,,Medidas,,
,,,,,,,País,,Medidas,,
Instituciones,Programa,Sexo,Periodo graduación,Año de corte,Tipo de cotizante,Sector económico,Colombia,,,,
Código institución,Código programa,Sexo,Semestre,Año,Tipo de cotizante,Sección,Graduados,Graduados que cotizan,,Tasa de cotizantes,IBC estimado
2829-Corporación Universitaria Minuto de Dios - UNIMINUTO,12165-ESPECIALIZACION EN DISEÑO DE AMBIENTES DE APRENDIZAJE,Femenino,2010-1,2016,Dependiente,Administración pública y defensa; planes de seguridad social de afiliación obligatoria,1,1,,"100,0%",$3.183.000
2829-Corporación Universitaria Minuto de Dios - UNIMINUTO,12165-ESPECIALIZACION EN DISEÑO DE AMBIENTES DE APRENDIZAJE,Femenino,2010-1,2016,Dependiente,Educación,1,1,,"100,0%",$2.811.000
2829-Corporación Universitaria Minuto de Dios - UNIMINUTO,12165-ESPECIALIZACION EN DISEÑO DE AMBIENTES DE APRENDIZAJE,Femenino,2010-1,2016,Independiente,Sin información,1,1,,"100,0%",NaN
2829-Corporación Universitaria Minuto de Dios - UNIMINUTO,12165-ESPECIALIZACION EN DISEÑO DE AMBIENTES DE APRENDIZAJE,Femenino,2010-1,2016,No cotizante,Sin información,3,0,,"0,0%",NaN
2829-Corporación Universitaria Minuto de Dios - UNIMINUTO,12165-ESPECIALIZACION EN DISEÑO DE AMBIENTES DE APRENDIZAJE,Femenino,2010-1,2017,Dependiente,Comercio al por mayor y al por menor; reparación de vehículos automotores y motocicletas,1,1,,"100,0%",NaN
2829-Corporación Universitaria Minuto de Dios - UNIMINUTO,12165-ESPECIALIZACION EN DISEÑO DE AMBIENTES DE APRENDIZAJE,Femenino,2010-1,2017,Dependiente,Educación,1,1,,"100,0%",NaN
2829-Corporación Universitaria Minuto de Dios - UNIMINUTO,12165-ESPECIALIZACION EN DISEÑO DE AMBIENTES DE APRENDIZAJE,Femenino,2010-1,2017,Independiente,Sin información,1,1,,"100,0%",NaN
2829-Corporación Universitaria Minuto de Dios - UNIMINUTO,12165-ESPECIALIZACION EN DISEÑO DE AMBIENTES DE APRENDIZAJE,Femenino,2010-1,2017,No cotizante,Sin información,3,0,,"0,0%",NaN
2829-Corporación Universitaria Minuto de Dios - UNIMINUTO,12165-ESPECIALIZACION EN DISEÑO DE AMBIENTES DE APRENDIZAJE,Femenino,2010-1,2018,Dependiente,"Actividades profesionales, científicas y técnicas",1,1,,"100,0%",NaN
2829-Corporación Universitaria Minuto de Dios - UNIMINUTO,12165-ESPECIALIZACION EN DISEÑO DE AMBIENTES DE APRENDIZAJE,Femenino,2010-1,2018,Dependiente,Educación,1,1,,"100,0%",NaN
2829-Corporación Universitaria Minuto de Dios - UNIMINUTO,12165-ESPECIALIZACION EN DISEÑO DE AMBIENTES DE APRENDIZAJE,Femenino,2010-1,2018,Dependiente,Sin información,2,2,,"100,0%",NaN
2829-Corporación Universitaria Minuto de Dios - UNIMINUTO,12165-ESPECIALIZACION EN DISEÑO DE AMBIENTES DE APRENDIZAJE,Femenino,2010-1,2018,Independiente,Sin información,1,1,,"100,0%",NaN
2829-Corporación Universitaria Minuto de Dios - UNIMINUTO,12165-ESPECIALIZACION EN DISEÑO DE AMBIENTES DE APRENDIZAJE,Femenino,2010-1,2018,No cotizante,Sin información,1,0,,"0,0%",NaN
2829-Corporación Universitaria Minuto de Dios - UNIMINUTO,12165-ESPECIALIZACION EN DISEÑO DE AMBIENTES DE APRENDIZAJE,Femenino,2010-1,2019,Dependiente,"Actividades profesionales, científicas y técnicas",2,2,,"100,0%",NaN
2829-Corporación Universitaria Minuto de Dios - UNIMINUTO,12165-ESPECIALIZACION EN DISEÑO DE AMBIENTES DE APRENDIZAJE,Femenino,2010-1,2019,Dependiente,Educación,1,1,,"100,0%",NaN
2829-Corporación Universitaria Minuto de Dios - UNIMINUTO,12165-ESPECIALIZACION EN DISEÑO DE AMBIENTES DE APRENDIZAJE,Femenino,2010-1,2019,Dependiente,Sin información,1,1,,"100,0%",NaN
2829-Corporación Universitaria Minuto de Dios - UNIMINUTO,12165-ESPECIALIZACION EN DISEÑO DE AMBIENTES DE APRENDIZAJE,Femenino,2010-1,2019,Independiente,"Actividades profesionales, científicas y técnicas",1,1,,"100,0%",NaN
2829-Corporación Universitaria Minuto de Dios - UNIMINUTO,12165-ESPECIALIZACION EN DISEÑO DE AMBIENTES DE APRENDIZAJE,Femenino,2010-1,2019,No cotizante,Sin información,1,0,,"0,0%",NaN
2829-Corporación Universitaria Minuto de Dios - UNIMINUTO,12165-ESPECIALIZACION EN DISEÑO DE AMBIENTES DE APRENDIZAJE,Femenino,2010-1,2020,Dependiente,Administración pública y defensa; planes de seguridad social de afiliación obligatoria,3,3,,"100,0%",NaN
2829-Corporación Universitaria Minuto de Dios - UNIMINUTO,12165-ESPECIALIZACION EN DISEÑO DE AMBIENTES DE APRENDIZAJE,Femenino,2010-1,2020,Dependiente,Educación,1,1,,"100,0%",NaN
2829-Corporación Universitaria Minuto de Dios - UNIMINUTO,12165-ESPECIALIZACION EN DISEÑO DE AMBIENTES DE APRENDIZAJE,Femenino,2010-1,2020,No cotizante,Sin información,2,0,,"0,0%",NaN
2829-Corporación Universitaria Minuto de Dios - UNIMINUTO,12165-ESPECIALIZACION EN DISEÑO DE AMBIENTES DE APRENDIZAJE,Femenino,2010-1,2021,Dependiente,Administración pública y defensa; planes de seguridad social de afiliación obligatoria,3,3,,"100,0%",NaN
2829-Corporación Universitaria Minuto de Dios - UNIMINUTO,12165-ESPECIALIZACION EN DISEÑO DE AMBIENTES DE APRENDIZAJE,Femenino,2010-1,2021,Dependiente,Construccion,1,1,,"100,0%",NaN
2829-Corporación Universitaria Minuto de Dios - UNIMINUTO,12165-ESPECIALIZACION EN DISEÑO DE AMBIENTES DE APRENDIZAJE,Femenino,2010-1,2021,No cotizante,Sin información,2,0,,"0,0%",NaN
2829-Corporación Universitaria Minuto de Dios - UNIMINUTO,12165-ESPECIALIZACION EN DISEÑO DE AMBIENTES DE APRENDIZAJE,Femenino,2010-1,2022,Dependiente,"Actividades profesionales, científicas y técnicas",2,2,,"100,0%",NaN
2829-Corporación Universitaria Minuto de Dios - UNIMINUTO,12165-ESPECIALIZACION EN DISEÑO DE AMBIENTES DE APRENDIZAJE,Femenino,2010-1,2022,Dependiente,Administración pública y defensa; planes de seguridad social de afiliación obligatoria,1,1,,"100,0%",NaN
2829-Corporación Universitaria Minuto de Dios - UNIMINUTO,12165-ESPECIALIZACION EN DISEÑO DE AMBIENTES DE APRENDIZAJE,Femenino,2010-1,2022,Dependiente,Construccion,1,1,,"100,0%",NaN
2829-Corporación Universitaria Minuto de Dios - UNIMINUTO,12165-ESPECIALIZACION EN DISEÑO DE AMBIENTES DE APRENDIZAJE,Femenino,2010-1,2022,No cotizante,SIN DATO,2,0,,"0,0%",NaN
2829-Corporación Universitaria Minuto de Dios - UNIMINUTO,12165-ESPECIALIZACION EN DISEÑO DE AMBIENTES DE APRENDIZAJE,Femenino,2010-1,2023,Dependiente,Administración pública y defensa; planes de seguridad social de afiliación obligatoria,2,2,,"100,0%",NaN
2829-Corporación Universitaria Minuto de Dios - UNIMINUTO,12165-ESPECIALIZACION EN DISEÑO DE AMBIENTES DE APRENDIZAJE,Femenino,2010-1,2023,Dependiente,Construccion,1,1,,"100,0%",NaN
2829-Corporación Universitaria Minuto de Dios - UNIMINUTO,12165-ESPECIALIZACION EN DISEÑO DE AMBIENTES DE APRENDIZAJE,Femenino,2010-1,2023,Independiente,Educación,1,1,,"100,0%",NaN
2829-Corporación Universitaria Minuto de Dios - UNIMINUTO,12165-ESPECIALIZACION EN DISEÑO DE AMBIENTES DE APRENDIZAJE,Femenino,2010-1,2023,No cotizante,SIN DATO,2,0,,"0,0%",NaN
2829-Corporación Universitaria Minuto de Dios - UNIMINUTO,12165-ESPECIALIZACION EN DISEÑO DE AMBIENTES DE APRENDIZAJE,Masculino,2010-1,2016,Dependiente,Administración pública y defensa; planes de seguridad social de afiliación obligatoria,1,1,,"100,0%",$3.183.000
2829-Corporación Universitaria Minuto de Dios - UNIMINUTO,12165-ESPECIALIZACION EN DISEÑO DE AMBIENTES DE APRENDIZAJE,Masculino,2010-1,2016,Dependiente,Educación,1,1,,"100,0%",$7.254.000
2829-Corporación Universitaria Minuto de Dios - UNIMINUTO,12165-ESPECIALIZACION EN DISEÑO DE AMBIENTES DE APRENDIZAJE,Masculino,2010-1,2016,Independiente,"Actividades profesionales, científicas y técnicas",1,1,,"100,0%",NaN
2829-Corporación Universitaria Minuto de Dios - UNIMINUTO,12165-ESPECIALIZACION EN DISEÑO DE AMBIENTES DE APRENDIZAJE,Masculino,2010-1,2017,Dependiente,Administración pública y defensa; planes de seguridad social de afiliación obligatoria,1,1,,"100,0%",NaN
2829-Corporación Universitaria Minuto de Dios - UNIMINUTO,12165-ESPECIALIZACION EN DISEÑO DE AMBIENTES DE APRENDIZAJE,Masculino,2010-1,2017,Dependiente,Educación,1,1,,"100,0%",NaN
2829-Corporación Universitaria Minuto de Dios - UNIMINUTO,12165-ESPECIALIZACION EN DISEÑO DE AMBIENTES DE APRENDIZAJE,Masculino,2010-1,2017,Independiente,"Actividades profesionales, científicas y técnicas",1,1,,"100,0%",NaN
2829-Corporación Universitaria Minuto de Dios - UNIMINUTO,12165-ESPECIALIZACION EN DISEÑO DE AMBIENTES DE APRENDIZAJE,Masculino,2010-1,2018,Dependiente,"Actividades profesionales, científicas y técnicas",2,2,,"100,0%",NaN
2829-Corporación Universitaria Minuto de Dios - UNIMINUTO,12165-ESPECIALIZACION EN DISEÑO DE AMBIENTES DE APRENDIZAJE,Masculino,2010-1,2018,Independiente,"Actividades profesionales, científicas y técnicas",1,1,,"100,0%",NaN
2829-Corporación Universitaria Minuto de Dios - UNIMINUTO,12165-ESPECIALIZACION EN DISEÑO DE AMBIENTES DE APRENDIZAJE,Masculino,2010-1,2019,Dependiente,"Actividades profesionales, científicas y técnicas",2,2,,"100,0%",NaN
2829-Corporación Universitaria Minuto de Dios - UNIMINUTO,12165-ESPECIALIZACION EN DISEÑO DE AMBIENTES DE APRENDIZAJE,Masculino,2010-1,2019,Independiente,"Actividades profesionales, científicas y técnicas",1,1,,"100,0%",NaN
2829-Corporación Universitaria Minuto de Dios - UNIMINUTO,12165-ESPECIALIZACION EN DISEÑO DE AMBIENTES DE APRENDIZAJE,Masculino,2010-1,2020,Dependiente,Administración pública y defensa; planes de seguridad social de afiliación obligatoria,2,2,,"100,0%",NaN
2829-Corporación Universitaria Minuto de Dios - UNIMINUTO,12165-ESPECIALIZACION EN DISEÑO DE AMBIENTES DE APRENDIZAJE,Masculino,2010-1,2020,No cotizante,Sin información,1,0,,"0,0%",NaN
2829-Corporación Universitaria Minuto de Dios - UNIMINUTO,12165-ESPECIALIZACION EN DISEÑO DE AMBIENTES DE APRENDIZAJE,Masculino,2010-1,2021,Dependiente,Administración pública y defensa; planes de seguridad social de afiliación obligatoria,2,2,,"100,0%",NaN
2829-Corporación Universitaria Minuto de Dios - UNIMINUTO,12165-ESPECIALIZACION EN DISEÑO DE AMBIENTES DE APRENDIZAJE,Masculino,2010-1,2021,No cotizante,Sin información,1,0,,"0,0%",NaN
2829-Corporación Universitaria Minuto de Dios - UNIMINUTO,12165-ESPECIALIZACION EN DISEÑO DE AMBIENTES DE APRENDIZAJE,Masculino,2010-1,2022,Dependiente,"Actividades profesionales, científicas y técnicas",2,2,,"100,0%",NaN
2829-Corporación Universitaria Minuto de Dios - UNIMINUTO,12165-ESPECIALIZACION EN DISEÑO DE AMBIENTES DE APRENDIZAJE,Masculino,2010-1,2022,No cotizante,SIN DATO,1,0,,"0,0%",NaN
2829-Corporación Universitaria Minuto de Dios - UNIMINUTO,12165-ESPECIALIZACION EN DISEÑO DE AMBIENTES DE APRENDIZAJE,Masculino,2010-1,2023,Dependiente,Administración pública y defensa; planes de seguridad social de afiliación obligatoria,2,2,,"100,0%",NaN
2829-Corporación Universitaria Minuto de Dios - UNIMINUTO,12165-ESPECIALIZACION EN DISEÑO DE AMBIENTES DE APRENDIZAJE,Masculino,2010-1,2023,No cotizante,SIN DATO,1,0,,"0,0%",NaN
2833-Corporación Universitaria Remington,104431-INGENIERIA DE SISTEMAS,Masculino,2010-1,2017,Dependiente,Información y comunicaciones,1,1,,"100,0%",NaN
2833-Corporación Universitaria Remington,104431-INGENIERIA DE SISTEMAS,Masculino,2010-1,2018,Dependiente,Información y comunicaciones,1,1,,"100,0%",NaN
2732-Fundación Universitaria Católica del Norte,9809-ADMINISTRACION DE EMPRESAS,Femenino,2010-1,2016,Dependiente,Actividades financieras y de seguros,2,2,,"100,0%",$6.687.500
2732-Fundación Universitaria Católica del Norte,9809-ADMINISTRACION DE EMPRESAS,Femenino,2010-1,2016,Dependiente,Administración pública y defensa; planes de seguridad social de afiliación obligatoria,3,3,,"100,0%",$2.904.667
2732-Fundación Universitaria Católica del Norte,9809-ADMINISTRACION DE EMPRESAS,Femenino,2010-1,2016,Dependiente,Comercio al por mayor y al por menor; reparación de vehículos automotores y motocicletas,1,1,,"100,0%",$1.853.000
2732-Fundación Universitaria Católica del Norte,9809-ADMINISTRACION DE EMPRESAS,Femenino,2010-1,2016,Dependiente,Construccion,1,1,,"100,0%",$1.145.000
2732-Fundación Universitaria Católica del Norte,9809-ADMINISTRACION DE EMPRESAS,Femenino,2010-1,2016,No cotizante,Sin información,1,0,,"0,0%",NaN
2732-Fundación Universitaria Católica del Norte,9809-ADMINISTRACION DE EMPRESAS,Femenino,2010-1,2017,Dependiente,Actividades financieras y de seguros,2,2,,"100,0%",NaN
2732-Fundación Universitaria Católica del Norte,9809-ADMINISTRACION DE EMPRESAS,Femenino,2010-1,2017,Dependiente,Administración pública y defensa; planes de seguridad social de afiliación obligatoria,1,1,,"100,0%",NaN
2732-Fundación Universitaria Católica del Norte,9809-ADMINISTRACION DE EMPRESAS,Femenino,2010-1,2017,Dependiente,Industrias manufactureras,1,1,,"100,0%",NaN
2732-Fundación Universitaria Católica del Norte,9809-ADMINISTRACION DE EMPRESAS,Femenino,2010-1,2017,Dependiente,Sin información,1,1,,"100,0%",NaN
2732-Fundación Universitaria Católica del Norte,9809-ADMINISTRACION DE EMPRESAS,Femenino,2010-1,2017,Dependiente,Transporte y almacenamiento,1,1,,"100,0%",NaN
2732-Fundación Universitaria Católica del Norte,9809-ADMINISTRACION DE EMPRESAS,Femenino,2010-1,2017,Independiente,"Actividades profesionales, científicas y técnicas",1,1,,"100,0%",NaN
2732-Fundación Universitaria Católica del Norte,9809-ADMINISTRACION DE EMPRESAS,Femenino,2010-1,2017,Independiente,Sin información,1,1,,"100,0%",NaN
2732-Fundación Universitaria Católica del Norte,9809-ADMINISTRACION DE EMPRESAS,Femenino,2010-1,2017,No cotizante,Sin información,1,0,,"0,0%",NaN
2732-Fundación Universitaria Católica del Norte,9809-ADMINISTRACION DE EMPRESAS,Femenino,2010-1,2018,Dependiente,Administración pública y defensa; planes de seguridad social de afiliación obligatoria,1,1,,"100,0%",NaN
2732-Fundación Universitaria Católica del Norte,9809-ADMINISTRACION DE EMPRESAS,Femenino,2010-1,2018,Dependiente,Explotación de minas y canteras,1,1,,"100,0%",NaN
2732-Fundación Universitaria Católica del Norte,9809-ADMINISTRACION DE EMPRESAS,Femenino,2010-1,2018,Dependiente,Sin información,2,2,,"100,0%",NaN
2732-Fundación Universitaria Católica del Norte,9809-ADMINISTRACION DE EMPRESAS,Femenino,2010-1,2018,Dependiente,Transporte y almacenamiento,1,1,,"100,0%",NaN
2732-Fundación Universitaria Católica del Norte,9809-ADMINISTRACION DE EMPRESAS,Femenino,2010-1,2018,Independiente,"Actividades profesionales, científicas y técnicas",1,1,,"100,0%",NaN
2732-Fundación Universitaria Católica del Norte,9809-ADMINISTRACION DE EMPRESAS,Femenino,2010-1,2018,No cotizante,Sin información,3,0,,"0,0%",NaN
2732-Fundación Universitaria Católica del Norte,9809-ADMINISTRACION DE EMPRESAS,Femenino,2010-1,2019,Dependiente,"Actividades profesionales, científicas y técnicas",1,1,,"100,0%",NaN
2732-Fundación Universitaria Católica del Norte,9809-ADMINISTRACION DE EMPRESAS,Femenino,2010-1,2019,Dependiente,Administración pública y defensa; planes de seguridad social de afiliación obligatoria,2,2,,"100,0%",NaN
2732-Fundación Universitaria Católica del Norte,9809-ADMINISTRACION DE EMPRESAS,Femenino,2010-1,2019,Dependiente,Explotación de minas y canteras,1,1,,"100,0%",NaN
2732-Fundación Universitaria Católica del Norte,9809-ADMINISTRACION DE EMPRESAS,Femenino,2010-1,2019,Dependiente,Transporte y almacenamiento,1,1,,"100,0%",NaN
2732-Fundación Universitaria Católica del Norte,9809-ADMINISTRACION DE EMPRESAS,Femenino,2010-1,2019,Independiente,Educación,1,1,,"100,0%",NaN
2732-Fundación Universitaria Católica del Norte,9809-ADMINISTRACION DE EMPRESAS,Femenino,2010-1,2019,No cotizante,Sin información,3,0,,"0,0%",NaN
2732-Fundación Universitaria Católica del Norte,9809-ADMINISTRACION DE EMPRESAS,Femenino,2010-1,2020,Dependiente,Administración pública y defensa; planes de seguridad social de afiliación obligatoria,2,2,,"100,0%",NaN
2732-Fundación Universitaria Católica del Norte,9809-ADMINISTRACION DE EMPRESAS,Femenino,2010-1,2020,Dependiente,Explotación de minas y canteras,1,1,,"100,0%",NaN
2732-Fundación Universitaria Católica del Norte,9809-ADMINISTRACION DE EMPRESAS,Femenino,2010-1,2020,Dependiente,Transporte y almacenamiento,1,1,,"100,0%",NaN
2732-Fundación Universitaria Católica del Norte,9809-ADMINISTRACION DE EMPRESAS,Femenino,2010-1,2020,Independiente,"Actividades profesionales, científicas y técnicas",1,1,,"100,0%",NaN
2732-Fundación Universitaria Católica del Norte,9809-ADMINISTRACION DE EMPRESAS,Femenino,2010-1,2020,No cotizante,Sin información,4,0,,"0,0%",NaN
2732-Fundación Universitaria Católica del Norte,9809-ADMINISTRACION DE EMPRESAS,Femenino,2010-1,2021,Dependiente,Administración pública y defensa; planes de seguridad social de afiliación obligatoria,2,2,,"100,0%",NaN
2732-Fundación Universitaria Católica del Norte,9809-ADMINISTRACION DE EMPRESAS,Femenino,2010-1,2021,Dependiente,Explotación de minas y canteras,1,1,,"100,0%",NaN
2732-Fundación Universitaria Católica del Norte,9809-ADMINISTRACION DE EMPRESAS,Femenino,2010-1,2021,Independiente,"Actividades profesionales, científicas y técnicas",1,1,,"100,0%",NaN
2732-Fundación Universitaria Católica del Norte,9809-ADMINISTRACION DE EMPRESAS,Femenino,2010-1,2021,Independiente,Otras actividades de servicios,1,1,,"100,0%",NaN
2732-Fundación Universitaria Católica del Norte,9809-ADMINISTRACION DE EMPRESAS,Femenino,2010-1,2021,No cotizante,Sin información,4,0,,"0,0%",NaN
2732-Fundación Universitaria Católica del Norte,9809-ADMINISTRACION DE EMPRESAS,Femenino,2010-1,2022,Dependiente,Administración pública y defensa; planes de seguridad social de afiliación obligatoria,1,1,,"100,0%",NaN
2732-Fundación Universitaria Católica del Norte,9809-ADMINISTRACION DE EMPRESAS,Femenino,2010-1,2022,Dependiente,Explotación de minas y canteras,1,1,,"100,0%",NaN
2732-Fundación Universitaria Católica del Norte,9809-ADMINISTRACION DE EMPRESAS,Femenino,2010-1,2022,Independiente,"Actividades profesionales, científicas y técnicas",1,1,,"100,0%",NaN
2732-Fundación Universitaria Católica del Norte,9809-ADMINISTRACION DE EMPRESAS,Femenino,2010-1,2022,Independiente,Otras actividades de servicios,1,1,,"100,0%",NaN
2732-Fundación Universitaria Católica del Norte,9809-ADMINISTRACION DE EMPRESAS,Femenino,2010-1,2022,No cotizante,SIN DATO,5,0,,"0,0%",NaN
2732-Fundación Universitaria Católica del Norte,9809-ADMINISTRACION DE EMPRESAS,Femenino,2010-1,2023,Dependiente,Administración pública y defensa; planes de seguridad social de afiliación obligatoria,1,1,,"100,0%",NaN
2732-Fundación Universitaria Católica del Norte,9809-ADMINISTRACION DE EMPRESAS,Femenino,2010-1,2023,Dependiente,Explotación de minas y canteras,1,1,,"100,0%",NaN
2732-Fundación Universitaria Católica del Norte,9809-ADMINISTRACION DE EMPRESAS,Femenino,2010-1,2023,Independiente,"Actividades profesionales, científicas y técnicas",1,1,,"100,0%",NaN
2732-Fundación Universitaria Católica del Norte,9809-ADMINISTRACION DE EMPRESAS,Femenino,2010-1,2023,No cotizante,SIN DATO,6,0,,"0,0%",NaN
2732-Fundación Universitaria Católica del Norte,9809-ADMINISTRACION DE EMPRESAS,Masculino,2010-1,2016,Dependiente,Actividades financieras y de seguros,1,1,,"100,0%",$12.293.000
2732-Fundación Universitaria Católica del Norte,9809-ADMINISTRACION DE EMPRESAS,Masculino,2010-1,2016,Dependiente,"Actividades profesionales, científicas y técnicas",1,1,,"100,0%",$3.484.000
2732-Fundación Universitaria Católica del Norte,9809-ADMINISTRACION DE EMPRESAS,Masculino,2010-1,2016,Dependiente,Industrias manufactureras,1,1,,"100,0%",$3.530.000
2732-Fundación Universitaria Católica del Norte,9809-ADMINISTRACION DE EMPRESAS,Masculino,2010-1,2017,Dependiente,Actividades financieras y de seguros,1,1,,"100,0%",NaN
2732-Fundación Universitaria Católica del Norte,9809-ADMINISTRACION DE EMPRESAS,Masculino,2010-1,2017,Dependiente,"Actividades profesionales, científicas y técnicas",1,1,,"100,0%",NaN
2732-Fundación Universitaria Católica del Norte,9809-ADMINISTRACION DE EMPRESAS,Masculino,2010-1,2017,Dependiente,Comercio al por mayor y al por menor; reparación de vehículos automotores y motocicletas,1,1,,"100,0%",NaN
2732-Fundación Universitaria Católica del Norte,9809-ADMINISTRACION DE EMPRESAS,Masculino,2010-1,2018,Dependiente,Actividades financieras y de seguros,1,1,,"100,0%",NaN
2732-Fundación Universitaria Católica del Norte,9809-ADMINISTRACION DE EMPRESAS,Masculino,2010-1,2018,Dependiente,"Actividades profesionales, científicas y técnicas",1,1,,"100,0%",NaN
2732-Fundación Universitaria Católica del Norte,9809-ADMINISTRACION DE EMPRESAS,Masculino,2010-1,2018,Dependiente,Comercio al por mayor y al por menor; reparación de vehículos automotores y motocicletas,1,1,,"100,0%",NaN
2732-Fundación Universitaria Católica del Norte,9809-ADMINISTRACION DE EMPRESAS,Masculino,2010-1,2019,Dependiente,"Actividades profesionales, científicas y técnicas",1,1,,"100,0%",NaN
2732-Fundación Universitaria Católica del Norte,9809-ADMINISTRACION DE EMPRESAS,Masculino,2010-1,2019,Dependiente,Administración pública y defensa; planes de seguridad social de afiliación obligatoria,1,1,,"100,0%",NaN
2732-Fundación Universitaria Católica del Norte,9809-ADMINISTRACION DE EMPRESAS,Masculino,2010-1,2019,Dependiente,Comercio al por mayor y al por menor; reparación de vehículos automotores y motocicletas,1,1,,"100,0%",NaN
2732-Fundación Universitaria Católica del Norte,9809-ADMINISTRACION DE EMPRESAS,Masculino,2010-1,2020,Dependiente,Administración pública y defensa; planes de seguridad social de afiliación obligatoria,1,1,,"100,0%",NaN
2732-Fundación Universitaria Católica del Norte,9809-ADMINISTRACION DE EMPRESAS,Masculino,2010-1,2020,Dependiente,Comercio al por mayor y al por menor; reparación de vehículos automotores y motocicletas,1,1,,"100,0%",NaN
2732-Fundación Universitaria Católica del Norte,9809-ADMINISTRACION DE EMPRESAS,Masculino,2010-1,2020,Dependiente,Otras actividades de servicios,1,1,,"100,0%",NaN
2732-Fundación Universitaria Católica del Norte,9809-ADMINISTRACION DE EMPRESAS,Masculino,2010-1,2021,Dependiente,Administración pública y defensa; planes de seguridad social de afiliación obligatoria,1,1,,"100,0%",NaN
2732-Fundación Universitaria Católica del Norte,9809-ADMINISTRACION DE EMPRESAS,Masculino,2010-1,2021,Dependiente,Comercio al por mayor y al por menor; reparación de vehículos automotores y motocicletas,1,1,,"100,0%",NaN
2732-Fundación Universitaria Católica del Norte,9809-ADMINISTRACION DE EMPRESAS,Masculino,2010-1,2021,Dependiente,Otras actividades de servicios,1,1,,"100,0%",NaN
2732-Fundación Universitaria Católica del Norte,9809-ADMINISTRACION DE EMPRESAS,Masculino,2010-1,2022,Dependiente,Administración pública y defensa; planes de seguridad social de afiliación obligatoria,1,1,,"100,0%",NaN
2732-Fundación Universitaria Católica del Norte,9809-ADMINISTRACION DE EMPRESAS,Masculino,2010-1,2022,Dependiente,Comercio al por mayor y al por menor; reparación de vehículos automotores y motocicletas,1,1,,"100,0%",NaN
2732-Fundación Universitaria Católica del Norte,9809-ADMINISTRACION DE EMPRESAS,Masculino,2010-1,2022,Dependiente,Otras actividades de servicios,1,1,,"100,0%",NaN
2732-Fundación Universitaria Católica del Norte,9809-ADMINISTRACION DE EMPRESAS,Masculino,2010-1,2023,Dependiente,Administración pública y defensa; planes de seguridad social de afiliación obligatoria,1,1,,"100,0%",NaN
2732-Fundación Universitaria Católica del Norte,9809-ADMINISTRACION DE EMPRESAS,Masculino,2010-1,2023,Dependiente,Comercio al por mayor y al por menor; reparación de vehículos automotores y motocicletas,1,1,,"100,0%",NaN
2732-Fundación Universitaria Católica del Norte,9809-ADMINISTRACION DE EMPRESAS,Masculino,2010-1,2023,No cotizante,SIN DATO,1,0,,"0,0%",NaN
2732-Fundación Universitaria Católica del Norte,8958-COMUNICACION SOCIAL,Femenino,2010-1,2016,Independiente,Información y comunicaciones,1,1,,"100,0%",NaN
2732-Fundación Universitaria Católica del Norte,8958-COMUNICACION SOCIAL,Femenino,2010-1,2017,Independiente,"Actividades profesionales, científicas y técnicas",1,1,,"100,0%",NaN
2732-Fundación Universitaria Católica del Norte,8958-COMUNICACION SOCIAL,Femenino,2010-1,2018,Independiente,"Actividades profesionales, científicas y técnicas",1,1,,"100,0%",NaN
2732-Fundación Universitaria Católica del Norte,8958-COMUNICACION SOCIAL,Femenino,2010-1,2019,Independiente,"Actividades profesionales, científicas y técnicas",1,1,,"100,0%",NaN
2732-Fundación Universitaria Católica del Norte,8958-COMUNICACION SOCIAL,Femenino,2010-1,2020,Independiente,"Actividades profesionales, científicas y técnicas",1,1,,"100,0%",NaN
2732-Fundación Universitaria Católica del Norte,8958-COMUNICACION SOCIAL,Femenino,2010-1,2021,Dependiente,"Actividades profesionales, científicas y técnicas",1,1,,"100,0%",NaN
2732-Fundación Universitaria Católica del Norte,8958-COMUNICACION SOCIAL,Femenino,2010-1,2022,Dependiente,"Actividades profesionales, científicas y técnicas",1,1,,"100,0%",NaN
2732-Fundación Universitaria Católica del Norte,8958-COMUNICACION SOCIAL,Femenino,2010-1,2023,Dependiente,"Actividades profesionales, científicas y técnicas",1,1,,"100,0%",NaN
2732-Fundación Universitaria Católica del Norte,19219-ESPECIALIZACION EN PEDAGOGIA DE LA VIRTUALIDAD,Femenino,2010-1,2016,Dependiente,Educación,1,1,,"100,0%",$4.204.000
2732-Fundación Universitaria Católica del Norte,19219-ESPECIALIZACION EN PEDAGOGIA DE LA VIRTUALIDAD,Femenino,2010-1,2017,Dependiente,Educación,1,1,,"100,0%",NaN
2732-Fundación Universitaria Católica del Norte,19219-ESPECIALIZACION EN PEDAGOGIA DE LA VIRTUALIDAD,Femenino,2010-1,2018,Dependiente,Educación,1,1,,"100,0%",NaN
2732-Fundación Universitaria Católica del Norte,19219-ESPECIALIZACION EN PEDAGOGIA DE LA VIRTUALIDAD,Femenino,2010-1,2019,Dependiente,Educación,1,1,,"100,0%",NaN
2732-Fundación Universitaria Católica del Norte,19219-ESPECIALIZACION EN PEDAGOGIA DE LA VIRTUALIDAD,Femenino,2010-1,2020,Dependiente,Educación,1,1,,"100,0%",NaN
2732-Fundación Universitaria Católica del Norte,19219-ESPECIALIZACION EN PEDAGOGIA DE LA VIRTUALIDAD,Femenino,2010-1,2021,Dependiente,Educación,1,1,,"100,0%",NaN
2732-Fundación Universitaria Católica del Norte,19219-ESPECIALIZACION EN PEDAGOGIA DE LA VIRTUALIDAD,Femenino,2010-1,2022,No cotizante,SIN DATO,1,0,,"0,0%",NaN
2732-Fundación Universitaria Católica del Norte,19219-ESPECIALIZACION EN PEDAGOGIA DE LA VIRTUALIDAD,Femenino,2010-1,2023,No cotizante,SIN DATO,1,0,,"0,0%",NaN
2732-Fundación Universitaria Católica del Norte,19219-ESPECIALIZACION EN PEDAGOGIA DE LA VIRTUALIDAD,Masculino,2010-1,2016,Dependiente,Actividades financieras y de seguros,1,1,,"100,0%",$3.665.000
2732-Fundación Universitaria Católica del Norte,19219-ESPECIALIZACION EN PEDAGOGIA DE LA VIRTUALIDAD,Masculino,2010-1,2016,Dependiente,Educación,3,3,,"100,0%",$4.226.152
2732-Fundación Universitaria Católica del Norte,19219-ESPECIALIZACION EN PEDAGOGIA DE LA VIRTUALIDAD,Masculino,2010-1,2016,Dependiente,Otras actividades de servicios,1,1,,"100,0%",$1.763.000
2732-Fundación Universitaria Católica del Norte,19219-ESPECIALIZACION EN PEDAGOGIA DE LA VIRTUALIDAD,Masculino,2010-1,2016,Independiente,Información y comunicaciones,1,1,,"100,0%",NaN
2732-Fundación Universitaria Católica del Norte,19219-ESPECIALIZACION EN PEDAGOGIA DE LA VIRTUALIDAD,Masculino,2010-1,2017,Dependiente,Actividades de servicios administrativos y de apoyo,1,1,,"100,0%",NaN
2732-Fundación Universitaria Católica del Norte,19219-ESPECIALIZACION EN PEDAGOGIA DE LA VIRTUALIDAD,Masculino,2010-1,2017,Dependiente,"Actividades profesionales, científicas y técnicas",1,1,,"100,0%",NaN
2732-Fundación Universitaria Católica del Norte,19219-ESPECIALIZACION EN PEDAGOGIA DE LA VIRTUALIDAD,Masculino,2010-1,2017,Dependiente,Educación,1,1,,"100,0%",NaN
2732-Fundación Universitaria Católica del Norte,19219-ESPECIALIZACION EN PEDAGOGIA DE LA VIRTUALIDAD,Masculino,2010-1,2017,Dependiente,Sin información,1,1,,"100,0%",NaN
2732-Fundación Universitaria Católica del Norte,19219-ESPECIALIZACION EN PEDAGOGIA DE LA VIRTUALIDAD,Masculino,2010-1,2017,Independiente,Información y comunicaciones,1,1,,"100,0%",NaN
2732-Fundación Universitaria Católica del Norte,19219-ESPECIALIZACION EN PEDAGOGIA DE LA VIRTUALIDAD,Masculino,2010-1,2017,No cotizante,Sin información,1,0,,"0,0%",NaN
2732-Fundación Universitaria Católica del Norte,19219-ESPECIALIZACION EN PEDAGOGIA DE LA VIRTUALIDAD,Masculino,2010-1,2018,Dependiente,Actividades de organizaciones y entidades extraterritoriales,1,1,,"100,0%",NaN
2732-Fundación Universitaria Católica del Norte,19219-ESPECIALIZACION EN PEDAGOGIA DE LA VIRTUALIDAD,Masculino,2010-1,2018,Dependiente,Actividades de servicios administrativos y de apoyo,1,1,,"100,0%",NaN
2732-Fundación Universitaria Católica del Norte,19219-ESPECIALIZACION EN PEDAGOGIA DE LA VIRTUALIDAD,Masculino,2010-1,2018,Dependiente,Educación,1,1,,"100,0%",NaN
2732-Fundación Universitaria Católica del Norte,19219-ESPECIALIZACION EN PEDAGOGIA DE LA VIRTUALIDAD,Masculino,2010-1,2018,Dependiente,Sin información,1,1,,"100,0%",NaN
2732-Fundación Universitaria Católica del Norte,19219-ESPECIALIZACION EN PEDAGOGIA DE LA VIRTUALIDAD,Masculino,2010-1,2018,Independiente,Información y comunicaciones,1,1,,"100,0%",NaN
2732-Fundación Universitaria Católica del Norte,19219-ESPECIALIZACION EN PEDAGOGIA DE LA VIRTUALIDAD,Masculino,2010-1,2018,No cotizante,Sin información,1,0,,"0,0%",NaN
2732-Fundación Universitaria Católica del Norte,19219-ESPECIALIZACION EN PEDAGOGIA DE LA VIRTUALIDAD,Masculino,2010-1,2019,Dependiente,Actividades de organizaciones y entidades extraterritoriales,1,1,,"100,0%",NaN
2732-Fundación Universitaria Católica del Norte,19219-ESPECIALIZACION EN PEDAGOGIA DE LA VIRTUALIDAD,Masculino,2010-1,2019,Dependiente,Actividades financieras y de seguros,1,1,,"100,0%",NaN
2732-Fundación Universitaria Católica del Norte,19219-ESPECIALIZACION EN PEDAGOGIA DE LA VIRTUALIDAD,Masculino,2010-1,2019,Dependiente,Administración pública y defensa; planes de seguridad social de afiliación obligatoria,1,1,,"100,0%",NaN
2732-Fundación Universitaria Católica del Norte,19219-ESPECIALIZACION EN PEDAGOGIA DE LA VIRTUALIDAD,Masculino,2010-1,2019,Dependiente,Educación,2,2,,"100,0%",NaN
2732-Fundación Universitaria Católica del Norte,19219-ESPECIALIZACION EN PEDAGOGIA DE LA VIRTUALIDAD,Masculino,2010-1,2019,Independiente,Actividades de servicios administrativos y de apoyo,1,1,,"100,0%",NaN
2732-Fundación Universitaria Católica del Norte,19219-ESPECIALIZACION EN PEDAGOGIA DE LA VIRTUALIDAD,Masculino,2010-1,2020,Dependiente,Actividades de organizaciones y entidades extraterritoriales,1,1,,"100,0%",NaN
2732-Fundación Universitaria Católica del Norte,19219-ESPECIALIZACION EN PEDAGOGIA DE LA VIRTUALIDAD,Masculino,2010-1,2020,Dependiente,Actividades de servicios administrativos y de apoyo,1,1,,"100,0%",NaN
2732-Fundación Universitaria Católica del Norte,19219-ESPECIALIZACION EN PEDAGOGIA DE LA VIRTUALIDAD,Masculino,2010-1,2020,Dependiente,Actividades financieras y de seguros,1,1,,"100,0%",NaN
2732-Fundación Universitaria Católica del Norte,19219-ESPECIALIZACION EN PEDAGOGIA DE LA VIRTUALIDAD,Masculino,2010-1,2020,Dependiente,Administración pública y defensa; planes de seguridad social de afiliación obligatoria,1,1,,"100,0%",NaN
2732-Fundación Universitaria Católica del Norte,19219-ESPECIALIZACION EN PEDAGOGIA DE LA VIRTUALIDAD,Masculino,2010-1,2020,Dependiente,Educación,1,1,,"100,0%",NaN
2732-Fundación Universitaria Católica del Norte,19219-ESPECIALIZACION EN PEDAGOGIA DE LA VIRTUALIDAD,Masculino,2010-1,2020,No cotizante,Sin información,1,0,,"0,0%",NaN
2732-Fundación Universitaria Católica del Norte,19219-ESPECIALIZACION EN PEDAGOGIA DE LA VIRTUALIDAD,Masculino,2010-1,2021,Dependiente,Actividades de organizaciones y entidades extraterritoriales,1,1,,"100,0%",NaN
2732-Fundación Universitaria Católica del Norte,19219-ESPECIALIZACION EN PEDAGOGIA DE LA VIRTUALIDAD,Masculino,2010-1,2021,Dependiente,Actividades financieras y de seguros,1,1,,"100,0%",NaN
2732-Fundación Universitaria Católica del Norte,19219-ESPECIALIZACION EN PEDAGOGIA DE LA VIRTUALIDAD,Masculino,2010-1,2021,Dependiente,Administración pública y defensa; planes de seguridad social de afiliación obligatoria,1,1,,"100,0%",NaN
2732-Fundación Universitaria Católica del Norte,19219-ESPECIALIZACION EN PEDAGOGIA DE LA VIRTUALIDAD,Masculino,2010-1,2021,Dependiente,Educación,1,1,,"100,0%",NaN
2732-Fundación Universitaria Católica del Norte,19219-ESPECIALIZACION EN PEDAGOGIA DE LA VIRTUALIDAD,Masculino,2010-1,2021,Independiente,Educación,1,1,,"100,0%",NaN
2732-Fundación Universitaria Católica del Norte,19219-ESPECIALIZACION EN PEDAGOGIA DE LA VIRTUALIDAD,Masculino,2010-1,2021,No cotizante,Sin información,1,0,,"0,0%",NaN
2732-Fundación Universitaria Católica del Norte,19219-ESPECIALIZACION EN PEDAGOGIA DE LA VIRTUALIDAD,Masculino,2010-1,2022,Dependiente,Actividades de organizaciones y entidades extraterritoriales,1,1,,"100,0%",NaN
2732-Fundación Universitaria Católica del Norte,19219-ESPECIALIZACION EN PEDAGOGIA DE LA VIRTUALIDAD,Masculino,2010-1,2022,Dependiente,Actividades financieras y de seguros,1,1,,"100,0%",NaN
2732-Fundación Universitaria Católica del Norte,19219-ESPECIALIZACION EN PEDAGOGIA DE LA VIRTUALIDAD,Masculino,2010-1,2022,Dependiente,Administración pública y defensa; planes de seguridad social de afiliación obligatoria,1,1,,"100,0%",NaN
2732-Fundación Universitaria Católica del Norte,19219-ESPECIALIZACION EN PEDAGOGIA DE LA VIRTUALIDAD,Masculino,2010-1,2022,Dependiente,Educación,2,2,,"100,0%",NaN
2732-Fundación Universitaria Católica del Norte,19219-ESPECIALIZACION EN PEDAGOGIA DE LA VIRTUALIDAD,Masculino,2010-1,2022,No cotizante,SIN DATO,1,0,,"0,0%",NaN
2732-Fundación Universitaria Católica del Norte,19219-ESPECIALIZACION EN PEDAGOGIA DE LA VIRTUALIDAD,Masculino,2010-1,2023,Dependiente,Actividades de organizaciones y entidades extraterritoriales,1,1,,"100,0%",NaN
2732-Fundación Universitaria Católica del Norte,19219-ESPECIALIZACION EN PEDAGOGIA DE LA VIRTUALIDAD,Masculino,2010-1,2023,Dependiente,Actividades de servicios administrativos y de apoyo,1,1,,"100,0%",NaN
2732-Fundación Universitaria Católica del Norte,19219-ESPECIALIZACION EN PEDAGOGIA DE LA VIRTUALIDAD,Masculino,2010-1,2023,Dependiente,Actividades financieras y de seguros,1,1,,"100,0%",NaN
2732-Fundación Universitaria Católica del Norte,19219-ESPECIALIZACION EN PEDAGOGIA DE LA VIRTUALIDAD,Masculino,2010-1,2023,Dependiente,Administración pública y defensa; planes de seguridad social de afiliación obligatoria,1,1,,"100,0%",NaN
2732-Fundación Universitaria Católica del Norte,19219-ESPECIALIZACION EN PEDAGOGIA DE LA VIRTUALIDAD,Masculino,2010-1,2023,No cotizante,SIN DATO,1,0,,"0,0%",NaN
2732-Fundación Universitaria Católica del Norte,5097-INGENIERIA INFORMATICA,Femenino,2010-1,2016,Dependiente,Actividades inmobiliarias,1,1,,"100,0%",$1.500.000
2732-Fundación Universitaria Católica del Norte,5097-INGENIERIA INFORMATICA,Femenino,2010-1,2016,Dependiente,Explotación de minas y canteras,1,1,,"100,0%",$1.500.000
2732-Fundación Universitaria Católica del Norte,5097-INGENIERIA INFORMATICA,Femenino,2010-1,2016,Dependiente,Información y comunicaciones,4,4,,"100,0%",$3.092.000
2732-Fundación Universitaria Católica del Norte,5097-INGENIERIA INFORMATICA,Femenino,2010-1,2016,Dependiente,Sin información,3,3,,"100,0%",$6.703.000
2732-Fundación Universitaria Católica del Norte,5097-INGENIERIA INFORMATICA,Femenino,2010-1,2016,Independiente,Sin información,3,3,,"100,0%",NaN
2732-Fundación Universitaria Católica del Norte,5097-INGENIERIA INFORMATICA,Femenino,2010-1,2016,No cotizante,Sin información,3,0,,"0,0%",NaN
2732-Fundación Universitaria Católica del Norte,5097-INGENIERIA INFORMATICA,Femenino,2010-1,2017,Dependiente,Actividades de servicios administrativos y de apoyo,1,1,,"100,0%",NaN
2732-Fundación Universitaria Católica del Norte,5097-INGENIERIA INFORMATICA,Femenino,2010-1,2017,Dependiente,Actividades financieras y de seguros,1,1,,"100,0%",NaN
2732-Fundación Universitaria Católica del Norte,5097-INGENIERIA INFORMATICA,Femenino,2010-1,2017,Dependiente,"Actividades profesionales, científicas y técnicas",3,3,,"100,0%",NaN
2732-Fundación Universitaria Católica del Norte,5097-INGENIERIA INFORMATICA,Femenino,2010-1,2017,Dependiente,Administración pública y defensa; planes de seguridad social de afiliación obligatoria,1,1,,"100,0%",NaN
2732-Fundación Universitaria Católica del Norte,5097-INGENIERIA INFORMATICA,Femenino,2010-1,2017,Dependiente,Comercio al por mayor y al por menor; reparación de vehículos automotores y motocicletas,2,2,,"100,0%",NaN
2732-Fundación Universitaria Católica del Norte,5097-INGENIERIA INFORMATICA,Femenino,2010-1,2017,Dependiente,Información y comunicaciones,1,1,,"100,0%",NaN
2732-Fundación Universitaria Católica del Norte,5097-INGENIERIA INFORMATICA,Femenino,2010-1,2017,Dependiente,Sin información,2,2,,"100,0%",NaN
2732-Fundación Universitaria Católica del Norte,5097-INGENIERIA INFORMATICA,Femenino,2010-1,2017,Independiente,Otras actividades de servicios,1,1,,"100,0%",NaN
2732-Fundación Universitaria Católica del Norte,5097-INGENIERIA INFORMATICA,Femenino,2010-1,2017,Independiente,Sin información,3,3,,"100,0%",NaN
2732-Fundación Universitaria Católica del Norte,5097-INGENIERIA INFORMATICA,Femenino,2010-1,2017,No cotizante,Sin información,2,0,,"0,0%",NaN
2732-Fundación Universitaria Católica del Norte,5097-INGENIERIA INFORMATICA,Femenino,2010-1,2018,Dependiente,Actividades de servicios administrativos y de apoyo,1,1,,"100,0%",NaN
2732-Fundación Universitaria Católica del Norte,5097-INGENIERIA INFORMATICA,Femenino,2010-1,2018,Dependiente,Actividades financieras y de seguros,1,1,,"100,0%",NaN
2732-Fundación Universitaria Católica del Norte,5097-INGENIERIA INFORMATICA,Femenino,2010-1,2018,Dependiente,"Actividades profesionales, científicas y técnicas",3,3,,"100,0%",NaN
2732-Fundación Universitaria Católica del Norte,5097-INGENIERIA INFORMATICA,Femenino,2010-1,2018,Dependiente,Administración pública y defensa; planes de seguridad social de afiliación obligatoria,1,1,,"100,0%",NaN
2732-Fundación Universitaria Católica del Norte,5097-INGENIERIA INFORMATICA,Femenino,2010-1,2018,Dependiente,Comercio al por mayor y al por menor; reparación de vehículos automotores y motocicletas,2,2,,"100,0%",NaN
2732-Fundación Universitaria Católica del Norte,5097-INGENIERIA INFORMATICA,Femenino,2010-1,2018,Dependiente,Información y comunicaciones,1,1,,"100,0%",NaN
2732-Fundación Universitaria Católica del Norte,5097-INGENIERIA INFORMATICA,Femenino,2010-1,2018,Dependiente,Sin información,2,2,,"100,0%",NaN
2732-Fundación Universitaria Católica del Norte,5097-INGENIERIA INFORMATICA,Femenino,2010-1,2018,Independiente,Otras actividades de servicios,1,1,,"100,0%",NaN
2732-Fundación Universitaria Católica del Norte,5097-INGENIERIA INFORMATICA,Femenino,2010-1,2018,Independiente,Sin información,3,3,,"100,0%",NaN
2732-Fundación Universitaria Católica del Norte,5097-INGENIERIA INFORMATICA,Femenino,2010-1,2018,No cotizante,Sin información,2,0,,"0,0%",NaN
2732-Fundación Universitaria Católica del Norte,5097-INGENIERIA INFORMATICA,Femenino,2010-1,2019,Dependiente,Actividades de servicios administrativos y de apoyo,2,2,,"100,0%",NaN
2732-Fundación Universitaria Católica del Norte,5097-INGENIERIA INFORMATICA,Femenino,2010-1,2019,Dependiente,Actividades financieras y de seguros,1,1,,"100,0%",NaN
2732-Fundación Universitaria Católica del Norte,5097-INGENIERIA INFORMATICA,Femenino,2010-1,2019,Dependiente,"Actividades profesionales, científicas y técnicas",3,3,,"100,0%",NaN
2732-Fundación Universitaria Católica del Norte,5097-INGENIERIA INFORMATICA,Femenino,2010-1,2019,Dependiente,Comercio al por mayor y al por menor; reparación de vehículos automotores y motocicletas,2,2,,"100,0%",NaN
2732-Fundación Universitaria Católica del Norte,5097-INGENIERIA INFORMATICA,Femenino,2010-1,2019,Dependiente,Educación,1,1,,"100,0%",NaN
2732-Fundación Universitaria Católica del Norte,5097-INGENIERIA INFORMATICA,Femenino,2010-1,2019,Independiente,"Actividades profesionales, científicas y técnicas",1,1,,"100,0%",NaN
2732-Fundación Universitaria Católica del Norte,5097-INGENIERIA INFORMATICA,Femenino,2010-1,2019,Independiente,Administración pública y defensa; planes de seguridad social de afiliación obligatoria,2,2,,"100,0%",NaN
2732-Fundación Universitaria Católica del Norte,5097-INGENIERIA INFORMATICA,Femenino,2010-1,2019,Independiente,Información y comunicaciones,1,1,,"100,0%",NaN
2732-Fundación Universitaria Católica del Norte,5097-INGENIERIA INFORMATICA,Femenino,2010-1,2019,Independiente,Sin información,1,1,,"100,0%",NaN
2732-Fundación Universitaria Católica del Norte,5097-INGENIERIA INFORMATICA,Femenino,2010-1,2019,No cotizante,Sin información,2,0,,"0,0%",NaN
2732-Fundación Universitaria Católica del Norte,5097-INGENIERIA INFORMATICA,Femenino,2010-1,2020,Dependiente,Actividades de servicios administrativos y de apoyo,3,3,,"100,0%",NaN
2732-Fundación Universitaria Católica del Norte,5097-INGENIERIA INFORMATICA,Femenino,2010-1,2020,Dependiente,Actividades financieras y de seguros,1,1,,"100,0%",NaN
2732-Fundación Universitaria Católica del Norte,5097-INGENIERIA INFORMATICA,Femenino,2010-1,2020,Dependiente,"Actividades profesionales, científicas y técnicas",3,3,,"100,0%",NaN
2732-Fundación Universitaria Católica del Norte,5097-INGENIERIA INFORMATICA,Femenino,2010-1,2020,Dependiente,Comercio al por mayor y al por menor; reparación de vehículos automotores y motocicletas,2,2,,"100,0%",NaN
2732-Fundación Universitaria Católica del Norte,5097-INGENIERIA INFORMATICA,Femenino,2010-1,2020,Independiente,Información y comunicaciones,1,1,,"100,0%",NaN
2732-Fundación Universitaria Católica del Norte,5097-INGENIERIA INFORMATICA,Femenino,2010-1,2020,Independiente,Otras actividades de servicios,2,2,,"100,0%",NaN
2732-Fundación Universitaria Católica del Norte,5097-INGENIERIA INFORMATICA,Femenino,2010-1,2020,No cotizante,Sin información,4,0,,"0,0%",NaN
2732-Fundación Universitaria Católica del Norte,5097-INGENIERIA INFORMATICA,Femenino,2010-1,2021,Dependiente,Actividades de servicios administrativos y de apoyo,1,1,,"100,0%",NaN
2732-Fundación Universitaria Católica del Norte,5097-INGENIERIA INFORMATICA,Femenino,2010-1,2021,Dependiente,Actividades financieras y de seguros,2,2,,"100,0%",NaN
2732-Fundación Universitaria Católica del Norte,5097-INGENIERIA INFORMATICA,Femenino,2010-1,2021,Dependiente,"Actividades profesionales, científicas y técnicas",2,2,,"100,0%",NaN
2732-Fundación Universitaria Católica del Norte,5097-INGENIERIA INFORMATICA,Femenino,2010-1,2021,Dependiente,Comercio al por mayor y al por menor; reparación de vehículos automotores y motocicletas,1,1,,"100,0%",NaN
2732-Fundación Universitaria Católica del Norte,5097-INGENIERIA INFORMATICA,Femenino,2010-1,2021,Dependiente,Información y comunicaciones,1,1,,"100,0%",NaN
2732-Fundación Universitaria Católica del Norte,5097-INGENIERIA INFORMATICA,Femenino,2010-1,2021,Independiente,Educación,1,1,,"100,0%",NaN
2732-Fundación Universitaria Católica del Norte,5097-INGENIERIA INFORMATICA,Femenino,2010-1,2021,Independiente,Información y comunicaciones,1,1,,"100,0%",NaN
2732-Fundación Universitaria Católica del Norte,5097-INGENIERIA INFORMATICA,Femenino,2010-1,2021,No cotizante,Sin información,5,0,,"0,0%",NaN
2732-Fundación Universitaria Católica del Norte,5097-INGENIERIA INFORMATICA,Femenino,2010-1,2022,Dependiente,Actividades de servicios administrativos y de apoyo,2,2,,"100,0%",NaN
2732-Fundación Universitaria Católica del Norte,5097-INGENIERIA INFORMATICA,Femenino,2010-1,2022,Dependiente,Actividades financieras y de seguros,1,1,,"100,0%",NaN
2732-Fundación Universitaria Católica del Norte,5097-INGENIERIA INFORMATICA,Femenino,2010-1,2022,Dependiente,"Actividades profesionales, científicas y técnicas",3,3,,"100,0%",NaN
2732-Fundación Universitaria Católica del Norte,5097-INGENIERIA INFORMATICA,Femenino,2010-1,2022,Dependiente,Comercio al por mayor y al por menor; reparación de vehículos automotores y motocicletas,1,1,,"100,0%",NaN
2732-Fundación Universitaria Católica del Norte,5097-INGENIERIA INFORMATICA,Femenino,2010-1,2022,Independiente,Educación,1,1,,"100,0%",NaN
2732-Fundación Universitaria Católica del Norte,5097-INGENIERIA INFORMATICA,Femenino,2010-1,2022,Independiente,Información y comunicaciones,1,1,,"100,0%",NaN
2732-Fundación Universitaria Católica del Norte,5097-INGENIERIA INFORMATICA,Femenino,2010-1,2022,No cotizante,SIN DATO,5,0,,"0,0%",NaN
2732-Fundación Universitaria Católica del Norte,5097-INGENIERIA INFORMATICA,Femenino,2010-1,2023,Dependiente,Actividades de servicios administrativos y de apoyo,1,1,,"100,0%",NaN
2732-Fundación Universitaria Católica del Norte,5097-INGENIERIA INFORMATICA,Femenino,2010-1,2023,Dependiente,Actividades financieras y de seguros,1,1,,"100,0%",NaN
2732-Fundación Universitaria Católica del Norte,5097-INGENIERIA INFORMATICA,Femenino,2010-1,2023,Dependiente,"Actividades profesionales, científicas y técnicas",3,3,,"100,0%",NaN
2732-Fundación Universitaria Católica del Norte,5097-INGENIERIA INFORMATICA,Femenino,2010-1,2023,Dependiente,Comercio al por mayor y al por menor; reparación de vehículos automotores y motocicletas,1,1,,"100,0%",NaN
2732-Fundación Universitaria Católica del Norte,5097-INGENIERIA INFORMATICA,Femenino,2010-1,2023,Dependiente,Información y comunicaciones,1,1,,"100,0%",NaN
2732-Fundación Universitaria Católica del Norte,5097-INGENIERIA INFORMATICA,Femenino,2010-1,2023,Independiente,Administración pública y defensa; planes de seguridad social de afiliación obligatoria,1,1,,"100,0%",NaN
2732-Fundación Universitaria Católica del Norte,5097-INGENIERIA INFORMATICA,Femenino,2010-1,2023,Independiente,Educación,1,1,,"100,0%",NaN
2732-Fundación Universitaria Católica del Norte,5097-INGENIERIA INFORMATICA,Femenino,2010-1,2023,Independiente,Información y comunicaciones,1,1,,"100,0%",NaN
2732-Fundación Universitaria Católica del Norte,5097-INGENIERIA INFORMATICA,Femenino,2010-1,2023,No cotizante,SIN DATO,4,0,,"0,0%",NaN
2732-Fundación Universitaria Católica del Norte,5097-INGENIERIA INFORMATICA,Masculino,2010-1,2016,Dependiente,Actividades de servicios administrativos y de apoyo,1,1,,"100,0%",$689.455
2732-Fundación Universitaria Católica del Norte,5097-INGENIERIA INFORMATICA,Masculino,2010-1,2016,Dependiente,Actividades financieras y de seguros,1,1,,"100,0%",$4.969.455
2732-Fundación Universitaria Católica del Norte,5097-INGENIERIA INFORMATICA,Masculino,2010-1,2016,Dependiente,Administración pública y defensa; planes de seguridad social de afiliación obligatoria,4,4,,"100,0%",$1.913.750
2732-Fundación Universitaria Católica del Norte,5097-INGENIERIA INFORMATICA,Masculino,2010-1,2016,Dependiente,Comercio al por mayor y al por menor; reparación de vehículos automotores y motocicletas,2,2,,"100,0%",$5.364.500
2732-Fundación Universitaria Católica del Norte,5097-INGENIERIA INFORMATICA,Masculino,2010-1,2016,Dependiente,"Distribución de agua; evacuación y tratamiento de aguas residuales, gestión de desechos y actividades de saneamiento ambiental",1,1,,"100,0%",$4.000.000
2732-Fundación Universitaria Católica del Norte,5097-INGENIERIA INFORMATICA,Masculino,2010-1,2016,Dependiente,Educación,2,2,,"100,0%",$2.014.500
2732-Fundación Universitaria Católica del Norte,5097-INGENIERIA INFORMATICA,Masculino,2010-1,2016,Dependiente,Información y comunicaciones,4,4,,"100,0%",$3.745.000
2732-Fundación Universitaria Católica del Norte,5097-INGENIERIA INFORMATICA,Masculino,2010-1,2016,Dependiente,Sin información,3,3,,"100,0%",$3.816.667
2732-Fundación Universitaria Católica del Norte,5097-INGENIERIA INFORMATICA,Masculino,2010-1,2016,Independiente,"Actividades profesionales, científicas y técnicas",1,1,,"100,0%",NaN
2732-Fundación Universitaria Católica del Norte,5097-INGENIERIA INFORMATICA,Masculino,2010-1,2016,Independiente,Información y comunicaciones,1,1,,"100,0%",NaN
2732-Fundación Universitaria Católica del Norte,5097-INGENIERIA INFORMATICA,Masculino,2010-1,2016,Independiente,Sin información,1,1,,"100,0%",NaN
2732-Fundación Universitaria Católica del Norte,5097-INGENIERIA INFORMATICA,Masculino,2010-1,2016,No cotizante,Sin información,1,0,,"0,0%",NaN
2732-Fundación Universitaria Católica del Norte,5097-INGENIERIA INFORMATICA,Masculino,2010-1,2017,Dependiente,Actividades de servicios administrativos y de apoyo,1,1,,"100,0%",NaN
2732-Fundación Universitaria Católica del Norte,5097-INGENIERIA INFORMATICA,Masculino,2010-1,2017,Dependiente,Actividades financieras y de seguros,1,1,,"100,0%",NaN
2732-Fundación Universitaria Católica del Norte,5097-INGENIERIA INFORMATICA,Masculino,2010-1,2017,Dependiente,Administración pública y defensa; planes de seguridad social de afiliación obligatoria,2,2,,"100,0%",NaN
2732-Fundación Universitaria Católica del Norte,5097-INGENIERIA INFORMATICA,Masculino,2010-1,2017,Dependiente,Comercio al por mayor y al por menor; reparación de vehículos automotores y motocicletas,3,3,,"100,0%",NaN
2732-Fundación Universitaria Católica del Norte,5097-INGENIERIA INFORMATICA,Masculino,2010-1,2017,Dependiente,Educación,1,1,,"100,0%",NaN
2732-Fundación Universitaria Católica del Norte,5097-INGENIERIA INFORMATICA,Masculino,2010-1,2017,Dependiente,Información y comunicaciones,4,4,,"100,0%",NaN
2732-Fundación Universitaria Católica del Norte,5097-INGENIERIA INFORMATICA,Masculino,2010-1,2017,Dependiente,Sin información,5,5,,"100,0%",NaN
2732-Fundación Universitaria Católica del Norte,5097-INGENIERIA INFORMATICA,Masculino,2010-1,2017,Independiente,Educación,1,1,,"100,0%",NaN
2732-Fundación Universitaria Católica del Norte,5097-INGENIERIA INFORMATICA,Masculino,2010-1,2017,Independiente,Sin información,2,2,,"100,0%",NaN
2732-Fundación Universitaria Católica del Norte,5097-INGENIERIA INFORMATICA,Masculino,2010-1,2017,No cotizante,Sin información,3,0,,"0,0%",NaN
2732-Fundación Universitaria Católica del Norte,5097-INGENIERIA INFORMATICA,Masculino,2010-1,2018,Dependiente,"Actividades profesionales, científicas y técnicas",1,1,,"100,0%",NaN
2732-Fundación Universitaria Católica del Norte,5097-INGENIERIA INFORMATICA,Masculino,2010-1,2018,Dependiente,Administración pública y defensa; planes de seguridad social de afiliación obligatoria,2,2,,"100,0%",NaN
2732-Fundación Universitaria Católica del Norte,5097-INGENIERIA INFORMATICA,Masculino,2010-1,2018,Dependiente,Comercio al por mayor y al por menor; reparación de vehículos automotores y motocicletas,1,1,,"100,0%",NaN
2732-Fundación Universitaria Católica del Norte,5097-INGENIERIA INFORMATICA,Masculino,2010-1,2018,Dependiente,Educación,1,1,,"100,0%",NaN
2732-Fundación Universitaria Católica del Norte,5097-INGENIERIA INFORMATICA,Masculino,2010-1,2018,Dependiente,Información y comunicaciones,5,5,,"100,0%",NaN
2732-Fundación Universitaria Católica del Norte,5097-INGENIERIA INFORMATICA,Masculino,2010-1,2018,Dependiente,Sin información,6,6,,"100,0%",NaN
2732-Fundación Universitaria Católica del Norte,5097-INGENIERIA INFORMATICA,Masculino,2010-1,2018,Dependiente,"Suministro de electricidad, gas, vapor y aire acondicionado",1,1,,"100,0%",NaN
2732-Fundación Universitaria Católica del Norte,5097-INGENIERIA INFORMATICA,Masculino,2010-1,2018,Independiente,Educación,1,1,,"100,0%",NaN
2732-Fundación Universitaria Católica del Norte,5097-INGENIERIA INFORMATICA,Masculino,2010-1,2018,Independiente,Sin información,2,2,,"100,0%",NaN
2732-Fundación Universitaria Católica del Norte,5097-INGENIERIA INFORMATICA,Masculino,2010-1,2018,No cotizante,Sin información,3,0,,"0,0%",NaN
2732-Fundación Universitaria Católica del Norte,5097-INGENIERIA INFORMATICA,Masculino,2010-1,2019,Dependiente,"Actividades profesionales, científicas y técnicas",1,1,,"100,0%",NaN
2732-Fundación Universitaria Católica del Norte,5097-INGENIERIA INFORMATICA,Masculino,2010-1,2019,Dependiente,Administración pública y defensa; planes de seguridad social de afiliación obligatoria,2,2,,"100,0%",NaN
2732-Fundación Universitaria Católica del Norte,5097-INGENIERIA INFORMATICA,Masculino,2010-1,2019,Dependiente,Comercio al por mayor y al por menor; reparación de vehículos automotores y motocicletas,2,2,,"100,0%",NaN
2732-Fundación Universitaria Católica del Norte,5097-INGENIERIA INFORMATICA,Masculino,2010-1,2019,Dependiente,Construccion,1,1,,"100,0%",NaN
2732-Fundación Universitaria Católica del Norte,5097-INGENIERIA INFORMATICA,Masculino,2010-1,2019,Dependiente,Educación,1,1,,"100,0%",NaN
2732-Fundación Universitaria Católica del Norte,5097-INGENIERIA INFORMATICA,Masculino,2010-1,2019,Dependiente,Información y comunicaciones,6,6,,"100,0%",NaN
2732-Fundación Universitaria Católica del Norte,5097-INGENIERIA INFORMATICA,Masculino,2010-1,2019,Dependiente,Sin información,2,2,,"100,0%",NaN
2732-Fundación Universitaria Católica del Norte,5097-INGENIERIA INFORMATICA,Masculino,2010-1,2019,Dependiente,"Suministro de electricidad, gas, vapor y aire acondicionado",1,1,,"100,0%",NaN
2732-Fundación Universitaria Católica del Norte,5097-INGENIERIA INFORMATICA,Masculino,2010-1,2019,Independiente,"Actividades profesionales, científicas y técnicas",1,1,,"100,0%",NaN
2732-Fundación Universitaria Católica del Norte,5097-INGENIERIA INFORMATICA,Masculino,2010-1,2019,Independiente,"Agricultura, ganadería, caza, silvicultura y pesca",1,1,,"100,0%",NaN
2732-Fundación Universitaria Católica del Norte,5097-INGENIERIA INFORMATICA,Masculino,2010-1,2019,Independiente,Sin información,1,1,,"100,0%",NaN
2732-Fundación Universitaria Católica del Norte,5097-INGENIERIA INFORMATICA,Masculino,2010-1,2019,No cotizante,Sin información,2,0,,"0,0%",NaN
2732-Fundación Universitaria Católica del Norte,5097-INGENIERIA INFORMATICA,Masculino,2010-1,2020,Dependiente,Actividades de servicios administrativos y de apoyo,1,1,,"100,0%",NaN
2732-Fundación Universitaria Católica del Norte,5097-INGENIERIA INFORMATICA,Masculino,2010-1,2020,Dependiente,"Actividades profesionales, científicas y técnicas",1,1,,"100,0%",NaN
2732-Fundación Universitaria Católica del Norte,5097-INGENIERIA INFORMATICA,Masculino,2010-1,2020,Dependiente,Administración pública y defensa; planes de seguridad social de afiliación obligatoria,2,2,,"100,0%",NaN
2732-Fundación Universitaria Católica del Norte,5097-INGENIERIA INFORMATICA,Masculino,2010-1,2020,Dependiente,Comercio al por mayor y al por menor; reparación de vehículos automotores y motocicletas,1,1,,"100,0%",NaN
2732-Fundación Universitaria Católica del Norte,5097-INGENIERIA INFORMATICA,Masculino,2010-1,2020,Dependiente,Construccion,2,2,,"100,0%",NaN
2732-Fundación Universitaria Católica del Norte,5097-INGENIERIA INFORMATICA,Masculino,2010-1,2020,Dependiente,Educación,1,1,,"100,0%",NaN
2732-Fundación Universitaria Católica del Norte,5097-INGENIERIA INFORMATICA,Masculino,2010-1,2020,Dependiente,Información y comunicaciones,5,5,,"100,0%",NaN
2732-Fundación Universitaria Católica del Norte,5097-INGENIERIA INFORMATICA,Masculino,2010-1,2020,Dependiente,"Suministro de electricidad, gas, vapor y aire acondicionado",1,1,,"100,0%",NaN
2732-Fundación Universitaria Católica del Norte,5097-INGENIERIA INFORMATICA,Masculino,2010-1,2020,Independiente,"Actividades profesionales, científicas y técnicas",1,1,,"100,0%",NaN
2732-Fundación Universitaria Católica del Norte,5097-INGENIERIA INFORMATICA,Masculino,2010-1,2020,Independiente,Otras actividades de servicios,1,1,,"100,0%",NaN
2732-Fundación Universitaria Católica del Norte,5097-INGENIERIA INFORMATICA,Masculino,2010-1,2020,No cotizante,Sin información,4,0,,"0,0%",NaN
2732-Fundación Universitaria Católica del Norte,5097-INGENIERIA INFORMATICA,Masculino,2010-1,2021,Dependiente,Actividades de servicios administrativos y de apoyo,1,1,,"100,0%",NaN
2732-Fundación Universitaria Católica del Norte,5097-INGENIERIA INFORMATICA,Masculino,2010-1,2021,Dependiente,Administración pública y defensa; planes de seguridad social de afiliación obligatoria,1,1,,"100,0%",NaN
2732-Fundación Universitaria Católica del Norte,5097-INGENIERIA INFORMATICA,Masculino,2010-1,2021,Dependiente,Comercio al por mayor y al por menor; reparación de vehículos automotores y motocicletas,2,2,,"100,0%",NaN
2732-Fundación Universitaria Católica del Norte,5097-INGENIERIA INFORMATICA,Masculino,2010-1,2021,Dependiente,Educación,1,1,,"100,0%",NaN
2732-Fundación Universitaria Católica del Norte,5097-INGENIERIA INFORMATICA,Masculino,2010-1,2021,Dependiente,Explotación de minas y canteras,1,1,,"100,0%",NaN
2732-Fundación Universitaria Católica del Norte,5097-INGENIERIA INFORMATICA,Masculino,2010-1,2021,Dependiente,Información y comunicaciones,5,5,,"100,0%",NaN
2732-Fundación Universitaria Católica del Norte,5097-INGENIERIA INFORMATICA,Masculino,2010-1,2021,Dependiente,"Suministro de electricidad, gas, vapor y aire acondicionado",1,1,,"100,0%",NaN
2732-Fundación Universitaria Católica del Norte,5097-INGENIERIA INFORMATICA,Masculino,2010-1,2021,Independiente,"Actividades profesionales, científicas y técnicas",1,1,,"100,0%",NaN
2732-Fundación Universitaria Católica del Norte,5097-INGENIERIA INFORMATICA,Masculino,2010-1,2021,Independiente,Otras actividades de servicios,1,1,,"100,0%",NaN
2732-Fundación Universitaria Católica del Norte,5097-INGENIERIA INFORMATICA,Masculino,2010-1,2021,No cotizante,Sin información,5,0,,"0,0%",NaN
2732-Fundación Universitaria Católica del Norte,5097-INGENIERIA INFORMATICA,Masculino,2010-1,2022,Dependiente,Actividades de servicios administrativos y de apoyo,1,1,,"100,0%",NaN
2732-Fundación Universitaria Católica del Norte,5097-INGENIERIA INFORMATICA,Masculino,2010-1,2022,Dependiente,"Actividades profesionales, científicas y técnicas",1,1,,"100,0%",NaN
2732-Fundación Universitaria Católica del Norte,5097-INGENIERIA INFORMATICA,Masculino,2010-1,2022,Dependiente,Administración pública y defensa; planes de seguridad social de afiliación obligatoria,1,1,,"100,0%",NaN
2732-Fundación Universitaria Católica del Norte,5097-INGENIERIA INFORMATICA,Masculino,2010-1,2022,Dependiente,Comercio al por mayor y al por menor; reparación de vehículos automotores y motocicletas,1,1,,"100,0%",NaN
2732-Fundación Universitaria Católica del Norte,5097-INGENIERIA INFORMATICA,Masculino,2010-1,2022,Dependiente,Educación,1,1,,"100,0%",NaN
2732-Fundación Universitaria Católica del Norte,5097-INGENIERIA INFORMATICA,Masculino,2010-1,2022,Dependiente,Explotación de minas y canteras,1,1,,"100,0%",NaN
2732-Fundación Universitaria Católica del Norte,5097-INGENIERIA INFORMATICA,Masculino,2010-1,2022,Dependiente,Industrias manufactureras,1,1,,"100,0%",NaN
2732-Fundación Universitaria Católica del Norte,5097-INGENIERIA INFORMATICA,Masculino,2010-1,2022,Dependiente,Información y comunicaciones,5,5,,"100,0%",NaN
2732-Fundación Universitaria Católica del Norte,5097-INGENIERIA INFORMATICA,Masculino,2010-1,2022,Dependiente,Otras actividades de servicios,1,1,,"100,0%",NaN
2732-Fundación Universitaria Católica del Norte,5097-INGENIERIA INFORMATICA,Masculino,2010-1,2022,Dependiente,"Suministro de electricidad, gas, vapor y aire acondicionado",1,1,,"100,0%",NaN
2732-Fundación Universitaria Católica del Norte,5097-INGENIERIA INFORMATICA,Masculino,2010-1,2022,Independiente,"Actividades profesionales, científicas y técnicas",1,1,,"100,0%",NaN
2732-Fundación Universitaria Católica del Norte,5097-INGENIERIA INFORMATICA,Masculino,2010-1,2022,No cotizante,SIN DATO,4,0,,"0,0%",NaN
2732-Fundación Universitaria Católica del Norte,5097-INGENIERIA INFORMATICA,Masculino,2010-1,2023,Dependiente,Actividades de servicios administrativos y de apoyo,1,1,,"100,0%",NaN
2732-Fundación Universitaria Católica del Norte,5097-INGENIERIA INFORMATICA,Masculino,2010-1,2023,Dependiente,"Actividades profesionales, científicas y técnicas",1,1,,"100,0%",NaN
2732-Fundación Universitaria Católica del Norte,5097-INGENIERIA INFORMATICA,Masculino,2010-1,2023,Dependiente,Administración pública y defensa; planes de seguridad social de afiliación obligatoria,1,1,,"100,0%",NaN
2732-Fundación Universitaria Católica del Norte,5097-INGENIERIA INFORMATICA,Masculino,2010-1,2023,Dependiente,Comercio al por mayor y al por menor; reparación de vehículos automotores y motocicletas,1,1,,"100,0%",NaN
2732-Fundación Universitaria Católica del Norte,5097-INGENIERIA INFORMATICA,Masculino,2010-1,2023,Dependiente,Educación,1,1,,"100,0%",NaN
2732-Fundación Universitaria Católica del Norte,5097-INGENIERIA INFORMATICA,Masculino,2010-1,2023,Dependiente,Información y comunicaciones,5,5,,"100,0%",NaN
2732-Fundación Universitaria Católica del Norte,5097-INGENIERIA INFORMATICA,Masculino,2010-1,2023,Dependiente,"Suministro de electricidad, gas, vapor y aire acondicionado",1,1,,"100,0%",NaN
2732-Fundación Universitaria Católica del Norte,5097-INGENIERIA INFORMATICA,Masculino,2010-1,2023,Dependiente,Transporte y almacenamiento,1,1,,"100,0%",NaN
2732-Fundación Universitaria Católica del Norte,5097-INGENIERIA INFORMATICA,Masculino,2010-1,2023,Independiente,"Actividades profesionales, científicas y técnicas",1,1,,"100,0%",NaN
2732-Fundación Universitaria Católica del Norte,5097-INGENIERIA INFORMATICA,Masculino,2010-1,2023,No cotizante,SIN DATO,6,0,,"0,0%",NaN
2732-Fundación Universitaria Católica del Norte,9570-LICENCIATURA EN FILOSOFIA Y EDUCACION RELIGIOSA,Femenino,2010-1,2016,Dependiente,Administración pública y defensa; planes de seguridad social de afiliación obligatoria,4,4,,"100,0%",$1.992.614
2732-Fundación Universitaria Católica del Norte,9570-LICENCIATURA EN FILOSOFIA Y EDUCACION RELIGIOSA,Femenino,2010-1,2016,Dependiente,Educación,1,1,,"100,0%",$1.570.000
2732-Fundación Universitaria Católica del Norte,9570-LICENCIATURA EN FILOSOFIA Y EDUCACION RELIGIOSA,Femenino,2010-1,2016,No cotizante,Sin información,3,0,,"0,0%",NaN
2732-Fundación Universitaria Católica del Norte,9570-LICENCIATURA EN FILOSOFIA Y EDUCACION RELIGIOSA,Femenino,2010-1,2017,Dependiente,"Actividades profesionales, científicas y técnicas",1,1,,"100,0%",NaN
2732-Fundación Universitaria Católica del Norte,9570-LICENCIATURA EN FILOSOFIA Y EDUCACION RELIGIOSA,Femenino,2010-1,2017,Dependiente,Administración pública y defensa; planes de seguridad social de afiliación obligatoria,1,1,,"100,0%",NaN
2732-Fundación Universitaria Católica del Norte,9570-LICENCIATURA EN FILOSOFIA Y EDUCACION RELIGIOSA,Femenino,2010-1,2017,Dependiente,Educación,4,4,,"100,0%",NaN
2732-Fundación Universitaria Católica del Norte,9570-LICENCIATURA EN FILOSOFIA Y EDUCACION RELIGIOSA,Femenino,2010-1,2017,Independiente,"Actividades profesionales, científicas y técnicas",1,1,,"100,0%",NaN
2732-Fundación Universitaria Católica del Norte,9570-LICENCIATURA EN FILOSOFIA Y EDUCACION RELIGIOSA,Femenino,2010-1,2017,No cotizante,Sin información,3,0,,"0,0%",NaN
2732-Fundación Universitaria Católica del Norte,9570-LICENCIATURA EN FILOSOFIA Y EDUCACION RELIGIOSA,Femenino,2010-1,2018,Dependiente,"Actividades profesionales, científicas y técnicas",1,1,,"100,0%",NaN
2732-Fundación Universitaria Católica del Norte,9570-LICENCIATURA EN FILOSOFIA Y EDUCACION RELIGIOSA,Femenino,2010-1,2018,Dependiente,Administración pública y defensa; planes de seguridad social de afiliación obligatoria,1,1,,"100,0%",NaN
2732-Fundación Universitaria Católica del Norte,9570-LICENCIATURA EN FILOSOFIA Y EDUCACION RELIGIOSA,Femenino,2010-1,2018,Dependiente,Educación,4,4,,"100,0%",NaN
2732-Fundación Universitaria Católica del Norte,9570-LICENCIATURA EN FILOSOFIA Y EDUCACION RELIGIOSA,Femenino,2010-1,2018,Independiente,"Actividades profesionales, científicas y técnicas",2,2,,"100,0%",NaN
2732-Fundación Universitaria Católica del Norte,9570-LICENCIATURA EN FILOSOFIA Y EDUCACION RELIGIOSA,Femenino,2010-1,2018,No cotizante,Sin información,2,0,,"0,0%",NaN
2732-Fundación Universitaria Católica del Norte,9570-LICENCIATURA EN FILOSOFIA Y EDUCACION RELIGIOSA,Femenino,2010-1,2019,Dependiente,"Actividades profesionales, científicas y técnicas",2,2,,"100,0%",NaN
2732-Fundación Universitaria Católica del Norte,9570-LICENCIATURA EN FILOSOFIA Y EDUCACION RELIGIOSA,Femenino,2010-1,2019,Dependiente,Administración pública y defensa; planes de seguridad social de afiliación obligatoria,3,3,,"100,0%",NaN
2732-Fundación Universitaria Católica del Norte,9570-LICENCIATURA EN FILOSOFIA Y EDUCACION RELIGIOSA,Femenino,2010-1,2019,Dependiente,Educación,1,1,,"100,0%",NaN
2732-Fundación Universitaria Católica del Norte,9570-LICENCIATURA EN FILOSOFIA Y EDUCACION RELIGIOSA,Femenino,2010-1,2019,No cotizante,Sin información,3,0,,"0,0%",NaN
2732-Fundación Universitaria Católica del Norte,9570-LICENCIATURA EN FILOSOFIA Y EDUCACION RELIGIOSA,Femenino,2010-1,2020,Dependiente,"Actividades profesionales, científicas y técnicas",2,2,,"100,0%",NaN
2732-Fundación Universitaria Católica del Norte,9570-LICENCIATURA EN FILOSOFIA Y EDUCACION RELIGIOSA,Femenino,2010-1,2020,Dependiente,Administración pública y defensa; planes de seguridad social de afiliación obligatoria,3,3,,"100,0%",NaN
2732-Fundación Universitaria Católica del Norte,9570-LICENCIATURA EN FILOSOFIA Y EDUCACION RELIGIOSA,Femenino,2010-1,2020,Dependiente,Educación,1,1,,"100,0%",NaN
2732-Fundación Universitaria Católica del Norte,9570-LICENCIATURA EN FILOSOFIA Y EDUCACION RELIGIOSA,Femenino,2010-1,2020,No cotizante,Sin información,3,0,,"0,0%",NaN
2732-Fundación Universitaria Católica del Norte,9570-LICENCIATURA EN FILOSOFIA Y EDUCACION RELIGIOSA,Femenino,2010-1,2021,Dependiente,Actividades de servicios administrativos y de apoyo,1,1,,"100,0%",NaN
2732-Fundación Universitaria Católica del Norte,9570-LICENCIATURA EN FILOSOFIA Y EDUCACION RELIGIOSA,Femenino,2010-1,2021,Dependiente,Administración pública y defensa; planes de seguridad social de afiliación obligatoria,3,3,,"100,0%",NaN
2732-Fundación Universitaria Católica del Norte,9570-LICENCIATURA EN FILOSOFIA Y EDUCACION RELIGIOSA,Femenino,2010-1,2021,Dependiente,Educación,1,1,,"100,0%",NaN
2732-Fundación Universitaria Católica del Norte,9570-LICENCIATURA EN FILOSOFIA Y EDUCACION RELIGIOSA,Femenino,2010-1,2021,No cotizante,Sin información,4,0,,"0,0%",NaN
2732-Fundación Universitaria Católica del Norte,9570-LICENCIATURA EN FILOSOFIA Y EDUCACION RELIGIOSA,Femenino,2010-1,2022,Dependiente,Actividades de servicios administrativos y de apoyo,1,1,,"100,0%",NaN
2732-Fundación Universitaria Católica del Norte,9570-LICENCIATURA EN FILOSOFIA Y EDUCACION RELIGIOSA,Femenino,2010-1,2022,Dependiente,Administración pública y defensa; planes de seguridad social de afiliación obligatoria,3,3,,"100,0%",NaN
2732-Fundación Universitaria Católica del Norte,9570-LICENCIATURA EN FILOSOFIA Y EDUCACION RELIGIOSA,Femenino,2010-1,2022,Dependiente,Educación,1,1,,"100,0%",NaN
2732-Fundación Universitaria Católica del Norte,9570-LICENCIATURA EN FILOSOFIA Y EDUCACION RELIGIOSA,Femenino,2010-1,2022,Independiente,"Actividades profesionales, científicas y técnicas",1,1,,"100,0%",NaN
2732-Fundación Universitaria Católica del Norte,9570-LICENCIATURA EN FILOSOFIA Y EDUCACION RELIGIOSA,Femenino,2010-1,2022,No cotizante,SIN DATO,3,0,,"0,0%",NaN
2732-Fundación Universitaria Católica del Norte,9570-LICENCIATURA EN FILOSOFIA Y EDUCACION RELIGIOSA,Femenino,2010-1,2023,Dependiente,Actividades de servicios administrativos y de apoyo,1,1,,"100,0%",NaN
2732-Fundación Universitaria Católica del Norte,9570-LICENCIATURA EN FILOSOFIA Y EDUCACION RELIGIOSA,Femenino,2010-1,2023,Dependiente,Administración pública y defensa; planes de seguridad social de afiliación obligatoria,3,3,,"100,0%",NaN
2732-Fundación Universitaria Católica del Norte,9570-LICENCIATURA EN FILOSOFIA Y EDUCACION RELIGIOSA,Femenino,2010-1,2023,Dependiente,Educación,1,1,,"100,0%",NaN
2732-Fundación Universitaria Católica del Norte,9570-LICENCIATURA EN FILOSOFIA Y EDUCACION RELIGIOSA,Femenino,2010-1,2023,Dependiente,Otras actividades de servicios,1,1,,"100,0%",NaN
2732-Fundación Universitaria Católica del Norte,9570-LICENCIATURA EN FILOSOFIA Y EDUCACION RELIGIOSA,Femenino,2010-1,2023,No cotizante,SIN DATO,3,0,,"0,0%",NaN
2732-Fundación Universitaria Católica del Norte,9570-LICENCIATURA EN FILOSOFIA Y EDUCACION RELIGIOSA,Masculino,2010-1,2016,Dependiente,Actividades financieras y de seguros,1,1,,"100,0%",$1.129.000
2732-Fundación Universitaria Católica del Norte,9570-LICENCIATURA EN FILOSOFIA Y EDUCACION RELIGIOSA,Masculino,2010-1,2016,Dependiente,Administración pública y defensa; planes de seguridad social de afiliación obligatoria,7,7,,"100,0%",$1.858.429
2732-Fundación Universitaria Católica del Norte,9570-LICENCIATURA EN FILOSOFIA Y EDUCACION RELIGIOSA,Masculino,2010-1,2016,Dependiente,Educación,4,4,,"100,0%",$3.010.250
2732-Fundación Universitaria Católica del Norte,9570-LICENCIATURA EN FILOSOFIA Y EDUCACION RELIGIOSA,Masculino,2010-1,2016,Dependiente,Otras actividades de servicios,1,1,,"100,0%",$2.700.000
2732-Fundación Universitaria Católica del Norte,9570-LICENCIATURA EN FILOSOFIA Y EDUCACION RELIGIOSA,Masculino,2010-1,2016,Independiente,Sin información,2,2,,"100,0%",NaN
2732-Fundación Universitaria Católica del Norte,9570-LICENCIATURA EN FILOSOFIA Y EDUCACION RELIGIOSA,Masculino,2010-1,2016,No cotizante,Sin información,3,0,,"0,0%",NaN
2732-Fundación Universitaria Católica del Norte,9570-LICENCIATURA EN FILOSOFIA Y EDUCACION RELIGIOSA,Masculino,2010-1,2017,Dependiente,Actividades de servicios administrativos y de apoyo,1,1,,"100,0%",NaN
2732-Fundación Universitaria Católica del Norte,9570-LICENCIATURA EN FILOSOFIA Y EDUCACION RELIGIOSA,Masculino,2010-1,2017,Dependiente,"Actividades profesionales, científicas y técnicas",2,2,,"100,0%",NaN
2732-Fundación Universitaria Católica del Norte,9570-LICENCIATURA EN FILOSOFIA Y EDUCACION RELIGIOSA,Masculino,2010-1,2017,Dependiente,Administración pública y defensa; planes de seguridad social de afiliación obligatoria,1,1,,"100,0%",NaN
2732-Fundación Universitaria Católica del Norte,9570-LICENCIATURA EN FILOSOFIA Y EDUCACION RELIGIOSA,Masculino,2010-1,2017,Dependiente,Educación,2,2,,"100,0%",NaN
2732-Fundación Universitaria Católica del Norte,9570-LICENCIATURA EN FILOSOFIA Y EDUCACION RELIGIOSA,Masculino,2010-1,2017,Dependiente,Información y comunicaciones,1,1,,"100,0%",NaN
2732-Fundación Universitaria Católica del Norte,9570-LICENCIATURA EN FILOSOFIA Y EDUCACION RELIGIOSA,Masculino,2010-1,2017,Dependiente,Otras actividades de servicios,1,1,,"100,0%",NaN
2732-Fundación Universitaria Católica del Norte,9570-LICENCIATURA EN FILOSOFIA Y EDUCACION RELIGIOSA,Masculino,2010-1,2017,Dependiente,Sin información,5,5,,"100,0%",NaN
2732-Fundación Universitaria Católica del Norte,9570-LICENCIATURA EN FILOSOFIA Y EDUCACION RELIGIOSA,Masculino,2010-1,2017,Independiente,Sin información,1,1,,"100,0%",NaN
2732-Fundación Universitaria Católica del Norte,9570-LICENCIATURA EN FILOSOFIA Y EDUCACION RELIGIOSA,Masculino,2010-1,2017,Independiente,Transporte y almacenamiento,1,1,,"100,0%",NaN
2732-Fundación Universitaria Católica del Norte,9570-LICENCIATURA EN FILOSOFIA Y EDUCACION RELIGIOSA,Masculino,2010-1,2017,No cotizante,Sin información,1,0,,"0,0%",NaN
2732-Fundación Universitaria Católica del Norte,9570-LICENCIATURA EN FILOSOFIA Y EDUCACION RELIGIOSA,Masculino,2010-1,2018,Dependiente,Actividades de servicios administrativos y de apoyo,1,1,,"100,0%",NaN
2732-Fundación Universitaria Católica del Norte,9570-LICENCIATURA EN FILOSOFIA Y EDUCACION RELIGIOSA,Masculino,2010-1,2018,Dependiente,"Actividades profesionales, científicas y técnicas",2,2,,"100,0%",NaN
2732-Fundación Universitaria Católica del Norte,9570-LICENCIATURA EN FILOSOFIA Y EDUCACION RELIGIOSA,Masculino,2010-1,2018,Dependiente,Educación,3,3,,"100,0%",NaN
2732-Fundación Universitaria Católica del Norte,9570-LICENCIATURA EN FILOSOFIA Y EDUCACION RELIGIOSA,Masculino,2010-1,2018,Dependiente,Información y comunicaciones,1,1,,"100,0%",NaN
2732-Fundación Universitaria Católica del Norte,9570-LICENCIATURA EN FILOSOFIA Y EDUCACION RELIGIOSA,Masculino,2010-1,2018,Dependiente,Otras actividades de servicios,1,1,,"100,0%",NaN
2732-Fundación Universitaria Católica del Norte,9570-LICENCIATURA EN FILOSOFIA Y EDUCACION RELIGIOSA,Masculino,2010-1,2018,Dependiente,Sin información,4,4,,"100,0%",NaN
2732-Fundación Universitaria Católica del Norte,9570-LICENCIATURA EN FILOSOFIA Y EDUCACION RELIGIOSA,Masculino,2010-1,2018,Independiente,Sin información,1,1,,"100,0%",NaN
2732-Fundación Universitaria Católica del Norte,9570-LICENCIATURA EN FILOSOFIA Y EDUCACION RELIGIOSA,Masculino,2010-1,2018,No cotizante,Sin información,2,0,,"0,0%",NaN
2732-Fundación Universitaria Católica del Norte,9570-LICENCIATURA EN FILOSOFIA Y EDUCACION RELIGIOSA,Masculino,2010-1,2019,Dependiente,"Actividades profesionales, científicas y técnicas",3,3,,"100,0%",NaN
2732-Fundación Universitaria Católica del Norte,9570-LICENCIATURA EN FILOSOFIA Y EDUCACION RELIGIOSA,Masculino,2010-1,2019,Dependiente,Administración pública y defensa; planes de seguridad social de afiliación obligatoria,6,6,,"100,0%",NaN
2732-Fundación Universitaria Católica del Norte,9570-LICENCIATURA EN FILOSOFIA Y EDUCACION RELIGIOSA,Masculino,2010-1,2019,Dependiente,Información y comunicaciones,1,1,,"100,0%",NaN
2732-Fundación Universitaria Católica del Norte,9570-LICENCIATURA EN FILOSOFIA Y EDUCACION RELIGIOSA,Masculino,2010-1,2019,Dependiente,Otras actividades de servicios,1,1,,"100,0%",NaN
2732-Fundación Universitaria Católica del Norte,9570-LICENCIATURA EN FILOSOFIA Y EDUCACION RELIGIOSA,Masculino,2010-1,2019,Independiente,Sin información,1,1,,"100,0%",NaN
2732-Fundación Universitaria Católica del Norte,9570-LICENCIATURA EN FILOSOFIA Y EDUCACION RELIGIOSA,Masculino,2010-1,2019,No cotizante,Sin información,2,0,,"0,0%",NaN
2732-Fundación Universitaria Católica del Norte,9570-LICENCIATURA EN FILOSOFIA Y EDUCACION RELIGIOSA,Masculino,2010-1,2020,Dependiente,"Actividades profesionales, científicas y técnicas",3,3,,"100,0%",NaN
2732-Fundación Universitaria Católica del Norte,9570-LICENCIATURA EN FILOSOFIA Y EDUCACION RELIGIOSA,Masculino,2010-1,2020,Dependiente,Administración pública y defensa; planes de seguridad social de afiliación obligatoria,5,5,,"100,0%",NaN
2732-Fundación Universitaria Católica del Norte,9570-LICENCIATURA EN FILOSOFIA Y EDUCACION RELIGIOSA,Masculino,2010-1,2020,Dependiente,Información y comunicaciones,1,1,,"100,0%",NaN
2732-Fundación Universitaria Católica del Norte,9570-LICENCIATURA EN FILOSOFIA Y EDUCACION RELIGIOSA,Masculino,2010-1,2020,Dependiente,Otras actividades de servicios,1,1,,"100,0%",NaN
2732-Fundación Universitaria Católica del Norte,9570-LICENCIATURA EN FILOSOFIA Y EDUCACION RELIGIOSA,Masculino,2010-1,2020,Independiente,Otras actividades de servicios,1,1,,"100,0%",NaN
2732-Fundación Universitaria Católica del Norte,9570-LICENCIATURA EN FILOSOFIA Y EDUCACION RELIGIOSA,Masculino,2010-1,2020,No cotizante,Sin información,2,0,,"0,0%",NaN
2732-Fundación Universitaria Católica del Norte,9570-LICENCIATURA EN FILOSOFIA Y EDUCACION RELIGIOSA,Masculino,2010-1,2021,Dependiente,Actividades de servicios administrativos y de apoyo,2,2,,"100,0%",NaN
2732-Fundación Universitaria Católica del Norte,9570-LICENCIATURA EN FILOSOFIA Y EDUCACION RELIGIOSA,Masculino,2010-1,2021,Dependiente,Administración pública y defensa; planes de seguridad social de afiliación obligatoria,5,5,,"100,0%",NaN
2732-Fundación Universitaria Católica del Norte,9570-LICENCIATURA EN FILOSOFIA Y EDUCACION RELIGIOSA,Masculino,2010-1,2021,Dependiente,Información y comunicaciones,1,1,,"100,0%",NaN
2732-Fundación Universitaria Católica del Norte,9570-LICENCIATURA EN FILOSOFIA Y EDUCACION RELIGIOSA,Masculino,2010-1,2021,Dependiente,Otras actividades de servicios,1,1,,"100,0%",NaN
2732-Fundación Universitaria Católica del Norte,9570-LICENCIATURA EN FILOSOFIA Y EDUCACION RELIGIOSA,Masculino,2010-1,2021,Independiente,Otras actividades de servicios,1,1,,"100,0%",NaN
2732-Fundación Universitaria Católica del Norte,9570-LICENCIATURA EN FILOSOFIA Y EDUCACION RELIGIOSA,Masculino,2010-1,2021,No cotizante,Sin información,3,0,,"0,0%",NaN
2732-Fundación Universitaria Católica del Norte,9570-LICENCIATURA EN FILOSOFIA Y EDUCACION RELIGIOSA,Masculino,2010-1,2022,Dependiente,Actividades de servicios administrativos y de apoyo,2,2,,"100,0%",NaN
2732-Fundación Universitaria Católica del Norte,9570-LICENCIATURA EN FILOSOFIA Y EDUCACION RELIGIOSA,Masculino,2010-1,2022,Dependiente,Administración pública y defensa; planes de seguridad social de afiliación obligatoria,5,5,,"100,0%",NaN
2732-Fundación Universitaria Católica del Norte,9570-LICENCIATURA EN FILOSOFIA Y EDUCACION RELIGIOSA,Masculino,2010-1,2022,Dependiente,Información y comunicaciones,1,1,,"100,0%",NaN
2732-Fundación Universitaria Católica del Norte,9570-LICENCIATURA EN FILOSOFIA Y EDUCACION RELIGIOSA,Masculino,2010-1,2022,Dependiente,Otras actividades de servicios,1,1,,"100,0%",NaN
2732-Fundación Universitaria Católica del Norte,9570-LICENCIATURA EN FILOSOFIA Y EDUCACION RELIGIOSA,Masculino,2010-1,2022,Independiente,Otras actividades de servicios,1,1,,"100,0%",NaN
2732-Fundación Universitaria Católica del Norte,9570-LICENCIATURA EN FILOSOFIA Y EDUCACION RELIGIOSA,Masculino,2010-1,2022,No cotizante,SIN DATO,3,0,,"0,0%",NaN
2732-Fundación Universitaria Católica del Norte,9570-LICENCIATURA EN FILOSOFIA Y EDUCACION RELIGIOSA,Masculino,2010-1,2023,Dependiente,Actividades de servicios administrativos y de apoyo,2,2,,"100,0%",NaN
2732-Fundación Universitaria Católica del Norte,9570-LICENCIATURA EN FILOSOFIA Y EDUCACION RELIGIOSA,Masculino,2010-1,2023,Dependiente,Administración pública y defensa; planes de seguridad social de afiliación obligatoria,5,5,,"100,0%",NaN
2732-Fundación Universitaria Católica del Norte,9570-LICENCIATURA EN FILOSOFIA Y EDUCACION RELIGIOSA,Masculino,2010-1,2023,Dependiente,Otras actividades de servicios,1,1,,"100,0%",NaN
2732-Fundación Universitaria Católica del Norte,9570-LICENCIATURA EN FILOSOFIA Y EDUCACION RELIGIOSA,Masculino,2010-1,2023,Independiente,Otras actividades de servicios,1,1,,"100,0%",NaN
2732-Fundación Universitaria Católica del Norte,9570-LICENCIATURA EN FILOSOFIA Y EDUCACION RELIGIOSA,Masculino,2010-1,2023,No cotizante,SIN DATO,4,0,,"0,0%",NaN
2732-Fundación Universitaria Católica del Norte,6687-PSICOLOGIA,Femenino,2010-1,2016,Dependiente,"Actividades profesionales, científicas y técnicas",1,1,,"100,0%",$2.550.000
2732-Fundación Universitaria Católica del Norte,6687-PSICOLOGIA,Femenino,2010-1,2016,Dependiente,Comercio al por mayor y al por menor; reparación de vehículos automotores y motocicletas,1,1,,"100,0%",$689.500
2732-Fundación Universitaria Católica del Norte,6687-PSICOLOGIA,Femenino,2010-1,2016,Dependiente,Construccion,1,1,,"100,0%",$689.455
2732-Fundación Universitaria Católica del Norte,6687-PSICOLOGIA,Femenino,2010-1,2016,Dependiente,Industrias manufactureras,1,1,,"100,0%",$689.455
2732-Fundación Universitaria Católica del Norte,6687-PSICOLOGIA,Femenino,2010-1,2016,Dependiente,Otras actividades de servicios,1,1,,"100,0%",$1.540.000
2732-Fundación Universitaria Católica del Norte,6687-PSICOLOGIA,Femenino,2010-1,2016,Independiente,Actividades de atención de la salud humana y de asistencia social,1,1,,"100,0%",NaN
2732-Fundación Universitaria Católica del Norte,6687-PSICOLOGIA,Femenino,2010-1,2016,Independiente,Actividades de los hogares individuales en calidad de empleadores; actividades no diferenciadas de los hogares individuales como productores de bienes y servicios para uso propio,1,1,,"100,0%",NaN
2732-Fundación Universitaria Católica del Norte,6687-PSICOLOGIA,Femenino,2010-1,2016,No cotizante,Sin información,2,0,,"0,0%",NaN
2732-Fundación Universitaria Católica del Norte,6687-PSICOLOGIA,Femenino,2010-1,2017,Dependiente,"Actividades profesionales, científicas y técnicas",1,1,,"100,0%",NaN
2732-Fundación Universitaria Católica del Norte,6687-PSICOLOGIA,Femenino,2010-1,2017,Dependiente,Comercio al por mayor y al por menor; reparación de vehículos automotores y motocicletas,1,1,,"100,0%",NaN
2732-Fundación Universitaria Católica del Norte,6687-PSICOLOGIA,Femenino,2010-1,2017,Dependiente,Industrias manufactureras,1,1,,"100,0%",NaN
2732-Fundación Universitaria Católica del Norte,6687-PSICOLOGIA,Femenino,2010-1,2017,Dependiente,Otras actividades de servicios,2,2,,"100,0%",NaN
2732-Fundación Universitaria Católica del Norte,6687-PSICOLOGIA,Femenino,2010-1,2017,Independiente,Sin información,2,2,,"100,0%",NaN
2732-Fundación Universitaria Católica del Norte,6687-PSICOLOGIA,Femenino,2010-1,2017,No cotizante,Sin información,2,0,,"0,0%",NaN
2732-Fundación Universitaria Católica del Norte,6687-PSICOLOGIA,Femenino,2010-1,2018,Dependiente,"Actividades profesionales, científicas y técnicas",1,1,,"100,0%",NaN
2732-Fundación Universitaria Católica del Norte,6687-PSICOLOGIA,Femenino,2010-1,2018,Dependiente,Educación,1,1,,"100,0%",NaN
2732-Fundación Universitaria Católica del Norte,6687-PSICOLOGIA,Femenino,2010-1,2018,Dependiente,Industrias manufactureras,1,1,,"100,0%",NaN
2732-Fundación Universitaria Católica del Norte,6687-PSICOLOGIA,Femenino,2010-1,2018,Dependiente,Otras actividades de servicios,1,1,,"100,0%",NaN
2732-Fundación Universitaria Católica del Norte,6687-PSICOLOGIA,Femenino,2010-1,2018,Independiente,Otras actividades de servicios,1,1,,"100,0%",NaN
2732-Fundación Universitaria Católica del Norte,6687-PSICOLOGIA,Femenino,2010-1,2018,Independiente,Sin información,2,2,,"100,0%",NaN
2732-Fundación Universitaria Católica del Norte,6687-PSICOLOGIA,Femenino,2010-1,2018,No cotizante,Sin información,2,0,,"0,0%",NaN
2732-Fundación Universitaria Católica del Norte,6687-PSICOLOGIA,Femenino,2010-1,2019,Dependiente,"Actividades profesionales, científicas y técnicas",1,1,,"100,0%",NaN
2732-Fundación Universitaria Católica del Norte,6687-PSICOLOGIA,Femenino,2010-1,2019,Dependiente,Industrias manufactureras,1,1,,"100,0%",NaN
2732-Fundación Universitaria Católica del Norte,6687-PSICOLOGIA,Femenino,2010-1,2019,Dependiente,Otras actividades de servicios,1,1,,"100,0%",NaN
2732-Fundación Universitaria Católica del Norte,6687-PSICOLOGIA,Femenino,2010-1,2019,Dependiente,Transporte y almacenamiento,1,1,,"100,0%",NaN
2732-Fundación Universitaria Católica del Norte,6687-PSICOLOGIA,Femenino,2010-1,2019,Independiente,"Actividades profesionales, científicas y técnicas",1,1,,"100,0%",NaN
2732-Fundación Universitaria Católica del Norte,6687-PSICOLOGIA,Femenino,2010-1,2019,Independiente,Otras actividades de servicios,1,1,,"100,0%",NaN
2732-Fundación Universitaria Católica del Norte,6687-PSICOLOGIA,Femenino,2010-1,2019,Independiente,Sin información,1,1,,"100,0%",NaN
2732-Fundación Universitaria Católica del Norte,6687-PSICOLOGIA,Femenino,2010-1,2019,No cotizante,Sin información,2,0,,"0,0%",NaN
2732-Fundación Universitaria Católica del Norte,6687-PSICOLOGIA,Femenino,2010-1,2020,Dependiente,"Actividades profesionales, científicas y técnicas",1,1,,"100,0%",NaN
2732-Fundación Universitaria Católica del Norte,6687-PSICOLOGIA,Femenino,2010-1,2020,Dependiente,Construccion,1,1,,"100,0%",NaN
2732-Fundación Universitaria Católica del Norte,6687-PSICOLOGIA,Femenino,2010-1,2020,Dependiente,Industrias manufactureras,1,1,,"100,0%",NaN
2732-Fundación Universitaria Católica del Norte,6687-PSICOLOGIA,Femenino,2010-1,2020,Dependiente,Otras actividades de servicios,1,1,,"100,0%",NaN
2732-Fundación Universitaria Católica del Norte,6687-PSICOLOGIA,Femenino,2010-1,2020,Independiente,Actividades de servicios administrativos y de apoyo,1,1,,"100,0%",NaN
2732-Fundación Universitaria Católica del Norte,6687-PSICOLOGIA,Femenino,2010-1,2020,Independiente,Comercio al por mayor y al por menor; reparación de vehículos automotores y motocicletas,1,1,,"100,0%",NaN
2732-Fundación Universitaria Católica del Norte,6687-PSICOLOGIA,Femenino,2010-1,2020,No cotizante,Sin información,3,0,,"0,0%",NaN
2732-Fundación Universitaria Católica del Norte,6687-PSICOLOGIA,Femenino,2010-1,2021,Dependiente,Actividades inmobiliarias,1,1,,"100,0%",NaN
2732-Fundación Universitaria Católica del Norte,6687-PSICOLOGIA,Femenino,2010-1,2021,Dependiente,"Actividades profesionales, científicas y técnicas",1,1,,"100,0%",NaN
2732-Fundación Universitaria Católica del Norte,6687-PSICOLOGIA,Femenino,2010-1,2021,Dependiente,Construccion,1,1,,"100,0%",NaN
2732-Fundación Universitaria Católica del Norte,6687-PSICOLOGIA,Femenino,2010-1,2021,Dependiente,Industrias manufactureras,1,1,,"100,0%",NaN
2732-Fundación Universitaria Católica del Norte,6687-PSICOLOGIA,Femenino,2010-1,2021,Dependiente,Otras actividades de servicios,1,1,,"100,0%",NaN
2732-Fundación Universitaria Católica del Norte,6687-PSICOLOGIA,Femenino,2010-1,2021,Independiente,Otras actividades de servicios,1,1,,"100,0%",NaN
2732-Fundación Universitaria Católica del Norte,6687-PSICOLOGIA,Femenino,2010-1,2021,No cotizante,Sin información,3,0,,"0,0%",NaN
2732-Fundación Universitaria Católica del Norte,6687-PSICOLOGIA,Femenino,2010-1,2022,Dependiente,"Actividades profesionales, científicas y técnicas",1,1,,"100,0%",NaN
2732-Fundación Universitaria Católica del Norte,6687-PSICOLOGIA,Femenino,2010-1,2022,Dependiente,Industrias manufactureras,1,1,,"100,0%",NaN
2732-Fundación Universitaria Católica del Norte,6687-PSICOLOGIA,Femenino,2010-1,2022,Dependiente,Otras actividades de servicios,1,1,,"100,0%",NaN
2732-Fundación Universitaria Católica del Norte,6687-PSICOLOGIA,Femenino,2010-1,2022,Independiente,Actividades de servicios administrativos y de apoyo,1,1,,"100,0%",NaN
2732-Fundación Universitaria Católica del Norte,6687-PSICOLOGIA,Femenino,2010-1,2022,Independiente,Administración pública y defensa; planes de seguridad social de afiliación obligatoria,1,1,,"100,0%",NaN
2732-Fundación Universitaria Católica del Norte,6687-PSICOLOGIA,Femenino,2010-1,2022,Independiente,Otras actividades de servicios,1,1,,"100,0%",NaN
2732-Fundación Universitaria Católica del Norte,6687-PSICOLOGIA,Femenino,2010-1,2022,No cotizante,SIN DATO,3,0,,"0,0%",NaN
2732-Fundación Universitaria Católica del Norte,6687-PSICOLOGIA,Femenino,2010-1,2023,Dependiente,"Actividades profesionales, científicas y técnicas",1,1,,"100,0%",NaN
2732-Fundación Universitaria Católica del Norte,6687-PSICOLOGIA,Femenino,2010-1,2023,Dependiente,Otras actividades de servicios,1,1,,"100,0%",NaN
2732-Fundación Universitaria Católica del Norte,6687-PSICOLOGIA,Femenino,2010-1,2023,Independiente,Actividades de servicios administrativos y de apoyo,1,1,,"100,0%",NaN
2732-Fundación Universitaria Católica del Norte,6687-PSICOLOGIA,Femenino,2010-1,2023,Independiente,Administración pública y defensa; planes de seguridad social de afiliación obligatoria,1,1,,"100,0%",NaN
2732-Fundación Universitaria Católica del Norte,6687-PSICOLOGIA,Femenino,2010-1,2023,Independiente,Otras actividades de servicios,1,1,,"100,0%",NaN
2732-Fundación Universitaria Católica del Norte,6687-PSICOLOGIA,Femenino,2010-1,2023,No cotizante,SIN DATO,3,0,,"0,0%",NaN
2732-Fundación Universitaria Católica del Norte,6687-PSICOLOGIA,Masculino,2010-1,2016,Dependiente,"Actividades profesionales, científicas y técnicas",1,1,,"100,0%",$2.621.000
2732-Fundación Universitaria Católica del Norte,6687-PSICOLOGIA,Masculino,2010-1,2017,Dependiente,"Suministro de electricidad, gas, vapor y aire acondicionado",1,1,,"100,0%",NaN
2732-Fundación Universitaria Católica del Norte,6687-PSICOLOGIA,Masculino,2010-1,2018,Dependiente,"Suministro de electricidad, gas, vapor y aire acondicionado",1,1,,"100,0%",NaN
2732-Fundación Universitaria Católica del Norte,6687-PSICOLOGIA,Masculino,2010-1,2019,Dependiente,"Suministro de electricidad, gas, vapor y aire acondicionado",1,1,,"100,0%",NaN
2732-Fundación Universitaria Católica del Norte,6687-PSICOLOGIA,Masculino,2010-1,2019,No cotizante,Sin información,1,0,,"0,0%",NaN
2732-Fundación Universitaria Católica del Norte,6687-PSICOLOGIA,Masculino,2010-1,2020,Dependiente,"Actividades profesionales, científicas y técnicas",1,1,,"100,0%",NaN
2732-Fundación Universitaria Católica del Norte,6687-PSICOLOGIA,Masculino,2010-1,2020,No cotizante,Sin información,1,0,,"0,0%",NaN
2732-Fundación Universitaria Católica del Norte,6687-PSICOLOGIA,Masculino,2010-1,2021,Dependiente,"Suministro de electricidad, gas, vapor y aire acondicionado",1,1,,"100,0%",NaN
2732-Fundación Universitaria Católica del Norte,6687-PSICOLOGIA,Masculino,2010-1,2021,No cotizante,Sin información,1,0,,"0,0%",NaN
2732-Fundación Universitaria Católica del Norte,6687-PSICOLOGIA,Masculino,2010-1,2022,Dependiente,"Actividades profesionales, científicas y técnicas",1,1,,"100,0%",NaN
2732-Fundación Universitaria Católica del Norte,6687-PSICOLOGIA,Masculino,2010-1,2022,No cotizante,SIN DATO,1,0,,"0,0%",NaN
2732-Fundación Universitaria Católica del Norte,6687-PSICOLOGIA,Masculino,2010-1,2023,Dependiente,"Suministro de electricidad, gas, vapor y aire acondicionado",1,1,,"100,0%",NaN
2732-Fundación Universitaria Católica del Norte,6687-PSICOLOGIA,Masculino,2010-1,2023,No cotizante,SIN DATO,1,0,,"0,0%",NaN
2732-Fundación Universitaria Católica del Norte,6574-ZOOTECNIA,Femenino,2010-1,2016,Dependiente,"Agricultura, ganadería, caza, silvicultura y pesca",1,1,,"100,0%",$2.500.000
2732-Fundación Universitaria Católica del Norte,6574-ZOOTECNIA,Femenino,2010-1,2016,Dependiente,Industrias manufactureras,1,1,,"100,0%",$689.455
2732-Fundación Universitaria Católica del Norte,6574-ZOOTECNIA,Femenino,2010-1,2017,Dependiente,"Agricultura, ganadería, caza, silvicultura y pesca",1,1,,"100,0%",NaN
2732-Fundación Universitaria Católica del Norte,6574-ZOOTECNIA,Femenino,2010-1,2017,Dependiente,Industrias manufactureras,1,1,,"100,0%",NaN
2732-Fundación Universitaria Católica del Norte,6574-ZOOTECNIA,Femenino,2010-1,2018,Dependiente,"Agricultura, ganadería, caza, silvicultura y pesca",1,1,,"100,0%",NaN
2732-Fundación Universitaria Católica del Norte,6574-ZOOTECNIA,Femenino,2010-1,2018,Dependiente,Industrias manufactureras,1,1,,"100,0%",NaN
2732-Fundación Universitaria Católica del Norte,6574-ZOOTECNIA,Femenino,2010-1,2019,Dependiente,"Agricultura, ganadería, caza, silvicultura y pesca",1,1,,"100,0%",NaN
2732-Fundación Universitaria Católica del Norte,6574-ZOOTECNIA,Femenino,2010-1,2019,Dependiente,Industrias manufactureras,1,1,,"100,0%",NaN
2732-Fundación Universitaria Católica del Norte,6574-ZOOTECNIA,Femenino,2010-1,2020,Dependiente,"Agricultura, ganadería, caza, silvicultura y pesca",1,1,,"100,0%",NaN
2732-Fundación Universitaria Católica del Norte,6574-ZOOTECNIA,Femenino,2010-1,2020,Dependiente,Construccion,1,1,,"100,0%",NaN
2732-Fundación Universitaria Católica del Norte,6574-ZOOTECNIA,Femenino,2010-1,2021,Dependiente,"Agricultura, ganadería, caza, silvicultura y pesca",1,1,,"100,0%",NaN
2732-Fundación Universitaria Católica del Norte,6574-ZOOTECNIA,Femenino,2010-1,2021,Dependiente,Construccion,1,1,,"100,0%",NaN
2732-Fundación Universitaria Católica del Norte,6574-ZOOTECNIA,Femenino,2010-1,2022,Dependiente,"Actividades profesionales, científicas y técnicas",1,1,,"100,0%",NaN
2732-Fundación Universitaria Católica del Norte,6574-ZOOTECNIA,Femenino,2010-1,2022,Dependiente,"Agricultura, ganadería, caza, silvicultura y pesca",1,1,,"100,0%",NaN
2732-Fundación Universitaria Católica del Norte,6574-ZOOTECNIA,Femenino,2010-1,2023,Dependiente,"Agricultura, ganadería, caza, silvicultura y pesca",1,1,,"100,0%",NaN
2732-Fundación Universitaria Católica del Norte,6574-ZOOTECNIA,Femenino,2010-1,2023,Dependiente,Otras actividades de servicios,1,1,,"100,0%",NaN
2732-Fundación Universitaria Católica del Norte,6574-ZOOTECNIA,Masculino,2010-1,2016,Independiente,Información y comunicaciones,1,1,,"100,0%",NaN
2732-Fundación Universitaria Católica del Norte,6574-ZOOTECNIA,Masculino,2010-1,2016,No cotizante,Sin información,1,0,,"0,0%",NaN
2732-Fundación Universitaria Católica del Norte,6574-ZOOTECNIA,Masculino,2010-1,2017,Independiente,Sin información,1,1,,"100,0%",NaN
2732-Fundación Universitaria Católica del Norte,6574-ZOOTECNIA,Masculino,2010-1,2017,No cotizante,Sin información,1,0,,"0,0%",NaN
2732-Fundación Universitaria Católica del Norte,6574-ZOOTECNIA,Masculino,2010-1,2018,No cotizante,Sin información,2,0,,"0,0%",NaN
2732-Fundación Universitaria Católica del Norte,6574-ZOOTECNIA,Masculino,2010-1,2019,No cotizante,Sin información,2,0,,"0,0%",NaN
2732-Fundación Universitaria Católica del Norte,6574-ZOOTECNIA,Masculino,2010-1,2020,No cotizante,Sin información,2,0,,"0,0%",NaN
2732-Fundación Universitaria Católica del Norte,6574-ZOOTECNIA,Masculino,2010-1,2021,No cotizante,Sin información,2,0,,"0,0%",NaN
2732-Fundación Universitaria Católica del Norte,6574-ZOOTECNIA,Masculino,2010-1,2022,Dependiente,Actividades de servicios administrativos y de apoyo,1,1,,"100,0%",NaN
2732-Fundación Universitaria Católica del Norte,6574-ZOOTECNIA,Masculino,2010-1,2022,No cotizante,SIN DATO,1,0,,"0,0%",NaN
2732-Fundación Universitaria Católica del Norte,6574-ZOOTECNIA,Masculino,2010-1,2023,Dependiente,Actividades de servicios administrativos y de apoyo,1,1,,"100,0%",NaN
2732-Fundación Universitaria Católica del Norte,6574-ZOOTECNIA,Masculino,2010-1,2023,No cotizante,SIN DATO,1,0,,"0,0%",NaN
2728-Fundación Universitaria del Área Andina,9757-ESPECIALIZACION EN AUDITORIA EN SALUD,Femenino,2010-1,2016,Dependiente,Actividades de atención de la salud humana y de asistencia social,3,3,,"100,0%",$7.175.000
2728-Fundación Universitaria del Área Andina,9757-ESPECIALIZACION EN AUDITORIA EN SALUD,Femenino,2010-1,2016,Dependiente,"Actividades profesionales, científicas y técnicas",1,1,,"100,0%",$2.853.000
2728-Fundación Universitaria del Área Andina,9757-ESPECIALIZACION EN AUDITORIA EN SALUD,Femenino,2010-1,2016,Dependiente,Administración pública y defensa; planes de seguridad social de afiliación obligatoria,1,1,,"100,0%",$3.400.000
2728-Fundación Universitaria del Área Andina,9757-ESPECIALIZACION EN AUDITORIA EN SALUD,Femenino,2010-1,2016,Dependiente,"Agricultura, ganadería, caza, silvicultura y pesca",1,1,,"100,0%",$4.010.000
2728-Fundación Universitaria del Área Andina,9757-ESPECIALIZACION EN AUDITORIA EN SALUD,Femenino,2010-1,2016,Independiente,"Actividades profesionales, científicas y técnicas",1,1,,"100,0%",NaN
2728-Fundación Universitaria del Área Andina,9757-ESPECIALIZACION EN AUDITORIA EN SALUD,Femenino,2010-1,2016,No cotizante,Sin información,1,0,,"0,0%",NaN
2728-Fundación Universitaria del Área Andina,9757-ESPECIALIZACION EN AUDITORIA EN SALUD,Femenino,2010-1,2017,Dependiente,Actividades de atención de la salud humana y de asistencia social,2,2,,"100,0%",NaN
2728-Fundación Universitaria del Área Andina,9757-ESPECIALIZACION EN AUDITORIA EN SALUD,Femenino,2010-1,2017,Dependiente,"Actividades profesionales, científicas y técnicas",1,1,,"100,0%",NaN
2728-Fundación Universitaria del Área Andina,9757-ESPECIALIZACION EN AUDITORIA EN SALUD,Femenino,2010-1,2017,Dependiente,Administración pública y defensa; planes de seguridad social de afiliación obligatoria,1,1,,"100,0%",NaN
2728-Fundación Universitaria del Área Andina,9757-ESPECIALIZACION EN AUDITORIA EN SALUD,Femenino,2010-1,2017,Dependiente,Educación,2,2,,"100,0%",NaN
2728-Fundación Universitaria del Área Andina,9757-ESPECIALIZACION EN AUDITORIA EN SALUD,Femenino,2010-1,2017,Independiente,"Actividades profesionales, científicas y técnicas",1,1,,"100,0%",NaN
2728-Fundación Universitaria del Área Andina,9757-ESPECIALIZACION EN AUDITORIA EN SALUD,Femenino,2010-1,2017,No cotizante,Sin información,1,0,,"0,0%",NaN
2728-Fundación Universitaria del Área Andina,9757-ESPECIALIZACION EN AUDITORIA EN SALUD,Femenino,2010-1,2018,Dependiente,"Actividades profesionales, científicas y técnicas",1,1,,"100,0%",NaN
2728-Fundación Universitaria del Área Andina,9757-ESPECIALIZACION EN AUDITORIA EN SALUD,Femenino,2010-1,2018,Dependiente,Administración pública y defensa; planes de seguridad social de afiliación obligatoria,2,2,,"100,0%",NaN
2728-Fundación Universitaria del Área Andina,9757-ESPECIALIZACION EN AUDITORIA EN SALUD,Femenino,2010-1,2018,Dependiente,Educación,3,3,,"100,0%",NaN
2728-Fundación Universitaria del Área Andina,9757-ESPECIALIZACION EN AUDITORIA EN SALUD,Femenino,2010-1,2018,Independiente,"Actividades profesionales, científicas y técnicas",1,1,,"100,0%",NaN
2728-Fundación Universitaria del Área Andina,9757-ESPECIALIZACION EN AUDITORIA EN SALUD,Femenino,2010-1,2018,No cotizante,Sin información,1,0,,"0,0%",NaN
2728-Fundación Universitaria del Área Andina,9757-ESPECIALIZACION EN AUDITORIA EN SALUD,Femenino,2010-1,2019,Dependiente,Actividades de servicios administrativos y de apoyo,1,1,,"100,0%",NaN
2728-Fundación Universitaria del Área Andina,9757-ESPECIALIZACION EN AUDITORIA EN SALUD,Femenino,2010-1,2019,Dependiente,Administración pública y defensa; planes de seguridad social de afiliación obligatoria,1,1,,"100,0%",NaN
2728-Fundación Universitaria del Área Andina,9757-ESPECIALIZACION EN AUDITORIA EN SALUD,Femenino,2010-1,2019,Dependiente,Educación,3,3,,"100,0%",NaN
2728-Fundación Universitaria del Área Andina,9757-ESPECIALIZACION EN AUDITORIA EN SALUD,Femenino,2010-1,2019,Independiente,"Actividades profesionales, científicas y técnicas",1,1,,"100,0%",NaN
2728-Fundación Universitaria del Área Andina,9757-ESPECIALIZACION EN AUDITORIA EN SALUD,Femenino,2010-1,2019,Independiente,Administración pública y defensa; planes de seguridad social de afiliación obligatoria,1,1,,"100,0%",NaN
2728-Fundación Universitaria del Área Andina,9757-ESPECIALIZACION EN AUDITORIA EN SALUD,Femenino,2010-1,2019,No cotizante,Sin información,1,0,,"0,0%",NaN
2728-Fundación Universitaria del Área Andina,9757-ESPECIALIZACION EN AUDITORIA EN SALUD,Femenino,2010-1,2020,Dependiente,Actividades de atención de la salud humana y de asistencia social,1,1,,"100,0%",NaN
2728-Fundación Universitaria del Área Andina,9757-ESPECIALIZACION EN AUDITORIA EN SALUD,Femenino,2010-1,2020,Dependiente,Actividades de servicios administrativos y de apoyo,1,1,,"100,0%",NaN
2728-Fundación Universitaria del Área Andina,9757-ESPECIALIZACION EN AUDITORIA EN SALUD,Femenino,2010-1,2020,Dependiente,Administración pública y defensa; planes de seguridad social de afiliación obligatoria,1,1,,"100,0%",NaN
2728-Fundación Universitaria del Área Andina,9757-ESPECIALIZACION EN AUDITORIA EN SALUD,Femenino,2010-1,2020,Dependiente,Educación,1,1,,"100,0%",NaN
2728-Fundación Universitaria del Área Andina,9757-ESPECIALIZACION EN AUDITORIA EN SALUD,Femenino,2010-1,2020,Independiente,Actividades de atención de la salud humana y de asistencia social,1,1,,"100,0%",NaN
2728-Fundación Universitaria del Área Andina,9757-ESPECIALIZACION EN AUDITORIA EN SALUD,Femenino,2010-1,2020,No cotizante,Sin información,3,0,,"0,0%",NaN
2728-Fundación Universitaria del Área Andina,9757-ESPECIALIZACION EN AUDITORIA EN SALUD,Femenino,2010-1,2021,Dependiente,Actividades de atención de la salud humana y de asistencia social,4,4,,"100,0%",NaN
2728-Fundación Universitaria del Área Andina,9757-ESPECIALIZACION EN AUDITORIA EN SALUD,Femenino,2010-1,2021,Dependiente,"Actividades profesionales, científicas y técnicas",2,2,,"100,0%",NaN
2728-Fundación Universitaria del Área Andina,9757-ESPECIALIZACION EN AUDITORIA EN SALUD,Femenino,2010-1,2021,Dependiente,Administración pública y defensa; planes de seguridad social de afiliación obligatoria,1,1,,"100,0%",NaN
2728-Fundación Universitaria del Área Andina,9757-ESPECIALIZACION EN AUDITORIA EN SALUD,Femenino,2010-1,2021,No cotizante,Sin información,1,0,,"0,0%",NaN
2728-Fundación Universitaria del Área Andina,9757-ESPECIALIZACION EN AUDITORIA EN SALUD,Femenino,2010-1,2022,Dependiente,Actividades de atención de la salud humana y de asistencia social,5,5,,"100,0%",NaN
2728-Fundación Universitaria del Área Andina,9757-ESPECIALIZACION EN AUDITORIA EN SALUD,Femenino,2010-1,2022,Dependiente,Actividades financieras y de seguros,1,1,,"100,0%",NaN
2728-Fundación Universitaria del Área Andina,9757-ESPECIALIZACION EN AUDITORIA EN SALUD,Femenino,2010-1,2022,Dependiente,Administración pública y defensa; planes de seguridad social de afiliación obligatoria,1,1,,"100,0%",NaN
2728-Fundación Universitaria del Área Andina,9757-ESPECIALIZACION EN AUDITORIA EN SALUD,Femenino,2010-1,2022,No cotizante,SIN DATO,1,0,,"0,0%",NaN
2728-Fundación Universitaria del Área Andina,9757-ESPECIALIZACION EN AUDITORIA EN SALUD,Femenino,2010-1,2023,Dependiente,Actividades de atención de la salud humana y de asistencia social,4,4,,"100,0%",NaN
2728-Fundación Universitaria del Área Andina,9757-ESPECIALIZACION EN AUDITORIA EN SALUD,Femenino,2010-1,2023,Dependiente,Actividades financieras y de seguros,1,1,,"100,0%",NaN
2728-Fundación Universitaria del Área Andina,9757-ESPECIALIZACION EN AUDITORIA EN SALUD,Femenino,2010-1,2023,Dependiente,Administración pública y defensa; planes de seguridad social de afiliación obligatoria,1,1,,"100,0%",NaN
2728-Fundación Universitaria del Área Andina,9757-ESPECIALIZACION EN AUDITORIA EN SALUD,Femenino,2010-1,2023,Dependiente,Educación,1,1,,"100,0%",NaN
2728-Fundación Universitaria del Área Andina,9757-ESPECIALIZACION EN AUDITORIA EN SALUD,Femenino,2010-1,2023,No cotizante,SIN DATO,1,0,,"0,0%",NaN
2728-Fundación Universitaria del Área Andina,9757-ESPECIALIZACION EN AUDITORIA EN SALUD,Masculino,2010-1,2016,Dependiente,Actividades de atención de la salud humana y de asistencia social,2,2,,"100,0%",$3.614.182
2728-Fundación Universitaria del Área Andina,9757-ESPECIALIZACION EN AUDITORIA EN SALUD,Masculino,2010-1,2016,Dependiente,"Actividades profesionales, científicas y técnicas",1,1,,"100,0%",$4.957.000
2728-Fundación Universitaria del Área Andina,9757-ESPECIALIZACION EN AUDITORIA EN SALUD,Masculino,2010-1,2016,Independiente,"Actividades profesionales, científicas y técnicas",2,2,,"100,0%",NaN
2728-Fundación Universitaria del Área Andina,9757-ESPECIALIZACION EN AUDITORIA EN SALUD,Masculino,2010-1,2016,Independiente,Información y comunicaciones,1,1,,"100,0%",NaN
2728-Fundación Universitaria del Área Andina,9757-ESPECIALIZACION EN AUDITORIA EN SALUD,Masculino,2010-1,2016,No cotizante,Sin información,1,0,,"0,0%",NaN
2728-Fundación Universitaria del Área Andina,9757-ESPECIALIZACION EN AUDITORIA EN SALUD,Masculino,2010-1,2017,Dependiente,Actividades de atención de la salud humana y de asistencia social,2,2,,"100,0%",NaN
2728-Fundación Universitaria del Área Andina,9757-ESPECIALIZACION EN AUDITORIA EN SALUD,Masculino,2010-1,2017,Dependiente,"Actividades profesionales, científicas y técnicas",1,1,,"100,0%",NaN
2728-Fundación Universitaria del Área Andina,9757-ESPECIALIZACION EN AUDITORIA EN SALUD,Masculino,2010-1,2017,Independiente,"Actividades profesionales, científicas y técnicas",2,2,,"100,0%",NaN
2728-Fundación Universitaria del Área Andina,9757-ESPECIALIZACION EN AUDITORIA EN SALUD,Masculino,2010-1,2017,Independiente,Sin información,1,1,,"100,0%",NaN
2728-Fundación Universitaria del Área Andina,9757-ESPECIALIZACION EN AUDITORIA EN SALUD,Masculino,2010-1,2017,No cotizante,Sin información,1,0,,"0,0%",NaN
2728-Fundación Universitaria del Área Andina,9757-ESPECIALIZACION EN AUDITORIA EN SALUD,Masculino,2010-1,2018,Dependiente,Actividades de atención de la salud humana y de asistencia social,2,2,,"100,0%",NaN
2728-Fundación Universitaria del Área Andina,9757-ESPECIALIZACION EN AUDITORIA EN SALUD,Masculino,2010-1,2018,Dependiente,"Actividades profesionales, científicas y técnicas",1,1,,"100,0%",NaN
2728-Fundación Universitaria del Área Andina,9757-ESPECIALIZACION EN AUDITORIA EN SALUD,Masculino,2010-1,2018,Independiente,"Actividades profesionales, científicas y técnicas",2,2,,"100,0%",NaN
2728-Fundación Universitaria del Área Andina,9757-ESPECIALIZACION EN AUDITORIA EN SALUD,Masculino,2010-1,2018,Independiente,Sin información,1,1,,"100,0%",NaN
2728-Fundación Universitaria del Área Andina,9757-ESPECIALIZACION EN AUDITORIA EN SALUD,Masculino,2010-1,2018,No cotizante,Sin información,1,0,,"0,0%",NaN
2728-Fundación Universitaria del Área Andina,9757-ESPECIALIZACION EN AUDITORIA EN SALUD,Masculino,2010-1,2019,Dependiente,Actividades de atención de la salud humana y de asistencia social,1,1,,"100,0%",NaN
2728-Fundación Universitaria del Área Andina,9757-ESPECIALIZACION EN AUDITORIA EN SALUD,Masculino,2010-1,2019,Dependiente,Administración pública y defensa; planes de seguridad social de afiliación obligatoria,1,1,,"100,0%",NaN
2728-Fundación Universitaria del Área Andina,9757-ESPECIALIZACION EN AUDITORIA EN SALUD,Masculino,2010-1,2019,Independiente,"Actividades profesionales, científicas y técnicas",2,2,,"100,0%",NaN
2728-Fundación Universitaria del Área Andina,9757-ESPECIALIZACION EN AUDITORIA EN SALUD,Masculino,2010-1,2019,Independiente,Administración pública y defensa; planes de seguridad social de afiliación obligatoria,1,1,,"100,0%",NaN
2728-Fundación Universitaria del Área Andina,9757-ESPECIALIZACION EN AUDITORIA EN SALUD,Masculino,2010-1,2019,No cotizante,Sin información,2,0,,"0,0%",NaN
2728-Fundación Universitaria del Área Andina,9757-ESPECIALIZACION EN AUDITORIA EN SALUD,Masculino,2010-1,2020,Dependiente,Actividades de atención de la salud humana y de asistencia social,1,1,,"100,0%",NaN
2728-Fundación Universitaria del Área Andina,9757-ESPECIALIZACION EN AUDITORIA EN SALUD,Masculino,2010-1,2020,Dependiente,"Actividades profesionales, científicas y técnicas",1,1,,"100,0%",NaN
2728-Fundación Universitaria del Área Andina,9757-ESPECIALIZACION EN AUDITORIA EN SALUD,Masculino,2010-1,2020,Dependiente,Administración pública y defensa; planes de seguridad social de afiliación obligatoria,1,1,,"100,0%",NaN
2728-Fundación Universitaria del Área Andina,9757-ESPECIALIZACION EN AUDITORIA EN SALUD,Masculino,2010-1,2020,Independiente,"Actividades profesionales, científicas y técnicas",2,2,,"100,0%",NaN
2728-Fundación Universitaria del Área Andina,9757-ESPECIALIZACION EN AUDITORIA EN SALUD,Masculino,2010-1,2020,No cotizante,Sin información,2,0,,"0,0%",NaN
2728-Fundación Universitaria del Área Andina,9757-ESPECIALIZACION EN AUDITORIA EN SALUD,Masculino,2010-1,2021,Dependiente,"Actividades profesionales, científicas y técnicas",1,1,,"100,0%",NaN
2728-Fundación Universitaria del Área Andina,9757-ESPECIALIZACION EN AUDITORIA EN SALUD,Masculino,2010-1,2021,Dependiente,Administración pública y defensa; planes de seguridad social de afiliación obligatoria,1,1,,"100,0%",NaN
2728-Fundación Universitaria del Área Andina,9757-ESPECIALIZACION EN AUDITORIA EN SALUD,Masculino,2010-1,2021,Independiente,"Actividades profesionales, científicas y técnicas",2,2,,"100,0%",NaN
2728-Fundación Universitaria del Área Andina,9757-ESPECIALIZACION EN AUDITORIA EN SALUD,Masculino,2010-1,2021,Independiente,Comercio al por mayor y al por menor; reparación de vehículos automotores y motocicletas,1,1,,"100,0%",NaN
2728-Fundación Universitaria del Área Andina,9757-ESPECIALIZACION EN AUDITORIA EN SALUD,Masculino,2010-1,2021,No cotizante,Sin información,1,0,,"0,0%",NaN
2728-Fundación Universitaria del Área Andina,9757-ESPECIALIZACION EN AUDITORIA EN SALUD,Masculino,2010-1,2022,Dependiente,Actividades de atención de la salud humana y de asistencia social,1,1,,"100,0%",NaN
2728-Fundación Universitaria del Área Andina,9757-ESPECIALIZACION EN AUDITORIA EN SALUD,Masculino,2010-1,2022,Dependiente,"Actividades profesionales, científicas y técnicas",1,1,,"100,0%",NaN
2728-Fundación Universitaria del Área Andina,9757-ESPECIALIZACION EN AUDITORIA EN SALUD,Masculino,2010-1,2022,Independiente,"Actividades profesionales, científicas y técnicas",2,2,,"100,0%",NaN
2728-Fundación Universitaria del Área Andina,9757-ESPECIALIZACION EN AUDITORIA EN SALUD,Masculino,2010-1,2022,Independiente,Comercio al por mayor y al por menor; reparación de vehículos automotores y motocicletas,1,1,,"100,0%",NaN
2728-Fundación Universitaria del Área Andina,9757-ESPECIALIZACION EN AUDITORIA EN SALUD,Masculino,2010-1,2022,No cotizante,SIN DATO,1,0,,"0,0%",NaN
2728-Fundación Universitaria del Área Andina,9757-ESPECIALIZACION EN AUDITORIA EN SALUD,Masculino,2010-1,2023,Dependiente,"Actividades profesionales, científicas y técnicas",1,1,,"100,0%",NaN
2728-Fundación Universitaria del Área Andina,9757-ESPECIALIZACION EN AUDITORIA EN SALUD,Masculino,2010-1,2023,Dependiente,Administración pública y defensa; planes de seguridad social de afiliación obligatoria,1,1,,"100,0%",NaN
2728-Fundación Universitaria del Área Andina,9757-ESPECIALIZACION EN AUDITORIA EN SALUD,Masculino,2010-1,2023,Independiente,"Actividades profesionales, científicas y técnicas",2,2,,"100,0%",NaN
2728-Fundación Universitaria del Área Andina,9757-ESPECIALIZACION EN AUDITORIA EN SALUD,Masculino,2010-1,2023,Independiente,Comercio al por mayor y al por menor; reparación de vehículos automotores y motocicletas,1,1,,"100,0%",NaN
2728-Fundación Universitaria del Área Andina,9757-ESPECIALIZACION EN AUDITORIA EN SALUD,Masculino,2010-1,2023,No cotizante,SIN DATO,1,0,,"0,0%",NaN
2728-Fundación Universitaria del Área Andina,9756-ESPECIALIZACION EN GERENCIA EN SALUD OCUPACIONAL,Femenino,2010-1,2016,Dependiente,Construccion,1,1,,"100,0%",$6.500.000
2728-Fundación Universitaria del Área Andina,9756-ESPECIALIZACION EN GERENCIA EN SALUD OCUPACIONAL,Femenino,2010-1,2016,Dependiente,Explotación de minas y canteras,2,2,,"100,0%",$2.924.500
2728-Fundación Universitaria del Área Andina,9756-ESPECIALIZACION EN GERENCIA EN SALUD OCUPACIONAL,Femenino,2010-1,2016,Independiente,"Actividades profesionales, científicas y técnicas",2,2,,"100,0%",NaN
2728-Fundación Universitaria del Área Andina,9756-ESPECIALIZACION EN GERENCIA EN SALUD OCUPACIONAL,Femenino,2010-1,2016,Independiente,Sin información,3,3,,"100,0%",NaN
2728-Fundación Universitaria del Área Andina,9756-ESPECIALIZACION EN GERENCIA EN SALUD OCUPACIONAL,Femenino,2010-1,2016,No cotizante,Sin información,1,0,,"0,0%",NaN
2728-Fundación Universitaria del Área Andina,9756-ESPECIALIZACION EN GERENCIA EN SALUD OCUPACIONAL,Femenino,2010-1,2017,Dependiente,Actividades financieras y de seguros,1,1,,"100,0%",NaN
2728-Fundación Universitaria del Área Andina,9756-ESPECIALIZACION EN GERENCIA EN SALUD OCUPACIONAL,Femenino,2010-1,2017,Dependiente,"Actividades profesionales, científicas y técnicas",3,3,,"100,0%",NaN
2728-Fundación Universitaria del Área Andina,9756-ESPECIALIZACION EN GERENCIA EN SALUD OCUPACIONAL,Femenino,2010-1,2017,Dependiente,Explotación de minas y canteras,1,1,,"100,0%",NaN
2728-Fundación Universitaria del Área Andina,9756-ESPECIALIZACION EN GERENCIA EN SALUD OCUPACIONAL,Femenino,2010-1,2017,Independiente,"Actividades profesionales, científicas y técnicas",3,3,,"100,0%",NaN
2728-Fundación Universitaria del Área Andina,9756-ESPECIALIZACION EN GERENCIA EN SALUD OCUPACIONAL,Femenino,2010-1,2017,Independiente,Sin información,3,3,,"100,0%",NaN
2728-Fundación Universitaria del Área Andina,9756-ESPECIALIZACION EN GERENCIA EN SALUD OCUPACIONAL,Femenino,2010-1,2017,No cotizante,Sin información,2,0,,"0,0%",NaN
2728-Fundación Universitaria del Área Andina,9756-ESPECIALIZACION EN GERENCIA EN SALUD OCUPACIONAL,Femenino,2010-1,2018,Dependiente,Actividades de servicios administrativos y de apoyo,1,1,,"100,0%",NaN
2728-Fundación Universitaria del Área Andina,9756-ESPECIALIZACION EN GERENCIA EN SALUD OCUPACIONAL,Femenino,2010-1,2018,Dependiente,Actividades financieras y de seguros,1,1,,"100,0%",NaN
2728-Fundación Universitaria del Área Andina,9756-ESPECIALIZACION EN GERENCIA EN SALUD OCUPACIONAL,Femenino,2010-1,2018,Dependiente,"Actividades profesionales, científicas y técnicas",3,3,,"100,0%",NaN
2728-Fundación Universitaria del Área Andina,9756-ESPECIALIZACION EN GERENCIA EN SALUD OCUPACIONAL,Femenino,2010-1,2018,Dependiente,Otras actividades de servicios,1,1,,"100,0%",NaN
2728-Fundación Universitaria del Área Andina,9756-ESPECIALIZACION EN GERENCIA EN SALUD OCUPACIONAL,Femenino,2010-1,2018,Dependiente,Sin información,1,1,,"100,0%",NaN
2728-Fundación Universitaria del Área Andina,9756-ESPECIALIZACION EN GERENCIA EN SALUD OCUPACIONAL,Femenino,2010-1,2018,Independiente,"Actividades profesionales, científicas y técnicas",2,2,,"100,0%",NaN
2728-Fundación Universitaria del Área Andina,9756-ESPECIALIZACION EN GERENCIA EN SALUD OCUPACIONAL,Femenino,2010-1,2018,Independiente,Sin información,2,2,,"100,0%",NaN
2728-Fundación Universitaria del Área Andina,9756-ESPECIALIZACION EN GERENCIA EN SALUD OCUPACIONAL,Femenino,2010-1,2018,No cotizante,Sin información,2,0,,"0,0%",NaN
2728-Fundación Universitaria del Área Andina,9756-ESPECIALIZACION EN GERENCIA EN SALUD OCUPACIONAL,Femenino,2010-1,2019,Dependiente,Actividades de servicios administrativos y de apoyo,1,1,,"100,0%",NaN
2728-Fundación Universitaria del Área Andina,9756-ESPECIALIZACION EN GERENCIA EN SALUD OCUPACIONAL,Femenino,2010-1,2019,Dependiente,"Actividades profesionales, científicas y técnicas",3,3,,"100,0%",NaN
2728-Fundación Universitaria del Área Andina,9756-ESPECIALIZACION EN GERENCIA EN SALUD OCUPACIONAL,Femenino,2010-1,2019,Dependiente,Comercio al por mayor y al por menor; reparación de vehículos automotores y motocicletas,1,1,,"100,0%",NaN
2728-Fundación Universitaria del Área Andina,9756-ESPECIALIZACION EN GERENCIA EN SALUD OCUPACIONAL,Femenino,2010-1,2019,Dependiente,Construccion,1,1,,"100,0%",NaN
2728-Fundación Universitaria del Área Andina,9756-ESPECIALIZACION EN GERENCIA EN SALUD OCUPACIONAL,Femenino,2010-1,2019,Dependiente,Otras actividades de servicios,1,1,,"100,0%",NaN
2728-Fundación Universitaria del Área Andina,9756-ESPECIALIZACION EN GERENCIA EN SALUD OCUPACIONAL,Femenino,2010-1,2019,Independiente,"Actividades profesionales, científicas y técnicas",3,3,,"100,0%",NaN
2728-Fundación Universitaria del Área Andina,9756-ESPECIALIZACION EN GERENCIA EN SALUD OCUPACIONAL,Femenino,2010-1,2019,No cotizante,Sin información,3,0,,"0,0%",NaN
2728-Fundación Universitaria del Área Andina,9756-ESPECIALIZACION EN GERENCIA EN SALUD OCUPACIONAL,Femenino,2010-1,2020,Dependiente,Actividades de atención de la salud humana y de asistencia social,2,2,,"100,0%",NaN
2728-Fundación Universitaria del Área Andina,9756-ESPECIALIZACION EN GERENCIA EN SALUD OCUPACIONAL,Femenino,2010-1,2020,Dependiente,"Actividades profesionales, científicas y técnicas",3,3,,"100,0%",NaN
2728-Fundación Universitaria del Área Andina,9756-ESPECIALIZACION EN GERENCIA EN SALUD OCUPACIONAL,Femenino,2010-1,2020,Dependiente,Construccion,1,1,,"100,0%",NaN
2728-Fundación Universitaria del Área Andina,9756-ESPECIALIZACION EN GERENCIA EN SALUD OCUPACIONAL,Femenino,2010-1,2020,Dependiente,Industrias manufactureras,1,1,,"100,0%",NaN
2728-Fundación Universitaria del Área Andina,9756-ESPECIALIZACION EN GERENCIA EN SALUD OCUPACIONAL,Femenino,2010-1,2020,Independiente,"Actividades profesionales, científicas y técnicas",1,1,,"100,0%",NaN
2728-Fundación Universitaria del Área Andina,9756-ESPECIALIZACION EN GERENCIA EN SALUD OCUPACIONAL,Femenino,2010-1,2020,No cotizante,Sin información,5,0,,"0,0%",NaN
2728-Fundación Universitaria del Área Andina,9756-ESPECIALIZACION EN GERENCIA EN SALUD OCUPACIONAL,Femenino,2010-1,2021,Dependiente,Actividades de atención de la salud humana y de asistencia social,1,1,,"100,0%",NaN
2728-Fundación Universitaria del Área Andina,9756-ESPECIALIZACION EN GERENCIA EN SALUD OCUPACIONAL,Femenino,2010-1,2021,Dependiente,Actividades de servicios administrativos y de apoyo,2,2,,"100,0%",NaN
2728-Fundación Universitaria del Área Andina,9756-ESPECIALIZACION EN GERENCIA EN SALUD OCUPACIONAL,Femenino,2010-1,2021,Dependiente,"Actividades profesionales, científicas y técnicas",2,2,,"100,0%",NaN
2728-Fundación Universitaria del Área Andina,9756-ESPECIALIZACION EN GERENCIA EN SALUD OCUPACIONAL,Femenino,2010-1,2021,Dependiente,Construccion,1,1,,"100,0%",NaN
2728-Fundación Universitaria del Área Andina,9756-ESPECIALIZACION EN GERENCIA EN SALUD OCUPACIONAL,Femenino,2010-1,2021,Dependiente,Industrias manufactureras,1,1,,"100,0%",NaN
2728-Fundación Universitaria del Área Andina,9756-ESPECIALIZACION EN GERENCIA EN SALUD OCUPACIONAL,Femenino,2010-1,2021,Dependiente,Otras actividades de servicios,1,1,,"100,0%",NaN
2728-Fundación Universitaria del Área Andina,9756-ESPECIALIZACION EN GERENCIA EN SALUD OCUPACIONAL,Femenino,2010-1,2021,Independiente,"Actividades profesionales, científicas y técnicas",2,2,,"100,0%",NaN
2728-Fundación Universitaria del Área Andina,9756-ESPECIALIZACION EN GERENCIA EN SALUD OCUPACIONAL,Femenino,2010-1,2021,No cotizante,Sin información,3,0,,"0,0%",NaN
2728-Fundación Universitaria del Área Andina,9756-ESPECIALIZACION EN GERENCIA EN SALUD OCUPACIONAL,Femenino,2010-1,2022,Dependiente,Actividades de atención de la salud humana y de asistencia social,1,1,,"100,0%",NaN
2728-Fundación Universitaria del Área Andina,9756-ESPECIALIZACION EN GERENCIA EN SALUD OCUPACIONAL,Femenino,2010-1,2022,Dependiente,Actividades de servicios administrativos y de apoyo,2,2,,"100,0%",NaN
2728-Fundación Universitaria del Área Andina,9756-ESPECIALIZACION EN GERENCIA EN SALUD OCUPACIONAL,Femenino,2010-1,2022,Dependiente,"Actividades profesionales, científicas y técnicas",3,3,,"100,0%",NaN
2728-Fundación Universitaria del Área Andina,9756-ESPECIALIZACION EN GERENCIA EN SALUD OCUPACIONAL,Femenino,2010-1,2022,Dependiente,Construccion,1,1,,"100,0%",NaN
2728-Fundación Universitaria del Área Andina,9756-ESPECIALIZACION EN GERENCIA EN SALUD OCUPACIONAL,Femenino,2010-1,2022,Dependiente,Otras actividades de servicios,1,1,,"100,0%",NaN
2728-Fundación Universitaria del Área Andina,9756-ESPECIALIZACION EN GERENCIA EN SALUD OCUPACIONAL,Femenino,2010-1,2022,Independiente,"Actividades profesionales, científicas y técnicas",2,2,,"100,0%",NaN
2728-Fundación Universitaria del Área Andina,9756-ESPECIALIZACION EN GERENCIA EN SALUD OCUPACIONAL,Femenino,2010-1,2022,No cotizante,SIN DATO,3,0,,"0,0%",NaN
2728-Fundación Universitaria del Área Andina,9756-ESPECIALIZACION EN GERENCIA EN SALUD OCUPACIONAL,Femenino,2010-1,2023,Dependiente,Actividades de atención de la salud humana y de asistencia social,1,1,,"100,0%",NaN
2728-Fundación Universitaria del Área Andina,9756-ESPECIALIZACION EN GERENCIA EN SALUD OCUPACIONAL,Femenino,2010-1,2023,Dependiente,Actividades de servicios administrativos y de apoyo,2,2,,"100,0%",NaN
2728-Fundación Universitaria del Área Andina,9756-ESPECIALIZACION EN GERENCIA EN SALUD OCUPACIONAL,Femenino,2010-1,2023,Dependiente,"Actividades profesionales, científicas y técnicas",3,3,,"100,0%",NaN
2728-Fundación Universitaria del Área Andina,9756-ESPECIALIZACION EN GERENCIA EN SALUD OCUPACIONAL,Femenino,2010-1,2023,Dependiente,Construccion,1,1,,"100,0%",NaN
2728-Fundación Universitaria del Área Andina,9756-ESPECIALIZACION EN GERENCIA EN SALUD OCUPACIONAL,Femenino,2010-1,2023,Dependiente,Otras actividades de servicios,1,1,,"100,0%",NaN
2728-Fundación Universitaria del Área Andina,9756-ESPECIALIZACION EN GERENCIA EN SALUD OCUPACIONAL,Femenino,2010-1,2023,Independiente,"Actividades profesionales, científicas y técnicas",2,2,,"100,0%",NaN
2728-Fundación Universitaria del Área Andina,9756-ESPECIALIZACION EN GERENCIA EN SALUD OCUPACIONAL,Femenino,2010-1,2023,No cotizante,SIN DATO,3,0,,"0,0%",NaN
2728-Fundación Universitaria del Área Andina,9756-ESPECIALIZACION EN GERENCIA EN SALUD OCUPACIONAL,Masculino,2010-1,2016,Dependiente,Actividades de atención de la salud humana y de asistencia social,1,1,,"100,0%",$2.194.000
2728-Fundación Universitaria del Área Andina,9756-ESPECIALIZACION EN GERENCIA EN SALUD OCUPACIONAL,Masculino,2010-1,2016,Dependiente,Construccion,3,3,,"100,0%",$4.682.048
2728-Fundación Universitaria del Área Andina,9756-ESPECIALIZACION EN GERENCIA EN SALUD OCUPACIONAL,Masculino,2010-1,2016,Dependiente,Explotación de minas y canteras,1,1,,"100,0%",$4.224.000
2728-Fundación Universitaria del Área Andina,9756-ESPECIALIZACION EN GERENCIA EN SALUD OCUPACIONAL,Masculino,2010-1,2016,Dependiente,Sin información,1,1,,"100,0%",$5.575.000
2728-Fundación Universitaria del Área Andina,9756-ESPECIALIZACION EN GERENCIA EN SALUD OCUPACIONAL,Masculino,2010-1,2016,Independiente,"Actividades profesionales, científicas y técnicas",1,1,,"100,0%",NaN
2728-Fundación Universitaria del Área Andina,9756-ESPECIALIZACION EN GERENCIA EN SALUD OCUPACIONAL,Masculino,2010-1,2016,Independiente,Sin información,2,2,,"100,0%",NaN
2728-Fundación Universitaria del Área Andina,9756-ESPECIALIZACION EN GERENCIA EN SALUD OCUPACIONAL,Masculino,2010-1,2016,No cotizante,Sin información,2,0,,"0,0%",NaN
2728-Fundación Universitaria del Área Andina,9756-ESPECIALIZACION EN GERENCIA EN SALUD OCUPACIONAL,Masculino,2010-1,2017,Dependiente,"Actividades profesionales, científicas y técnicas",3,3,,"100,0%",NaN
2728-Fundación Universitaria del Área Andina,9756-ESPECIALIZACION EN GERENCIA EN SALUD OCUPACIONAL,Masculino,2010-1,2017,Dependiente,Comercio al por mayor y al por menor; reparación de vehículos automotores y motocicletas,1,1,,"100,0%",NaN
2728-Fundación Universitaria del Área Andina,9756-ESPECIALIZACION EN GERENCIA EN SALUD OCUPACIONAL,Masculino,2010-1,2017,Dependiente,Construccion,1,1,,"100,0%",NaN
2728-Fundación Universitaria del Área Andina,9756-ESPECIALIZACION EN GERENCIA EN SALUD OCUPACIONAL,Masculino,2010-1,2017,Dependiente,Sin información,1,1,,"100,0%",NaN
2728-Fundación Universitaria del Área Andina,9756-ESPECIALIZACION EN GERENCIA EN SALUD OCUPACIONAL,Masculino,2010-1,2017,Independiente,Actividades de atención de la salud humana y de asistencia social,1,1,,"100,0%",NaN
2728-Fundación Universitaria del Área Andina,9756-ESPECIALIZACION EN GERENCIA EN SALUD OCUPACIONAL,Masculino,2010-1,2017,Independiente,"Actividades profesionales, científicas y técnicas",1,1,,"100,0%",NaN
2728-Fundación Universitaria del Área Andina,9756-ESPECIALIZACION EN GERENCIA EN SALUD OCUPACIONAL,Masculino,2010-1,2017,Independiente,Sin información,2,2,,"100,0%",NaN
2728-Fundación Universitaria del Área Andina,9756-ESPECIALIZACION EN GERENCIA EN SALUD OCUPACIONAL,Masculino,2010-1,2017,No cotizante,Sin información,2,0,,"0,0%",NaN
2728-Fundación Universitaria del Área Andina,9756-ESPECIALIZACION EN GERENCIA EN SALUD OCUPACIONAL,Masculino,2010-1,2018,Dependiente,Actividades de atención de la salud humana y de asistencia social,1,1,,"100,0%",NaN
2728-Fundación Universitaria del Área Andina,9756-ESPECIALIZACION EN GERENCIA EN SALUD OCUPACIONAL,Masculino,2010-1,2018,Dependiente,"Actividades profesionales, científicas y técnicas",3,3,,"100,0%",NaN
2728-Fundación Universitaria del Área Andina,9756-ESPECIALIZACION EN GERENCIA EN SALUD OCUPACIONAL,Masculino,2010-1,2018,Dependiente,Construccion,1,1,,"100,0%",NaN
2728-Fundación Universitaria del Área Andina,9756-ESPECIALIZACION EN GERENCIA EN SALUD OCUPACIONAL,Masculino,2010-1,2018,Dependiente,Educación,1,1,,"100,0%",NaN
2728-Fundación Universitaria del Área Andina,9756-ESPECIALIZACION EN GERENCIA EN SALUD OCUPACIONAL,Masculino,2010-1,2018,Dependiente,Sin información,1,1,,"100,0%",NaN
2728-Fundación Universitaria del Área Andina,9756-ESPECIALIZACION EN GERENCIA EN SALUD OCUPACIONAL,Masculino,2010-1,2018,Dependiente,Transporte y almacenamiento,1,1,,"100,0%",NaN
2728-Fundación Universitaria del Área Andina,9756-ESPECIALIZACION EN GERENCIA EN SALUD OCUPACIONAL,Masculino,2010-1,2018,Independiente,Actividades de atención de la salud humana y de asistencia social,1,1,,"100,0%",NaN
2728-Fundación Universitaria del Área Andina,9756-ESPECIALIZACION EN GERENCIA EN SALUD OCUPACIONAL,Masculino,2010-1,2018,Independiente,"Actividades profesionales, científicas y técnicas",1,1,,"100,0%",NaN
2728-Fundación Universitaria del Área Andina,9756-ESPECIALIZACION EN GERENCIA EN SALUD OCUPACIONAL,Masculino,2010-1,2018,No cotizante,Sin información,2,0,,"0,0%",NaN
2728-Fundación Universitaria del Área Andina,9756-ESPECIALIZACION EN GERENCIA EN SALUD OCUPACIONAL,Masculino,2010-1,2019,Dependiente,Actividades de los hogares individuales en calidad de empleadores; actividades no diferenciadas de los hogares individuales como productores de bienes y servicios para uso propio,1,1,,"100,0%",NaN
2728-Fundación Universitaria del Área Andina,9756-ESPECIALIZACION EN GERENCIA EN SALUD OCUPACIONAL,Masculino,2010-1,2019,Dependiente,"Actividades profesionales, científicas y técnicas",1,1,,"100,0%",NaN
2728-Fundación Universitaria del Área Andina,9756-ESPECIALIZACION EN GERENCIA EN SALUD OCUPACIONAL,Masculino,2010-1,2019,Dependiente,Administración pública y defensa; planes de seguridad social de afiliación obligatoria,1,1,,"100,0%",NaN
2728-Fundación Universitaria del Área Andina,9756-ESPECIALIZACION EN GERENCIA EN SALUD OCUPACIONAL,Masculino,2010-1,2019,Dependiente,"Agricultura, ganadería, caza, silvicultura y pesca",1,1,,"100,0%",NaN
2728-Fundación Universitaria del Área Andina,9756-ESPECIALIZACION EN GERENCIA EN SALUD OCUPACIONAL,Masculino,2010-1,2019,Dependiente,Construccion,2,2,,"100,0%",NaN
2728-Fundación Universitaria del Área Andina,9756-ESPECIALIZACION EN GERENCIA EN SALUD OCUPACIONAL,Masculino,2010-1,2019,Dependiente,Sin información,1,1,,"100,0%",NaN
2728-Fundación Universitaria del Área Andina,9756-ESPECIALIZACION EN GERENCIA EN SALUD OCUPACIONAL,Masculino,2010-1,2019,Independiente,Actividades de atención de la salud humana y de asistencia social,1,1,,"100,0%",NaN
2728-Fundación Universitaria del Área Andina,9756-ESPECIALIZACION EN GERENCIA EN SALUD OCUPACIONAL,Masculino,2010-1,2019,Independiente,"Actividades profesionales, científicas y técnicas",1,1,,"100,0%",NaN
2728-Fundación Universitaria del Área Andina,9756-ESPECIALIZACION EN GERENCIA EN SALUD OCUPACIONAL,Masculino,2010-1,2019,Independiente,Administración pública y defensa; planes de seguridad social de afiliación obligatoria,1,1,,"100,0%",NaN
2728-Fundación Universitaria del Área Andina,9756-ESPECIALIZACION EN GERENCIA EN SALUD OCUPACIONAL,Masculino,2010-1,2019,No cotizante,Sin información,2,0,,"0,0%",NaN
2728-Fundación Universitaria del Área Andina,9756-ESPECIALIZACION EN GERENCIA EN SALUD OCUPACIONAL,Masculino,2010-1,2020,Dependiente,Actividades de los hogares individuales en calidad de empleadores; actividades no diferenciadas de los hogares individuales como productores de bienes y servicios para uso propio,1,1,,"100,0%",NaN
2728-Fundación Universitaria del Área Andina,9756-ESPECIALIZACION EN GERENCIA EN SALUD OCUPACIONAL,Masculino,2010-1,2020,Dependiente,"Actividades profesionales, científicas y técnicas",3,3,,"100,0%",NaN
2728-Fundación Universitaria del Área Andina,9756-ESPECIALIZACION EN GERENCIA EN SALUD OCUPACIONAL,Masculino,2010-1,2020,Dependiente,"Agricultura, ganadería, caza, silvicultura y pesca",1,1,,"100,0%",NaN
2728-Fundación Universitaria del Área Andina,9756-ESPECIALIZACION EN GERENCIA EN SALUD OCUPACIONAL,Masculino,2010-1,2020,Dependiente,Otras actividades de servicios,1,1,,"100,0%",NaN
2728-Fundación Universitaria del Área Andina,9756-ESPECIALIZACION EN GERENCIA EN SALUD OCUPACIONAL,Masculino,2010-1,2020,Independiente,Actividades de servicios administrativos y de apoyo,1,1,,"100,0%",NaN
2728-Fundación Universitaria del Área Andina,9756-ESPECIALIZACION EN GERENCIA EN SALUD OCUPACIONAL,Masculino,2010-1,2020,Independiente,"Actividades profesionales, científicas y técnicas",1,1,,"100,0%",NaN
2728-Fundación Universitaria del Área Andina,9756-ESPECIALIZACION EN GERENCIA EN SALUD OCUPACIONAL,Masculino,2010-1,2020,Independiente,Administración pública y defensa; planes de seguridad social de afiliación obligatoria,1,1,,"100,0%",NaN
2728-Fundación Universitaria del Área Andina,9756-ESPECIALIZACION EN GERENCIA EN SALUD OCUPACIONAL,Masculino,2010-1,2020,Independiente,Otras actividades de servicios,1,1,,"100,0%",NaN
2728-Fundación Universitaria del Área Andina,9756-ESPECIALIZACION EN GERENCIA EN SALUD OCUPACIONAL,Masculino,2010-1,2020,No cotizante,Sin información,2,0,,"0,0%",NaN
2728-Fundación Universitaria del Área Andina,9756-ESPECIALIZACION EN GERENCIA EN SALUD OCUPACIONAL,Masculino,2010-1,2021,Dependiente,Actividades de atención de la salud humana y de asistencia social,1,1,,"100,0%",NaN
2728-Fundación Universitaria del Área Andina,9756-ESPECIALIZACION EN GERENCIA EN SALUD OCUPACIONAL,Masculino,2010-1,2021,Dependiente,Actividades financieras y de seguros,1,1,,"100,0%",NaN
2728-Fundación Universitaria del Área Andina,9756-ESPECIALIZACION EN GERENCIA EN SALUD OCUPACIONAL,Masculino,2010-1,2021,Dependiente,"Actividades profesionales, científicas y técnicas",2,2,,"100,0%",NaN
2728-Fundación Universitaria del Área Andina,9756-ESPECIALIZACION EN GERENCIA EN SALUD OCUPACIONAL,Masculino,2010-1,2021,Dependiente,Explotación de minas y canteras,1,1,,"100,0%",NaN
2728-Fundación Universitaria del Área Andina,9756-ESPECIALIZACION EN GERENCIA EN SALUD OCUPACIONAL,Masculino,2010-1,2021,Dependiente,Industrias manufactureras,1,1,,"100,0%",NaN
2728-Fundación Universitaria del Área Andina,9756-ESPECIALIZACION EN GERENCIA EN SALUD OCUPACIONAL,Masculino,2010-1,2021,Dependiente,Otras actividades de servicios,1,1,,"100,0%",NaN
2728-Fundación Universitaria del Área Andina,9756-ESPECIALIZACION EN GERENCIA EN SALUD OCUPACIONAL,Masculino,2010-1,2021,Independiente,Actividades de servicios administrativos y de apoyo,1,1,,"100,0%",NaN
2728-Fundación Universitaria del Área Andina,9756-ESPECIALIZACION EN GERENCIA EN SALUD OCUPACIONAL,Masculino,2010-1,2021,Independiente,"Actividades profesionales, científicas y técnicas",2,2,,"100,0%",NaN
2728-Fundación Universitaria del Área Andina,9756-ESPECIALIZACION EN GERENCIA EN SALUD OCUPACIONAL,Masculino,2010-1,2021,No cotizante,Sin información,2,0,,"0,0%",NaN
2728-Fundación Universitaria del Área Andina,9756-ESPECIALIZACION EN GERENCIA EN SALUD OCUPACIONAL,Masculino,2010-1,2022,Dependiente,Actividades de atención de la salud humana y de asistencia social,1,1,,"100,0%",NaN
2728-Fundación Universitaria del Área Andina,9756-ESPECIALIZACION EN GERENCIA EN SALUD OCUPACIONAL,Masculino,2010-1,2022,Dependiente,Actividades financieras y de seguros,1,1,,"100,0%",NaN
2728-Fundación Universitaria del Área Andina,9756-ESPECIALIZACION EN GERENCIA EN SALUD OCUPACIONAL,Masculino,2010-1,2022,Dependiente,"Actividades profesionales, científicas y técnicas",1,1,,"100,0%",NaN
2728-Fundación Universitaria del Área Andina,9756-ESPECIALIZACION EN GERENCIA EN SALUD OCUPACIONAL,Masculino,2010-1,2022,Dependiente,Construccion,1,1,,"100,0%",NaN
2728-Fundación Universitaria del Área Andina,9756-ESPECIALIZACION EN GERENCIA EN SALUD OCUPACIONAL,Masculino,2010-1,2022,Dependiente,Educación,1,1,,"100,0%",NaN
2728-Fundación Universitaria del Área Andina,9756-ESPECIALIZACION EN GERENCIA EN SALUD OCUPACIONAL,Masculino,2010-1,2022,Dependiente,Explotación de minas y canteras,2,2,,"100,0%",NaN
2728-Fundación Universitaria del Área Andina,9756-ESPECIALIZACION EN GERENCIA EN SALUD OCUPACIONAL,Masculino,2010-1,2022,Independiente,Actividades de servicios administrativos y de apoyo,1,1,,"100,0%",NaN
2728-Fundación Universitaria del Área Andina,9756-ESPECIALIZACION EN GERENCIA EN SALUD OCUPACIONAL,Masculino,2010-1,2022,Independiente,"Actividades profesionales, científicas y técnicas",1,1,,"100,0%",NaN
2728-Fundación Universitaria del Área Andina,9756-ESPECIALIZACION EN GERENCIA EN SALUD OCUPACIONAL,Masculino,2010-1,2022,Independiente,Administración pública y defensa; planes de seguridad social de afiliación obligatoria,1,1,,"100,0%",NaN
2728-Fundación Universitaria del Área Andina,9756-ESPECIALIZACION EN GERENCIA EN SALUD OCUPACIONAL,Masculino,2010-1,2022,No cotizante,SIN DATO,2,0,,"0,0%",NaN
2728-Fundación Universitaria del Área Andina,9756-ESPECIALIZACION EN GERENCIA EN SALUD OCUPACIONAL,Masculino,2010-1,2023,Dependiente,Actividades de atención de la salud humana y de asistencia social,1,1,,"100,0%",NaN
2728-Fundación Universitaria del Área Andina,9756-ESPECIALIZACION EN GERENCIA EN SALUD OCUPACIONAL,Masculino,2010-1,2023,Dependiente,Actividades de servicios administrativos y de apoyo,2,2,,"100,0%",NaN
2728-Fundación Universitaria del Área Andina,9756-ESPECIALIZACION EN GERENCIA EN SALUD OCUPACIONAL,Masculino,2010-1,2023,Dependiente,Construccion,2,2,,"100,0%",NaN
2728-Fundación Universitaria del Área Andina,9756-ESPECIALIZACION EN GERENCIA EN SALUD OCUPACIONAL,Masculino,2010-1,2023,Dependiente,Explotación de minas y canteras,1,1,,"100,0%",NaN
2728-Fundación Universitaria del Área Andina,9756-ESPECIALIZACION EN GERENCIA EN SALUD OCUPACIONAL,Masculino,2010-1,2023,Dependiente,Otras actividades de servicios,1,1,,"100,0%",NaN
2728-Fundación Universitaria del Área Andina,9756-ESPECIALIZACION EN GERENCIA EN SALUD OCUPACIONAL,Masculino,2010-1,2023,Independiente,Actividades de atención de la salud humana y de asistencia social,1,1,,"100,0%",NaN
2728-Fundación Universitaria del Área Andina,9756-ESPECIALIZACION EN GERENCIA EN SALUD OCUPACIONAL,Masculino,2010-1,2023,Independiente,Actividades de servicios administrativos y de apoyo,1,1,,"100,0%",NaN
2728-Fundación Universitaria del Área Andina,9756-ESPECIALIZACION EN GERENCIA EN SALUD OCUPACIONAL,Masculino,2010-1,2023,Independiente,"Actividades profesionales, científicas y técnicas",1,1,,"100,0%",NaN
2728-Fundación Universitaria del Área Andina,9756-ESPECIALIZACION EN GERENCIA EN SALUD OCUPACIONAL,Masculino,2010-1,2023,No cotizante,SIN DATO,2,0,,"0,0%",NaN
2728-Fundación Universitaria del Área Andina,9794-ESPECIALIZACION EN GESTION AMBIENTAL,Femenino,2010-1,2017,Dependiente,Comercio al por mayor y al por menor; reparación de vehículos automotores y motocicletas,1,1,,"100,0%",NaN
2728-Fundación Universitaria del Área Andina,9794-ESPECIALIZACION EN GESTION AMBIENTAL,Femenino,2010-1,2018,Dependiente,Sin información,1,1,,"100,0%",NaN
2728-Fundación Universitaria del Área Andina,9794-ESPECIALIZACION EN GESTION AMBIENTAL,Femenino,2010-1,2019,Dependiente,Otras actividades de servicios,1,1,,"100,0%",NaN
2728-Fundación Universitaria del Área Andina,9794-ESPECIALIZACION EN GESTION AMBIENTAL,Femenino,2010-1,2020,Dependiente,Comercio al por mayor y al por menor; reparación de vehículos automotores y motocicletas,1,1,,"100,0%",NaN
2728-Fundación Universitaria del Área Andina,9794-ESPECIALIZACION EN GESTION AMBIENTAL,Femenino,2010-1,2021,No cotizante,Sin información,1,0,,"0,0%",NaN
2728-Fundación Universitaria del Área Andina,9794-ESPECIALIZACION EN GESTION AMBIENTAL,Femenino,2010-1,2022,No cotizante,SIN DATO,1,0,,"0,0%",NaN
2728-Fundación Universitaria del Área Andina,9794-ESPECIALIZACION EN GESTION AMBIENTAL,Femenino,2010-1,2023,No cotizante,SIN DATO,1,0,,"0,0%",NaN
2728-Fundación Universitaria del Área Andina,9794-ESPECIALIZACION EN GESTION AMBIENTAL,Masculino,2010-1,2017,Dependiente,"Suministro de electricidad, gas, vapor y aire acondicionado",1,1,,"100,0%",NaN
2728-Fundación Universitaria del Área Andina,9794-ESPECIALIZACION EN GESTION AMBIENTAL,Masculino,2010-1,2018,Dependiente,"Suministro de electricidad, gas, vapor y aire acondicionado",1,1,,"100,0%",NaN
2728-Fundación Universitaria del Área Andina,9794-ESPECIALIZACION EN GESTION AMBIENTAL,Masculino,2010-1,2019,Dependiente,"Suministro de electricidad, gas, vapor y aire acondicionado",1,1,,"100,0%",NaN
2728-Fundación Universitaria del Área Andina,9794-ESPECIALIZACION EN GESTION AMBIENTAL,Masculino,2010-1,2020,Dependiente,"Suministro de electricidad, gas, vapor y aire acondicionado",1,1,,"100,0%",NaN
2728-Fundación Universitaria del Área Andina,9794-ESPECIALIZACION EN GESTION AMBIENTAL,Masculino,2010-1,2021,Dependiente,"Suministro de electricidad, gas, vapor y aire acondicionado",1,1,,"100,0%",NaN
2728-Fundación Universitaria del Área Andina,9794-ESPECIALIZACION EN GESTION AMBIENTAL,Masculino,2010-1,2022,Dependiente,"Suministro de electricidad, gas, vapor y aire acondicionado",1,1,,"100,0%",NaN
2728-Fundación Universitaria del Área Andina,9794-ESPECIALIZACION EN GESTION AMBIENTAL,Masculino,2010-1,2023,Dependiente,"Actividades profesionales, científicas y técnicas",1,1,,"100,0%",NaN
3716-Tecnológica FITEC,52483-TECNICA PROFESIONAL EN CONSTRUCCION DE SOFWARE,Femenino,2010-1,2016,Dependiente,"Actividades profesionales, científicas y técnicas",1,1,,"100,0%",$689.455
3716-Tecnológica FITEC,52483-TECNICA PROFESIONAL EN CONSTRUCCION DE SOFWARE,Femenino,2010-1,2016,Dependiente,Administración pública y defensa; planes de seguridad social de afiliación obligatoria,1,1,,"100,0%",$1.053.000
3716-Tecnológica FITEC,52483-TECNICA PROFESIONAL EN CONSTRUCCION DE SOFWARE,Femenino,2010-1,2016,Dependiente,"Agricultura, ganadería, caza, silvicultura y pesca",1,1,,"100,0%",$689.455
3716-Tecnológica FITEC,52483-TECNICA PROFESIONAL EN CONSTRUCCION DE SOFWARE,Femenino,2010-1,2016,Dependiente,Comercio al por mayor y al por menor; reparación de vehículos automotores y motocicletas,1,1,,"100,0%",$689.455
3716-Tecnológica FITEC,52483-TECNICA PROFESIONAL EN CONSTRUCCION DE SOFWARE,Femenino,2010-1,2016,Dependiente,Educación,6,6,,"100,0%",$970.701
3716-Tecnológica FITEC,52483-TECNICA PROFESIONAL EN CONSTRUCCION DE SOFWARE,Femenino,2010-1,2016,Dependiente,Información y comunicaciones,1,1,,"100,0%",$1.000.000
3716-Tecnológica FITEC,52483-TECNICA PROFESIONAL EN CONSTRUCCION DE SOFWARE,Femenino,2010-1,2016,Dependiente,Otras actividades de servicios,1,1,,"100,0%",$862.000
3716-Tecnológica FITEC,52483-TECNICA PROFESIONAL EN CONSTRUCCION DE SOFWARE,Femenino,2010-1,2016,Independiente,"Actividades profesionales, científicas y técnicas",4,4,,"100,0%",NaN
3716-Tecnológica FITEC,52483-TECNICA PROFESIONAL EN CONSTRUCCION DE SOFWARE,Femenino,2010-1,2016,Independiente,Información y comunicaciones,1,1,,"100,0%",NaN
3716-Tecnológica FITEC,52483-TECNICA PROFESIONAL EN CONSTRUCCION DE SOFWARE,Femenino,2010-1,2016,No cotizante,Sin información,13,0,,"0,0%",NaN
3716-Tecnológica FITEC,52483-TECNICA PROFESIONAL EN CONSTRUCCION DE SOFWARE,Femenino,2010-1,2017,Dependiente,"Actividades artísticas, de entretenimiento y recreación",5,5,,"100,0%",NaN
3716-Tecnológica FITEC,52483-TECNICA PROFESIONAL EN CONSTRUCCION DE SOFWARE,Femenino,2010-1,2017,Dependiente,"Actividades profesionales, científicas y técnicas",1,1,,"100,0%",NaN
3716-Tecnológica FITEC,52483-TECNICA PROFESIONAL EN CONSTRUCCION DE SOFWARE,Femenino,2010-1,2017,Dependiente,Administración pública y defensa; planes de seguridad social de afiliación obligatoria,2,2,,"100,0%",NaN
3716-Tecnológica FITEC,52483-TECNICA PROFESIONAL EN CONSTRUCCION DE SOFWARE,Femenino,2010-1,2017,Dependiente,Información y comunicaciones,1,1,,"100,0%",NaN
3716-Tecnológica FITEC,52483-TECNICA PROFESIONAL EN CONSTRUCCION DE SOFWARE,Femenino,2010-1,2017,Dependiente,Otras actividades de servicios,2,2,,"100,0%",NaN
3716-Tecnológica FITEC,52483-TECNICA PROFESIONAL EN CONSTRUCCION DE SOFWARE,Femenino,2010-1,2017,Dependiente,Transporte y almacenamiento,1,1,,"100,0%",NaN
3716-Tecnológica FITEC,52483-TECNICA PROFESIONAL EN CONSTRUCCION DE SOFWARE,Femenino,2010-1,2017,Independiente,"Actividades profesionales, científicas y técnicas",3,3,,"100,0%",NaN
3716-Tecnológica FITEC,52483-TECNICA PROFESIONAL EN CONSTRUCCION DE SOFWARE,Femenino,2010-1,2017,Independiente,Sin información,3,3,,"100,0%",NaN
3716-Tecnológica FITEC,52483-TECNICA PROFESIONAL EN CONSTRUCCION DE SOFWARE,Femenino,2010-1,2017,No cotizante,Sin información,13,0,,"0,0%",NaN
3716-Tecnológica FITEC,52483-TECNICA PROFESIONAL EN CONSTRUCCION DE SOFWARE,Femenino,2010-1,2018,Dependiente,"Actividades artísticas, de entretenimiento y recreación",5,5,,"100,0%",NaN
3716-Tecnológica FITEC,52483-TECNICA PROFESIONAL EN CONSTRUCCION DE SOFWARE,Femenino,2010-1,2018,Dependiente,Administración pública y defensa; planes de seguridad social de afiliación obligatoria,1,1,,"100,0%",NaN
3716-Tecnológica FITEC,52483-TECNICA PROFESIONAL EN CONSTRUCCION DE SOFWARE,Femenino,2010-1,2018,Dependiente,Industrias manufactureras,2,2,,"100,0%",NaN
3716-Tecnológica FITEC,52483-TECNICA PROFESIONAL EN CONSTRUCCION DE SOFWARE,Femenino,2010-1,2018,Dependiente,Información y comunicaciones,1,1,,"100,0%",NaN
3716-Tecnológica FITEC,52483-TECNICA PROFESIONAL EN CONSTRUCCION DE SOFWARE,Femenino,2010-1,2018,Dependiente,Otras actividades de servicios,2,2,,"100,0%",NaN
3716-Tecnológica FITEC,52483-TECNICA PROFESIONAL EN CONSTRUCCION DE SOFWARE,Femenino,2010-1,2018,Dependiente,Transporte y almacenamiento,1,1,,"100,0%",NaN
3716-Tecnológica FITEC,52483-TECNICA PROFESIONAL EN CONSTRUCCION DE SOFWARE,Femenino,2010-1,2018,Independiente,"Actividades profesionales, científicas y técnicas",3,3,,"100,0%",NaN
3716-Tecnológica FITEC,52483-TECNICA PROFESIONAL EN CONSTRUCCION DE SOFWARE,Femenino,2010-1,2018,Independiente,Sin información,3,3,,"100,0%",NaN
3716-Tecnológica FITEC,52483-TECNICA PROFESIONAL EN CONSTRUCCION DE SOFWARE,Femenino,2010-1,2018,No cotizante,Sin información,12,0,,"0,0%",NaN
3716-Tecnológica FITEC,52483-TECNICA PROFESIONAL EN CONSTRUCCION DE SOFWARE,Femenino,2010-1,2019,Dependiente,"Actividades artísticas, de entretenimiento y recreación",5,5,,"100,0%",NaN
3716-Tecnológica FITEC,52483-TECNICA PROFESIONAL EN CONSTRUCCION DE SOFWARE,Femenino,2010-1,2019,Dependiente,"Actividades profesionales, científicas y técnicas",1,1,,"100,0%",NaN
3716-Tecnológica FITEC,52483-TECNICA PROFESIONAL EN CONSTRUCCION DE SOFWARE,Femenino,2010-1,2019,Dependiente,Administración pública y defensa; planes de seguridad social de afiliación obligatoria,1,1,,"100,0%",NaN
3716-Tecnológica FITEC,52483-TECNICA PROFESIONAL EN CONSTRUCCION DE SOFWARE,Femenino,2010-1,2019,Dependiente,Industrias manufactureras,1,1,,"100,0%",NaN
3716-Tecnológica FITEC,52483-TECNICA PROFESIONAL EN CONSTRUCCION DE SOFWARE,Femenino,2010-1,2019,Dependiente,Información y comunicaciones,1,1,,"100,0%",NaN
3716-Tecnológica FITEC,52483-TECNICA PROFESIONAL EN CONSTRUCCION DE SOFWARE,Femenino,2010-1,2019,Dependiente,Otras actividades de servicios,1,1,,"100,0%",NaN
3716-Tecnológica FITEC,52483-TECNICA PROFESIONAL EN CONSTRUCCION DE SOFWARE,Femenino,2010-1,2019,Dependiente,Transporte y almacenamiento,1,1,,"100,0%",NaN
3716-Tecnológica FITEC,52483-TECNICA PROFESIONAL EN CONSTRUCCION DE SOFWARE,Femenino,2010-1,2019,Independiente,"Actividades profesionales, científicas y técnicas",3,3,,"100,0%",NaN
3716-Tecnológica FITEC,52483-TECNICA PROFESIONAL EN CONSTRUCCION DE SOFWARE,Femenino,2010-1,2019,Independiente,Administración pública y defensa; planes de seguridad social de afiliación obligatoria,2,2,,"100,0%",NaN
3716-Tecnológica FITEC,52483-TECNICA PROFESIONAL EN CONSTRUCCION DE SOFWARE,Femenino,2010-1,2019,Independiente,Sin información,1,1,,"100,0%",NaN
3716-Tecnológica FITEC,52483-TECNICA PROFESIONAL EN CONSTRUCCION DE SOFWARE,Femenino,2010-1,2019,No cotizante,Sin información,13,0,,"0,0%",NaN
3716-Tecnológica FITEC,52483-TECNICA PROFESIONAL EN CONSTRUCCION DE SOFWARE,Femenino,2010-1,2020,Dependiente,"Actividades artísticas, de entretenimiento y recreación",5,5,,"100,0%",NaN
3716-Tecnológica FITEC,52483-TECNICA PROFESIONAL EN CONSTRUCCION DE SOFWARE,Femenino,2010-1,2020,Dependiente,Actividades de servicios administrativos y de apoyo,1,1,,"100,0%",NaN
3716-Tecnológica FITEC,52483-TECNICA PROFESIONAL EN CONSTRUCCION DE SOFWARE,Femenino,2010-1,2020,Dependiente,Administración pública y defensa; planes de seguridad social de afiliación obligatoria,1,1,,"100,0%",NaN
3716-Tecnológica FITEC,52483-TECNICA PROFESIONAL EN CONSTRUCCION DE SOFWARE,Femenino,2010-1,2020,Dependiente,Información y comunicaciones,1,1,,"100,0%",NaN
3716-Tecnológica FITEC,52483-TECNICA PROFESIONAL EN CONSTRUCCION DE SOFWARE,Femenino,2010-1,2020,Dependiente,Otras actividades de servicios,1,1,,"100,0%",NaN
3716-Tecnológica FITEC,52483-TECNICA PROFESIONAL EN CONSTRUCCION DE SOFWARE,Femenino,2010-1,2020,Dependiente,Transporte y almacenamiento,1,1,,"100,0%",NaN
3716-Tecnológica FITEC,52483-TECNICA PROFESIONAL EN CONSTRUCCION DE SOFWARE,Femenino,2010-1,2020,Independiente,Actividades de servicios administrativos y de apoyo,2,2,,"100,0%",NaN
3716-Tecnológica FITEC,52483-TECNICA PROFESIONAL EN CONSTRUCCION DE SOFWARE,Femenino,2010-1,2020,Independiente,"Actividades profesionales, científicas y técnicas",3,3,,"100,0%",NaN
3716-Tecnológica FITEC,52483-TECNICA PROFESIONAL EN CONSTRUCCION DE SOFWARE,Femenino,2010-1,2020,Independiente,Administración pública y defensa; planes de seguridad social de afiliación obligatoria,2,2,,"100,0%",NaN
3716-Tecnológica FITEC,52483-TECNICA PROFESIONAL EN CONSTRUCCION DE SOFWARE,Femenino,2010-1,2020,No cotizante,Sin información,14,0,,"0,0%",NaN
3716-Tecnológica FITEC,52483-TECNICA PROFESIONAL EN CONSTRUCCION DE SOFWARE,Femenino,2010-1,2021,Dependiente,"Actividades artísticas, de entretenimiento y recreación",5,5,,"100,0%",NaN
3716-Tecnológica FITEC,52483-TECNICA PROFESIONAL EN CONSTRUCCION DE SOFWARE,Femenino,2010-1,2021,Dependiente,Administración pública y defensa; planes de seguridad social de afiliación obligatoria,1,1,,"100,0%",NaN
3716-Tecnológica FITEC,52483-TECNICA PROFESIONAL EN CONSTRUCCION DE SOFWARE,Femenino,2010-1,2021,Dependiente,Información y comunicaciones,1,1,,"100,0%",NaN
3716-Tecnológica FITEC,52483-TECNICA PROFESIONAL EN CONSTRUCCION DE SOFWARE,Femenino,2010-1,2021,Dependiente,Otras actividades de servicios,1,1,,"100,0%",NaN
3716-Tecnológica FITEC,52483-TECNICA PROFESIONAL EN CONSTRUCCION DE SOFWARE,Femenino,2010-1,2021,Dependiente,Transporte y almacenamiento,1,1,,"100,0%",NaN
3716-Tecnológica FITEC,52483-TECNICA PROFESIONAL EN CONSTRUCCION DE SOFWARE,Femenino,2010-1,2021,Independiente,Actividades de servicios administrativos y de apoyo,1,1,,"100,0%",NaN
3716-Tecnológica FITEC,52483-TECNICA PROFESIONAL EN CONSTRUCCION DE SOFWARE,Femenino,2010-1,2021,Independiente,"Actividades profesionales, científicas y técnicas",2,2,,"100,0%",NaN
3716-Tecnológica FITEC,52483-TECNICA PROFESIONAL EN CONSTRUCCION DE SOFWARE,Femenino,2010-1,2021,Independiente,Administración pública y defensa; planes de seguridad social de afiliación obligatoria,2,2,,"100,0%",NaN
3716-Tecnológica FITEC,52483-TECNICA PROFESIONAL EN CONSTRUCCION DE SOFWARE,Femenino,2010-1,2021,No cotizante,Sin información,18,0,,"0,0%",NaN
3716-Tecnológica FITEC,52483-TECNICA PROFESIONAL EN CONSTRUCCION DE SOFWARE,Femenino,2010-1,2022,Dependiente,"Actividades artísticas, de entretenimiento y recreación",5,5,,"100,0%",NaN
3716-Tecnológica FITEC,52483-TECNICA PROFESIONAL EN CONSTRUCCION DE SOFWARE,Femenino,2010-1,2022,Dependiente,Administración pública y defensa; planes de seguridad social de afiliación obligatoria,1,1,,"100,0%",NaN
3716-Tecnológica FITEC,52483-TECNICA PROFESIONAL EN CONSTRUCCION DE SOFWARE,Femenino,2010-1,2022,Dependiente,Información y comunicaciones,1,1,,"100,0%",NaN
3716-Tecnológica FITEC,52483-TECNICA PROFESIONAL EN CONSTRUCCION DE SOFWARE,Femenino,2010-1,2022,Dependiente,Otras actividades de servicios,1,1,,"100,0%",NaN
3716-Tecnológica FITEC,52483-TECNICA PROFESIONAL EN CONSTRUCCION DE SOFWARE,Femenino,2010-1,2022,Dependiente,Transporte y almacenamiento,1,1,,"100,0%",NaN
3716-Tecnológica FITEC,52483-TECNICA PROFESIONAL EN CONSTRUCCION DE SOFWARE,Femenino,2010-1,2022,Independiente,Actividades de servicios administrativos y de apoyo,2,2,,"100,0%",NaN
3716-Tecnológica FITEC,52483-TECNICA PROFESIONAL EN CONSTRUCCION DE SOFWARE,Femenino,2010-1,2022,Independiente,"Actividades profesionales, científicas y técnicas",1,1,,"100,0%",NaN
3716-Tecnológica FITEC,52483-TECNICA PROFESIONAL EN CONSTRUCCION DE SOFWARE,Femenino,2010-1,2022,Independiente,Administración pública y defensa; planes de seguridad social de afiliación obligatoria,2,2,,"100,0%",NaN
3716-Tecnológica FITEC,52483-TECNICA PROFESIONAL EN CONSTRUCCION DE SOFWARE,Femenino,2010-1,2022,No cotizante,SIN DATO,17,0,,"0,0%",NaN
3716-Tecnológica FITEC,52483-TECNICA PROFESIONAL EN CONSTRUCCION DE SOFWARE,Femenino,2010-1,2023,Dependiente,"Actividades artísticas, de entretenimiento y recreación",5,5,,"100,0%",NaN
3716-Tecnológica FITEC,52483-TECNICA PROFESIONAL EN CONSTRUCCION DE SOFWARE,Femenino,2010-1,2023,Dependiente,Administración pública y defensa; planes de seguridad social de afiliación obligatoria,1,1,,"100,0%",NaN
3716-Tecnológica FITEC,52483-TECNICA PROFESIONAL EN CONSTRUCCION DE SOFWARE,Femenino,2010-1,2023,Dependiente,Información y comunicaciones,1,1,,"100,0%",NaN
3716-Tecnológica FITEC,52483-TECNICA PROFESIONAL EN CONSTRUCCION DE SOFWARE,Femenino,2010-1,2023,Dependiente,Otras actividades de servicios,1,1,,"100,0%",NaN
3716-Tecnológica FITEC,52483-TECNICA PROFESIONAL EN CONSTRUCCION DE SOFWARE,Femenino,2010-1,2023,Dependiente,Transporte y almacenamiento,1,1,,"100,0%",NaN
3716-Tecnológica FITEC,52483-TECNICA PROFESIONAL EN CONSTRUCCION DE SOFWARE,Femenino,2010-1,2023,Independiente,Actividades de servicios administrativos y de apoyo,1,1,,"100,0%",NaN
3716-Tecnológica FITEC,52483-TECNICA PROFESIONAL EN CONSTRUCCION DE SOFWARE,Femenino,2010-1,2023,Independiente,"Actividades profesionales, científicas y técnicas",2,2,,"100,0%",NaN
3716-Tecnológica FITEC,52483-TECNICA PROFESIONAL EN CONSTRUCCION DE SOFWARE,Femenino,2010-1,2023,Independiente,Administración pública y defensa; planes de seguridad social de afiliación obligatoria,2,2,,"100,0%",NaN
3716-Tecnológica FITEC,52483-TECNICA PROFESIONAL EN CONSTRUCCION DE SOFWARE,Femenino,2010-1,2023,No cotizante,SIN DATO,16,0,,"0,0%",NaN
3716-Tecnológica FITEC,52483-TECNICA PROFESIONAL EN CONSTRUCCION DE SOFWARE,Masculino,2010-1,2016,Dependiente,Alojamiento y servicios de comida,1,1,,"100,0%",$1.055.000
3716-Tecnológica FITEC,52483-TECNICA PROFESIONAL EN CONSTRUCCION DE SOFWARE,Masculino,2010-1,2016,Dependiente,Comercio al por mayor y al por menor; reparación de vehículos automotores y motocicletas,1,1,,"100,0%",$689.455
3716-Tecnológica FITEC,52483-TECNICA PROFESIONAL EN CONSTRUCCION DE SOFWARE,Masculino,2010-1,2016,Dependiente,Construccion,2,2,,"100,0%",$709.228
3716-Tecnológica FITEC,52483-TECNICA PROFESIONAL EN CONSTRUCCION DE SOFWARE,Masculino,2010-1,2016,Dependiente,Educación,2,2,,"100,0%",$876.500
3716-Tecnológica FITEC,52483-TECNICA PROFESIONAL EN CONSTRUCCION DE SOFWARE,Masculino,2010-1,2016,Dependiente,Explotación de minas y canteras,1,1,,"100,0%",$689.455
3716-Tecnológica FITEC,52483-TECNICA PROFESIONAL EN CONSTRUCCION DE SOFWARE,Masculino,2010-1,2016,Dependiente,Industrias manufactureras,3,3,,"100,0%",$1.108.485
3716-Tecnológica FITEC,52483-TECNICA PROFESIONAL EN CONSTRUCCION DE SOFWARE,Masculino,2010-1,2016,Dependiente,Información y comunicaciones,1,1,,"100,0%",$700.000
3716-Tecnológica FITEC,52483-TECNICA PROFESIONAL EN CONSTRUCCION DE SOFWARE,Masculino,2010-1,2016,Dependiente,Otras actividades de servicios,2,2,,"100,0%",$1.010.000
3716-Tecnológica FITEC,52483-TECNICA PROFESIONAL EN CONSTRUCCION DE SOFWARE,Masculino,2010-1,2016,Dependiente,Sin información,3,3,,"100,0%",$689.637
3716-Tecnológica FITEC,52483-TECNICA PROFESIONAL EN CONSTRUCCION DE SOFWARE,Masculino,2010-1,2016,Independiente,"Actividades profesionales, científicas y técnicas",1,1,,"100,0%",NaN
3716-Tecnológica FITEC,52483-TECNICA PROFESIONAL EN CONSTRUCCION DE SOFWARE,Masculino,2010-1,2016,Independiente,Comercio al por mayor y al por menor; reparación de vehículos automotores y motocicletas,1,1,,"100,0%",NaN
3716-Tecnológica FITEC,52483-TECNICA PROFESIONAL EN CONSTRUCCION DE SOFWARE,Masculino,2010-1,2016,Independiente,Educación,1,1,,"100,0%",NaN
3716-Tecnológica FITEC,52483-TECNICA PROFESIONAL EN CONSTRUCCION DE SOFWARE,Masculino,2010-1,2016,No cotizante,Sin información,13,0,,"0,0%",NaN
3716-Tecnológica FITEC,52483-TECNICA PROFESIONAL EN CONSTRUCCION DE SOFWARE,Masculino,2010-1,2017,Dependiente,"Actividades artísticas, de entretenimiento y recreación",2,2,,"100,0%",NaN
3716-Tecnológica FITEC,52483-TECNICA PROFESIONAL EN CONSTRUCCION DE SOFWARE,Masculino,2010-1,2017,Dependiente,Actividades de servicios administrativos y de apoyo,1,1,,"100,0%",NaN
3716-Tecnológica FITEC,52483-TECNICA PROFESIONAL EN CONSTRUCCION DE SOFWARE,Masculino,2010-1,2017,Dependiente,"Actividades profesionales, científicas y técnicas",1,1,,"100,0%",NaN
3716-Tecnológica FITEC,52483-TECNICA PROFESIONAL EN CONSTRUCCION DE SOFWARE,Masculino,2010-1,2017,Dependiente,Alojamiento y servicios de comida,2,2,,"100,0%",NaN
3716-Tecnológica FITEC,52483-TECNICA PROFESIONAL EN CONSTRUCCION DE SOFWARE,Masculino,2010-1,2017,Dependiente,Comercio al por mayor y al por menor; reparación de vehículos automotores y motocicletas,2,2,,"100,0%",NaN
3716-Tecnológica FITEC,52483-TECNICA PROFESIONAL EN CONSTRUCCION DE SOFWARE,Masculino,2010-1,2017,Dependiente,"Distribución de agua; evacuación y tratamiento de aguas residuales, gestión de desechos y actividades de saneamiento ambiental",1,1,,"100,0%",NaN
3716-Tecnológica FITEC,52483-TECNICA PROFESIONAL EN CONSTRUCCION DE SOFWARE,Masculino,2010-1,2017,Dependiente,Industrias manufactureras,3,3,,"100,0%",NaN
3716-Tecnológica FITEC,52483-TECNICA PROFESIONAL EN CONSTRUCCION DE SOFWARE,Masculino,2010-1,2017,Dependiente,Sin información,4,4,,"100,0%",NaN
3716-Tecnológica FITEC,52483-TECNICA PROFESIONAL EN CONSTRUCCION DE SOFWARE,Masculino,2010-1,2017,Independiente,"Actividades artísticas, de entretenimiento y recreación",1,1,,"100,0%",NaN
3716-Tecnológica FITEC,52483-TECNICA PROFESIONAL EN CONSTRUCCION DE SOFWARE,Masculino,2010-1,2017,Independiente,"Actividades profesionales, científicas y técnicas",1,1,,"100,0%",NaN
3716-Tecnológica FITEC,52483-TECNICA PROFESIONAL EN CONSTRUCCION DE SOFWARE,Masculino,2010-1,2017,Independiente,Comercio al por mayor y al por menor; reparación de vehículos automotores y motocicletas,1,1,,"100,0%",NaN
3716-Tecnológica FITEC,52483-TECNICA PROFESIONAL EN CONSTRUCCION DE SOFWARE,Masculino,2010-1,2017,Independiente,Sin información,1,1,,"100,0%",NaN
3716-Tecnológica FITEC,52483-TECNICA PROFESIONAL EN CONSTRUCCION DE SOFWARE,Masculino,2010-1,2017,No cotizante,Sin información,11,0,,"0,0%",NaN
3716-Tecnológica FITEC,52483-TECNICA PROFESIONAL EN CONSTRUCCION DE SOFWARE,Masculino,2010-1,2018,Dependiente,"Actividades artísticas, de entretenimiento y recreación",2,2,,"100,0%",NaN
3716-Tecnológica FITEC,52483-TECNICA PROFESIONAL EN CONSTRUCCION DE SOFWARE,Masculino,2010-1,2018,Dependiente,Actividades de servicios administrativos y de apoyo,2,2,,"100,0%",NaN
3716-Tecnológica FITEC,52483-TECNICA PROFESIONAL EN CONSTRUCCION DE SOFWARE,Masculino,2010-1,2018,Dependiente,"Actividades profesionales, científicas y técnicas",1,1,,"100,0%",NaN
3716-Tecnológica FITEC,52483-TECNICA PROFESIONAL EN CONSTRUCCION DE SOFWARE,Masculino,2010-1,2018,Dependiente,Alojamiento y servicios de comida,2,2,,"100,0%",NaN
3716-Tecnológica FITEC,52483-TECNICA PROFESIONAL EN CONSTRUCCION DE SOFWARE,Masculino,2010-1,2018,Dependiente,Comercio al por mayor y al por menor; reparación de vehículos automotores y motocicletas,2,2,,"100,0%",NaN
3716-Tecnológica FITEC,52483-TECNICA PROFESIONAL EN CONSTRUCCION DE SOFWARE,Masculino,2010-1,2018,Dependiente,"Distribución de agua; evacuación y tratamiento de aguas residuales, gestión de desechos y actividades de saneamiento ambiental",1,1,,"100,0%",NaN
3716-Tecnológica FITEC,52483-TECNICA PROFESIONAL EN CONSTRUCCION DE SOFWARE,Masculino,2010-1,2018,Dependiente,Industrias manufactureras,2,2,,"100,0%",NaN
3716-Tecnológica FITEC,52483-TECNICA PROFESIONAL EN CONSTRUCCION DE SOFWARE,Masculino,2010-1,2018,Dependiente,Otras actividades de servicios,1,1,,"100,0%",NaN
3716-Tecnológica FITEC,52483-TECNICA PROFESIONAL EN CONSTRUCCION DE SOFWARE,Masculino,2010-1,2018,Dependiente,Sin información,3,3,,"100,0%",NaN
3716-Tecnológica FITEC,52483-TECNICA PROFESIONAL EN CONSTRUCCION DE SOFWARE,Masculino,2010-1,2018,Independiente,"Actividades profesionales, científicas y técnicas",1,1,,"100,0%",NaN
3716-Tecnológica FITEC,52483-TECNICA PROFESIONAL EN CONSTRUCCION DE SOFWARE,Masculino,2010-1,2018,Independiente,Comercio al por mayor y al por menor; reparación de vehículos automotores y motocicletas,1,1,,"100,0%",NaN
3716-Tecnológica FITEC,52483-TECNICA PROFESIONAL EN CONSTRUCCION DE SOFWARE,Masculino,2010-1,2018,Independiente,Sin información,1,1,,"100,0%",NaN
3716-Tecnológica FITEC,52483-TECNICA PROFESIONAL EN CONSTRUCCION DE SOFWARE,Masculino,2010-1,2018,No cotizante,Sin información,11,0,,"0,0%",NaN
3716-Tecnológica FITEC,52483-TECNICA PROFESIONAL EN CONSTRUCCION DE SOFWARE,Masculino,2010-1,2019,Dependiente,"Actividades artísticas, de entretenimiento y recreación",2,2,,"100,0%",NaN
3716-Tecnológica FITEC,52483-TECNICA PROFESIONAL EN CONSTRUCCION DE SOFWARE,Masculino,2010-1,2019,Dependiente,Administración pública y defensa; planes de seguridad social de afiliación obligatoria,1,1,,"100,0%",NaN
3716-Tecnológica FITEC,52483-TECNICA PROFESIONAL EN CONSTRUCCION DE SOFWARE,Masculino,2010-1,2019,Dependiente,Alojamiento y servicios de comida,1,1,,"100,0%",NaN
3716-Tecnológica FITEC,52483-TECNICA PROFESIONAL EN CONSTRUCCION DE SOFWARE,Masculino,2010-1,2019,Dependiente,Comercio al por mayor y al por menor; reparación de vehículos automotores y motocicletas,2,2,,"100,0%",NaN
3716-Tecnológica FITEC,52483-TECNICA PROFESIONAL EN CONSTRUCCION DE SOFWARE,Masculino,2010-1,2019,Dependiente,Construccion,4,4,,"100,0%",NaN
3716-Tecnológica FITEC,52483-TECNICA PROFESIONAL EN CONSTRUCCION DE SOFWARE,Masculino,2010-1,2019,Dependiente,"Distribución de agua; evacuación y tratamiento de aguas residuales, gestión de desechos y actividades de saneamiento ambiental",1,1,,"100,0%",NaN
3716-Tecnológica FITEC,52483-TECNICA PROFESIONAL EN CONSTRUCCION DE SOFWARE,Masculino,2010-1,2019,Dependiente,Industrias manufactureras,3,3,,"100,0%",NaN
3716-Tecnológica FITEC,52483-TECNICA PROFESIONAL EN CONSTRUCCION DE SOFWARE,Masculino,2010-1,2019,Dependiente,Información y comunicaciones,1,1,,"100,0%",NaN
3716-Tecnológica FITEC,52483-TECNICA PROFESIONAL EN CONSTRUCCION DE SOFWARE,Masculino,2010-1,2019,Dependiente,Otras actividades de servicios,1,1,,"100,0%",NaN
3716-Tecnológica FITEC,52483-TECNICA PROFESIONAL EN CONSTRUCCION DE SOFWARE,Masculino,2010-1,2019,Independiente,"Actividades profesionales, científicas y técnicas",1,1,,"100,0%",NaN
3716-Tecnológica FITEC,52483-TECNICA PROFESIONAL EN CONSTRUCCION DE SOFWARE,Masculino,2010-1,2019,Independiente,Administración pública y defensa; planes de seguridad social de afiliación obligatoria,1,1,,"100,0%",NaN
3716-Tecnológica FITEC,52483-TECNICA PROFESIONAL EN CONSTRUCCION DE SOFWARE,Masculino,2010-1,2019,Independiente,Información y comunicaciones,1,1,,"100,0%",NaN
3716-Tecnológica FITEC,52483-TECNICA PROFESIONAL EN CONSTRUCCION DE SOFWARE,Masculino,2010-1,2019,Independiente,Sin información,1,1,,"100,0%",NaN
3716-Tecnológica FITEC,52483-TECNICA PROFESIONAL EN CONSTRUCCION DE SOFWARE,Masculino,2010-1,2019,No cotizante,Sin información,10,0,,"0,0%",NaN
3716-Tecnológica FITEC,52483-TECNICA PROFESIONAL EN CONSTRUCCION DE SOFWARE,Masculino,2010-1,2020,Dependiente,"Actividades artísticas, de entretenimiento y recreación",2,2,,"100,0%",NaN
3716-Tecnológica FITEC,52483-TECNICA PROFESIONAL EN CONSTRUCCION DE SOFWARE,Masculino,2010-1,2020,Dependiente,"Actividades profesionales, científicas y técnicas",4,4,,"100,0%",NaN
3716-Tecnológica FITEC,52483-TECNICA PROFESIONAL EN CONSTRUCCION DE SOFWARE,Masculino,2010-1,2020,Dependiente,Administración pública y defensa; planes de seguridad social de afiliación obligatoria,1,1,,"100,0%",NaN
3716-Tecnológica FITEC,52483-TECNICA PROFESIONAL EN CONSTRUCCION DE SOFWARE,Masculino,2010-1,2020,Dependiente,Alojamiento y servicios de comida,2,2,,"100,0%",NaN
3716-Tecnológica FITEC,52483-TECNICA PROFESIONAL EN CONSTRUCCION DE SOFWARE,Masculino,2010-1,2020,Dependiente,Comercio al por mayor y al por menor; reparación de vehículos automotores y motocicletas,1,1,,"100,0%",NaN
3716-Tecnológica FITEC,52483-TECNICA PROFESIONAL EN CONSTRUCCION DE SOFWARE,Masculino,2010-1,2020,Dependiente,Construccion,2,2,,"100,0%",NaN
3716-Tecnológica FITEC,52483-TECNICA PROFESIONAL EN CONSTRUCCION DE SOFWARE,Masculino,2010-1,2020,Dependiente,"Distribución de agua; evacuación y tratamiento de aguas residuales, gestión de desechos y actividades de saneamiento ambiental",1,1,,"100,0%",NaN
3716-Tecnológica FITEC,52483-TECNICA PROFESIONAL EN CONSTRUCCION DE SOFWARE,Masculino,2010-1,2020,Dependiente,Industrias manufactureras,4,4,,"100,0%",NaN
3716-Tecnológica FITEC,52483-TECNICA PROFESIONAL EN CONSTRUCCION DE SOFWARE,Masculino,2010-1,2020,Dependiente,Información y comunicaciones,1,1,,"100,0%",NaN
3716-Tecnológica FITEC,52483-TECNICA PROFESIONAL EN CONSTRUCCION DE SOFWARE,Masculino,2010-1,2020,Independiente,Administración pública y defensa; planes de seguridad social de afiliación obligatoria,2,2,,"100,0%",NaN
3716-Tecnológica FITEC,52483-TECNICA PROFESIONAL EN CONSTRUCCION DE SOFWARE,Masculino,2010-1,2020,Independiente,Información y comunicaciones,1,1,,"100,0%",NaN
3716-Tecnológica FITEC,52483-TECNICA PROFESIONAL EN CONSTRUCCION DE SOFWARE,Masculino,2010-1,2020,No cotizante,Sin información,11,0,,"0,0%",NaN
3716-Tecnológica FITEC,52483-TECNICA PROFESIONAL EN CONSTRUCCION DE SOFWARE,Masculino,2010-1,2021,Dependiente,"Actividades artísticas, de entretenimiento y recreación",2,2,,"100,0%",NaN
3716-Tecnológica FITEC,52483-TECNICA PROFESIONAL EN CONSTRUCCION DE SOFWARE,Masculino,2010-1,2021,Dependiente,Actividades de servicios administrativos y de apoyo,1,1,,"100,0%",NaN
3716-Tecnológica FITEC,52483-TECNICA PROFESIONAL EN CONSTRUCCION DE SOFWARE,Masculino,2010-1,2021,Dependiente,"Actividades profesionales, científicas y técnicas",4,4,,"100,0%",NaN
3716-Tecnológica FITEC,52483-TECNICA PROFESIONAL EN CONSTRUCCION DE SOFWARE,Masculino,2010-1,2021,Dependiente,Administración pública y defensa; planes de seguridad social de afiliación obligatoria,2,2,,"100,0%",NaN
3716-Tecnológica FITEC,52483-TECNICA PROFESIONAL EN CONSTRUCCION DE SOFWARE,Masculino,2010-1,2021,Dependiente,Alojamiento y servicios de comida,1,1,,"100,0%",NaN
3716-Tecnológica FITEC,52483-TECNICA PROFESIONAL EN CONSTRUCCION DE SOFWARE,Masculino,2010-1,2021,Dependiente,Construccion,1,1,,"100,0%",NaN
3716-Tecnológica FITEC,52483-TECNICA PROFESIONAL EN CONSTRUCCION DE SOFWARE,Masculino,2010-1,2021,Dependiente,"Distribución de agua; evacuación y tratamiento de aguas residuales, gestión de desechos y actividades de saneamiento ambiental",1,1,,"100,0%",NaN
3716-Tecnológica FITEC,52483-TECNICA PROFESIONAL EN CONSTRUCCION DE SOFWARE,Masculino,2010-1,2021,Dependiente,Industrias manufactureras,3,3,,"100,0%",NaN
3716-Tecnológica FITEC,52483-TECNICA PROFESIONAL EN CONSTRUCCION DE SOFWARE,Masculino,2010-1,2021,Dependiente,Información y comunicaciones,1,1,,"100,0%",NaN
3716-Tecnológica FITEC,52483-TECNICA PROFESIONAL EN CONSTRUCCION DE SOFWARE,Masculino,2010-1,2021,Dependiente,Otras actividades de servicios,1,1,,"100,0%",NaN
3716-Tecnológica FITEC,52483-TECNICA PROFESIONAL EN CONSTRUCCION DE SOFWARE,Masculino,2010-1,2021,Independiente,Actividades de servicios administrativos y de apoyo,1,1,,"100,0%",NaN
3716-Tecnológica FITEC,52483-TECNICA PROFESIONAL EN CONSTRUCCION DE SOFWARE,Masculino,2010-1,2021,Independiente,Administración pública y defensa; planes de seguridad social de afiliación obligatoria,2,2,,"100,0%",NaN
3716-Tecnológica FITEC,52483-TECNICA PROFESIONAL EN CONSTRUCCION DE SOFWARE,Masculino,2010-1,2021,Independiente,Información y comunicaciones,1,1,,"100,0%",NaN
3716-Tecnológica FITEC,52483-TECNICA PROFESIONAL EN CONSTRUCCION DE SOFWARE,Masculino,2010-1,2021,No cotizante,Sin información,11,0,,"0,0%",NaN
3716-Tecnológica FITEC,52483-TECNICA PROFESIONAL EN CONSTRUCCION DE SOFWARE,Masculino,2010-1,2022,Dependiente,"Actividades artísticas, de entretenimiento y recreación",2,2,,"100,0%",NaN
3716-Tecnológica FITEC,52483-TECNICA PROFESIONAL EN CONSTRUCCION DE SOFWARE,Masculino,2010-1,2022,Dependiente,Actividades de servicios administrativos y de apoyo,1,1,,"100,0%",NaN
3716-Tecnológica FITEC,52483-TECNICA PROFESIONAL EN CONSTRUCCION DE SOFWARE,Masculino,2010-1,2022,Dependiente,"Actividades profesionales, científicas y técnicas",3,3,,"100,0%",NaN
3716-Tecnológica FITEC,52483-TECNICA PROFESIONAL EN CONSTRUCCION DE SOFWARE,Masculino,2010-1,2022,Dependiente,Administración pública y defensa; planes de seguridad social de afiliación obligatoria,2,2,,"100,0%",NaN
3716-Tecnológica FITEC,52483-TECNICA PROFESIONAL EN CONSTRUCCION DE SOFWARE,Masculino,2010-1,2022,Dependiente,Comercio al por mayor y al por menor; reparación de vehículos automotores y motocicletas,3,3,,"100,0%",NaN
3716-Tecnológica FITEC,52483-TECNICA PROFESIONAL EN CONSTRUCCION DE SOFWARE,Masculino,2010-1,2022,Dependiente,Construccion,1,1,,"100,0%",NaN
3716-Tecnológica FITEC,52483-TECNICA PROFESIONAL EN CONSTRUCCION DE SOFWARE,Masculino,2010-1,2022,Dependiente,"Distribución de agua; evacuación y tratamiento de aguas residuales, gestión de desechos y actividades de saneamiento ambiental",1,1,,"100,0%",NaN
3716-Tecnológica FITEC,52483-TECNICA PROFESIONAL EN CONSTRUCCION DE SOFWARE,Masculino,2010-1,2022,Dependiente,Industrias manufactureras,3,3,,"100,0%",NaN
3716-Tecnológica FITEC,52483-TECNICA PROFESIONAL EN CONSTRUCCION DE SOFWARE,Masculino,2010-1,2022,Dependiente,Información y comunicaciones,1,1,,"100,0%",NaN
3716-Tecnológica FITEC,52483-TECNICA PROFESIONAL EN CONSTRUCCION DE SOFWARE,Masculino,2010-1,2022,Independiente,Actividades de servicios administrativos y de apoyo,2,2,,"100,0%",NaN
3716-Tecnológica FITEC,52483-TECNICA PROFESIONAL EN CONSTRUCCION DE SOFWARE,Masculino,2010-1,2022,Independiente,Información y comunicaciones,1,1,,"100,0%",NaN
3716-Tecnológica FITEC,52483-TECNICA PROFESIONAL EN CONSTRUCCION DE SOFWARE,Masculino,2010-1,2022,No cotizante,SIN DATO,12,0,,"0,0%",NaN
3716-Tecnológica FITEC,52483-TECNICA PROFESIONAL EN CONSTRUCCION DE SOFWARE,Masculino,2010-1,2023,Dependiente,"Actividades artísticas, de entretenimiento y recreación",2,2,,"100,0%",NaN
3716-Tecnológica FITEC,52483-TECNICA PROFESIONAL EN CONSTRUCCION DE SOFWARE,Masculino,2010-1,2023,Dependiente,"Actividades profesionales, científicas y técnicas",3,3,,"100,0%",NaN
3716-Tecnológica FITEC,52483-TECNICA PROFESIONAL EN CONSTRUCCION DE SOFWARE,Masculino,2010-1,2023,Dependiente,Administración pública y defensa; planes de seguridad social de afiliación obligatoria,2,2,,"100,0%",NaN
3716-Tecnológica FITEC,52483-TECNICA PROFESIONAL EN CONSTRUCCION DE SOFWARE,Masculino,2010-1,2023,Dependiente,"Agricultura, ganadería, caza, silvicultura y pesca",1,1,,"100,0%",NaN
3716-Tecnológica FITEC,52483-TECNICA PROFESIONAL EN CONSTRUCCION DE SOFWARE,Masculino,2010-1,2023,Dependiente,Comercio al por mayor y al por menor; reparación de vehículos automotores y motocicletas,1,1,,"100,0%",NaN
3716-Tecnológica FITEC,52483-TECNICA PROFESIONAL EN CONSTRUCCION DE SOFWARE,Masculino,2010-1,2023,Dependiente,Construccion,2,2,,"100,0%",NaN
3716-Tecnológica FITEC,52483-TECNICA PROFESIONAL EN CONSTRUCCION DE SOFWARE,Masculino,2010-1,2023,Dependiente,"Distribución de agua; evacuación y tratamiento de aguas residuales, gestión de desechos y actividades de saneamiento ambiental",1,1,,"100,0%",NaN
3716-Tecnológica FITEC,52483-TECNICA PROFESIONAL EN CONSTRUCCION DE SOFWARE,Masculino,2010-1,2023,Dependiente,Industrias manufactureras,2,2,,"100,0%",NaN
3716-Tecnológica FITEC,52483-TECNICA PROFESIONAL EN CONSTRUCCION DE SOFWARE,Masculino,2010-1,2023,Dependiente,Información y comunicaciones,1,1,,"100,0%",NaN
3716-Tecnológica FITEC,52483-TECNICA PROFESIONAL EN CONSTRUCCION DE SOFWARE,Masculino,2010-1,2023,Dependiente,"Suministro de electricidad, gas, vapor y aire acondicionado",1,1,,"100,0%",NaN
3716-Tecnológica FITEC,52483-TECNICA PROFESIONAL EN CONSTRUCCION DE SOFWARE,Masculino,2010-1,2023,Independiente,"Actividades profesionales, científicas y técnicas",1,1,,"100,0%",NaN
3716-Tecnológica FITEC,52483-TECNICA PROFESIONAL EN CONSTRUCCION DE SOFWARE,Masculino,2010-1,2023,Independiente,Administración pública y defensa; planes de seguridad social de afiliación obligatoria,1,1,,"100,0%",NaN
3716-Tecnológica FITEC,52483-TECNICA PROFESIONAL EN CONSTRUCCION DE SOFWARE,Masculino,2010-1,2023,Independiente,Información y comunicaciones,1,1,,"100,0%",NaN
3716-Tecnológica FITEC,52483-TECNICA PROFESIONAL EN CONSTRUCCION DE SOFWARE,Masculino,2010-1,2023,No cotizante,SIN DATO,12,0,,"0,0%",NaN
3716-Tecnológica FITEC,53167-TECNICA PROFESIONAL EN GESTION AGROPECUARIA,Femenino,2010-1,2016,Dependiente,Actividades de atención de la salud humana y de asistencia social,2,2,,"100,0%",$1.213.466
3716-Tecnológica FITEC,53167-TECNICA PROFESIONAL EN GESTION AGROPECUARIA,Femenino,2010-1,2016,Dependiente,Actividades de servicios administrativos y de apoyo,4,4,,"100,0%",$757.250
3716-Tecnológica FITEC,53167-TECNICA PROFESIONAL EN GESTION AGROPECUARIA,Femenino,2010-1,2016,Dependiente,"Actividades profesionales, científicas y técnicas",1,1,,"100,0%",$862.500
3716-Tecnológica FITEC,53167-TECNICA PROFESIONAL EN GESTION AGROPECUARIA,Femenino,2010-1,2016,Dependiente,Alojamiento y servicios de comida,1,1,,"100,0%",$892.000
3716-Tecnológica FITEC,53167-TECNICA PROFESIONAL EN GESTION AGROPECUARIA,Femenino,2010-1,2016,Dependiente,Comercio al por mayor y al por menor; reparación de vehículos automotores y motocicletas,1,1,,"100,0%",$689.455
3716-Tecnológica FITEC,53167-TECNICA PROFESIONAL EN GESTION AGROPECUARIA,Femenino,2010-1,2016,Dependiente,Educación,1,1,,"100,0%",$856.000
3716-Tecnológica FITEC,53167-TECNICA PROFESIONAL EN GESTION AGROPECUARIA,Femenino,2010-1,2016,Dependiente,Industrias manufactureras,5,5,,"100,0%",$773.582
3716-Tecnológica FITEC,53167-TECNICA PROFESIONAL EN GESTION AGROPECUARIA,Femenino,2010-1,2016,Independiente,Alojamiento y servicios de comida,1,1,,"100,0%",NaN
3716-Tecnológica FITEC,53167-TECNICA PROFESIONAL EN GESTION AGROPECUARIA,Femenino,2010-1,2016,No cotizante,Sin información,6,0,,"0,0%",NaN
3716-Tecnológica FITEC,53167-TECNICA PROFESIONAL EN GESTION AGROPECUARIA,Femenino,2010-1,2017,Dependiente,Actividades de atención de la salud humana y de asistencia social,2,2,,"100,0%",NaN
3716-Tecnológica FITEC,53167-TECNICA PROFESIONAL EN GESTION AGROPECUARIA,Femenino,2010-1,2017,Dependiente,Actividades de servicios administrativos y de apoyo,2,2,,"100,0%",NaN
3716-Tecnológica FITEC,53167-TECNICA PROFESIONAL EN GESTION AGROPECUARIA,Femenino,2010-1,2017,Dependiente,"Actividades profesionales, científicas y técnicas",4,4,,"100,0%",NaN
3716-Tecnológica FITEC,53167-TECNICA PROFESIONAL EN GESTION AGROPECUARIA,Femenino,2010-1,2017,Dependiente,Alojamiento y servicios de comida,1,1,,"100,0%",NaN
3716-Tecnológica FITEC,53167-TECNICA PROFESIONAL EN GESTION AGROPECUARIA,Femenino,2010-1,2017,Dependiente,Comercio al por mayor y al por menor; reparación de vehículos automotores y motocicletas,1,1,,"100,0%",NaN
3716-Tecnológica FITEC,53167-TECNICA PROFESIONAL EN GESTION AGROPECUARIA,Femenino,2010-1,2017,Dependiente,Educación,1,1,,"100,0%",NaN
3716-Tecnológica FITEC,53167-TECNICA PROFESIONAL EN GESTION AGROPECUARIA,Femenino,2010-1,2017,Dependiente,Industrias manufactureras,2,2,,"100,0%",NaN
3716-Tecnológica FITEC,53167-TECNICA PROFESIONAL EN GESTION AGROPECUARIA,Femenino,2010-1,2017,Dependiente,Transporte y almacenamiento,1,1,,"100,0%",NaN
3716-Tecnológica FITEC,53167-TECNICA PROFESIONAL EN GESTION AGROPECUARIA,Femenino,2010-1,2017,Independiente,Sin información,2,2,,"100,0%",NaN
3716-Tecnológica FITEC,53167-TECNICA PROFESIONAL EN GESTION AGROPECUARIA,Femenino,2010-1,2017,No cotizante,Sin información,7,0,,"0,0%",NaN
3716-Tecnológica FITEC,53167-TECNICA PROFESIONAL EN GESTION AGROPECUARIA,Femenino,2010-1,2018,Dependiente,Actividades de atención de la salud humana y de asistencia social,2,2,,"100,0%",NaN
3716-Tecnológica FITEC,53167-TECNICA PROFESIONAL EN GESTION AGROPECUARIA,Femenino,2010-1,2018,Dependiente,Actividades de servicios administrativos y de apoyo,2,2,,"100,0%",NaN
3716-Tecnológica FITEC,53167-TECNICA PROFESIONAL EN GESTION AGROPECUARIA,Femenino,2010-1,2018,Dependiente,Actividades financieras y de seguros,1,1,,"100,0%",NaN
3716-Tecnológica FITEC,53167-TECNICA PROFESIONAL EN GESTION AGROPECUARIA,Femenino,2010-1,2018,Dependiente,"Actividades profesionales, científicas y técnicas",1,1,,"100,0%",NaN
3716-Tecnológica FITEC,53167-TECNICA PROFESIONAL EN GESTION AGROPECUARIA,Femenino,2010-1,2018,Dependiente,Alojamiento y servicios de comida,1,1,,"100,0%",NaN
3716-Tecnológica FITEC,53167-TECNICA PROFESIONAL EN GESTION AGROPECUARIA,Femenino,2010-1,2018,Dependiente,Comercio al por mayor y al por menor; reparación de vehículos automotores y motocicletas,1,1,,"100,0%",NaN
3716-Tecnológica FITEC,53167-TECNICA PROFESIONAL EN GESTION AGROPECUARIA,Femenino,2010-1,2018,Dependiente,Educación,1,1,,"100,0%",NaN
3716-Tecnológica FITEC,53167-TECNICA PROFESIONAL EN GESTION AGROPECUARIA,Femenino,2010-1,2018,Dependiente,Industrias manufactureras,2,2,,"100,0%",NaN
3716-Tecnológica FITEC,53167-TECNICA PROFESIONAL EN GESTION AGROPECUARIA,Femenino,2010-1,2018,Dependiente,Transporte y almacenamiento,1,1,,"100,0%",NaN
3716-Tecnológica FITEC,53167-TECNICA PROFESIONAL EN GESTION AGROPECUARIA,Femenino,2010-1,2018,Independiente,Sin información,2,2,,"100,0%",NaN
3716-Tecnológica FITEC,53167-TECNICA PROFESIONAL EN GESTION AGROPECUARIA,Femenino,2010-1,2018,No cotizante,Sin información,9,0,,"0,0%",NaN
3716-Tecnológica FITEC,53167-TECNICA PROFESIONAL EN GESTION AGROPECUARIA,Femenino,2010-1,2019,Dependiente,Actividades de atención de la salud humana y de asistencia social,2,2,,"100,0%",NaN
3716-Tecnológica FITEC,53167-TECNICA PROFESIONAL EN GESTION AGROPECUARIA,Femenino,2010-1,2019,Dependiente,Actividades de servicios administrativos y de apoyo,2,2,,"100,0%",NaN
3716-Tecnológica FITEC,53167-TECNICA PROFESIONAL EN GESTION AGROPECUARIA,Femenino,2010-1,2019,Dependiente,"Agricultura, ganadería, caza, silvicultura y pesca",1,1,,"100,0%",NaN
3716-Tecnológica FITEC,53167-TECNICA PROFESIONAL EN GESTION AGROPECUARIA,Femenino,2010-1,2019,Dependiente,Alojamiento y servicios de comida,1,1,,"100,0%",NaN
3716-Tecnológica FITEC,53167-TECNICA PROFESIONAL EN GESTION AGROPECUARIA,Femenino,2010-1,2019,Dependiente,Educación,1,1,,"100,0%",NaN
3716-Tecnológica FITEC,53167-TECNICA PROFESIONAL EN GESTION AGROPECUARIA,Femenino,2010-1,2019,Dependiente,Industrias manufactureras,4,4,,"100,0%",NaN
3716-Tecnológica FITEC,53167-TECNICA PROFESIONAL EN GESTION AGROPECUARIA,Femenino,2010-1,2019,Independiente,Administración pública y defensa; planes de seguridad social de afiliación obligatoria,1,1,,"100,0%",NaN
3716-Tecnológica FITEC,53167-TECNICA PROFESIONAL EN GESTION AGROPECUARIA,Femenino,2010-1,2019,No cotizante,Sin información,11,0,,"0,0%",NaN
3716-Tecnológica FITEC,53167-TECNICA PROFESIONAL EN GESTION AGROPECUARIA,Femenino,2010-1,2020,Dependiente,Actividades de atención de la salud humana y de asistencia social,2,2,,"100,0%",NaN
3716-Tecnológica FITEC,53167-TECNICA PROFESIONAL EN GESTION AGROPECUARIA,Femenino,2010-1,2020,Dependiente,Actividades de servicios administrativos y de apoyo,2,2,,"100,0%",NaN
3716-Tecnológica FITEC,53167-TECNICA PROFESIONAL EN GESTION AGROPECUARIA,Femenino,2010-1,2020,Dependiente,"Agricultura, ganadería, caza, silvicultura y pesca",1,1,,"100,0%",NaN
3716-Tecnológica FITEC,53167-TECNICA PROFESIONAL EN GESTION AGROPECUARIA,Femenino,2010-1,2020,Dependiente,Alojamiento y servicios de comida,1,1,,"100,0%",NaN
3716-Tecnológica FITEC,53167-TECNICA PROFESIONAL EN GESTION AGROPECUARIA,Femenino,2010-1,2020,Dependiente,Educación,1,1,,"100,0%",NaN
3716-Tecnológica FITEC,53167-TECNICA PROFESIONAL EN GESTION AGROPECUARIA,Femenino,2010-1,2020,Dependiente,Industrias manufactureras,2,2,,"100,0%",NaN
3716-Tecnológica FITEC,53167-TECNICA PROFESIONAL EN GESTION AGROPECUARIA,Femenino,2010-1,2020,Independiente,Administración pública y defensa; planes de seguridad social de afiliación obligatoria,1,1,,"100,0%",NaN
3716-Tecnológica FITEC,53167-TECNICA PROFESIONAL EN GESTION AGROPECUARIA,Femenino,2010-1,2020,No cotizante,Sin información,18,0,,"0,0%",NaN
3716-Tecnológica FITEC,53167-TECNICA PROFESIONAL EN GESTION AGROPECUARIA,Femenino,2010-1,2021,Dependiente,Actividades de atención de la salud humana y de asistencia social,2,2,,"100,0%",NaN
3716-Tecnológica FITEC,53167-TECNICA PROFESIONAL EN GESTION AGROPECUARIA,Femenino,2010-1,2021,Dependiente,Actividades de servicios administrativos y de apoyo,2,2,,"100,0%",NaN
3716-Tecnológica FITEC,53167-TECNICA PROFESIONAL EN GESTION AGROPECUARIA,Femenino,2010-1,2021,Dependiente,Comercio al por mayor y al por menor; reparación de vehículos automotores y motocicletas,1,1,,"100,0%",NaN
3716-Tecnológica FITEC,53167-TECNICA PROFESIONAL EN GESTION AGROPECUARIA,Femenino,2010-1,2021,Dependiente,Industrias manufactureras,1,1,,"100,0%",NaN
3716-Tecnológica FITEC,53167-TECNICA PROFESIONAL EN GESTION AGROPECUARIA,Femenino,2010-1,2021,Independiente,Administración pública y defensa; planes de seguridad social de afiliación obligatoria,1,1,,"100,0%",NaN
3716-Tecnológica FITEC,53167-TECNICA PROFESIONAL EN GESTION AGROPECUARIA,Femenino,2010-1,2021,No cotizante,Sin información,21,0,,"0,0%",NaN
3716-Tecnológica FITEC,53167-TECNICA PROFESIONAL EN GESTION AGROPECUARIA,Femenino,2010-1,2022,Dependiente,Actividades de atención de la salud humana y de asistencia social,2,2,,"100,0%",NaN
3716-Tecnológica FITEC,53167-TECNICA PROFESIONAL EN GESTION AGROPECUARIA,Femenino,2010-1,2022,Dependiente,Actividades de los hogares individuales en calidad de empleadores; actividades no diferenciadas de los hogares individuales como productores de bienes y servicios para uso propio,1,1,,"100,0%",NaN
3716-Tecnológica FITEC,53167-TECNICA PROFESIONAL EN GESTION AGROPECUARIA,Femenino,2010-1,2022,Dependiente,Actividades de servicios administrativos y de apoyo,2,2,,"100,0%",NaN
3716-Tecnológica FITEC,53167-TECNICA PROFESIONAL EN GESTION AGROPECUARIA,Femenino,2010-1,2022,Dependiente,Administración pública y defensa; planes de seguridad social de afiliación obligatoria,1,1,,"100,0%",NaN
3716-Tecnológica FITEC,53167-TECNICA PROFESIONAL EN GESTION AGROPECUARIA,Femenino,2010-1,2022,Dependiente,Comercio al por mayor y al por menor; reparación de vehículos automotores y motocicletas,1,1,,"100,0%",NaN
3716-Tecnológica FITEC,53167-TECNICA PROFESIONAL EN GESTION AGROPECUARIA,Femenino,2010-1,2022,Dependiente,Industrias manufactureras,1,1,,"100,0%",NaN
3716-Tecnológica FITEC,53167-TECNICA PROFESIONAL EN GESTION AGROPECUARIA,Femenino,2010-1,2022,Independiente,Administración pública y defensa; planes de seguridad social de afiliación obligatoria,1,1,,"100,0%",NaN
3716-Tecnológica FITEC,53167-TECNICA PROFESIONAL EN GESTION AGROPECUARIA,Femenino,2010-1,2022,No cotizante,SIN DATO,19,0,,"0,0%",NaN
3716-Tecnológica FITEC,53167-TECNICA PROFESIONAL EN GESTION AGROPECUARIA,Femenino,2010-1,2023,Dependiente,Actividades de atención de la salud humana y de asistencia social,1,1,,"100,0%",NaN
3716-Tecnológica FITEC,53167-TECNICA PROFESIONAL EN GESTION AGROPECUARIA,Femenino,2010-1,2023,Dependiente,Actividades de servicios administrativos y de apoyo,1,1,,"100,0%",NaN
3716-Tecnológica FITEC,53167-TECNICA PROFESIONAL EN GESTION AGROPECUARIA,Femenino,2010-1,2023,Dependiente,Administración pública y defensa; planes de seguridad social de afiliación obligatoria,1,1,,"100,0%",NaN
3716-Tecnológica FITEC,53167-TECNICA PROFESIONAL EN GESTION AGROPECUARIA,Femenino,2010-1,2023,Dependiente,Comercio al por mayor y al por menor; reparación de vehículos automotores y motocicletas,2,2,,"100,0%",NaN
3716-Tecnológica FITEC,53167-TECNICA PROFESIONAL EN GESTION AGROPECUARIA,Femenino,2010-1,2023,Independiente,Administración pública y defensa; planes de seguridad social de afiliación obligatoria,1,1,,"100,0%",NaN
3716-Tecnológica FITEC,53167-TECNICA PROFESIONAL EN GESTION AGROPECUARIA,Femenino,2010-1,2023,No cotizante,SIN DATO,22,0,,"0,0%",NaN
3716-Tecnológica FITEC,53167-TECNICA PROFESIONAL EN GESTION AGROPECUARIA,Masculino,2010-1,2016,Dependiente,"Actividades profesionales, científicas y técnicas",1,1,,"100,0%",$810.000
3716-Tecnológica FITEC,53167-TECNICA PROFESIONAL EN GESTION AGROPECUARIA,Masculino,2010-1,2016,Dependiente,Comercio al por mayor y al por menor; reparación de vehículos automotores y motocicletas,1,1,,"100,0%",$865.000
3716-Tecnológica FITEC,53167-TECNICA PROFESIONAL EN GESTION AGROPECUARIA,Masculino,2010-1,2016,Dependiente,Construccion,1,1,,"100,0%",$690.000
3716-Tecnológica FITEC,53167-TECNICA PROFESIONAL EN GESTION AGROPECUARIA,Masculino,2010-1,2016,Dependiente,Información y comunicaciones,1,1,,"100,0%",$692.000
3716-Tecnológica FITEC,53167-TECNICA PROFESIONAL EN GESTION AGROPECUARIA,Masculino,2010-1,2016,Dependiente,Sin información,2,2,,"100,0%",$782.886
3716-Tecnológica FITEC,53167-TECNICA PROFESIONAL EN GESTION AGROPECUARIA,Masculino,2010-1,2016,Independiente,Administración pública y defensa; planes de seguridad social de afiliación obligatoria,1,1,,"100,0%",NaN
3716-Tecnológica FITEC,53167-TECNICA PROFESIONAL EN GESTION AGROPECUARIA,Masculino,2010-1,2016,No cotizante,Sin información,3,0,,"0,0%",NaN
3716-Tecnológica FITEC,53167-TECNICA PROFESIONAL EN GESTION AGROPECUARIA,Masculino,2010-1,2017,Dependiente,Actividades de servicios administrativos y de apoyo,1,1,,"100,0%",NaN
3716-Tecnológica FITEC,53167-TECNICA PROFESIONAL EN GESTION AGROPECUARIA,Masculino,2010-1,2017,Dependiente,"Actividades profesionales, científicas y técnicas",2,2,,"100,0%",NaN
3716-Tecnológica FITEC,53167-TECNICA PROFESIONAL EN GESTION AGROPECUARIA,Masculino,2010-1,2017,Dependiente,Construccion,1,1,,"100,0%",NaN
3716-Tecnológica FITEC,53167-TECNICA PROFESIONAL EN GESTION AGROPECUARIA,Masculino,2010-1,2017,Dependiente,Explotación de minas y canteras,1,1,,"100,0%",NaN
3716-Tecnológica FITEC,53167-TECNICA PROFESIONAL EN GESTION AGROPECUARIA,Masculino,2010-1,2017,Dependiente,Industrias manufactureras,1,1,,"100,0%",NaN
3716-Tecnológica FITEC,53167-TECNICA PROFESIONAL EN GESTION AGROPECUARIA,Masculino,2010-1,2017,Dependiente,Sin información,1,1,,"100,0%",NaN
3716-Tecnológica FITEC,53167-TECNICA PROFESIONAL EN GESTION AGROPECUARIA,Masculino,2010-1,2017,No cotizante,Sin información,3,0,,"0,0%",NaN
3716-Tecnológica FITEC,53167-TECNICA PROFESIONAL EN GESTION AGROPECUARIA,Masculino,2010-1,2018,Dependiente,Actividades de servicios administrativos y de apoyo,3,3,,"100,0%",NaN
3716-Tecnológica FITEC,53167-TECNICA PROFESIONAL EN GESTION AGROPECUARIA,Masculino,2010-1,2018,Dependiente,"Actividades profesionales, científicas y técnicas",1,1,,"100,0%",NaN
3716-Tecnológica FITEC,53167-TECNICA PROFESIONAL EN GESTION AGROPECUARIA,Masculino,2010-1,2018,Dependiente,Comercio al por mayor y al por menor; reparación de vehículos automotores y motocicletas,1,1,,"100,0%",NaN
3716-Tecnológica FITEC,53167-TECNICA PROFESIONAL EN GESTION AGROPECUARIA,Masculino,2010-1,2018,Dependiente,Industrias manufactureras,1,1,,"100,0%",NaN
3716-Tecnológica FITEC,53167-TECNICA PROFESIONAL EN GESTION AGROPECUARIA,Masculino,2010-1,2018,Dependiente,Sin información,2,2,,"100,0%",NaN
3716-Tecnológica FITEC,53167-TECNICA PROFESIONAL EN GESTION AGROPECUARIA,Masculino,2010-1,2018,Independiente,Actividades de atención de la salud humana y de asistencia social,1,1,,"100,0%",NaN
3716-Tecnológica FITEC,53167-TECNICA PROFESIONAL EN GESTION AGROPECUARIA,Masculino,2010-1,2018,No cotizante,Sin información,1,0,,"0,0%",NaN
3716-Tecnológica FITEC,53167-TECNICA PROFESIONAL EN GESTION AGROPECUARIA,Masculino,2010-1,2019,Dependiente,Actividades de atención de la salud humana y de asistencia social,1,1,,"100,0%",NaN
3716-Tecnológica FITEC,53167-TECNICA PROFESIONAL EN GESTION AGROPECUARIA,Masculino,2010-1,2019,Dependiente,Actividades de servicios administrativos y de apoyo,3,3,,"100,0%",NaN
3716-Tecnológica FITEC,53167-TECNICA PROFESIONAL EN GESTION AGROPECUARIA,Masculino,2010-1,2019,Dependiente,Construccion,1,1,,"100,0%",NaN
3716-Tecnológica FITEC,53167-TECNICA PROFESIONAL EN GESTION AGROPECUARIA,Masculino,2010-1,2019,Dependiente,Sin información,1,1,,"100,0%",NaN
3716-Tecnológica FITEC,53167-TECNICA PROFESIONAL EN GESTION AGROPECUARIA,Masculino,2010-1,2019,Independiente,"Actividades profesionales, científicas y técnicas",1,1,,"100,0%",NaN
3716-Tecnológica FITEC,53167-TECNICA PROFESIONAL EN GESTION AGROPECUARIA,Masculino,2010-1,2019,No cotizante,Sin información,2,0,,"0,0%",NaN
3716-Tecnológica FITEC,53167-TECNICA PROFESIONAL EN GESTION AGROPECUARIA,Masculino,2010-1,2020,Dependiente,Actividades de servicios administrativos y de apoyo,3,3,,"100,0%",NaN
3716-Tecnológica FITEC,53167-TECNICA PROFESIONAL EN GESTION AGROPECUARIA,Masculino,2010-1,2020,Dependiente,"Actividades profesionales, científicas y técnicas",1,1,,"100,0%",NaN
3716-Tecnológica FITEC,53167-TECNICA PROFESIONAL EN GESTION AGROPECUARIA,Masculino,2010-1,2020,Dependiente,Industrias manufactureras,1,1,,"100,0%",NaN
3716-Tecnológica FITEC,53167-TECNICA PROFESIONAL EN GESTION AGROPECUARIA,Masculino,2010-1,2020,Dependiente,Otras actividades de servicios,1,1,,"100,0%",NaN
3716-Tecnológica FITEC,53167-TECNICA PROFESIONAL EN GESTION AGROPECUARIA,Masculino,2010-1,2020,Independiente,"Actividades profesionales, científicas y técnicas",1,1,,"100,0%",NaN
3716-Tecnológica FITEC,53167-TECNICA PROFESIONAL EN GESTION AGROPECUARIA,Masculino,2010-1,2020,No cotizante,Sin información,3,0,,"0,0%",NaN
3716-Tecnológica FITEC,53167-TECNICA PROFESIONAL EN GESTION AGROPECUARIA,Masculino,2010-1,2021,Dependiente,Actividades de servicios administrativos y de apoyo,2,2,,"100,0%",NaN
3716-Tecnológica FITEC,53167-TECNICA PROFESIONAL EN GESTION AGROPECUARIA,Masculino,2010-1,2021,Dependiente,"Actividades profesionales, científicas y técnicas",1,1,,"100,0%",NaN
3716-Tecnológica FITEC,53167-TECNICA PROFESIONAL EN GESTION AGROPECUARIA,Masculino,2010-1,2021,Dependiente,Construccion,2,2,,"100,0%",NaN
3716-Tecnológica FITEC,53167-TECNICA PROFESIONAL EN GESTION AGROPECUARIA,Masculino,2010-1,2021,Dependiente,Sin información,1,1,,"100,0%",NaN
3716-Tecnológica FITEC,53167-TECNICA PROFESIONAL EN GESTION AGROPECUARIA,Masculino,2010-1,2021,Independiente,Otras actividades de servicios,1,1,,"100,0%",NaN
3716-Tecnológica FITEC,53167-TECNICA PROFESIONAL EN GESTION AGROPECUARIA,Masculino,2010-1,2021,No cotizante,Sin información,3,0,,"0,0%",NaN
3716-Tecnológica FITEC,53167-TECNICA PROFESIONAL EN GESTION AGROPECUARIA,Masculino,2010-1,2022,Dependiente,Actividades de atención de la salud humana y de asistencia social,1,1,,"100,0%",NaN
3716-Tecnológica FITEC,53167-TECNICA PROFESIONAL EN GESTION AGROPECUARIA,Masculino,2010-1,2022,Dependiente,"Actividades profesionales, científicas y técnicas",1,1,,"100,0%",NaN
3716-Tecnológica FITEC,53167-TECNICA PROFESIONAL EN GESTION AGROPECUARIA,Masculino,2010-1,2022,Dependiente,Construccion,2,2,,"100,0%",NaN
3716-Tecnológica FITEC,53167-TECNICA PROFESIONAL EN GESTION AGROPECUARIA,Masculino,2010-1,2022,Dependiente,Industrias manufactureras,1,1,,"100,0%",NaN
3716-Tecnológica FITEC,53167-TECNICA PROFESIONAL EN GESTION AGROPECUARIA,Masculino,2010-1,2022,Dependiente,Otras actividades de servicios,1,1,,"100,0%",NaN
3716-Tecnológica FITEC,53167-TECNICA PROFESIONAL EN GESTION AGROPECUARIA,Masculino,2010-1,2022,Independiente,Otras actividades de servicios,1,1,,"100,0%",NaN
3716-Tecnológica FITEC,53167-TECNICA PROFESIONAL EN GESTION AGROPECUARIA,Masculino,2010-1,2022,No cotizante,SIN DATO,3,0,,"0,0%",NaN
3716-Tecnológica FITEC,53167-TECNICA PROFESIONAL EN GESTION AGROPECUARIA,Masculino,2010-1,2023,Dependiente,Actividades de atención de la salud humana y de asistencia social,1,1,,"100,0%",NaN
3716-Tecnológica FITEC,53167-TECNICA PROFESIONAL EN GESTION AGROPECUARIA,Masculino,2010-1,2023,Dependiente,Comercio al por mayor y al por menor; reparación de vehículos automotores y motocicletas,1,1,,"100,0%",NaN
3716-Tecnológica FITEC,53167-TECNICA PROFESIONAL EN GESTION AGROPECUARIA,Masculino,2010-1,2023,Dependiente,Construccion,2,2,,"100,0%",NaN
3716-Tecnológica FITEC,53167-TECNICA PROFESIONAL EN GESTION AGROPECUARIA,Masculino,2010-1,2023,Dependiente,Industrias manufactureras,1,1,,"100,0%",NaN
3716-Tecnológica FITEC,53167-TECNICA PROFESIONAL EN GESTION AGROPECUARIA,Masculino,2010-1,2023,Dependiente,Otras actividades de servicios,1,1,,"100,0%",NaN
3716-Tecnológica FITEC,53167-TECNICA PROFESIONAL EN GESTION AGROPECUARIA,Masculino,2010-1,2023,Independiente,Otras actividades de servicios,1,1,,"100,0%",NaN
3716-Tecnológica FITEC,53167-TECNICA PROFESIONAL EN GESTION AGROPECUARIA,Masculino,2010-1,2023,No cotizante,SIN DATO,3,0,,"0,0%",NaN
3716-Tecnológica FITEC,53526-TECNICA PROFESIONAL EN PROCESOS EMPRESARIALES PARA MIPYMES,Femenino,2010-1,2016,Dependiente,Actividades de atención de la salud humana y de asistencia social,3,3,,"100,0%",$797.485
3716-Tecnológica FITEC,53526-TECNICA PROFESIONAL EN PROCESOS EMPRESARIALES PARA MIPYMES,Femenino,2010-1,2016,Dependiente,Actividades de servicios administrativos y de apoyo,1,1,,"100,0%",$689.455
3716-Tecnológica FITEC,53526-TECNICA PROFESIONAL EN PROCESOS EMPRESARIALES PARA MIPYMES,Femenino,2010-1,2016,Dependiente,Actividades financieras y de seguros,1,1,,"100,0%",$1.619.000
3716-Tecnológica FITEC,53526-TECNICA PROFESIONAL EN PROCESOS EMPRESARIALES PARA MIPYMES,Femenino,2010-1,2016,Dependiente,Actividades inmobiliarias,1,1,,"100,0%",$689.500
3716-Tecnológica FITEC,53526-TECNICA PROFESIONAL EN PROCESOS EMPRESARIALES PARA MIPYMES,Femenino,2010-1,2016,Dependiente,Comercio al por mayor y al por menor; reparación de vehículos automotores y motocicletas,1,1,,"100,0%",$690.000
3716-Tecnológica FITEC,53526-TECNICA PROFESIONAL EN PROCESOS EMPRESARIALES PARA MIPYMES,Femenino,2010-1,2016,Dependiente,Industrias manufactureras,2,2,,"100,0%",$1.491.500
3716-Tecnológica FITEC,53526-TECNICA PROFESIONAL EN PROCESOS EMPRESARIALES PARA MIPYMES,Femenino,2010-1,2016,Dependiente,Información y comunicaciones,2,2,,"100,0%",$912.875
3716-Tecnológica FITEC,53526-TECNICA PROFESIONAL EN PROCESOS EMPRESARIALES PARA MIPYMES,Femenino,2010-1,2016,Dependiente,Otras actividades de servicios,1,1,,"100,0%",$689.455
3716-Tecnológica FITEC,53526-TECNICA PROFESIONAL EN PROCESOS EMPRESARIALES PARA MIPYMES,Femenino,2010-1,2016,Dependiente,Transporte y almacenamiento,1,1,,"100,0%",$943.000
3716-Tecnológica FITEC,53526-TECNICA PROFESIONAL EN PROCESOS EMPRESARIALES PARA MIPYMES,Femenino,2010-1,2016,Independiente,Educación,1,1,,"100,0%",NaN
3716-Tecnológica FITEC,53526-TECNICA PROFESIONAL EN PROCESOS EMPRESARIALES PARA MIPYMES,Femenino,2010-1,2016,No cotizante,Sin información,19,0,,"0,0%",NaN
3716-Tecnológica FITEC,53526-TECNICA PROFESIONAL EN PROCESOS EMPRESARIALES PARA MIPYMES,Femenino,2010-1,2017,Dependiente,Actividades de atención de la salud humana y de asistencia social,1,1,,"100,0%",NaN
3716-Tecnológica FITEC,53526-TECNICA PROFESIONAL EN PROCESOS EMPRESARIALES PARA MIPYMES,Femenino,2010-1,2017,Dependiente,Actividades de servicios administrativos y de apoyo,1,1,,"100,0%",NaN
3716-Tecnológica FITEC,53526-TECNICA PROFESIONAL EN PROCESOS EMPRESARIALES PARA MIPYMES,Femenino,2010-1,2017,Dependiente,"Actividades profesionales, científicas y técnicas",5,5,,"100,0%",NaN
3716-Tecnológica FITEC,53526-TECNICA PROFESIONAL EN PROCESOS EMPRESARIALES PARA MIPYMES,Femenino,2010-1,2017,Dependiente,"Agricultura, ganadería, caza, silvicultura y pesca",1,1,,"100,0%",NaN
3716-Tecnológica FITEC,53526-TECNICA PROFESIONAL EN PROCESOS EMPRESARIALES PARA MIPYMES,Femenino,2010-1,2017,Dependiente,Comercio al por mayor y al por menor; reparación de vehículos automotores y motocicletas,1,1,,"100,0%",NaN
3716-Tecnológica FITEC,53526-TECNICA PROFESIONAL EN PROCESOS EMPRESARIALES PARA MIPYMES,Femenino,2010-1,2017,Dependiente,Educación,1,1,,"100,0%",NaN
3716-Tecnológica FITEC,53526-TECNICA PROFESIONAL EN PROCESOS EMPRESARIALES PARA MIPYMES,Femenino,2010-1,2017,Dependiente,Industrias manufactureras,1,1,,"100,0%",NaN
3716-Tecnológica FITEC,53526-TECNICA PROFESIONAL EN PROCESOS EMPRESARIALES PARA MIPYMES,Femenino,2010-1,2017,Dependiente,Otras actividades de servicios,3,3,,"100,0%",NaN
3716-Tecnológica FITEC,53526-TECNICA PROFESIONAL EN PROCESOS EMPRESARIALES PARA MIPYMES,Femenino,2010-1,2017,Dependiente,Sin información,2,2,,"100,0%",NaN
3716-Tecnológica FITEC,53526-TECNICA PROFESIONAL EN PROCESOS EMPRESARIALES PARA MIPYMES,Femenino,2010-1,2017,Dependiente,Transporte y almacenamiento,1,1,,"100,0%",NaN
3716-Tecnológica FITEC,53526-TECNICA PROFESIONAL EN PROCESOS EMPRESARIALES PARA MIPYMES,Femenino,2010-1,2017,No cotizante,Sin información,19,0,,"0,0%",NaN
3716-Tecnológica FITEC,53526-TECNICA PROFESIONAL EN PROCESOS EMPRESARIALES PARA MIPYMES,Femenino,2010-1,2018,Dependiente,Actividades de atención de la salud humana y de asistencia social,2,2,,"100,0%",NaN
3716-Tecnológica FITEC,53526-TECNICA PROFESIONAL EN PROCESOS EMPRESARIALES PARA MIPYMES,Femenino,2010-1,2018,Dependiente,Actividades de servicios administrativos y de apoyo,2,2,,"100,0%",NaN
3716-Tecnológica FITEC,53526-TECNICA PROFESIONAL EN PROCESOS EMPRESARIALES PARA MIPYMES,Femenino,2010-1,2018,Dependiente,"Actividades profesionales, científicas y técnicas",4,4,,"100,0%",NaN
3716-Tecnológica FITEC,53526-TECNICA PROFESIONAL EN PROCESOS EMPRESARIALES PARA MIPYMES,Femenino,2010-1,2018,Dependiente,"Agricultura, ganadería, caza, silvicultura y pesca",1,1,,"100,0%",NaN
3716-Tecnológica FITEC,53526-TECNICA PROFESIONAL EN PROCESOS EMPRESARIALES PARA MIPYMES,Femenino,2010-1,2018,Dependiente,Comercio al por mayor y al por menor; reparación de vehículos automotores y motocicletas,1,1,,"100,0%",NaN
3716-Tecnológica FITEC,53526-TECNICA PROFESIONAL EN PROCESOS EMPRESARIALES PARA MIPYMES,Femenino,2010-1,2018,Dependiente,Construccion,1,1,,"100,0%",NaN
3716-Tecnológica FITEC,53526-TECNICA PROFESIONAL EN PROCESOS EMPRESARIALES PARA MIPYMES,Femenino,2010-1,2018,Dependiente,Educación,2,2,,"100,0%",NaN
3716-Tecnológica FITEC,53526-TECNICA PROFESIONAL EN PROCESOS EMPRESARIALES PARA MIPYMES,Femenino,2010-1,2018,Dependiente,Industrias manufactureras,2,2,,"100,0%",NaN
3716-Tecnológica FITEC,53526-TECNICA PROFESIONAL EN PROCESOS EMPRESARIALES PARA MIPYMES,Femenino,2010-1,2018,Dependiente,Información y comunicaciones,1,1,,"100,0%",NaN
3716-Tecnológica FITEC,53526-TECNICA PROFESIONAL EN PROCESOS EMPRESARIALES PARA MIPYMES,Femenino,2010-1,2018,Dependiente,Otras actividades de servicios,1,1,,"100,0%",NaN
3716-Tecnológica FITEC,53526-TECNICA PROFESIONAL EN PROCESOS EMPRESARIALES PARA MIPYMES,Femenino,2010-1,2018,Dependiente,Transporte y almacenamiento,1,1,,"100,0%",NaN
3716-Tecnológica FITEC,53526-TECNICA PROFESIONAL EN PROCESOS EMPRESARIALES PARA MIPYMES,Femenino,2010-1,2018,No cotizante,Sin información,18,0,,"0,0%",NaN
3716-Tecnológica FITEC,53526-TECNICA PROFESIONAL EN PROCESOS EMPRESARIALES PARA MIPYMES,Femenino,2010-1,2019,Dependiente,Actividades de atención de la salud humana y de asistencia social,2,2,,"100,0%",NaN
3716-Tecnológica FITEC,53526-TECNICA PROFESIONAL EN PROCESOS EMPRESARIALES PARA MIPYMES,Femenino,2010-1,2019,Dependiente,Actividades de servicios administrativos y de apoyo,2,2,,"100,0%",NaN
3716-Tecnológica FITEC,53526-TECNICA PROFESIONAL EN PROCESOS EMPRESARIALES PARA MIPYMES,Femenino,2010-1,2019,Dependiente,Actividades financieras y de seguros,1,1,,"100,0%",NaN
3716-Tecnológica FITEC,53526-TECNICA PROFESIONAL EN PROCESOS EMPRESARIALES PARA MIPYMES,Femenino,2010-1,2019,Dependiente,"Actividades profesionales, científicas y técnicas",4,4,,"100,0%",NaN
3716-Tecnológica FITEC,53526-TECNICA PROFESIONAL EN PROCESOS EMPRESARIALES PARA MIPYMES,Femenino,2010-1,2019,Dependiente,"Agricultura, ganadería, caza, silvicultura y pesca",1,1,,"100,0%",NaN
3716-Tecnológica FITEC,53526-TECNICA PROFESIONAL EN PROCESOS EMPRESARIALES PARA MIPYMES,Femenino,2010-1,2019,Dependiente,Educación,2,2,,"100,0%",NaN
3716-Tecnológica FITEC,53526-TECNICA PROFESIONAL EN PROCESOS EMPRESARIALES PARA MIPYMES,Femenino,2010-1,2019,Dependiente,Industrias manufactureras,2,2,,"100,0%",NaN
3716-Tecnológica FITEC,53526-TECNICA PROFESIONAL EN PROCESOS EMPRESARIALES PARA MIPYMES,Femenino,2010-1,2019,Dependiente,Información y comunicaciones,2,2,,"100,0%",NaN
3716-Tecnológica FITEC,53526-TECNICA PROFESIONAL EN PROCESOS EMPRESARIALES PARA MIPYMES,Femenino,2010-1,2019,Dependiente,Otras actividades de servicios,1,1,,"100,0%",NaN
3716-Tecnológica FITEC,53526-TECNICA PROFESIONAL EN PROCESOS EMPRESARIALES PARA MIPYMES,Femenino,2010-1,2019,Dependiente,Transporte y almacenamiento,1,1,,"100,0%",NaN
3716-Tecnológica FITEC,53526-TECNICA PROFESIONAL EN PROCESOS EMPRESARIALES PARA MIPYMES,Femenino,2010-1,2019,Independiente,"Actividades profesionales, científicas y técnicas",1,1,,"100,0%",NaN
3716-Tecnológica FITEC,53526-TECNICA PROFESIONAL EN PROCESOS EMPRESARIALES PARA MIPYMES,Femenino,2010-1,2019,No cotizante,Sin información,17,0,,"0,0%",NaN
3716-Tecnológica FITEC,53526-TECNICA PROFESIONAL EN PROCESOS EMPRESARIALES PARA MIPYMES,Femenino,2010-1,2020,Dependiente,Actividades de atención de la salud humana y de asistencia social,2,2,,"100,0%",NaN
3716-Tecnológica FITEC,53526-TECNICA PROFESIONAL EN PROCESOS EMPRESARIALES PARA MIPYMES,Femenino,2010-1,2020,Dependiente,Actividades de servicios administrativos y de apoyo,3,3,,"100,0%",NaN
3716-Tecnológica FITEC,53526-TECNICA PROFESIONAL EN PROCESOS EMPRESARIALES PARA MIPYMES,Femenino,2010-1,2020,Dependiente,Actividades financieras y de seguros,1,1,,"100,0%",NaN
3716-Tecnológica FITEC,53526-TECNICA PROFESIONAL EN PROCESOS EMPRESARIALES PARA MIPYMES,Femenino,2010-1,2020,Dependiente,"Actividades profesionales, científicas y técnicas",1,1,,"100,0%",NaN
3716-Tecnológica FITEC,53526-TECNICA PROFESIONAL EN PROCESOS EMPRESARIALES PARA MIPYMES,Femenino,2010-1,2020,Dependiente,Educación,3,3,,"100,0%",NaN
3716-Tecnológica FITEC,53526-TECNICA PROFESIONAL EN PROCESOS EMPRESARIALES PARA MIPYMES,Femenino,2010-1,2020,Dependiente,Industrias manufactureras,1,1,,"100,0%",NaN
3716-Tecnológica FITEC,53526-TECNICA PROFESIONAL EN PROCESOS EMPRESARIALES PARA MIPYMES,Femenino,2010-1,2020,Dependiente,Información y comunicaciones,1,1,,"100,0%",NaN
3716-Tecnológica FITEC,53526-TECNICA PROFESIONAL EN PROCESOS EMPRESARIALES PARA MIPYMES,Femenino,2010-1,2020,Dependiente,Transporte y almacenamiento,1,1,,"100,0%",NaN
3716-Tecnológica FITEC,53526-TECNICA PROFESIONAL EN PROCESOS EMPRESARIALES PARA MIPYMES,Femenino,2010-1,2020,No cotizante,Sin información,26,0,,"0,0%",NaN
3716-Tecnológica FITEC,53526-TECNICA PROFESIONAL EN PROCESOS EMPRESARIALES PARA MIPYMES,Femenino,2010-1,2021,Dependiente,Actividades de atención de la salud humana y de asistencia social,2,2,,"100,0%",NaN
3716-Tecnológica FITEC,53526-TECNICA PROFESIONAL EN PROCESOS EMPRESARIALES PARA MIPYMES,Femenino,2010-1,2021,Dependiente,Actividades de servicios administrativos y de apoyo,1,1,,"100,0%",NaN
3716-Tecnológica FITEC,53526-TECNICA PROFESIONAL EN PROCESOS EMPRESARIALES PARA MIPYMES,Femenino,2010-1,2021,Dependiente,Actividades financieras y de seguros,1,1,,"100,0%",NaN
3716-Tecnológica FITEC,53526-TECNICA PROFESIONAL EN PROCESOS EMPRESARIALES PARA MIPYMES,Femenino,2010-1,2021,Dependiente,Educación,1,1,,"100,0%",NaN
3716-Tecnológica FITEC,53526-TECNICA PROFESIONAL EN PROCESOS EMPRESARIALES PARA MIPYMES,Femenino,2010-1,2021,Dependiente,Industrias manufactureras,2,2,,"100,0%",NaN
3716-Tecnológica FITEC,53526-TECNICA PROFESIONAL EN PROCESOS EMPRESARIALES PARA MIPYMES,Femenino,2010-1,2021,Dependiente,Información y comunicaciones,2,2,,"100,0%",NaN
3716-Tecnológica FITEC,53526-TECNICA PROFESIONAL EN PROCESOS EMPRESARIALES PARA MIPYMES,Femenino,2010-1,2021,Dependiente,Transporte y almacenamiento,1,1,,"100,0%",NaN
3716-Tecnológica FITEC,53526-TECNICA PROFESIONAL EN PROCESOS EMPRESARIALES PARA MIPYMES,Femenino,2010-1,2021,Independiente,"Actividades profesionales, científicas y técnicas",1,1,,"100,0%",NaN
3716-Tecnológica FITEC,53526-TECNICA PROFESIONAL EN PROCESOS EMPRESARIALES PARA MIPYMES,Femenino,2010-1,2021,No cotizante,Sin información,27,0,,"0,0%",NaN
3716-Tecnológica FITEC,53526-TECNICA PROFESIONAL EN PROCESOS EMPRESARIALES PARA MIPYMES,Femenino,2010-1,2022,Dependiente,Actividades de atención de la salud humana y de asistencia social,2,2,,"100,0%",NaN
3716-Tecnológica FITEC,53526-TECNICA PROFESIONAL EN PROCESOS EMPRESARIALES PARA MIPYMES,Femenino,2010-1,2022,Dependiente,Actividades financieras y de seguros,1,1,,"100,0%",NaN
3716-Tecnológica FITEC,53526-TECNICA PROFESIONAL EN PROCESOS EMPRESARIALES PARA MIPYMES,Femenino,2010-1,2022,Dependiente,"Actividades profesionales, científicas y técnicas",2,2,,"100,0%",NaN
3716-Tecnológica FITEC,53526-TECNICA PROFESIONAL EN PROCESOS EMPRESARIALES PARA MIPYMES,Femenino,2010-1,2022,Dependiente,Comercio al por mayor y al por menor; reparación de vehículos automotores y motocicletas,2,2,,"100,0%",NaN
3716-Tecnológica FITEC,53526-TECNICA PROFESIONAL EN PROCESOS EMPRESARIALES PARA MIPYMES,Femenino,2010-1,2022,Dependiente,Educación,2,2,,"100,0%",NaN
3716-Tecnológica FITEC,53526-TECNICA PROFESIONAL EN PROCESOS EMPRESARIALES PARA MIPYMES,Femenino,2010-1,2022,Dependiente,Industrias manufactureras,2,2,,"100,0%",NaN
3716-Tecnológica FITEC,53526-TECNICA PROFESIONAL EN PROCESOS EMPRESARIALES PARA MIPYMES,Femenino,2010-1,2022,Dependiente,Información y comunicaciones,2,2,,"100,0%",NaN
3716-Tecnológica FITEC,53526-TECNICA PROFESIONAL EN PROCESOS EMPRESARIALES PARA MIPYMES,Femenino,2010-1,2022,Dependiente,Otras actividades de servicios,1,1,,"100,0%",NaN
3716-Tecnológica FITEC,53526-TECNICA PROFESIONAL EN PROCESOS EMPRESARIALES PARA MIPYMES,Femenino,2010-1,2022,Independiente,"Actividades profesionales, científicas y técnicas",1,1,,"100,0%",NaN
3716-Tecnológica FITEC,53526-TECNICA PROFESIONAL EN PROCESOS EMPRESARIALES PARA MIPYMES,Femenino,2010-1,2022,No cotizante,SIN DATO,23,0,,"0,0%",NaN
3716-Tecnológica FITEC,53526-TECNICA PROFESIONAL EN PROCESOS EMPRESARIALES PARA MIPYMES,Femenino,2010-1,2023,Dependiente,Actividades financieras y de seguros,2,2,,"100,0%",NaN
3716-Tecnológica FITEC,53526-TECNICA PROFESIONAL EN PROCESOS EMPRESARIALES PARA MIPYMES,Femenino,2010-1,2023,Dependiente,"Agricultura, ganadería, caza, silvicultura y pesca",1,1,,"100,0%",NaN
3716-Tecnológica FITEC,53526-TECNICA PROFESIONAL EN PROCESOS EMPRESARIALES PARA MIPYMES,Femenino,2010-1,2023,Dependiente,Comercio al por mayor y al por menor; reparación de vehículos automotores y motocicletas,2,2,,"100,0%",NaN
3716-Tecnológica FITEC,53526-TECNICA PROFESIONAL EN PROCESOS EMPRESARIALES PARA MIPYMES,Femenino,2010-1,2023,Dependiente,Educación,2,2,,"100,0%",NaN
3716-Tecnológica FITEC,53526-TECNICA PROFESIONAL EN PROCESOS EMPRESARIALES PARA MIPYMES,Femenino,2010-1,2023,Dependiente,Industrias manufactureras,2,2,,"100,0%",NaN
3716-Tecnológica FITEC,53526-TECNICA PROFESIONAL EN PROCESOS EMPRESARIALES PARA MIPYMES,Femenino,2010-1,2023,Dependiente,Información y comunicaciones,1,1,,"100,0%",NaN
3716-Tecnológica FITEC,53526-TECNICA PROFESIONAL EN PROCESOS EMPRESARIALES PARA MIPYMES,Femenino,2010-1,2023,Dependiente,Otras actividades de servicios,1,1,,"100,0%",NaN
3716-Tecnológica FITEC,53526-TECNICA PROFESIONAL EN PROCESOS EMPRESARIALES PARA MIPYMES,Femenino,2010-1,2023,Independiente,"Actividades profesionales, científicas y técnicas",1,1,,"100,0%",NaN
3716-Tecnológica FITEC,53526-TECNICA PROFESIONAL EN PROCESOS EMPRESARIALES PARA MIPYMES,Femenino,2010-1,2023,No cotizante,SIN DATO,26,0,,"0,0%",NaN
3716-Tecnológica FITEC,53526-TECNICA PROFESIONAL EN PROCESOS EMPRESARIALES PARA MIPYMES,Masculino,2010-1,2016,Dependiente,Actividades de servicios administrativos y de apoyo,1,1,,"100,0%",$842.000
3716-Tecnológica FITEC,53526-TECNICA PROFESIONAL EN PROCESOS EMPRESARIALES PARA MIPYMES,Masculino,2010-1,2016,Dependiente,Comercio al por mayor y al por menor; reparación de vehículos automotores y motocicletas,1,1,,"100,0%",$1.326.000
3716-Tecnológica FITEC,53526-TECNICA PROFESIONAL EN PROCESOS EMPRESARIALES PARA MIPYMES,Masculino,2010-1,2016,Dependiente,Industrias manufactureras,1,1,,"100,0%",$689.455
3716-Tecnológica FITEC,53526-TECNICA PROFESIONAL EN PROCESOS EMPRESARIALES PARA MIPYMES,Masculino,2010-1,2016,Independiente,Otras actividades de servicios,1,1,,"100,0%",NaN
3716-Tecnológica FITEC,53526-TECNICA PROFESIONAL EN PROCESOS EMPRESARIALES PARA MIPYMES,Masculino,2010-1,2016,No cotizante,Sin información,4,0,,"0,0%",NaN
3716-Tecnológica FITEC,53526-TECNICA PROFESIONAL EN PROCESOS EMPRESARIALES PARA MIPYMES,Masculino,2010-1,2017,Dependiente,Comercio al por mayor y al por menor; reparación de vehículos automotores y motocicletas,2,2,,"100,0%",NaN
3716-Tecnológica FITEC,53526-TECNICA PROFESIONAL EN PROCESOS EMPRESARIALES PARA MIPYMES,Masculino,2010-1,2017,Dependiente,Industrias manufactureras,1,1,,"100,0%",NaN
3716-Tecnológica FITEC,53526-TECNICA PROFESIONAL EN PROCESOS EMPRESARIALES PARA MIPYMES,Masculino,2010-1,2017,Dependiente,Otras actividades de servicios,1,1,,"100,0%",NaN
3716-Tecnológica FITEC,53526-TECNICA PROFESIONAL EN PROCESOS EMPRESARIALES PARA MIPYMES,Masculino,2010-1,2017,Independiente,Otras actividades de servicios,1,1,,"100,0%",NaN
3716-Tecnológica FITEC,53526-TECNICA PROFESIONAL EN PROCESOS EMPRESARIALES PARA MIPYMES,Masculino,2010-1,2017,No cotizante,Sin información,3,0,,"0,0%",NaN
3716-Tecnológica FITEC,53526-TECNICA PROFESIONAL EN PROCESOS EMPRESARIALES PARA MIPYMES,Masculino,2010-1,2018,Dependiente,"Actividades profesionales, científicas y técnicas",2,2,,"100,0%",NaN
3716-Tecnológica FITEC,53526-TECNICA PROFESIONAL EN PROCESOS EMPRESARIALES PARA MIPYMES,Masculino,2010-1,2018,Dependiente,Comercio al por mayor y al por menor; reparación de vehículos automotores y motocicletas,2,2,,"100,0%",NaN
3716-Tecnológica FITEC,53526-TECNICA PROFESIONAL EN PROCESOS EMPRESARIALES PARA MIPYMES,Masculino,2010-1,2018,Dependiente,Educación,1,1,,"100,0%",NaN
3716-Tecnológica FITEC,53526-TECNICA PROFESIONAL EN PROCESOS EMPRESARIALES PARA MIPYMES,Masculino,2010-1,2018,Dependiente,Otras actividades de servicios,1,1,,"100,0%",NaN
3716-Tecnológica FITEC,53526-TECNICA PROFESIONAL EN PROCESOS EMPRESARIALES PARA MIPYMES,Masculino,2010-1,2018,No cotizante,Sin información,2,0,,"0,0%",NaN
3716-Tecnológica FITEC,53526-TECNICA PROFESIONAL EN PROCESOS EMPRESARIALES PARA MIPYMES,Masculino,2010-1,2019,Dependiente,Actividades de servicios administrativos y de apoyo,1,1,,"100,0%",NaN
3716-Tecnológica FITEC,53526-TECNICA PROFESIONAL EN PROCESOS EMPRESARIALES PARA MIPYMES,Masculino,2010-1,2019,Dependiente,Comercio al por mayor y al por menor; reparación de vehículos automotores y motocicletas,1,1,,"100,0%",NaN
3716-Tecnológica FITEC,53526-TECNICA PROFESIONAL EN PROCESOS EMPRESARIALES PARA MIPYMES,Masculino,2010-1,2019,Dependiente,Otras actividades de servicios,1,1,,"100,0%",NaN
3716-Tecnológica FITEC,53526-TECNICA PROFESIONAL EN PROCESOS EMPRESARIALES PARA MIPYMES,Masculino,2010-1,2019,No cotizante,Sin información,5,0,,"0,0%",NaN
3716-Tecnológica FITEC,53526-TECNICA PROFESIONAL EN PROCESOS EMPRESARIALES PARA MIPYMES,Masculino,2010-1,2020,Dependiente,Actividades de servicios administrativos y de apoyo,2,2,,"100,0%",NaN
3716-Tecnológica FITEC,53526-TECNICA PROFESIONAL EN PROCESOS EMPRESARIALES PARA MIPYMES,Masculino,2010-1,2020,Dependiente,Comercio al por mayor y al por menor; reparación de vehículos automotores y motocicletas,1,1,,"100,0%",NaN
3716-Tecnológica FITEC,53526-TECNICA PROFESIONAL EN PROCESOS EMPRESARIALES PARA MIPYMES,Masculino,2010-1,2020,No cotizante,Sin información,5,0,,"0,0%",NaN
3716-Tecnológica FITEC,53526-TECNICA PROFESIONAL EN PROCESOS EMPRESARIALES PARA MIPYMES,Masculino,2010-1,2021,Dependiente,Actividades de servicios administrativos y de apoyo,1,1,,"100,0%",NaN
3716-Tecnológica FITEC,53526-TECNICA PROFESIONAL EN PROCESOS EMPRESARIALES PARA MIPYMES,Masculino,2010-1,2021,Dependiente,"Agricultura, ganadería, caza, silvicultura y pesca",1,1,,"100,0%",NaN
3716-Tecnológica FITEC,53526-TECNICA PROFESIONAL EN PROCESOS EMPRESARIALES PARA MIPYMES,Masculino,2010-1,2021,Dependiente,Comercio al por mayor y al por menor; reparación de vehículos automotores y motocicletas,1,1,,"100,0%",NaN
3716-Tecnológica FITEC,53526-TECNICA PROFESIONAL EN PROCESOS EMPRESARIALES PARA MIPYMES,Masculino,2010-1,2021,No cotizante,Sin información,5,0,,"0,0%",NaN
3716-Tecnológica FITEC,53526-TECNICA PROFESIONAL EN PROCESOS EMPRESARIALES PARA MIPYMES,Masculino,2010-1,2022,Dependiente,Actividades de servicios administrativos y de apoyo,2,2,,"100,0%",NaN
3716-Tecnológica FITEC,53526-TECNICA PROFESIONAL EN PROCESOS EMPRESARIALES PARA MIPYMES,Masculino,2010-1,2022,Dependiente,"Agricultura, ganadería, caza, silvicultura y pesca",1,1,,"100,0%",NaN
3716-Tecnológica FITEC,53526-TECNICA PROFESIONAL EN PROCESOS EMPRESARIALES PARA MIPYMES,Masculino,2010-1,2022,Dependiente,Comercio al por mayor y al por menor; reparación de vehículos automotores y motocicletas,1,1,,"100,0%",NaN
3716-Tecnológica FITEC,53526-TECNICA PROFESIONAL EN PROCESOS EMPRESARIALES PARA MIPYMES,Masculino,2010-1,2022,No cotizante,SIN DATO,3,0,,"0,0%",NaN
3716-Tecnológica FITEC,53526-TECNICA PROFESIONAL EN PROCESOS EMPRESARIALES PARA MIPYMES,Masculino,2010-1,2023,Dependiente,Comercio al por mayor y al por menor; reparación de vehículos automotores y motocicletas,2,2,,"100,0%",NaN
3716-Tecnológica FITEC,53526-TECNICA PROFESIONAL EN PROCESOS EMPRESARIALES PARA MIPYMES,Masculino,2010-1,2023,Dependiente,Transporte y almacenamiento,1,1,,"100,0%",NaN
3716-Tecnológica FITEC,53526-TECNICA PROFESIONAL EN PROCESOS EMPRESARIALES PARA MIPYMES,Masculino,2010-1,2023,Independiente,Construccion,1,1,,"100,0%",NaN
3716-Tecnológica FITEC,53526-TECNICA PROFESIONAL EN PROCESOS EMPRESARIALES PARA MIPYMES,Masculino,2010-1,2023,No cotizante,SIN DATO,3,0,,"0,0%",NaN
1826-Universidad Antonio Nariño,9874-ESPECIALIZACION EN ADMINISTRACION PUBLICA,Femenino,2010-1,2016,Dependiente,Actividades de atención de la salud humana y de asistencia social,1,1,,"100,0%",$2.621.000
1826-Universidad Antonio Nariño,9874-ESPECIALIZACION EN ADMINISTRACION PUBLICA,Femenino,2010-1,2016,Dependiente,Administración pública y defensa; planes de seguridad social de afiliación obligatoria,2,2,,"100,0%",$6.775.500
1826-Universidad Antonio Nariño,9874-ESPECIALIZACION EN ADMINISTRACION PUBLICA,Femenino,2010-1,2016,Dependiente,Otras actividades de servicios,1,1,,"100,0%",$2.500.000
1826-Universidad Antonio Nariño,9874-ESPECIALIZACION EN ADMINISTRACION PUBLICA,Femenino,2010-1,2016,No cotizante,Sin información,2,0,,"0,0%",NaN
1826-Universidad Antonio Nariño,9874-ESPECIALIZACION EN ADMINISTRACION PUBLICA,Femenino,2010-1,2017,Dependiente,Actividades de atención de la salud humana y de asistencia social,1,1,,"100,0%",NaN
1826-Universidad Antonio Nariño,9874-ESPECIALIZACION EN ADMINISTRACION PUBLICA,Femenino,2010-1,2017,Dependiente,Administración pública y defensa; planes de seguridad social de afiliación obligatoria,1,1,,"100,0%",NaN
1826-Universidad Antonio Nariño,9874-ESPECIALIZACION EN ADMINISTRACION PUBLICA,Femenino,2010-1,2017,Dependiente,Sin información,1,1,,"100,0%",NaN
1826-Universidad Antonio Nariño,9874-ESPECIALIZACION EN ADMINISTRACION PUBLICA,Femenino,2010-1,2017,Independiente,"Actividades profesionales, científicas y técnicas",1,1,,"100,0%",NaN
1826-Universidad Antonio Nariño,9874-ESPECIALIZACION EN ADMINISTRACION PUBLICA,Femenino,2010-1,2017,No cotizante,Sin información,2,0,,"0,0%",NaN
1826-Universidad Antonio Nariño,9874-ESPECIALIZACION EN ADMINISTRACION PUBLICA,Femenino,2010-1,2018,Dependiente,Actividades de atención de la salud humana y de asistencia social,1,1,,"100,0%",NaN
1826-Universidad Antonio Nariño,9874-ESPECIALIZACION EN ADMINISTRACION PUBLICA,Femenino,2010-1,2018,Dependiente,Administración pública y defensa; planes de seguridad social de afiliación obligatoria,1,1,,"100,0%",NaN
1826-Universidad Antonio Nariño,9874-ESPECIALIZACION EN ADMINISTRACION PUBLICA,Femenino,2010-1,2018,Dependiente,Sin información,1,1,,"100,0%",NaN
1826-Universidad Antonio Nariño,9874-ESPECIALIZACION EN ADMINISTRACION PUBLICA,Femenino,2010-1,2018,No cotizante,Sin información,3,0,,"0,0%",NaN
1826-Universidad Antonio Nariño,9874-ESPECIALIZACION EN ADMINISTRACION PUBLICA,Femenino,2010-1,2019,Dependiente,Actividades de atención de la salud humana y de asistencia social,1,1,,"100,0%",NaN
1826-Universidad Antonio Nariño,9874-ESPECIALIZACION EN ADMINISTRACION PUBLICA,Femenino,2010-1,2019,Dependiente,Administración pública y defensa; planes de seguridad social de afiliación obligatoria,2,2,,"100,0%",NaN
1826-Universidad Antonio Nariño,9874-ESPECIALIZACION EN ADMINISTRACION PUBLICA,Femenino,2010-1,2019,No cotizante,Sin información,3,0,,"0,0%",NaN
1826-Universidad Antonio Nariño,9874-ESPECIALIZACION EN ADMINISTRACION PUBLICA,Femenino,2010-1,2020,Dependiente,Actividades de atención de la salud humana y de asistencia social,1,1,,"100,0%",NaN
1826-Universidad Antonio Nariño,9874-ESPECIALIZACION EN ADMINISTRACION PUBLICA,Femenino,2010-1,2020,Dependiente,Administración pública y defensa; planes de seguridad social de afiliación obligatoria,2,2,,"100,0%",NaN
1826-Universidad Antonio Nariño,9874-ESPECIALIZACION EN ADMINISTRACION PUBLICA,Femenino,2010-1,2020,Independiente,Administración pública y defensa; planes de seguridad social de afiliación obligatoria,1,1,,"100,0%",NaN
1826-Universidad Antonio Nariño,9874-ESPECIALIZACION EN ADMINISTRACION PUBLICA,Femenino,2010-1,2020,No cotizante,Sin información,2,0,,"0,0%",NaN
1826-Universidad Antonio Nariño,9874-ESPECIALIZACION EN ADMINISTRACION PUBLICA,Femenino,2010-1,2021,Dependiente,Actividades de atención de la salud humana y de asistencia social,1,1,,"100,0%",NaN
1826-Universidad Antonio Nariño,9874-ESPECIALIZACION EN ADMINISTRACION PUBLICA,Femenino,2010-1,2021,Dependiente,Administración pública y defensa; planes de seguridad social de afiliación obligatoria,2,2,,"100,0%",NaN
1826-Universidad Antonio Nariño,9874-ESPECIALIZACION EN ADMINISTRACION PUBLICA,Femenino,2010-1,2021,Dependiente,Construccion,1,1,,"100,0%",NaN
1826-Universidad Antonio Nariño,9874-ESPECIALIZACION EN ADMINISTRACION PUBLICA,Femenino,2010-1,2021,No cotizante,Sin información,2,0,,"0,0%",NaN
1826-Universidad Antonio Nariño,9874-ESPECIALIZACION EN ADMINISTRACION PUBLICA,Femenino,2010-1,2022,Dependiente,Actividades de atención de la salud humana y de asistencia social,1,1,,"100,0%",NaN
1826-Universidad Antonio Nariño,9874-ESPECIALIZACION EN ADMINISTRACION PUBLICA,Femenino,2010-1,2022,Dependiente,Administración pública y defensa; planes de seguridad social de afiliación obligatoria,3,3,,"100,0%",NaN
1826-Universidad Antonio Nariño,9874-ESPECIALIZACION EN ADMINISTRACION PUBLICA,Femenino,2010-1,2022,No cotizante,SIN DATO,2,0,,"0,0%",NaN
1826-Universidad Antonio Nariño,9874-ESPECIALIZACION EN ADMINISTRACION PUBLICA,Femenino,2010-1,2023,Dependiente,Actividades de atención de la salud humana y de asistencia social,1,1,,"100,0%",NaN
1826-Universidad Antonio Nariño,9874-ESPECIALIZACION EN ADMINISTRACION PUBLICA,Femenino,2010-1,2023,Dependiente,Administración pública y defensa; planes de seguridad social de afiliación obligatoria,3,3,,"100,0%",NaN
1826-Universidad Antonio Nariño,9874-ESPECIALIZACION EN ADMINISTRACION PUBLICA,Femenino,2010-1,2023,No cotizante,SIN DATO,2,0,,"0,0%",NaN
1826-Universidad Antonio Nariño,9874-ESPECIALIZACION EN ADMINISTRACION PUBLICA,Masculino,2010-1,2016,Dependiente,"Actividades profesionales, científicas y técnicas",1,1,,"100,0%",$9.081.000
1826-Universidad Antonio Nariño,9874-ESPECIALIZACION EN ADMINISTRACION PUBLICA,Masculino,2010-1,2016,Dependiente,Educación,1,1,,"100,0%",$3.461.000
1826-Universidad Antonio Nariño,9874-ESPECIALIZACION EN ADMINISTRACION PUBLICA,Masculino,2010-1,2016,Dependiente,Sin información,1,1,,"100,0%",$10.054.000
1826-Universidad Antonio Nariño,9874-ESPECIALIZACION EN ADMINISTRACION PUBLICA,Masculino,2010-1,2016,Independiente,Educación,1,1,,"100,0%",NaN
1826-Universidad Antonio Nariño,9874-ESPECIALIZACION EN ADMINISTRACION PUBLICA,Masculino,2010-1,2016,No cotizante,Sin información,1,0,,"0,0%",NaN
1826-Universidad Antonio Nariño,9874-ESPECIALIZACION EN ADMINISTRACION PUBLICA,Masculino,2010-1,2017,Dependiente,"Actividades profesionales, científicas y técnicas",1,1,,"100,0%",NaN
1826-Universidad Antonio Nariño,9874-ESPECIALIZACION EN ADMINISTRACION PUBLICA,Masculino,2010-1,2017,Dependiente,Educación,1,1,,"100,0%",NaN
1826-Universidad Antonio Nariño,9874-ESPECIALIZACION EN ADMINISTRACION PUBLICA,Masculino,2010-1,2017,Dependiente,Sin información,1,1,,"100,0%",NaN
1826-Universidad Antonio Nariño,9874-ESPECIALIZACION EN ADMINISTRACION PUBLICA,Masculino,2010-1,2017,Independiente,Educación,1,1,,"100,0%",NaN
1826-Universidad Antonio Nariño,9874-ESPECIALIZACION EN ADMINISTRACION PUBLICA,Masculino,2010-1,2017,No cotizante,Sin información,1,0,,"0,0%",NaN
1826-Universidad Antonio Nariño,9874-ESPECIALIZACION EN ADMINISTRACION PUBLICA,Masculino,2010-1,2018,Dependiente,"Actividades profesionales, científicas y técnicas",1,1,,"100,0%",NaN
1826-Universidad Antonio Nariño,9874-ESPECIALIZACION EN ADMINISTRACION PUBLICA,Masculino,2010-1,2018,Dependiente,Sin información,1,1,,"100,0%",NaN
1826-Universidad Antonio Nariño,9874-ESPECIALIZACION EN ADMINISTRACION PUBLICA,Masculino,2010-1,2018,Independiente,Educación,1,1,,"100,0%",NaN
1826-Universidad Antonio Nariño,9874-ESPECIALIZACION EN ADMINISTRACION PUBLICA,Masculino,2010-1,2018,No cotizante,Sin información,1,0,,"0,0%",NaN
1826-Universidad Antonio Nariño,9874-ESPECIALIZACION EN ADMINISTRACION PUBLICA,Masculino,2010-1,2019,Dependiente,"Actividades profesionales, científicas y técnicas",2,2,,"100,0%",NaN
1826-Universidad Antonio Nariño,9874-ESPECIALIZACION EN ADMINISTRACION PUBLICA,Masculino,2010-1,2019,Independiente,"Actividades profesionales, científicas y técnicas",1,1,,"100,0%",NaN
1826-Universidad Antonio Nariño,9874-ESPECIALIZACION EN ADMINISTRACION PUBLICA,Masculino,2010-1,2019,No cotizante,Sin información,1,0,,"0,0%",NaN
1826-Universidad Antonio Nariño,9874-ESPECIALIZACION EN ADMINISTRACION PUBLICA,Masculino,2010-1,2020,Dependiente,"Actividades profesionales, científicas y técnicas",1,1,,"100,0%",NaN
1826-Universidad Antonio Nariño,9874-ESPECIALIZACION EN ADMINISTRACION PUBLICA,Masculino,2010-1,2020,Dependiente,Administración pública y defensa; planes de seguridad social de afiliación obligatoria,1,1,,"100,0%",NaN
1826-Universidad Antonio Nariño,9874-ESPECIALIZACION EN ADMINISTRACION PUBLICA,Masculino,2010-1,2020,Independiente,"Actividades profesionales, científicas y técnicas",1,1,,"100,0%",NaN
1826-Universidad Antonio Nariño,9874-ESPECIALIZACION EN ADMINISTRACION PUBLICA,Masculino,2010-1,2020,No cotizante,Sin información,1,0,,"0,0%",NaN
1826-Universidad Antonio Nariño,9874-ESPECIALIZACION EN ADMINISTRACION PUBLICA,Masculino,2010-1,2021,Dependiente,"Actividades profesionales, científicas y técnicas",1,1,,"100,0%",NaN
1826-Universidad Antonio Nariño,9874-ESPECIALIZACION EN ADMINISTRACION PUBLICA,Masculino,2010-1,2021,Dependiente,"Agricultura, ganadería, caza, silvicultura y pesca",1,1,,"100,0%",NaN
1826-Universidad Antonio Nariño,9874-ESPECIALIZACION EN ADMINISTRACION PUBLICA,Masculino,2010-1,2021,Independiente,"Actividades profesionales, científicas y técnicas",1,1,,"100,0%",NaN
1826-Universidad Antonio Nariño,9874-ESPECIALIZACION EN ADMINISTRACION PUBLICA,Masculino,2010-1,2021,Independiente,Comercio al por mayor y al por menor; reparación de vehículos automotores y motocicletas,1,1,,"100,0%",NaN
1826-Universidad Antonio Nariño,9874-ESPECIALIZACION EN ADMINISTRACION PUBLICA,Masculino,2010-1,2022,Dependiente,"Actividades profesionales, científicas y técnicas",1,1,,"100,0%",NaN
1826-Universidad Antonio Nariño,9874-ESPECIALIZACION EN ADMINISTRACION PUBLICA,Masculino,2010-1,2022,Dependiente,Administración pública y defensa; planes de seguridad social de afiliación obligatoria,1,1,,"100,0%",NaN
1826-Universidad Antonio Nariño,9874-ESPECIALIZACION EN ADMINISTRACION PUBLICA,Masculino,2010-1,2022,Independiente,"Actividades profesionales, científicas y técnicas",1,1,,"100,0%",NaN
1826-Universidad Antonio Nariño,9874-ESPECIALIZACION EN ADMINISTRACION PUBLICA,Masculino,2010-1,2022,Independiente,Comercio al por mayor y al por menor; reparación de vehículos automotores y motocicletas,1,1,,"100,0%",NaN
1826-Universidad Antonio Nariño,9874-ESPECIALIZACION EN ADMINISTRACION PUBLICA,Masculino,2010-1,2023,Dependiente,Comercio al por mayor y al por menor; reparación de vehículos automotores y motocicletas,1,1,,"100,0%",NaN
1826-Universidad Antonio Nariño,9874-ESPECIALIZACION EN ADMINISTRACION PUBLICA,Masculino,2010-1,2023,Independiente,"Actividades profesionales, científicas y técnicas",1,1,,"100,0%",NaN
1826-Universidad Antonio Nariño,9874-ESPECIALIZACION EN ADMINISTRACION PUBLICA,Masculino,2010-1,2023,No cotizante,SIN DATO,2,0,,"0,0%",NaN
1826-Universidad Antonio Nariño,2538-ESPECIALIZACION EN AUDITORIA DE SISTEMAS,Femenino,2010-1,2016,Dependiente,Administración pública y defensa; planes de seguridad social de afiliación obligatoria,4,4,,"100,0%",$4.135.000
1826-Universidad Antonio Nariño,2538-ESPECIALIZACION EN AUDITORIA DE SISTEMAS,Femenino,2010-1,2016,Dependiente,Información y comunicaciones,1,1,,"100,0%",$1.920.000
1826-Universidad Antonio Nariño,2538-ESPECIALIZACION EN AUDITORIA DE SISTEMAS,Femenino,2010-1,2017,Dependiente,"Actividades artísticas, de entretenimiento y recreación",1,1,,"100,0%",NaN
1826-Universidad Antonio Nariño,2538-ESPECIALIZACION EN AUDITORIA DE SISTEMAS,Femenino,2010-1,2017,Dependiente,Administración pública y defensa; planes de seguridad social de afiliación obligatoria,4,4,,"100,0%",NaN
1826-Universidad Antonio Nariño,2538-ESPECIALIZACION EN AUDITORIA DE SISTEMAS,Femenino,2010-1,2018,Dependiente,"Actividades artísticas, de entretenimiento y recreación",1,1,,"100,0%",NaN
1826-Universidad Antonio Nariño,2538-ESPECIALIZACION EN AUDITORIA DE SISTEMAS,Femenino,2010-1,2018,Dependiente,Administración pública y defensa; planes de seguridad social de afiliación obligatoria,4,4,,"100,0%",NaN
1826-Universidad Antonio Nariño,2538-ESPECIALIZACION EN AUDITORIA DE SISTEMAS,Femenino,2010-1,2019,Dependiente,"Actividades artísticas, de entretenimiento y recreación",1,1,,"100,0%",NaN
1826-Universidad Antonio Nariño,2538-ESPECIALIZACION EN AUDITORIA DE SISTEMAS,Femenino,2010-1,2019,Dependiente,Administración pública y defensa; planes de seguridad social de afiliación obligatoria,4,4,,"100,0%",NaN
1826-Universidad Antonio Nariño,2538-ESPECIALIZACION EN AUDITORIA DE SISTEMAS,Femenino,2010-1,2020,Dependiente,"Actividades artísticas, de entretenimiento y recreación",1,1,,"100,0%",NaN
1826-Universidad Antonio Nariño,2538-ESPECIALIZACION EN AUDITORIA DE SISTEMAS,Femenino,2010-1,2020,Dependiente,Administración pública y defensa; planes de seguridad social de afiliación obligatoria,4,4,,"100,0%",NaN
1826-Universidad Antonio Nariño,2538-ESPECIALIZACION EN AUDITORIA DE SISTEMAS,Femenino,2010-1,2021,Dependiente,"Actividades artísticas, de entretenimiento y recreación",1,1,,"100,0%",NaN
1826-Universidad Antonio Nariño,2538-ESPECIALIZACION EN AUDITORIA DE SISTEMAS,Femenino,2010-1,2021,Dependiente,Administración pública y defensa; planes de seguridad social de afiliación obligatoria,3,3,,"100,0%",NaN
1826-Universidad Antonio Nariño,2538-ESPECIALIZACION EN AUDITORIA DE SISTEMAS,Femenino,2010-1,2022,Dependiente,"Actividades artísticas, de entretenimiento y recreación",1,1,,"100,0%",NaN
1826-Universidad Antonio Nariño,2538-ESPECIALIZACION EN AUDITORIA DE SISTEMAS,Femenino,2010-1,2022,Dependiente,Administración pública y defensa; planes de seguridad social de afiliación obligatoria,3,3,,"100,0%",NaN
1826-Universidad Antonio Nariño,2538-ESPECIALIZACION EN AUDITORIA DE SISTEMAS,Femenino,2010-1,2023,Dependiente,"Actividades artísticas, de entretenimiento y recreación",1,1,,"100,0%",NaN
1826-Universidad Antonio Nariño,2538-ESPECIALIZACION EN AUDITORIA DE SISTEMAS,Femenino,2010-1,2023,Dependiente,Administración pública y defensa; planes de seguridad social de afiliación obligatoria,3,3,,"100,0%",NaN
1826-Universidad Antonio Nariño,2538-ESPECIALIZACION EN AUDITORIA DE SISTEMAS,Masculino,2010-1,2016,Dependiente,Actividades de servicios administrativos y de apoyo,1,1,,"100,0%",$2.000.000
1826-Universidad Antonio Nariño,2538-ESPECIALIZACION EN AUDITORIA DE SISTEMAS,Masculino,2010-1,2016,Dependiente,Actividades inmobiliarias,1,1,,"100,0%",$6.000.000
1826-Universidad Antonio Nariño,2538-ESPECIALIZACION EN AUDITORIA DE SISTEMAS,Masculino,2010-1,2016,Dependiente,Administración pública y defensa; planes de seguridad social de afiliación obligatoria,2,2,,"100,0%",$3.232.000
1826-Universidad Antonio Nariño,2538-ESPECIALIZACION EN AUDITORIA DE SISTEMAS,Masculino,2010-1,2016,Dependiente,Industrias manufactureras,1,1,,"100,0%",$3.048.000
1826-Universidad Antonio Nariño,2538-ESPECIALIZACION EN AUDITORIA DE SISTEMAS,Masculino,2010-1,2016,Dependiente,Información y comunicaciones,1,1,,"100,0%",$3.240.000
1826-Universidad Antonio Nariño,2538-ESPECIALIZACION EN AUDITORIA DE SISTEMAS,Masculino,2010-1,2016,Dependiente,Sin información,2,2,,"100,0%",$3.053.000
1826-Universidad Antonio Nariño,2538-ESPECIALIZACION EN AUDITORIA DE SISTEMAS,Masculino,2010-1,2016,Independiente,Información y comunicaciones,1,1,,"100,0%",NaN
1826-Universidad Antonio Nariño,2538-ESPECIALIZACION EN AUDITORIA DE SISTEMAS,Masculino,2010-1,2016,No cotizante,Sin información,1,0,,"0,0%",NaN
1826-Universidad Antonio Nariño,2538-ESPECIALIZACION EN AUDITORIA DE SISTEMAS,Masculino,2010-1,2017,Dependiente,Actividades de organizaciones y entidades extraterritoriales,1,1,,"100,0%",NaN
1826-Universidad Antonio Nariño,2538-ESPECIALIZACION EN AUDITORIA DE SISTEMAS,Masculino,2010-1,2017,Dependiente,"Actividades profesionales, científicas y técnicas",2,2,,"100,0%",NaN
1826-Universidad Antonio Nariño,2538-ESPECIALIZACION EN AUDITORIA DE SISTEMAS,Masculino,2010-1,2017,Dependiente,Administración pública y defensa; planes de seguridad social de afiliación obligatoria,1,1,,"100,0%",NaN
1826-Universidad Antonio Nariño,2538-ESPECIALIZACION EN AUDITORIA DE SISTEMAS,Masculino,2010-1,2017,Dependiente,Información y comunicaciones,1,1,,"100,0%",NaN
1826-Universidad Antonio Nariño,2538-ESPECIALIZACION EN AUDITORIA DE SISTEMAS,Masculino,2010-1,2017,Dependiente,Sin información,1,1,,"100,0%",NaN
1826-Universidad Antonio Nariño,2538-ESPECIALIZACION EN AUDITORIA DE SISTEMAS,Masculino,2010-1,2017,Dependiente,"Suministro de electricidad, gas, vapor y aire acondicionado",1,1,,"100,0%",NaN
1826-Universidad Antonio Nariño,2538-ESPECIALIZACION EN AUDITORIA DE SISTEMAS,Masculino,2010-1,2017,Independiente,Información y comunicaciones,2,2,,"100,0%",NaN
1826-Universidad Antonio Nariño,2538-ESPECIALIZACION EN AUDITORIA DE SISTEMAS,Masculino,2010-1,2017,No cotizante,Sin información,1,0,,"0,0%",NaN
1826-Universidad Antonio Nariño,2538-ESPECIALIZACION EN AUDITORIA DE SISTEMAS,Masculino,2010-1,2018,Dependiente,Actividades de organizaciones y entidades extraterritoriales,1,1,,"100,0%",NaN
1826-Universidad Antonio Nariño,2538-ESPECIALIZACION EN AUDITORIA DE SISTEMAS,Masculino,2010-1,2018,Dependiente,"Actividades profesionales, científicas y técnicas",3,3,,"100,0%",NaN
1826-Universidad Antonio Nariño,2538-ESPECIALIZACION EN AUDITORIA DE SISTEMAS,Masculino,2010-1,2018,Dependiente,Administración pública y defensa; planes de seguridad social de afiliación obligatoria,1,1,,"100,0%",NaN
1826-Universidad Antonio Nariño,2538-ESPECIALIZACION EN AUDITORIA DE SISTEMAS,Masculino,2010-1,2018,Dependiente,Sin información,1,1,,"100,0%",NaN
1826-Universidad Antonio Nariño,2538-ESPECIALIZACION EN AUDITORIA DE SISTEMAS,Masculino,2010-1,2018,Dependiente,"Suministro de electricidad, gas, vapor y aire acondicionado",1,1,,"100,0%",NaN
1826-Universidad Antonio Nariño,2538-ESPECIALIZACION EN AUDITORIA DE SISTEMAS,Masculino,2010-1,2018,Independiente,Información y comunicaciones,2,2,,"100,0%",NaN
1826-Universidad Antonio Nariño,2538-ESPECIALIZACION EN AUDITORIA DE SISTEMAS,Masculino,2010-1,2018,No cotizante,Sin información,1,0,,"0,0%",NaN
1826-Universidad Antonio Nariño,2538-ESPECIALIZACION EN AUDITORIA DE SISTEMAS,Masculino,2010-1,2019,Dependiente,Actividades de organizaciones y entidades extraterritoriales,1,1,,"100,0%",NaN
1826-Universidad Antonio Nariño,2538-ESPECIALIZACION EN AUDITORIA DE SISTEMAS,Masculino,2010-1,2019,Dependiente,"Actividades profesionales, científicas y técnicas",2,2,,"100,0%",NaN
1826-Universidad Antonio Nariño,2538-ESPECIALIZACION EN AUDITORIA DE SISTEMAS,Masculino,2010-1,2019,Dependiente,Administración pública y defensa; planes de seguridad social de afiliación obligatoria,1,1,,"100,0%",NaN
1826-Universidad Antonio Nariño,2538-ESPECIALIZACION EN AUDITORIA DE SISTEMAS,Masculino,2010-1,2019,Dependiente,Construccion,1,1,,"100,0%",NaN
1826-Universidad Antonio Nariño,2538-ESPECIALIZACION EN AUDITORIA DE SISTEMAS,Masculino,2010-1,2019,Dependiente,Educación,2,2,,"100,0%",NaN
1826-Universidad Antonio Nariño,2538-ESPECIALIZACION EN AUDITORIA DE SISTEMAS,Masculino,2010-1,2019,Dependiente,Información y comunicaciones,1,1,,"100,0%",NaN
1826-Universidad Antonio Nariño,2538-ESPECIALIZACION EN AUDITORIA DE SISTEMAS,Masculino,2010-1,2019,Dependiente,"Suministro de electricidad, gas, vapor y aire acondicionado",1,1,,"100,0%",NaN
1826-Universidad Antonio Nariño,2538-ESPECIALIZACION EN AUDITORIA DE SISTEMAS,Masculino,2010-1,2019,No cotizante,Sin información,1,0,,"0,0%",NaN
1826-Universidad Antonio Nariño,2538-ESPECIALIZACION EN AUDITORIA DE SISTEMAS,Masculino,2010-1,2020,Dependiente,Actividades de organizaciones y entidades extraterritoriales,1,1,,"100,0%",NaN
1826-Universidad Antonio Nariño,2538-ESPECIALIZACION EN AUDITORIA DE SISTEMAS,Masculino,2010-1,2020,Dependiente,"Actividades profesionales, científicas y técnicas",2,2,,"100,0%",NaN
1826-Universidad Antonio Nariño,2538-ESPECIALIZACION EN AUDITORIA DE SISTEMAS,Masculino,2010-1,2020,Dependiente,Administración pública y defensa; planes de seguridad social de afiliación obligatoria,1,1,,"100,0%",NaN
1826-Universidad Antonio Nariño,2538-ESPECIALIZACION EN AUDITORIA DE SISTEMAS,Masculino,2010-1,2020,Dependiente,Educación,1,1,,"100,0%",NaN
1826-Universidad Antonio Nariño,2538-ESPECIALIZACION EN AUDITORIA DE SISTEMAS,Masculino,2010-1,2020,Dependiente,Industrias manufactureras,1,1,,"100,0%",NaN
1826-Universidad Antonio Nariño,2538-ESPECIALIZACION EN AUDITORIA DE SISTEMAS,Masculino,2010-1,2020,Dependiente,Información y comunicaciones,1,1,,"100,0%",NaN
1826-Universidad Antonio Nariño,2538-ESPECIALIZACION EN AUDITORIA DE SISTEMAS,Masculino,2010-1,2020,Dependiente,"Suministro de electricidad, gas, vapor y aire acondicionado",1,1,,"100,0%",NaN
1826-Universidad Antonio Nariño,2538-ESPECIALIZACION EN AUDITORIA DE SISTEMAS,Masculino,2010-1,2020,Independiente,Información y comunicaciones,1,1,,"100,0%",NaN
1826-Universidad Antonio Nariño,2538-ESPECIALIZACION EN AUDITORIA DE SISTEMAS,Masculino,2010-1,2020,No cotizante,Sin información,1,0,,"0,0%",NaN
1826-Universidad Antonio Nariño,2538-ESPECIALIZACION EN AUDITORIA DE SISTEMAS,Masculino,2010-1,2021,Dependiente,Actividades de organizaciones y entidades extraterritoriales,1,1,,"100,0%",NaN
1826-Universidad Antonio Nariño,2538-ESPECIALIZACION EN AUDITORIA DE SISTEMAS,Masculino,2010-1,2021,Dependiente,"Actividades profesionales, científicas y técnicas",1,1,,"100,0%",NaN
1826-Universidad Antonio Nariño,2538-ESPECIALIZACION EN AUDITORIA DE SISTEMAS,Masculino,2010-1,2021,Dependiente,Administración pública y defensa; planes de seguridad social de afiliación obligatoria,1,1,,"100,0%",NaN
1826-Universidad Antonio Nariño,2538-ESPECIALIZACION EN AUDITORIA DE SISTEMAS,Masculino,2010-1,2021,Dependiente,Educación,1,1,,"100,0%",NaN
1826-Universidad Antonio Nariño,2538-ESPECIALIZACION EN AUDITORIA DE SISTEMAS,Masculino,2010-1,2021,Dependiente,Industrias manufactureras,1,1,,"100,0%",NaN
1826-Universidad Antonio Nariño,2538-ESPECIALIZACION EN AUDITORIA DE SISTEMAS,Masculino,2010-1,2021,Dependiente,Información y comunicaciones,2,2,,"100,0%",NaN
1826-Universidad Antonio Nariño,2538-ESPECIALIZACION EN AUDITORIA DE SISTEMAS,Masculino,2010-1,2021,Dependiente,"Suministro de electricidad, gas, vapor y aire acondicionado",1,1,,"100,0%",NaN
1826-Universidad Antonio Nariño,2538-ESPECIALIZACION EN AUDITORIA DE SISTEMAS,Masculino,2010-1,2021,Independiente,Información y comunicaciones,1,1,,"100,0%",NaN
1826-Universidad Antonio Nariño,2538-ESPECIALIZACION EN AUDITORIA DE SISTEMAS,Masculino,2010-1,2021,No cotizante,Sin información,1,0,,"0,0%",NaN
1826-Universidad Antonio Nariño,2538-ESPECIALIZACION EN AUDITORIA DE SISTEMAS,Masculino,2010-1,2022,Dependiente,Actividades de organizaciones y entidades extraterritoriales,1,1,,"100,0%",NaN
1826-Universidad Antonio Nariño,2538-ESPECIALIZACION EN AUDITORIA DE SISTEMAS,Masculino,2010-1,2022,Dependiente,"Actividades profesionales, científicas y técnicas",1,1,,"100,0%",NaN
1826-Universidad Antonio Nariño,2538-ESPECIALIZACION EN AUDITORIA DE SISTEMAS,Masculino,2010-1,2022,Dependiente,Administración pública y defensa; planes de seguridad social de afiliación obligatoria,1,1,,"100,0%",NaN
1826-Universidad Antonio Nariño,2538-ESPECIALIZACION EN AUDITORIA DE SISTEMAS,Masculino,2010-1,2022,Dependiente,Construccion,1,1,,"100,0%",NaN
1826-Universidad Antonio Nariño,2538-ESPECIALIZACION EN AUDITORIA DE SISTEMAS,Masculino,2010-1,2022,Dependiente,Educación,1,1,,"100,0%",NaN
1826-Universidad Antonio Nariño,2538-ESPECIALIZACION EN AUDITORIA DE SISTEMAS,Masculino,2010-1,2022,Dependiente,Industrias manufactureras,1,1,,"100,0%",NaN
1826-Universidad Antonio Nariño,2538-ESPECIALIZACION EN AUDITORIA DE SISTEMAS,Masculino,2010-1,2022,Dependiente,Información y comunicaciones,1,1,,"100,0%",NaN
1826-Universidad Antonio Nariño,2538-ESPECIALIZACION EN AUDITORIA DE SISTEMAS,Masculino,2010-1,2022,Dependiente,"Suministro de electricidad, gas, vapor y aire acondicionado",1,1,,"100,0%",NaN
1826-Universidad Antonio Nariño,2538-ESPECIALIZACION EN AUDITORIA DE SISTEMAS,Masculino,2010-1,2022,Independiente,Información y comunicaciones,1,1,,"100,0%",NaN
1826-Universidad Antonio Nariño,2538-ESPECIALIZACION EN AUDITORIA DE SISTEMAS,Masculino,2010-1,2022,No cotizante,SIN DATO,1,0,,"0,0%",NaN
1826-Universidad Antonio Nariño,2538-ESPECIALIZACION EN AUDITORIA DE SISTEMAS,Masculino,2010-1,2023,Dependiente,Actividades de organizaciones y entidades extraterritoriales,1,1,,"100,0%",NaN
1826-Universidad Antonio Nariño,2538-ESPECIALIZACION EN AUDITORIA DE SISTEMAS,Masculino,2010-1,2023,Dependiente,Administración pública y defensa; planes de seguridad social de afiliación obligatoria,1,1,,"100,0%",NaN
1826-Universidad Antonio Nariño,2538-ESPECIALIZACION EN AUDITORIA DE SISTEMAS,Masculino,2010-1,2023,Dependiente,Educación,1,1,,"100,0%",NaN
1826-Universidad Antonio Nariño,2538-ESPECIALIZACION EN AUDITORIA DE SISTEMAS,Masculino,2010-1,2023,Dependiente,Industrias manufactureras,1,1,,"100,0%",NaN
1826-Universidad Antonio Nariño,2538-ESPECIALIZACION EN AUDITORIA DE SISTEMAS,Masculino,2010-1,2023,Dependiente,Información y comunicaciones,1,1,,"100,0%",NaN
1826-Universidad Antonio Nariño,2538-ESPECIALIZACION EN AUDITORIA DE SISTEMAS,Masculino,2010-1,2023,Dependiente,"Suministro de electricidad, gas, vapor y aire acondicionado",1,1,,"100,0%",NaN
1826-Universidad Antonio Nariño,2538-ESPECIALIZACION EN AUDITORIA DE SISTEMAS,Masculino,2010-1,2023,Dependiente,Transporte y almacenamiento,1,1,,"100,0%",NaN
1826-Universidad Antonio Nariño,2538-ESPECIALIZACION EN AUDITORIA DE SISTEMAS,Masculino,2010-1,2023,Independiente,Información y comunicaciones,2,2,,"100,0%",NaN
1826-Universidad Antonio Nariño,2538-ESPECIALIZACION EN AUDITORIA DE SISTEMAS,Masculino,2010-1,2023,No cotizante,SIN DATO,1,0,,"0,0%",NaN
1826-Universidad Antonio Nariño,16116-ESPECIALIZACION EN COMPUTACION PARA LA DOCENCIA,Femenino,2010-1,2016,Dependiente,Administración pública y defensa; planes de seguridad social de afiliación obligatoria,16,16,,"100,0%",$3.239.188
1826-Universidad Antonio Nariño,16116-ESPECIALIZACION EN COMPUTACION PARA LA DOCENCIA,Femenino,2010-1,2016,Dependiente,Educación,1,1,,"100,0%",$1.695.000
1826-Universidad Antonio Nariño,16116-ESPECIALIZACION EN COMPUTACION PARA LA DOCENCIA,Femenino,2010-1,2016,Dependiente,Sin información,1,1,,"100,0%",$1.385.000
1826-Universidad Antonio Nariño,16116-ESPECIALIZACION EN COMPUTACION PARA LA DOCENCIA,Femenino,2010-1,2016,No cotizante,Sin información,6,0,,"0,0%",NaN
1826-Universidad Antonio Nariño,16116-ESPECIALIZACION EN COMPUTACION PARA LA DOCENCIA,Femenino,2010-1,2017,Dependiente,"Actividades profesionales, científicas y técnicas",1,1,,"100,0%",NaN
1826-Universidad Antonio Nariño,16116-ESPECIALIZACION EN COMPUTACION PARA LA DOCENCIA,Femenino,2010-1,2017,Dependiente,Administración pública y defensa; planes de seguridad social de afiliación obligatoria,1,1,,"100,0%",NaN
1826-Universidad Antonio Nariño,16116-ESPECIALIZACION EN COMPUTACION PARA LA DOCENCIA,Femenino,2010-1,2017,Dependiente,Educación,1,1,,"100,0%",NaN
1826-Universidad Antonio Nariño,16116-ESPECIALIZACION EN COMPUTACION PARA LA DOCENCIA,Femenino,2010-1,2017,Dependiente,Sin información,14,14,,"100,0%",NaN
1826-Universidad Antonio Nariño,16116-ESPECIALIZACION EN COMPUTACION PARA LA DOCENCIA,Femenino,2010-1,2017,Independiente,"Actividades profesionales, científicas y técnicas",1,1,,"100,0%",NaN
1826-Universidad Antonio Nariño,16116-ESPECIALIZACION EN COMPUTACION PARA LA DOCENCIA,Femenino,2010-1,2017,No cotizante,Sin información,6,0,,"0,0%",NaN
1826-Universidad Antonio Nariño,16116-ESPECIALIZACION EN COMPUTACION PARA LA DOCENCIA,Femenino,2010-1,2018,Dependiente,"Actividades profesionales, científicas y técnicas",1,1,,"100,0%",NaN
1826-Universidad Antonio Nariño,16116-ESPECIALIZACION EN COMPUTACION PARA LA DOCENCIA,Femenino,2010-1,2018,Dependiente,Administración pública y defensa; planes de seguridad social de afiliación obligatoria,1,1,,"100,0%",NaN
1826-Universidad Antonio Nariño,16116-ESPECIALIZACION EN COMPUTACION PARA LA DOCENCIA,Femenino,2010-1,2018,Dependiente,Educación,1,1,,"100,0%",NaN
1826-Universidad Antonio Nariño,16116-ESPECIALIZACION EN COMPUTACION PARA LA DOCENCIA,Femenino,2010-1,2018,Dependiente,Sin información,19,19,,"100,0%",NaN
1826-Universidad Antonio Nariño,16116-ESPECIALIZACION EN COMPUTACION PARA LA DOCENCIA,Femenino,2010-1,2018,No cotizante,Sin información,2,0,,"0,0%",NaN
1826-Universidad Antonio Nariño,16116-ESPECIALIZACION EN COMPUTACION PARA LA DOCENCIA,Femenino,2010-1,2019,Dependiente,"Actividades profesionales, científicas y técnicas",1,1,,"100,0%",NaN
1826-Universidad Antonio Nariño,16116-ESPECIALIZACION EN COMPUTACION PARA LA DOCENCIA,Femenino,2010-1,2019,Dependiente,Administración pública y defensa; planes de seguridad social de afiliación obligatoria,8,8,,"100,0%",NaN
1826-Universidad Antonio Nariño,16116-ESPECIALIZACION EN COMPUTACION PARA LA DOCENCIA,Femenino,2010-1,2019,Dependiente,Educación,2,2,,"100,0%",NaN
1826-Universidad Antonio Nariño,16116-ESPECIALIZACION EN COMPUTACION PARA LA DOCENCIA,Femenino,2010-1,2019,Dependiente,Sin información,9,9,,"100,0%",NaN
1826-Universidad Antonio Nariño,16116-ESPECIALIZACION EN COMPUTACION PARA LA DOCENCIA,Femenino,2010-1,2019,No cotizante,Sin información,4,0,,"0,0%",NaN
1826-Universidad Antonio Nariño,16116-ESPECIALIZACION EN COMPUTACION PARA LA DOCENCIA,Femenino,2010-1,2020,Dependiente,"Actividades profesionales, científicas y técnicas",7,7,,"100,0%",NaN
1826-Universidad Antonio Nariño,16116-ESPECIALIZACION EN COMPUTACION PARA LA DOCENCIA,Femenino,2010-1,2020,Dependiente,Administración pública y defensa; planes de seguridad social de afiliación obligatoria,6,6,,"100,0%",NaN
1826-Universidad Antonio Nariño,16116-ESPECIALIZACION EN COMPUTACION PARA LA DOCENCIA,Femenino,2010-1,2020,Dependiente,Educación,2,2,,"100,0%",NaN
1826-Universidad Antonio Nariño,16116-ESPECIALIZACION EN COMPUTACION PARA LA DOCENCIA,Femenino,2010-1,2020,No cotizante,Sin información,9,0,,"0,0%",NaN
1826-Universidad Antonio Nariño,16116-ESPECIALIZACION EN COMPUTACION PARA LA DOCENCIA,Femenino,2010-1,2021,Dependiente,Administración pública y defensa; planes de seguridad social de afiliación obligatoria,12,12,,"100,0%",NaN
1826-Universidad Antonio Nariño,16116-ESPECIALIZACION EN COMPUTACION PARA LA DOCENCIA,Femenino,2010-1,2021,Dependiente,Educación,2,2,,"100,0%",NaN
1826-Universidad Antonio Nariño,16116-ESPECIALIZACION EN COMPUTACION PARA LA DOCENCIA,Femenino,2010-1,2021,No cotizante,Sin información,10,0,,"0,0%",NaN
1826-Universidad Antonio Nariño,16116-ESPECIALIZACION EN COMPUTACION PARA LA DOCENCIA,Femenino,2010-1,2022,Dependiente,"Actividades profesionales, científicas y técnicas",1,1,,"100,0%",NaN
1826-Universidad Antonio Nariño,16116-ESPECIALIZACION EN COMPUTACION PARA LA DOCENCIA,Femenino,2010-1,2022,Dependiente,Administración pública y defensa; planes de seguridad social de afiliación obligatoria,11,11,,"100,0%",NaN
1826-Universidad Antonio Nariño,16116-ESPECIALIZACION EN COMPUTACION PARA LA DOCENCIA,Femenino,2010-1,2022,Dependiente,Educación,2,2,,"100,0%",NaN
1826-Universidad Antonio Nariño,16116-ESPECIALIZACION EN COMPUTACION PARA LA DOCENCIA,Femenino,2010-1,2022,No cotizante,SIN DATO,10,0,,"0,0%",NaN
1826-Universidad Antonio Nariño,16116-ESPECIALIZACION EN COMPUTACION PARA LA DOCENCIA,Femenino,2010-1,2023,Dependiente,Actividades financieras y de seguros,3,3,,"100,0%",NaN
1826-Universidad Antonio Nariño,16116-ESPECIALIZACION EN COMPUTACION PARA LA DOCENCIA,Femenino,2010-1,2023,Dependiente,Administración pública y defensa; planes de seguridad social de afiliación obligatoria,9,9,,"100,0%",NaN
1826-Universidad Antonio Nariño,16116-ESPECIALIZACION EN COMPUTACION PARA LA DOCENCIA,Femenino,2010-1,2023,Dependiente,Educación,2,2,,"100,0%",NaN
1826-Universidad Antonio Nariño,16116-ESPECIALIZACION EN COMPUTACION PARA LA DOCENCIA,Femenino,2010-1,2023,Independiente,"Actividades profesionales, científicas y técnicas",1,1,,"100,0%",NaN
1826-Universidad Antonio Nariño,16116-ESPECIALIZACION EN COMPUTACION PARA LA DOCENCIA,Femenino,2010-1,2023,No cotizante,SIN DATO,9,0,,"0,0%",NaN
1826-Universidad Antonio Nariño,16116-ESPECIALIZACION EN COMPUTACION PARA LA DOCENCIA,Masculino,2010-1,2016,Dependiente,"Actividades profesionales, científicas y técnicas",2,2,,"100,0%",$3.501.000
1826-Universidad Antonio Nariño,16116-ESPECIALIZACION EN COMPUTACION PARA LA DOCENCIA,Masculino,2010-1,2016,Dependiente,Administración pública y defensa; planes de seguridad social de afiliación obligatoria,9,9,,"100,0%",$3.094.889
1826-Universidad Antonio Nariño,16116-ESPECIALIZACION EN COMPUTACION PARA LA DOCENCIA,Masculino,2010-1,2016,No cotizante,Sin información,3,0,,"0,0%",NaN
1826-Universidad Antonio Nariño,16116-ESPECIALIZACION EN COMPUTACION PARA LA DOCENCIA,Masculino,2010-1,2017,Dependiente,"Actividades profesionales, científicas y técnicas",2,2,,"100,0%",NaN
1826-Universidad Antonio Nariño,16116-ESPECIALIZACION EN COMPUTACION PARA LA DOCENCIA,Masculino,2010-1,2017,Dependiente,Administración pública y defensa; planes de seguridad social de afiliación obligatoria,1,1,,"100,0%",NaN
1826-Universidad Antonio Nariño,16116-ESPECIALIZACION EN COMPUTACION PARA LA DOCENCIA,Masculino,2010-1,2017,Dependiente,Sin información,8,8,,"100,0%",NaN
1826-Universidad Antonio Nariño,16116-ESPECIALIZACION EN COMPUTACION PARA LA DOCENCIA,Masculino,2010-1,2017,No cotizante,Sin información,3,0,,"0,0%",NaN
1826-Universidad Antonio Nariño,16116-ESPECIALIZACION EN COMPUTACION PARA LA DOCENCIA,Masculino,2010-1,2018,Dependiente,"Actividades profesionales, científicas y técnicas",2,2,,"100,0%",NaN
1826-Universidad Antonio Nariño,16116-ESPECIALIZACION EN COMPUTACION PARA LA DOCENCIA,Masculino,2010-1,2018,Dependiente,Administración pública y defensa; planes de seguridad social de afiliación obligatoria,1,1,,"100,0%",NaN
1826-Universidad Antonio Nariño,16116-ESPECIALIZACION EN COMPUTACION PARA LA DOCENCIA,Masculino,2010-1,2018,Dependiente,Sin información,10,10,,"100,0%",NaN
1826-Universidad Antonio Nariño,16116-ESPECIALIZACION EN COMPUTACION PARA LA DOCENCIA,Masculino,2010-1,2018,Independiente,"Actividades profesionales, científicas y técnicas",1,1,,"100,0%",NaN
1826-Universidad Antonio Nariño,16116-ESPECIALIZACION EN COMPUTACION PARA LA DOCENCIA,Masculino,2010-1,2019,Dependiente,"Actividades profesionales, científicas y técnicas",2,2,,"100,0%",NaN
1826-Universidad Antonio Nariño,16116-ESPECIALIZACION EN COMPUTACION PARA LA DOCENCIA,Masculino,2010-1,2019,Dependiente,Administración pública y defensa; planes de seguridad social de afiliación obligatoria,6,6,,"100,0%",NaN
1826-Universidad Antonio Nariño,16116-ESPECIALIZACION EN COMPUTACION PARA LA DOCENCIA,Masculino,2010-1,2019,Dependiente,Sin información,3,3,,"100,0%",NaN
1826-Universidad Antonio Nariño,16116-ESPECIALIZACION EN COMPUTACION PARA LA DOCENCIA,Masculino,2010-1,2019,Independiente,"Actividades profesionales, científicas y técnicas",1,1,,"100,0%",NaN
1826-Universidad Antonio Nariño,16116-ESPECIALIZACION EN COMPUTACION PARA LA DOCENCIA,Masculino,2010-1,2019,No cotizante,Sin información,2,0,,"0,0%",NaN
1826-Universidad Antonio Nariño,16116-ESPECIALIZACION EN COMPUTACION PARA LA DOCENCIA,Masculino,2010-1,2020,Dependiente,"Actividades profesionales, científicas y técnicas",7,7,,"100,0%",NaN
1826-Universidad Antonio Nariño,16116-ESPECIALIZACION EN COMPUTACION PARA LA DOCENCIA,Masculino,2010-1,2020,Dependiente,Administración pública y defensa; planes de seguridad social de afiliación obligatoria,2,2,,"100,0%",NaN
1826-Universidad Antonio Nariño,16116-ESPECIALIZACION EN COMPUTACION PARA LA DOCENCIA,Masculino,2010-1,2020,Independiente,"Actividades profesionales, científicas y técnicas",1,1,,"100,0%",NaN
1826-Universidad Antonio Nariño,16116-ESPECIALIZACION EN COMPUTACION PARA LA DOCENCIA,Masculino,2010-1,2020,No cotizante,Sin información,4,0,,"0,0%",NaN
1826-Universidad Antonio Nariño,16116-ESPECIALIZACION EN COMPUTACION PARA LA DOCENCIA,Masculino,2010-1,2021,Dependiente,"Actividades profesionales, científicas y técnicas",2,2,,"100,0%",NaN
1826-Universidad Antonio Nariño,16116-ESPECIALIZACION EN COMPUTACION PARA LA DOCENCIA,Masculino,2010-1,2021,Dependiente,Administración pública y defensa; planes de seguridad social de afiliación obligatoria,7,7,,"100,0%",NaN
1826-Universidad Antonio Nariño,16116-ESPECIALIZACION EN COMPUTACION PARA LA DOCENCIA,Masculino,2010-1,2021,Independiente,"Actividades profesionales, científicas y técnicas",1,1,,"100,0%",NaN
1826-Universidad Antonio Nariño,16116-ESPECIALIZACION EN COMPUTACION PARA LA DOCENCIA,Masculino,2010-1,2021,No cotizante,Sin información,4,0,,"0,0%",NaN
1826-Universidad Antonio Nariño,16116-ESPECIALIZACION EN COMPUTACION PARA LA DOCENCIA,Masculino,2010-1,2022,Dependiente,Administración pública y defensa; planes de seguridad social de afiliación obligatoria,9,9,,"100,0%",NaN
1826-Universidad Antonio Nariño,16116-ESPECIALIZACION EN COMPUTACION PARA LA DOCENCIA,Masculino,2010-1,2022,Independiente,"Actividades profesionales, científicas y técnicas",1,1,,"100,0%",NaN
1826-Universidad Antonio Nariño,16116-ESPECIALIZACION EN COMPUTACION PARA LA DOCENCIA,Masculino,2010-1,2022,No cotizante,SIN DATO,4,0,,"0,0%",NaN
1826-Universidad Antonio Nariño,16116-ESPECIALIZACION EN COMPUTACION PARA LA DOCENCIA,Masculino,2010-1,2023,Dependiente,Actividades financieras y de seguros,1,1,,"100,0%",NaN
1826-Universidad Antonio Nariño,16116-ESPECIALIZACION EN COMPUTACION PARA LA DOCENCIA,Masculino,2010-1,2023,Dependiente,Administración pública y defensa; planes de seguridad social de afiliación obligatoria,8,8,,"100,0%",NaN
1826-Universidad Antonio Nariño,16116-ESPECIALIZACION EN COMPUTACION PARA LA DOCENCIA,Masculino,2010-1,2023,Independiente,"Actividades profesionales, científicas y técnicas",1,1,,"100,0%",NaN
1826-Universidad Antonio Nariño,16116-ESPECIALIZACION EN COMPUTACION PARA LA DOCENCIA,Masculino,2010-1,2023,No cotizante,SIN DATO,4,0,,"0,0%",NaN
1826-Universidad Antonio Nariño,9716-ESPECIALIZACION EN FINANZAS,Femenino,2010-1,2016,Dependiente,"Actividades profesionales, científicas y técnicas",2,2,,"100,0%",$3.683.500
1826-Universidad Antonio Nariño,9716-ESPECIALIZACION EN FINANZAS,Femenino,2010-1,2017,Dependiente,"Suministro de electricidad, gas, vapor y aire acondicionado",2,2,,"100,0%",NaN
1826-Universidad Antonio Nariño,9716-ESPECIALIZACION EN FINANZAS,Femenino,2010-1,2018,Dependiente,"Suministro de electricidad, gas, vapor y aire acondicionado",2,2,,"100,0%",NaN
1826-Universidad Antonio Nariño,9716-ESPECIALIZACION EN FINANZAS,Femenino,2010-1,2019,Dependiente,"Suministro de electricidad, gas, vapor y aire acondicionado",2,2,,"100,0%",NaN
1826-Universidad Antonio Nariño,9716-ESPECIALIZACION EN FINANZAS,Femenino,2010-1,2020,Dependiente,"Actividades profesionales, científicas y técnicas",2,2,,"100,0%",NaN
1826-Universidad Antonio Nariño,9716-ESPECIALIZACION EN FINANZAS,Femenino,2010-1,2021,Dependiente,"Suministro de electricidad, gas, vapor y aire acondicionado",2,2,,"100,0%",NaN
1826-Universidad Antonio Nariño,9716-ESPECIALIZACION EN FINANZAS,Femenino,2010-1,2022,Dependiente,"Actividades profesionales, científicas y técnicas",2,2,,"100,0%",NaN
1826-Universidad Antonio Nariño,9716-ESPECIALIZACION EN FINANZAS,Femenino,2010-1,2023,Dependiente,"Suministro de electricidad, gas, vapor y aire acondicionado",2,2,,"100,0%",NaN
1823-Universidad Autónoma de Bucaramanga - UNAB,51809-ADMINISTRACION DE EMPRESAS,Masculino,2010-1,2016,Dependiente,"Agricultura, ganadería, caza, silvicultura y pesca",1,1,,"100,0%",$940.000
1823-Universidad Autónoma de Bucaramanga - UNAB,51809-ADMINISTRACION DE EMPRESAS,Masculino,2010-1,2017,Dependiente,"Agricultura, ganadería, caza, silvicultura y pesca",1,1,,"100,0%",NaN
1823-Universidad Autónoma de Bucaramanga - UNAB,51809-ADMINISTRACION DE EMPRESAS,Masculino,2010-1,2018,Dependiente,"Agricultura, ganadería, caza, silvicultura y pesca",1,1,,"100,0%",NaN
1823-Universidad Autónoma de Bucaramanga - UNAB,51809-ADMINISTRACION DE EMPRESAS,Masculino,2010-1,2019,Dependiente,"Agricultura, ganadería, caza, silvicultura y pesca",1,1,,"100,0%",NaN
1823-Universidad Autónoma de Bucaramanga - UNAB,51809-ADMINISTRACION DE EMPRESAS,Masculino,2010-1,2020,Dependiente,"Agricultura, ganadería, caza, silvicultura y pesca",1,1,,"100,0%",NaN
1823-Universidad Autónoma de Bucaramanga - UNAB,51809-ADMINISTRACION DE EMPRESAS,Masculino,2010-1,2021,Dependiente,"Agricultura, ganadería, caza, silvicultura y pesca",1,1,,"100,0%",NaN
1823-Universidad Autónoma de Bucaramanga - UNAB,51809-ADMINISTRACION DE EMPRESAS,Masculino,2010-1,2022,Dependiente,"Agricultura, ganadería, caza, silvicultura y pesca",1,1,,"100,0%",NaN
1823-Universidad Autónoma de Bucaramanga - UNAB,51809-ADMINISTRACION DE EMPRESAS,Masculino,2010-1,2023,Dependiente,"Actividades profesionales, científicas y técnicas",1,1,,"100,0%",NaN
1823-Universidad Autónoma de Bucaramanga - UNAB,15441-CONTADURIA PUBLICA,Femenino,2010-1,2016,Dependiente,Educación,1,1,,"100,0%",$689.455
1823-Universidad Autónoma de Bucaramanga - UNAB,15441-CONTADURIA PUBLICA,Femenino,2010-1,2017,Dependiente,Sin información,1,1,,"100,0%",NaN
1823-Universidad Autónoma de Bucaramanga - UNAB,15441-CONTADURIA PUBLICA,Femenino,2010-1,2018,Dependiente,Sin información,1,1,,"100,0%",NaN
1823-Universidad Autónoma de Bucaramanga - UNAB,15441-CONTADURIA PUBLICA,Femenino,2010-1,2019,Dependiente,Administración pública y defensa; planes de seguridad social de afiliación obligatoria,1,1,,"100,0%",NaN
1823-Universidad Autónoma de Bucaramanga - UNAB,15441-CONTADURIA PUBLICA,Femenino,2010-1,2020,Dependiente,Administración pública y defensa; planes de seguridad social de afiliación obligatoria,1,1,,"100,0%",NaN
1823-Universidad Autónoma de Bucaramanga - UNAB,15441-CONTADURIA PUBLICA,Femenino,2010-1,2021,Dependiente,Administración pública y defensa; planes de seguridad social de afiliación obligatoria,1,1,,"100,0%",NaN
1823-Universidad Autónoma de Bucaramanga - UNAB,15441-CONTADURIA PUBLICA,Femenino,2010-1,2022,Dependiente,Administración pública y defensa; planes de seguridad social de afiliación obligatoria,1,1,,"100,0%",NaN
1823-Universidad Autónoma de Bucaramanga - UNAB,15441-CONTADURIA PUBLICA,Femenino,2010-1,2023,Dependiente,Administración pública y defensa; planes de seguridad social de afiliación obligatoria,1,1,,"100,0%",NaN
1823-Universidad Autónoma de Bucaramanga - UNAB,15441-CONTADURIA PUBLICA,Masculino,2010-1,2016,Independiente,"Actividades profesionales, científicas y técnicas",1,1,,"100,0%",NaN
1823-Universidad Autónoma de Bucaramanga - UNAB,15441-CONTADURIA PUBLICA,Masculino,2010-1,2017,Independiente,"Actividades profesionales, científicas y técnicas",1,1,,"100,0%",NaN
1823-Universidad Autónoma de Bucaramanga - UNAB,15441-CONTADURIA PUBLICA,Masculino,2010-1,2018,Independiente,"Actividades profesionales, científicas y técnicas",1,1,,"100,0%",NaN
1823-Universidad Autónoma de Bucaramanga - UNAB,15441-CONTADURIA PUBLICA,Masculino,2010-1,2019,Independiente,"Actividades profesionales, científicas y técnicas",1,1,,"100,0%",NaN
1823-Universidad Autónoma de Bucaramanga - UNAB,15441-CONTADURIA PUBLICA,Masculino,2010-1,2020,Independiente,"Actividades profesionales, científicas y técnicas",1,1,,"100,0%",NaN
1823-Universidad Autónoma de Bucaramanga - UNAB,15441-CONTADURIA PUBLICA,Masculino,2010-1,2021,Independiente,"Actividades profesionales, científicas y técnicas",1,1,,"100,0%",NaN
1823-Universidad Autónoma de Bucaramanga - UNAB,15441-CONTADURIA PUBLICA,Masculino,2010-1,2022,Independiente,"Actividades profesionales, científicas y técnicas",1,1,,"100,0%",NaN
1823-Universidad Autónoma de Bucaramanga - UNAB,15441-CONTADURIA PUBLICA,Masculino,2010-1,2023,Independiente,"Actividades profesionales, científicas y técnicas",1,1,,"100,0%",NaN
1823-Universidad Autónoma de Bucaramanga - UNAB,10363-ESPECIALIZACION EN EDUCACION CON NUEVAS TECNOLOGIAS,Femenino,2010-1,2016,Dependiente,Sin información,1,1,,"100,0%",$1.442.000
1823-Universidad Autónoma de Bucaramanga - UNAB,52419-MAESTRIA EN E-LEARNING,Femenino,2010-1,2012,Dependiente,Sin información,2,2,,"100,0%",$3.104.315
1823-Universidad Autónoma de Bucaramanga - UNAB,52419-MAESTRIA EN E-LEARNING,Femenino,2010-1,2013,Dependiente,Sin información,2,2,,"100,0%",$3.737.500
1823-Universidad Autónoma de Bucaramanga - UNAB,52419-MAESTRIA EN E-LEARNING,Femenino,2010-1,2014,Dependiente,Información y comunicaciones,2,2,,"100,0%",$3.802.500
1823-Universidad Autónoma de Bucaramanga - UNAB,52419-MAESTRIA EN E-LEARNING,Femenino,2010-1,2015,Dependiente,Administración pública y defensa; planes de seguridad social de afiliación obligatoria,1,1,,"100,0%",$5.393.000
1823-Universidad Autónoma de Bucaramanga - UNAB,52419-MAESTRIA EN E-LEARNING,Femenino,2010-1,2015,Dependiente,Información y comunicaciones,1,1,,"100,0%",$4.980.000
1823-Universidad Autónoma de Bucaramanga - UNAB,52419-MAESTRIA EN E-LEARNING,Femenino,2010-1,2016,Dependiente,Administración pública y defensa; planes de seguridad social de afiliación obligatoria,1,1,,"100,0%",$4.061.000
1823-Universidad Autónoma de Bucaramanga - UNAB,52419-MAESTRIA EN E-LEARNING,Femenino,2010-1,2016,Dependiente,Información y comunicaciones,1,1,,"100,0%",$5.369.000
1823-Universidad Autónoma de Bucaramanga - UNAB,52419-MAESTRIA EN E-LEARNING,Femenino,2010-1,2017,Dependiente,Actividades de servicios administrativos y de apoyo,1,1,,"100,0%",NaN
1823-Universidad Autónoma de Bucaramanga - UNAB,52419-MAESTRIA EN E-LEARNING,Femenino,2010-1,2017,Dependiente,Sin información,1,1,,"100,0%",NaN
1823-Universidad Autónoma de Bucaramanga - UNAB,52419-MAESTRIA EN E-LEARNING,Femenino,2010-1,2018,Dependiente,Actividades de servicios administrativos y de apoyo,1,1,,"100,0%",NaN
1823-Universidad Autónoma de Bucaramanga - UNAB,52419-MAESTRIA EN E-LEARNING,Femenino,2010-1,2018,Dependiente,Sin información,1,1,,"100,0%",NaN
1823-Universidad Autónoma de Bucaramanga - UNAB,52419-MAESTRIA EN E-LEARNING,Femenino,2010-1,2019,Dependiente,Actividades de servicios administrativos y de apoyo,1,1,,"100,0%",NaN
1823-Universidad Autónoma de Bucaramanga - UNAB,52419-MAESTRIA EN E-LEARNING,Femenino,2010-1,2019,Dependiente,Administración pública y defensa; planes de seguridad social de afiliación obligatoria,1,1,,"100,0%",NaN
1823-Universidad Autónoma de Bucaramanga - UNAB,52419-MAESTRIA EN E-LEARNING,Femenino,2010-1,2020,Dependiente,Actividades de servicios administrativos y de apoyo,1,1,,"100,0%",NaN
1823-Universidad Autónoma de Bucaramanga - UNAB,52419-MAESTRIA EN E-LEARNING,Femenino,2010-1,2020,Dependiente,Administración pública y defensa; planes de seguridad social de afiliación obligatoria,1,1,,"100,0%",NaN
1823-Universidad Autónoma de Bucaramanga - UNAB,52419-MAESTRIA EN E-LEARNING,Femenino,2010-1,2021,Dependiente,Actividades de servicios administrativos y de apoyo,1,1,,"100,0%",NaN
1823-Universidad Autónoma de Bucaramanga - UNAB,52419-MAESTRIA EN E-LEARNING,Femenino,2010-1,2021,Dependiente,Administración pública y defensa; planes de seguridad social de afiliación obligatoria,1,1,,"100,0%",NaN
1823-Universidad Autónoma de Bucaramanga - UNAB,52419-MAESTRIA EN E-LEARNING,Femenino,2010-1,2022,Dependiente,Actividades de servicios administrativos y de apoyo,1,1,,"100,0%",NaN
1823-Universidad Autónoma de Bucaramanga - UNAB,52419-MAESTRIA EN E-LEARNING,Femenino,2010-1,2022,Dependiente,Administración pública y defensa; planes de seguridad social de afiliación obligatoria,1,1,,"100,0%",NaN
1823-Universidad Autónoma de Bucaramanga - UNAB,52419-MAESTRIA EN E-LEARNING,Femenino,2010-1,2023,Dependiente,"Actividades profesionales, científicas y técnicas",1,1,,"100,0%",NaN
1823-Universidad Autónoma de Bucaramanga - UNAB,52419-MAESTRIA EN E-LEARNING,Femenino,2010-1,2023,Dependiente,Administración pública y defensa; planes de seguridad social de afiliación obligatoria,1,1,,"100,0%",NaN
1823-Universidad Autónoma de Bucaramanga - UNAB,52419-MAESTRIA EN E-LEARNING,Masculino,2010-1,2012,Dependiente,Sin información,2,2,,"100,0%",$5.597.000
1823-Universidad Autónoma de Bucaramanga - UNAB,52419-MAESTRIA EN E-LEARNING,Masculino,2010-1,2013,Dependiente,Sin información,2,2,,"100,0%",$4.704.000
1823-Universidad Autónoma de Bucaramanga - UNAB,52419-MAESTRIA EN E-LEARNING,Masculino,2010-1,2014,Dependiente,Administración pública y defensa; planes de seguridad social de afiliación obligatoria,1,1,,"100,0%",$4.423.000
1823-Universidad Autónoma de Bucaramanga - UNAB,52419-MAESTRIA EN E-LEARNING,Masculino,2010-1,2014,Dependiente,Educación,1,1,,"100,0%",$5.311.000
1823-Universidad Autónoma de Bucaramanga - UNAB,52419-MAESTRIA EN E-LEARNING,Masculino,2010-1,2015,Dependiente,Educación,1,1,,"100,0%",$5.692.000
1823-Universidad Autónoma de Bucaramanga - UNAB,52419-MAESTRIA EN E-LEARNING,Masculino,2010-1,2015,Dependiente,Información y comunicaciones,1,1,,"100,0%",$4.331.000
1823-Universidad Autónoma de Bucaramanga - UNAB,52419-MAESTRIA EN E-LEARNING,Masculino,2010-1,2016,Dependiente,"Actividades profesionales, científicas y técnicas",1,1,,"100,0%",$4.624.138
1823-Universidad Autónoma de Bucaramanga - UNAB,52419-MAESTRIA EN E-LEARNING,Masculino,2010-1,2016,Dependiente,Administración pública y defensa; planes de seguridad social de afiliación obligatoria,1,1,,"100,0%",$6.276.000
1823-Universidad Autónoma de Bucaramanga - UNAB,52419-MAESTRIA EN E-LEARNING,Masculino,2010-1,2017,Dependiente,Educación,2,2,,"100,0%",NaN
1823-Universidad Autónoma de Bucaramanga - UNAB,52419-MAESTRIA EN E-LEARNING,Masculino,2010-1,2018,Dependiente,"Actividades profesionales, científicas y técnicas",1,1,,"100,0%",NaN
1823-Universidad Autónoma de Bucaramanga - UNAB,52419-MAESTRIA EN E-LEARNING,Masculino,2010-1,2018,Dependiente,Educación,1,1,,"100,0%",NaN
1823-Universidad Autónoma de Bucaramanga - UNAB,52419-MAESTRIA EN E-LEARNING,Masculino,2010-1,2019,Dependiente,"Actividades profesionales, científicas y técnicas",1,1,,"100,0%",NaN
1823-Universidad Autónoma de Bucaramanga - UNAB,52419-MAESTRIA EN E-LEARNING,Masculino,2010-1,2019,Dependiente,Educación,1,1,,"100,0%",NaN
1823-Universidad Autónoma de Bucaramanga - UNAB,52419-MAESTRIA EN E-LEARNING,Masculino,2010-1,2020,Dependiente,"Actividades artísticas, de entretenimiento y recreación",1,1,,"100,0%",NaN
1823-Universidad Autónoma de Bucaramanga - UNAB,52419-MAESTRIA EN E-LEARNING,Masculino,2010-1,2020,Dependiente,Educación,1,1,,"100,0%",NaN
1823-Universidad Autónoma de Bucaramanga - UNAB,52419-MAESTRIA EN E-LEARNING,Masculino,2010-1,2021,Dependiente,Educación,1,1,,"100,0%",NaN
1823-Universidad Autónoma de Bucaramanga - UNAB,52419-MAESTRIA EN E-LEARNING,Masculino,2010-1,2021,No cotizante,Sin información,1,0,,"0,0%",NaN
1823-Universidad Autónoma de Bucaramanga - UNAB,52419-MAESTRIA EN E-LEARNING,Masculino,2010-1,2022,Dependiente,Educación,1,1,,"100,0%",NaN
1823-Universidad Autónoma de Bucaramanga - UNAB,52419-MAESTRIA EN E-LEARNING,Masculino,2010-1,2022,Independiente,"Actividades artísticas, de entretenimiento y recreación",1,1,,"100,0%",NaN
1823-Universidad Autónoma de Bucaramanga - UNAB,52419-MAESTRIA EN E-LEARNING,Masculino,2010-1,2023,Dependiente,Educación,1,1,,"100,0%",NaN
1823-Universidad Autónoma de Bucaramanga - UNAB,52419-MAESTRIA EN E-LEARNING,Masculino,2010-1,2023,Independiente,"Actividades artísticas, de entretenimiento y recreación",1,1,,"100,0%",NaN
1823-Universidad Autónoma de Bucaramanga - UNAB,20845-MAESTRIA EN SOFTWARE LIBRE,Masculino,2010-1,2017,Dependiente,"Actividades profesionales, científicas y técnicas",1,1,,"100,0%",NaN
1823-Universidad Autónoma de Bucaramanga - UNAB,20845-MAESTRIA EN SOFTWARE LIBRE,Masculino,2010-1,2017,Dependiente,Administración pública y defensa; planes de seguridad social de afiliación obligatoria,1,1,,"100,0%",NaN
1823-Universidad Autónoma de Bucaramanga - UNAB,20845-MAESTRIA EN SOFTWARE LIBRE,Masculino,2010-1,2017,Dependiente,Educación,4,4,,"100,0%",NaN
1823-Universidad Autónoma de Bucaramanga - UNAB,20845-MAESTRIA EN SOFTWARE LIBRE,Masculino,2010-1,2017,Dependiente,Sin información,1,1,,"100,0%",NaN
1823-Universidad Autónoma de Bucaramanga - UNAB,20845-MAESTRIA EN SOFTWARE LIBRE,Masculino,2010-1,2017,Independiente,Información y comunicaciones,1,1,,"100,0%",NaN
1823-Universidad Autónoma de Bucaramanga - UNAB,20845-MAESTRIA EN SOFTWARE LIBRE,Masculino,2010-1,2018,Dependiente,"Actividades profesionales, científicas y técnicas",1,1,,"100,0%",NaN
1823-Universidad Autónoma de Bucaramanga - UNAB,20845-MAESTRIA EN SOFTWARE LIBRE,Masculino,2010-1,2018,Dependiente,Educación,6,6,,"100,0%",NaN
1823-Universidad Autónoma de Bucaramanga - UNAB,20845-MAESTRIA EN SOFTWARE LIBRE,Masculino,2010-1,2018,Dependiente,Sin información,1,1,,"100,0%",NaN
1823-Universidad Autónoma de Bucaramanga - UNAB,20845-MAESTRIA EN SOFTWARE LIBRE,Masculino,2010-1,2019,Dependiente,"Actividades profesionales, científicas y técnicas",1,1,,"100,0%",NaN
1823-Universidad Autónoma de Bucaramanga - UNAB,20845-MAESTRIA EN SOFTWARE LIBRE,Masculino,2010-1,2019,Dependiente,Administración pública y defensa; planes de seguridad social de afiliación obligatoria,1,1,,"100,0%",NaN
1823-Universidad Autónoma de Bucaramanga - UNAB,20845-MAESTRIA EN SOFTWARE LIBRE,Masculino,2010-1,2019,Dependiente,Educación,6,6,,"100,0%",NaN
1823-Universidad Autónoma de Bucaramanga - UNAB,20845-MAESTRIA EN SOFTWARE LIBRE,Masculino,2010-1,2020,Dependiente,Actividades de servicios administrativos y de apoyo,1,1,,"100,0%",NaN
1823-Universidad Autónoma de Bucaramanga - UNAB,20845-MAESTRIA EN SOFTWARE LIBRE,Masculino,2010-1,2020,Dependiente,"Actividades profesionales, científicas y técnicas",1,1,,"100,0%",NaN
1823-Universidad Autónoma de Bucaramanga - UNAB,20845-MAESTRIA EN SOFTWARE LIBRE,Masculino,2010-1,2020,Dependiente,Administración pública y defensa; planes de seguridad social de afiliación obligatoria,1,1,,"100,0%",NaN
1823-Universidad Autónoma de Bucaramanga - UNAB,20845-MAESTRIA EN SOFTWARE LIBRE,Masculino,2010-1,2020,Dependiente,Comercio al por mayor y al por menor; reparación de vehículos automotores y motocicletas,1,1,,"100,0%",NaN
1823-Universidad Autónoma de Bucaramanga - UNAB,20845-MAESTRIA EN SOFTWARE LIBRE,Masculino,2010-1,2020,Dependiente,Educación,4,4,,"100,0%",NaN
1823-Universidad Autónoma de Bucaramanga - UNAB,20845-MAESTRIA EN SOFTWARE LIBRE,Masculino,2010-1,2021,Dependiente,"Actividades profesionales, científicas y técnicas",2,2,,"100,0%",NaN
1823-Universidad Autónoma de Bucaramanga - UNAB,20845-MAESTRIA EN SOFTWARE LIBRE,Masculino,2010-1,2021,Dependiente,Administración pública y defensa; planes de seguridad social de afiliación obligatoria,1,1,,"100,0%",NaN
1823-Universidad Autónoma de Bucaramanga - UNAB,20845-MAESTRIA EN SOFTWARE LIBRE,Masculino,2010-1,2021,Dependiente,Educación,4,4,,"100,0%",NaN
1823-Universidad Autónoma de Bucaramanga - UNAB,20845-MAESTRIA EN SOFTWARE LIBRE,Masculino,2010-1,2021,Dependiente,Información y comunicaciones,1,1,,"100,0%",NaN
1823-Universidad Autónoma de Bucaramanga - UNAB,20845-MAESTRIA EN SOFTWARE LIBRE,Masculino,2010-1,2022,Dependiente,"Actividades profesionales, científicas y técnicas",1,1,,"100,0%",NaN
1823-Universidad Autónoma de Bucaramanga - UNAB,20845-MAESTRIA EN SOFTWARE LIBRE,Masculino,2010-1,2022,Dependiente,Administración pública y defensa; planes de seguridad social de afiliación obligatoria,1,1,,"100,0%",NaN
1823-Universidad Autónoma de Bucaramanga - UNAB,20845-MAESTRIA EN SOFTWARE LIBRE,Masculino,2010-1,2022,Dependiente,Educación,4,4,,"100,0%",NaN
1823-Universidad Autónoma de Bucaramanga - UNAB,20845-MAESTRIA EN SOFTWARE LIBRE,Masculino,2010-1,2022,Dependiente,Información y comunicaciones,2,2,,"100,0%",NaN
1823-Universidad Autónoma de Bucaramanga - UNAB,20845-MAESTRIA EN SOFTWARE LIBRE,Masculino,2010-1,2023,Dependiente,Actividades de servicios administrativos y de apoyo,1,1,,"100,0%",NaN
1823-Universidad Autónoma de Bucaramanga - UNAB,20845-MAESTRIA EN SOFTWARE LIBRE,Masculino,2010-1,2023,Dependiente,Administración pública y defensa; planes de seguridad social de afiliación obligatoria,2,2,,"100,0%",NaN
1823-Universidad Autónoma de Bucaramanga - UNAB,20845-MAESTRIA EN SOFTWARE LIBRE,Masculino,2010-1,2023,Dependiente,Educación,3,3,,"100,0%",NaN
1823-Universidad Autónoma de Bucaramanga - UNAB,20845-MAESTRIA EN SOFTWARE LIBRE,Masculino,2010-1,2023,Dependiente,Información y comunicaciones,2,2,,"100,0%",NaN
1719-Universidad Católica de Colombia,55037-ESPECIALIZACION EN INVESTIGACION CRIMINAL  Y JUZGAMIENTO EN EL SISTEMA PENAL ACUSATORIO,Femenino,2010-1,2017,Dependiente,"Actividades artísticas, de entretenimiento y recreación",1,1,,"100,0%",NaN
1719-Universidad Católica de Colombia,55037-ESPECIALIZACION EN INVESTIGACION CRIMINAL  Y JUZGAMIENTO EN EL SISTEMA PENAL ACUSATORIO,Femenino,2010-1,2017,Dependiente,Actividades de los hogares individuales en calidad de empleadores; actividades no diferenciadas de los hogares individuales como productores de bienes y servicios para uso propio,1,1,,"100,0%",NaN
1719-Universidad Católica de Colombia,55037-ESPECIALIZACION EN INVESTIGACION CRIMINAL  Y JUZGAMIENTO EN EL SISTEMA PENAL ACUSATORIO,Femenino,2010-1,2017,Dependiente,Actividades de servicios administrativos y de apoyo,3,3,,"100,0%",NaN
1719-Universidad Católica de Colombia,55037-ESPECIALIZACION EN INVESTIGACION CRIMINAL  Y JUZGAMIENTO EN EL SISTEMA PENAL ACUSATORIO,Femenino,2010-1,2017,Dependiente,Actividades financieras y de seguros,1,1,,"100,0%",NaN
1719-Universidad Católica de Colombia,55037-ESPECIALIZACION EN INVESTIGACION CRIMINAL  Y JUZGAMIENTO EN EL SISTEMA PENAL ACUSATORIO,Femenino,2010-1,2017,Dependiente,"Actividades profesionales, científicas y técnicas",22,22,,"100,0%",NaN
1719-Universidad Católica de Colombia,55037-ESPECIALIZACION EN INVESTIGACION CRIMINAL  Y JUZGAMIENTO EN EL SISTEMA PENAL ACUSATORIO,Femenino,2010-1,2017,Dependiente,Administración pública y defensa; planes de seguridad social de afiliación obligatoria,10,10,,"100,0%",NaN
1719-Universidad Católica de Colombia,55037-ESPECIALIZACION EN INVESTIGACION CRIMINAL  Y JUZGAMIENTO EN EL SISTEMA PENAL ACUSATORIO,Femenino,2010-1,2017,Dependiente,Educación,5,5,,"100,0%",NaN
1719-Universidad Católica de Colombia,55037-ESPECIALIZACION EN INVESTIGACION CRIMINAL  Y JUZGAMIENTO EN EL SISTEMA PENAL ACUSATORIO,Femenino,2010-1,2017,Dependiente,Sin información,2,2,,"100,0%",NaN
1719-Universidad Católica de Colombia,55037-ESPECIALIZACION EN INVESTIGACION CRIMINAL  Y JUZGAMIENTO EN EL SISTEMA PENAL ACUSATORIO,Femenino,2010-1,2017,Independiente,"Actividades profesionales, científicas y técnicas",34,34,,"100,0%",NaN
1719-Universidad Católica de Colombia,55037-ESPECIALIZACION EN INVESTIGACION CRIMINAL  Y JUZGAMIENTO EN EL SISTEMA PENAL ACUSATORIO,Femenino,2010-1,2017,Independiente,Administración pública y defensa; planes de seguridad social de afiliación obligatoria,11,11,,"100,0%",NaN
1719-Universidad Católica de Colombia,55037-ESPECIALIZACION EN INVESTIGACION CRIMINAL  Y JUZGAMIENTO EN EL SISTEMA PENAL ACUSATORIO,Femenino,2010-1,2017,Independiente,Comercio al por mayor y al por menor; reparación de vehículos automotores y motocicletas,1,1,,"100,0%",NaN
1719-Universidad Católica de Colombia,55037-ESPECIALIZACION EN INVESTIGACION CRIMINAL  Y JUZGAMIENTO EN EL SISTEMA PENAL ACUSATORIO,Femenino,2010-1,2017,Independiente,Otras actividades de servicios,1,1,,"100,0%",NaN
1719-Universidad Católica de Colombia,55037-ESPECIALIZACION EN INVESTIGACION CRIMINAL  Y JUZGAMIENTO EN EL SISTEMA PENAL ACUSATORIO,Femenino,2010-1,2017,Independiente,Sin información,11,11,,"100,0%",NaN
1719-Universidad Católica de Colombia,55037-ESPECIALIZACION EN INVESTIGACION CRIMINAL  Y JUZGAMIENTO EN EL SISTEMA PENAL ACUSATORIO,Femenino,2010-1,2017,No cotizante,Sin información,5,0,,"0,0%",NaN
1719-Universidad Católica de Colombia,55037-ESPECIALIZACION EN INVESTIGACION CRIMINAL  Y JUZGAMIENTO EN EL SISTEMA PENAL ACUSATORIO,Femenino,2010-1,2018,Dependiente,Actividades de los hogares individuales en calidad de empleadores; actividades no diferenciadas de los hogares individuales como productores de bienes y servicios para uso propio,1,1,,"100,0%",NaN
1719-Universidad Católica de Colombia,55037-ESPECIALIZACION EN INVESTIGACION CRIMINAL  Y JUZGAMIENTO EN EL SISTEMA PENAL ACUSATORIO,Femenino,2010-1,2018,Dependiente,Actividades de servicios administrativos y de apoyo,2,2,,"100,0%",NaN
1719-Universidad Católica de Colombia,55037-ESPECIALIZACION EN INVESTIGACION CRIMINAL  Y JUZGAMIENTO EN EL SISTEMA PENAL ACUSATORIO,Femenino,2010-1,2018,Dependiente,Actividades financieras y de seguros,1,1,,"100,0%",NaN
1719-Universidad Católica de Colombia,55037-ESPECIALIZACION EN INVESTIGACION CRIMINAL  Y JUZGAMIENTO EN EL SISTEMA PENAL ACUSATORIO,Femenino,2010-1,2018,Dependiente,"Actividades profesionales, científicas y técnicas",20,20,,"100,0%",NaN
1719-Universidad Católica de Colombia,55037-ESPECIALIZACION EN INVESTIGACION CRIMINAL  Y JUZGAMIENTO EN EL SISTEMA PENAL ACUSATORIO,Femenino,2010-1,2018,Dependiente,Administración pública y defensa; planes de seguridad social de afiliación obligatoria,9,9,,"100,0%",NaN
1719-Universidad Católica de Colombia,55037-ESPECIALIZACION EN INVESTIGACION CRIMINAL  Y JUZGAMIENTO EN EL SISTEMA PENAL ACUSATORIO,Femenino,2010-1,2018,Dependiente,Educación,5,5,,"100,0%",NaN
1719-Universidad Católica de Colombia,55037-ESPECIALIZACION EN INVESTIGACION CRIMINAL  Y JUZGAMIENTO EN EL SISTEMA PENAL ACUSATORIO,Femenino,2010-1,2018,Dependiente,Sin información,4,4,,"100,0%",NaN
1719-Universidad Católica de Colombia,55037-ESPECIALIZACION EN INVESTIGACION CRIMINAL  Y JUZGAMIENTO EN EL SISTEMA PENAL ACUSATORIO,Femenino,2010-1,2018,Dependiente,Transporte y almacenamiento,1,1,,"100,0%",NaN
1719-Universidad Católica de Colombia,55037-ESPECIALIZACION EN INVESTIGACION CRIMINAL  Y JUZGAMIENTO EN EL SISTEMA PENAL ACUSATORIO,Femenino,2010-1,2018,Independiente,"Actividades profesionales, científicas y técnicas",32,32,,"100,0%",NaN
1719-Universidad Católica de Colombia,55037-ESPECIALIZACION EN INVESTIGACION CRIMINAL  Y JUZGAMIENTO EN EL SISTEMA PENAL ACUSATORIO,Femenino,2010-1,2018,Independiente,Administración pública y defensa; planes de seguridad social de afiliación obligatoria,12,12,,"100,0%",NaN
1719-Universidad Católica de Colombia,55037-ESPECIALIZACION EN INVESTIGACION CRIMINAL  Y JUZGAMIENTO EN EL SISTEMA PENAL ACUSATORIO,Femenino,2010-1,2018,Independiente,Comercio al por mayor y al por menor; reparación de vehículos automotores y motocicletas,1,1,,"100,0%",NaN
1719-Universidad Católica de Colombia,55037-ESPECIALIZACION EN INVESTIGACION CRIMINAL  Y JUZGAMIENTO EN EL SISTEMA PENAL ACUSATORIO,Femenino,2010-1,2018,Independiente,Otras actividades de servicios,2,2,,"100,0%",NaN
1719-Universidad Católica de Colombia,55037-ESPECIALIZACION EN INVESTIGACION CRIMINAL  Y JUZGAMIENTO EN EL SISTEMA PENAL ACUSATORIO,Femenino,2010-1,2018,Independiente,Sin información,8,8,,"100,0%",NaN
1719-Universidad Católica de Colombia,55037-ESPECIALIZACION EN INVESTIGACION CRIMINAL  Y JUZGAMIENTO EN EL SISTEMA PENAL ACUSATORIO,Femenino,2010-1,2018,No cotizante,Sin información,5,0,,"0,0%",NaN
1719-Universidad Católica de Colombia,55037-ESPECIALIZACION EN INVESTIGACION CRIMINAL  Y JUZGAMIENTO EN EL SISTEMA PENAL ACUSATORIO,Femenino,2010-1,2019,Dependiente,Actividades de los hogares individuales en calidad de empleadores; actividades no diferenciadas de los hogares individuales como productores de bienes y servicios para uso propio,1,1,,"100,0%",NaN
1719-Universidad Católica de Colombia,55037-ESPECIALIZACION EN INVESTIGACION CRIMINAL  Y JUZGAMIENTO EN EL SISTEMA PENAL ACUSATORIO,Femenino,2010-1,2019,Dependiente,Actividades de servicios administrativos y de apoyo,2,2,,"100,0%",NaN
1719-Universidad Católica de Colombia,55037-ESPECIALIZACION EN INVESTIGACION CRIMINAL  Y JUZGAMIENTO EN EL SISTEMA PENAL ACUSATORIO,Femenino,2010-1,2019,Dependiente,Actividades financieras y de seguros,1,1,,"100,0%",NaN
1719-Universidad Católica de Colombia,55037-ESPECIALIZACION EN INVESTIGACION CRIMINAL  Y JUZGAMIENTO EN EL SISTEMA PENAL ACUSATORIO,Femenino,2010-1,2019,Dependiente,"Actividades profesionales, científicas y técnicas",18,18,,"100,0%",NaN
1719-Universidad Católica de Colombia,55037-ESPECIALIZACION EN INVESTIGACION CRIMINAL  Y JUZGAMIENTO EN EL SISTEMA PENAL ACUSATORIO,Femenino,2010-1,2019,Dependiente,Administración pública y defensa; planes de seguridad social de afiliación obligatoria,11,11,,"100,0%",NaN
1719-Universidad Católica de Colombia,55037-ESPECIALIZACION EN INVESTIGACION CRIMINAL  Y JUZGAMIENTO EN EL SISTEMA PENAL ACUSATORIO,Femenino,2010-1,2019,Dependiente,Educación,4,4,,"100,0%",NaN
1719-Universidad Católica de Colombia,55037-ESPECIALIZACION EN INVESTIGACION CRIMINAL  Y JUZGAMIENTO EN EL SISTEMA PENAL ACUSATORIO,Femenino,2010-1,2019,Dependiente,Sin información,1,1,,"100,0%",NaN
1719-Universidad Católica de Colombia,55037-ESPECIALIZACION EN INVESTIGACION CRIMINAL  Y JUZGAMIENTO EN EL SISTEMA PENAL ACUSATORIO,Femenino,2010-1,2019,Independiente,"Actividades profesionales, científicas y técnicas",30,30,,"100,0%",NaN
1719-Universidad Católica de Colombia,55037-ESPECIALIZACION EN INVESTIGACION CRIMINAL  Y JUZGAMIENTO EN EL SISTEMA PENAL ACUSATORIO,Femenino,2010-1,2019,Independiente,Administración pública y defensa; planes de seguridad social de afiliación obligatoria,16,16,,"100,0%",NaN
1719-Universidad Católica de Colombia,55037-ESPECIALIZACION EN INVESTIGACION CRIMINAL  Y JUZGAMIENTO EN EL SISTEMA PENAL ACUSATORIO,Femenino,2010-1,2019,Independiente,Comercio al por mayor y al por menor; reparación de vehículos automotores y motocicletas,1,1,,"100,0%",NaN
1719-Universidad Católica de Colombia,55037-ESPECIALIZACION EN INVESTIGACION CRIMINAL  Y JUZGAMIENTO EN EL SISTEMA PENAL ACUSATORIO,Femenino,2010-1,2019,Independiente,Otras actividades de servicios,3,3,,"100,0%",NaN
1719-Universidad Católica de Colombia,55037-ESPECIALIZACION EN INVESTIGACION CRIMINAL  Y JUZGAMIENTO EN EL SISTEMA PENAL ACUSATORIO,Femenino,2010-1,2019,Independiente,Sin información,6,6,,"100,0%",NaN
1719-Universidad Católica de Colombia,55037-ESPECIALIZACION EN INVESTIGACION CRIMINAL  Y JUZGAMIENTO EN EL SISTEMA PENAL ACUSATORIO,Femenino,2010-1,2019,No cotizante,Sin información,7,0,,"0,0%",NaN
1719-Universidad Católica de Colombia,55037-ESPECIALIZACION EN INVESTIGACION CRIMINAL  Y JUZGAMIENTO EN EL SISTEMA PENAL ACUSATORIO,Femenino,2010-1,2020,Dependiente,Actividades de los hogares individuales en calidad de empleadores; actividades no diferenciadas de los hogares individuales como productores de bienes y servicios para uso propio,1,1,,"100,0%",NaN
1719-Universidad Católica de Colombia,55037-ESPECIALIZACION EN INVESTIGACION CRIMINAL  Y JUZGAMIENTO EN EL SISTEMA PENAL ACUSATORIO,Femenino,2010-1,2020,Dependiente,Actividades de servicios administrativos y de apoyo,2,2,,"100,0%",NaN
1719-Universidad Católica de Colombia,55037-ESPECIALIZACION EN INVESTIGACION CRIMINAL  Y JUZGAMIENTO EN EL SISTEMA PENAL ACUSATORIO,Femenino,2010-1,2020,Dependiente,"Actividades profesionales, científicas y técnicas",22,22,,"100,0%",NaN
1719-Universidad Católica de Colombia,55037-ESPECIALIZACION EN INVESTIGACION CRIMINAL  Y JUZGAMIENTO EN EL SISTEMA PENAL ACUSATORIO,Femenino,2010-1,2020,Dependiente,Administración pública y defensa; planes de seguridad social de afiliación obligatoria,8,8,,"100,0%",NaN
1719-Universidad Católica de Colombia,55037-ESPECIALIZACION EN INVESTIGACION CRIMINAL  Y JUZGAMIENTO EN EL SISTEMA PENAL ACUSATORIO,Femenino,2010-1,2020,Dependiente,Educación,4,4,,"100,0%",NaN
1719-Universidad Católica de Colombia,55037-ESPECIALIZACION EN INVESTIGACION CRIMINAL  Y JUZGAMIENTO EN EL SISTEMA PENAL ACUSATORIO,Femenino,2010-1,2020,Independiente,Actividades de servicios administrativos y de apoyo,4,4,,"100,0%",NaN
1719-Universidad Católica de Colombia,55037-ESPECIALIZACION EN INVESTIGACION CRIMINAL  Y JUZGAMIENTO EN EL SISTEMA PENAL ACUSATORIO,Femenino,2010-1,2020,Independiente,"Actividades profesionales, científicas y técnicas",28,28,,"100,0%",NaN
1719-Universidad Católica de Colombia,55037-ESPECIALIZACION EN INVESTIGACION CRIMINAL  Y JUZGAMIENTO EN EL SISTEMA PENAL ACUSATORIO,Femenino,2010-1,2020,Independiente,Administración pública y defensa; planes de seguridad social de afiliación obligatoria,16,16,,"100,0%",NaN
1719-Universidad Católica de Colombia,55037-ESPECIALIZACION EN INVESTIGACION CRIMINAL  Y JUZGAMIENTO EN EL SISTEMA PENAL ACUSATORIO,Femenino,2010-1,2020,Independiente,Comercio al por mayor y al por menor; reparación de vehículos automotores y motocicletas,1,1,,"100,0%",NaN
1719-Universidad Católica de Colombia,55037-ESPECIALIZACION EN INVESTIGACION CRIMINAL  Y JUZGAMIENTO EN EL SISTEMA PENAL ACUSATORIO,Femenino,2010-1,2020,Independiente,Otras actividades de servicios,4,4,,"100,0%",NaN
1719-Universidad Católica de Colombia,55037-ESPECIALIZACION EN INVESTIGACION CRIMINAL  Y JUZGAMIENTO EN EL SISTEMA PENAL ACUSATORIO,Femenino,2010-1,2020,No cotizante,Sin información,11,0,,"0,0%",NaN
1719-Universidad Católica de Colombia,55037-ESPECIALIZACION EN INVESTIGACION CRIMINAL  Y JUZGAMIENTO EN EL SISTEMA PENAL ACUSATORIO,Femenino,2010-1,2021,Dependiente,Actividades de servicios administrativos y de apoyo,1,1,,"100,0%",NaN
1719-Universidad Católica de Colombia,55037-ESPECIALIZACION EN INVESTIGACION CRIMINAL  Y JUZGAMIENTO EN EL SISTEMA PENAL ACUSATORIO,Femenino,2010-1,2021,Dependiente,"Actividades profesionales, científicas y técnicas",23,23,,"100,0%",NaN
1719-Universidad Católica de Colombia,55037-ESPECIALIZACION EN INVESTIGACION CRIMINAL  Y JUZGAMIENTO EN EL SISTEMA PENAL ACUSATORIO,Femenino,2010-1,2021,Dependiente,Administración pública y defensa; planes de seguridad social de afiliación obligatoria,9,9,,"100,0%",NaN
1719-Universidad Católica de Colombia,55037-ESPECIALIZACION EN INVESTIGACION CRIMINAL  Y JUZGAMIENTO EN EL SISTEMA PENAL ACUSATORIO,Femenino,2010-1,2021,Dependiente,Educación,4,4,,"100,0%",NaN
1719-Universidad Católica de Colombia,55037-ESPECIALIZACION EN INVESTIGACION CRIMINAL  Y JUZGAMIENTO EN EL SISTEMA PENAL ACUSATORIO,Femenino,2010-1,2021,Independiente,Actividades de servicios administrativos y de apoyo,4,4,,"100,0%",NaN
1719-Universidad Católica de Colombia,55037-ESPECIALIZACION EN INVESTIGACION CRIMINAL  Y JUZGAMIENTO EN EL SISTEMA PENAL ACUSATORIO,Femenino,2010-1,2021,Independiente,"Actividades profesionales, científicas y técnicas",31,31,,"100,0%",NaN
1719-Universidad Católica de Colombia,55037-ESPECIALIZACION EN INVESTIGACION CRIMINAL  Y JUZGAMIENTO EN EL SISTEMA PENAL ACUSATORIO,Femenino,2010-1,2021,Independiente,Administración pública y defensa; planes de seguridad social de afiliación obligatoria,17,17,,"100,0%",NaN
1719-Universidad Católica de Colombia,55037-ESPECIALIZACION EN INVESTIGACION CRIMINAL  Y JUZGAMIENTO EN EL SISTEMA PENAL ACUSATORIO,Femenino,2010-1,2021,Independiente,Comercio al por mayor y al por menor; reparación de vehículos automotores y motocicletas,2,2,,"100,0%",NaN
1719-Universidad Católica de Colombia,55037-ESPECIALIZACION EN INVESTIGACION CRIMINAL  Y JUZGAMIENTO EN EL SISTEMA PENAL ACUSATORIO,Femenino,2010-1,2021,Independiente,Otras actividades de servicios,3,3,,"100,0%",NaN
1719-Universidad Católica de Colombia,55037-ESPECIALIZACION EN INVESTIGACION CRIMINAL  Y JUZGAMIENTO EN EL SISTEMA PENAL ACUSATORIO,Femenino,2010-1,2021,No cotizante,Sin información,11,0,,"0,0%",NaN
1719-Universidad Católica de Colombia,55037-ESPECIALIZACION EN INVESTIGACION CRIMINAL  Y JUZGAMIENTO EN EL SISTEMA PENAL ACUSATORIO,Femenino,2010-1,2022,Dependiente,Actividades de servicios administrativos y de apoyo,1,1,,"100,0%",NaN
1719-Universidad Católica de Colombia,55037-ESPECIALIZACION EN INVESTIGACION CRIMINAL  Y JUZGAMIENTO EN EL SISTEMA PENAL ACUSATORIO,Femenino,2010-1,2022,Dependiente,"Actividades profesionales, científicas y técnicas",21,21,,"100,0%",NaN
1719-Universidad Católica de Colombia,55037-ESPECIALIZACION EN INVESTIGACION CRIMINAL  Y JUZGAMIENTO EN EL SISTEMA PENAL ACUSATORIO,Femenino,2010-1,2022,Dependiente,Administración pública y defensa; planes de seguridad social de afiliación obligatoria,9,9,,"100,0%",NaN
1719-Universidad Católica de Colombia,55037-ESPECIALIZACION EN INVESTIGACION CRIMINAL  Y JUZGAMIENTO EN EL SISTEMA PENAL ACUSATORIO,Femenino,2010-1,2022,Dependiente,Educación,4,4,,"100,0%",NaN
1719-Universidad Católica de Colombia,55037-ESPECIALIZACION EN INVESTIGACION CRIMINAL  Y JUZGAMIENTO EN EL SISTEMA PENAL ACUSATORIO,Femenino,2010-1,2022,Independiente,Actividades de servicios administrativos y de apoyo,3,3,,"100,0%",NaN
1719-Universidad Católica de Colombia,55037-ESPECIALIZACION EN INVESTIGACION CRIMINAL  Y JUZGAMIENTO EN EL SISTEMA PENAL ACUSATORIO,Femenino,2010-1,2022,Independiente,"Actividades profesionales, científicas y técnicas",33,33,,"100,0%",NaN
1719-Universidad Católica de Colombia,55037-ESPECIALIZACION EN INVESTIGACION CRIMINAL  Y JUZGAMIENTO EN EL SISTEMA PENAL ACUSATORIO,Femenino,2010-1,2022,Independiente,Administración pública y defensa; planes de seguridad social de afiliación obligatoria,14,14,,"100,0%",NaN
1719-Universidad Católica de Colombia,55037-ESPECIALIZACION EN INVESTIGACION CRIMINAL  Y JUZGAMIENTO EN EL SISTEMA PENAL ACUSATORIO,Femenino,2010-1,2022,Independiente,Comercio al por mayor y al por menor; reparación de vehículos automotores y motocicletas,1,1,,"100,0%",NaN
1719-Universidad Católica de Colombia,55037-ESPECIALIZACION EN INVESTIGACION CRIMINAL  Y JUZGAMIENTO EN EL SISTEMA PENAL ACUSATORIO,Femenino,2010-1,2022,Independiente,Otras actividades de servicios,3,3,,"100,0%",NaN
1719-Universidad Católica de Colombia,55037-ESPECIALIZACION EN INVESTIGACION CRIMINAL  Y JUZGAMIENTO EN EL SISTEMA PENAL ACUSATORIO,Femenino,2010-1,2022,No cotizante,SIN DATO,15,0,,"0,0%",NaN
1719-Universidad Católica de Colombia,55037-ESPECIALIZACION EN INVESTIGACION CRIMINAL  Y JUZGAMIENTO EN EL SISTEMA PENAL ACUSATORIO,Femenino,2010-1,2023,Dependiente,"Actividades profesionales, científicas y técnicas",7,7,,"100,0%",NaN
1719-Universidad Católica de Colombia,55037-ESPECIALIZACION EN INVESTIGACION CRIMINAL  Y JUZGAMIENTO EN EL SISTEMA PENAL ACUSATORIO,Femenino,2010-1,2023,Dependiente,Administración pública y defensa; planes de seguridad social de afiliación obligatoria,22,22,,"100,0%",NaN
1719-Universidad Católica de Colombia,55037-ESPECIALIZACION EN INVESTIGACION CRIMINAL  Y JUZGAMIENTO EN EL SISTEMA PENAL ACUSATORIO,Femenino,2010-1,2023,Dependiente,Educación,3,3,,"100,0%",NaN
1719-Universidad Católica de Colombia,55037-ESPECIALIZACION EN INVESTIGACION CRIMINAL  Y JUZGAMIENTO EN EL SISTEMA PENAL ACUSATORIO,Femenino,2010-1,2023,Independiente,Actividades de servicios administrativos y de apoyo,2,2,,"100,0%",NaN
1719-Universidad Católica de Colombia,55037-ESPECIALIZACION EN INVESTIGACION CRIMINAL  Y JUZGAMIENTO EN EL SISTEMA PENAL ACUSATORIO,Femenino,2010-1,2023,Independiente,"Actividades profesionales, científicas y técnicas",32,32,,"100,0%",NaN
1719-Universidad Católica de Colombia,55037-ESPECIALIZACION EN INVESTIGACION CRIMINAL  Y JUZGAMIENTO EN EL SISTEMA PENAL ACUSATORIO,Femenino,2010-1,2023,Independiente,Administración pública y defensa; planes de seguridad social de afiliación obligatoria,14,14,,"100,0%",NaN
1719-Universidad Católica de Colombia,55037-ESPECIALIZACION EN INVESTIGACION CRIMINAL  Y JUZGAMIENTO EN EL SISTEMA PENAL ACUSATORIO,Femenino,2010-1,2023,Independiente,Comercio al por mayor y al por menor; reparación de vehículos automotores y motocicletas,1,1,,"100,0%",NaN
1719-Universidad Católica de Colombia,55037-ESPECIALIZACION EN INVESTIGACION CRIMINAL  Y JUZGAMIENTO EN EL SISTEMA PENAL ACUSATORIO,Femenino,2010-1,2023,Independiente,Otras actividades de servicios,2,2,,"100,0%",NaN
1719-Universidad Católica de Colombia,55037-ESPECIALIZACION EN INVESTIGACION CRIMINAL  Y JUZGAMIENTO EN EL SISTEMA PENAL ACUSATORIO,Femenino,2010-1,2023,No cotizante,SIN DATO,18,0,,"0,0%",NaN
1719-Universidad Católica de Colombia,55037-ESPECIALIZACION EN INVESTIGACION CRIMINAL  Y JUZGAMIENTO EN EL SISTEMA PENAL ACUSATORIO,Masculino,2010-1,2017,Dependiente,Actividades de servicios administrativos y de apoyo,4,4,,"100,0%",NaN
1719-Universidad Católica de Colombia,55037-ESPECIALIZACION EN INVESTIGACION CRIMINAL  Y JUZGAMIENTO EN EL SISTEMA PENAL ACUSATORIO,Masculino,2010-1,2017,Dependiente,"Actividades profesionales, científicas y técnicas",28,28,,"100,0%",NaN
1719-Universidad Católica de Colombia,55037-ESPECIALIZACION EN INVESTIGACION CRIMINAL  Y JUZGAMIENTO EN EL SISTEMA PENAL ACUSATORIO,Masculino,2010-1,2017,Dependiente,Administración pública y defensa; planes de seguridad social de afiliación obligatoria,9,9,,"100,0%",NaN
1719-Universidad Católica de Colombia,55037-ESPECIALIZACION EN INVESTIGACION CRIMINAL  Y JUZGAMIENTO EN EL SISTEMA PENAL ACUSATORIO,Masculino,2010-1,2017,Dependiente,Educación,6,6,,"100,0%",NaN
1719-Universidad Católica de Colombia,55037-ESPECIALIZACION EN INVESTIGACION CRIMINAL  Y JUZGAMIENTO EN EL SISTEMA PENAL ACUSATORIO,Masculino,2010-1,2017,Dependiente,Sin información,1,1,,"100,0%",NaN
1719-Universidad Católica de Colombia,55037-ESPECIALIZACION EN INVESTIGACION CRIMINAL  Y JUZGAMIENTO EN EL SISTEMA PENAL ACUSATORIO,Masculino,2010-1,2017,Independiente,Actividades de servicios administrativos y de apoyo,1,1,,"100,0%",NaN
1719-Universidad Católica de Colombia,55037-ESPECIALIZACION EN INVESTIGACION CRIMINAL  Y JUZGAMIENTO EN EL SISTEMA PENAL ACUSATORIO,Masculino,2010-1,2017,Independiente,"Actividades profesionales, científicas y técnicas",61,61,,"100,0%",NaN
1719-Universidad Católica de Colombia,55037-ESPECIALIZACION EN INVESTIGACION CRIMINAL  Y JUZGAMIENTO EN EL SISTEMA PENAL ACUSATORIO,Masculino,2010-1,2017,Independiente,Administración pública y defensa; planes de seguridad social de afiliación obligatoria,17,17,,"100,0%",NaN
1719-Universidad Católica de Colombia,55037-ESPECIALIZACION EN INVESTIGACION CRIMINAL  Y JUZGAMIENTO EN EL SISTEMA PENAL ACUSATORIO,Masculino,2010-1,2017,Independiente,"Agricultura, ganadería, caza, silvicultura y pesca",1,1,,"100,0%",NaN
1719-Universidad Católica de Colombia,55037-ESPECIALIZACION EN INVESTIGACION CRIMINAL  Y JUZGAMIENTO EN EL SISTEMA PENAL ACUSATORIO,Masculino,2010-1,2017,Independiente,Comercio al por mayor y al por menor; reparación de vehículos automotores y motocicletas,1,1,,"100,0%",NaN
1719-Universidad Católica de Colombia,55037-ESPECIALIZACION EN INVESTIGACION CRIMINAL  Y JUZGAMIENTO EN EL SISTEMA PENAL ACUSATORIO,Masculino,2010-1,2017,Independiente,Educación,1,1,,"100,0%",NaN
1719-Universidad Católica de Colombia,55037-ESPECIALIZACION EN INVESTIGACION CRIMINAL  Y JUZGAMIENTO EN EL SISTEMA PENAL ACUSATORIO,Masculino,2010-1,2017,Independiente,Información y comunicaciones,2,2,,"100,0%",NaN
1719-Universidad Católica de Colombia,55037-ESPECIALIZACION EN INVESTIGACION CRIMINAL  Y JUZGAMIENTO EN EL SISTEMA PENAL ACUSATORIO,Masculino,2010-1,2017,Independiente,Otras actividades de servicios,9,9,,"100,0%",NaN
1719-Universidad Católica de Colombia,55037-ESPECIALIZACION EN INVESTIGACION CRIMINAL  Y JUZGAMIENTO EN EL SISTEMA PENAL ACUSATORIO,Masculino,2010-1,2017,Independiente,Sin información,36,36,,"100,0%",NaN
1719-Universidad Católica de Colombia,55037-ESPECIALIZACION EN INVESTIGACION CRIMINAL  Y JUZGAMIENTO EN EL SISTEMA PENAL ACUSATORIO,Masculino,2010-1,2017,No cotizante,Sin información,10,0,,"0,0%",NaN
1719-Universidad Católica de Colombia,55037-ESPECIALIZACION EN INVESTIGACION CRIMINAL  Y JUZGAMIENTO EN EL SISTEMA PENAL ACUSATORIO,Masculino,2010-1,2018,Dependiente,Actividades de servicios administrativos y de apoyo,4,4,,"100,0%",NaN
1719-Universidad Católica de Colombia,55037-ESPECIALIZACION EN INVESTIGACION CRIMINAL  Y JUZGAMIENTO EN EL SISTEMA PENAL ACUSATORIO,Masculino,2010-1,2018,Dependiente,"Actividades profesionales, científicas y técnicas",28,28,,"100,0%",NaN
1719-Universidad Católica de Colombia,55037-ESPECIALIZACION EN INVESTIGACION CRIMINAL  Y JUZGAMIENTO EN EL SISTEMA PENAL ACUSATORIO,Masculino,2010-1,2018,Dependiente,Administración pública y defensa; planes de seguridad social de afiliación obligatoria,8,8,,"100,0%",NaN
1719-Universidad Católica de Colombia,55037-ESPECIALIZACION EN INVESTIGACION CRIMINAL  Y JUZGAMIENTO EN EL SISTEMA PENAL ACUSATORIO,Masculino,2010-1,2018,Dependiente,Educación,8,8,,"100,0%",NaN
1719-Universidad Católica de Colombia,55037-ESPECIALIZACION EN INVESTIGACION CRIMINAL  Y JUZGAMIENTO EN EL SISTEMA PENAL ACUSATORIO,Masculino,2010-1,2018,Dependiente,Sin información,1,1,,"100,0%",NaN
1719-Universidad Católica de Colombia,55037-ESPECIALIZACION EN INVESTIGACION CRIMINAL  Y JUZGAMIENTO EN EL SISTEMA PENAL ACUSATORIO,Masculino,2010-1,2018,Independiente,Actividades de servicios administrativos y de apoyo,1,1,,"100,0%",NaN
1719-Universidad Católica de Colombia,55037-ESPECIALIZACION EN INVESTIGACION CRIMINAL  Y JUZGAMIENTO EN EL SISTEMA PENAL ACUSATORIO,Masculino,2010-1,2018,Independiente,"Actividades profesionales, científicas y técnicas",57,57,,"100,0%",NaN
1719-Universidad Católica de Colombia,55037-ESPECIALIZACION EN INVESTIGACION CRIMINAL  Y JUZGAMIENTO EN EL SISTEMA PENAL ACUSATORIO,Masculino,2010-1,2018,Independiente,Administración pública y defensa; planes de seguridad social de afiliación obligatoria,18,18,,"100,0%",NaN
1719-Universidad Católica de Colombia,55037-ESPECIALIZACION EN INVESTIGACION CRIMINAL  Y JUZGAMIENTO EN EL SISTEMA PENAL ACUSATORIO,Masculino,2010-1,2018,Independiente,"Agricultura, ganadería, caza, silvicultura y pesca",1,1,,"100,0%",NaN
1719-Universidad Católica de Colombia,55037-ESPECIALIZACION EN INVESTIGACION CRIMINAL  Y JUZGAMIENTO EN EL SISTEMA PENAL ACUSATORIO,Masculino,2010-1,2018,Independiente,Comercio al por mayor y al por menor; reparación de vehículos automotores y motocicletas,1,1,,"100,0%",NaN
1719-Universidad Católica de Colombia,55037-ESPECIALIZACION EN INVESTIGACION CRIMINAL  Y JUZGAMIENTO EN EL SISTEMA PENAL ACUSATORIO,Masculino,2010-1,2018,Independiente,Educación,1,1,,"100,0%",NaN
1719-Universidad Católica de Colombia,55037-ESPECIALIZACION EN INVESTIGACION CRIMINAL  Y JUZGAMIENTO EN EL SISTEMA PENAL ACUSATORIO,Masculino,2010-1,2018,Independiente,Información y comunicaciones,2,2,,"100,0%",NaN
1719-Universidad Católica de Colombia,55037-ESPECIALIZACION EN INVESTIGACION CRIMINAL  Y JUZGAMIENTO EN EL SISTEMA PENAL ACUSATORIO,Masculino,2010-1,2018,Independiente,Otras actividades de servicios,7,7,,"100,0%",NaN
1719-Universidad Católica de Colombia,55037-ESPECIALIZACION EN INVESTIGACION CRIMINAL  Y JUZGAMIENTO EN EL SISTEMA PENAL ACUSATORIO,Masculino,2010-1,2018,Independiente,Sin información,36,36,,"100,0%",NaN
1719-Universidad Católica de Colombia,55037-ESPECIALIZACION EN INVESTIGACION CRIMINAL  Y JUZGAMIENTO EN EL SISTEMA PENAL ACUSATORIO,Masculino,2010-1,2018,No cotizante,Sin información,13,0,,"0,0%",NaN
1719-Universidad Católica de Colombia,55037-ESPECIALIZACION EN INVESTIGACION CRIMINAL  Y JUZGAMIENTO EN EL SISTEMA PENAL ACUSATORIO,Masculino,2010-1,2019,Dependiente,Actividades de servicios administrativos y de apoyo,7,7,,"100,0%",NaN
1719-Universidad Católica de Colombia,55037-ESPECIALIZACION EN INVESTIGACION CRIMINAL  Y JUZGAMIENTO EN EL SISTEMA PENAL ACUSATORIO,Masculino,2010-1,2019,Dependiente,"Actividades profesionales, científicas y técnicas",29,29,,"100,0%",NaN
1719-Universidad Católica de Colombia,55037-ESPECIALIZACION EN INVESTIGACION CRIMINAL  Y JUZGAMIENTO EN EL SISTEMA PENAL ACUSATORIO,Masculino,2010-1,2019,Dependiente,Administración pública y defensa; planes de seguridad social de afiliación obligatoria,10,10,,"100,0%",NaN
1719-Universidad Católica de Colombia,55037-ESPECIALIZACION EN INVESTIGACION CRIMINAL  Y JUZGAMIENTO EN EL SISTEMA PENAL ACUSATORIO,Masculino,2010-1,2019,Dependiente,Educación,6,6,,"100,0%",NaN
1719-Universidad Católica de Colombia,55037-ESPECIALIZACION EN INVESTIGACION CRIMINAL  Y JUZGAMIENTO EN EL SISTEMA PENAL ACUSATORIO,Masculino,2010-1,2019,Independiente,Actividades de servicios administrativos y de apoyo,1,1,,"100,0%",NaN
1719-Universidad Católica de Colombia,55037-ESPECIALIZACION EN INVESTIGACION CRIMINAL  Y JUZGAMIENTO EN EL SISTEMA PENAL ACUSATORIO,Masculino,2010-1,2019,Independiente,"Actividades profesionales, científicas y técnicas",55,55,,"100,0%",NaN
1719-Universidad Católica de Colombia,55037-ESPECIALIZACION EN INVESTIGACION CRIMINAL  Y JUZGAMIENTO EN EL SISTEMA PENAL ACUSATORIO,Masculino,2010-1,2019,Independiente,Administración pública y defensa; planes de seguridad social de afiliación obligatoria,26,26,,"100,0%",NaN
1719-Universidad Católica de Colombia,55037-ESPECIALIZACION EN INVESTIGACION CRIMINAL  Y JUZGAMIENTO EN EL SISTEMA PENAL ACUSATORIO,Masculino,2010-1,2019,Independiente,Comercio al por mayor y al por menor; reparación de vehículos automotores y motocicletas,1,1,,"100,0%",NaN
1719-Universidad Católica de Colombia,55037-ESPECIALIZACION EN INVESTIGACION CRIMINAL  Y JUZGAMIENTO EN EL SISTEMA PENAL ACUSATORIO,Masculino,2010-1,2019,Independiente,Educación,1,1,,"100,0%",NaN
1719-Universidad Católica de Colombia,55037-ESPECIALIZACION EN INVESTIGACION CRIMINAL  Y JUZGAMIENTO EN EL SISTEMA PENAL ACUSATORIO,Masculino,2010-1,2019,Independiente,Información y comunicaciones,2,2,,"100,0%",NaN
1719-Universidad Católica de Colombia,55037-ESPECIALIZACION EN INVESTIGACION CRIMINAL  Y JUZGAMIENTO EN EL SISTEMA PENAL ACUSATORIO,Masculino,2010-1,2019,Independiente,Otras actividades de servicios,8,8,,"100,0%",NaN
1719-Universidad Católica de Colombia,55037-ESPECIALIZACION EN INVESTIGACION CRIMINAL  Y JUZGAMIENTO EN EL SISTEMA PENAL ACUSATORIO,Masculino,2010-1,2019,Independiente,Sin información,22,22,,"100,0%",NaN
1719-Universidad Católica de Colombia,55037-ESPECIALIZACION EN INVESTIGACION CRIMINAL  Y JUZGAMIENTO EN EL SISTEMA PENAL ACUSATORIO,Masculino,2010-1,2019,No cotizante,Sin información,15,0,,"0,0%",NaN
1719-Universidad Católica de Colombia,55037-ESPECIALIZACION EN INVESTIGACION CRIMINAL  Y JUZGAMIENTO EN EL SISTEMA PENAL ACUSATORIO,Masculino,2010-1,2020,Dependiente,Actividades de servicios administrativos y de apoyo,2,2,,"100,0%",NaN
1719-Universidad Católica de Colombia,55037-ESPECIALIZACION EN INVESTIGACION CRIMINAL  Y JUZGAMIENTO EN EL SISTEMA PENAL ACUSATORIO,Masculino,2010-1,2020,Dependiente,Actividades financieras y de seguros,1,1,,"100,0%",NaN
1719-Universidad Católica de Colombia,55037-ESPECIALIZACION EN INVESTIGACION CRIMINAL  Y JUZGAMIENTO EN EL SISTEMA PENAL ACUSATORIO,Masculino,2010-1,2020,Dependiente,"Actividades profesionales, científicas y técnicas",34,34,,"100,0%",NaN
1719-Universidad Católica de Colombia,55037-ESPECIALIZACION EN INVESTIGACION CRIMINAL  Y JUZGAMIENTO EN EL SISTEMA PENAL ACUSATORIO,Masculino,2010-1,2020,Dependiente,Administración pública y defensa; planes de seguridad social de afiliación obligatoria,5,5,,"100,0%",NaN
1719-Universidad Católica de Colombia,55037-ESPECIALIZACION EN INVESTIGACION CRIMINAL  Y JUZGAMIENTO EN EL SISTEMA PENAL ACUSATORIO,Masculino,2010-1,2020,Dependiente,Educación,6,6,,"100,0%",NaN
1719-Universidad Católica de Colombia,55037-ESPECIALIZACION EN INVESTIGACION CRIMINAL  Y JUZGAMIENTO EN EL SISTEMA PENAL ACUSATORIO,Masculino,2010-1,2020,Independiente,Actividades de servicios administrativos y de apoyo,12,12,,"100,0%",NaN
1719-Universidad Católica de Colombia,55037-ESPECIALIZACION EN INVESTIGACION CRIMINAL  Y JUZGAMIENTO EN EL SISTEMA PENAL ACUSATORIO,Masculino,2010-1,2020,Independiente,"Actividades profesionales, científicas y técnicas",55,55,,"100,0%",NaN
1719-Universidad Católica de Colombia,55037-ESPECIALIZACION EN INVESTIGACION CRIMINAL  Y JUZGAMIENTO EN EL SISTEMA PENAL ACUSATORIO,Masculino,2010-1,2020,Independiente,Administración pública y defensa; planes de seguridad social de afiliación obligatoria,25,25,,"100,0%",NaN
1719-Universidad Católica de Colombia,55037-ESPECIALIZACION EN INVESTIGACION CRIMINAL  Y JUZGAMIENTO EN EL SISTEMA PENAL ACUSATORIO,Masculino,2010-1,2020,Independiente,Información y comunicaciones,1,1,,"100,0%",NaN
1719-Universidad Católica de Colombia,55037-ESPECIALIZACION EN INVESTIGACION CRIMINAL  Y JUZGAMIENTO EN EL SISTEMA PENAL ACUSATORIO,Masculino,2010-1,2020,Independiente,Otras actividades de servicios,11,11,,"100,0%",NaN
1719-Universidad Católica de Colombia,55037-ESPECIALIZACION EN INVESTIGACION CRIMINAL  Y JUZGAMIENTO EN EL SISTEMA PENAL ACUSATORIO,Masculino,2010-1,2020,Independiente,Transporte y almacenamiento,1,1,,"100,0%",NaN
1719-Universidad Católica de Colombia,55037-ESPECIALIZACION EN INVESTIGACION CRIMINAL  Y JUZGAMIENTO EN EL SISTEMA PENAL ACUSATORIO,Masculino,2010-1,2020,No cotizante,Sin información,29,0,,"0,0%",NaN
1719-Universidad Católica de Colombia,55037-ESPECIALIZACION EN INVESTIGACION CRIMINAL  Y JUZGAMIENTO EN EL SISTEMA PENAL ACUSATORIO,Masculino,2010-1,2021,Dependiente,Actividades de servicios administrativos y de apoyo,4,4,,"100,0%",NaN
1719-Universidad Católica de Colombia,55037-ESPECIALIZACION EN INVESTIGACION CRIMINAL  Y JUZGAMIENTO EN EL SISTEMA PENAL ACUSATORIO,Masculino,2010-1,2021,Dependiente,"Actividades profesionales, científicas y técnicas",32,32,,"100,0%",NaN
1719-Universidad Católica de Colombia,55037-ESPECIALIZACION EN INVESTIGACION CRIMINAL  Y JUZGAMIENTO EN EL SISTEMA PENAL ACUSATORIO,Masculino,2010-1,2021,Dependiente,Administración pública y defensa; planes de seguridad social de afiliación obligatoria,5,5,,"100,0%",NaN
1719-Universidad Católica de Colombia,55037-ESPECIALIZACION EN INVESTIGACION CRIMINAL  Y JUZGAMIENTO EN EL SISTEMA PENAL ACUSATORIO,Masculino,2010-1,2021,Dependiente,Educación,5,5,,"100,0%",NaN
1719-Universidad Católica de Colombia,55037-ESPECIALIZACION EN INVESTIGACION CRIMINAL  Y JUZGAMIENTO EN EL SISTEMA PENAL ACUSATORIO,Masculino,2010-1,2021,Independiente,Actividades de servicios administrativos y de apoyo,10,10,,"100,0%",NaN
1719-Universidad Católica de Colombia,55037-ESPECIALIZACION EN INVESTIGACION CRIMINAL  Y JUZGAMIENTO EN EL SISTEMA PENAL ACUSATORIO,Masculino,2010-1,2021,Independiente,"Actividades profesionales, científicas y técnicas",58,58,,"100,0%",NaN
1719-Universidad Católica de Colombia,55037-ESPECIALIZACION EN INVESTIGACION CRIMINAL  Y JUZGAMIENTO EN EL SISTEMA PENAL ACUSATORIO,Masculino,2010-1,2021,Independiente,Administración pública y defensa; planes de seguridad social de afiliación obligatoria,25,25,,"100,0%",NaN
1719-Universidad Católica de Colombia,55037-ESPECIALIZACION EN INVESTIGACION CRIMINAL  Y JUZGAMIENTO EN EL SISTEMA PENAL ACUSATORIO,Masculino,2010-1,2021,Independiente,Información y comunicaciones,1,1,,"100,0%",NaN
1719-Universidad Católica de Colombia,55037-ESPECIALIZACION EN INVESTIGACION CRIMINAL  Y JUZGAMIENTO EN EL SISTEMA PENAL ACUSATORIO,Masculino,2010-1,2021,Independiente,Otras actividades de servicios,8,8,,"100,0%",NaN
1719-Universidad Católica de Colombia,55037-ESPECIALIZACION EN INVESTIGACION CRIMINAL  Y JUZGAMIENTO EN EL SISTEMA PENAL ACUSATORIO,Masculino,2010-1,2021,Independiente,Transporte y almacenamiento,1,1,,"100,0%",NaN
1719-Universidad Católica de Colombia,55037-ESPECIALIZACION EN INVESTIGACION CRIMINAL  Y JUZGAMIENTO EN EL SISTEMA PENAL ACUSATORIO,Masculino,2010-1,2021,No cotizante,Sin información,36,0,,"0,0%",NaN
1719-Universidad Católica de Colombia,55037-ESPECIALIZACION EN INVESTIGACION CRIMINAL  Y JUZGAMIENTO EN EL SISTEMA PENAL ACUSATORIO,Masculino,2010-1,2022,Dependiente,Actividades de servicios administrativos y de apoyo,3,3,,"100,0%",NaN
1719-Universidad Católica de Colombia,55037-ESPECIALIZACION EN INVESTIGACION CRIMINAL  Y JUZGAMIENTO EN EL SISTEMA PENAL ACUSATORIO,Masculino,2010-1,2022,Dependiente,"Actividades profesionales, científicas y técnicas",30,30,,"100,0%",NaN
1719-Universidad Católica de Colombia,55037-ESPECIALIZACION EN INVESTIGACION CRIMINAL  Y JUZGAMIENTO EN EL SISTEMA PENAL ACUSATORIO,Masculino,2010-1,2022,Dependiente,Administración pública y defensa; planes de seguridad social de afiliación obligatoria,5,5,,"100,0%",NaN
1719-Universidad Católica de Colombia,55037-ESPECIALIZACION EN INVESTIGACION CRIMINAL  Y JUZGAMIENTO EN EL SISTEMA PENAL ACUSATORIO,Masculino,2010-1,2022,Dependiente,Alojamiento y servicios de comida,1,1,,"100,0%",NaN
1719-Universidad Católica de Colombia,55037-ESPECIALIZACION EN INVESTIGACION CRIMINAL  Y JUZGAMIENTO EN EL SISTEMA PENAL ACUSATORIO,Masculino,2010-1,2022,Dependiente,Educación,4,4,,"100,0%",NaN
1719-Universidad Católica de Colombia,55037-ESPECIALIZACION EN INVESTIGACION CRIMINAL  Y JUZGAMIENTO EN EL SISTEMA PENAL ACUSATORIO,Masculino,2010-1,2022,Dependiente,Otras actividades de servicios,1,1,,"100,0%",NaN
1719-Universidad Católica de Colombia,55037-ESPECIALIZACION EN INVESTIGACION CRIMINAL  Y JUZGAMIENTO EN EL SISTEMA PENAL ACUSATORIO,Masculino,2010-1,2022,Independiente,Actividades de servicios administrativos y de apoyo,9,9,,"100,0%",NaN
1719-Universidad Católica de Colombia,55037-ESPECIALIZACION EN INVESTIGACION CRIMINAL  Y JUZGAMIENTO EN EL SISTEMA PENAL ACUSATORIO,Masculino,2010-1,2022,Independiente,"Actividades profesionales, científicas y técnicas",60,60,,"100,0%",NaN
1719-Universidad Católica de Colombia,55037-ESPECIALIZACION EN INVESTIGACION CRIMINAL  Y JUZGAMIENTO EN EL SISTEMA PENAL ACUSATORIO,Masculino,2010-1,2022,Independiente,Administración pública y defensa; planes de seguridad social de afiliación obligatoria,20,20,,"100,0%",NaN
1719-Universidad Católica de Colombia,55037-ESPECIALIZACION EN INVESTIGACION CRIMINAL  Y JUZGAMIENTO EN EL SISTEMA PENAL ACUSATORIO,Masculino,2010-1,2022,Independiente,Información y comunicaciones,1,1,,"100,0%",NaN
1719-Universidad Católica de Colombia,55037-ESPECIALIZACION EN INVESTIGACION CRIMINAL  Y JUZGAMIENTO EN EL SISTEMA PENAL ACUSATORIO,Masculino,2010-1,2022,Independiente,Otras actividades de servicios,6,6,,"100,0%",NaN
1719-Universidad Católica de Colombia,55037-ESPECIALIZACION EN INVESTIGACION CRIMINAL  Y JUZGAMIENTO EN EL SISTEMA PENAL ACUSATORIO,Masculino,2010-1,2022,No cotizante,SIN DATO,44,0,,"0,0%",NaN
1719-Universidad Católica de Colombia,55037-ESPECIALIZACION EN INVESTIGACION CRIMINAL  Y JUZGAMIENTO EN EL SISTEMA PENAL ACUSATORIO,Masculino,2010-1,2023,Dependiente,Actividades de servicios administrativos y de apoyo,1,1,,"100,0%",NaN
1719-Universidad Católica de Colombia,55037-ESPECIALIZACION EN INVESTIGACION CRIMINAL  Y JUZGAMIENTO EN EL SISTEMA PENAL ACUSATORIO,Masculino,2010-1,2023,Dependiente,"Actividades profesionales, científicas y técnicas",12,12,,"100,0%",NaN
1719-Universidad Católica de Colombia,55037-ESPECIALIZACION EN INVESTIGACION CRIMINAL  Y JUZGAMIENTO EN EL SISTEMA PENAL ACUSATORIO,Masculino,2010-1,2023,Dependiente,Administración pública y defensa; planes de seguridad social de afiliación obligatoria,17,17,,"100,0%",NaN
1719-Universidad Católica de Colombia,55037-ESPECIALIZACION EN INVESTIGACION CRIMINAL  Y JUZGAMIENTO EN EL SISTEMA PENAL ACUSATORIO,Masculino,2010-1,2023,Dependiente,Alojamiento y servicios de comida,1,1,,"100,0%",NaN
1719-Universidad Católica de Colombia,55037-ESPECIALIZACION EN INVESTIGACION CRIMINAL  Y JUZGAMIENTO EN EL SISTEMA PENAL ACUSATORIO,Masculino,2010-1,2023,Dependiente,Comercio al por mayor y al por menor; reparación de vehículos automotores y motocicletas,6,6,,"100,0%",NaN
1719-Universidad Católica de Colombia,55037-ESPECIALIZACION EN INVESTIGACION CRIMINAL  Y JUZGAMIENTO EN EL SISTEMA PENAL ACUSATORIO,Masculino,2010-1,2023,Dependiente,Construccion,1,1,,"100,0%",NaN
1719-Universidad Católica de Colombia,55037-ESPECIALIZACION EN INVESTIGACION CRIMINAL  Y JUZGAMIENTO EN EL SISTEMA PENAL ACUSATORIO,Masculino,2010-1,2023,Dependiente,Educación,5,5,,"100,0%",NaN
1719-Universidad Católica de Colombia,55037-ESPECIALIZACION EN INVESTIGACION CRIMINAL  Y JUZGAMIENTO EN EL SISTEMA PENAL ACUSATORIO,Masculino,2010-1,2023,Independiente,Actividades de servicios administrativos y de apoyo,9,9,,"100,0%",NaN
1719-Universidad Católica de Colombia,55037-ESPECIALIZACION EN INVESTIGACION CRIMINAL  Y JUZGAMIENTO EN EL SISTEMA PENAL ACUSATORIO,Masculino,2010-1,2023,Independiente,"Actividades profesionales, científicas y técnicas",59,59,,"100,0%",NaN
1719-Universidad Católica de Colombia,55037-ESPECIALIZACION EN INVESTIGACION CRIMINAL  Y JUZGAMIENTO EN EL SISTEMA PENAL ACUSATORIO,Masculino,2010-1,2023,Independiente,Administración pública y defensa; planes de seguridad social de afiliación obligatoria,17,17,,"100,0%",NaN
1719-Universidad Católica de Colombia,55037-ESPECIALIZACION EN INVESTIGACION CRIMINAL  Y JUZGAMIENTO EN EL SISTEMA PENAL ACUSATORIO,Masculino,2010-1,2023,Independiente,Comercio al por mayor y al por menor; reparación de vehículos automotores y motocicletas,1,1,,"100,0%",NaN
1719-Universidad Católica de Colombia,55037-ESPECIALIZACION EN INVESTIGACION CRIMINAL  Y JUZGAMIENTO EN EL SISTEMA PENAL ACUSATORIO,Masculino,2010-1,2023,Independiente,Información y comunicaciones,1,1,,"100,0%",NaN
1719-Universidad Católica de Colombia,55037-ESPECIALIZACION EN INVESTIGACION CRIMINAL  Y JUZGAMIENTO EN EL SISTEMA PENAL ACUSATORIO,Masculino,2010-1,2023,Independiente,Otras actividades de servicios,6,6,,"100,0%",NaN
1719-Universidad Católica de Colombia,55037-ESPECIALIZACION EN INVESTIGACION CRIMINAL  Y JUZGAMIENTO EN EL SISTEMA PENAL ACUSATORIO,Masculino,2010-1,2023,No cotizante,SIN DATO,47,0,,"0,0%",NaN
1818-Universidad Cooperativa de Colombia,19937-ESPECIALIZACION EN DOCENCIA UNIVERSITARIA,Femenino,2010-1,2016,Dependiente,Actividades de atención de la salud humana y de asistencia social,1,1,,"100,0%",$1.747.000
1818-Universidad Cooperativa de Colombia,19937-ESPECIALIZACION EN DOCENCIA UNIVERSITARIA,Femenino,2010-1,2016,Dependiente,Administración pública y defensa; planes de seguridad social de afiliación obligatoria,5,5,,"100,0%",$3.144.491
1818-Universidad Cooperativa de Colombia,19937-ESPECIALIZACION EN DOCENCIA UNIVERSITARIA,Femenino,2010-1,2016,Dependiente,Educación,5,5,,"100,0%",$4.011.400
1818-Universidad Cooperativa de Colombia,19937-ESPECIALIZACION EN DOCENCIA UNIVERSITARIA,Femenino,2010-1,2016,Dependiente,Información y comunicaciones,1,1,,"100,0%",$690.000
1818-Universidad Cooperativa de Colombia,19937-ESPECIALIZACION EN DOCENCIA UNIVERSITARIA,Femenino,2010-1,2016,No cotizante,Sin información,1,0,,"0,0%",NaN
1818-Universidad Cooperativa de Colombia,19937-ESPECIALIZACION EN DOCENCIA UNIVERSITARIA,Femenino,2010-1,2017,Dependiente,Actividades de servicios administrativos y de apoyo,1,1,,"100,0%",NaN
1818-Universidad Cooperativa de Colombia,19937-ESPECIALIZACION EN DOCENCIA UNIVERSITARIA,Femenino,2010-1,2017,Dependiente,Administración pública y defensa; planes de seguridad social de afiliación obligatoria,4,4,,"100,0%",NaN
1818-Universidad Cooperativa de Colombia,19937-ESPECIALIZACION EN DOCENCIA UNIVERSITARIA,Femenino,2010-1,2017,Dependiente,Construccion,1,1,,"100,0%",NaN
1818-Universidad Cooperativa de Colombia,19937-ESPECIALIZACION EN DOCENCIA UNIVERSITARIA,Femenino,2010-1,2017,Dependiente,Educación,2,2,,"100,0%",NaN
1818-Universidad Cooperativa de Colombia,19937-ESPECIALIZACION EN DOCENCIA UNIVERSITARIA,Femenino,2010-1,2017,Dependiente,Información y comunicaciones,1,1,,"100,0%",NaN
1818-Universidad Cooperativa de Colombia,19937-ESPECIALIZACION EN DOCENCIA UNIVERSITARIA,Femenino,2010-1,2017,Dependiente,Sin información,2,2,,"100,0%",NaN
1818-Universidad Cooperativa de Colombia,19937-ESPECIALIZACION EN DOCENCIA UNIVERSITARIA,Femenino,2010-1,2017,Independiente,Sin información,1,1,,"100,0%",NaN
1818-Universidad Cooperativa de Colombia,19937-ESPECIALIZACION EN DOCENCIA UNIVERSITARIA,Femenino,2010-1,2018,Dependiente,Actividades de servicios administrativos y de apoyo,1,1,,"100,0%",NaN
1818-Universidad Cooperativa de Colombia,19937-ESPECIALIZACION EN DOCENCIA UNIVERSITARIA,Femenino,2010-1,2018,Dependiente,"Actividades profesionales, científicas y técnicas",4,4,,"100,0%",NaN
1818-Universidad Cooperativa de Colombia,19937-ESPECIALIZACION EN DOCENCIA UNIVERSITARIA,Femenino,2010-1,2018,Dependiente,Administración pública y defensa; planes de seguridad social de afiliación obligatoria,1,1,,"100,0%",NaN
1818-Universidad Cooperativa de Colombia,19937-ESPECIALIZACION EN DOCENCIA UNIVERSITARIA,Femenino,2010-1,2018,Dependiente,Construccion,1,1,,"100,0%",NaN
1818-Universidad Cooperativa de Colombia,19937-ESPECIALIZACION EN DOCENCIA UNIVERSITARIA,Femenino,2010-1,2018,Dependiente,Educación,1,1,,"100,0%",NaN
1818-Universidad Cooperativa de Colombia,19937-ESPECIALIZACION EN DOCENCIA UNIVERSITARIA,Femenino,2010-1,2018,Dependiente,Sin información,1,1,,"100,0%",NaN
1818-Universidad Cooperativa de Colombia,19937-ESPECIALIZACION EN DOCENCIA UNIVERSITARIA,Femenino,2010-1,2018,Independiente,"Actividades profesionales, científicas y técnicas",1,1,,"100,0%",NaN
1818-Universidad Cooperativa de Colombia,19937-ESPECIALIZACION EN DOCENCIA UNIVERSITARIA,Femenino,2010-1,2018,No cotizante,Sin información,1,0,,"0,0%",NaN
1818-Universidad Cooperativa de Colombia,19937-ESPECIALIZACION EN DOCENCIA UNIVERSITARIA,Femenino,2010-1,2019,Dependiente,Actividades de atención de la salud humana y de asistencia social,1,1,,"100,0%",NaN
1818-Universidad Cooperativa de Colombia,19937-ESPECIALIZACION EN DOCENCIA UNIVERSITARIA,Femenino,2010-1,2019,Dependiente,"Actividades profesionales, científicas y técnicas",4,4,,"100,0%",NaN
1818-Universidad Cooperativa de Colombia,19937-ESPECIALIZACION EN DOCENCIA UNIVERSITARIA,Femenino,2010-1,2019,Dependiente,Administración pública y defensa; planes de seguridad social de afiliación obligatoria,2,2,,"100,0%",NaN
1818-Universidad Cooperativa de Colombia,19937-ESPECIALIZACION EN DOCENCIA UNIVERSITARIA,Femenino,2010-1,2019,Dependiente,Educación,2,2,,"100,0%",NaN
1818-Universidad Cooperativa de Colombia,19937-ESPECIALIZACION EN DOCENCIA UNIVERSITARIA,Femenino,2010-1,2019,Dependiente,Sin información,1,1,,"100,0%",NaN
1818-Universidad Cooperativa de Colombia,19937-ESPECIALIZACION EN DOCENCIA UNIVERSITARIA,Femenino,2010-1,2019,Independiente,"Actividades profesionales, científicas y técnicas",1,1,,"100,0%",NaN
1818-Universidad Cooperativa de Colombia,19937-ESPECIALIZACION EN DOCENCIA UNIVERSITARIA,Femenino,2010-1,2020,Dependiente,Actividades de atención de la salud humana y de asistencia social,1,1,,"100,0%",NaN
1818-Universidad Cooperativa de Colombia,19937-ESPECIALIZACION EN DOCENCIA UNIVERSITARIA,Femenino,2010-1,2020,Dependiente,Administración pública y defensa; planes de seguridad social de afiliación obligatoria,4,4,,"100,0%",NaN
1818-Universidad Cooperativa de Colombia,19937-ESPECIALIZACION EN DOCENCIA UNIVERSITARIA,Femenino,2010-1,2020,Dependiente,Educación,2,2,,"100,0%",NaN
1818-Universidad Cooperativa de Colombia,19937-ESPECIALIZACION EN DOCENCIA UNIVERSITARIA,Femenino,2010-1,2020,Dependiente,Otras actividades de servicios,1,1,,"100,0%",NaN
1818-Universidad Cooperativa de Colombia,19937-ESPECIALIZACION EN DOCENCIA UNIVERSITARIA,Femenino,2010-1,2020,Independiente,"Actividades profesionales, científicas y técnicas",2,2,,"100,0%",NaN
1818-Universidad Cooperativa de Colombia,19937-ESPECIALIZACION EN DOCENCIA UNIVERSITARIA,Femenino,2010-1,2020,No cotizante,Sin información,1,0,,"0,0%",NaN
1818-Universidad Cooperativa de Colombia,19937-ESPECIALIZACION EN DOCENCIA UNIVERSITARIA,Femenino,2010-1,2021,Dependiente,Actividades de atención de la salud humana y de asistencia social,1,1,,"100,0%",NaN
1818-Universidad Cooperativa de Colombia,19937-ESPECIALIZACION EN DOCENCIA UNIVERSITARIA,Femenino,2010-1,2021,Dependiente,Administración pública y defensa; planes de seguridad social de afiliación obligatoria,4,4,,"100,0%",NaN
1818-Universidad Cooperativa de Colombia,19937-ESPECIALIZACION EN DOCENCIA UNIVERSITARIA,Femenino,2010-1,2021,Dependiente,Educación,1,1,,"100,0%",NaN
1818-Universidad Cooperativa de Colombia,19937-ESPECIALIZACION EN DOCENCIA UNIVERSITARIA,Femenino,2010-1,2021,Dependiente,Industrias manufactureras,1,1,,"100,0%",NaN
1818-Universidad Cooperativa de Colombia,19937-ESPECIALIZACION EN DOCENCIA UNIVERSITARIA,Femenino,2010-1,2021,Independiente,"Actividades profesionales, científicas y técnicas",1,1,,"100,0%",NaN
1818-Universidad Cooperativa de Colombia,19937-ESPECIALIZACION EN DOCENCIA UNIVERSITARIA,Femenino,2010-1,2021,No cotizante,Sin información,2,0,,"0,0%",NaN
1818-Universidad Cooperativa de Colombia,19937-ESPECIALIZACION EN DOCENCIA UNIVERSITARIA,Femenino,2010-1,2022,Dependiente,Actividades de atención de la salud humana y de asistencia social,1,1,,"100,0%",NaN
1818-Universidad Cooperativa de Colombia,19937-ESPECIALIZACION EN DOCENCIA UNIVERSITARIA,Femenino,2010-1,2022,Dependiente,"Actividades profesionales, científicas y técnicas",3,3,,"100,0%",NaN
1818-Universidad Cooperativa de Colombia,19937-ESPECIALIZACION EN DOCENCIA UNIVERSITARIA,Femenino,2010-1,2022,Dependiente,Administración pública y defensa; planes de seguridad social de afiliación obligatoria,1,1,,"100,0%",NaN
1818-Universidad Cooperativa de Colombia,19937-ESPECIALIZACION EN DOCENCIA UNIVERSITARIA,Femenino,2010-1,2022,Dependiente,Educación,1,1,,"100,0%",NaN
1818-Universidad Cooperativa de Colombia,19937-ESPECIALIZACION EN DOCENCIA UNIVERSITARIA,Femenino,2010-1,2022,Dependiente,Industrias manufactureras,1,1,,"100,0%",NaN
1818-Universidad Cooperativa de Colombia,19937-ESPECIALIZACION EN DOCENCIA UNIVERSITARIA,Femenino,2010-1,2022,Independiente,"Actividades profesionales, científicas y técnicas",2,2,,"100,0%",NaN
1818-Universidad Cooperativa de Colombia,19937-ESPECIALIZACION EN DOCENCIA UNIVERSITARIA,Femenino,2010-1,2022,No cotizante,SIN DATO,1,0,,"0,0%",NaN
1818-Universidad Cooperativa de Colombia,19937-ESPECIALIZACION EN DOCENCIA UNIVERSITARIA,Femenino,2010-1,2023,Dependiente,Actividades financieras y de seguros,1,1,,"100,0%",NaN
1818-Universidad Cooperativa de Colombia,19937-ESPECIALIZACION EN DOCENCIA UNIVERSITARIA,Femenino,2010-1,2023,Dependiente,Administración pública y defensa; planes de seguridad social de afiliación obligatoria,4,4,,"100,0%",NaN
1818-Universidad Cooperativa de Colombia,19937-ESPECIALIZACION EN DOCENCIA UNIVERSITARIA,Femenino,2010-1,2023,Dependiente,Educación,1,1,,"100,0%",NaN
1818-Universidad Cooperativa de Colombia,19937-ESPECIALIZACION EN DOCENCIA UNIVERSITARIA,Femenino,2010-1,2023,Dependiente,Industrias manufactureras,1,1,,"100,0%",NaN
1818-Universidad Cooperativa de Colombia,19937-ESPECIALIZACION EN DOCENCIA UNIVERSITARIA,Femenino,2010-1,2023,Independiente,"Actividades profesionales, científicas y técnicas",2,2,,"100,0%",NaN
1818-Universidad Cooperativa de Colombia,19937-ESPECIALIZACION EN DOCENCIA UNIVERSITARIA,Femenino,2010-1,2023,No cotizante,SIN DATO,1,0,,"0,0%",NaN
1818-Universidad Cooperativa de Colombia,19937-ESPECIALIZACION EN DOCENCIA UNIVERSITARIA,Masculino,2010-1,2016,Dependiente,Actividades financieras y de seguros,1,1,,"100,0%",$3.537.000
1818-Universidad Cooperativa de Colombia,19937-ESPECIALIZACION EN DOCENCIA UNIVERSITARIA,Masculino,2010-1,2016,Dependiente,Administración pública y defensa; planes de seguridad social de afiliación obligatoria,4,4,,"100,0%",$4.110.864
1818-Universidad Cooperativa de Colombia,19937-ESPECIALIZACION EN DOCENCIA UNIVERSITARIA,Masculino,2010-1,2016,Dependiente,Educación,2,2,,"100,0%",$2.816.587
1818-Universidad Cooperativa de Colombia,19937-ESPECIALIZACION EN DOCENCIA UNIVERSITARIA,Masculino,2010-1,2016,Independiente,Sin información,1,1,,"100,0%",NaN
1818-Universidad Cooperativa de Colombia,19937-ESPECIALIZACION EN DOCENCIA UNIVERSITARIA,Masculino,2010-1,2016,No cotizante,Sin información,1,0,,"0,0%",NaN
1818-Universidad Cooperativa de Colombia,19937-ESPECIALIZACION EN DOCENCIA UNIVERSITARIA,Masculino,2010-1,2017,Dependiente,Administración pública y defensa; planes de seguridad social de afiliación obligatoria,3,3,,"100,0%",NaN
1818-Universidad Cooperativa de Colombia,19937-ESPECIALIZACION EN DOCENCIA UNIVERSITARIA,Masculino,2010-1,2017,Dependiente,"Agricultura, ganadería, caza, silvicultura y pesca",1,1,,"100,0%",NaN
1818-Universidad Cooperativa de Colombia,19937-ESPECIALIZACION EN DOCENCIA UNIVERSITARIA,Masculino,2010-1,2017,Dependiente,Educación,1,1,,"100,0%",NaN
1818-Universidad Cooperativa de Colombia,19937-ESPECIALIZACION EN DOCENCIA UNIVERSITARIA,Masculino,2010-1,2017,Dependiente,Sin información,1,1,,"100,0%",NaN
1818-Universidad Cooperativa de Colombia,19937-ESPECIALIZACION EN DOCENCIA UNIVERSITARIA,Masculino,2010-1,2017,Independiente,"Actividades profesionales, científicas y técnicas",1,1,,"100,0%",NaN
1818-Universidad Cooperativa de Colombia,19937-ESPECIALIZACION EN DOCENCIA UNIVERSITARIA,Masculino,2010-1,2017,No cotizante,Sin información,1,0,,"0,0%",NaN
1818-Universidad Cooperativa de Colombia,19937-ESPECIALIZACION EN DOCENCIA UNIVERSITARIA,Masculino,2010-1,2018,Dependiente,Actividades de atención de la salud humana y de asistencia social,1,1,,"100,0%",NaN
1818-Universidad Cooperativa de Colombia,19937-ESPECIALIZACION EN DOCENCIA UNIVERSITARIA,Masculino,2010-1,2018,Dependiente,"Actividades profesionales, científicas y técnicas",1,1,,"100,0%",NaN
1818-Universidad Cooperativa de Colombia,19937-ESPECIALIZACION EN DOCENCIA UNIVERSITARIA,Masculino,2010-1,2018,Dependiente,Administración pública y defensa; planes de seguridad social de afiliación obligatoria,2,2,,"100,0%",NaN
1818-Universidad Cooperativa de Colombia,19937-ESPECIALIZACION EN DOCENCIA UNIVERSITARIA,Masculino,2010-1,2018,Dependiente,"Agricultura, ganadería, caza, silvicultura y pesca",1,1,,"100,0%",NaN
1818-Universidad Cooperativa de Colombia,19937-ESPECIALIZACION EN DOCENCIA UNIVERSITARIA,Masculino,2010-1,2018,Dependiente,Educación,1,1,,"100,0%",NaN
1818-Universidad Cooperativa de Colombia,19937-ESPECIALIZACION EN DOCENCIA UNIVERSITARIA,Masculino,2010-1,2018,Dependiente,Sin información,1,1,,"100,0%",NaN
1818-Universidad Cooperativa de Colombia,19937-ESPECIALIZACION EN DOCENCIA UNIVERSITARIA,Masculino,2010-1,2018,Independiente,"Actividades profesionales, científicas y técnicas",1,1,,"100,0%",NaN
1818-Universidad Cooperativa de Colombia,19937-ESPECIALIZACION EN DOCENCIA UNIVERSITARIA,Masculino,2010-1,2019,Dependiente,Actividades de atención de la salud humana y de asistencia social,1,1,,"100,0%",NaN
1818-Universidad Cooperativa de Colombia,19937-ESPECIALIZACION EN DOCENCIA UNIVERSITARIA,Masculino,2010-1,2019,Dependiente,"Actividades profesionales, científicas y técnicas",1,1,,"100,0%",NaN
1818-Universidad Cooperativa de Colombia,19937-ESPECIALIZACION EN DOCENCIA UNIVERSITARIA,Masculino,2010-1,2019,Dependiente,Administración pública y defensa; planes de seguridad social de afiliación obligatoria,3,3,,"100,0%",NaN
1818-Universidad Cooperativa de Colombia,19937-ESPECIALIZACION EN DOCENCIA UNIVERSITARIA,Masculino,2010-1,2019,Dependiente,"Agricultura, ganadería, caza, silvicultura y pesca",1,1,,"100,0%",NaN
1818-Universidad Cooperativa de Colombia,19937-ESPECIALIZACION EN DOCENCIA UNIVERSITARIA,Masculino,2010-1,2019,Dependiente,Educación,1,1,,"100,0%",NaN
1818-Universidad Cooperativa de Colombia,19937-ESPECIALIZACION EN DOCENCIA UNIVERSITARIA,Masculino,2010-1,2019,Independiente,"Actividades profesionales, científicas y técnicas",1,1,,"100,0%",NaN
1818-Universidad Cooperativa de Colombia,19937-ESPECIALIZACION EN DOCENCIA UNIVERSITARIA,Masculino,2010-1,2020,Dependiente,Actividades de servicios administrativos y de apoyo,2,2,,"100,0%",NaN
1818-Universidad Cooperativa de Colombia,19937-ESPECIALIZACION EN DOCENCIA UNIVERSITARIA,Masculino,2010-1,2020,Dependiente,Administración pública y defensa; planes de seguridad social de afiliación obligatoria,2,2,,"100,0%",NaN
1818-Universidad Cooperativa de Colombia,19937-ESPECIALIZACION EN DOCENCIA UNIVERSITARIA,Masculino,2010-1,2020,Dependiente,"Agricultura, ganadería, caza, silvicultura y pesca",1,1,,"100,0%",NaN
1818-Universidad Cooperativa de Colombia,19937-ESPECIALIZACION EN DOCENCIA UNIVERSITARIA,Masculino,2010-1,2020,Independiente,"Actividades profesionales, científicas y técnicas",2,2,,"100,0%",NaN
1818-Universidad Cooperativa de Colombia,19937-ESPECIALIZACION EN DOCENCIA UNIVERSITARIA,Masculino,2010-1,2020,Independiente,Administración pública y defensa; planes de seguridad social de afiliación obligatoria,1,1,,"100,0%",NaN
1818-Universidad Cooperativa de Colombia,19937-ESPECIALIZACION EN DOCENCIA UNIVERSITARIA,Masculino,2010-1,2021,Dependiente,Actividades de atención de la salud humana y de asistencia social,1,1,,"100,0%",NaN
1818-Universidad Cooperativa de Colombia,19937-ESPECIALIZACION EN DOCENCIA UNIVERSITARIA,Masculino,2010-1,2021,Dependiente,"Actividades profesionales, científicas y técnicas",1,1,,"100,0%",NaN
1818-Universidad Cooperativa de Colombia,19937-ESPECIALIZACION EN DOCENCIA UNIVERSITARIA,Masculino,2010-1,2021,Dependiente,Administración pública y defensa; planes de seguridad social de afiliación obligatoria,1,1,,"100,0%",NaN
1818-Universidad Cooperativa de Colombia,19937-ESPECIALIZACION EN DOCENCIA UNIVERSITARIA,Masculino,2010-1,2021,Dependiente,"Agricultura, ganadería, caza, silvicultura y pesca",1,1,,"100,0%",NaN
1818-Universidad Cooperativa de Colombia,19937-ESPECIALIZACION EN DOCENCIA UNIVERSITARIA,Masculino,2010-1,2021,Dependiente,Educación,2,2,,"100,0%",NaN
1818-Universidad Cooperativa de Colombia,19937-ESPECIALIZACION EN DOCENCIA UNIVERSITARIA,Masculino,2010-1,2021,Independiente,"Actividades profesionales, científicas y técnicas",2,2,,"100,0%",NaN
1818-Universidad Cooperativa de Colombia,19937-ESPECIALIZACION EN DOCENCIA UNIVERSITARIA,Masculino,2010-1,2022,Dependiente,Actividades de atención de la salud humana y de asistencia social,1,1,,"100,0%",NaN
1818-Universidad Cooperativa de Colombia,19937-ESPECIALIZACION EN DOCENCIA UNIVERSITARIA,Masculino,2010-1,2022,Dependiente,"Actividades profesionales, científicas y técnicas",2,2,,"100,0%",NaN
1818-Universidad Cooperativa de Colombia,19937-ESPECIALIZACION EN DOCENCIA UNIVERSITARIA,Masculino,2010-1,2022,Dependiente,"Agricultura, ganadería, caza, silvicultura y pesca",1,1,,"100,0%",NaN
1818-Universidad Cooperativa de Colombia,19937-ESPECIALIZACION EN DOCENCIA UNIVERSITARIA,Masculino,2010-1,2022,Dependiente,Educación,1,1,,"100,0%",NaN
1818-Universidad Cooperativa de Colombia,19937-ESPECIALIZACION EN DOCENCIA UNIVERSITARIA,Masculino,2010-1,2022,Independiente,Actividades de servicios administrativos y de apoyo,1,1,,"100,0%",NaN
1818-Universidad Cooperativa de Colombia,19937-ESPECIALIZACION EN DOCENCIA UNIVERSITARIA,Masculino,2010-1,2022,Independiente,"Actividades profesionales, científicas y técnicas",1,1,,"100,0%",NaN
1818-Universidad Cooperativa de Colombia,19937-ESPECIALIZACION EN DOCENCIA UNIVERSITARIA,Masculino,2010-1,2022,No cotizante,SIN DATO,1,0,,"0,0%",NaN
1818-Universidad Cooperativa de Colombia,19937-ESPECIALIZACION EN DOCENCIA UNIVERSITARIA,Masculino,2010-1,2023,Dependiente,Actividades de atención de la salud humana y de asistencia social,1,1,,"100,0%",NaN
1818-Universidad Cooperativa de Colombia,19937-ESPECIALIZACION EN DOCENCIA UNIVERSITARIA,Masculino,2010-1,2023,Dependiente,Administración pública y defensa; planes de seguridad social de afiliación obligatoria,2,2,,"100,0%",NaN
1818-Universidad Cooperativa de Colombia,19937-ESPECIALIZACION EN DOCENCIA UNIVERSITARIA,Masculino,2010-1,2023,Dependiente,"Agricultura, ganadería, caza, silvicultura y pesca",1,1,,"100,0%",NaN
1818-Universidad Cooperativa de Colombia,19937-ESPECIALIZACION EN DOCENCIA UNIVERSITARIA,Masculino,2010-1,2023,Dependiente,Educación,1,1,,"100,0%",NaN
1818-Universidad Cooperativa de Colombia,19937-ESPECIALIZACION EN DOCENCIA UNIVERSITARIA,Masculino,2010-1,2023,Independiente,Actividades de servicios administrativos y de apoyo,1,1,,"100,0%",NaN
1818-Universidad Cooperativa de Colombia,19937-ESPECIALIZACION EN DOCENCIA UNIVERSITARIA,Masculino,2010-1,2023,Independiente,"Actividades profesionales, científicas y técnicas",1,1,,"100,0%",NaN
1818-Universidad Cooperativa de Colombia,19937-ESPECIALIZACION EN DOCENCIA UNIVERSITARIA,Masculino,2010-1,2023,No cotizante,SIN DATO,1,0,,"0,0%",NaN
2812-Universidad EAN,9517-ADMINISTRACION DE EMPRESAS,Femenino,2010-1,2016,Dependiente,Actividades de los hogares individuales en calidad de empleadores; actividades no diferenciadas de los hogares individuales como productores de bienes y servicios para uso propio,1,1,,"100,0%",$689.455
2812-Universidad EAN,9517-ADMINISTRACION DE EMPRESAS,Femenino,2010-1,2016,Dependiente,Actividades financieras y de seguros,2,2,,"100,0%",$4.167.500
2812-Universidad EAN,9517-ADMINISTRACION DE EMPRESAS,Femenino,2010-1,2016,Dependiente,Comercio al por mayor y al por menor; reparación de vehículos automotores y motocicletas,4,4,,"100,0%",$3.167.114
2812-Universidad EAN,9517-ADMINISTRACION DE EMPRESAS,Femenino,2010-1,2016,Dependiente,Educación,1,1,,"100,0%",$1.900.000
2812-Universidad EAN,9517-ADMINISTRACION DE EMPRESAS,Femenino,2010-1,2016,Dependiente,Información y comunicaciones,4,4,,"100,0%",$3.834.864
2812-Universidad EAN,9517-ADMINISTRACION DE EMPRESAS,Femenino,2010-1,2016,Dependiente,Sin información,2,2,,"100,0%",$4.487.000
2812-Universidad EAN,9517-ADMINISTRACION DE EMPRESAS,Femenino,2010-1,2016,Independiente,"Actividades profesionales, científicas y técnicas",1,1,,"100,0%",NaN
2812-Universidad EAN,9517-ADMINISTRACION DE EMPRESAS,Femenino,2010-1,2016,No cotizante,Sin información,2,0,,"0,0%",NaN
2812-Universidad EAN,9517-ADMINISTRACION DE EMPRESAS,Femenino,2010-1,2017,Dependiente,"Actividades profesionales, científicas y técnicas",1,1,,"100,0%",NaN
2812-Universidad EAN,9517-ADMINISTRACION DE EMPRESAS,Femenino,2010-1,2017,Dependiente,Comercio al por mayor y al por menor; reparación de vehículos automotores y motocicletas,4,4,,"100,0%",NaN
2812-Universidad EAN,9517-ADMINISTRACION DE EMPRESAS,Femenino,2010-1,2017,Dependiente,Educación,1,1,,"100,0%",NaN
2812-Universidad EAN,9517-ADMINISTRACION DE EMPRESAS,Femenino,2010-1,2017,Dependiente,Industrias manufactureras,1,1,,"100,0%",NaN
2812-Universidad EAN,9517-ADMINISTRACION DE EMPRESAS,Femenino,2010-1,2017,Dependiente,Información y comunicaciones,2,2,,"100,0%",NaN
2812-Universidad EAN,9517-ADMINISTRACION DE EMPRESAS,Femenino,2010-1,2017,Dependiente,Sin información,6,6,,"100,0%",NaN
2812-Universidad EAN,9517-ADMINISTRACION DE EMPRESAS,Femenino,2010-1,2017,Independiente,"Actividades profesionales, científicas y técnicas",1,1,,"100,0%",NaN
2812-Universidad EAN,9517-ADMINISTRACION DE EMPRESAS,Femenino,2010-1,2017,No cotizante,Sin información,2,0,,"0,0%",NaN
2812-Universidad EAN,9517-ADMINISTRACION DE EMPRESAS,Femenino,2010-1,2018,Dependiente,"Actividades profesionales, científicas y técnicas",1,1,,"100,0%",NaN
2812-Universidad EAN,9517-ADMINISTRACION DE EMPRESAS,Femenino,2010-1,2018,Dependiente,Comercio al por mayor y al por menor; reparación de vehículos automotores y motocicletas,3,3,,"100,0%",NaN
2812-Universidad EAN,9517-ADMINISTRACION DE EMPRESAS,Femenino,2010-1,2018,Dependiente,Educación,1,1,,"100,0%",NaN
2812-Universidad EAN,9517-ADMINISTRACION DE EMPRESAS,Femenino,2010-1,2018,Dependiente,Explotación de minas y canteras,1,1,,"100,0%",NaN
2812-Universidad EAN,9517-ADMINISTRACION DE EMPRESAS,Femenino,2010-1,2018,Dependiente,Industrias manufactureras,1,1,,"100,0%",NaN
2812-Universidad EAN,9517-ADMINISTRACION DE EMPRESAS,Femenino,2010-1,2018,Dependiente,Información y comunicaciones,2,2,,"100,0%",NaN
2812-Universidad EAN,9517-ADMINISTRACION DE EMPRESAS,Femenino,2010-1,2018,Dependiente,Sin información,4,4,,"100,0%",NaN
2812-Universidad EAN,9517-ADMINISTRACION DE EMPRESAS,Femenino,2010-1,2018,Independiente,"Actividades profesionales, científicas y técnicas",1,1,,"100,0%",NaN
2812-Universidad EAN,9517-ADMINISTRACION DE EMPRESAS,Femenino,2010-1,2018,Independiente,Sin información,1,1,,"100,0%",NaN
2812-Universidad EAN,9517-ADMINISTRACION DE EMPRESAS,Femenino,2010-1,2018,No cotizante,Sin información,3,0,,"0,0%",NaN
2812-Universidad EAN,9517-ADMINISTRACION DE EMPRESAS,Femenino,2010-1,2019,Dependiente,Actividades de servicios administrativos y de apoyo,1,1,,"100,0%",NaN
2812-Universidad EAN,9517-ADMINISTRACION DE EMPRESAS,Femenino,2010-1,2019,Dependiente,"Actividades profesionales, científicas y técnicas",2,2,,"100,0%",NaN
2812-Universidad EAN,9517-ADMINISTRACION DE EMPRESAS,Femenino,2010-1,2019,Dependiente,Administración pública y defensa; planes de seguridad social de afiliación obligatoria,2,2,,"100,0%",NaN
2812-Universidad EAN,9517-ADMINISTRACION DE EMPRESAS,Femenino,2010-1,2019,Dependiente,Comercio al por mayor y al por menor; reparación de vehículos automotores y motocicletas,4,4,,"100,0%",NaN
2812-Universidad EAN,9517-ADMINISTRACION DE EMPRESAS,Femenino,2010-1,2019,Dependiente,Educación,1,1,,"100,0%",NaN
2812-Universidad EAN,9517-ADMINISTRACION DE EMPRESAS,Femenino,2010-1,2019,Dependiente,Explotación de minas y canteras,1,1,,"100,0%",NaN
2812-Universidad EAN,9517-ADMINISTRACION DE EMPRESAS,Femenino,2010-1,2019,Dependiente,Información y comunicaciones,2,2,,"100,0%",NaN
2812-Universidad EAN,9517-ADMINISTRACION DE EMPRESAS,Femenino,2010-1,2019,No cotizante,Sin información,5,0,,"0,0%",NaN
2812-Universidad EAN,9517-ADMINISTRACION DE EMPRESAS,Femenino,2010-1,2020,Dependiente,Actividades financieras y de seguros,1,1,,"100,0%",NaN
2812-Universidad EAN,9517-ADMINISTRACION DE EMPRESAS,Femenino,2010-1,2020,Dependiente,Administración pública y defensa; planes de seguridad social de afiliación obligatoria,2,2,,"100,0%",NaN
2812-Universidad EAN,9517-ADMINISTRACION DE EMPRESAS,Femenino,2010-1,2020,Dependiente,Comercio al por mayor y al por menor; reparación de vehículos automotores y motocicletas,5,5,,"100,0%",NaN
2812-Universidad EAN,9517-ADMINISTRACION DE EMPRESAS,Femenino,2010-1,2020,Dependiente,Construccion,1,1,,"100,0%",NaN
2812-Universidad EAN,9517-ADMINISTRACION DE EMPRESAS,Femenino,2010-1,2020,Dependiente,Educación,1,1,,"100,0%",NaN
2812-Universidad EAN,9517-ADMINISTRACION DE EMPRESAS,Femenino,2010-1,2020,Dependiente,Explotación de minas y canteras,1,1,,"100,0%",NaN
2812-Universidad EAN,9517-ADMINISTRACION DE EMPRESAS,Femenino,2010-1,2020,Dependiente,Información y comunicaciones,2,2,,"100,0%",NaN
2812-Universidad EAN,9517-ADMINISTRACION DE EMPRESAS,Femenino,2010-1,2020,No cotizante,Sin información,5,0,,"0,0%",NaN
2812-Universidad EAN,9517-ADMINISTRACION DE EMPRESAS,Femenino,2010-1,2021,Dependiente,Actividades de servicios administrativos y de apoyo,1,1,,"100,0%",NaN
2812-Universidad EAN,9517-ADMINISTRACION DE EMPRESAS,Femenino,2010-1,2021,Dependiente,"Actividades profesionales, científicas y técnicas",1,1,,"100,0%",NaN
2812-Universidad EAN,9517-ADMINISTRACION DE EMPRESAS,Femenino,2010-1,2021,Dependiente,Administración pública y defensa; planes de seguridad social de afiliación obligatoria,2,2,,"100,0%",NaN
2812-Universidad EAN,9517-ADMINISTRACION DE EMPRESAS,Femenino,2010-1,2021,Dependiente,Comercio al por mayor y al por menor; reparación de vehículos automotores y motocicletas,4,4,,"100,0%",NaN
2812-Universidad EAN,9517-ADMINISTRACION DE EMPRESAS,Femenino,2010-1,2021,Dependiente,Construccion,1,1,,"100,0%",NaN
2812-Universidad EAN,9517-ADMINISTRACION DE EMPRESAS,Femenino,2010-1,2021,Dependiente,Educación,1,1,,"100,0%",NaN
2812-Universidad EAN,9517-ADMINISTRACION DE EMPRESAS,Femenino,2010-1,2021,Dependiente,Explotación de minas y canteras,1,1,,"100,0%",NaN
2812-Universidad EAN,9517-ADMINISTRACION DE EMPRESAS,Femenino,2010-1,2021,Dependiente,Información y comunicaciones,2,2,,"100,0%",NaN
2812-Universidad EAN,9517-ADMINISTRACION DE EMPRESAS,Femenino,2010-1,2021,No cotizante,Sin información,5,0,,"0,0%",NaN
2812-Universidad EAN,9517-ADMINISTRACION DE EMPRESAS,Femenino,2010-1,2022,Dependiente,Actividades de servicios administrativos y de apoyo,1,1,,"100,0%",NaN
2812-Universidad EAN,9517-ADMINISTRACION DE EMPRESAS,Femenino,2010-1,2022,Dependiente,"Actividades profesionales, científicas y técnicas",3,3,,"100,0%",NaN
2812-Universidad EAN,9517-ADMINISTRACION DE EMPRESAS,Femenino,2010-1,2022,Dependiente,Administración pública y defensa; planes de seguridad social de afiliación obligatoria,2,2,,"100,0%",NaN
2812-Universidad EAN,9517-ADMINISTRACION DE EMPRESAS,Femenino,2010-1,2022,Dependiente,"Agricultura, ganadería, caza, silvicultura y pesca",1,1,,"100,0%",NaN
2812-Universidad EAN,9517-ADMINISTRACION DE EMPRESAS,Femenino,2010-1,2022,Dependiente,Comercio al por mayor y al por menor; reparación de vehículos automotores y motocicletas,3,3,,"100,0%",NaN
2812-Universidad EAN,9517-ADMINISTRACION DE EMPRESAS,Femenino,2010-1,2022,Dependiente,Construccion,1,1,,"100,0%",NaN
2812-Universidad EAN,9517-ADMINISTRACION DE EMPRESAS,Femenino,2010-1,2022,Dependiente,Educación,1,1,,"100,0%",NaN
2812-Universidad EAN,9517-ADMINISTRACION DE EMPRESAS,Femenino,2010-1,2022,Dependiente,Información y comunicaciones,1,1,,"100,0%",NaN
2812-Universidad EAN,9517-ADMINISTRACION DE EMPRESAS,Femenino,2010-1,2022,No cotizante,SIN DATO,5,0,,"0,0%",NaN
2812-Universidad EAN,9517-ADMINISTRACION DE EMPRESAS,Femenino,2010-1,2023,Dependiente,Actividades de servicios administrativos y de apoyo,1,1,,"100,0%",NaN
2812-Universidad EAN,9517-ADMINISTRACION DE EMPRESAS,Femenino,2010-1,2023,Dependiente,"Actividades profesionales, científicas y técnicas",2,2,,"100,0%",NaN
2812-Universidad EAN,9517-ADMINISTRACION DE EMPRESAS,Femenino,2010-1,2023,Dependiente,Administración pública y defensa; planes de seguridad social de afiliación obligatoria,2,2,,"100,0%",NaN
2812-Universidad EAN,9517-ADMINISTRACION DE EMPRESAS,Femenino,2010-1,2023,Dependiente,Comercio al por mayor y al por menor; reparación de vehículos automotores y motocicletas,3,3,,"100,0%",NaN
2812-Universidad EAN,9517-ADMINISTRACION DE EMPRESAS,Femenino,2010-1,2023,Dependiente,Construccion,1,1,,"100,0%",NaN
2812-Universidad EAN,9517-ADMINISTRACION DE EMPRESAS,Femenino,2010-1,2023,Dependiente,Educación,1,1,,"100,0%",NaN
2812-Universidad EAN,9517-ADMINISTRACION DE EMPRESAS,Femenino,2010-1,2023,Dependiente,Industrias manufactureras,1,1,,"100,0%",NaN
2812-Universidad EAN,9517-ADMINISTRACION DE EMPRESAS,Femenino,2010-1,2023,Dependiente,Información y comunicaciones,1,1,,"100,0%",NaN
2812-Universidad EAN,9517-ADMINISTRACION DE EMPRESAS,Femenino,2010-1,2023,No cotizante,SIN DATO,6,0,,"0,0%",NaN
2812-Universidad EAN,9517-ADMINISTRACION DE EMPRESAS,Masculino,2010-1,2016,Dependiente,Actividades financieras y de seguros,2,2,,"100,0%",$4.521.000
2812-Universidad EAN,9517-ADMINISTRACION DE EMPRESAS,Masculino,2010-1,2016,Dependiente,"Actividades profesionales, científicas y técnicas",4,4,,"100,0%",$4.048.500
2812-Universidad EAN,9517-ADMINISTRACION DE EMPRESAS,Masculino,2010-1,2016,Dependiente,Construccion,1,1,,"100,0%",$2.911.000
2812-Universidad EAN,9517-ADMINISTRACION DE EMPRESAS,Masculino,2010-1,2016,Dependiente,Sin información,1,1,,"100,0%",$3.527.000
2812-Universidad EAN,9517-ADMINISTRACION DE EMPRESAS,Masculino,2010-1,2016,Independiente,"Actividades profesionales, científicas y técnicas",1,1,,"100,0%",NaN
2812-Universidad EAN,9517-ADMINISTRACION DE EMPRESAS,Masculino,2010-1,2016,No cotizante,Sin información,8,0,,"0,0%",NaN
2812-Universidad EAN,9517-ADMINISTRACION DE EMPRESAS,Masculino,2010-1,2017,Dependiente,Actividades de servicios administrativos y de apoyo,1,1,,"100,0%",NaN
2812-Universidad EAN,9517-ADMINISTRACION DE EMPRESAS,Masculino,2010-1,2017,Dependiente,Actividades financieras y de seguros,1,1,,"100,0%",NaN
2812-Universidad EAN,9517-ADMINISTRACION DE EMPRESAS,Masculino,2010-1,2017,Dependiente,"Actividades profesionales, científicas y técnicas",2,2,,"100,0%",NaN
2812-Universidad EAN,9517-ADMINISTRACION DE EMPRESAS,Masculino,2010-1,2017,Dependiente,Comercio al por mayor y al por menor; reparación de vehículos automotores y motocicletas,1,1,,"100,0%",NaN
2812-Universidad EAN,9517-ADMINISTRACION DE EMPRESAS,Masculino,2010-1,2017,Dependiente,Sin información,2,2,,"100,0%",NaN
2812-Universidad EAN,9517-ADMINISTRACION DE EMPRESAS,Masculino,2010-1,2017,Independiente,"Agricultura, ganadería, caza, silvicultura y pesca",1,1,,"100,0%",NaN
2812-Universidad EAN,9517-ADMINISTRACION DE EMPRESAS,Masculino,2010-1,2017,No cotizante,Sin información,9,0,,"0,0%",NaN
2812-Universidad EAN,9517-ADMINISTRACION DE EMPRESAS,Masculino,2010-1,2018,Dependiente,Actividades financieras y de seguros,1,1,,"100,0%",NaN
2812-Universidad EAN,9517-ADMINISTRACION DE EMPRESAS,Masculino,2010-1,2018,Dependiente,"Actividades profesionales, científicas y técnicas",2,2,,"100,0%",NaN
2812-Universidad EAN,9517-ADMINISTRACION DE EMPRESAS,Masculino,2010-1,2018,Dependiente,Comercio al por mayor y al por menor; reparación de vehículos automotores y motocicletas,1,1,,"100,0%",NaN
2812-Universidad EAN,9517-ADMINISTRACION DE EMPRESAS,Masculino,2010-1,2018,Dependiente,Sin información,3,3,,"100,0%",NaN
2812-Universidad EAN,9517-ADMINISTRACION DE EMPRESAS,Masculino,2010-1,2018,Dependiente,Transporte y almacenamiento,1,1,,"100,0%",NaN
2812-Universidad EAN,9517-ADMINISTRACION DE EMPRESAS,Masculino,2010-1,2018,Independiente,"Actividades profesionales, científicas y técnicas",1,1,,"100,0%",NaN
2812-Universidad EAN,9517-ADMINISTRACION DE EMPRESAS,Masculino,2010-1,2018,Independiente,"Agricultura, ganadería, caza, silvicultura y pesca",1,1,,"100,0%",NaN
2812-Universidad EAN,9517-ADMINISTRACION DE EMPRESAS,Masculino,2010-1,2018,No cotizante,Sin información,6,0,,"0,0%",NaN
2812-Universidad EAN,9517-ADMINISTRACION DE EMPRESAS,Masculino,2010-1,2019,Dependiente,Actividades de servicios administrativos y de apoyo,1,1,,"100,0%",NaN
2812-Universidad EAN,9517-ADMINISTRACION DE EMPRESAS,Masculino,2010-1,2019,Dependiente,Actividades financieras y de seguros,2,2,,"100,0%",NaN
2812-Universidad EAN,9517-ADMINISTRACION DE EMPRESAS,Masculino,2010-1,2019,Dependiente,"Actividades profesionales, científicas y técnicas",2,2,,"100,0%",NaN
2812-Universidad EAN,9517-ADMINISTRACION DE EMPRESAS,Masculino,2010-1,2019,Dependiente,Comercio al por mayor y al por menor; reparación de vehículos automotores y motocicletas,1,1,,"100,0%",NaN
2812-Universidad EAN,9517-ADMINISTRACION DE EMPRESAS,Masculino,2010-1,2019,Independiente,Actividades de servicios administrativos y de apoyo,1,1,,"100,0%",NaN
2812-Universidad EAN,9517-ADMINISTRACION DE EMPRESAS,Masculino,2010-1,2019,Independiente,"Agricultura, ganadería, caza, silvicultura y pesca",1,1,,"100,0%",NaN
2812-Universidad EAN,9517-ADMINISTRACION DE EMPRESAS,Masculino,2010-1,2019,No cotizante,Sin información,7,0,,"0,0%",NaN
2812-Universidad EAN,9517-ADMINISTRACION DE EMPRESAS,Masculino,2010-1,2020,Dependiente,Actividades financieras y de seguros,2,2,,"100,0%",NaN
2812-Universidad EAN,9517-ADMINISTRACION DE EMPRESAS,Masculino,2010-1,2020,Dependiente,"Actividades profesionales, científicas y técnicas",2,2,,"100,0%",NaN
2812-Universidad EAN,9517-ADMINISTRACION DE EMPRESAS,Masculino,2010-1,2020,Dependiente,Comercio al por mayor y al por menor; reparación de vehículos automotores y motocicletas,1,1,,"100,0%",NaN
2812-Universidad EAN,9517-ADMINISTRACION DE EMPRESAS,Masculino,2010-1,2020,Dependiente,Transporte y almacenamiento,1,1,,"100,0%",NaN
2812-Universidad EAN,9517-ADMINISTRACION DE EMPRESAS,Masculino,2010-1,2020,Independiente,"Agricultura, ganadería, caza, silvicultura y pesca",1,1,,"100,0%",NaN
2812-Universidad EAN,9517-ADMINISTRACION DE EMPRESAS,Masculino,2010-1,2020,No cotizante,Sin información,8,0,,"0,0%",NaN
2812-Universidad EAN,9517-ADMINISTRACION DE EMPRESAS,Masculino,2010-1,2021,Dependiente,Actividades financieras y de seguros,2,2,,"100,0%",NaN
2812-Universidad EAN,9517-ADMINISTRACION DE EMPRESAS,Masculino,2010-1,2021,Dependiente,"Actividades profesionales, científicas y técnicas",1,1,,"100,0%",NaN
2812-Universidad EAN,9517-ADMINISTRACION DE EMPRESAS,Masculino,2010-1,2021,Dependiente,Comercio al por mayor y al por menor; reparación de vehículos automotores y motocicletas,1,1,,"100,0%",NaN
2812-Universidad EAN,9517-ADMINISTRACION DE EMPRESAS,Masculino,2010-1,2021,Dependiente,Transporte y almacenamiento,1,1,,"100,0%",NaN
2812-Universidad EAN,9517-ADMINISTRACION DE EMPRESAS,Masculino,2010-1,2021,Independiente,"Actividades profesionales, científicas y técnicas",1,1,,"100,0%",NaN
2812-Universidad EAN,9517-ADMINISTRACION DE EMPRESAS,Masculino,2010-1,2021,Independiente,"Agricultura, ganadería, caza, silvicultura y pesca",1,1,,"100,0%",NaN
2812-Universidad EAN,9517-ADMINISTRACION DE EMPRESAS,Masculino,2010-1,2021,No cotizante,Sin información,8,0,,"0,0%",NaN
2812-Universidad EAN,9517-ADMINISTRACION DE EMPRESAS,Masculino,2010-1,2022,Dependiente,Actividades financieras y de seguros,2,2,,"100,0%",NaN
2812-Universidad EAN,9517-ADMINISTRACION DE EMPRESAS,Masculino,2010-1,2022,Dependiente,"Actividades profesionales, científicas y técnicas",1,1,,"100,0%",NaN
2812-Universidad EAN,9517-ADMINISTRACION DE EMPRESAS,Masculino,2010-1,2022,Dependiente,Comercio al por mayor y al por menor; reparación de vehículos automotores y motocicletas,1,1,,"100,0%",NaN
2812-Universidad EAN,9517-ADMINISTRACION DE EMPRESAS,Masculino,2010-1,2022,Dependiente,Transporte y almacenamiento,1,1,,"100,0%",NaN
2812-Universidad EAN,9517-ADMINISTRACION DE EMPRESAS,Masculino,2010-1,2022,Independiente,"Actividades profesionales, científicas y técnicas",1,1,,"100,0%",NaN
2812-Universidad EAN,9517-ADMINISTRACION DE EMPRESAS,Masculino,2010-1,2022,Independiente,"Agricultura, ganadería, caza, silvicultura y pesca",1,1,,"100,0%",NaN
2812-Universidad EAN,9517-ADMINISTRACION DE EMPRESAS,Masculino,2010-1,2022,No cotizante,SIN DATO,8,0,,"0,0%",NaN
2812-Universidad EAN,9517-ADMINISTRACION DE EMPRESAS,Masculino,2010-1,2023,Dependiente,Actividades financieras y de seguros,2,2,,"100,0%",NaN
2812-Universidad EAN,9517-ADMINISTRACION DE EMPRESAS,Masculino,2010-1,2023,Dependiente,Comercio al por mayor y al por menor; reparación de vehículos automotores y motocicletas,1,1,,"100,0%",NaN
2812-Universidad EAN,9517-ADMINISTRACION DE EMPRESAS,Masculino,2010-1,2023,Dependiente,Industrias manufactureras,1,1,,"100,0%",NaN
2812-Universidad EAN,9517-ADMINISTRACION DE EMPRESAS,Masculino,2010-1,2023,Dependiente,Información y comunicaciones,1,1,,"100,0%",NaN
2812-Universidad EAN,9517-ADMINISTRACION DE EMPRESAS,Masculino,2010-1,2023,Dependiente,Transporte y almacenamiento,1,1,,"100,0%",NaN
2812-Universidad EAN,9517-ADMINISTRACION DE EMPRESAS,Masculino,2010-1,2023,Independiente,"Agricultura, ganadería, caza, silvicultura y pesca",1,1,,"100,0%",NaN
2812-Universidad EAN,9517-ADMINISTRACION DE EMPRESAS,Masculino,2010-1,2023,No cotizante,SIN DATO,8,0,,"0,0%",NaN
2812-Universidad EAN,8322-ESPECIALIZACION EN ADMINISTRACION DE EMPRESAS,Femenino,2010-1,2016,Dependiente,"Actividades profesionales, científicas y técnicas",1,1,,"100,0%",$6.279.000
2812-Universidad EAN,8322-ESPECIALIZACION EN ADMINISTRACION DE EMPRESAS,Femenino,2010-1,2016,Dependiente,Explotación de minas y canteras,1,1,,"100,0%",$5.500.000
2812-Universidad EAN,8322-ESPECIALIZACION EN ADMINISTRACION DE EMPRESAS,Femenino,2010-1,2016,Independiente,"Actividades profesionales, científicas y técnicas",1,1,,"100,0%",NaN
2812-Universidad EAN,8322-ESPECIALIZACION EN ADMINISTRACION DE EMPRESAS,Femenino,2010-1,2016,Independiente,Información y comunicaciones,1,1,,"100,0%",NaN
2812-Universidad EAN,8322-ESPECIALIZACION EN ADMINISTRACION DE EMPRESAS,Femenino,2010-1,2017,Dependiente,"Actividades profesionales, científicas y técnicas",1,1,,"100,0%",NaN
2812-Universidad EAN,8322-ESPECIALIZACION EN ADMINISTRACION DE EMPRESAS,Femenino,2010-1,2017,Dependiente,Sin información,1,1,,"100,0%",NaN
2812-Universidad EAN,8322-ESPECIALIZACION EN ADMINISTRACION DE EMPRESAS,Femenino,2010-1,2017,Independiente,Actividades de servicios administrativos y de apoyo,1,1,,"100,0%",NaN
2812-Universidad EAN,8322-ESPECIALIZACION EN ADMINISTRACION DE EMPRESAS,Femenino,2010-1,2017,Independiente,Administración pública y defensa; planes de seguridad social de afiliación obligatoria,1,1,,"100,0%",NaN
2812-Universidad EAN,8322-ESPECIALIZACION EN ADMINISTRACION DE EMPRESAS,Femenino,2010-1,2018,Dependiente,"Actividades profesionales, científicas y técnicas",1,1,,"100,0%",NaN
2812-Universidad EAN,8322-ESPECIALIZACION EN ADMINISTRACION DE EMPRESAS,Femenino,2010-1,2018,Dependiente,Sin información,1,1,,"100,0%",NaN
2812-Universidad EAN,8322-ESPECIALIZACION EN ADMINISTRACION DE EMPRESAS,Femenino,2010-1,2018,Independiente,Actividades de servicios administrativos y de apoyo,1,1,,"100,0%",NaN
2812-Universidad EAN,8322-ESPECIALIZACION EN ADMINISTRACION DE EMPRESAS,Femenino,2010-1,2018,Independiente,Administración pública y defensa; planes de seguridad social de afiliación obligatoria,1,1,,"100,0%",NaN
2812-Universidad EAN,8322-ESPECIALIZACION EN ADMINISTRACION DE EMPRESAS,Femenino,2010-1,2019,Dependiente,Actividades de servicios administrativos y de apoyo,1,1,,"100,0%",NaN
2812-Universidad EAN,8322-ESPECIALIZACION EN ADMINISTRACION DE EMPRESAS,Femenino,2010-1,2019,Dependiente,"Actividades profesionales, científicas y técnicas",1,1,,"100,0%",NaN
2812-Universidad EAN,8322-ESPECIALIZACION EN ADMINISTRACION DE EMPRESAS,Femenino,2010-1,2019,Independiente,Actividades de servicios administrativos y de apoyo,1,1,,"100,0%",NaN
2812-Universidad EAN,8322-ESPECIALIZACION EN ADMINISTRACION DE EMPRESAS,Femenino,2010-1,2019,Independiente,Administración pública y defensa; planes de seguridad social de afiliación obligatoria,1,1,,"100,0%",NaN
2812-Universidad EAN,8322-ESPECIALIZACION EN ADMINISTRACION DE EMPRESAS,Femenino,2010-1,2020,Dependiente,Actividades de servicios administrativos y de apoyo,1,1,,"100,0%",NaN
2812-Universidad EAN,8322-ESPECIALIZACION EN ADMINISTRACION DE EMPRESAS,Femenino,2010-1,2020,Dependiente,"Actividades profesionales, científicas y técnicas",1,1,,"100,0%",NaN
2812-Universidad EAN,8322-ESPECIALIZACION EN ADMINISTRACION DE EMPRESAS,Femenino,2010-1,2020,Independiente,Actividades de servicios administrativos y de apoyo,1,1,,"100,0%",NaN
2812-Universidad EAN,8322-ESPECIALIZACION EN ADMINISTRACION DE EMPRESAS,Femenino,2010-1,2020,Independiente,Administración pública y defensa; planes de seguridad social de afiliación obligatoria,1,1,,"100,0%",NaN
2812-Universidad EAN,8322-ESPECIALIZACION EN ADMINISTRACION DE EMPRESAS,Femenino,2010-1,2021,Dependiente,Actividades de servicios administrativos y de apoyo,1,1,,"100,0%",NaN
2812-Universidad EAN,8322-ESPECIALIZACION EN ADMINISTRACION DE EMPRESAS,Femenino,2010-1,2021,Dependiente,"Actividades profesionales, científicas y técnicas",1,1,,"100,0%",NaN
2812-Universidad EAN,8322-ESPECIALIZACION EN ADMINISTRACION DE EMPRESAS,Femenino,2010-1,2021,Independiente,Administración pública y defensa; planes de seguridad social de afiliación obligatoria,1,1,,"100,0%",NaN
2812-Universidad EAN,8322-ESPECIALIZACION EN ADMINISTRACION DE EMPRESAS,Femenino,2010-1,2021,No cotizante,Sin información,1,0,,"0,0%",NaN
2812-Universidad EAN,8322-ESPECIALIZACION EN ADMINISTRACION DE EMPRESAS,Femenino,2010-1,2022,Dependiente,"Actividades profesionales, científicas y técnicas",1,1,,"100,0%",NaN
2812-Universidad EAN,8322-ESPECIALIZACION EN ADMINISTRACION DE EMPRESAS,Femenino,2010-1,2022,Independiente,Administración pública y defensa; planes de seguridad social de afiliación obligatoria,1,1,,"100,0%",NaN
2812-Universidad EAN,8322-ESPECIALIZACION EN ADMINISTRACION DE EMPRESAS,Femenino,2010-1,2022,No cotizante,SIN DATO,2,0,,"0,0%",NaN
2812-Universidad EAN,8322-ESPECIALIZACION EN ADMINISTRACION DE EMPRESAS,Femenino,2010-1,2023,Dependiente,Transporte y almacenamiento,1,1,,"100,0%",NaN
2812-Universidad EAN,8322-ESPECIALIZACION EN ADMINISTRACION DE EMPRESAS,Femenino,2010-1,2023,Independiente,Administración pública y defensa; planes de seguridad social de afiliación obligatoria,1,1,,"100,0%",NaN
2812-Universidad EAN,8322-ESPECIALIZACION EN ADMINISTRACION DE EMPRESAS,Femenino,2010-1,2023,No cotizante,SIN DATO,2,0,,"0,0%",NaN
2812-Universidad EAN,8322-ESPECIALIZACION EN ADMINISTRACION DE EMPRESAS,Masculino,2010-1,2016,Dependiente,Administración pública y defensa; planes de seguridad social de afiliación obligatoria,1,1,,"100,0%",$6.381.000
2812-Universidad EAN,8322-ESPECIALIZACION EN ADMINISTRACION DE EMPRESAS,Masculino,2010-1,2016,Dependiente,Comercio al por mayor y al por menor; reparación de vehículos automotores y motocicletas,1,1,,"100,0%",$17.052.000
2812-Universidad EAN,8322-ESPECIALIZACION EN ADMINISTRACION DE EMPRESAS,Masculino,2010-1,2016,Dependiente,Construccion,2,2,,"100,0%",$7.091.000
2812-Universidad EAN,8322-ESPECIALIZACION EN ADMINISTRACION DE EMPRESAS,Masculino,2010-1,2016,Dependiente,Explotación de minas y canteras,1,1,,"100,0%",$10.003.000
2812-Universidad EAN,8322-ESPECIALIZACION EN ADMINISTRACION DE EMPRESAS,Masculino,2010-1,2016,Dependiente,Información y comunicaciones,1,1,,"100,0%",$6.274.000
2812-Universidad EAN,8322-ESPECIALIZACION EN ADMINISTRACION DE EMPRESAS,Masculino,2010-1,2016,Dependiente,Sin información,1,1,,"100,0%",$689.455
2812-Universidad EAN,8322-ESPECIALIZACION EN ADMINISTRACION DE EMPRESAS,Masculino,2010-1,2017,Dependiente,"Actividades profesionales, científicas y técnicas",1,1,,"100,0%",NaN
2812-Universidad EAN,8322-ESPECIALIZACION EN ADMINISTRACION DE EMPRESAS,Masculino,2010-1,2017,Dependiente,Administración pública y defensa; planes de seguridad social de afiliación obligatoria,1,1,,"100,0%",NaN
2812-Universidad EAN,8322-ESPECIALIZACION EN ADMINISTRACION DE EMPRESAS,Masculino,2010-1,2017,Dependiente,Construccion,1,1,,"100,0%",NaN
2812-Universidad EAN,8322-ESPECIALIZACION EN ADMINISTRACION DE EMPRESAS,Masculino,2010-1,2017,Dependiente,Explotación de minas y canteras,1,1,,"100,0%",NaN
2812-Universidad EAN,8322-ESPECIALIZACION EN ADMINISTRACION DE EMPRESAS,Masculino,2010-1,2017,Dependiente,Sin información,2,2,,"100,0%",NaN
2812-Universidad EAN,8322-ESPECIALIZACION EN ADMINISTRACION DE EMPRESAS,Masculino,2010-1,2018,Dependiente,"Actividades profesionales, científicas y técnicas",1,1,,"100,0%",NaN
2812-Universidad EAN,8322-ESPECIALIZACION EN ADMINISTRACION DE EMPRESAS,Masculino,2010-1,2018,Dependiente,Administración pública y defensa; planes de seguridad social de afiliación obligatoria,1,1,,"100,0%",NaN
2812-Universidad EAN,8322-ESPECIALIZACION EN ADMINISTRACION DE EMPRESAS,Masculino,2010-1,2018,Dependiente,Construccion,1,1,,"100,0%",NaN
2812-Universidad EAN,8322-ESPECIALIZACION EN ADMINISTRACION DE EMPRESAS,Masculino,2010-1,2018,Dependiente,Explotación de minas y canteras,1,1,,"100,0%",NaN
2812-Universidad EAN,8322-ESPECIALIZACION EN ADMINISTRACION DE EMPRESAS,Masculino,2010-1,2018,Dependiente,Sin información,2,2,,"100,0%",NaN
2812-Universidad EAN,8322-ESPECIALIZACION EN ADMINISTRACION DE EMPRESAS,Masculino,2010-1,2019,Dependiente,"Actividades profesionales, científicas y técnicas",3,3,,"100,0%",NaN
2812-Universidad EAN,8322-ESPECIALIZACION EN ADMINISTRACION DE EMPRESAS,Masculino,2010-1,2019,Dependiente,Administración pública y defensa; planes de seguridad social de afiliación obligatoria,1,1,,"100,0%",NaN
2812-Universidad EAN,8322-ESPECIALIZACION EN ADMINISTRACION DE EMPRESAS,Masculino,2010-1,2019,Dependiente,Explotación de minas y canteras,1,1,,"100,0%",NaN
2812-Universidad EAN,8322-ESPECIALIZACION EN ADMINISTRACION DE EMPRESAS,Masculino,2010-1,2019,Dependiente,Sin información,1,1,,"100,0%",NaN
2812-Universidad EAN,8322-ESPECIALIZACION EN ADMINISTRACION DE EMPRESAS,Masculino,2010-1,2020,Dependiente,"Actividades profesionales, científicas y técnicas",3,3,,"100,0%",NaN
2812-Universidad EAN,8322-ESPECIALIZACION EN ADMINISTRACION DE EMPRESAS,Masculino,2010-1,2020,Dependiente,Administración pública y defensa; planes de seguridad social de afiliación obligatoria,1,1,,"100,0%",NaN
2812-Universidad EAN,8322-ESPECIALIZACION EN ADMINISTRACION DE EMPRESAS,Masculino,2010-1,2020,Dependiente,Explotación de minas y canteras,1,1,,"100,0%",NaN
2812-Universidad EAN,8322-ESPECIALIZACION EN ADMINISTRACION DE EMPRESAS,Masculino,2010-1,2020,Dependiente,Otras actividades de servicios,1,1,,"100,0%",NaN
2812-Universidad EAN,8322-ESPECIALIZACION EN ADMINISTRACION DE EMPRESAS,Masculino,2010-1,2021,Dependiente,Actividades de servicios administrativos y de apoyo,2,2,,"100,0%",NaN
2812-Universidad EAN,8322-ESPECIALIZACION EN ADMINISTRACION DE EMPRESAS,Masculino,2010-1,2021,Dependiente,"Actividades profesionales, científicas y técnicas",1,1,,"100,0%",NaN
2812-Universidad EAN,8322-ESPECIALIZACION EN ADMINISTRACION DE EMPRESAS,Masculino,2010-1,2021,Dependiente,Industrias manufactureras,1,1,,"100,0%",NaN
2812-Universidad EAN,8322-ESPECIALIZACION EN ADMINISTRACION DE EMPRESAS,Masculino,2010-1,2021,Dependiente,Otras actividades de servicios,1,1,,"100,0%",NaN
2812-Universidad EAN,8322-ESPECIALIZACION EN ADMINISTRACION DE EMPRESAS,Masculino,2010-1,2021,No cotizante,Sin información,1,0,,"0,0%",NaN
2812-Universidad EAN,8322-ESPECIALIZACION EN ADMINISTRACION DE EMPRESAS,Masculino,2010-1,2022,Dependiente,Actividades de servicios administrativos y de apoyo,1,1,,"100,0%",NaN
2812-Universidad EAN,8322-ESPECIALIZACION EN ADMINISTRACION DE EMPRESAS,Masculino,2010-1,2022,Dependiente,"Actividades profesionales, científicas y técnicas",1,1,,"100,0%",NaN
2812-Universidad EAN,8322-ESPECIALIZACION EN ADMINISTRACION DE EMPRESAS,Masculino,2010-1,2022,Dependiente,Industrias manufactureras,1,1,,"100,0%",NaN
2812-Universidad EAN,8322-ESPECIALIZACION EN ADMINISTRACION DE EMPRESAS,Masculino,2010-1,2022,Dependiente,Otras actividades de servicios,1,1,,"100,0%",NaN
2812-Universidad EAN,8322-ESPECIALIZACION EN ADMINISTRACION DE EMPRESAS,Masculino,2010-1,2022,Independiente,Actividades de servicios administrativos y de apoyo,1,1,,"100,0%",NaN
2812-Universidad EAN,8322-ESPECIALIZACION EN ADMINISTRACION DE EMPRESAS,Masculino,2010-1,2022,No cotizante,SIN DATO,1,0,,"0,0%",NaN
2812-Universidad EAN,8322-ESPECIALIZACION EN ADMINISTRACION DE EMPRESAS,Masculino,2010-1,2023,Dependiente,Actividades de servicios administrativos y de apoyo,1,1,,"100,0%",NaN
2812-Universidad EAN,8322-ESPECIALIZACION EN ADMINISTRACION DE EMPRESAS,Masculino,2010-1,2023,Dependiente,"Actividades profesionales, científicas y técnicas",1,1,,"100,0%",NaN
2812-Universidad EAN,8322-ESPECIALIZACION EN ADMINISTRACION DE EMPRESAS,Masculino,2010-1,2023,Dependiente,Industrias manufactureras,1,1,,"100,0%",NaN
2812-Universidad EAN,8322-ESPECIALIZACION EN ADMINISTRACION DE EMPRESAS,Masculino,2010-1,2023,Independiente,Actividades de servicios administrativos y de apoyo,1,1,,"100,0%",NaN
2812-Universidad EAN,8322-ESPECIALIZACION EN ADMINISTRACION DE EMPRESAS,Masculino,2010-1,2023,No cotizante,SIN DATO,2,0,,"0,0%",NaN
2812-Universidad EAN,8979-ESPECIALIZACION EN GERENCIA DE PROCESOS DE CALIDAD E INNOVACION,Femenino,2010-1,2016,Dependiente,Actividades financieras y de seguros,1,1,,"100,0%",$3.181.043
2812-Universidad EAN,8979-ESPECIALIZACION EN GERENCIA DE PROCESOS DE CALIDAD E INNOVACION,Femenino,2010-1,2016,Dependiente,"Actividades profesionales, científicas y técnicas",2,2,,"100,0%",$2.535.000
2812-Universidad EAN,8979-ESPECIALIZACION EN GERENCIA DE PROCESOS DE CALIDAD E INNOVACION,Femenino,2010-1,2016,Dependiente,Comercio al por mayor y al por menor; reparación de vehículos automotores y motocicletas,1,1,,"100,0%",$3.361.000
2812-Universidad EAN,8979-ESPECIALIZACION EN GERENCIA DE PROCESOS DE CALIDAD E INNOVACION,Femenino,2010-1,2016,Dependiente,Educación,1,1,,"100,0%",$2.500.000
2812-Universidad EAN,8979-ESPECIALIZACION EN GERENCIA DE PROCESOS DE CALIDAD E INNOVACION,Femenino,2010-1,2016,Dependiente,Información y comunicaciones,1,1,,"100,0%",$1.000.000
2812-Universidad EAN,8979-ESPECIALIZACION EN GERENCIA DE PROCESOS DE CALIDAD E INNOVACION,Femenino,2010-1,2016,Independiente,Actividades inmobiliarias,1,1,,"100,0%",NaN
2812-Universidad EAN,8979-ESPECIALIZACION EN GERENCIA DE PROCESOS DE CALIDAD E INNOVACION,Femenino,2010-1,2016,Independiente,"Actividades profesionales, científicas y técnicas",1,1,,"100,0%",NaN
2812-Universidad EAN,8979-ESPECIALIZACION EN GERENCIA DE PROCESOS DE CALIDAD E INNOVACION,Femenino,2010-1,2016,No cotizante,Sin información,1,0,,"0,0%",NaN
2812-Universidad EAN,8979-ESPECIALIZACION EN GERENCIA DE PROCESOS DE CALIDAD E INNOVACION,Femenino,2010-1,2017,Dependiente,Actividades financieras y de seguros,1,1,,"100,0%",NaN
2812-Universidad EAN,8979-ESPECIALIZACION EN GERENCIA DE PROCESOS DE CALIDAD E INNOVACION,Femenino,2010-1,2017,Dependiente,"Actividades profesionales, científicas y técnicas",1,1,,"100,0%",NaN
2812-Universidad EAN,8979-ESPECIALIZACION EN GERENCIA DE PROCESOS DE CALIDAD E INNOVACION,Femenino,2010-1,2017,Dependiente,Industrias manufactureras,1,1,,"100,0%",NaN
2812-Universidad EAN,8979-ESPECIALIZACION EN GERENCIA DE PROCESOS DE CALIDAD E INNOVACION,Femenino,2010-1,2017,Dependiente,Sin información,3,3,,"100,0%",NaN
2812-Universidad EAN,8979-ESPECIALIZACION EN GERENCIA DE PROCESOS DE CALIDAD E INNOVACION,Femenino,2010-1,2017,Independiente,"Actividades profesionales, científicas y técnicas",2,2,,"100,0%",NaN
2812-Universidad EAN,8979-ESPECIALIZACION EN GERENCIA DE PROCESOS DE CALIDAD E INNOVACION,Femenino,2010-1,2017,No cotizante,Sin información,1,0,,"0,0%",NaN
2812-Universidad EAN,8979-ESPECIALIZACION EN GERENCIA DE PROCESOS DE CALIDAD E INNOVACION,Femenino,2010-1,2018,Dependiente,Actividades financieras y de seguros,1,1,,"100,0%",NaN
2812-Universidad EAN,8979-ESPECIALIZACION EN GERENCIA DE PROCESOS DE CALIDAD E INNOVACION,Femenino,2010-1,2018,Dependiente,"Actividades profesionales, científicas y técnicas",1,1,,"100,0%",NaN
2812-Universidad EAN,8979-ESPECIALIZACION EN GERENCIA DE PROCESOS DE CALIDAD E INNOVACION,Femenino,2010-1,2018,Dependiente,Industrias manufactureras,1,1,,"100,0%",NaN
2812-Universidad EAN,8979-ESPECIALIZACION EN GERENCIA DE PROCESOS DE CALIDAD E INNOVACION,Femenino,2010-1,2018,Dependiente,Sin información,3,3,,"100,0%",NaN
2812-Universidad EAN,8979-ESPECIALIZACION EN GERENCIA DE PROCESOS DE CALIDAD E INNOVACION,Femenino,2010-1,2018,Independiente,"Actividades profesionales, científicas y técnicas",2,2,,"100,0%",NaN
2812-Universidad EAN,8979-ESPECIALIZACION EN GERENCIA DE PROCESOS DE CALIDAD E INNOVACION,Femenino,2010-1,2018,No cotizante,Sin información,1,0,,"0,0%",NaN
2812-Universidad EAN,8979-ESPECIALIZACION EN GERENCIA DE PROCESOS DE CALIDAD E INNOVACION,Femenino,2010-1,2019,Dependiente,"Actividades profesionales, científicas y técnicas",3,3,,"100,0%",NaN
2812-Universidad EAN,8979-ESPECIALIZACION EN GERENCIA DE PROCESOS DE CALIDAD E INNOVACION,Femenino,2010-1,2019,Dependiente,Administración pública y defensa; planes de seguridad social de afiliación obligatoria,2,2,,"100,0%",NaN
2812-Universidad EAN,8979-ESPECIALIZACION EN GERENCIA DE PROCESOS DE CALIDAD E INNOVACION,Femenino,2010-1,2019,Independiente,"Actividades profesionales, científicas y técnicas",2,2,,"100,0%",NaN
2812-Universidad EAN,8979-ESPECIALIZACION EN GERENCIA DE PROCESOS DE CALIDAD E INNOVACION,Femenino,2010-1,2019,No cotizante,Sin información,2,0,,"0,0%",NaN
2812-Universidad EAN,8979-ESPECIALIZACION EN GERENCIA DE PROCESOS DE CALIDAD E INNOVACION,Femenino,2010-1,2020,Dependiente,"Actividades profesionales, científicas y técnicas",3,3,,"100,0%",NaN
2812-Universidad EAN,8979-ESPECIALIZACION EN GERENCIA DE PROCESOS DE CALIDAD E INNOVACION,Femenino,2010-1,2020,Dependiente,Administración pública y defensa; planes de seguridad social de afiliación obligatoria,1,1,,"100,0%",NaN
2812-Universidad EAN,8979-ESPECIALIZACION EN GERENCIA DE PROCESOS DE CALIDAD E INNOVACION,Femenino,2010-1,2020,Dependiente,Educación,1,1,,"100,0%",NaN
2812-Universidad EAN,8979-ESPECIALIZACION EN GERENCIA DE PROCESOS DE CALIDAD E INNOVACION,Femenino,2010-1,2020,Independiente,"Actividades profesionales, científicas y técnicas",1,1,,"100,0%",NaN
2812-Universidad EAN,8979-ESPECIALIZACION EN GERENCIA DE PROCESOS DE CALIDAD E INNOVACION,Femenino,2010-1,2020,No cotizante,Sin información,3,0,,"0,0%",NaN
2812-Universidad EAN,8979-ESPECIALIZACION EN GERENCIA DE PROCESOS DE CALIDAD E INNOVACION,Femenino,2010-1,2021,Dependiente,"Actividades profesionales, científicas y técnicas",3,3,,"100,0%",NaN
2812-Universidad EAN,8979-ESPECIALIZACION EN GERENCIA DE PROCESOS DE CALIDAD E INNOVACION,Femenino,2010-1,2021,Dependiente,Administración pública y defensa; planes de seguridad social de afiliación obligatoria,1,1,,"100,0%",NaN
2812-Universidad EAN,8979-ESPECIALIZACION EN GERENCIA DE PROCESOS DE CALIDAD E INNOVACION,Femenino,2010-1,2021,Dependiente,Educación,1,1,,"100,0%",NaN
2812-Universidad EAN,8979-ESPECIALIZACION EN GERENCIA DE PROCESOS DE CALIDAD E INNOVACION,Femenino,2010-1,2021,Dependiente,Industrias manufactureras,2,2,,"100,0%",NaN
2812-Universidad EAN,8979-ESPECIALIZACION EN GERENCIA DE PROCESOS DE CALIDAD E INNOVACION,Femenino,2010-1,2021,Independiente,"Actividades profesionales, científicas y técnicas",1,1,,"100,0%",NaN
2812-Universidad EAN,8979-ESPECIALIZACION EN GERENCIA DE PROCESOS DE CALIDAD E INNOVACION,Femenino,2010-1,2021,No cotizante,Sin información,2,0,,"0,0%",NaN
2812-Universidad EAN,8979-ESPECIALIZACION EN GERENCIA DE PROCESOS DE CALIDAD E INNOVACION,Femenino,2010-1,2022,Dependiente,"Actividades artísticas, de entretenimiento y recreación",1,1,,"100,0%",NaN
2812-Universidad EAN,8979-ESPECIALIZACION EN GERENCIA DE PROCESOS DE CALIDAD E INNOVACION,Femenino,2010-1,2022,Dependiente,"Actividades profesionales, científicas y técnicas",3,3,,"100,0%",NaN
2812-Universidad EAN,8979-ESPECIALIZACION EN GERENCIA DE PROCESOS DE CALIDAD E INNOVACION,Femenino,2010-1,2022,Dependiente,Administración pública y defensa; planes de seguridad social de afiliación obligatoria,1,1,,"100,0%",NaN
2812-Universidad EAN,8979-ESPECIALIZACION EN GERENCIA DE PROCESOS DE CALIDAD E INNOVACION,Femenino,2010-1,2022,Dependiente,Industrias manufactureras,1,1,,"100,0%",NaN
2812-Universidad EAN,8979-ESPECIALIZACION EN GERENCIA DE PROCESOS DE CALIDAD E INNOVACION,Femenino,2010-1,2022,Independiente,Actividades de servicios administrativos y de apoyo,1,1,,"100,0%",NaN
2812-Universidad EAN,8979-ESPECIALIZACION EN GERENCIA DE PROCESOS DE CALIDAD E INNOVACION,Femenino,2010-1,2022,Independiente,"Actividades profesionales, científicas y técnicas",1,1,,"100,0%",NaN
2812-Universidad EAN,8979-ESPECIALIZACION EN GERENCIA DE PROCESOS DE CALIDAD E INNOVACION,Femenino,2010-1,2022,No cotizante,SIN DATO,2,0,,"0,0%",NaN
2812-Universidad EAN,8979-ESPECIALIZACION EN GERENCIA DE PROCESOS DE CALIDAD E INNOVACION,Femenino,2010-1,2023,Dependiente,"Actividades profesionales, científicas y técnicas",3,3,,"100,0%",NaN
2812-Universidad EAN,8979-ESPECIALIZACION EN GERENCIA DE PROCESOS DE CALIDAD E INNOVACION,Femenino,2010-1,2023,Dependiente,Educación,1,1,,"100,0%",NaN
2812-Universidad EAN,8979-ESPECIALIZACION EN GERENCIA DE PROCESOS DE CALIDAD E INNOVACION,Femenino,2010-1,2023,Dependiente,Industrias manufactureras,1,1,,"100,0%",NaN
2812-Universidad EAN,8979-ESPECIALIZACION EN GERENCIA DE PROCESOS DE CALIDAD E INNOVACION,Femenino,2010-1,2023,Independiente,Actividades de servicios administrativos y de apoyo,1,1,,"100,0%",NaN
2812-Universidad EAN,8979-ESPECIALIZACION EN GERENCIA DE PROCESOS DE CALIDAD E INNOVACION,Femenino,2010-1,2023,Independiente,"Actividades profesionales, científicas y técnicas",1,1,,"100,0%",NaN
2812-Universidad EAN,8979-ESPECIALIZACION EN GERENCIA DE PROCESOS DE CALIDAD E INNOVACION,Femenino,2010-1,2023,No cotizante,SIN DATO,2,0,,"0,0%",NaN
2812-Universidad EAN,8979-ESPECIALIZACION EN GERENCIA DE PROCESOS DE CALIDAD E INNOVACION,Masculino,2010-1,2016,Dependiente,Educación,2,2,,"100,0%",$3.166.500
2812-Universidad EAN,8979-ESPECIALIZACION EN GERENCIA DE PROCESOS DE CALIDAD E INNOVACION,Masculino,2010-1,2017,Dependiente,Actividades de servicios administrativos y de apoyo,1,1,,"100,0%",NaN
2812-Universidad EAN,8979-ESPECIALIZACION EN GERENCIA DE PROCESOS DE CALIDAD E INNOVACION,Masculino,2010-1,2017,Dependiente,Educación,1,1,,"100,0%",NaN
2812-Universidad EAN,8979-ESPECIALIZACION EN GERENCIA DE PROCESOS DE CALIDAD E INNOVACION,Masculino,2010-1,2018,Dependiente,Educación,2,2,,"100,0%",NaN
2812-Universidad EAN,8979-ESPECIALIZACION EN GERENCIA DE PROCESOS DE CALIDAD E INNOVACION,Masculino,2010-1,2019,Dependiente,Educación,2,2,,"100,0%",NaN
2812-Universidad EAN,8979-ESPECIALIZACION EN GERENCIA DE PROCESOS DE CALIDAD E INNOVACION,Masculino,2010-1,2020,Dependiente,Educación,2,2,,"100,0%",NaN
2812-Universidad EAN,8979-ESPECIALIZACION EN GERENCIA DE PROCESOS DE CALIDAD E INNOVACION,Masculino,2010-1,2021,Dependiente,Educación,2,2,,"100,0%",NaN
2812-Universidad EAN,8979-ESPECIALIZACION EN GERENCIA DE PROCESOS DE CALIDAD E INNOVACION,Masculino,2010-1,2022,Dependiente,Educación,2,2,,"100,0%",NaN
2812-Universidad EAN,8979-ESPECIALIZACION EN GERENCIA DE PROCESOS DE CALIDAD E INNOVACION,Masculino,2010-1,2023,Dependiente,Administración pública y defensa; planes de seguridad social de afiliación obligatoria,1,1,,"100,0%",NaN
2812-Universidad EAN,8979-ESPECIALIZACION EN GERENCIA DE PROCESOS DE CALIDAD E INNOVACION,Masculino,2010-1,2023,Dependiente,Educación,1,1,,"100,0%",NaN
2812-Universidad EAN,7514-ESPECIALIZACION EN GESTION HUMANA,Femenino,2010-1,2016,Dependiente,Alojamiento y servicios de comida,1,1,,"100,0%",$2.996.000
2812-Universidad EAN,7514-ESPECIALIZACION EN GESTION HUMANA,Femenino,2010-1,2016,Independiente,"Actividades profesionales, científicas y técnicas",1,1,,"100,0%",NaN
2812-Universidad EAN,7514-ESPECIALIZACION EN GESTION HUMANA,Femenino,2010-1,2017,Independiente,"Actividades profesionales, científicas y técnicas",1,1,,"100,0%",NaN
2812-Universidad EAN,7514-ESPECIALIZACION EN GESTION HUMANA,Femenino,2010-1,2017,No cotizante,Sin información,1,0,,"0,0%",NaN
2812-Universidad EAN,7514-ESPECIALIZACION EN GESTION HUMANA,Femenino,2010-1,2018,Independiente,"Actividades profesionales, científicas y técnicas",1,1,,"100,0%",NaN
2812-Universidad EAN,7514-ESPECIALIZACION EN GESTION HUMANA,Femenino,2010-1,2018,No cotizante,Sin información,1,0,,"0,0%",NaN
2812-Universidad EAN,7514-ESPECIALIZACION EN GESTION HUMANA,Femenino,2010-1,2019,Independiente,"Actividades profesionales, científicas y técnicas",2,2,,"100,0%",NaN
2812-Universidad EAN,7514-ESPECIALIZACION EN GESTION HUMANA,Femenino,2010-1,2020,Independiente,"Actividades profesionales, científicas y técnicas",2,2,,"100,0%",NaN
2812-Universidad EAN,7514-ESPECIALIZACION EN GESTION HUMANA,Femenino,2010-1,2021,Independiente,"Actividades profesionales, científicas y técnicas",2,2,,"100,0%",NaN
2812-Universidad EAN,7514-ESPECIALIZACION EN GESTION HUMANA,Femenino,2010-1,2022,Independiente,"Actividades profesionales, científicas y técnicas",2,2,,"100,0%",NaN
2812-Universidad EAN,7514-ESPECIALIZACION EN GESTION HUMANA,Femenino,2010-1,2023,Independiente,"Actividades profesionales, científicas y técnicas",2,2,,"100,0%",NaN
2812-Universidad EAN,52891-ESPECIALIZACION EN GOBIERNO Y GERENCIA PUBLICA,Femenino,2010-1,2016,Dependiente,Actividades de atención de la salud humana y de asistencia social,2,2,,"100,0%",$3.616.500
2812-Universidad EAN,52891-ESPECIALIZACION EN GOBIERNO Y GERENCIA PUBLICA,Femenino,2010-1,2016,Dependiente,Administración pública y defensa; planes de seguridad social de afiliación obligatoria,1,1,,"100,0%",$7.112.000
2812-Universidad EAN,52891-ESPECIALIZACION EN GOBIERNO Y GERENCIA PUBLICA,Femenino,2010-1,2016,No cotizante,Sin información,1,0,,"0,0%",NaN
2812-Universidad EAN,52891-ESPECIALIZACION EN GOBIERNO Y GERENCIA PUBLICA,Femenino,2010-1,2017,Dependiente,Actividades de atención de la salud humana y de asistencia social,2,2,,"100,0%",NaN
2812-Universidad EAN,52891-ESPECIALIZACION EN GOBIERNO Y GERENCIA PUBLICA,Femenino,2010-1,2017,Dependiente,Administración pública y defensa; planes de seguridad social de afiliación obligatoria,1,1,,"100,0%",NaN
2812-Universidad EAN,52891-ESPECIALIZACION EN GOBIERNO Y GERENCIA PUBLICA,Femenino,2010-1,2017,No cotizante,Sin información,1,0,,"0,0%",NaN
2812-Universidad EAN,52891-ESPECIALIZACION EN GOBIERNO Y GERENCIA PUBLICA,Femenino,2010-1,2018,Dependiente,Actividades de atención de la salud humana y de asistencia social,1,1,,"100,0%",NaN
2812-Universidad EAN,52891-ESPECIALIZACION EN GOBIERNO Y GERENCIA PUBLICA,Femenino,2010-1,2018,Independiente,"Actividades profesionales, científicas y técnicas",1,1,,"100,0%",NaN
2812-Universidad EAN,52891-ESPECIALIZACION EN GOBIERNO Y GERENCIA PUBLICA,Femenino,2010-1,2018,No cotizante,Sin información,2,0,,"0,0%",NaN
2812-Universidad EAN,52891-ESPECIALIZACION EN GOBIERNO Y GERENCIA PUBLICA,Femenino,2010-1,2019,Dependiente,Actividades de atención de la salud humana y de asistencia social,1,1,,"100,0%",NaN
2812-Universidad EAN,52891-ESPECIALIZACION EN GOBIERNO Y GERENCIA PUBLICA,Femenino,2010-1,2019,Independiente,"Actividades profesionales, científicas y técnicas",1,1,,"100,0%",NaN
2812-Universidad EAN,52891-ESPECIALIZACION EN GOBIERNO Y GERENCIA PUBLICA,Femenino,2010-1,2019,No cotizante,Sin información,2,0,,"0,0%",NaN
2812-Universidad EAN,52891-ESPECIALIZACION EN GOBIERNO Y GERENCIA PUBLICA,Femenino,2010-1,2020,Independiente,"Actividades profesionales, científicas y técnicas",1,1,,"100,0%",NaN
2812-Universidad EAN,52891-ESPECIALIZACION EN GOBIERNO Y GERENCIA PUBLICA,Femenino,2010-1,2020,Independiente,Administración pública y defensa; planes de seguridad social de afiliación obligatoria,1,1,,"100,0%",NaN
2812-Universidad EAN,52891-ESPECIALIZACION EN GOBIERNO Y GERENCIA PUBLICA,Femenino,2010-1,2020,No cotizante,Sin información,2,0,,"0,0%",NaN
2812-Universidad EAN,52891-ESPECIALIZACION EN GOBIERNO Y GERENCIA PUBLICA,Femenino,2010-1,2021,Independiente,"Actividades profesionales, científicas y técnicas",1,1,,"100,0%",NaN
2812-Universidad EAN,52891-ESPECIALIZACION EN GOBIERNO Y GERENCIA PUBLICA,Femenino,2010-1,2021,Independiente,Administración pública y defensa; planes de seguridad social de afiliación obligatoria,1,1,,"100,0%",NaN
2812-Universidad EAN,52891-ESPECIALIZACION EN GOBIERNO Y GERENCIA PUBLICA,Femenino,2010-1,2021,No cotizante,Sin información,2,0,,"0,0%",NaN
2812-Universidad EAN,52891-ESPECIALIZACION EN GOBIERNO Y GERENCIA PUBLICA,Femenino,2010-1,2022,Dependiente,"Actividades profesionales, científicas y técnicas",1,1,,"100,0%",NaN
2812-Universidad EAN,52891-ESPECIALIZACION EN GOBIERNO Y GERENCIA PUBLICA,Femenino,2010-1,2022,Independiente,"Actividades profesionales, científicas y técnicas",1,1,,"100,0%",NaN
2812-Universidad EAN,52891-ESPECIALIZACION EN GOBIERNO Y GERENCIA PUBLICA,Femenino,2010-1,2022,Independiente,Administración pública y defensa; planes de seguridad social de afiliación obligatoria,1,1,,"100,0%",NaN
2812-Universidad EAN,52891-ESPECIALIZACION EN GOBIERNO Y GERENCIA PUBLICA,Femenino,2010-1,2022,No cotizante,SIN DATO,1,0,,"0,0%",NaN
2812-Universidad EAN,52891-ESPECIALIZACION EN GOBIERNO Y GERENCIA PUBLICA,Femenino,2010-1,2023,Dependiente,Administración pública y defensa; planes de seguridad social de afiliación obligatoria,1,1,,"100,0%",NaN
2812-Universidad EAN,52891-ESPECIALIZACION EN GOBIERNO Y GERENCIA PUBLICA,Femenino,2010-1,2023,Independiente,"Actividades profesionales, científicas y técnicas",1,1,,"100,0%",NaN
2812-Universidad EAN,52891-ESPECIALIZACION EN GOBIERNO Y GERENCIA PUBLICA,Femenino,2010-1,2023,Independiente,Administración pública y defensa; planes de seguridad social de afiliación obligatoria,1,1,,"100,0%",NaN
2812-Universidad EAN,52891-ESPECIALIZACION EN GOBIERNO Y GERENCIA PUBLICA,Femenino,2010-1,2023,No cotizante,SIN DATO,1,0,,"0,0%",NaN
2812-Universidad EAN,52891-ESPECIALIZACION EN GOBIERNO Y GERENCIA PUBLICA,Masculino,2010-1,2016,Dependiente,Administración pública y defensa; planes de seguridad social de afiliación obligatoria,2,2,,"100,0%",$2.468.500
2812-Universidad EAN,52891-ESPECIALIZACION EN GOBIERNO Y GERENCIA PUBLICA,Masculino,2010-1,2017,Dependiente,Educación,1,1,,"100,0%",NaN
2812-Universidad EAN,52891-ESPECIALIZACION EN GOBIERNO Y GERENCIA PUBLICA,Masculino,2010-1,2017,Dependiente,Sin información,1,1,,"100,0%",NaN
2812-Universidad EAN,52891-ESPECIALIZACION EN GOBIERNO Y GERENCIA PUBLICA,Masculino,2010-1,2018,Dependiente,Educación,1,1,,"100,0%",NaN
2812-Universidad EAN,52891-ESPECIALIZACION EN GOBIERNO Y GERENCIA PUBLICA,Masculino,2010-1,2018,Dependiente,Sin información,1,1,,"100,0%",NaN
2812-Universidad EAN,52891-ESPECIALIZACION EN GOBIERNO Y GERENCIA PUBLICA,Masculino,2010-1,2019,Dependiente,Administración pública y defensa; planes de seguridad social de afiliación obligatoria,2,2,,"100,0%",NaN
2812-Universidad EAN,52891-ESPECIALIZACION EN GOBIERNO Y GERENCIA PUBLICA,Masculino,2010-1,2020,Dependiente,Administración pública y defensa; planes de seguridad social de afiliación obligatoria,2,2,,"100,0%",NaN
2812-Universidad EAN,52891-ESPECIALIZACION EN GOBIERNO Y GERENCIA PUBLICA,Masculino,2010-1,2021,Dependiente,Administración pública y defensa; planes de seguridad social de afiliación obligatoria,1,1,,"100,0%",NaN
2812-Universidad EAN,52891-ESPECIALIZACION EN GOBIERNO Y GERENCIA PUBLICA,Masculino,2010-1,2022,Dependiente,Administración pública y defensa; planes de seguridad social de afiliación obligatoria,1,1,,"100,0%",NaN
2812-Universidad EAN,52891-ESPECIALIZACION EN GOBIERNO Y GERENCIA PUBLICA,Masculino,2010-1,2023,No cotizante,SIN DATO,1,0,,"0,0%",NaN
1204-Universidad Industrial de Santander,683-TECNOLOGIA EMPRESARIAL,Femenino,2010-1,2016,Dependiente,Actividades de atención de la salud humana y de asistencia social,2,2,,"100,0%",$933.000
1204-Universidad Industrial de Santander,683-TECNOLOGIA EMPRESARIAL,Femenino,2010-1,2016,Dependiente,Actividades financieras y de seguros,1,1,,"100,0%",$3.331.000
1204-Universidad Industrial de Santander,683-TECNOLOGIA EMPRESARIAL,Femenino,2010-1,2016,Dependiente,Construccion,2,2,,"100,0%",$689.728
1204-Universidad Industrial de Santander,683-TECNOLOGIA EMPRESARIAL,Femenino,2010-1,2016,Dependiente,Sin información,1,1,,"100,0%",$689.455
1204-Universidad Industrial de Santander,683-TECNOLOGIA EMPRESARIAL,Femenino,2010-1,2016,No cotizante,Sin información,4,0,,"0,0%",NaN
1204-Universidad Industrial de Santander,683-TECNOLOGIA EMPRESARIAL,Femenino,2010-1,2017,Dependiente,Actividades de atención de la salud humana y de asistencia social,1,1,,"100,0%",NaN
1204-Universidad Industrial de Santander,683-TECNOLOGIA EMPRESARIAL,Femenino,2010-1,2017,Dependiente,Actividades financieras y de seguros,1,1,,"100,0%",NaN
1204-Universidad Industrial de Santander,683-TECNOLOGIA EMPRESARIAL,Femenino,2010-1,2017,Dependiente,"Actividades profesionales, científicas y técnicas",2,2,,"100,0%",NaN
1204-Universidad Industrial de Santander,683-TECNOLOGIA EMPRESARIAL,Femenino,2010-1,2017,Dependiente,Educación,1,1,,"100,0%",NaN
1204-Universidad Industrial de Santander,683-TECNOLOGIA EMPRESARIAL,Femenino,2010-1,2017,Dependiente,Sin información,3,3,,"100,0%",NaN
1204-Universidad Industrial de Santander,683-TECNOLOGIA EMPRESARIAL,Femenino,2010-1,2017,No cotizante,Sin información,5,0,,"0,0%",NaN
1204-Universidad Industrial de Santander,683-TECNOLOGIA EMPRESARIAL,Femenino,2010-1,2018,Dependiente,Actividades de atención de la salud humana y de asistencia social,1,1,,"100,0%",NaN
1204-Universidad Industrial de Santander,683-TECNOLOGIA EMPRESARIAL,Femenino,2010-1,2018,Dependiente,Actividades financieras y de seguros,1,1,,"100,0%",NaN
1204-Universidad Industrial de Santander,683-TECNOLOGIA EMPRESARIAL,Femenino,2010-1,2018,Dependiente,"Actividades profesionales, científicas y técnicas",1,1,,"100,0%",NaN
1204-Universidad Industrial de Santander,683-TECNOLOGIA EMPRESARIAL,Femenino,2010-1,2018,Dependiente,Otras actividades de servicios,1,1,,"100,0%",NaN
1204-Universidad Industrial de Santander,683-TECNOLOGIA EMPRESARIAL,Femenino,2010-1,2018,Dependiente,Sin información,2,2,,"100,0%",NaN
1204-Universidad Industrial de Santander,683-TECNOLOGIA EMPRESARIAL,Femenino,2010-1,2018,No cotizante,Sin información,5,0,,"0,0%",NaN
1204-Universidad Industrial de Santander,683-TECNOLOGIA EMPRESARIAL,Femenino,2010-1,2019,Dependiente,Actividades de atención de la salud humana y de asistencia social,1,1,,"100,0%",NaN
1204-Universidad Industrial de Santander,683-TECNOLOGIA EMPRESARIAL,Femenino,2010-1,2019,Dependiente,Actividades de servicios administrativos y de apoyo,1,1,,"100,0%",NaN
1204-Universidad Industrial de Santander,683-TECNOLOGIA EMPRESARIAL,Femenino,2010-1,2019,Dependiente,Actividades financieras y de seguros,1,1,,"100,0%",NaN
1204-Universidad Industrial de Santander,683-TECNOLOGIA EMPRESARIAL,Femenino,2010-1,2019,Dependiente,Administración pública y defensa; planes de seguridad social de afiliación obligatoria,1,1,,"100,0%",NaN
1204-Universidad Industrial de Santander,683-TECNOLOGIA EMPRESARIAL,Femenino,2010-1,2019,Dependiente,Alojamiento y servicios de comida,1,1,,"100,0%",NaN
1204-Universidad Industrial de Santander,683-TECNOLOGIA EMPRESARIAL,Femenino,2010-1,2019,Dependiente,Construccion,1,1,,"100,0%",NaN
1204-Universidad Industrial de Santander,683-TECNOLOGIA EMPRESARIAL,Femenino,2010-1,2019,Dependiente,Otras actividades de servicios,1,1,,"100,0%",NaN
1204-Universidad Industrial de Santander,683-TECNOLOGIA EMPRESARIAL,Femenino,2010-1,2019,No cotizante,Sin información,4,0,,"0,0%",NaN
1204-Universidad Industrial de Santander,683-TECNOLOGIA EMPRESARIAL,Femenino,2010-1,2020,Dependiente,Actividades de atención de la salud humana y de asistencia social,1,1,,"100,0%",NaN
1204-Universidad Industrial de Santander,683-TECNOLOGIA EMPRESARIAL,Femenino,2010-1,2020,Dependiente,Actividades financieras y de seguros,1,1,,"100,0%",NaN
1204-Universidad Industrial de Santander,683-TECNOLOGIA EMPRESARIAL,Femenino,2010-1,2020,Dependiente,Administración pública y defensa; planes de seguridad social de afiliación obligatoria,1,1,,"100,0%",NaN
1204-Universidad Industrial de Santander,683-TECNOLOGIA EMPRESARIAL,Femenino,2010-1,2020,Dependiente,Alojamiento y servicios de comida,1,1,,"100,0%",NaN
1204-Universidad Industrial de Santander,683-TECNOLOGIA EMPRESARIAL,Femenino,2010-1,2020,Dependiente,Comercio al por mayor y al por menor; reparación de vehículos automotores y motocicletas,1,1,,"100,0%",NaN
1204-Universidad Industrial de Santander,683-TECNOLOGIA EMPRESARIAL,Femenino,2010-1,2020,Dependiente,Industrias manufactureras,1,1,,"100,0%",NaN
1204-Universidad Industrial de Santander,683-TECNOLOGIA EMPRESARIAL,Femenino,2010-1,2020,Dependiente,Otras actividades de servicios,1,1,,"100,0%",NaN
1204-Universidad Industrial de Santander,683-TECNOLOGIA EMPRESARIAL,Femenino,2010-1,2020,No cotizante,Sin información,4,0,,"0,0%",NaN
1204-Universidad Industrial de Santander,683-TECNOLOGIA EMPRESARIAL,Femenino,2010-1,2021,Dependiente,Actividades de atención de la salud humana y de asistencia social,2,2,,"100,0%",NaN
1204-Universidad Industrial de Santander,683-TECNOLOGIA EMPRESARIAL,Femenino,2010-1,2021,Dependiente,Actividades financieras y de seguros,2,2,,"100,0%",NaN
1204-Universidad Industrial de Santander,683-TECNOLOGIA EMPRESARIAL,Femenino,2010-1,2021,Dependiente,"Actividades profesionales, científicas y técnicas",2,2,,"100,0%",NaN
1204-Universidad Industrial de Santander,683-TECNOLOGIA EMPRESARIAL,Femenino,2010-1,2021,Dependiente,Administración pública y defensa; planes de seguridad social de afiliación obligatoria,2,2,,"100,0%",NaN
1204-Universidad Industrial de Santander,683-TECNOLOGIA EMPRESARIAL,Femenino,2010-1,2021,Dependiente,Alojamiento y servicios de comida,2,2,,"100,0%",NaN
1204-Universidad Industrial de Santander,683-TECNOLOGIA EMPRESARIAL,Femenino,2010-1,2021,Dependiente,Comercio al por mayor y al por menor; reparación de vehículos automotores y motocicletas,4,4,,"100,0%",NaN
1204-Universidad Industrial de Santander,683-TECNOLOGIA EMPRESARIAL,Femenino,2010-1,2021,Dependiente,Construccion,1,1,,"100,0%",NaN
1204-Universidad Industrial de Santander,683-TECNOLOGIA EMPRESARIAL,Femenino,2010-1,2021,Dependiente,"Distribución de agua; evacuación y tratamiento de aguas residuales, gestión de desechos y actividades de saneamiento ambiental",1,1,,"100,0%",NaN
1204-Universidad Industrial de Santander,683-TECNOLOGIA EMPRESARIAL,Femenino,2010-1,2021,Dependiente,Otras actividades de servicios,2,2,,"100,0%",NaN
1204-Universidad Industrial de Santander,683-TECNOLOGIA EMPRESARIAL,Femenino,2010-1,2021,No cotizante,Sin información,4,0,,"0,0%",NaN
1204-Universidad Industrial de Santander,683-TECNOLOGIA EMPRESARIAL,Femenino,2010-1,2022,Dependiente,Actividades de atención de la salud humana y de asistencia social,1,1,,"100,0%",NaN
1204-Universidad Industrial de Santander,683-TECNOLOGIA EMPRESARIAL,Femenino,2010-1,2022,Dependiente,Actividades de servicios administrativos y de apoyo,1,1,,"100,0%",NaN
1204-Universidad Industrial de Santander,683-TECNOLOGIA EMPRESARIAL,Femenino,2010-1,2022,Dependiente,Actividades financieras y de seguros,2,2,,"100,0%",NaN
1204-Universidad Industrial de Santander,683-TECNOLOGIA EMPRESARIAL,Femenino,2010-1,2022,Dependiente,Administración pública y defensa; planes de seguridad social de afiliación obligatoria,2,2,,"100,0%",NaN
1204-Universidad Industrial de Santander,683-TECNOLOGIA EMPRESARIAL,Femenino,2010-1,2022,Dependiente,Alojamiento y servicios de comida,1,1,,"100,0%",NaN
1204-Universidad Industrial de Santander,683-TECNOLOGIA EMPRESARIAL,Femenino,2010-1,2022,Dependiente,Comercio al por mayor y al por menor; reparación de vehículos automotores y motocicletas,4,4,,"100,0%",NaN
1204-Universidad Industrial de Santander,683-TECNOLOGIA EMPRESARIAL,Femenino,2010-1,2022,Dependiente,Construccion,1,1,,"100,0%",NaN
1204-Universidad Industrial de Santander,683-TECNOLOGIA EMPRESARIAL,Femenino,2010-1,2022,Dependiente,"Distribución de agua; evacuación y tratamiento de aguas residuales, gestión de desechos y actividades de saneamiento ambiental",1,1,,"100,0%",NaN
1204-Universidad Industrial de Santander,683-TECNOLOGIA EMPRESARIAL,Femenino,2010-1,2022,Dependiente,Otras actividades de servicios,1,1,,"100,0%",NaN
1204-Universidad Industrial de Santander,683-TECNOLOGIA EMPRESARIAL,Femenino,2010-1,2022,Independiente,"Actividades profesionales, científicas y técnicas",1,1,,"100,0%",NaN
1204-Universidad Industrial de Santander,683-TECNOLOGIA EMPRESARIAL,Femenino,2010-1,2022,Independiente,Comercio al por mayor y al por menor; reparación de vehículos automotores y motocicletas,1,1,,"100,0%",NaN
1204-Universidad Industrial de Santander,683-TECNOLOGIA EMPRESARIAL,Femenino,2010-1,2022,No cotizante,SIN DATO,5,0,,"0,0%",NaN
1204-Universidad Industrial de Santander,683-TECNOLOGIA EMPRESARIAL,Femenino,2010-1,2023,Dependiente,Actividades de atención de la salud humana y de asistencia social,1,1,,"100,0%",NaN
1204-Universidad Industrial de Santander,683-TECNOLOGIA EMPRESARIAL,Femenino,2010-1,2023,Dependiente,Actividades de servicios administrativos y de apoyo,2,2,,"100,0%",NaN
1204-Universidad Industrial de Santander,683-TECNOLOGIA EMPRESARIAL,Femenino,2010-1,2023,Dependiente,Actividades financieras y de seguros,2,2,,"100,0%",NaN
1204-Universidad Industrial de Santander,683-TECNOLOGIA EMPRESARIAL,Femenino,2010-1,2023,Dependiente,Administración pública y defensa; planes de seguridad social de afiliación obligatoria,2,2,,"100,0%",NaN
1204-Universidad Industrial de Santander,683-TECNOLOGIA EMPRESARIAL,Femenino,2010-1,2023,Dependiente,Alojamiento y servicios de comida,1,1,,"100,0%",NaN
1204-Universidad Industrial de Santander,683-TECNOLOGIA EMPRESARIAL,Femenino,2010-1,2023,Dependiente,Comercio al por mayor y al por menor; reparación de vehículos automotores y motocicletas,3,3,,"100,0%",NaN
1204-Universidad Industrial de Santander,683-TECNOLOGIA EMPRESARIAL,Femenino,2010-1,2023,Dependiente,Otras actividades de servicios,1,1,,"100,0%",NaN
1204-Universidad Industrial de Santander,683-TECNOLOGIA EMPRESARIAL,Femenino,2010-1,2023,Independiente,Actividades de servicios administrativos y de apoyo,1,1,,"100,0%",NaN
1204-Universidad Industrial de Santander,683-TECNOLOGIA EMPRESARIAL,Femenino,2010-1,2023,Independiente,"Actividades profesionales, científicas y técnicas",1,1,,"100,0%",NaN
1204-Universidad Industrial de Santander,683-TECNOLOGIA EMPRESARIAL,Femenino,2010-1,2023,Independiente,Administración pública y defensa; planes de seguridad social de afiliación obligatoria,1,1,,"100,0%",NaN
1204-Universidad Industrial de Santander,683-TECNOLOGIA EMPRESARIAL,Femenino,2010-1,2023,No cotizante,SIN DATO,6,0,,"0,0%",NaN
1204-Universidad Industrial de Santander,683-TECNOLOGIA EMPRESARIAL,Masculino,2010-1,2016,Dependiente,Construccion,1,1,,"100,0%",$3.388.000
1204-Universidad Industrial de Santander,683-TECNOLOGIA EMPRESARIAL,Masculino,2010-1,2016,Dependiente,Sin información,1,1,,"100,0%",$689.455
1204-Universidad Industrial de Santander,683-TECNOLOGIA EMPRESARIAL,Masculino,2010-1,2016,Independiente,Sin información,1,1,,"100,0%",NaN
1204-Universidad Industrial de Santander,683-TECNOLOGIA EMPRESARIAL,Masculino,2010-1,2017,Dependiente,"Actividades profesionales, científicas y técnicas",1,1,,"100,0%",NaN
1204-Universidad Industrial de Santander,683-TECNOLOGIA EMPRESARIAL,Masculino,2010-1,2017,Dependiente,Comercio al por mayor y al por menor; reparación de vehículos automotores y motocicletas,1,1,,"100,0%",NaN
1204-Universidad Industrial de Santander,683-TECNOLOGIA EMPRESARIAL,Masculino,2010-1,2017,Dependiente,Otras actividades de servicios,1,1,,"100,0%",NaN
1204-Universidad Industrial de Santander,683-TECNOLOGIA EMPRESARIAL,Masculino,2010-1,2017,Independiente,Sin información,1,1,,"100,0%",NaN
1204-Universidad Industrial de Santander,683-TECNOLOGIA EMPRESARIAL,Masculino,2010-1,2018,Dependiente,"Actividades profesionales, científicas y técnicas",1,1,,"100,0%",NaN
1204-Universidad Industrial de Santander,683-TECNOLOGIA EMPRESARIAL,Masculino,2010-1,2018,Dependiente,Comercio al por mayor y al por menor; reparación de vehículos automotores y motocicletas,1,1,,"100,0%",NaN
1204-Universidad Industrial de Santander,683-TECNOLOGIA EMPRESARIAL,Masculino,2010-1,2018,Dependiente,Otras actividades de servicios,1,1,,"100,0%",NaN
1204-Universidad Industrial de Santander,683-TECNOLOGIA EMPRESARIAL,Masculino,2010-1,2018,Independiente,Sin información,1,1,,"100,0%",NaN
1204-Universidad Industrial de Santander,683-TECNOLOGIA EMPRESARIAL,Masculino,2010-1,2019,Dependiente,"Actividades profesionales, científicas y técnicas",1,1,,"100,0%",NaN
1204-Universidad Industrial de Santander,683-TECNOLOGIA EMPRESARIAL,Masculino,2010-1,2019,Dependiente,Comercio al por mayor y al por menor; reparación de vehículos automotores y motocicletas,1,1,,"100,0%",NaN
1204-Universidad Industrial de Santander,683-TECNOLOGIA EMPRESARIAL,Masculino,2010-1,2019,Dependiente,Construccion,1,1,,"100,0%",NaN
1204-Universidad Industrial de Santander,683-TECNOLOGIA EMPRESARIAL,Masculino,2010-1,2019,Independiente,Administración pública y defensa; planes de seguridad social de afiliación obligatoria,1,1,,"100,0%",NaN
1204-Universidad Industrial de Santander,683-TECNOLOGIA EMPRESARIAL,Masculino,2010-1,2020,Dependiente,Comercio al por mayor y al por menor; reparación de vehículos automotores y motocicletas,2,2,,"100,0%",NaN
1204-Universidad Industrial de Santander,683-TECNOLOGIA EMPRESARIAL,Masculino,2010-1,2020,Dependiente,Otras actividades de servicios,1,1,,"100,0%",NaN
1204-Universidad Industrial de Santander,683-TECNOLOGIA EMPRESARIAL,Masculino,2010-1,2020,Independiente,Administración pública y defensa; planes de seguridad social de afiliación obligatoria,1,1,,"100,0%",NaN
1204-Universidad Industrial de Santander,683-TECNOLOGIA EMPRESARIAL,Masculino,2010-1,2021,Dependiente,"Actividades profesionales, científicas y técnicas",1,1,,"100,0%",NaN
1204-Universidad Industrial de Santander,683-TECNOLOGIA EMPRESARIAL,Masculino,2010-1,2021,Dependiente,Administración pública y defensa; planes de seguridad social de afiliación obligatoria,1,1,,"100,0%",NaN
1204-Universidad Industrial de Santander,683-TECNOLOGIA EMPRESARIAL,Masculino,2010-1,2021,Dependiente,Educación,1,1,,"100,0%",NaN
1204-Universidad Industrial de Santander,683-TECNOLOGIA EMPRESARIAL,Masculino,2010-1,2021,Dependiente,Información y comunicaciones,1,1,,"100,0%",NaN
1204-Universidad Industrial de Santander,683-TECNOLOGIA EMPRESARIAL,Masculino,2010-1,2021,Independiente,Administración pública y defensa; planes de seguridad social de afiliación obligatoria,1,1,,"100,0%",NaN
1204-Universidad Industrial de Santander,683-TECNOLOGIA EMPRESARIAL,Masculino,2010-1,2021,No cotizante,Sin información,3,0,,"0,0%",NaN
1204-Universidad Industrial de Santander,683-TECNOLOGIA EMPRESARIAL,Masculino,2010-1,2022,Dependiente,"Actividades profesionales, científicas y técnicas",2,2,,"100,0%",NaN
1204-Universidad Industrial de Santander,683-TECNOLOGIA EMPRESARIAL,Masculino,2010-1,2022,Dependiente,Administración pública y defensa; planes de seguridad social de afiliación obligatoria,1,1,,"100,0%",NaN
1204-Universidad Industrial de Santander,683-TECNOLOGIA EMPRESARIAL,Masculino,2010-1,2022,Dependiente,Educación,1,1,,"100,0%",NaN
1204-Universidad Industrial de Santander,683-TECNOLOGIA EMPRESARIAL,Masculino,2010-1,2022,Dependiente,Información y comunicaciones,1,1,,"100,0%",NaN
1204-Universidad Industrial de Santander,683-TECNOLOGIA EMPRESARIAL,Masculino,2010-1,2022,Independiente,Administración pública y defensa; planes de seguridad social de afiliación obligatoria,1,1,,"100,0%",NaN
1204-Universidad Industrial de Santander,683-TECNOLOGIA EMPRESARIAL,Masculino,2010-1,2022,No cotizante,SIN DATO,2,0,,"0,0%",NaN
1204-Universidad Industrial de Santander,683-TECNOLOGIA EMPRESARIAL,Masculino,2010-1,2023,Dependiente,"Actividades profesionales, científicas y técnicas",1,1,,"100,0%",NaN
1204-Universidad Industrial de Santander,683-TECNOLOGIA EMPRESARIAL,Masculino,2010-1,2023,Dependiente,Administración pública y defensa; planes de seguridad social de afiliación obligatoria,1,1,,"100,0%",NaN
1204-Universidad Industrial de Santander,683-TECNOLOGIA EMPRESARIAL,Masculino,2010-1,2023,Dependiente,Educación,1,1,,"100,0%",NaN
1204-Universidad Industrial de Santander,683-TECNOLOGIA EMPRESARIAL,Masculino,2010-1,2023,Dependiente,Industrias manufactureras,1,1,,"100,0%",NaN
1204-Universidad Industrial de Santander,683-TECNOLOGIA EMPRESARIAL,Masculino,2010-1,2023,Independiente,Administración pública y defensa; planes de seguridad social de afiliación obligatoria,1,1,,"100,0%",NaN
1204-Universidad Industrial de Santander,683-TECNOLOGIA EMPRESARIAL,Masculino,2010-1,2023,No cotizante,SIN DATO,2,0,,"0,0%",NaN
1735-Universidad Manuela Beltrán - UMB,103645-PSICOLOGIA,Femenino,2010-1,2017,Dependiente,Actividades de atención de la salud humana y de asistencia social,1,1,,"100,0%",NaN
1735-Universidad Manuela Beltrán - UMB,103645-PSICOLOGIA,Femenino,2010-1,2017,Dependiente,"Actividades profesionales, científicas y técnicas",1,1,,"100,0%",NaN
1735-Universidad Manuela Beltrán - UMB,103645-PSICOLOGIA,Femenino,2010-1,2017,Independiente,"Actividades profesionales, científicas y técnicas",1,1,,"100,0%",NaN
1735-Universidad Manuela Beltrán - UMB,103645-PSICOLOGIA,Femenino,2010-1,2018,Dependiente,Actividades de atención de la salud humana y de asistencia social,1,1,,"100,0%",NaN
1735-Universidad Manuela Beltrán - UMB,103645-PSICOLOGIA,Femenino,2010-1,2018,Dependiente,Actividades de servicios administrativos y de apoyo,1,1,,"100,0%",NaN
1735-Universidad Manuela Beltrán - UMB,103645-PSICOLOGIA,Femenino,2010-1,2018,Independiente,"Actividades profesionales, científicas y técnicas",1,1,,"100,0%",NaN
1735-Universidad Manuela Beltrán - UMB,103645-PSICOLOGIA,Femenino,2010-1,2019,Dependiente,Actividades de atención de la salud humana y de asistencia social,1,1,,"100,0%",NaN
1735-Universidad Manuela Beltrán - UMB,103645-PSICOLOGIA,Femenino,2010-1,2019,Dependiente,Actividades de servicios administrativos y de apoyo,1,1,,"100,0%",NaN
1735-Universidad Manuela Beltrán - UMB,103645-PSICOLOGIA,Femenino,2010-1,2019,Independiente,"Actividades profesionales, científicas y técnicas",1,1,,"100,0%",NaN
1735-Universidad Manuela Beltrán - UMB,103645-PSICOLOGIA,Femenino,2010-1,2020,Dependiente,Actividades de servicios administrativos y de apoyo,1,1,,"100,0%",NaN
1735-Universidad Manuela Beltrán - UMB,103645-PSICOLOGIA,Femenino,2010-1,2020,Independiente,"Actividades profesionales, científicas y técnicas",1,1,,"100,0%",NaN
1735-Universidad Manuela Beltrán - UMB,103645-PSICOLOGIA,Femenino,2010-1,2020,No cotizante,Sin información,1,0,,"0,0%",NaN
1735-Universidad Manuela Beltrán - UMB,103645-PSICOLOGIA,Femenino,2010-1,2021,Dependiente,Actividades de servicios administrativos y de apoyo,1,1,,"100,0%",NaN
1735-Universidad Manuela Beltrán - UMB,103645-PSICOLOGIA,Femenino,2010-1,2021,Dependiente,Administración pública y defensa; planes de seguridad social de afiliación obligatoria,1,1,,"100,0%",NaN
1735-Universidad Manuela Beltrán - UMB,103645-PSICOLOGIA,Femenino,2010-1,2021,No cotizante,Sin información,1,0,,"0,0%",NaN
1735-Universidad Manuela Beltrán - UMB,103645-PSICOLOGIA,Femenino,2010-1,2022,Dependiente,Actividades de servicios administrativos y de apoyo,1,1,,"100,0%",NaN
1735-Universidad Manuela Beltrán - UMB,103645-PSICOLOGIA,Femenino,2010-1,2022,Independiente,"Actividades profesionales, científicas y técnicas",2,2,,"100,0%",NaN
1735-Universidad Manuela Beltrán - UMB,103645-PSICOLOGIA,Femenino,2010-1,2023,Dependiente,Actividades de servicios administrativos y de apoyo,1,1,,"100,0%",NaN
1735-Universidad Manuela Beltrán - UMB,103645-PSICOLOGIA,Femenino,2010-1,2023,Dependiente,Administración pública y defensa; planes de seguridad social de afiliación obligatoria,1,1,,"100,0%",NaN
1735-Universidad Manuela Beltrán - UMB,103645-PSICOLOGIA,Femenino,2010-1,2023,Independiente,"Actividades profesionales, científicas y técnicas",1,1,,"100,0%",NaN
1117-Universidad Militar - Nueva Granada,10963-RELACIONES INTERNACIONALES Y ESTUDIOS POLITICOS,Femenino,2010-1,2016,Dependiente,Administración pública y defensa; planes de seguridad social de afiliación obligatoria,1,1,,"100,0%",$3.693.000
1117-Universidad Militar - Nueva Granada,10963-RELACIONES INTERNACIONALES Y ESTUDIOS POLITICOS,Femenino,2010-1,2016,Dependiente,"Agricultura, ganadería, caza, silvicultura y pesca",1,1,,"100,0%",$3.007.000
1117-Universidad Militar - Nueva Granada,10963-RELACIONES INTERNACIONALES Y ESTUDIOS POLITICOS,Femenino,2010-1,2016,Dependiente,Comercio al por mayor y al por menor; reparación de vehículos automotores y motocicletas,1,1,,"100,0%",$3.405.000
1117-Universidad Militar - Nueva Granada,10963-RELACIONES INTERNACIONALES Y ESTUDIOS POLITICOS,Femenino,2010-1,2016,Dependiente,Educación,1,1,,"100,0%",$1.351.000
1117-Universidad Militar - Nueva Granada,10963-RELACIONES INTERNACIONALES Y ESTUDIOS POLITICOS,Femenino,2010-1,2016,Independiente,"Actividades profesionales, científicas y técnicas",1,1,,"100,0%",NaN
1117-Universidad Militar - Nueva Granada,10963-RELACIONES INTERNACIONALES Y ESTUDIOS POLITICOS,Femenino,2010-1,2016,No cotizante,Sin información,5,0,,"0,0%",NaN
1117-Universidad Militar - Nueva Granada,10963-RELACIONES INTERNACIONALES Y ESTUDIOS POLITICOS,Femenino,2010-1,2017,Dependiente,Administración pública y defensa; planes de seguridad social de afiliación obligatoria,1,1,,"100,0%",NaN
1117-Universidad Militar - Nueva Granada,10963-RELACIONES INTERNACIONALES Y ESTUDIOS POLITICOS,Femenino,2010-1,2017,Dependiente,Comercio al por mayor y al por menor; reparación de vehículos automotores y motocicletas,2,2,,"100,0%",NaN
1117-Universidad Militar - Nueva Granada,10963-RELACIONES INTERNACIONALES Y ESTUDIOS POLITICOS,Femenino,2010-1,2017,Dependiente,Educación,1,1,,"100,0%",NaN
1117-Universidad Militar - Nueva Granada,10963-RELACIONES INTERNACIONALES Y ESTUDIOS POLITICOS,Femenino,2010-1,2017,Independiente,"Actividades profesionales, científicas y técnicas",1,1,,"100,0%",NaN
1117-Universidad Militar - Nueva Granada,10963-RELACIONES INTERNACIONALES Y ESTUDIOS POLITICOS,Femenino,2010-1,2017,No cotizante,Sin información,5,0,,"0,0%",NaN
1117-Universidad Militar - Nueva Granada,10963-RELACIONES INTERNACIONALES Y ESTUDIOS POLITICOS,Femenino,2010-1,2018,Dependiente,Actividades de servicios administrativos y de apoyo,1,1,,"100,0%",NaN
1117-Universidad Militar - Nueva Granada,10963-RELACIONES INTERNACIONALES Y ESTUDIOS POLITICOS,Femenino,2010-1,2018,Dependiente,Administración pública y defensa; planes de seguridad social de afiliación obligatoria,1,1,,"100,0%",NaN
1117-Universidad Militar - Nueva Granada,10963-RELACIONES INTERNACIONALES Y ESTUDIOS POLITICOS,Femenino,2010-1,2018,Dependiente,Comercio al por mayor y al por menor; reparación de vehículos automotores y motocicletas,1,1,,"100,0%",NaN
1117-Universidad Militar - Nueva Granada,10963-RELACIONES INTERNACIONALES Y ESTUDIOS POLITICOS,Femenino,2010-1,2018,Dependiente,Educación,1,1,,"100,0%",NaN
1117-Universidad Militar - Nueva Granada,10963-RELACIONES INTERNACIONALES Y ESTUDIOS POLITICOS,Femenino,2010-1,2018,Dependiente,Transporte y almacenamiento,1,1,,"100,0%",NaN
1117-Universidad Militar - Nueva Granada,10963-RELACIONES INTERNACIONALES Y ESTUDIOS POLITICOS,Femenino,2010-1,2018,No cotizante,Sin información,4,0,,"0,0%",NaN
1117-Universidad Militar - Nueva Granada,10963-RELACIONES INTERNACIONALES Y ESTUDIOS POLITICOS,Femenino,2010-1,2019,Dependiente,Actividades de servicios administrativos y de apoyo,1,1,,"100,0%",NaN
1117-Universidad Militar - Nueva Granada,10963-RELACIONES INTERNACIONALES Y ESTUDIOS POLITICOS,Femenino,2010-1,2019,Dependiente,Comercio al por mayor y al por menor; reparación de vehículos automotores y motocicletas,1,1,,"100,0%",NaN
1117-Universidad Militar - Nueva Granada,10963-RELACIONES INTERNACIONALES Y ESTUDIOS POLITICOS,Femenino,2010-1,2019,Dependiente,Educación,1,1,,"100,0%",NaN
1117-Universidad Militar - Nueva Granada,10963-RELACIONES INTERNACIONALES Y ESTUDIOS POLITICOS,Femenino,2010-1,2019,Dependiente,Transporte y almacenamiento,1,1,,"100,0%",NaN
1117-Universidad Militar - Nueva Granada,10963-RELACIONES INTERNACIONALES Y ESTUDIOS POLITICOS,Femenino,2010-1,2019,No cotizante,Sin información,4,0,,"0,0%",NaN
1117-Universidad Militar - Nueva Granada,10963-RELACIONES INTERNACIONALES Y ESTUDIOS POLITICOS,Femenino,2010-1,2020,Dependiente,Comercio al por mayor y al por menor; reparación de vehículos automotores y motocicletas,1,1,,"100,0%",NaN
1117-Universidad Militar - Nueva Granada,10963-RELACIONES INTERNACIONALES Y ESTUDIOS POLITICOS,Femenino,2010-1,2020,Dependiente,Educación,1,1,,"100,0%",NaN
1117-Universidad Militar - Nueva Granada,10963-RELACIONES INTERNACIONALES Y ESTUDIOS POLITICOS,Femenino,2010-1,2020,Dependiente,Transporte y almacenamiento,1,1,,"100,0%",NaN
1117-Universidad Militar - Nueva Granada,10963-RELACIONES INTERNACIONALES Y ESTUDIOS POLITICOS,Femenino,2010-1,2020,No cotizante,Sin información,5,0,,"0,0%",NaN
1117-Universidad Militar - Nueva Granada,10963-RELACIONES INTERNACIONALES Y ESTUDIOS POLITICOS,Femenino,2010-1,2021,Dependiente,Comercio al por mayor y al por menor; reparación de vehículos automotores y motocicletas,1,1,,"100,0%",NaN
1117-Universidad Militar - Nueva Granada,10963-RELACIONES INTERNACIONALES Y ESTUDIOS POLITICOS,Femenino,2010-1,2021,Dependiente,Educación,1,1,,"100,0%",NaN
1117-Universidad Militar - Nueva Granada,10963-RELACIONES INTERNACIONALES Y ESTUDIOS POLITICOS,Femenino,2010-1,2021,Dependiente,Transporte y almacenamiento,1,1,,"100,0%",NaN
1117-Universidad Militar - Nueva Granada,10963-RELACIONES INTERNACIONALES Y ESTUDIOS POLITICOS,Femenino,2010-1,2021,No cotizante,Sin información,5,0,,"0,0%",NaN
1117-Universidad Militar - Nueva Granada,10963-RELACIONES INTERNACIONALES Y ESTUDIOS POLITICOS,Femenino,2010-1,2022,Dependiente,"Agricultura, ganadería, caza, silvicultura y pesca",1,1,,"100,0%",NaN
1117-Universidad Militar - Nueva Granada,10963-RELACIONES INTERNACIONALES Y ESTUDIOS POLITICOS,Femenino,2010-1,2022,Dependiente,Educación,1,1,,"100,0%",NaN
1117-Universidad Militar - Nueva Granada,10963-RELACIONES INTERNACIONALES Y ESTUDIOS POLITICOS,Femenino,2010-1,2022,No cotizante,SIN DATO,5,0,,"0,0%",NaN
1117-Universidad Militar - Nueva Granada,10963-RELACIONES INTERNACIONALES Y ESTUDIOS POLITICOS,Femenino,2010-1,2023,Dependiente,Educación,1,1,,"100,0%",NaN
1117-Universidad Militar - Nueva Granada,10963-RELACIONES INTERNACIONALES Y ESTUDIOS POLITICOS,Femenino,2010-1,2023,Independiente,"Actividades profesionales, científicas y técnicas",1,1,,"100,0%",NaN
1117-Universidad Militar - Nueva Granada,10963-RELACIONES INTERNACIONALES Y ESTUDIOS POLITICOS,Femenino,2010-1,2023,No cotizante,SIN DATO,5,0,,"0,0%",NaN
1117-Universidad Militar - Nueva Granada,10963-RELACIONES INTERNACIONALES Y ESTUDIOS POLITICOS,Masculino,2010-1,2016,Dependiente,"Actividades profesionales, científicas y técnicas",2,2,,"100,0%",$7.605.500
1117-Universidad Militar - Nueva Granada,10963-RELACIONES INTERNACIONALES Y ESTUDIOS POLITICOS,Masculino,2010-1,2016,Dependiente,Administración pública y defensa; planes de seguridad social de afiliación obligatoria,2,2,,"100,0%",$3.716.000
1117-Universidad Militar - Nueva Granada,10963-RELACIONES INTERNACIONALES Y ESTUDIOS POLITICOS,Masculino,2010-1,2016,Independiente,Sin información,2,2,,"100,0%",NaN
1117-Universidad Militar - Nueva Granada,10963-RELACIONES INTERNACIONALES Y ESTUDIOS POLITICOS,Masculino,2010-1,2016,No cotizante,Sin información,1,0,,"0,0%",NaN
1117-Universidad Militar - Nueva Granada,10963-RELACIONES INTERNACIONALES Y ESTUDIOS POLITICOS,Masculino,2010-1,2017,Dependiente,"Actividades profesionales, científicas y técnicas",1,1,,"100,0%",NaN
1117-Universidad Militar - Nueva Granada,10963-RELACIONES INTERNACIONALES Y ESTUDIOS POLITICOS,Masculino,2010-1,2017,Dependiente,Administración pública y defensa; planes de seguridad social de afiliación obligatoria,3,3,,"100,0%",NaN
1117-Universidad Militar - Nueva Granada,10963-RELACIONES INTERNACIONALES Y ESTUDIOS POLITICOS,Masculino,2010-1,2017,Independiente,Sin información,1,1,,"100,0%",NaN
1117-Universidad Militar - Nueva Granada,10963-RELACIONES INTERNACIONALES Y ESTUDIOS POLITICOS,Masculino,2010-1,2017,No cotizante,Sin información,2,0,,"0,0%",NaN
1117-Universidad Militar - Nueva Granada,10963-RELACIONES INTERNACIONALES Y ESTUDIOS POLITICOS,Masculino,2010-1,2018,Dependiente,Administración pública y defensa; planes de seguridad social de afiliación obligatoria,2,2,,"100,0%",NaN
1117-Universidad Militar - Nueva Granada,10963-RELACIONES INTERNACIONALES Y ESTUDIOS POLITICOS,Masculino,2010-1,2018,Independiente,"Actividades profesionales, científicas y técnicas",1,1,,"100,0%",NaN
1117-Universidad Militar - Nueva Granada,10963-RELACIONES INTERNACIONALES Y ESTUDIOS POLITICOS,Masculino,2010-1,2018,Independiente,Sin información,1,1,,"100,0%",NaN
1117-Universidad Militar - Nueva Granada,10963-RELACIONES INTERNACIONALES Y ESTUDIOS POLITICOS,Masculino,2010-1,2018,No cotizante,Sin información,3,0,,"0,0%",NaN
1117-Universidad Militar - Nueva Granada,10963-RELACIONES INTERNACIONALES Y ESTUDIOS POLITICOS,Masculino,2010-1,2019,Dependiente,Administración pública y defensa; planes de seguridad social de afiliación obligatoria,2,2,,"100,0%",NaN
1117-Universidad Militar - Nueva Granada,10963-RELACIONES INTERNACIONALES Y ESTUDIOS POLITICOS,Masculino,2010-1,2019,Independiente,"Actividades profesionales, científicas y técnicas",2,2,,"100,0%",NaN
1117-Universidad Militar - Nueva Granada,10963-RELACIONES INTERNACIONALES Y ESTUDIOS POLITICOS,Masculino,2010-1,2019,No cotizante,Sin información,2,0,,"0,0%",NaN
1117-Universidad Militar - Nueva Granada,10963-RELACIONES INTERNACIONALES Y ESTUDIOS POLITICOS,Masculino,2010-1,2020,Dependiente,Actividades de atención de la salud humana y de asistencia social,1,1,,"100,0%",NaN
1117-Universidad Militar - Nueva Granada,10963-RELACIONES INTERNACIONALES Y ESTUDIOS POLITICOS,Masculino,2010-1,2020,Dependiente,Administración pública y defensa; planes de seguridad social de afiliación obligatoria,2,2,,"100,0%",NaN
1117-Universidad Militar - Nueva Granada,10963-RELACIONES INTERNACIONALES Y ESTUDIOS POLITICOS,Masculino,2010-1,2020,Independiente,"Actividades profesionales, científicas y técnicas",2,2,,"100,0%",NaN
1117-Universidad Militar - Nueva Granada,10963-RELACIONES INTERNACIONALES Y ESTUDIOS POLITICOS,Masculino,2010-1,2020,Independiente,Comercio al por mayor y al por menor; reparación de vehículos automotores y motocicletas,1,1,,"100,0%",NaN
1117-Universidad Militar - Nueva Granada,10963-RELACIONES INTERNACIONALES Y ESTUDIOS POLITICOS,Masculino,2010-1,2021,Dependiente,Administración pública y defensa; planes de seguridad social de afiliación obligatoria,1,1,,"100,0%",NaN
1117-Universidad Militar - Nueva Granada,10963-RELACIONES INTERNACIONALES Y ESTUDIOS POLITICOS,Masculino,2010-1,2021,Dependiente,Comercio al por mayor y al por menor; reparación de vehículos automotores y motocicletas,1,1,,"100,0%",NaN
1117-Universidad Militar - Nueva Granada,10963-RELACIONES INTERNACIONALES Y ESTUDIOS POLITICOS,Masculino,2010-1,2021,Independiente,"Actividades profesionales, científicas y técnicas",3,3,,"100,0%",NaN
1117-Universidad Militar - Nueva Granada,10963-RELACIONES INTERNACIONALES Y ESTUDIOS POLITICOS,Masculino,2010-1,2021,No cotizante,Sin información,1,0,,"0,0%",NaN
1117-Universidad Militar - Nueva Granada,10963-RELACIONES INTERNACIONALES Y ESTUDIOS POLITICOS,Masculino,2010-1,2022,Dependiente,Administración pública y defensa; planes de seguridad social de afiliación obligatoria,1,1,,"100,0%",NaN
1117-Universidad Militar - Nueva Granada,10963-RELACIONES INTERNACIONALES Y ESTUDIOS POLITICOS,Masculino,2010-1,2022,Independiente,"Actividades profesionales, científicas y técnicas",2,2,,"100,0%",NaN
1117-Universidad Militar - Nueva Granada,10963-RELACIONES INTERNACIONALES Y ESTUDIOS POLITICOS,Masculino,2010-1,2022,Independiente,Comercio al por mayor y al por menor; reparación de vehículos automotores y motocicletas,1,1,,"100,0%",NaN
1117-Universidad Militar - Nueva Granada,10963-RELACIONES INTERNACIONALES Y ESTUDIOS POLITICOS,Masculino,2010-1,2022,No cotizante,SIN DATO,1,0,,"0,0%",NaN
1117-Universidad Militar - Nueva Granada,10963-RELACIONES INTERNACIONALES Y ESTUDIOS POLITICOS,Masculino,2010-1,2023,Dependiente,Administración pública y defensa; planes de seguridad social de afiliación obligatoria,1,1,,"100,0%",NaN
1117-Universidad Militar - Nueva Granada,10963-RELACIONES INTERNACIONALES Y ESTUDIOS POLITICOS,Masculino,2010-1,2023,Independiente,"Actividades profesionales, científicas y técnicas",2,2,,"100,0%",NaN
1117-Universidad Militar - Nueva Granada,10963-RELACIONES INTERNACIONALES Y ESTUDIOS POLITICOS,Masculino,2010-1,2023,Independiente,Comercio al por mayor y al por menor; reparación de vehículos automotores y motocicletas,1,1,,"100,0%",NaN
1117-Universidad Militar - Nueva Granada,10963-RELACIONES INTERNACIONALES Y ESTUDIOS POLITICOS,Masculino,2010-1,2023,No cotizante,SIN DATO,1,0,,"0,0%",NaN
2102-Universidad Nacional Abierta y a Distancia - UNAD,1688-ADMINISTRACION DE EMPRESAS,Femenino,2010-1,2020,Dependiente,"Actividades artísticas, de entretenimiento y recreación",2,2,,"100,0%",NaN
2102-Universidad Nacional Abierta y a Distancia - UNAD,1688-ADMINISTRACION DE EMPRESAS,Femenino,2010-1,2020,Dependiente,Actividades de atención de la salud humana y de asistencia social,6,6,,"100,0%",NaN
2102-Universidad Nacional Abierta y a Distancia - UNAD,1688-ADMINISTRACION DE EMPRESAS,Femenino,2010-1,2020,Dependiente,Actividades de organizaciones y entidades extraterritoriales,1,1,,"100,0%",NaN
2102-Universidad Nacional Abierta y a Distancia - UNAD,1688-ADMINISTRACION DE EMPRESAS,Femenino,2010-1,2020,Dependiente,Actividades de servicios administrativos y de apoyo,4,4,,"100,0%",NaN
2102-Universidad Nacional Abierta y a Distancia - UNAD,1688-ADMINISTRACION DE EMPRESAS,Femenino,2010-1,2020,Dependiente,Actividades financieras y de seguros,4,4,,"100,0%",NaN
2102-Universidad Nacional Abierta y a Distancia - UNAD,1688-ADMINISTRACION DE EMPRESAS,Femenino,2010-1,2020,Dependiente,Actividades inmobiliarias,1,1,,"100,0%",NaN
2102-Universidad Nacional Abierta y a Distancia - UNAD,1688-ADMINISTRACION DE EMPRESAS,Femenino,2010-1,2020,Dependiente,"Actividades profesionales, científicas y técnicas",14,14,,"100,0%",NaN
2102-Universidad Nacional Abierta y a Distancia - UNAD,1688-ADMINISTRACION DE EMPRESAS,Femenino,2010-1,2020,Dependiente,Administración pública y defensa; planes de seguridad social de afiliación obligatoria,20,20,,"100,0%",NaN
2102-Universidad Nacional Abierta y a Distancia - UNAD,1688-ADMINISTRACION DE EMPRESAS,Femenino,2010-1,2020,Dependiente,Alojamiento y servicios de comida,1,1,,"100,0%",NaN
2102-Universidad Nacional Abierta y a Distancia - UNAD,1688-ADMINISTRACION DE EMPRESAS,Femenino,2010-1,2020,Dependiente,Comercio al por mayor y al por menor; reparación de vehículos automotores y motocicletas,18,18,,"100,0%",NaN
2102-Universidad Nacional Abierta y a Distancia - UNAD,1688-ADMINISTRACION DE EMPRESAS,Femenino,2010-1,2020,Dependiente,Construccion,5,5,,"100,0%",NaN
2102-Universidad Nacional Abierta y a Distancia - UNAD,1688-ADMINISTRACION DE EMPRESAS,Femenino,2010-1,2020,Dependiente,"Distribución de agua; evacuación y tratamiento de aguas residuales, gestión de desechos y actividades de saneamiento ambiental",2,2,,"100,0%",NaN
2102-Universidad Nacional Abierta y a Distancia - UNAD,1688-ADMINISTRACION DE EMPRESAS,Femenino,2010-1,2020,Dependiente,Educación,2,2,,"100,0%",NaN
2102-Universidad Nacional Abierta y a Distancia - UNAD,1688-ADMINISTRACION DE EMPRESAS,Femenino,2010-1,2020,Dependiente,Explotación de minas y canteras,2,2,,"100,0%",NaN
2102-Universidad Nacional Abierta y a Distancia - UNAD,1688-ADMINISTRACION DE EMPRESAS,Femenino,2010-1,2020,Dependiente,Industrias manufactureras,8,8,,"100,0%",NaN
2102-Universidad Nacional Abierta y a Distancia - UNAD,1688-ADMINISTRACION DE EMPRESAS,Femenino,2010-1,2020,Dependiente,Información y comunicaciones,4,4,,"100,0%",NaN
2102-Universidad Nacional Abierta y a Distancia - UNAD,1688-ADMINISTRACION DE EMPRESAS,Femenino,2010-1,2020,Dependiente,Otras actividades de servicios,7,7,,"100,0%",NaN
2102-Universidad Nacional Abierta y a Distancia - UNAD,1688-ADMINISTRACION DE EMPRESAS,Femenino,2010-1,2020,Dependiente,Transporte y almacenamiento,3,3,,"100,0%",NaN
2102-Universidad Nacional Abierta y a Distancia - UNAD,1688-ADMINISTRACION DE EMPRESAS,Femenino,2010-1,2020,Independiente,Actividades de los hogares individuales en calidad de empleadores; actividades no diferenciadas de los hogares individuales como productores de bienes y servicios para uso propio,1,1,,"100,0%",NaN
2102-Universidad Nacional Abierta y a Distancia - UNAD,1688-ADMINISTRACION DE EMPRESAS,Femenino,2010-1,2020,Independiente,Actividades de servicios administrativos y de apoyo,3,3,,"100,0%",NaN
2102-Universidad Nacional Abierta y a Distancia - UNAD,1688-ADMINISTRACION DE EMPRESAS,Femenino,2010-1,2020,Independiente,"Actividades profesionales, científicas y técnicas",20,20,,"100,0%",NaN
2102-Universidad Nacional Abierta y a Distancia - UNAD,1688-ADMINISTRACION DE EMPRESAS,Femenino,2010-1,2020,Independiente,Administración pública y defensa; planes de seguridad social de afiliación obligatoria,1,1,,"100,0%",NaN
2102-Universidad Nacional Abierta y a Distancia - UNAD,1688-ADMINISTRACION DE EMPRESAS,Femenino,2010-1,2020,Independiente,Alojamiento y servicios de comida,1,1,,"100,0%",NaN
2102-Universidad Nacional Abierta y a Distancia - UNAD,1688-ADMINISTRACION DE EMPRESAS,Femenino,2010-1,2020,Independiente,Comercio al por mayor y al por menor; reparación de vehículos automotores y motocicletas,1,1,,"100,0%",NaN
2102-Universidad Nacional Abierta y a Distancia - UNAD,1688-ADMINISTRACION DE EMPRESAS,Femenino,2010-1,2020,Independiente,Educación,1,1,,"100,0%",NaN
2102-Universidad Nacional Abierta y a Distancia - UNAD,1688-ADMINISTRACION DE EMPRESAS,Femenino,2010-1,2020,Independiente,Industrias manufactureras,1,1,,"100,0%",NaN
2102-Universidad Nacional Abierta y a Distancia - UNAD,1688-ADMINISTRACION DE EMPRESAS,Femenino,2010-1,2020,Independiente,Otras actividades de servicios,4,4,,"100,0%",NaN
2102-Universidad Nacional Abierta y a Distancia - UNAD,1688-ADMINISTRACION DE EMPRESAS,Femenino,2010-1,2020,Independiente,Transporte y almacenamiento,1,1,,"100,0%",NaN
2102-Universidad Nacional Abierta y a Distancia - UNAD,1688-ADMINISTRACION DE EMPRESAS,Femenino,2010-1,2020,No cotizante,Sin información,61,0,,"0,0%",NaN
2102-Universidad Nacional Abierta y a Distancia - UNAD,1688-ADMINISTRACION DE EMPRESAS,Masculino,2010-1,2020,Dependiente,"Actividades artísticas, de entretenimiento y recreación",1,1,,"100,0%",NaN
2102-Universidad Nacional Abierta y a Distancia - UNAD,1688-ADMINISTRACION DE EMPRESAS,Masculino,2010-1,2020,Dependiente,Actividades de atención de la salud humana y de asistencia social,2,2,,"100,0%",NaN
2102-Universidad Nacional Abierta y a Distancia - UNAD,1688-ADMINISTRACION DE EMPRESAS,Masculino,2010-1,2020,Dependiente,Actividades de servicios administrativos y de apoyo,4,4,,"100,0%",NaN
2102-Universidad Nacional Abierta y a Distancia - UNAD,1688-ADMINISTRACION DE EMPRESAS,Masculino,2010-1,2020,Dependiente,Actividades financieras y de seguros,2,2,,"100,0%",NaN
2102-Universidad Nacional Abierta y a Distancia - UNAD,1688-ADMINISTRACION DE EMPRESAS,Masculino,2010-1,2020,Dependiente,"Actividades profesionales, científicas y técnicas",5,5,,"100,0%",NaN
2102-Universidad Nacional Abierta y a Distancia - UNAD,1688-ADMINISTRACION DE EMPRESAS,Masculino,2010-1,2020,Dependiente,Administración pública y defensa; planes de seguridad social de afiliación obligatoria,14,14,,"100,0%",NaN
2102-Universidad Nacional Abierta y a Distancia - UNAD,1688-ADMINISTRACION DE EMPRESAS,Masculino,2010-1,2020,Dependiente,"Agricultura, ganadería, caza, silvicultura y pesca",1,1,,"100,0%",NaN
2102-Universidad Nacional Abierta y a Distancia - UNAD,1688-ADMINISTRACION DE EMPRESAS,Masculino,2010-1,2020,Dependiente,Comercio al por mayor y al por menor; reparación de vehículos automotores y motocicletas,5,5,,"100,0%",NaN
2102-Universidad Nacional Abierta y a Distancia - UNAD,1688-ADMINISTRACION DE EMPRESAS,Masculino,2010-1,2020,Dependiente,Construccion,2,2,,"100,0%",NaN
2102-Universidad Nacional Abierta y a Distancia - UNAD,1688-ADMINISTRACION DE EMPRESAS,Masculino,2010-1,2020,Dependiente,Explotación de minas y canteras,1,1,,"100,0%",NaN
2102-Universidad Nacional Abierta y a Distancia - UNAD,1688-ADMINISTRACION DE EMPRESAS,Masculino,2010-1,2020,Dependiente,Industrias manufactureras,7,7,,"100,0%",NaN
2102-Universidad Nacional Abierta y a Distancia - UNAD,1688-ADMINISTRACION DE EMPRESAS,Masculino,2010-1,2020,Dependiente,Información y comunicaciones,2,2,,"100,0%",NaN
2102-Universidad Nacional Abierta y a Distancia - UNAD,1688-ADMINISTRACION DE EMPRESAS,Masculino,2010-1,2020,Dependiente,Otras actividades de servicios,2,2,,"100,0%",NaN
2102-Universidad Nacional Abierta y a Distancia - UNAD,1688-ADMINISTRACION DE EMPRESAS,Masculino,2010-1,2020,Dependiente,Transporte y almacenamiento,3,3,,"100,0%",NaN
2102-Universidad Nacional Abierta y a Distancia - UNAD,1688-ADMINISTRACION DE EMPRESAS,Masculino,2010-1,2020,Independiente,"Actividades artísticas, de entretenimiento y recreación",1,1,,"100,0%",NaN
2102-Universidad Nacional Abierta y a Distancia - UNAD,1688-ADMINISTRACION DE EMPRESAS,Masculino,2010-1,2020,Independiente,Actividades de servicios administrativos y de apoyo,1,1,,"100,0%",NaN
2102-Universidad Nacional Abierta y a Distancia - UNAD,1688-ADMINISTRACION DE EMPRESAS,Masculino,2010-1,2020,Independiente,Actividades financieras y de seguros,2,2,,"100,0%",NaN
2102-Universidad Nacional Abierta y a Distancia - UNAD,1688-ADMINISTRACION DE EMPRESAS,Masculino,2010-1,2020,Independiente,"Actividades profesionales, científicas y técnicas",7,7,,"100,0%",NaN
2102-Universidad Nacional Abierta y a Distancia - UNAD,1688-ADMINISTRACION DE EMPRESAS,Masculino,2010-1,2020,Independiente,Administración pública y defensa; planes de seguridad social de afiliación obligatoria,3,3,,"100,0%",NaN
2102-Universidad Nacional Abierta y a Distancia - UNAD,1688-ADMINISTRACION DE EMPRESAS,Masculino,2010-1,2020,Independiente,Comercio al por mayor y al por menor; reparación de vehículos automotores y motocicletas,2,2,,"100,0%",NaN
2102-Universidad Nacional Abierta y a Distancia - UNAD,1688-ADMINISTRACION DE EMPRESAS,Masculino,2010-1,2020,Independiente,Construccion,1,1,,"100,0%",NaN
2102-Universidad Nacional Abierta y a Distancia - UNAD,1688-ADMINISTRACION DE EMPRESAS,Masculino,2010-1,2020,Independiente,Otras actividades de servicios,4,4,,"100,0%",NaN
2102-Universidad Nacional Abierta y a Distancia - UNAD,1688-ADMINISTRACION DE EMPRESAS,Masculino,2010-1,2020,Independiente,Transporte y almacenamiento,1,1,,"100,0%",NaN
2102-Universidad Nacional Abierta y a Distancia - UNAD,1688-ADMINISTRACION DE EMPRESAS,Masculino,2010-1,2020,No cotizante,Sin información,27,0,,"0,0%",NaN
2102-Universidad Nacional Abierta y a Distancia - UNAD,3425-COMUNICACION SOCIAL,Femenino,2010-1,2020,Dependiente,"Actividades profesionales, científicas y técnicas",2,2,,"100,0%",NaN
2102-Universidad Nacional Abierta y a Distancia - UNAD,3425-COMUNICACION SOCIAL,Femenino,2010-1,2020,Dependiente,Administración pública y defensa; planes de seguridad social de afiliación obligatoria,3,3,,"100,0%",NaN
2102-Universidad Nacional Abierta y a Distancia - UNAD,3425-COMUNICACION SOCIAL,Femenino,2010-1,2020,Dependiente,Comercio al por mayor y al por menor; reparación de vehículos automotores y motocicletas,1,1,,"100,0%",NaN
2102-Universidad Nacional Abierta y a Distancia - UNAD,3425-COMUNICACION SOCIAL,Femenino,2010-1,2020,Dependiente,Información y comunicaciones,1,1,,"100,0%",NaN
2102-Universidad Nacional Abierta y a Distancia - UNAD,3425-COMUNICACION SOCIAL,Femenino,2010-1,2020,Dependiente,Otras actividades de servicios,1,1,,"100,0%",NaN
2102-Universidad Nacional Abierta y a Distancia - UNAD,3425-COMUNICACION SOCIAL,Femenino,2010-1,2020,Independiente,"Actividades profesionales, científicas y técnicas",3,3,,"100,0%",NaN
2102-Universidad Nacional Abierta y a Distancia - UNAD,3425-COMUNICACION SOCIAL,Femenino,2010-1,2020,Independiente,Administración pública y defensa; planes de seguridad social de afiliación obligatoria,1,1,,"100,0%",NaN
2102-Universidad Nacional Abierta y a Distancia - UNAD,3425-COMUNICACION SOCIAL,Femenino,2010-1,2020,Independiente,Educación,1,1,,"100,0%",NaN
2102-Universidad Nacional Abierta y a Distancia - UNAD,3425-COMUNICACION SOCIAL,Femenino,2010-1,2020,No cotizante,Sin información,10,0,,"0,0%",NaN
2102-Universidad Nacional Abierta y a Distancia - UNAD,3425-COMUNICACION SOCIAL,Masculino,2010-1,2020,Dependiente,Actividades financieras y de seguros,1,1,,"100,0%",NaN
2102-Universidad Nacional Abierta y a Distancia - UNAD,3425-COMUNICACION SOCIAL,Masculino,2010-1,2020,Dependiente,"Actividades profesionales, científicas y técnicas",1,1,,"100,0%",NaN
2102-Universidad Nacional Abierta y a Distancia - UNAD,3425-COMUNICACION SOCIAL,Masculino,2010-1,2020,Dependiente,Administración pública y defensa; planes de seguridad social de afiliación obligatoria,1,1,,"100,0%",NaN
2102-Universidad Nacional Abierta y a Distancia - UNAD,3425-COMUNICACION SOCIAL,Masculino,2010-1,2020,Dependiente,"Agricultura, ganadería, caza, silvicultura y pesca",1,1,,"100,0%",NaN
2102-Universidad Nacional Abierta y a Distancia - UNAD,3425-COMUNICACION SOCIAL,Masculino,2010-1,2020,Dependiente,Educación,1,1,,"100,0%",NaN
2102-Universidad Nacional Abierta y a Distancia - UNAD,3425-COMUNICACION SOCIAL,Masculino,2010-1,2020,Dependiente,Otras actividades de servicios,1,1,,"100,0%",NaN
2102-Universidad Nacional Abierta y a Distancia - UNAD,3425-COMUNICACION SOCIAL,Masculino,2010-1,2020,Independiente,"Actividades profesionales, científicas y técnicas",5,5,,"100,0%",NaN
2102-Universidad Nacional Abierta y a Distancia - UNAD,3425-COMUNICACION SOCIAL,Masculino,2010-1,2020,Independiente,Industrias manufactureras,1,1,,"100,0%",NaN
2102-Universidad Nacional Abierta y a Distancia - UNAD,3425-COMUNICACION SOCIAL,Masculino,2010-1,2020,No cotizante,Sin información,7,0,,"0,0%",NaN
2102-Universidad Nacional Abierta y a Distancia - UNAD,10673-ESPECIALIZACION EN EDUCACION SUPERIOR A DISTANCIA,Femenino,2010-1,2017,Dependiente,Educación,3,3,,"100,0%",NaN
2102-Universidad Nacional Abierta y a Distancia - UNAD,10673-ESPECIALIZACION EN EDUCACION SUPERIOR A DISTANCIA,Femenino,2010-1,2017,Dependiente,Sin información,1,1,,"100,0%",NaN
2102-Universidad Nacional Abierta y a Distancia - UNAD,10673-ESPECIALIZACION EN EDUCACION SUPERIOR A DISTANCIA,Femenino,2010-1,2017,Dependiente,Transporte y almacenamiento,1,1,,"100,0%",NaN
2102-Universidad Nacional Abierta y a Distancia - UNAD,10673-ESPECIALIZACION EN EDUCACION SUPERIOR A DISTANCIA,Femenino,2010-1,2017,Independiente,Sin información,1,1,,"100,0%",NaN
2102-Universidad Nacional Abierta y a Distancia - UNAD,10673-ESPECIALIZACION EN EDUCACION SUPERIOR A DISTANCIA,Femenino,2010-1,2018,Dependiente,Educación,3,3,,"100,0%",NaN
2102-Universidad Nacional Abierta y a Distancia - UNAD,10673-ESPECIALIZACION EN EDUCACION SUPERIOR A DISTANCIA,Femenino,2010-1,2018,Dependiente,Sin información,1,1,,"100,0%",NaN
2102-Universidad Nacional Abierta y a Distancia - UNAD,10673-ESPECIALIZACION EN EDUCACION SUPERIOR A DISTANCIA,Femenino,2010-1,2018,Dependiente,Transporte y almacenamiento,1,1,,"100,0%",NaN
2102-Universidad Nacional Abierta y a Distancia - UNAD,10673-ESPECIALIZACION EN EDUCACION SUPERIOR A DISTANCIA,Femenino,2010-1,2018,No cotizante,Sin información,1,0,,"0,0%",NaN
2102-Universidad Nacional Abierta y a Distancia - UNAD,10673-ESPECIALIZACION EN EDUCACION SUPERIOR A DISTANCIA,Femenino,2010-1,2019,Dependiente,Administración pública y defensa; planes de seguridad social de afiliación obligatoria,1,1,,"100,0%",NaN
2102-Universidad Nacional Abierta y a Distancia - UNAD,10673-ESPECIALIZACION EN EDUCACION SUPERIOR A DISTANCIA,Femenino,2010-1,2019,Dependiente,Educación,2,2,,"100,0%",NaN
2102-Universidad Nacional Abierta y a Distancia - UNAD,10673-ESPECIALIZACION EN EDUCACION SUPERIOR A DISTANCIA,Femenino,2010-1,2019,Dependiente,Transporte y almacenamiento,1,1,,"100,0%",NaN
2102-Universidad Nacional Abierta y a Distancia - UNAD,10673-ESPECIALIZACION EN EDUCACION SUPERIOR A DISTANCIA,Femenino,2010-1,2019,Independiente,"Actividades profesionales, científicas y técnicas",1,1,,"100,0%",NaN
2102-Universidad Nacional Abierta y a Distancia - UNAD,10673-ESPECIALIZACION EN EDUCACION SUPERIOR A DISTANCIA,Femenino,2010-1,2019,Independiente,Sin información,1,1,,"100,0%",NaN
2102-Universidad Nacional Abierta y a Distancia - UNAD,10673-ESPECIALIZACION EN EDUCACION SUPERIOR A DISTANCIA,Femenino,2010-1,2020,Dependiente,"Actividades profesionales, científicas y técnicas",1,1,,"100,0%",NaN
2102-Universidad Nacional Abierta y a Distancia - UNAD,10673-ESPECIALIZACION EN EDUCACION SUPERIOR A DISTANCIA,Femenino,2010-1,2020,Dependiente,Educación,2,2,,"100,0%",NaN
2102-Universidad Nacional Abierta y a Distancia - UNAD,10673-ESPECIALIZACION EN EDUCACION SUPERIOR A DISTANCIA,Femenino,2010-1,2020,Dependiente,Transporte y almacenamiento,1,1,,"100,0%",NaN
2102-Universidad Nacional Abierta y a Distancia - UNAD,10673-ESPECIALIZACION EN EDUCACION SUPERIOR A DISTANCIA,Femenino,2010-1,2020,Independiente,Actividades de servicios administrativos y de apoyo,1,1,,"100,0%",NaN
2102-Universidad Nacional Abierta y a Distancia - UNAD,10673-ESPECIALIZACION EN EDUCACION SUPERIOR A DISTANCIA,Femenino,2010-1,2020,No cotizante,Sin información,1,0,,"0,0%",NaN
2102-Universidad Nacional Abierta y a Distancia - UNAD,10673-ESPECIALIZACION EN EDUCACION SUPERIOR A DISTANCIA,Femenino,2010-1,2021,Dependiente,Administración pública y defensa; planes de seguridad social de afiliación obligatoria,1,1,,"100,0%",NaN
2102-Universidad Nacional Abierta y a Distancia - UNAD,10673-ESPECIALIZACION EN EDUCACION SUPERIOR A DISTANCIA,Femenino,2010-1,2021,Dependiente,Educación,2,2,,"100,0%",NaN
2102-Universidad Nacional Abierta y a Distancia - UNAD,10673-ESPECIALIZACION EN EDUCACION SUPERIOR A DISTANCIA,Femenino,2010-1,2021,Dependiente,Transporte y almacenamiento,1,1,,"100,0%",NaN
2102-Universidad Nacional Abierta y a Distancia - UNAD,10673-ESPECIALIZACION EN EDUCACION SUPERIOR A DISTANCIA,Femenino,2010-1,2021,Independiente,Actividades de servicios administrativos y de apoyo,1,1,,"100,0%",NaN
2102-Universidad Nacional Abierta y a Distancia - UNAD,10673-ESPECIALIZACION EN EDUCACION SUPERIOR A DISTANCIA,Femenino,2010-1,2021,No cotizante,Sin información,1,0,,"0,0%",NaN
2102-Universidad Nacional Abierta y a Distancia - UNAD,10673-ESPECIALIZACION EN EDUCACION SUPERIOR A DISTANCIA,Femenino,2010-1,2022,Dependiente,Administración pública y defensa; planes de seguridad social de afiliación obligatoria,1,1,,"100,0%",NaN
2102-Universidad Nacional Abierta y a Distancia - UNAD,10673-ESPECIALIZACION EN EDUCACION SUPERIOR A DISTANCIA,Femenino,2010-1,2022,Dependiente,Educación,2,2,,"100,0%",NaN
2102-Universidad Nacional Abierta y a Distancia - UNAD,10673-ESPECIALIZACION EN EDUCACION SUPERIOR A DISTANCIA,Femenino,2010-1,2022,Dependiente,Transporte y almacenamiento,1,1,,"100,0%",NaN
2102-Universidad Nacional Abierta y a Distancia - UNAD,10673-ESPECIALIZACION EN EDUCACION SUPERIOR A DISTANCIA,Femenino,2010-1,2022,Independiente,Actividades de servicios administrativos y de apoyo,1,1,,"100,0%",NaN
2102-Universidad Nacional Abierta y a Distancia - UNAD,10673-ESPECIALIZACION EN EDUCACION SUPERIOR A DISTANCIA,Femenino,2010-1,2022,No cotizante,SIN DATO,1,0,,"0,0%",NaN
2102-Universidad Nacional Abierta y a Distancia - UNAD,10673-ESPECIALIZACION EN EDUCACION SUPERIOR A DISTANCIA,Femenino,2010-1,2023,Dependiente,Administración pública y defensa; planes de seguridad social de afiliación obligatoria,1,1,,"100,0%",NaN
2102-Universidad Nacional Abierta y a Distancia - UNAD,10673-ESPECIALIZACION EN EDUCACION SUPERIOR A DISTANCIA,Femenino,2010-1,2023,Dependiente,Educación,2,2,,"100,0%",NaN
2102-Universidad Nacional Abierta y a Distancia - UNAD,10673-ESPECIALIZACION EN EDUCACION SUPERIOR A DISTANCIA,Femenino,2010-1,2023,Dependiente,Transporte y almacenamiento,1,1,,"100,0%",NaN
2102-Universidad Nacional Abierta y a Distancia - UNAD,10673-ESPECIALIZACION EN EDUCACION SUPERIOR A DISTANCIA,Femenino,2010-1,2023,Independiente,Actividades de servicios administrativos y de apoyo,1,1,,"100,0%",NaN
2102-Universidad Nacional Abierta y a Distancia - UNAD,10673-ESPECIALIZACION EN EDUCACION SUPERIOR A DISTANCIA,Femenino,2010-1,2023,No cotizante,SIN DATO,1,0,,"0,0%",NaN
2102-Universidad Nacional Abierta y a Distancia - UNAD,10673-ESPECIALIZACION EN EDUCACION SUPERIOR A DISTANCIA,Masculino,2010-1,2017,Dependiente,Actividades de organizaciones y entidades extraterritoriales,1,1,,"100,0%",NaN
2102-Universidad Nacional Abierta y a Distancia - UNAD,10673-ESPECIALIZACION EN EDUCACION SUPERIOR A DISTANCIA,Masculino,2010-1,2017,Dependiente,Actividades de servicios administrativos y de apoyo,1,1,,"100,0%",NaN
2102-Universidad Nacional Abierta y a Distancia - UNAD,10673-ESPECIALIZACION EN EDUCACION SUPERIOR A DISTANCIA,Masculino,2010-1,2017,Dependiente,Administración pública y defensa; planes de seguridad social de afiliación obligatoria,2,2,,"100,0%",NaN
2102-Universidad Nacional Abierta y a Distancia - UNAD,10673-ESPECIALIZACION EN EDUCACION SUPERIOR A DISTANCIA,Masculino,2010-1,2017,Dependiente,Educación,4,4,,"100,0%",NaN
2102-Universidad Nacional Abierta y a Distancia - UNAD,10673-ESPECIALIZACION EN EDUCACION SUPERIOR A DISTANCIA,Masculino,2010-1,2017,Dependiente,Sin información,1,1,,"100,0%",NaN
2102-Universidad Nacional Abierta y a Distancia - UNAD,10673-ESPECIALIZACION EN EDUCACION SUPERIOR A DISTANCIA,Masculino,2010-1,2018,Dependiente,Actividades de organizaciones y entidades extraterritoriales,1,1,,"100,0%",NaN
2102-Universidad Nacional Abierta y a Distancia - UNAD,10673-ESPECIALIZACION EN EDUCACION SUPERIOR A DISTANCIA,Masculino,2010-1,2018,Dependiente,Actividades de servicios administrativos y de apoyo,1,1,,"100,0%",NaN
2102-Universidad Nacional Abierta y a Distancia - UNAD,10673-ESPECIALIZACION EN EDUCACION SUPERIOR A DISTANCIA,Masculino,2010-1,2018,Dependiente,Administración pública y defensa; planes de seguridad social de afiliación obligatoria,2,2,,"100,0%",NaN
2102-Universidad Nacional Abierta y a Distancia - UNAD,10673-ESPECIALIZACION EN EDUCACION SUPERIOR A DISTANCIA,Masculino,2010-1,2018,Dependiente,Educación,2,2,,"100,0%",NaN
2102-Universidad Nacional Abierta y a Distancia - UNAD,10673-ESPECIALIZACION EN EDUCACION SUPERIOR A DISTANCIA,Masculino,2010-1,2018,Dependiente,Sin información,1,1,,"100,0%",NaN
2102-Universidad Nacional Abierta y a Distancia - UNAD,10673-ESPECIALIZACION EN EDUCACION SUPERIOR A DISTANCIA,Masculino,2010-1,2019,Dependiente,Actividades de organizaciones y entidades extraterritoriales,1,1,,"100,0%",NaN
2102-Universidad Nacional Abierta y a Distancia - UNAD,10673-ESPECIALIZACION EN EDUCACION SUPERIOR A DISTANCIA,Masculino,2010-1,2019,Dependiente,Actividades de servicios administrativos y de apoyo,2,2,,"100,0%",NaN
2102-Universidad Nacional Abierta y a Distancia - UNAD,10673-ESPECIALIZACION EN EDUCACION SUPERIOR A DISTANCIA,Masculino,2010-1,2019,Dependiente,Administración pública y defensa; planes de seguridad social de afiliación obligatoria,3,3,,"100,0%",NaN
2102-Universidad Nacional Abierta y a Distancia - UNAD,10673-ESPECIALIZACION EN EDUCACION SUPERIOR A DISTANCIA,Masculino,2010-1,2019,Dependiente,Educación,1,1,,"100,0%",NaN
2102-Universidad Nacional Abierta y a Distancia - UNAD,10673-ESPECIALIZACION EN EDUCACION SUPERIOR A DISTANCIA,Masculino,2010-1,2020,Dependiente,Actividades de organizaciones y entidades extraterritoriales,1,1,,"100,0%",NaN
2102-Universidad Nacional Abierta y a Distancia - UNAD,10673-ESPECIALIZACION EN EDUCACION SUPERIOR A DISTANCIA,Masculino,2010-1,2020,Dependiente,Actividades de servicios administrativos y de apoyo,1,1,,"100,0%",NaN
2102-Universidad Nacional Abierta y a Distancia - UNAD,10673-ESPECIALIZACION EN EDUCACION SUPERIOR A DISTANCIA,Masculino,2010-1,2020,Dependiente,Administración pública y defensa; planes de seguridad social de afiliación obligatoria,3,3,,"100,0%",NaN
2102-Universidad Nacional Abierta y a Distancia - UNAD,10673-ESPECIALIZACION EN EDUCACION SUPERIOR A DISTANCIA,Masculino,2010-1,2020,Dependiente,Educación,2,2,,"100,0%",NaN
2102-Universidad Nacional Abierta y a Distancia - UNAD,10673-ESPECIALIZACION EN EDUCACION SUPERIOR A DISTANCIA,Masculino,2010-1,2021,Dependiente,Actividades de organizaciones y entidades extraterritoriales,1,1,,"100,0%",NaN
2102-Universidad Nacional Abierta y a Distancia - UNAD,10673-ESPECIALIZACION EN EDUCACION SUPERIOR A DISTANCIA,Masculino,2010-1,2021,Dependiente,Actividades de servicios administrativos y de apoyo,2,2,,"100,0%",NaN
2102-Universidad Nacional Abierta y a Distancia - UNAD,10673-ESPECIALIZACION EN EDUCACION SUPERIOR A DISTANCIA,Masculino,2010-1,2021,Dependiente,"Actividades profesionales, científicas y técnicas",1,1,,"100,0%",NaN
2102-Universidad Nacional Abierta y a Distancia - UNAD,10673-ESPECIALIZACION EN EDUCACION SUPERIOR A DISTANCIA,Masculino,2010-1,2021,Dependiente,Administración pública y defensa; planes de seguridad social de afiliación obligatoria,2,2,,"100,0%",NaN
2102-Universidad Nacional Abierta y a Distancia - UNAD,10673-ESPECIALIZACION EN EDUCACION SUPERIOR A DISTANCIA,Masculino,2010-1,2021,Dependiente,Educación,1,1,,"100,0%",NaN
2102-Universidad Nacional Abierta y a Distancia - UNAD,10673-ESPECIALIZACION EN EDUCACION SUPERIOR A DISTANCIA,Masculino,2010-1,2022,Dependiente,Actividades de atención de la salud humana y de asistencia social,1,1,,"100,0%",NaN
2102-Universidad Nacional Abierta y a Distancia - UNAD,10673-ESPECIALIZACION EN EDUCACION SUPERIOR A DISTANCIA,Masculino,2010-1,2022,Dependiente,Actividades de servicios administrativos y de apoyo,1,1,,"100,0%",NaN
2102-Universidad Nacional Abierta y a Distancia - UNAD,10673-ESPECIALIZACION EN EDUCACION SUPERIOR A DISTANCIA,Masculino,2010-1,2022,Dependiente,"Actividades profesionales, científicas y técnicas",1,1,,"100,0%",NaN
2102-Universidad Nacional Abierta y a Distancia - UNAD,10673-ESPECIALIZACION EN EDUCACION SUPERIOR A DISTANCIA,Masculino,2010-1,2022,Dependiente,Administración pública y defensa; planes de seguridad social de afiliación obligatoria,2,2,,"100,0%",NaN
2102-Universidad Nacional Abierta y a Distancia - UNAD,10673-ESPECIALIZACION EN EDUCACION SUPERIOR A DISTANCIA,Masculino,2010-1,2022,Dependiente,Educación,1,1,,"100,0%",NaN
2102-Universidad Nacional Abierta y a Distancia - UNAD,10673-ESPECIALIZACION EN EDUCACION SUPERIOR A DISTANCIA,Masculino,2010-1,2023,Dependiente,Actividades de atención de la salud humana y de asistencia social,1,1,,"100,0%",NaN
2102-Universidad Nacional Abierta y a Distancia - UNAD,10673-ESPECIALIZACION EN EDUCACION SUPERIOR A DISTANCIA,Masculino,2010-1,2023,Dependiente,Actividades de servicios administrativos y de apoyo,1,1,,"100,0%",NaN
2102-Universidad Nacional Abierta y a Distancia - UNAD,10673-ESPECIALIZACION EN EDUCACION SUPERIOR A DISTANCIA,Masculino,2010-1,2023,Dependiente,Administración pública y defensa; planes de seguridad social de afiliación obligatoria,3,3,,"100,0%",NaN
2102-Universidad Nacional Abierta y a Distancia - UNAD,10673-ESPECIALIZACION EN EDUCACION SUPERIOR A DISTANCIA,Masculino,2010-1,2023,Dependiente,Educación,1,1,,"100,0%",NaN
2102-Universidad Nacional Abierta y a Distancia - UNAD,"10674-ESPECIALIZACION EN EDUCACION, CULTURA Y POLITICA",Femenino,2010-1,2017,Dependiente,Actividades financieras y de seguros,1,1,,"100,0%",NaN
2102-Universidad Nacional Abierta y a Distancia - UNAD,"10674-ESPECIALIZACION EN EDUCACION, CULTURA Y POLITICA",Femenino,2010-1,2017,Dependiente,Educación,1,1,,"100,0%",NaN
2102-Universidad Nacional Abierta y a Distancia - UNAD,"10674-ESPECIALIZACION EN EDUCACION, CULTURA Y POLITICA",Femenino,2010-1,2017,No cotizante,Sin información,1,0,,"0,0%",NaN
2102-Universidad Nacional Abierta y a Distancia - UNAD,"10674-ESPECIALIZACION EN EDUCACION, CULTURA Y POLITICA",Femenino,2010-1,2018,Dependiente,Actividades financieras y de seguros,1,1,,"100,0%",NaN
2102-Universidad Nacional Abierta y a Distancia - UNAD,"10674-ESPECIALIZACION EN EDUCACION, CULTURA Y POLITICA",Femenino,2010-1,2018,Dependiente,Educación,1,1,,"100,0%",NaN
2102-Universidad Nacional Abierta y a Distancia - UNAD,"10674-ESPECIALIZACION EN EDUCACION, CULTURA Y POLITICA",Femenino,2010-1,2018,Dependiente,Sin información,1,1,,"100,0%",NaN
2102-Universidad Nacional Abierta y a Distancia - UNAD,"10674-ESPECIALIZACION EN EDUCACION, CULTURA Y POLITICA",Femenino,2010-1,2019,Dependiente,Administración pública y defensa; planes de seguridad social de afiliación obligatoria,1,1,,"100,0%",NaN
2102-Universidad Nacional Abierta y a Distancia - UNAD,"10674-ESPECIALIZACION EN EDUCACION, CULTURA Y POLITICA",Femenino,2010-1,2019,Dependiente,Educación,1,1,,"100,0%",NaN
2102-Universidad Nacional Abierta y a Distancia - UNAD,"10674-ESPECIALIZACION EN EDUCACION, CULTURA Y POLITICA",Femenino,2010-1,2019,No cotizante,Sin información,1,0,,"0,0%",NaN
2102-Universidad Nacional Abierta y a Distancia - UNAD,"10674-ESPECIALIZACION EN EDUCACION, CULTURA Y POLITICA",Femenino,2010-1,2020,Dependiente,Actividades financieras y de seguros,1,1,,"100,0%",NaN
2102-Universidad Nacional Abierta y a Distancia - UNAD,"10674-ESPECIALIZACION EN EDUCACION, CULTURA Y POLITICA",Femenino,2010-1,2020,Dependiente,Educación,1,1,,"100,0%",NaN
2102-Universidad Nacional Abierta y a Distancia - UNAD,"10674-ESPECIALIZACION EN EDUCACION, CULTURA Y POLITICA",Femenino,2010-1,2020,No cotizante,Sin información,1,0,,"0,0%",NaN
2102-Universidad Nacional Abierta y a Distancia - UNAD,"10674-ESPECIALIZACION EN EDUCACION, CULTURA Y POLITICA",Femenino,2010-1,2021,Dependiente,Educación,1,1,,"100,0%",NaN
2102-Universidad Nacional Abierta y a Distancia - UNAD,"10674-ESPECIALIZACION EN EDUCACION, CULTURA Y POLITICA",Femenino,2010-1,2021,No cotizante,Sin información,1,0,,"0,0%",NaN
2102-Universidad Nacional Abierta y a Distancia - UNAD,"10674-ESPECIALIZACION EN EDUCACION, CULTURA Y POLITICA",Femenino,2010-1,2022,Dependiente,Educación,1,1,,"100,0%",NaN
2102-Universidad Nacional Abierta y a Distancia - UNAD,"10674-ESPECIALIZACION EN EDUCACION, CULTURA Y POLITICA",Femenino,2010-1,2022,No cotizante,SIN DATO,1,0,,"0,0%",NaN
2102-Universidad Nacional Abierta y a Distancia - UNAD,"10674-ESPECIALIZACION EN EDUCACION, CULTURA Y POLITICA",Femenino,2010-1,2023,Dependiente,Educación,1,1,,"100,0%",NaN
2102-Universidad Nacional Abierta y a Distancia - UNAD,"10674-ESPECIALIZACION EN EDUCACION, CULTURA Y POLITICA",Femenino,2010-1,2023,No cotizante,SIN DATO,1,0,,"0,0%",NaN
2102-Universidad Nacional Abierta y a Distancia - UNAD,"10674-ESPECIALIZACION EN EDUCACION, CULTURA Y POLITICA",Masculino,2010-1,2017,Dependiente,"Actividades profesionales, científicas y técnicas",2,2,,"100,0%",NaN
2102-Universidad Nacional Abierta y a Distancia - UNAD,"10674-ESPECIALIZACION EN EDUCACION, CULTURA Y POLITICA",Masculino,2010-1,2017,Dependiente,Educación,5,5,,"100,0%",NaN
2102-Universidad Nacional Abierta y a Distancia - UNAD,"10674-ESPECIALIZACION EN EDUCACION, CULTURA Y POLITICA",Masculino,2010-1,2017,Dependiente,Sin información,1,1,,"100,0%",NaN
2102-Universidad Nacional Abierta y a Distancia - UNAD,"10674-ESPECIALIZACION EN EDUCACION, CULTURA Y POLITICA",Masculino,2010-1,2017,Independiente,Sin información,1,1,,"100,0%",NaN
2102-Universidad Nacional Abierta y a Distancia - UNAD,"10674-ESPECIALIZACION EN EDUCACION, CULTURA Y POLITICA",Masculino,2010-1,2018,Dependiente,"Actividades profesionales, científicas y técnicas",2,2,,"100,0%",NaN
2102-Universidad Nacional Abierta y a Distancia - UNAD,"10674-ESPECIALIZACION EN EDUCACION, CULTURA Y POLITICA",Masculino,2010-1,2018,Dependiente,Educación,5,5,,"100,0%",NaN
2102-Universidad Nacional Abierta y a Distancia - UNAD,"10674-ESPECIALIZACION EN EDUCACION, CULTURA Y POLITICA",Masculino,2010-1,2018,Dependiente,Sin información,1,1,,"100,0%",NaN
2102-Universidad Nacional Abierta y a Distancia - UNAD,"10674-ESPECIALIZACION EN EDUCACION, CULTURA Y POLITICA",Masculino,2010-1,2018,Independiente,Sin información,1,1,,"100,0%",NaN
2102-Universidad Nacional Abierta y a Distancia - UNAD,"10674-ESPECIALIZACION EN EDUCACION, CULTURA Y POLITICA",Masculino,2010-1,2019,Dependiente,"Actividades profesionales, científicas y técnicas",1,1,,"100,0%",NaN
2102-Universidad Nacional Abierta y a Distancia - UNAD,"10674-ESPECIALIZACION EN EDUCACION, CULTURA Y POLITICA",Masculino,2010-1,2019,Dependiente,Administración pública y defensa; planes de seguridad social de afiliación obligatoria,1,1,,"100,0%",NaN
2102-Universidad Nacional Abierta y a Distancia - UNAD,"10674-ESPECIALIZACION EN EDUCACION, CULTURA Y POLITICA",Masculino,2010-1,2019,Dependiente,Educación,5,5,,"100,0%",NaN
2102-Universidad Nacional Abierta y a Distancia - UNAD,"10674-ESPECIALIZACION EN EDUCACION, CULTURA Y POLITICA",Masculino,2010-1,2019,Independiente,"Actividades profesionales, científicas y técnicas",1,1,,"100,0%",NaN
2102-Universidad Nacional Abierta y a Distancia - UNAD,"10674-ESPECIALIZACION EN EDUCACION, CULTURA Y POLITICA",Masculino,2010-1,2019,Independiente,Administración pública y defensa; planes de seguridad social de afiliación obligatoria,1,1,,"100,0%",NaN
2102-Universidad Nacional Abierta y a Distancia - UNAD,"10674-ESPECIALIZACION EN EDUCACION, CULTURA Y POLITICA",Masculino,2010-1,2020,Dependiente,"Actividades profesionales, científicas y técnicas",1,1,,"100,0%",NaN
2102-Universidad Nacional Abierta y a Distancia - UNAD,"10674-ESPECIALIZACION EN EDUCACION, CULTURA Y POLITICA",Masculino,2010-1,2020,Dependiente,Administración pública y defensa; planes de seguridad social de afiliación obligatoria,1,1,,"100,0%",NaN
2102-Universidad Nacional Abierta y a Distancia - UNAD,"10674-ESPECIALIZACION EN EDUCACION, CULTURA Y POLITICA",Masculino,2010-1,2020,Dependiente,Educación,4,4,,"100,0%",NaN
2102-Universidad Nacional Abierta y a Distancia - UNAD,"10674-ESPECIALIZACION EN EDUCACION, CULTURA Y POLITICA",Masculino,2010-1,2020,Dependiente,Otras actividades de servicios,1,1,,"100,0%",NaN
2102-Universidad Nacional Abierta y a Distancia - UNAD,"10674-ESPECIALIZACION EN EDUCACION, CULTURA Y POLITICA",Masculino,2010-1,2020,Independiente,"Actividades profesionales, científicas y técnicas",2,2,,"100,0%",NaN
2102-Universidad Nacional Abierta y a Distancia - UNAD,"10674-ESPECIALIZACION EN EDUCACION, CULTURA Y POLITICA",Masculino,2010-1,2021,Dependiente,"Actividades profesionales, científicas y técnicas",1,1,,"100,0%",NaN
2102-Universidad Nacional Abierta y a Distancia - UNAD,"10674-ESPECIALIZACION EN EDUCACION, CULTURA Y POLITICA",Masculino,2010-1,2021,Dependiente,Administración pública y defensa; planes de seguridad social de afiliación obligatoria,1,1,,"100,0%",NaN
2102-Universidad Nacional Abierta y a Distancia - UNAD,"10674-ESPECIALIZACION EN EDUCACION, CULTURA Y POLITICA",Masculino,2010-1,2021,Dependiente,Educación,5,5,,"100,0%",NaN
2102-Universidad Nacional Abierta y a Distancia - UNAD,"10674-ESPECIALIZACION EN EDUCACION, CULTURA Y POLITICA",Masculino,2010-1,2021,Independiente,"Actividades profesionales, científicas y técnicas",2,2,,"100,0%",NaN
2102-Universidad Nacional Abierta y a Distancia - UNAD,"10674-ESPECIALIZACION EN EDUCACION, CULTURA Y POLITICA",Masculino,2010-1,2022,Dependiente,"Actividades profesionales, científicas y técnicas",1,1,,"100,0%",NaN
2102-Universidad Nacional Abierta y a Distancia - UNAD,"10674-ESPECIALIZACION EN EDUCACION, CULTURA Y POLITICA",Masculino,2010-1,2022,Dependiente,Administración pública y defensa; planes de seguridad social de afiliación obligatoria,1,1,,"100,0%",NaN
2102-Universidad Nacional Abierta y a Distancia - UNAD,"10674-ESPECIALIZACION EN EDUCACION, CULTURA Y POLITICA",Masculino,2010-1,2022,Dependiente,Educación,5,5,,"100,0%",NaN
2102-Universidad Nacional Abierta y a Distancia - UNAD,"10674-ESPECIALIZACION EN EDUCACION, CULTURA Y POLITICA",Masculino,2010-1,2022,Independiente,"Actividades profesionales, científicas y técnicas",2,2,,"100,0%",NaN
2102-Universidad Nacional Abierta y a Distancia - UNAD,"10674-ESPECIALIZACION EN EDUCACION, CULTURA Y POLITICA",Masculino,2010-1,2023,Dependiente,"Actividades profesionales, científicas y técnicas",1,1,,"100,0%",NaN
2102-Universidad Nacional Abierta y a Distancia - UNAD,"10674-ESPECIALIZACION EN EDUCACION, CULTURA Y POLITICA",Masculino,2010-1,2023,Dependiente,Administración pública y defensa; planes de seguridad social de afiliación obligatoria,1,1,,"100,0%",NaN
2102-Universidad Nacional Abierta y a Distancia - UNAD,"10674-ESPECIALIZACION EN EDUCACION, CULTURA Y POLITICA",Masculino,2010-1,2023,Dependiente,Educación,5,5,,"100,0%",NaN
2102-Universidad Nacional Abierta y a Distancia - UNAD,"10674-ESPECIALIZACION EN EDUCACION, CULTURA Y POLITICA",Masculino,2010-1,2023,Independiente,"Actividades profesionales, científicas y técnicas",2,2,,"100,0%",NaN
2102-Universidad Nacional Abierta y a Distancia - UNAD,10675-ESPECIALIZACION EN PEDAGOGIA PARA EL DESARROLLO DEL APRENDIZAJE AUTONOMO,Femenino,2010-1,2017,Dependiente,"Actividades profesionales, científicas y técnicas",2,2,,"100,0%",NaN
2102-Universidad Nacional Abierta y a Distancia - UNAD,10675-ESPECIALIZACION EN PEDAGOGIA PARA EL DESARROLLO DEL APRENDIZAJE AUTONOMO,Femenino,2010-1,2017,Dependiente,Administración pública y defensa; planes de seguridad social de afiliación obligatoria,4,4,,"100,0%",NaN
2102-Universidad Nacional Abierta y a Distancia - UNAD,10675-ESPECIALIZACION EN PEDAGOGIA PARA EL DESARROLLO DEL APRENDIZAJE AUTONOMO,Femenino,2010-1,2017,Dependiente,Educación,12,12,,"100,0%",NaN
2102-Universidad Nacional Abierta y a Distancia - UNAD,10675-ESPECIALIZACION EN PEDAGOGIA PARA EL DESARROLLO DEL APRENDIZAJE AUTONOMO,Femenino,2010-1,2017,Dependiente,Sin información,2,2,,"100,0%",NaN
2102-Universidad Nacional Abierta y a Distancia - UNAD,10675-ESPECIALIZACION EN PEDAGOGIA PARA EL DESARROLLO DEL APRENDIZAJE AUTONOMO,Femenino,2010-1,2017,Independiente,"Actividades profesionales, científicas y técnicas",1,1,,"100,0%",NaN
2102-Universidad Nacional Abierta y a Distancia - UNAD,10675-ESPECIALIZACION EN PEDAGOGIA PARA EL DESARROLLO DEL APRENDIZAJE AUTONOMO,Femenino,2010-1,2017,No cotizante,Sin información,3,0,,"0,0%",NaN
2102-Universidad Nacional Abierta y a Distancia - UNAD,10675-ESPECIALIZACION EN PEDAGOGIA PARA EL DESARROLLO DEL APRENDIZAJE AUTONOMO,Femenino,2010-1,2018,Dependiente,"Actividades artísticas, de entretenimiento y recreación",1,1,,"100,0%",NaN
2102-Universidad Nacional Abierta y a Distancia - UNAD,10675-ESPECIALIZACION EN PEDAGOGIA PARA EL DESARROLLO DEL APRENDIZAJE AUTONOMO,Femenino,2010-1,2018,Dependiente,"Actividades profesionales, científicas y técnicas",4,4,,"100,0%",NaN
2102-Universidad Nacional Abierta y a Distancia - UNAD,10675-ESPECIALIZACION EN PEDAGOGIA PARA EL DESARROLLO DEL APRENDIZAJE AUTONOMO,Femenino,2010-1,2018,Dependiente,Administración pública y defensa; planes de seguridad social de afiliación obligatoria,2,2,,"100,0%",NaN
2102-Universidad Nacional Abierta y a Distancia - UNAD,10675-ESPECIALIZACION EN PEDAGOGIA PARA EL DESARROLLO DEL APRENDIZAJE AUTONOMO,Femenino,2010-1,2018,Dependiente,Educación,11,11,,"100,0%",NaN
2102-Universidad Nacional Abierta y a Distancia - UNAD,10675-ESPECIALIZACION EN PEDAGOGIA PARA EL DESARROLLO DEL APRENDIZAJE AUTONOMO,Femenino,2010-1,2018,Dependiente,Sin información,2,2,,"100,0%",NaN
2102-Universidad Nacional Abierta y a Distancia - UNAD,10675-ESPECIALIZACION EN PEDAGOGIA PARA EL DESARROLLO DEL APRENDIZAJE AUTONOMO,Femenino,2010-1,2018,Independiente,"Actividades profesionales, científicas y técnicas",1,1,,"100,0%",NaN
2102-Universidad Nacional Abierta y a Distancia - UNAD,10675-ESPECIALIZACION EN PEDAGOGIA PARA EL DESARROLLO DEL APRENDIZAJE AUTONOMO,Femenino,2010-1,2018,No cotizante,Sin información,2,0,,"0,0%",NaN
2102-Universidad Nacional Abierta y a Distancia - UNAD,10675-ESPECIALIZACION EN PEDAGOGIA PARA EL DESARROLLO DEL APRENDIZAJE AUTONOMO,Femenino,2010-1,2019,Dependiente,Actividades de servicios administrativos y de apoyo,1,1,,"100,0%",NaN
2102-Universidad Nacional Abierta y a Distancia - UNAD,10675-ESPECIALIZACION EN PEDAGOGIA PARA EL DESARROLLO DEL APRENDIZAJE AUTONOMO,Femenino,2010-1,2019,Dependiente,"Actividades profesionales, científicas y técnicas",3,3,,"100,0%",NaN
2102-Universidad Nacional Abierta y a Distancia - UNAD,10675-ESPECIALIZACION EN PEDAGOGIA PARA EL DESARROLLO DEL APRENDIZAJE AUTONOMO,Femenino,2010-1,2019,Dependiente,Administración pública y defensa; planes de seguridad social de afiliación obligatoria,4,4,,"100,0%",NaN
2102-Universidad Nacional Abierta y a Distancia - UNAD,10675-ESPECIALIZACION EN PEDAGOGIA PARA EL DESARROLLO DEL APRENDIZAJE AUTONOMO,Femenino,2010-1,2019,Dependiente,Educación,11,11,,"100,0%",NaN
2102-Universidad Nacional Abierta y a Distancia - UNAD,10675-ESPECIALIZACION EN PEDAGOGIA PARA EL DESARROLLO DEL APRENDIZAJE AUTONOMO,Femenino,2010-1,2019,Dependiente,Sin información,1,1,,"100,0%",NaN
2102-Universidad Nacional Abierta y a Distancia - UNAD,10675-ESPECIALIZACION EN PEDAGOGIA PARA EL DESARROLLO DEL APRENDIZAJE AUTONOMO,Femenino,2010-1,2019,Independiente,"Actividades profesionales, científicas y técnicas",1,1,,"100,0%",NaN
2102-Universidad Nacional Abierta y a Distancia - UNAD,10675-ESPECIALIZACION EN PEDAGOGIA PARA EL DESARROLLO DEL APRENDIZAJE AUTONOMO,Femenino,2010-1,2019,No cotizante,Sin información,2,0,,"0,0%",NaN
2102-Universidad Nacional Abierta y a Distancia - UNAD,10675-ESPECIALIZACION EN PEDAGOGIA PARA EL DESARROLLO DEL APRENDIZAJE AUTONOMO,Femenino,2010-1,2020,Dependiente,"Actividades profesionales, científicas y técnicas",2,2,,"100,0%",NaN
2102-Universidad Nacional Abierta y a Distancia - UNAD,10675-ESPECIALIZACION EN PEDAGOGIA PARA EL DESARROLLO DEL APRENDIZAJE AUTONOMO,Femenino,2010-1,2020,Dependiente,Administración pública y defensa; planes de seguridad social de afiliación obligatoria,5,5,,"100,0%",NaN
2102-Universidad Nacional Abierta y a Distancia - UNAD,10675-ESPECIALIZACION EN PEDAGOGIA PARA EL DESARROLLO DEL APRENDIZAJE AUTONOMO,Femenino,2010-1,2020,Dependiente,Educación,11,11,,"100,0%",NaN
2102-Universidad Nacional Abierta y a Distancia - UNAD,10675-ESPECIALIZACION EN PEDAGOGIA PARA EL DESARROLLO DEL APRENDIZAJE AUTONOMO,Femenino,2010-1,2020,Independiente,"Actividades profesionales, científicas y técnicas",2,2,,"100,0%",NaN
2102-Universidad Nacional Abierta y a Distancia - UNAD,10675-ESPECIALIZACION EN PEDAGOGIA PARA EL DESARROLLO DEL APRENDIZAJE AUTONOMO,Femenino,2010-1,2020,No cotizante,Sin información,3,0,,"0,0%",NaN
2102-Universidad Nacional Abierta y a Distancia - UNAD,10675-ESPECIALIZACION EN PEDAGOGIA PARA EL DESARROLLO DEL APRENDIZAJE AUTONOMO,Femenino,2010-1,2021,Dependiente,"Actividades profesionales, científicas y técnicas",1,1,,"100,0%",NaN
2102-Universidad Nacional Abierta y a Distancia - UNAD,10675-ESPECIALIZACION EN PEDAGOGIA PARA EL DESARROLLO DEL APRENDIZAJE AUTONOMO,Femenino,2010-1,2021,Dependiente,Administración pública y defensa; planes de seguridad social de afiliación obligatoria,6,6,,"100,0%",NaN
2102-Universidad Nacional Abierta y a Distancia - UNAD,10675-ESPECIALIZACION EN PEDAGOGIA PARA EL DESARROLLO DEL APRENDIZAJE AUTONOMO,Femenino,2010-1,2021,Dependiente,Educación,10,10,,"100,0%",NaN
2102-Universidad Nacional Abierta y a Distancia - UNAD,10675-ESPECIALIZACION EN PEDAGOGIA PARA EL DESARROLLO DEL APRENDIZAJE AUTONOMO,Femenino,2010-1,2021,Independiente,"Actividades profesionales, científicas y técnicas",2,2,,"100,0%",NaN
2102-Universidad Nacional Abierta y a Distancia - UNAD,10675-ESPECIALIZACION EN PEDAGOGIA PARA EL DESARROLLO DEL APRENDIZAJE AUTONOMO,Femenino,2010-1,2021,No cotizante,Sin información,3,0,,"0,0%",NaN
2102-Universidad Nacional Abierta y a Distancia - UNAD,10675-ESPECIALIZACION EN PEDAGOGIA PARA EL DESARROLLO DEL APRENDIZAJE AUTONOMO,Femenino,2010-1,2022,Dependiente,Actividades de atención de la salud humana y de asistencia social,1,1,,"100,0%",NaN
2102-Universidad Nacional Abierta y a Distancia - UNAD,10675-ESPECIALIZACION EN PEDAGOGIA PARA EL DESARROLLO DEL APRENDIZAJE AUTONOMO,Femenino,2010-1,2022,Dependiente,"Actividades profesionales, científicas y técnicas",3,3,,"100,0%",NaN
2102-Universidad Nacional Abierta y a Distancia - UNAD,10675-ESPECIALIZACION EN PEDAGOGIA PARA EL DESARROLLO DEL APRENDIZAJE AUTONOMO,Femenino,2010-1,2022,Dependiente,Administración pública y defensa; planes de seguridad social de afiliación obligatoria,4,4,,"100,0%",NaN
2102-Universidad Nacional Abierta y a Distancia - UNAD,10675-ESPECIALIZACION EN PEDAGOGIA PARA EL DESARROLLO DEL APRENDIZAJE AUTONOMO,Femenino,2010-1,2022,Dependiente,Educación,9,9,,"100,0%",NaN
2102-Universidad Nacional Abierta y a Distancia - UNAD,10675-ESPECIALIZACION EN PEDAGOGIA PARA EL DESARROLLO DEL APRENDIZAJE AUTONOMO,Femenino,2010-1,2022,Independiente,"Actividades profesionales, científicas y técnicas",1,1,,"100,0%",NaN
2102-Universidad Nacional Abierta y a Distancia - UNAD,10675-ESPECIALIZACION EN PEDAGOGIA PARA EL DESARROLLO DEL APRENDIZAJE AUTONOMO,Femenino,2010-1,2022,No cotizante,SIN DATO,3,0,,"0,0%",NaN
2102-Universidad Nacional Abierta y a Distancia - UNAD,10675-ESPECIALIZACION EN PEDAGOGIA PARA EL DESARROLLO DEL APRENDIZAJE AUTONOMO,Femenino,2010-1,2023,Dependiente,Actividades de atención de la salud humana y de asistencia social,1,1,,"100,0%",NaN
2102-Universidad Nacional Abierta y a Distancia - UNAD,10675-ESPECIALIZACION EN PEDAGOGIA PARA EL DESARROLLO DEL APRENDIZAJE AUTONOMO,Femenino,2010-1,2023,Dependiente,"Actividades profesionales, científicas y técnicas",1,1,,"100,0%",NaN
2102-Universidad Nacional Abierta y a Distancia - UNAD,10675-ESPECIALIZACION EN PEDAGOGIA PARA EL DESARROLLO DEL APRENDIZAJE AUTONOMO,Femenino,2010-1,2023,Dependiente,Administración pública y defensa; planes de seguridad social de afiliación obligatoria,6,6,,"100,0%",NaN
2102-Universidad Nacional Abierta y a Distancia - UNAD,10675-ESPECIALIZACION EN PEDAGOGIA PARA EL DESARROLLO DEL APRENDIZAJE AUTONOMO,Femenino,2010-1,2023,Dependiente,Educación,8,8,,"100,0%",NaN
2102-Universidad Nacional Abierta y a Distancia - UNAD,10675-ESPECIALIZACION EN PEDAGOGIA PARA EL DESARROLLO DEL APRENDIZAJE AUTONOMO,Femenino,2010-1,2023,Dependiente,Transporte y almacenamiento,1,1,,"100,0%",NaN
2102-Universidad Nacional Abierta y a Distancia - UNAD,10675-ESPECIALIZACION EN PEDAGOGIA PARA EL DESARROLLO DEL APRENDIZAJE AUTONOMO,Femenino,2010-1,2023,No cotizante,SIN DATO,3,0,,"0,0%",NaN
2102-Universidad Nacional Abierta y a Distancia - UNAD,10675-ESPECIALIZACION EN PEDAGOGIA PARA EL DESARROLLO DEL APRENDIZAJE AUTONOMO,Masculino,2010-1,2017,Dependiente,"Actividades profesionales, científicas y técnicas",1,1,,"100,0%",NaN
2102-Universidad Nacional Abierta y a Distancia - UNAD,10675-ESPECIALIZACION EN PEDAGOGIA PARA EL DESARROLLO DEL APRENDIZAJE AUTONOMO,Masculino,2010-1,2017,Dependiente,Administración pública y defensa; planes de seguridad social de afiliación obligatoria,3,3,,"100,0%",NaN
2102-Universidad Nacional Abierta y a Distancia - UNAD,10675-ESPECIALIZACION EN PEDAGOGIA PARA EL DESARROLLO DEL APRENDIZAJE AUTONOMO,Masculino,2010-1,2017,Dependiente,Educación,8,8,,"100,0%",NaN
2102-Universidad Nacional Abierta y a Distancia - UNAD,10675-ESPECIALIZACION EN PEDAGOGIA PARA EL DESARROLLO DEL APRENDIZAJE AUTONOMO,Masculino,2010-1,2017,Dependiente,Otras actividades de servicios,4,4,,"100,0%",NaN
2102-Universidad Nacional Abierta y a Distancia - UNAD,10675-ESPECIALIZACION EN PEDAGOGIA PARA EL DESARROLLO DEL APRENDIZAJE AUTONOMO,Masculino,2010-1,2017,Dependiente,Sin información,3,3,,"100,0%",NaN
2102-Universidad Nacional Abierta y a Distancia - UNAD,10675-ESPECIALIZACION EN PEDAGOGIA PARA EL DESARROLLO DEL APRENDIZAJE AUTONOMO,Masculino,2010-1,2017,Independiente,Sin información,1,1,,"100,0%",NaN
2102-Universidad Nacional Abierta y a Distancia - UNAD,10675-ESPECIALIZACION EN PEDAGOGIA PARA EL DESARROLLO DEL APRENDIZAJE AUTONOMO,Masculino,2010-1,2017,No cotizante,Sin información,1,0,,"0,0%",NaN
2102-Universidad Nacional Abierta y a Distancia - UNAD,10675-ESPECIALIZACION EN PEDAGOGIA PARA EL DESARROLLO DEL APRENDIZAJE AUTONOMO,Masculino,2010-1,2018,Dependiente,"Actividades profesionales, científicas y técnicas",1,1,,"100,0%",NaN
2102-Universidad Nacional Abierta y a Distancia - UNAD,10675-ESPECIALIZACION EN PEDAGOGIA PARA EL DESARROLLO DEL APRENDIZAJE AUTONOMO,Masculino,2010-1,2018,Dependiente,Administración pública y defensa; planes de seguridad social de afiliación obligatoria,2,2,,"100,0%",NaN
2102-Universidad Nacional Abierta y a Distancia - UNAD,10675-ESPECIALIZACION EN PEDAGOGIA PARA EL DESARROLLO DEL APRENDIZAJE AUTONOMO,Masculino,2010-1,2018,Dependiente,Educación,8,8,,"100,0%",NaN
2102-Universidad Nacional Abierta y a Distancia - UNAD,10675-ESPECIALIZACION EN PEDAGOGIA PARA EL DESARROLLO DEL APRENDIZAJE AUTONOMO,Masculino,2010-1,2018,Dependiente,Otras actividades de servicios,3,3,,"100,0%",NaN
2102-Universidad Nacional Abierta y a Distancia - UNAD,10675-ESPECIALIZACION EN PEDAGOGIA PARA EL DESARROLLO DEL APRENDIZAJE AUTONOMO,Masculino,2010-1,2018,Dependiente,Sin información,3,3,,"100,0%",NaN
2102-Universidad Nacional Abierta y a Distancia - UNAD,10675-ESPECIALIZACION EN PEDAGOGIA PARA EL DESARROLLO DEL APRENDIZAJE AUTONOMO,Masculino,2010-1,2018,Independiente,Sin información,1,1,,"100,0%",NaN
2102-Universidad Nacional Abierta y a Distancia - UNAD,10675-ESPECIALIZACION EN PEDAGOGIA PARA EL DESARROLLO DEL APRENDIZAJE AUTONOMO,Masculino,2010-1,2018,No cotizante,Sin información,2,0,,"0,0%",NaN
2102-Universidad Nacional Abierta y a Distancia - UNAD,10675-ESPECIALIZACION EN PEDAGOGIA PARA EL DESARROLLO DEL APRENDIZAJE AUTONOMO,Masculino,2010-1,2019,Dependiente,Actividades de servicios administrativos y de apoyo,1,1,,"100,0%",NaN
2102-Universidad Nacional Abierta y a Distancia - UNAD,10675-ESPECIALIZACION EN PEDAGOGIA PARA EL DESARROLLO DEL APRENDIZAJE AUTONOMO,Masculino,2010-1,2019,Dependiente,"Actividades profesionales, científicas y técnicas",2,2,,"100,0%",NaN
2102-Universidad Nacional Abierta y a Distancia - UNAD,10675-ESPECIALIZACION EN PEDAGOGIA PARA EL DESARROLLO DEL APRENDIZAJE AUTONOMO,Masculino,2010-1,2019,Dependiente,Administración pública y defensa; planes de seguridad social de afiliación obligatoria,3,3,,"100,0%",NaN
2102-Universidad Nacional Abierta y a Distancia - UNAD,10675-ESPECIALIZACION EN PEDAGOGIA PARA EL DESARROLLO DEL APRENDIZAJE AUTONOMO,Masculino,2010-1,2019,Dependiente,Educación,7,7,,"100,0%",NaN
2102-Universidad Nacional Abierta y a Distancia - UNAD,10675-ESPECIALIZACION EN PEDAGOGIA PARA EL DESARROLLO DEL APRENDIZAJE AUTONOMO,Masculino,2010-1,2019,Dependiente,Otras actividades de servicios,1,1,,"100,0%",NaN
2102-Universidad Nacional Abierta y a Distancia - UNAD,10675-ESPECIALIZACION EN PEDAGOGIA PARA EL DESARROLLO DEL APRENDIZAJE AUTONOMO,Masculino,2010-1,2019,No cotizante,Sin información,2,0,,"0,0%",NaN
2102-Universidad Nacional Abierta y a Distancia - UNAD,10675-ESPECIALIZACION EN PEDAGOGIA PARA EL DESARROLLO DEL APRENDIZAJE AUTONOMO,Masculino,2010-1,2020,Dependiente,Actividades de servicios administrativos y de apoyo,1,1,,"100,0%",NaN
2102-Universidad Nacional Abierta y a Distancia - UNAD,10675-ESPECIALIZACION EN PEDAGOGIA PARA EL DESARROLLO DEL APRENDIZAJE AUTONOMO,Masculino,2010-1,2020,Dependiente,Administración pública y defensa; planes de seguridad social de afiliación obligatoria,3,3,,"100,0%",NaN
2102-Universidad Nacional Abierta y a Distancia - UNAD,10675-ESPECIALIZACION EN PEDAGOGIA PARA EL DESARROLLO DEL APRENDIZAJE AUTONOMO,Masculino,2010-1,2020,Dependiente,Educación,7,7,,"100,0%",NaN
2102-Universidad Nacional Abierta y a Distancia - UNAD,10675-ESPECIALIZACION EN PEDAGOGIA PARA EL DESARROLLO DEL APRENDIZAJE AUTONOMO,Masculino,2010-1,2020,Dependiente,Otras actividades de servicios,1,1,,"100,0%",NaN
2102-Universidad Nacional Abierta y a Distancia - UNAD,10675-ESPECIALIZACION EN PEDAGOGIA PARA EL DESARROLLO DEL APRENDIZAJE AUTONOMO,Masculino,2010-1,2020,Independiente,Administración pública y defensa; planes de seguridad social de afiliación obligatoria,1,1,,"100,0%",NaN
2102-Universidad Nacional Abierta y a Distancia - UNAD,10675-ESPECIALIZACION EN PEDAGOGIA PARA EL DESARROLLO DEL APRENDIZAJE AUTONOMO,Masculino,2010-1,2020,No cotizante,Sin información,2,0,,"0,0%",NaN
2102-Universidad Nacional Abierta y a Distancia - UNAD,10675-ESPECIALIZACION EN PEDAGOGIA PARA EL DESARROLLO DEL APRENDIZAJE AUTONOMO,Masculino,2010-1,2021,Dependiente,Actividades de organizaciones y entidades extraterritoriales,1,1,,"100,0%",NaN
2102-Universidad Nacional Abierta y a Distancia - UNAD,10675-ESPECIALIZACION EN PEDAGOGIA PARA EL DESARROLLO DEL APRENDIZAJE AUTONOMO,Masculino,2010-1,2021,Dependiente,Administración pública y defensa; planes de seguridad social de afiliación obligatoria,4,4,,"100,0%",NaN
2102-Universidad Nacional Abierta y a Distancia - UNAD,10675-ESPECIALIZACION EN PEDAGOGIA PARA EL DESARROLLO DEL APRENDIZAJE AUTONOMO,Masculino,2010-1,2021,Dependiente,Educación,6,6,,"100,0%",NaN
2102-Universidad Nacional Abierta y a Distancia - UNAD,10675-ESPECIALIZACION EN PEDAGOGIA PARA EL DESARROLLO DEL APRENDIZAJE AUTONOMO,Masculino,2010-1,2021,Dependiente,Otras actividades de servicios,1,1,,"100,0%",NaN
2102-Universidad Nacional Abierta y a Distancia - UNAD,10675-ESPECIALIZACION EN PEDAGOGIA PARA EL DESARROLLO DEL APRENDIZAJE AUTONOMO,Masculino,2010-1,2021,Independiente,Administración pública y defensa; planes de seguridad social de afiliación obligatoria,1,1,,"100,0%",NaN
2102-Universidad Nacional Abierta y a Distancia - UNAD,10675-ESPECIALIZACION EN PEDAGOGIA PARA EL DESARROLLO DEL APRENDIZAJE AUTONOMO,Masculino,2010-1,2021,No cotizante,Sin información,2,0,,"0,0%",NaN
2102-Universidad Nacional Abierta y a Distancia - UNAD,10675-ESPECIALIZACION EN PEDAGOGIA PARA EL DESARROLLO DEL APRENDIZAJE AUTONOMO,Masculino,2010-1,2022,Dependiente,Actividades de servicios administrativos y de apoyo,1,1,,"100,0%",NaN
2102-Universidad Nacional Abierta y a Distancia - UNAD,10675-ESPECIALIZACION EN PEDAGOGIA PARA EL DESARROLLO DEL APRENDIZAJE AUTONOMO,Masculino,2010-1,2022,Dependiente,"Actividades profesionales, científicas y técnicas",1,1,,"100,0%",NaN
2102-Universidad Nacional Abierta y a Distancia - UNAD,10675-ESPECIALIZACION EN PEDAGOGIA PARA EL DESARROLLO DEL APRENDIZAJE AUTONOMO,Masculino,2010-1,2022,Dependiente,Administración pública y defensa; planes de seguridad social de afiliación obligatoria,3,3,,"100,0%",NaN
2102-Universidad Nacional Abierta y a Distancia - UNAD,10675-ESPECIALIZACION EN PEDAGOGIA PARA EL DESARROLLO DEL APRENDIZAJE AUTONOMO,Masculino,2010-1,2022,Dependiente,Educación,5,5,,"100,0%",NaN
2102-Universidad Nacional Abierta y a Distancia - UNAD,10675-ESPECIALIZACION EN PEDAGOGIA PARA EL DESARROLLO DEL APRENDIZAJE AUTONOMO,Masculino,2010-1,2022,Dependiente,Otras actividades de servicios,1,1,,"100,0%",NaN
2102-Universidad Nacional Abierta y a Distancia - UNAD,10675-ESPECIALIZACION EN PEDAGOGIA PARA EL DESARROLLO DEL APRENDIZAJE AUTONOMO,Masculino,2010-1,2022,No cotizante,SIN DATO,2,0,,"0,0%",NaN
2102-Universidad Nacional Abierta y a Distancia - UNAD,10675-ESPECIALIZACION EN PEDAGOGIA PARA EL DESARROLLO DEL APRENDIZAJE AUTONOMO,Masculino,2010-1,2023,Dependiente,Actividades de servicios administrativos y de apoyo,3,3,,"100,0%",NaN
2102-Universidad Nacional Abierta y a Distancia - UNAD,10675-ESPECIALIZACION EN PEDAGOGIA PARA EL DESARROLLO DEL APRENDIZAJE AUTONOMO,Masculino,2010-1,2023,Dependiente,Administración pública y defensa; planes de seguridad social de afiliación obligatoria,2,2,,"100,0%",NaN
2102-Universidad Nacional Abierta y a Distancia - UNAD,10675-ESPECIALIZACION EN PEDAGOGIA PARA EL DESARROLLO DEL APRENDIZAJE AUTONOMO,Masculino,2010-1,2023,Dependiente,Educación,4,4,,"100,0%",NaN
2102-Universidad Nacional Abierta y a Distancia - UNAD,10675-ESPECIALIZACION EN PEDAGOGIA PARA EL DESARROLLO DEL APRENDIZAJE AUTONOMO,Masculino,2010-1,2023,Dependiente,Otras actividades de servicios,1,1,,"100,0%",NaN
2102-Universidad Nacional Abierta y a Distancia - UNAD,10675-ESPECIALIZACION EN PEDAGOGIA PARA EL DESARROLLO DEL APRENDIZAJE AUTONOMO,Masculino,2010-1,2023,No cotizante,SIN DATO,2,0,,"0,0%",NaN
2102-Universidad Nacional Abierta y a Distancia - UNAD,53031-ESPECIALIZACION EN PROCESOS DE ALIMENTOS Y BIOMATERIALES,Masculino,2010-1,2016,Dependiente,Sin información,1,1,,"100,0%",$5.662.000
2102-Universidad Nacional Abierta y a Distancia - UNAD,53031-ESPECIALIZACION EN PROCESOS DE ALIMENTOS Y BIOMATERIALES,Masculino,2010-1,2017,Dependiente,Sin información,1,1,,"100,0%",NaN
2102-Universidad Nacional Abierta y a Distancia - UNAD,53031-ESPECIALIZACION EN PROCESOS DE ALIMENTOS Y BIOMATERIALES,Masculino,2010-1,2018,Dependiente,Sin información,1,1,,"100,0%",NaN
2102-Universidad Nacional Abierta y a Distancia - UNAD,53031-ESPECIALIZACION EN PROCESOS DE ALIMENTOS Y BIOMATERIALES,Masculino,2010-1,2019,Dependiente,Sin información,1,1,,"100,0%",NaN
2102-Universidad Nacional Abierta y a Distancia - UNAD,53031-ESPECIALIZACION EN PROCESOS DE ALIMENTOS Y BIOMATERIALES,Masculino,2010-1,2020,Dependiente,Otras actividades de servicios,1,1,,"100,0%",NaN
2102-Universidad Nacional Abierta y a Distancia - UNAD,53031-ESPECIALIZACION EN PROCESOS DE ALIMENTOS Y BIOMATERIALES,Masculino,2010-1,2021,Dependiente,Sin información,1,1,,"100,0%",NaN
2102-Universidad Nacional Abierta y a Distancia - UNAD,53031-ESPECIALIZACION EN PROCESOS DE ALIMENTOS Y BIOMATERIALES,Masculino,2010-1,2022,Dependiente,Industrias manufactureras,1,1,,"100,0%",NaN
2102-Universidad Nacional Abierta y a Distancia - UNAD,53031-ESPECIALIZACION EN PROCESOS DE ALIMENTOS Y BIOMATERIALES,Masculino,2010-1,2023,Dependiente,Industrias manufactureras,1,1,,"100,0%",NaN
2102-Universidad Nacional Abierta y a Distancia - UNAD,1689-INGENIERIA DE ALIMENTOS,Femenino,2010-1,2016,Dependiente,Actividades de servicios administrativos y de apoyo,1,1,,"100,0%",$1.800.000
2102-Universidad Nacional Abierta y a Distancia - UNAD,1689-INGENIERIA DE ALIMENTOS,Femenino,2010-1,2016,Dependiente,Actividades financieras y de seguros,1,1,,"100,0%",$1.605.000
2102-Universidad Nacional Abierta y a Distancia - UNAD,1689-INGENIERIA DE ALIMENTOS,Femenino,2010-1,2016,Dependiente,"Actividades profesionales, científicas y técnicas",3,3,,"100,0%",$2.529.000
2102-Universidad Nacional Abierta y a Distancia - UNAD,1689-INGENIERIA DE ALIMENTOS,Femenino,2010-1,2016,Dependiente,Administración pública y defensa; planes de seguridad social de afiliación obligatoria,3,3,,"100,0%",$2.750.667
2102-Universidad Nacional Abierta y a Distancia - UNAD,1689-INGENIERIA DE ALIMENTOS,Femenino,2010-1,2016,Dependiente,Alojamiento y servicios de comida,2,2,,"100,0%",$2.784.500
2102-Universidad Nacional Abierta y a Distancia - UNAD,1689-INGENIERIA DE ALIMENTOS,Femenino,2010-1,2016,Dependiente,Industrias manufactureras,1,1,,"100,0%",$1.228.000
2102-Universidad Nacional Abierta y a Distancia - UNAD,1689-INGENIERIA DE ALIMENTOS,Femenino,2010-1,2016,Dependiente,Sin información,3,3,,"100,0%",$2.846.000
2102-Universidad Nacional Abierta y a Distancia - UNAD,1689-INGENIERIA DE ALIMENTOS,Femenino,2010-1,2016,Independiente,"Actividades profesionales, científicas y técnicas",1,1,,"100,0%",NaN
2102-Universidad Nacional Abierta y a Distancia - UNAD,1689-INGENIERIA DE ALIMENTOS,Femenino,2010-1,2016,Independiente,Educación,1,1,,"100,0%",NaN
2102-Universidad Nacional Abierta y a Distancia - UNAD,1689-INGENIERIA DE ALIMENTOS,Femenino,2010-1,2016,Independiente,Explotación de minas y canteras,1,1,,"100,0%",NaN
2102-Universidad Nacional Abierta y a Distancia - UNAD,1689-INGENIERIA DE ALIMENTOS,Femenino,2010-1,2016,Independiente,Otras actividades de servicios,1,1,,"100,0%",NaN
2102-Universidad Nacional Abierta y a Distancia - UNAD,1689-INGENIERIA DE ALIMENTOS,Femenino,2010-1,2016,Independiente,Sin información,4,4,,"100,0%",NaN
2102-Universidad Nacional Abierta y a Distancia - UNAD,1689-INGENIERIA DE ALIMENTOS,Femenino,2010-1,2016,No cotizante,Sin información,4,0,,"0,0%",NaN
2102-Universidad Nacional Abierta y a Distancia - UNAD,1689-INGENIERIA DE ALIMENTOS,Femenino,2010-1,2017,Dependiente,Actividades de atención de la salud humana y de asistencia social,1,1,,"100,0%",NaN
2102-Universidad Nacional Abierta y a Distancia - UNAD,1689-INGENIERIA DE ALIMENTOS,Femenino,2010-1,2017,Dependiente,Actividades de servicios administrativos y de apoyo,1,1,,"100,0%",NaN
2102-Universidad Nacional Abierta y a Distancia - UNAD,1689-INGENIERIA DE ALIMENTOS,Femenino,2010-1,2017,Dependiente,Actividades financieras y de seguros,2,2,,"100,0%",NaN
2102-Universidad Nacional Abierta y a Distancia - UNAD,1689-INGENIERIA DE ALIMENTOS,Femenino,2010-1,2017,Dependiente,"Actividades profesionales, científicas y técnicas",3,3,,"100,0%",NaN
2102-Universidad Nacional Abierta y a Distancia - UNAD,1689-INGENIERIA DE ALIMENTOS,Femenino,2010-1,2017,Dependiente,Administración pública y defensa; planes de seguridad social de afiliación obligatoria,1,1,,"100,0%",NaN
2102-Universidad Nacional Abierta y a Distancia - UNAD,1689-INGENIERIA DE ALIMENTOS,Femenino,2010-1,2017,Dependiente,"Agricultura, ganadería, caza, silvicultura y pesca",1,1,,"100,0%",NaN
2102-Universidad Nacional Abierta y a Distancia - UNAD,1689-INGENIERIA DE ALIMENTOS,Femenino,2010-1,2017,Dependiente,Alojamiento y servicios de comida,2,2,,"100,0%",NaN
2102-Universidad Nacional Abierta y a Distancia - UNAD,1689-INGENIERIA DE ALIMENTOS,Femenino,2010-1,2017,Dependiente,Industrias manufactureras,2,2,,"100,0%",NaN
2102-Universidad Nacional Abierta y a Distancia - UNAD,1689-INGENIERIA DE ALIMENTOS,Femenino,2010-1,2017,Dependiente,Información y comunicaciones,1,1,,"100,0%",NaN
2102-Universidad Nacional Abierta y a Distancia - UNAD,1689-INGENIERIA DE ALIMENTOS,Femenino,2010-1,2017,Dependiente,Sin información,4,4,,"100,0%",NaN
2102-Universidad Nacional Abierta y a Distancia - UNAD,1689-INGENIERIA DE ALIMENTOS,Femenino,2010-1,2017,Independiente,"Actividades profesionales, científicas y técnicas",1,1,,"100,0%",NaN
2102-Universidad Nacional Abierta y a Distancia - UNAD,1689-INGENIERIA DE ALIMENTOS,Femenino,2010-1,2017,Independiente,Sin información,2,2,,"100,0%",NaN
2102-Universidad Nacional Abierta y a Distancia - UNAD,1689-INGENIERIA DE ALIMENTOS,Femenino,2010-1,2017,No cotizante,Sin información,5,0,,"0,0%",NaN
2102-Universidad Nacional Abierta y a Distancia - UNAD,1689-INGENIERIA DE ALIMENTOS,Femenino,2010-1,2018,Dependiente,Actividades de atención de la salud humana y de asistencia social,1,1,,"100,0%",NaN
2102-Universidad Nacional Abierta y a Distancia - UNAD,1689-INGENIERIA DE ALIMENTOS,Femenino,2010-1,2018,Dependiente,Actividades de servicios administrativos y de apoyo,2,2,,"100,0%",NaN
2102-Universidad Nacional Abierta y a Distancia - UNAD,1689-INGENIERIA DE ALIMENTOS,Femenino,2010-1,2018,Dependiente,Actividades financieras y de seguros,2,2,,"100,0%",NaN
2102-Universidad Nacional Abierta y a Distancia - UNAD,1689-INGENIERIA DE ALIMENTOS,Femenino,2010-1,2018,Dependiente,"Actividades profesionales, científicas y técnicas",3,3,,"100,0%",NaN
2102-Universidad Nacional Abierta y a Distancia - UNAD,1689-INGENIERIA DE ALIMENTOS,Femenino,2010-1,2018,Dependiente,Administración pública y defensa; planes de seguridad social de afiliación obligatoria,1,1,,"100,0%",NaN
2102-Universidad Nacional Abierta y a Distancia - UNAD,1689-INGENIERIA DE ALIMENTOS,Femenino,2010-1,2018,Dependiente,"Agricultura, ganadería, caza, silvicultura y pesca",1,1,,"100,0%",NaN
2102-Universidad Nacional Abierta y a Distancia - UNAD,1689-INGENIERIA DE ALIMENTOS,Femenino,2010-1,2018,Dependiente,Alojamiento y servicios de comida,1,1,,"100,0%",NaN
2102-Universidad Nacional Abierta y a Distancia - UNAD,1689-INGENIERIA DE ALIMENTOS,Femenino,2010-1,2018,Dependiente,Industrias manufactureras,1,1,,"100,0%",NaN
2102-Universidad Nacional Abierta y a Distancia - UNAD,1689-INGENIERIA DE ALIMENTOS,Femenino,2010-1,2018,Dependiente,Sin información,4,4,,"100,0%",NaN
2102-Universidad Nacional Abierta y a Distancia - UNAD,1689-INGENIERIA DE ALIMENTOS,Femenino,2010-1,2018,Independiente,"Actividades profesionales, científicas y técnicas",1,1,,"100,0%",NaN
2102-Universidad Nacional Abierta y a Distancia - UNAD,1689-INGENIERIA DE ALIMENTOS,Femenino,2010-1,2018,Independiente,Explotación de minas y canteras,1,1,,"100,0%",NaN
2102-Universidad Nacional Abierta y a Distancia - UNAD,1689-INGENIERIA DE ALIMENTOS,Femenino,2010-1,2018,Independiente,Otras actividades de servicios,1,1,,"100,0%",NaN
2102-Universidad Nacional Abierta y a Distancia - UNAD,1689-INGENIERIA DE ALIMENTOS,Femenino,2010-1,2018,Independiente,Sin información,4,4,,"100,0%",NaN
2102-Universidad Nacional Abierta y a Distancia - UNAD,1689-INGENIERIA DE ALIMENTOS,Femenino,2010-1,2018,No cotizante,Sin información,3,0,,"0,0%",NaN
2102-Universidad Nacional Abierta y a Distancia - UNAD,1689-INGENIERIA DE ALIMENTOS,Femenino,2010-1,2019,Dependiente,Actividades financieras y de seguros,1,1,,"100,0%",NaN
2102-Universidad Nacional Abierta y a Distancia - UNAD,1689-INGENIERIA DE ALIMENTOS,Femenino,2010-1,2019,Dependiente,"Actividades profesionales, científicas y técnicas",1,1,,"100,0%",NaN
2102-Universidad Nacional Abierta y a Distancia - UNAD,1689-INGENIERIA DE ALIMENTOS,Femenino,2010-1,2019,Dependiente,Administración pública y defensa; planes de seguridad social de afiliación obligatoria,2,2,,"100,0%",NaN
2102-Universidad Nacional Abierta y a Distancia - UNAD,1689-INGENIERIA DE ALIMENTOS,Femenino,2010-1,2019,Dependiente,"Agricultura, ganadería, caza, silvicultura y pesca",1,1,,"100,0%",NaN
2102-Universidad Nacional Abierta y a Distancia - UNAD,1689-INGENIERIA DE ALIMENTOS,Femenino,2010-1,2019,Dependiente,Alojamiento y servicios de comida,4,4,,"100,0%",NaN
2102-Universidad Nacional Abierta y a Distancia - UNAD,1689-INGENIERIA DE ALIMENTOS,Femenino,2010-1,2019,Dependiente,Comercio al por mayor y al por menor; reparación de vehículos automotores y motocicletas,2,2,,"100,0%",NaN
2102-Universidad Nacional Abierta y a Distancia - UNAD,1689-INGENIERIA DE ALIMENTOS,Femenino,2010-1,2019,Dependiente,Industrias manufactureras,2,2,,"100,0%",NaN
2102-Universidad Nacional Abierta y a Distancia - UNAD,1689-INGENIERIA DE ALIMENTOS,Femenino,2010-1,2019,Dependiente,Otras actividades de servicios,1,1,,"100,0%",NaN
2102-Universidad Nacional Abierta y a Distancia - UNAD,1689-INGENIERIA DE ALIMENTOS,Femenino,2010-1,2019,Dependiente,Sin información,1,1,,"100,0%",NaN
2102-Universidad Nacional Abierta y a Distancia - UNAD,1689-INGENIERIA DE ALIMENTOS,Femenino,2010-1,2019,Independiente,"Actividades profesionales, científicas y técnicas",3,3,,"100,0%",NaN
2102-Universidad Nacional Abierta y a Distancia - UNAD,1689-INGENIERIA DE ALIMENTOS,Femenino,2010-1,2019,Independiente,Administración pública y defensa; planes de seguridad social de afiliación obligatoria,1,1,,"100,0%",NaN
2102-Universidad Nacional Abierta y a Distancia - UNAD,1689-INGENIERIA DE ALIMENTOS,Femenino,2010-1,2019,Independiente,Educación,1,1,,"100,0%",NaN
2102-Universidad Nacional Abierta y a Distancia - UNAD,1689-INGENIERIA DE ALIMENTOS,Femenino,2010-1,2019,Independiente,Sin información,1,1,,"100,0%",NaN
2102-Universidad Nacional Abierta y a Distancia - UNAD,1689-INGENIERIA DE ALIMENTOS,Femenino,2010-1,2019,No cotizante,Sin información,4,0,,"0,0%",NaN
2102-Universidad Nacional Abierta y a Distancia - UNAD,1689-INGENIERIA DE ALIMENTOS,Femenino,2010-1,2020,Dependiente,Actividades financieras y de seguros,2,2,,"100,0%",NaN
2102-Universidad Nacional Abierta y a Distancia - UNAD,1689-INGENIERIA DE ALIMENTOS,Femenino,2010-1,2020,Dependiente,"Agricultura, ganadería, caza, silvicultura y pesca",1,1,,"100,0%",NaN
2102-Universidad Nacional Abierta y a Distancia - UNAD,1689-INGENIERIA DE ALIMENTOS,Femenino,2010-1,2020,Dependiente,Alojamiento y servicios de comida,3,3,,"100,0%",NaN
2102-Universidad Nacional Abierta y a Distancia - UNAD,1689-INGENIERIA DE ALIMENTOS,Femenino,2010-1,2020,Dependiente,Comercio al por mayor y al por menor; reparación de vehículos automotores y motocicletas,1,1,,"100,0%",NaN
2102-Universidad Nacional Abierta y a Distancia - UNAD,1689-INGENIERIA DE ALIMENTOS,Femenino,2010-1,2020,Dependiente,Industrias manufactureras,2,2,,"100,0%",NaN
2102-Universidad Nacional Abierta y a Distancia - UNAD,1689-INGENIERIA DE ALIMENTOS,Femenino,2010-1,2020,Dependiente,Otras actividades de servicios,2,2,,"100,0%",NaN
2102-Universidad Nacional Abierta y a Distancia - UNAD,1689-INGENIERIA DE ALIMENTOS,Femenino,2010-1,2020,Dependiente,Transporte y almacenamiento,1,1,,"100,0%",NaN
2102-Universidad Nacional Abierta y a Distancia - UNAD,1689-INGENIERIA DE ALIMENTOS,Femenino,2010-1,2020,Independiente,"Actividades profesionales, científicas y técnicas",4,4,,"100,0%",NaN
2102-Universidad Nacional Abierta y a Distancia - UNAD,1689-INGENIERIA DE ALIMENTOS,Femenino,2010-1,2020,Independiente,Administración pública y defensa; planes de seguridad social de afiliación obligatoria,1,1,,"100,0%",NaN
2102-Universidad Nacional Abierta y a Distancia - UNAD,1689-INGENIERIA DE ALIMENTOS,Femenino,2010-1,2020,No cotizante,Sin información,7,0,,"0,0%",NaN
2102-Universidad Nacional Abierta y a Distancia - UNAD,1689-INGENIERIA DE ALIMENTOS,Femenino,2010-1,2021,Dependiente,Actividades de servicios administrativos y de apoyo,1,1,,"100,0%",NaN
2102-Universidad Nacional Abierta y a Distancia - UNAD,1689-INGENIERIA DE ALIMENTOS,Femenino,2010-1,2021,Dependiente,Actividades financieras y de seguros,2,2,,"100,0%",NaN
2102-Universidad Nacional Abierta y a Distancia - UNAD,1689-INGENIERIA DE ALIMENTOS,Femenino,2010-1,2021,Dependiente,"Actividades profesionales, científicas y técnicas",1,1,,"100,0%",NaN
2102-Universidad Nacional Abierta y a Distancia - UNAD,1689-INGENIERIA DE ALIMENTOS,Femenino,2010-1,2021,Dependiente,"Agricultura, ganadería, caza, silvicultura y pesca",1,1,,"100,0%",NaN
2102-Universidad Nacional Abierta y a Distancia - UNAD,1689-INGENIERIA DE ALIMENTOS,Femenino,2010-1,2021,Dependiente,Alojamiento y servicios de comida,1,1,,"100,0%",NaN
2102-Universidad Nacional Abierta y a Distancia - UNAD,1689-INGENIERIA DE ALIMENTOS,Femenino,2010-1,2021,Dependiente,Comercio al por mayor y al por menor; reparación de vehículos automotores y motocicletas,2,2,,"100,0%",NaN
2102-Universidad Nacional Abierta y a Distancia - UNAD,1689-INGENIERIA DE ALIMENTOS,Femenino,2010-1,2021,Dependiente,Industrias manufactureras,2,2,,"100,0%",NaN
2102-Universidad Nacional Abierta y a Distancia - UNAD,1689-INGENIERIA DE ALIMENTOS,Femenino,2010-1,2021,Dependiente,Transporte y almacenamiento,1,1,,"100,0%",NaN
2102-Universidad Nacional Abierta y a Distancia - UNAD,1689-INGENIERIA DE ALIMENTOS,Femenino,2010-1,2021,Independiente,"Actividades profesionales, científicas y técnicas",5,5,,"100,0%",NaN
2102-Universidad Nacional Abierta y a Distancia - UNAD,1689-INGENIERIA DE ALIMENTOS,Femenino,2010-1,2021,Independiente,Administración pública y defensa; planes de seguridad social de afiliación obligatoria,1,1,,"100,0%",NaN
2102-Universidad Nacional Abierta y a Distancia - UNAD,1689-INGENIERIA DE ALIMENTOS,Femenino,2010-1,2021,Independiente,Comercio al por mayor y al por menor; reparación de vehículos automotores y motocicletas,1,1,,"100,0%",NaN
2102-Universidad Nacional Abierta y a Distancia - UNAD,1689-INGENIERIA DE ALIMENTOS,Femenino,2010-1,2021,No cotizante,Sin información,6,0,,"0,0%",NaN
2102-Universidad Nacional Abierta y a Distancia - UNAD,1689-INGENIERIA DE ALIMENTOS,Femenino,2010-1,2022,Dependiente,Actividades de servicios administrativos y de apoyo,1,1,,"100,0%",NaN
2102-Universidad Nacional Abierta y a Distancia - UNAD,1689-INGENIERIA DE ALIMENTOS,Femenino,2010-1,2022,Dependiente,Actividades financieras y de seguros,2,2,,"100,0%",NaN
2102-Universidad Nacional Abierta y a Distancia - UNAD,1689-INGENIERIA DE ALIMENTOS,Femenino,2010-1,2022,Dependiente,"Actividades profesionales, científicas y técnicas",2,2,,"100,0%",NaN
2102-Universidad Nacional Abierta y a Distancia - UNAD,1689-INGENIERIA DE ALIMENTOS,Femenino,2010-1,2022,Dependiente,Alojamiento y servicios de comida,2,2,,"100,0%",NaN
2102-Universidad Nacional Abierta y a Distancia - UNAD,1689-INGENIERIA DE ALIMENTOS,Femenino,2010-1,2022,Dependiente,Comercio al por mayor y al por menor; reparación de vehículos automotores y motocicletas,2,2,,"100,0%",NaN
2102-Universidad Nacional Abierta y a Distancia - UNAD,1689-INGENIERIA DE ALIMENTOS,Femenino,2010-1,2022,Dependiente,Industrias manufactureras,1,1,,"100,0%",NaN
2102-Universidad Nacional Abierta y a Distancia - UNAD,1689-INGENIERIA DE ALIMENTOS,Femenino,2010-1,2022,Dependiente,Transporte y almacenamiento,1,1,,"100,0%",NaN
2102-Universidad Nacional Abierta y a Distancia - UNAD,1689-INGENIERIA DE ALIMENTOS,Femenino,2010-1,2022,Independiente,"Actividades profesionales, científicas y técnicas",6,6,,"100,0%",NaN
2102-Universidad Nacional Abierta y a Distancia - UNAD,1689-INGENIERIA DE ALIMENTOS,Femenino,2010-1,2022,Independiente,Administración pública y defensa; planes de seguridad social de afiliación obligatoria,1,1,,"100,0%",NaN
2102-Universidad Nacional Abierta y a Distancia - UNAD,1689-INGENIERIA DE ALIMENTOS,Femenino,2010-1,2022,Independiente,Educación,1,1,,"100,0%",NaN
2102-Universidad Nacional Abierta y a Distancia - UNAD,1689-INGENIERIA DE ALIMENTOS,Femenino,2010-1,2022,No cotizante,SIN DATO,4,0,,"0,0%",NaN
2102-Universidad Nacional Abierta y a Distancia - UNAD,1689-INGENIERIA DE ALIMENTOS,Femenino,2010-1,2023,Dependiente,Actividades de servicios administrativos y de apoyo,1,1,,"100,0%",NaN
2102-Universidad Nacional Abierta y a Distancia - UNAD,1689-INGENIERIA DE ALIMENTOS,Femenino,2010-1,2023,Dependiente,Actividades financieras y de seguros,3,3,,"100,0%",NaN
2102-Universidad Nacional Abierta y a Distancia - UNAD,1689-INGENIERIA DE ALIMENTOS,Femenino,2010-1,2023,Dependiente,"Actividades profesionales, científicas y técnicas",1,1,,"100,0%",NaN
2102-Universidad Nacional Abierta y a Distancia - UNAD,1689-INGENIERIA DE ALIMENTOS,Femenino,2010-1,2023,Dependiente,Alojamiento y servicios de comida,1,1,,"100,0%",NaN
2102-Universidad Nacional Abierta y a Distancia - UNAD,1689-INGENIERIA DE ALIMENTOS,Femenino,2010-1,2023,Dependiente,Comercio al por mayor y al por menor; reparación de vehículos automotores y motocicletas,2,2,,"100,0%",NaN
2102-Universidad Nacional Abierta y a Distancia - UNAD,1689-INGENIERIA DE ALIMENTOS,Femenino,2010-1,2023,Dependiente,Industrias manufactureras,2,2,,"100,0%",NaN
2102-Universidad Nacional Abierta y a Distancia - UNAD,1689-INGENIERIA DE ALIMENTOS,Femenino,2010-1,2023,Dependiente,Transporte y almacenamiento,1,1,,"100,0%",NaN
2102-Universidad Nacional Abierta y a Distancia - UNAD,1689-INGENIERIA DE ALIMENTOS,Femenino,2010-1,2023,Independiente,"Actividades profesionales, científicas y técnicas",5,5,,"100,0%",NaN
2102-Universidad Nacional Abierta y a Distancia - UNAD,1689-INGENIERIA DE ALIMENTOS,Femenino,2010-1,2023,Independiente,Administración pública y defensa; planes de seguridad social de afiliación obligatoria,1,1,,"100,0%",NaN
2102-Universidad Nacional Abierta y a Distancia - UNAD,1689-INGENIERIA DE ALIMENTOS,Femenino,2010-1,2023,Independiente,Educación,1,1,,"100,0%",NaN
2102-Universidad Nacional Abierta y a Distancia - UNAD,1689-INGENIERIA DE ALIMENTOS,Femenino,2010-1,2023,No cotizante,SIN DATO,5,0,,"0,0%",NaN
2102-Universidad Nacional Abierta y a Distancia - UNAD,1689-INGENIERIA DE ALIMENTOS,Masculino,2010-1,2016,Dependiente,Actividades de servicios administrativos y de apoyo,1,1,,"100,0%",$1.586.000
2102-Universidad Nacional Abierta y a Distancia - UNAD,1689-INGENIERIA DE ALIMENTOS,Masculino,2010-1,2016,Dependiente,"Agricultura, ganadería, caza, silvicultura y pesca",1,1,,"100,0%",$2.627.000
2102-Universidad Nacional Abierta y a Distancia - UNAD,1689-INGENIERIA DE ALIMENTOS,Masculino,2010-1,2016,Dependiente,Alojamiento y servicios de comida,2,2,,"100,0%",$1.543.928
2102-Universidad Nacional Abierta y a Distancia - UNAD,1689-INGENIERIA DE ALIMENTOS,Masculino,2010-1,2016,Dependiente,Industrias manufactureras,3,3,,"100,0%",$5.175.333
2102-Universidad Nacional Abierta y a Distancia - UNAD,1689-INGENIERIA DE ALIMENTOS,Masculino,2010-1,2016,Dependiente,Información y comunicaciones,2,2,,"100,0%",$1.817.500
2102-Universidad Nacional Abierta y a Distancia - UNAD,1689-INGENIERIA DE ALIMENTOS,Masculino,2010-1,2016,Independiente,"Actividades profesionales, científicas y técnicas",1,1,,"100,0%",NaN
2102-Universidad Nacional Abierta y a Distancia - UNAD,1689-INGENIERIA DE ALIMENTOS,Masculino,2010-1,2016,Independiente,Sin información,1,1,,"100,0%",NaN
2102-Universidad Nacional Abierta y a Distancia - UNAD,1689-INGENIERIA DE ALIMENTOS,Masculino,2010-1,2016,No cotizante,Sin información,2,0,,"0,0%",NaN
2102-Universidad Nacional Abierta y a Distancia - UNAD,1689-INGENIERIA DE ALIMENTOS,Masculino,2010-1,2017,Dependiente,"Actividades artísticas, de entretenimiento y recreación",1,1,,"100,0%",NaN
2102-Universidad Nacional Abierta y a Distancia - UNAD,1689-INGENIERIA DE ALIMENTOS,Masculino,2010-1,2017,Dependiente,"Actividades profesionales, científicas y técnicas",1,1,,"100,0%",NaN
2102-Universidad Nacional Abierta y a Distancia - UNAD,1689-INGENIERIA DE ALIMENTOS,Masculino,2010-1,2017,Dependiente,Administración pública y defensa; planes de seguridad social de afiliación obligatoria,1,1,,"100,0%",NaN
2102-Universidad Nacional Abierta y a Distancia - UNAD,1689-INGENIERIA DE ALIMENTOS,Masculino,2010-1,2017,Dependiente,Alojamiento y servicios de comida,2,2,,"100,0%",NaN
2102-Universidad Nacional Abierta y a Distancia - UNAD,1689-INGENIERIA DE ALIMENTOS,Masculino,2010-1,2017,Dependiente,Industrias manufactureras,3,3,,"100,0%",NaN
2102-Universidad Nacional Abierta y a Distancia - UNAD,1689-INGENIERIA DE ALIMENTOS,Masculino,2010-1,2017,Dependiente,Información y comunicaciones,1,1,,"100,0%",NaN
2102-Universidad Nacional Abierta y a Distancia - UNAD,1689-INGENIERIA DE ALIMENTOS,Masculino,2010-1,2017,Independiente,"Actividades profesionales, científicas y técnicas",1,1,,"100,0%",NaN
2102-Universidad Nacional Abierta y a Distancia - UNAD,1689-INGENIERIA DE ALIMENTOS,Masculino,2010-1,2017,Independiente,Sin información,1,1,,"100,0%",NaN
2102-Universidad Nacional Abierta y a Distancia - UNAD,1689-INGENIERIA DE ALIMENTOS,Masculino,2010-1,2017,No cotizante,Sin información,2,0,,"0,0%",NaN
2102-Universidad Nacional Abierta y a Distancia - UNAD,1689-INGENIERIA DE ALIMENTOS,Masculino,2010-1,2018,Dependiente,"Actividades profesionales, científicas y técnicas",1,1,,"100,0%",NaN
2102-Universidad Nacional Abierta y a Distancia - UNAD,1689-INGENIERIA DE ALIMENTOS,Masculino,2010-1,2018,Dependiente,Administración pública y defensa; planes de seguridad social de afiliación obligatoria,1,1,,"100,0%",NaN
2102-Universidad Nacional Abierta y a Distancia - UNAD,1689-INGENIERIA DE ALIMENTOS,Masculino,2010-1,2018,Dependiente,Alojamiento y servicios de comida,2,2,,"100,0%",NaN
2102-Universidad Nacional Abierta y a Distancia - UNAD,1689-INGENIERIA DE ALIMENTOS,Masculino,2010-1,2018,Dependiente,Comercio al por mayor y al por menor; reparación de vehículos automotores y motocicletas,1,1,,"100,0%",NaN
2102-Universidad Nacional Abierta y a Distancia - UNAD,1689-INGENIERIA DE ALIMENTOS,Masculino,2010-1,2018,Dependiente,Industrias manufactureras,2,2,,"100,0%",NaN
2102-Universidad Nacional Abierta y a Distancia - UNAD,1689-INGENIERIA DE ALIMENTOS,Masculino,2010-1,2018,Independiente,"Actividades profesionales, científicas y técnicas",1,1,,"100,0%",NaN
2102-Universidad Nacional Abierta y a Distancia - UNAD,1689-INGENIERIA DE ALIMENTOS,Masculino,2010-1,2018,Independiente,Sin información,2,2,,"100,0%",NaN
2102-Universidad Nacional Abierta y a Distancia - UNAD,1689-INGENIERIA DE ALIMENTOS,Masculino,2010-1,2018,No cotizante,Sin información,2,0,,"0,0%",NaN
2102-Universidad Nacional Abierta y a Distancia - UNAD,1689-INGENIERIA DE ALIMENTOS,Masculino,2010-1,2019,Dependiente,"Actividades profesionales, científicas y técnicas",1,1,,"100,0%",NaN
2102-Universidad Nacional Abierta y a Distancia - UNAD,1689-INGENIERIA DE ALIMENTOS,Masculino,2010-1,2019,Dependiente,Administración pública y defensa; planes de seguridad social de afiliación obligatoria,1,1,,"100,0%",NaN
2102-Universidad Nacional Abierta y a Distancia - UNAD,1689-INGENIERIA DE ALIMENTOS,Masculino,2010-1,2019,Dependiente,Alojamiento y servicios de comida,2,2,,"100,0%",NaN
2102-Universidad Nacional Abierta y a Distancia - UNAD,1689-INGENIERIA DE ALIMENTOS,Masculino,2010-1,2019,Dependiente,Comercio al por mayor y al por menor; reparación de vehículos automotores y motocicletas,1,1,,"100,0%",NaN
2102-Universidad Nacional Abierta y a Distancia - UNAD,1689-INGENIERIA DE ALIMENTOS,Masculino,2010-1,2019,Dependiente,Industrias manufactureras,4,4,,"100,0%",NaN
2102-Universidad Nacional Abierta y a Distancia - UNAD,1689-INGENIERIA DE ALIMENTOS,Masculino,2010-1,2019,Independiente,"Actividades profesionales, científicas y técnicas",1,1,,"100,0%",NaN
2102-Universidad Nacional Abierta y a Distancia - UNAD,1689-INGENIERIA DE ALIMENTOS,Masculino,2010-1,2019,Independiente,Administración pública y defensa; planes de seguridad social de afiliación obligatoria,1,1,,"100,0%",NaN
2102-Universidad Nacional Abierta y a Distancia - UNAD,1689-INGENIERIA DE ALIMENTOS,Masculino,2010-1,2019,No cotizante,Sin información,1,0,,"0,0%",NaN
2102-Universidad Nacional Abierta y a Distancia - UNAD,1689-INGENIERIA DE ALIMENTOS,Masculino,2010-1,2020,Dependiente,Actividades de servicios administrativos y de apoyo,1,1,,"100,0%",NaN
2102-Universidad Nacional Abierta y a Distancia - UNAD,1689-INGENIERIA DE ALIMENTOS,Masculino,2010-1,2020,Dependiente,"Actividades profesionales, científicas y técnicas",1,1,,"100,0%",NaN
2102-Universidad Nacional Abierta y a Distancia - UNAD,1689-INGENIERIA DE ALIMENTOS,Masculino,2010-1,2020,Dependiente,Alojamiento y servicios de comida,1,1,,"100,0%",NaN
2102-Universidad Nacional Abierta y a Distancia - UNAD,1689-INGENIERIA DE ALIMENTOS,Masculino,2010-1,2020,Dependiente,Comercio al por mayor y al por menor; reparación de vehículos automotores y motocicletas,2,2,,"100,0%",NaN
2102-Universidad Nacional Abierta y a Distancia - UNAD,1689-INGENIERIA DE ALIMENTOS,Masculino,2010-1,2020,Dependiente,Industrias manufactureras,2,2,,"100,0%",NaN
2102-Universidad Nacional Abierta y a Distancia - UNAD,1689-INGENIERIA DE ALIMENTOS,Masculino,2010-1,2020,Independiente,"Actividades profesionales, científicas y técnicas",1,1,,"100,0%",NaN
2102-Universidad Nacional Abierta y a Distancia - UNAD,1689-INGENIERIA DE ALIMENTOS,Masculino,2010-1,2020,Independiente,Administración pública y defensa; planes de seguridad social de afiliación obligatoria,1,1,,"100,0%",NaN
2102-Universidad Nacional Abierta y a Distancia - UNAD,1689-INGENIERIA DE ALIMENTOS,Masculino,2010-1,2020,No cotizante,Sin información,2,0,,"0,0%",NaN
2102-Universidad Nacional Abierta y a Distancia - UNAD,1689-INGENIERIA DE ALIMENTOS,Masculino,2010-1,2021,Dependiente,"Actividades profesionales, científicas y técnicas",1,1,,"100,0%",NaN
2102-Universidad Nacional Abierta y a Distancia - UNAD,1689-INGENIERIA DE ALIMENTOS,Masculino,2010-1,2021,Dependiente,Alojamiento y servicios de comida,1,1,,"100,0%",NaN
2102-Universidad Nacional Abierta y a Distancia - UNAD,1689-INGENIERIA DE ALIMENTOS,Masculino,2010-1,2021,Dependiente,Comercio al por mayor y al por menor; reparación de vehículos automotores y motocicletas,2,2,,"100,0%",NaN
2102-Universidad Nacional Abierta y a Distancia - UNAD,1689-INGENIERIA DE ALIMENTOS,Masculino,2010-1,2021,Independiente,"Actividades profesionales, científicas y técnicas",3,3,,"100,0%",NaN
2102-Universidad Nacional Abierta y a Distancia - UNAD,1689-INGENIERIA DE ALIMENTOS,Masculino,2010-1,2021,Independiente,Administración pública y defensa; planes de seguridad social de afiliación obligatoria,1,1,,"100,0%",NaN
2102-Universidad Nacional Abierta y a Distancia - UNAD,1689-INGENIERIA DE ALIMENTOS,Masculino,2010-1,2021,Independiente,Comercio al por mayor y al por menor; reparación de vehículos automotores y motocicletas,1,1,,"100,0%",NaN
2102-Universidad Nacional Abierta y a Distancia - UNAD,1689-INGENIERIA DE ALIMENTOS,Masculino,2010-1,2021,No cotizante,Sin información,1,0,,"0,0%",NaN
2102-Universidad Nacional Abierta y a Distancia - UNAD,1689-INGENIERIA DE ALIMENTOS,Masculino,2010-1,2022,Dependiente,"Actividades profesionales, científicas y técnicas",1,1,,"100,0%",NaN
2102-Universidad Nacional Abierta y a Distancia - UNAD,1689-INGENIERIA DE ALIMENTOS,Masculino,2010-1,2022,Dependiente,Alojamiento y servicios de comida,1,1,,"100,0%",NaN
2102-Universidad Nacional Abierta y a Distancia - UNAD,1689-INGENIERIA DE ALIMENTOS,Masculino,2010-1,2022,Dependiente,Comercio al por mayor y al por menor; reparación de vehículos automotores y motocicletas,3,3,,"100,0%",NaN
2102-Universidad Nacional Abierta y a Distancia - UNAD,1689-INGENIERIA DE ALIMENTOS,Masculino,2010-1,2022,Independiente,"Actividades profesionales, científicas y técnicas",3,3,,"100,0%",NaN
2102-Universidad Nacional Abierta y a Distancia - UNAD,1689-INGENIERIA DE ALIMENTOS,Masculino,2010-1,2022,Independiente,Administración pública y defensa; planes de seguridad social de afiliación obligatoria,1,1,,"100,0%",NaN
2102-Universidad Nacional Abierta y a Distancia - UNAD,1689-INGENIERIA DE ALIMENTOS,Masculino,2010-1,2022,No cotizante,SIN DATO,1,0,,"0,0%",NaN
2102-Universidad Nacional Abierta y a Distancia - UNAD,1689-INGENIERIA DE ALIMENTOS,Masculino,2010-1,2023,Dependiente,"Actividades profesionales, científicas y técnicas",1,1,,"100,0%",NaN
2102-Universidad Nacional Abierta y a Distancia - UNAD,1689-INGENIERIA DE ALIMENTOS,Masculino,2010-1,2023,Dependiente,Alojamiento y servicios de comida,1,1,,"100,0%",NaN
2102-Universidad Nacional Abierta y a Distancia - UNAD,1689-INGENIERIA DE ALIMENTOS,Masculino,2010-1,2023,Dependiente,Comercio al por mayor y al por menor; reparación de vehículos automotores y motocicletas,2,2,,"100,0%",NaN
2102-Universidad Nacional Abierta y a Distancia - UNAD,1689-INGENIERIA DE ALIMENTOS,Masculino,2010-1,2023,Dependiente,Industrias manufactureras,1,1,,"100,0%",NaN
2102-Universidad Nacional Abierta y a Distancia - UNAD,1689-INGENIERIA DE ALIMENTOS,Masculino,2010-1,2023,Independiente,"Actividades profesionales, científicas y técnicas",3,3,,"100,0%",NaN
2102-Universidad Nacional Abierta y a Distancia - UNAD,1689-INGENIERIA DE ALIMENTOS,Masculino,2010-1,2023,Independiente,Administración pública y defensa; planes de seguridad social de afiliación obligatoria,1,1,,"100,0%",NaN
2102-Universidad Nacional Abierta y a Distancia - UNAD,1689-INGENIERIA DE ALIMENTOS,Masculino,2010-1,2023,No cotizante,SIN DATO,1,0,,"0,0%",NaN
2102-Universidad Nacional Abierta y a Distancia - UNAD,2776-INGENIERIA DE SISTEMAS,Femenino,2010-1,2017,Dependiente,Actividades de atención de la salud humana y de asistencia social,2,2,,"100,0%",NaN
2102-Universidad Nacional Abierta y a Distancia - UNAD,2776-INGENIERIA DE SISTEMAS,Femenino,2010-1,2017,Dependiente,Actividades de organizaciones y entidades extraterritoriales,1,1,,"100,0%",NaN
2102-Universidad Nacional Abierta y a Distancia - UNAD,2776-INGENIERIA DE SISTEMAS,Femenino,2010-1,2017,Dependiente,Actividades de servicios administrativos y de apoyo,3,3,,"100,0%",NaN
2102-Universidad Nacional Abierta y a Distancia - UNAD,2776-INGENIERIA DE SISTEMAS,Femenino,2010-1,2017,Dependiente,Actividades financieras y de seguros,5,5,,"100,0%",NaN
2102-Universidad Nacional Abierta y a Distancia - UNAD,2776-INGENIERIA DE SISTEMAS,Femenino,2010-1,2017,Dependiente,"Actividades profesionales, científicas y técnicas",7,7,,"100,0%",NaN
2102-Universidad Nacional Abierta y a Distancia - UNAD,2776-INGENIERIA DE SISTEMAS,Femenino,2010-1,2017,Dependiente,Administración pública y defensa; planes de seguridad social de afiliación obligatoria,6,6,,"100,0%",NaN
2102-Universidad Nacional Abierta y a Distancia - UNAD,2776-INGENIERIA DE SISTEMAS,Femenino,2010-1,2017,Dependiente,Comercio al por mayor y al por menor; reparación de vehículos automotores y motocicletas,1,1,,"100,0%",NaN
2102-Universidad Nacional Abierta y a Distancia - UNAD,2776-INGENIERIA DE SISTEMAS,Femenino,2010-1,2017,Dependiente,Construccion,2,2,,"100,0%",NaN
2102-Universidad Nacional Abierta y a Distancia - UNAD,2776-INGENIERIA DE SISTEMAS,Femenino,2010-1,2017,Dependiente,Educación,4,4,,"100,0%",NaN
2102-Universidad Nacional Abierta y a Distancia - UNAD,2776-INGENIERIA DE SISTEMAS,Femenino,2010-1,2017,Dependiente,Industrias manufactureras,2,2,,"100,0%",NaN
2102-Universidad Nacional Abierta y a Distancia - UNAD,2776-INGENIERIA DE SISTEMAS,Femenino,2010-1,2017,Dependiente,Otras actividades de servicios,1,1,,"100,0%",NaN
2102-Universidad Nacional Abierta y a Distancia - UNAD,2776-INGENIERIA DE SISTEMAS,Femenino,2010-1,2017,Dependiente,Sin información,4,4,,"100,0%",NaN
2102-Universidad Nacional Abierta y a Distancia - UNAD,2776-INGENIERIA DE SISTEMAS,Femenino,2010-1,2017,Dependiente,Transporte y almacenamiento,1,1,,"100,0%",NaN
2102-Universidad Nacional Abierta y a Distancia - UNAD,2776-INGENIERIA DE SISTEMAS,Femenino,2010-1,2017,Independiente,"Actividades profesionales, científicas y técnicas",5,5,,"100,0%",NaN
2102-Universidad Nacional Abierta y a Distancia - UNAD,2776-INGENIERIA DE SISTEMAS,Femenino,2010-1,2017,Independiente,Información y comunicaciones,1,1,,"100,0%",NaN
2102-Universidad Nacional Abierta y a Distancia - UNAD,2776-INGENIERIA DE SISTEMAS,Femenino,2010-1,2017,Independiente,Otras actividades de servicios,1,1,,"100,0%",NaN
2102-Universidad Nacional Abierta y a Distancia - UNAD,2776-INGENIERIA DE SISTEMAS,Femenino,2010-1,2017,Independiente,Sin información,6,6,,"100,0%",NaN
2102-Universidad Nacional Abierta y a Distancia - UNAD,2776-INGENIERIA DE SISTEMAS,Femenino,2010-1,2017,No cotizante,Sin información,22,0,,"0,0%",NaN
2102-Universidad Nacional Abierta y a Distancia - UNAD,2776-INGENIERIA DE SISTEMAS,Femenino,2010-1,2018,Dependiente,Actividades de atención de la salud humana y de asistencia social,1,1,,"100,0%",NaN
2102-Universidad Nacional Abierta y a Distancia - UNAD,2776-INGENIERIA DE SISTEMAS,Femenino,2010-1,2018,Dependiente,Actividades de organizaciones y entidades extraterritoriales,1,1,,"100,0%",NaN
2102-Universidad Nacional Abierta y a Distancia - UNAD,2776-INGENIERIA DE SISTEMAS,Femenino,2010-1,2018,Dependiente,Actividades de servicios administrativos y de apoyo,3,3,,"100,0%",NaN
2102-Universidad Nacional Abierta y a Distancia - UNAD,2776-INGENIERIA DE SISTEMAS,Femenino,2010-1,2018,Dependiente,Actividades financieras y de seguros,4,4,,"100,0%",NaN
2102-Universidad Nacional Abierta y a Distancia - UNAD,2776-INGENIERIA DE SISTEMAS,Femenino,2010-1,2018,Dependiente,"Actividades profesionales, científicas y técnicas",6,6,,"100,0%",NaN
2102-Universidad Nacional Abierta y a Distancia - UNAD,2776-INGENIERIA DE SISTEMAS,Femenino,2010-1,2018,Dependiente,Administración pública y defensa; planes de seguridad social de afiliación obligatoria,6,6,,"100,0%",NaN
2102-Universidad Nacional Abierta y a Distancia - UNAD,2776-INGENIERIA DE SISTEMAS,Femenino,2010-1,2018,Dependiente,Comercio al por mayor y al por menor; reparación de vehículos automotores y motocicletas,2,2,,"100,0%",NaN
2102-Universidad Nacional Abierta y a Distancia - UNAD,2776-INGENIERIA DE SISTEMAS,Femenino,2010-1,2018,Dependiente,Construccion,1,1,,"100,0%",NaN
2102-Universidad Nacional Abierta y a Distancia - UNAD,2776-INGENIERIA DE SISTEMAS,Femenino,2010-1,2018,Dependiente,Educación,5,5,,"100,0%",NaN
2102-Universidad Nacional Abierta y a Distancia - UNAD,2776-INGENIERIA DE SISTEMAS,Femenino,2010-1,2018,Dependiente,Industrias manufactureras,1,1,,"100,0%",NaN
2102-Universidad Nacional Abierta y a Distancia - UNAD,2776-INGENIERIA DE SISTEMAS,Femenino,2010-1,2018,Dependiente,Información y comunicaciones,2,2,,"100,0%",NaN
2102-Universidad Nacional Abierta y a Distancia - UNAD,2776-INGENIERIA DE SISTEMAS,Femenino,2010-1,2018,Dependiente,Otras actividades de servicios,1,1,,"100,0%",NaN
2102-Universidad Nacional Abierta y a Distancia - UNAD,2776-INGENIERIA DE SISTEMAS,Femenino,2010-1,2018,Dependiente,Sin información,4,4,,"100,0%",NaN
2102-Universidad Nacional Abierta y a Distancia - UNAD,2776-INGENIERIA DE SISTEMAS,Femenino,2010-1,2018,Dependiente,Transporte y almacenamiento,1,1,,"100,0%",NaN
2102-Universidad Nacional Abierta y a Distancia - UNAD,2776-INGENIERIA DE SISTEMAS,Femenino,2010-1,2018,Independiente,"Actividades profesionales, científicas y técnicas",6,6,,"100,0%",NaN
2102-Universidad Nacional Abierta y a Distancia - UNAD,2776-INGENIERIA DE SISTEMAS,Femenino,2010-1,2018,Independiente,Información y comunicaciones,1,1,,"100,0%",NaN
2102-Universidad Nacional Abierta y a Distancia - UNAD,2776-INGENIERIA DE SISTEMAS,Femenino,2010-1,2018,Independiente,Otras actividades de servicios,1,1,,"100,0%",NaN
2102-Universidad Nacional Abierta y a Distancia - UNAD,2776-INGENIERIA DE SISTEMAS,Femenino,2010-1,2018,Independiente,Sin información,4,4,,"100,0%",NaN
2102-Universidad Nacional Abierta y a Distancia - UNAD,2776-INGENIERIA DE SISTEMAS,Femenino,2010-1,2018,No cotizante,Sin información,21,0,,"0,0%",NaN
2102-Universidad Nacional Abierta y a Distancia - UNAD,2776-INGENIERIA DE SISTEMAS,Femenino,2010-1,2019,Dependiente,Actividades de atención de la salud humana y de asistencia social,3,3,,"100,0%",NaN
2102-Universidad Nacional Abierta y a Distancia - UNAD,2776-INGENIERIA DE SISTEMAS,Femenino,2010-1,2019,Dependiente,Actividades de servicios administrativos y de apoyo,2,2,,"100,0%",NaN
2102-Universidad Nacional Abierta y a Distancia - UNAD,2776-INGENIERIA DE SISTEMAS,Femenino,2010-1,2019,Dependiente,Actividades financieras y de seguros,2,2,,"100,0%",NaN
2102-Universidad Nacional Abierta y a Distancia - UNAD,2776-INGENIERIA DE SISTEMAS,Femenino,2010-1,2019,Dependiente,"Actividades profesionales, científicas y técnicas",7,7,,"100,0%",NaN
2102-Universidad Nacional Abierta y a Distancia - UNAD,2776-INGENIERIA DE SISTEMAS,Femenino,2010-1,2019,Dependiente,Administración pública y defensa; planes de seguridad social de afiliación obligatoria,10,10,,"100,0%",NaN
2102-Universidad Nacional Abierta y a Distancia - UNAD,2776-INGENIERIA DE SISTEMAS,Femenino,2010-1,2019,Dependiente,Comercio al por mayor y al por menor; reparación de vehículos automotores y motocicletas,1,1,,"100,0%",NaN
2102-Universidad Nacional Abierta y a Distancia - UNAD,2776-INGENIERIA DE SISTEMAS,Femenino,2010-1,2019,Dependiente,Construccion,1,1,,"100,0%",NaN
2102-Universidad Nacional Abierta y a Distancia - UNAD,2776-INGENIERIA DE SISTEMAS,Femenino,2010-1,2019,Dependiente,Educación,4,4,,"100,0%",NaN
2102-Universidad Nacional Abierta y a Distancia - UNAD,2776-INGENIERIA DE SISTEMAS,Femenino,2010-1,2019,Dependiente,Industrias manufactureras,1,1,,"100,0%",NaN
2102-Universidad Nacional Abierta y a Distancia - UNAD,2776-INGENIERIA DE SISTEMAS,Femenino,2010-1,2019,Dependiente,Información y comunicaciones,2,2,,"100,0%",NaN
2102-Universidad Nacional Abierta y a Distancia - UNAD,2776-INGENIERIA DE SISTEMAS,Femenino,2010-1,2019,Dependiente,Otras actividades de servicios,1,1,,"100,0%",NaN
2102-Universidad Nacional Abierta y a Distancia - UNAD,2776-INGENIERIA DE SISTEMAS,Femenino,2010-1,2019,Dependiente,Sin información,2,2,,"100,0%",NaN
2102-Universidad Nacional Abierta y a Distancia - UNAD,2776-INGENIERIA DE SISTEMAS,Femenino,2010-1,2019,Independiente,Actividades de servicios administrativos y de apoyo,1,1,,"100,0%",NaN
2102-Universidad Nacional Abierta y a Distancia - UNAD,2776-INGENIERIA DE SISTEMAS,Femenino,2010-1,2019,Independiente,"Actividades profesionales, científicas y técnicas",4,4,,"100,0%",NaN
2102-Universidad Nacional Abierta y a Distancia - UNAD,2776-INGENIERIA DE SISTEMAS,Femenino,2010-1,2019,Independiente,Administración pública y defensa; planes de seguridad social de afiliación obligatoria,3,3,,"100,0%",NaN
2102-Universidad Nacional Abierta y a Distancia - UNAD,2776-INGENIERIA DE SISTEMAS,Femenino,2010-1,2019,Independiente,Información y comunicaciones,1,1,,"100,0%",NaN
2102-Universidad Nacional Abierta y a Distancia - UNAD,2776-INGENIERIA DE SISTEMAS,Femenino,2010-1,2019,Independiente,Otras actividades de servicios,1,1,,"100,0%",NaN
2102-Universidad Nacional Abierta y a Distancia - UNAD,2776-INGENIERIA DE SISTEMAS,Femenino,2010-1,2019,Independiente,Sin información,1,1,,"100,0%",NaN
2102-Universidad Nacional Abierta y a Distancia - UNAD,2776-INGENIERIA DE SISTEMAS,Femenino,2010-1,2019,No cotizante,Sin información,22,0,,"0,0%",NaN
2102-Universidad Nacional Abierta y a Distancia - UNAD,2776-INGENIERIA DE SISTEMAS,Femenino,2010-1,2020,Dependiente,Actividades de atención de la salud humana y de asistencia social,3,3,,"100,0%",NaN
2102-Universidad Nacional Abierta y a Distancia - UNAD,2776-INGENIERIA DE SISTEMAS,Femenino,2010-1,2020,Dependiente,Actividades de servicios administrativos y de apoyo,2,2,,"100,0%",NaN
2102-Universidad Nacional Abierta y a Distancia - UNAD,2776-INGENIERIA DE SISTEMAS,Femenino,2010-1,2020,Dependiente,Actividades financieras y de seguros,4,4,,"100,0%",NaN
2102-Universidad Nacional Abierta y a Distancia - UNAD,2776-INGENIERIA DE SISTEMAS,Femenino,2010-1,2020,Dependiente,"Actividades profesionales, científicas y técnicas",4,4,,"100,0%",NaN
2102-Universidad Nacional Abierta y a Distancia - UNAD,2776-INGENIERIA DE SISTEMAS,Femenino,2010-1,2020,Dependiente,Administración pública y defensa; planes de seguridad social de afiliación obligatoria,6,6,,"100,0%",NaN
2102-Universidad Nacional Abierta y a Distancia - UNAD,2776-INGENIERIA DE SISTEMAS,Femenino,2010-1,2020,Dependiente,"Agricultura, ganadería, caza, silvicultura y pesca",2,2,,"100,0%",NaN
2102-Universidad Nacional Abierta y a Distancia - UNAD,2776-INGENIERIA DE SISTEMAS,Femenino,2010-1,2020,Dependiente,Comercio al por mayor y al por menor; reparación de vehículos automotores y motocicletas,1,1,,"100,0%",NaN
2102-Universidad Nacional Abierta y a Distancia - UNAD,2776-INGENIERIA DE SISTEMAS,Femenino,2010-1,2020,Dependiente,Construccion,1,1,,"100,0%",NaN
2102-Universidad Nacional Abierta y a Distancia - UNAD,2776-INGENIERIA DE SISTEMAS,Femenino,2010-1,2020,Dependiente,"Distribución de agua; evacuación y tratamiento de aguas residuales, gestión de desechos y actividades de saneamiento ambiental",1,1,,"100,0%",NaN
2102-Universidad Nacional Abierta y a Distancia - UNAD,2776-INGENIERIA DE SISTEMAS,Femenino,2010-1,2020,Dependiente,Educación,3,3,,"100,0%",NaN
2102-Universidad Nacional Abierta y a Distancia - UNAD,2776-INGENIERIA DE SISTEMAS,Femenino,2010-1,2020,Dependiente,Industrias manufactureras,1,1,,"100,0%",NaN
2102-Universidad Nacional Abierta y a Distancia - UNAD,2776-INGENIERIA DE SISTEMAS,Femenino,2010-1,2020,Dependiente,Información y comunicaciones,1,1,,"100,0%",NaN
2102-Universidad Nacional Abierta y a Distancia - UNAD,2776-INGENIERIA DE SISTEMAS,Femenino,2010-1,2020,Dependiente,Otras actividades de servicios,5,5,,"100,0%",NaN
2102-Universidad Nacional Abierta y a Distancia - UNAD,2776-INGENIERIA DE SISTEMAS,Femenino,2010-1,2020,Dependiente,Transporte y almacenamiento,1,1,,"100,0%",NaN
2102-Universidad Nacional Abierta y a Distancia - UNAD,2776-INGENIERIA DE SISTEMAS,Femenino,2010-1,2020,Independiente,"Actividades profesionales, científicas y técnicas",4,4,,"100,0%",NaN
2102-Universidad Nacional Abierta y a Distancia - UNAD,2776-INGENIERIA DE SISTEMAS,Femenino,2010-1,2020,Independiente,Administración pública y defensa; planes de seguridad social de afiliación obligatoria,3,3,,"100,0%",NaN
2102-Universidad Nacional Abierta y a Distancia - UNAD,2776-INGENIERIA DE SISTEMAS,Femenino,2010-1,2020,Independiente,Comercio al por mayor y al por menor; reparación de vehículos automotores y motocicletas,1,1,,"100,0%",NaN
2102-Universidad Nacional Abierta y a Distancia - UNAD,2776-INGENIERIA DE SISTEMAS,Femenino,2010-1,2020,Independiente,Información y comunicaciones,1,1,,"100,0%",NaN
2102-Universidad Nacional Abierta y a Distancia - UNAD,2776-INGENIERIA DE SISTEMAS,Femenino,2010-1,2020,Independiente,Otras actividades de servicios,1,1,,"100,0%",NaN
2102-Universidad Nacional Abierta y a Distancia - UNAD,2776-INGENIERIA DE SISTEMAS,Femenino,2010-1,2020,No cotizante,Sin información,24,0,,"0,0%",NaN
2102-Universidad Nacional Abierta y a Distancia - UNAD,2776-INGENIERIA DE SISTEMAS,Femenino,2010-1,2021,Dependiente,Actividades de atención de la salud humana y de asistencia social,3,3,,"100,0%",NaN
2102-Universidad Nacional Abierta y a Distancia - UNAD,2776-INGENIERIA DE SISTEMAS,Femenino,2010-1,2021,Dependiente,Actividades de servicios administrativos y de apoyo,2,2,,"100,0%",NaN
2102-Universidad Nacional Abierta y a Distancia - UNAD,2776-INGENIERIA DE SISTEMAS,Femenino,2010-1,2021,Dependiente,Actividades financieras y de seguros,4,4,,"100,0%",NaN
2102-Universidad Nacional Abierta y a Distancia - UNAD,2776-INGENIERIA DE SISTEMAS,Femenino,2010-1,2021,Dependiente,"Actividades profesionales, científicas y técnicas",3,3,,"100,0%",NaN
2102-Universidad Nacional Abierta y a Distancia - UNAD,2776-INGENIERIA DE SISTEMAS,Femenino,2010-1,2021,Dependiente,Administración pública y defensa; planes de seguridad social de afiliación obligatoria,5,5,,"100,0%",NaN
2102-Universidad Nacional Abierta y a Distancia - UNAD,2776-INGENIERIA DE SISTEMAS,Femenino,2010-1,2021,Dependiente,"Agricultura, ganadería, caza, silvicultura y pesca",1,1,,"100,0%",NaN
2102-Universidad Nacional Abierta y a Distancia - UNAD,2776-INGENIERIA DE SISTEMAS,Femenino,2010-1,2021,Dependiente,Comercio al por mayor y al por menor; reparación de vehículos automotores y motocicletas,1,1,,"100,0%",NaN
2102-Universidad Nacional Abierta y a Distancia - UNAD,2776-INGENIERIA DE SISTEMAS,Femenino,2010-1,2021,Dependiente,"Distribución de agua; evacuación y tratamiento de aguas residuales, gestión de desechos y actividades de saneamiento ambiental",1,1,,"100,0%",NaN
2102-Universidad Nacional Abierta y a Distancia - UNAD,2776-INGENIERIA DE SISTEMAS,Femenino,2010-1,2021,Dependiente,Educación,2,2,,"100,0%",NaN
2102-Universidad Nacional Abierta y a Distancia - UNAD,2776-INGENIERIA DE SISTEMAS,Femenino,2010-1,2021,Dependiente,Industrias manufactureras,1,1,,"100,0%",NaN
2102-Universidad Nacional Abierta y a Distancia - UNAD,2776-INGENIERIA DE SISTEMAS,Femenino,2010-1,2021,Dependiente,Información y comunicaciones,1,1,,"100,0%",NaN
2102-Universidad Nacional Abierta y a Distancia - UNAD,2776-INGENIERIA DE SISTEMAS,Femenino,2010-1,2021,Dependiente,Otras actividades de servicios,3,3,,"100,0%",NaN
2102-Universidad Nacional Abierta y a Distancia - UNAD,2776-INGENIERIA DE SISTEMAS,Femenino,2010-1,2021,Dependiente,Transporte y almacenamiento,1,1,,"100,0%",NaN
2102-Universidad Nacional Abierta y a Distancia - UNAD,2776-INGENIERIA DE SISTEMAS,Femenino,2010-1,2021,Independiente,"Actividades profesionales, científicas y técnicas",5,5,,"100,0%",NaN
2102-Universidad Nacional Abierta y a Distancia - UNAD,2776-INGENIERIA DE SISTEMAS,Femenino,2010-1,2021,Independiente,Administración pública y defensa; planes de seguridad social de afiliación obligatoria,2,2,,"100,0%",NaN
2102-Universidad Nacional Abierta y a Distancia - UNAD,2776-INGENIERIA DE SISTEMAS,Femenino,2010-1,2021,Independiente,Comercio al por mayor y al por menor; reparación de vehículos automotores y motocicletas,2,2,,"100,0%",NaN
2102-Universidad Nacional Abierta y a Distancia - UNAD,2776-INGENIERIA DE SISTEMAS,Femenino,2010-1,2021,Independiente,Información y comunicaciones,1,1,,"100,0%",NaN
2102-Universidad Nacional Abierta y a Distancia - UNAD,2776-INGENIERIA DE SISTEMAS,Femenino,2010-1,2021,Independiente,Otras actividades de servicios,1,1,,"100,0%",NaN
2102-Universidad Nacional Abierta y a Distancia - UNAD,2776-INGENIERIA DE SISTEMAS,Femenino,2010-1,2021,No cotizante,Sin información,26,0,,"0,0%",NaN
2102-Universidad Nacional Abierta y a Distancia - UNAD,2776-INGENIERIA DE SISTEMAS,Femenino,2010-1,2022,Dependiente,Actividades de atención de la salud humana y de asistencia social,2,2,,"100,0%",NaN
2102-Universidad Nacional Abierta y a Distancia - UNAD,2776-INGENIERIA DE SISTEMAS,Femenino,2010-1,2022,Dependiente,Actividades de organizaciones y entidades extraterritoriales,1,1,,"100,0%",NaN
2102-Universidad Nacional Abierta y a Distancia - UNAD,2776-INGENIERIA DE SISTEMAS,Femenino,2010-1,2022,Dependiente,Actividades de servicios administrativos y de apoyo,2,2,,"100,0%",NaN
2102-Universidad Nacional Abierta y a Distancia - UNAD,2776-INGENIERIA DE SISTEMAS,Femenino,2010-1,2022,Dependiente,Actividades financieras y de seguros,5,5,,"100,0%",NaN
2102-Universidad Nacional Abierta y a Distancia - UNAD,2776-INGENIERIA DE SISTEMAS,Femenino,2010-1,2022,Dependiente,"Actividades profesionales, científicas y técnicas",2,2,,"100,0%",NaN
2102-Universidad Nacional Abierta y a Distancia - UNAD,2776-INGENIERIA DE SISTEMAS,Femenino,2010-1,2022,Dependiente,Administración pública y defensa; planes de seguridad social de afiliación obligatoria,8,8,,"100,0%",NaN
2102-Universidad Nacional Abierta y a Distancia - UNAD,2776-INGENIERIA DE SISTEMAS,Femenino,2010-1,2022,Dependiente,Educación,3,3,,"100,0%",NaN
2102-Universidad Nacional Abierta y a Distancia - UNAD,2776-INGENIERIA DE SISTEMAS,Femenino,2010-1,2022,Dependiente,Industrias manufactureras,1,1,,"100,0%",NaN
2102-Universidad Nacional Abierta y a Distancia - UNAD,2776-INGENIERIA DE SISTEMAS,Femenino,2010-1,2022,Dependiente,Otras actividades de servicios,2,2,,"100,0%",NaN
2102-Universidad Nacional Abierta y a Distancia - UNAD,2776-INGENIERIA DE SISTEMAS,Femenino,2010-1,2022,Dependiente,Transporte y almacenamiento,1,1,,"100,0%",NaN
2102-Universidad Nacional Abierta y a Distancia - UNAD,2776-INGENIERIA DE SISTEMAS,Femenino,2010-1,2022,Independiente,Actividades de servicios administrativos y de apoyo,1,1,,"100,0%",NaN
2102-Universidad Nacional Abierta y a Distancia - UNAD,2776-INGENIERIA DE SISTEMAS,Femenino,2010-1,2022,Independiente,"Actividades profesionales, científicas y técnicas",5,5,,"100,0%",NaN
2102-Universidad Nacional Abierta y a Distancia - UNAD,2776-INGENIERIA DE SISTEMAS,Femenino,2010-1,2022,Independiente,Administración pública y defensa; planes de seguridad social de afiliación obligatoria,3,3,,"100,0%",NaN
2102-Universidad Nacional Abierta y a Distancia - UNAD,2776-INGENIERIA DE SISTEMAS,Femenino,2010-1,2022,Independiente,Comercio al por mayor y al por menor; reparación de vehículos automotores y motocicletas,1,1,,"100,0%",NaN
2102-Universidad Nacional Abierta y a Distancia - UNAD,2776-INGENIERIA DE SISTEMAS,Femenino,2010-1,2022,Independiente,Información y comunicaciones,1,1,,"100,0%",NaN
2102-Universidad Nacional Abierta y a Distancia - UNAD,2776-INGENIERIA DE SISTEMAS,Femenino,2010-1,2022,Independiente,Otras actividades de servicios,1,1,,"100,0%",NaN
2102-Universidad Nacional Abierta y a Distancia - UNAD,2776-INGENIERIA DE SISTEMAS,Femenino,2010-1,2022,No cotizante,SIN DATO,25,0,,"0,0%",NaN
2102-Universidad Nacional Abierta y a Distancia - UNAD,2776-INGENIERIA DE SISTEMAS,Femenino,2010-1,2023,Dependiente,Actividades de atención de la salud humana y de asistencia social,3,3,,"100,0%",NaN
2102-Universidad Nacional Abierta y a Distancia - UNAD,2776-INGENIERIA DE SISTEMAS,Femenino,2010-1,2023,Dependiente,Actividades de servicios administrativos y de apoyo,3,3,,"100,0%",NaN
2102-Universidad Nacional Abierta y a Distancia - UNAD,2776-INGENIERIA DE SISTEMAS,Femenino,2010-1,2023,Dependiente,Actividades financieras y de seguros,4,4,,"100,0%",NaN
2102-Universidad Nacional Abierta y a Distancia - UNAD,2776-INGENIERIA DE SISTEMAS,Femenino,2010-1,2023,Dependiente,"Actividades profesionales, científicas y técnicas",1,1,,"100,0%",NaN
2102-Universidad Nacional Abierta y a Distancia - UNAD,2776-INGENIERIA DE SISTEMAS,Femenino,2010-1,2023,Dependiente,Administración pública y defensa; planes de seguridad social de afiliación obligatoria,7,7,,"100,0%",NaN
2102-Universidad Nacional Abierta y a Distancia - UNAD,2776-INGENIERIA DE SISTEMAS,Femenino,2010-1,2023,Dependiente,Educación,3,3,,"100,0%",NaN
2102-Universidad Nacional Abierta y a Distancia - UNAD,2776-INGENIERIA DE SISTEMAS,Femenino,2010-1,2023,Dependiente,Industrias manufactureras,1,1,,"100,0%",NaN
2102-Universidad Nacional Abierta y a Distancia - UNAD,2776-INGENIERIA DE SISTEMAS,Femenino,2010-1,2023,Dependiente,Información y comunicaciones,2,2,,"100,0%",NaN
2102-Universidad Nacional Abierta y a Distancia - UNAD,2776-INGENIERIA DE SISTEMAS,Femenino,2010-1,2023,Dependiente,Otras actividades de servicios,3,3,,"100,0%",NaN
2102-Universidad Nacional Abierta y a Distancia - UNAD,2776-INGENIERIA DE SISTEMAS,Femenino,2010-1,2023,Dependiente,Transporte y almacenamiento,1,1,,"100,0%",NaN
2102-Universidad Nacional Abierta y a Distancia - UNAD,2776-INGENIERIA DE SISTEMAS,Femenino,2010-1,2023,Independiente,"Actividades profesionales, científicas y técnicas",6,6,,"100,0%",NaN
2102-Universidad Nacional Abierta y a Distancia - UNAD,2776-INGENIERIA DE SISTEMAS,Femenino,2010-1,2023,Independiente,Administración pública y defensa; planes de seguridad social de afiliación obligatoria,3,3,,"100,0%",NaN
2102-Universidad Nacional Abierta y a Distancia - UNAD,2776-INGENIERIA DE SISTEMAS,Femenino,2010-1,2023,Independiente,Comercio al por mayor y al por menor; reparación de vehículos automotores y motocicletas,1,1,,"100,0%",NaN
2102-Universidad Nacional Abierta y a Distancia - UNAD,2776-INGENIERIA DE SISTEMAS,Femenino,2010-1,2023,Independiente,Información y comunicaciones,1,1,,"100,0%",NaN
2102-Universidad Nacional Abierta y a Distancia - UNAD,2776-INGENIERIA DE SISTEMAS,Femenino,2010-1,2023,No cotizante,SIN DATO,23,0,,"0,0%",NaN
2102-Universidad Nacional Abierta y a Distancia - UNAD,2776-INGENIERIA DE SISTEMAS,Masculino,2010-1,2017,Dependiente,Actividades de atención de la salud humana y de asistencia social,2,2,,"100,0%",NaN
2102-Universidad Nacional Abierta y a Distancia - UNAD,2776-INGENIERIA DE SISTEMAS,Masculino,2010-1,2017,Dependiente,Actividades de organizaciones y entidades extraterritoriales,2,2,,"100,0%",NaN
2102-Universidad Nacional Abierta y a Distancia - UNAD,2776-INGENIERIA DE SISTEMAS,Masculino,2010-1,2017,Dependiente,Actividades de servicios administrativos y de apoyo,3,3,,"100,0%",NaN
2102-Universidad Nacional Abierta y a Distancia - UNAD,2776-INGENIERIA DE SISTEMAS,Masculino,2010-1,2017,Dependiente,Actividades financieras y de seguros,4,4,,"100,0%",NaN
2102-Universidad Nacional Abierta y a Distancia - UNAD,2776-INGENIERIA DE SISTEMAS,Masculino,2010-1,2017,Dependiente,"Actividades profesionales, científicas y técnicas",12,12,,"100,0%",NaN
2102-Universidad Nacional Abierta y a Distancia - UNAD,2776-INGENIERIA DE SISTEMAS,Masculino,2010-1,2017,Dependiente,Administración pública y defensa; planes de seguridad social de afiliación obligatoria,9,9,,"100,0%",NaN
2102-Universidad Nacional Abierta y a Distancia - UNAD,2776-INGENIERIA DE SISTEMAS,Masculino,2010-1,2017,Dependiente,"Agricultura, ganadería, caza, silvicultura y pesca",1,1,,"100,0%",NaN
2102-Universidad Nacional Abierta y a Distancia - UNAD,2776-INGENIERIA DE SISTEMAS,Masculino,2010-1,2017,Dependiente,Comercio al por mayor y al por menor; reparación de vehículos automotores y motocicletas,3,3,,"100,0%",NaN
2102-Universidad Nacional Abierta y a Distancia - UNAD,2776-INGENIERIA DE SISTEMAS,Masculino,2010-1,2017,Dependiente,Construccion,3,3,,"100,0%",NaN
2102-Universidad Nacional Abierta y a Distancia - UNAD,2776-INGENIERIA DE SISTEMAS,Masculino,2010-1,2017,Dependiente,Educación,3,3,,"100,0%",NaN
2102-Universidad Nacional Abierta y a Distancia - UNAD,2776-INGENIERIA DE SISTEMAS,Masculino,2010-1,2017,Dependiente,Industrias manufactureras,2,2,,"100,0%",NaN
2102-Universidad Nacional Abierta y a Distancia - UNAD,2776-INGENIERIA DE SISTEMAS,Masculino,2010-1,2017,Dependiente,Información y comunicaciones,5,5,,"100,0%",NaN
2102-Universidad Nacional Abierta y a Distancia - UNAD,2776-INGENIERIA DE SISTEMAS,Masculino,2010-1,2017,Dependiente,Otras actividades de servicios,3,3,,"100,0%",NaN
2102-Universidad Nacional Abierta y a Distancia - UNAD,2776-INGENIERIA DE SISTEMAS,Masculino,2010-1,2017,Dependiente,Sin información,6,6,,"100,0%",NaN
2102-Universidad Nacional Abierta y a Distancia - UNAD,2776-INGENIERIA DE SISTEMAS,Masculino,2010-1,2017,Dependiente,Transporte y almacenamiento,3,3,,"100,0%",NaN
2102-Universidad Nacional Abierta y a Distancia - UNAD,2776-INGENIERIA DE SISTEMAS,Masculino,2010-1,2017,Independiente,"Actividades profesionales, científicas y técnicas",3,3,,"100,0%",NaN
2102-Universidad Nacional Abierta y a Distancia - UNAD,2776-INGENIERIA DE SISTEMAS,Masculino,2010-1,2017,Independiente,Comercio al por mayor y al por menor; reparación de vehículos automotores y motocicletas,2,2,,"100,0%",NaN
2102-Universidad Nacional Abierta y a Distancia - UNAD,2776-INGENIERIA DE SISTEMAS,Masculino,2010-1,2017,Independiente,Educación,1,1,,"100,0%",NaN
2102-Universidad Nacional Abierta y a Distancia - UNAD,2776-INGENIERIA DE SISTEMAS,Masculino,2010-1,2017,Independiente,Industrias manufactureras,1,1,,"100,0%",NaN
2102-Universidad Nacional Abierta y a Distancia - UNAD,2776-INGENIERIA DE SISTEMAS,Masculino,2010-1,2017,Independiente,Información y comunicaciones,3,3,,"100,0%",NaN
2102-Universidad Nacional Abierta y a Distancia - UNAD,2776-INGENIERIA DE SISTEMAS,Masculino,2010-1,2017,Independiente,Sin información,7,7,,"100,0%",NaN
2102-Universidad Nacional Abierta y a Distancia - UNAD,2776-INGENIERIA DE SISTEMAS,Masculino,2010-1,2017,Independiente,Transporte y almacenamiento,1,1,,"100,0%",NaN
2102-Universidad Nacional Abierta y a Distancia - UNAD,2776-INGENIERIA DE SISTEMAS,Masculino,2010-1,2017,No cotizante,Sin información,16,0,,"0,0%",NaN
2102-Universidad Nacional Abierta y a Distancia - UNAD,2776-INGENIERIA DE SISTEMAS,Masculino,2010-1,2018,Dependiente,Actividades de atención de la salud humana y de asistencia social,2,2,,"100,0%",NaN
2102-Universidad Nacional Abierta y a Distancia - UNAD,2776-INGENIERIA DE SISTEMAS,Masculino,2010-1,2018,Dependiente,Actividades de organizaciones y entidades extraterritoriales,3,3,,"100,0%",NaN
2102-Universidad Nacional Abierta y a Distancia - UNAD,2776-INGENIERIA DE SISTEMAS,Masculino,2010-1,2018,Dependiente,Actividades de servicios administrativos y de apoyo,3,3,,"100,0%",NaN
2102-Universidad Nacional Abierta y a Distancia - UNAD,2776-INGENIERIA DE SISTEMAS,Masculino,2010-1,2018,Dependiente,Actividades financieras y de seguros,4,4,,"100,0%",NaN
2102-Universidad Nacional Abierta y a Distancia - UNAD,2776-INGENIERIA DE SISTEMAS,Masculino,2010-1,2018,Dependiente,"Actividades profesionales, científicas y técnicas",11,11,,"100,0%",NaN
2102-Universidad Nacional Abierta y a Distancia - UNAD,2776-INGENIERIA DE SISTEMAS,Masculino,2010-1,2018,Dependiente,Administración pública y defensa; planes de seguridad social de afiliación obligatoria,7,7,,"100,0%",NaN
2102-Universidad Nacional Abierta y a Distancia - UNAD,2776-INGENIERIA DE SISTEMAS,Masculino,2010-1,2018,Dependiente,"Agricultura, ganadería, caza, silvicultura y pesca",1,1,,"100,0%",NaN
2102-Universidad Nacional Abierta y a Distancia - UNAD,2776-INGENIERIA DE SISTEMAS,Masculino,2010-1,2018,Dependiente,Comercio al por mayor y al por menor; reparación de vehículos automotores y motocicletas,2,2,,"100,0%",NaN
2102-Universidad Nacional Abierta y a Distancia - UNAD,2776-INGENIERIA DE SISTEMAS,Masculino,2010-1,2018,Dependiente,Construccion,1,1,,"100,0%",NaN
2102-Universidad Nacional Abierta y a Distancia - UNAD,2776-INGENIERIA DE SISTEMAS,Masculino,2010-1,2018,Dependiente,"Distribución de agua; evacuación y tratamiento de aguas residuales, gestión de desechos y actividades de saneamiento ambiental",1,1,,"100,0%",NaN
2102-Universidad Nacional Abierta y a Distancia - UNAD,2776-INGENIERIA DE SISTEMAS,Masculino,2010-1,2018,Dependiente,Educación,6,6,,"100,0%",NaN
2102-Universidad Nacional Abierta y a Distancia - UNAD,2776-INGENIERIA DE SISTEMAS,Masculino,2010-1,2018,Dependiente,Explotación de minas y canteras,1,1,,"100,0%",NaN
2102-Universidad Nacional Abierta y a Distancia - UNAD,2776-INGENIERIA DE SISTEMAS,Masculino,2010-1,2018,Dependiente,Industrias manufactureras,2,2,,"100,0%",NaN
2102-Universidad Nacional Abierta y a Distancia - UNAD,2776-INGENIERIA DE SISTEMAS,Masculino,2010-1,2018,Dependiente,Información y comunicaciones,5,5,,"100,0%",NaN
2102-Universidad Nacional Abierta y a Distancia - UNAD,2776-INGENIERIA DE SISTEMAS,Masculino,2010-1,2018,Dependiente,Otras actividades de servicios,1,1,,"100,0%",NaN
2102-Universidad Nacional Abierta y a Distancia - UNAD,2776-INGENIERIA DE SISTEMAS,Masculino,2010-1,2018,Dependiente,Sin información,5,5,,"100,0%",NaN
2102-Universidad Nacional Abierta y a Distancia - UNAD,2776-INGENIERIA DE SISTEMAS,Masculino,2010-1,2018,Dependiente,"Suministro de electricidad, gas, vapor y aire acondicionado",1,1,,"100,0%",NaN
2102-Universidad Nacional Abierta y a Distancia - UNAD,2776-INGENIERIA DE SISTEMAS,Masculino,2010-1,2018,Dependiente,Transporte y almacenamiento,3,3,,"100,0%",NaN
2102-Universidad Nacional Abierta y a Distancia - UNAD,2776-INGENIERIA DE SISTEMAS,Masculino,2010-1,2018,Independiente,"Actividades profesionales, científicas y técnicas",4,4,,"100,0%",NaN
2102-Universidad Nacional Abierta y a Distancia - UNAD,2776-INGENIERIA DE SISTEMAS,Masculino,2010-1,2018,Independiente,Comercio al por mayor y al por menor; reparación de vehículos automotores y motocicletas,2,2,,"100,0%",NaN
2102-Universidad Nacional Abierta y a Distancia - UNAD,2776-INGENIERIA DE SISTEMAS,Masculino,2010-1,2018,Independiente,Educación,1,1,,"100,0%",NaN
2102-Universidad Nacional Abierta y a Distancia - UNAD,2776-INGENIERIA DE SISTEMAS,Masculino,2010-1,2018,Independiente,Información y comunicaciones,1,1,,"100,0%",NaN
2102-Universidad Nacional Abierta y a Distancia - UNAD,2776-INGENIERIA DE SISTEMAS,Masculino,2010-1,2018,Independiente,Sin información,7,7,,"100,0%",NaN
2102-Universidad Nacional Abierta y a Distancia - UNAD,2776-INGENIERIA DE SISTEMAS,Masculino,2010-1,2018,Independiente,Transporte y almacenamiento,1,1,,"100,0%",NaN
2102-Universidad Nacional Abierta y a Distancia - UNAD,2776-INGENIERIA DE SISTEMAS,Masculino,2010-1,2018,No cotizante,Sin información,18,0,,"0,0%",NaN
2102-Universidad Nacional Abierta y a Distancia - UNAD,2776-INGENIERIA DE SISTEMAS,Masculino,2010-1,2019,Dependiente,Actividades de atención de la salud humana y de asistencia social,1,1,,"100,0%",NaN
2102-Universidad Nacional Abierta y a Distancia - UNAD,2776-INGENIERIA DE SISTEMAS,Masculino,2010-1,2019,Dependiente,Actividades de organizaciones y entidades extraterritoriales,1,1,,"100,0%",NaN
2102-Universidad Nacional Abierta y a Distancia - UNAD,2776-INGENIERIA DE SISTEMAS,Masculino,2010-1,2019,Dependiente,Actividades de servicios administrativos y de apoyo,1,1,,"100,0%",NaN
2102-Universidad Nacional Abierta y a Distancia - UNAD,2776-INGENIERIA DE SISTEMAS,Masculino,2010-1,2019,Dependiente,Actividades financieras y de seguros,5,5,,"100,0%",NaN
2102-Universidad Nacional Abierta y a Distancia - UNAD,2776-INGENIERIA DE SISTEMAS,Masculino,2010-1,2019,Dependiente,"Actividades profesionales, científicas y técnicas",12,12,,"100,0%",NaN
2102-Universidad Nacional Abierta y a Distancia - UNAD,2776-INGENIERIA DE SISTEMAS,Masculino,2010-1,2019,Dependiente,Administración pública y defensa; planes de seguridad social de afiliación obligatoria,7,7,,"100,0%",NaN
2102-Universidad Nacional Abierta y a Distancia - UNAD,2776-INGENIERIA DE SISTEMAS,Masculino,2010-1,2019,Dependiente,"Agricultura, ganadería, caza, silvicultura y pesca",1,1,,"100,0%",NaN
2102-Universidad Nacional Abierta y a Distancia - UNAD,2776-INGENIERIA DE SISTEMAS,Masculino,2010-1,2019,Dependiente,Comercio al por mayor y al por menor; reparación de vehículos automotores y motocicletas,4,4,,"100,0%",NaN
2102-Universidad Nacional Abierta y a Distancia - UNAD,2776-INGENIERIA DE SISTEMAS,Masculino,2010-1,2019,Dependiente,Construccion,2,2,,"100,0%",NaN
2102-Universidad Nacional Abierta y a Distancia - UNAD,2776-INGENIERIA DE SISTEMAS,Masculino,2010-1,2019,Dependiente,"Distribución de agua; evacuación y tratamiento de aguas residuales, gestión de desechos y actividades de saneamiento ambiental",1,1,,"100,0%",NaN
2102-Universidad Nacional Abierta y a Distancia - UNAD,2776-INGENIERIA DE SISTEMAS,Masculino,2010-1,2019,Dependiente,Educación,5,5,,"100,0%",NaN
2102-Universidad Nacional Abierta y a Distancia - UNAD,2776-INGENIERIA DE SISTEMAS,Masculino,2010-1,2019,Dependiente,Explotación de minas y canteras,1,1,,"100,0%",NaN
2102-Universidad Nacional Abierta y a Distancia - UNAD,2776-INGENIERIA DE SISTEMAS,Masculino,2010-1,2019,Dependiente,Industrias manufactureras,2,2,,"100,0%",NaN
2102-Universidad Nacional Abierta y a Distancia - UNAD,2776-INGENIERIA DE SISTEMAS,Masculino,2010-1,2019,Dependiente,Información y comunicaciones,7,7,,"100,0%",NaN
2102-Universidad Nacional Abierta y a Distancia - UNAD,2776-INGENIERIA DE SISTEMAS,Masculino,2010-1,2019,Dependiente,Otras actividades de servicios,3,3,,"100,0%",NaN
2102-Universidad Nacional Abierta y a Distancia - UNAD,2776-INGENIERIA DE SISTEMAS,Masculino,2010-1,2019,Dependiente,"Suministro de electricidad, gas, vapor y aire acondicionado",1,1,,"100,0%",NaN
2102-Universidad Nacional Abierta y a Distancia - UNAD,2776-INGENIERIA DE SISTEMAS,Masculino,2010-1,2019,Dependiente,Transporte y almacenamiento,2,2,,"100,0%",NaN
2102-Universidad Nacional Abierta y a Distancia - UNAD,2776-INGENIERIA DE SISTEMAS,Masculino,2010-1,2019,Independiente,Actividades de atención de la salud humana y de asistencia social,1,1,,"100,0%",NaN
2102-Universidad Nacional Abierta y a Distancia - UNAD,2776-INGENIERIA DE SISTEMAS,Masculino,2010-1,2019,Independiente,"Actividades profesionales, científicas y técnicas",5,5,,"100,0%",NaN
2102-Universidad Nacional Abierta y a Distancia - UNAD,2776-INGENIERIA DE SISTEMAS,Masculino,2010-1,2019,Independiente,Administración pública y defensa; planes de seguridad social de afiliación obligatoria,3,3,,"100,0%",NaN
2102-Universidad Nacional Abierta y a Distancia - UNAD,2776-INGENIERIA DE SISTEMAS,Masculino,2010-1,2019,Independiente,Comercio al por mayor y al por menor; reparación de vehículos automotores y motocicletas,2,2,,"100,0%",NaN
2102-Universidad Nacional Abierta y a Distancia - UNAD,2776-INGENIERIA DE SISTEMAS,Masculino,2010-1,2019,Independiente,Sin información,2,2,,"100,0%",NaN
2102-Universidad Nacional Abierta y a Distancia - UNAD,2776-INGENIERIA DE SISTEMAS,Masculino,2010-1,2019,Independiente,Transporte y almacenamiento,1,1,,"100,0%",NaN
2102-Universidad Nacional Abierta y a Distancia - UNAD,2776-INGENIERIA DE SISTEMAS,Masculino,2010-1,2019,No cotizante,Sin información,20,0,,"0,0%",NaN
2102-Universidad Nacional Abierta y a Distancia - UNAD,2776-INGENIERIA DE SISTEMAS,Masculino,2010-1,2020,Dependiente,Actividades de atención de la salud humana y de asistencia social,1,1,,"100,0%",NaN
2102-Universidad Nacional Abierta y a Distancia - UNAD,2776-INGENIERIA DE SISTEMAS,Masculino,2010-1,2020,Dependiente,Actividades de servicios administrativos y de apoyo,1,1,,"100,0%",NaN
2102-Universidad Nacional Abierta y a Distancia - UNAD,2776-INGENIERIA DE SISTEMAS,Masculino,2010-1,2020,Dependiente,Actividades financieras y de seguros,7,7,,"100,0%",NaN
2102-Universidad Nacional Abierta y a Distancia - UNAD,2776-INGENIERIA DE SISTEMAS,Masculino,2010-1,2020,Dependiente,"Actividades profesionales, científicas y técnicas",7,7,,"100,0%",NaN
2102-Universidad Nacional Abierta y a Distancia - UNAD,2776-INGENIERIA DE SISTEMAS,Masculino,2010-1,2020,Dependiente,Administración pública y defensa; planes de seguridad social de afiliación obligatoria,9,9,,"100,0%",NaN
2102-Universidad Nacional Abierta y a Distancia - UNAD,2776-INGENIERIA DE SISTEMAS,Masculino,2010-1,2020,Dependiente,Comercio al por mayor y al por menor; reparación de vehículos automotores y motocicletas,3,3,,"100,0%",NaN
2102-Universidad Nacional Abierta y a Distancia - UNAD,2776-INGENIERIA DE SISTEMAS,Masculino,2010-1,2020,Dependiente,"Distribución de agua; evacuación y tratamiento de aguas residuales, gestión de desechos y actividades de saneamiento ambiental",1,1,,"100,0%",NaN
2102-Universidad Nacional Abierta y a Distancia - UNAD,2776-INGENIERIA DE SISTEMAS,Masculino,2010-1,2020,Dependiente,Educación,4,4,,"100,0%",NaN
2102-Universidad Nacional Abierta y a Distancia - UNAD,2776-INGENIERIA DE SISTEMAS,Masculino,2010-1,2020,Dependiente,Explotación de minas y canteras,1,1,,"100,0%",NaN
2102-Universidad Nacional Abierta y a Distancia - UNAD,2776-INGENIERIA DE SISTEMAS,Masculino,2010-1,2020,Dependiente,Industrias manufactureras,3,3,,"100,0%",NaN
2102-Universidad Nacional Abierta y a Distancia - UNAD,2776-INGENIERIA DE SISTEMAS,Masculino,2010-1,2020,Dependiente,Información y comunicaciones,7,7,,"100,0%",NaN
2102-Universidad Nacional Abierta y a Distancia - UNAD,2776-INGENIERIA DE SISTEMAS,Masculino,2010-1,2020,Dependiente,Otras actividades de servicios,1,1,,"100,0%",NaN
2102-Universidad Nacional Abierta y a Distancia - UNAD,2776-INGENIERIA DE SISTEMAS,Masculino,2010-1,2020,Dependiente,"Suministro de electricidad, gas, vapor y aire acondicionado",1,1,,"100,0%",NaN
2102-Universidad Nacional Abierta y a Distancia - UNAD,2776-INGENIERIA DE SISTEMAS,Masculino,2010-1,2020,Dependiente,Transporte y almacenamiento,1,1,,"100,0%",NaN
2102-Universidad Nacional Abierta y a Distancia - UNAD,2776-INGENIERIA DE SISTEMAS,Masculino,2010-1,2020,Independiente,Actividades de atención de la salud humana y de asistencia social,1,1,,"100,0%",NaN
2102-Universidad Nacional Abierta y a Distancia - UNAD,2776-INGENIERIA DE SISTEMAS,Masculino,2010-1,2020,Independiente,"Actividades profesionales, científicas y técnicas",7,7,,"100,0%",NaN
2102-Universidad Nacional Abierta y a Distancia - UNAD,2776-INGENIERIA DE SISTEMAS,Masculino,2010-1,2020,Independiente,Administración pública y defensa; planes de seguridad social de afiliación obligatoria,2,2,,"100,0%",NaN
2102-Universidad Nacional Abierta y a Distancia - UNAD,2776-INGENIERIA DE SISTEMAS,Masculino,2010-1,2020,Independiente,Comercio al por mayor y al por menor; reparación de vehículos automotores y motocicletas,2,2,,"100,0%",NaN
2102-Universidad Nacional Abierta y a Distancia - UNAD,2776-INGENIERIA DE SISTEMAS,Masculino,2010-1,2020,Independiente,Otras actividades de servicios,1,1,,"100,0%",NaN
2102-Universidad Nacional Abierta y a Distancia - UNAD,2776-INGENIERIA DE SISTEMAS,Masculino,2010-1,2020,Independiente,Transporte y almacenamiento,1,1,,"100,0%",NaN
2102-Universidad Nacional Abierta y a Distancia - UNAD,2776-INGENIERIA DE SISTEMAS,Masculino,2010-1,2020,No cotizante,Sin información,26,0,,"0,0%",NaN
2102-Universidad Nacional Abierta y a Distancia - UNAD,2776-INGENIERIA DE SISTEMAS,Masculino,2010-1,2021,Dependiente,Actividades de servicios administrativos y de apoyo,2,2,,"100,0%",NaN
2102-Universidad Nacional Abierta y a Distancia - UNAD,2776-INGENIERIA DE SISTEMAS,Masculino,2010-1,2021,Dependiente,Actividades financieras y de seguros,6,6,,"100,0%",NaN
2102-Universidad Nacional Abierta y a Distancia - UNAD,2776-INGENIERIA DE SISTEMAS,Masculino,2010-1,2021,Dependiente,"Actividades profesionales, científicas y técnicas",7,7,,"100,0%",NaN
2102-Universidad Nacional Abierta y a Distancia - UNAD,2776-INGENIERIA DE SISTEMAS,Masculino,2010-1,2021,Dependiente,Administración pública y defensa; planes de seguridad social de afiliación obligatoria,9,9,,"100,0%",NaN
2102-Universidad Nacional Abierta y a Distancia - UNAD,2776-INGENIERIA DE SISTEMAS,Masculino,2010-1,2021,Dependiente,Comercio al por mayor y al por menor; reparación de vehículos automotores y motocicletas,3,3,,"100,0%",NaN
2102-Universidad Nacional Abierta y a Distancia - UNAD,2776-INGENIERIA DE SISTEMAS,Masculino,2010-1,2021,Dependiente,Construccion,1,1,,"100,0%",NaN
2102-Universidad Nacional Abierta y a Distancia - UNAD,2776-INGENIERIA DE SISTEMAS,Masculino,2010-1,2021,Dependiente,"Distribución de agua; evacuación y tratamiento de aguas residuales, gestión de desechos y actividades de saneamiento ambiental",1,1,,"100,0%",NaN
2102-Universidad Nacional Abierta y a Distancia - UNAD,2776-INGENIERIA DE SISTEMAS,Masculino,2010-1,2021,Dependiente,Educación,1,1,,"100,0%",NaN
2102-Universidad Nacional Abierta y a Distancia - UNAD,2776-INGENIERIA DE SISTEMAS,Masculino,2010-1,2021,Dependiente,Explotación de minas y canteras,1,1,,"100,0%",NaN
2102-Universidad Nacional Abierta y a Distancia - UNAD,2776-INGENIERIA DE SISTEMAS,Masculino,2010-1,2021,Dependiente,Industrias manufactureras,2,2,,"100,0%",NaN
2102-Universidad Nacional Abierta y a Distancia - UNAD,2776-INGENIERIA DE SISTEMAS,Masculino,2010-1,2021,Dependiente,Información y comunicaciones,8,8,,"100,0%",NaN
2102-Universidad Nacional Abierta y a Distancia - UNAD,2776-INGENIERIA DE SISTEMAS,Masculino,2010-1,2021,Dependiente,Transporte y almacenamiento,3,3,,"100,0%",NaN
2102-Universidad Nacional Abierta y a Distancia - UNAD,2776-INGENIERIA DE SISTEMAS,Masculino,2010-1,2021,Independiente,Actividades de atención de la salud humana y de asistencia social,1,1,,"100,0%",NaN
2102-Universidad Nacional Abierta y a Distancia - UNAD,2776-INGENIERIA DE SISTEMAS,Masculino,2010-1,2021,Independiente,"Actividades profesionales, científicas y técnicas",9,9,,"100,0%",NaN
2102-Universidad Nacional Abierta y a Distancia - UNAD,2776-INGENIERIA DE SISTEMAS,Masculino,2010-1,2021,Independiente,Administración pública y defensa; planes de seguridad social de afiliación obligatoria,3,3,,"100,0%",NaN
2102-Universidad Nacional Abierta y a Distancia - UNAD,2776-INGENIERIA DE SISTEMAS,Masculino,2010-1,2021,Independiente,Comercio al por mayor y al por menor; reparación de vehículos automotores y motocicletas,2,2,,"100,0%",NaN
2102-Universidad Nacional Abierta y a Distancia - UNAD,2776-INGENIERIA DE SISTEMAS,Masculino,2010-1,2021,Independiente,Información y comunicaciones,1,1,,"100,0%",NaN
2102-Universidad Nacional Abierta y a Distancia - UNAD,2776-INGENIERIA DE SISTEMAS,Masculino,2010-1,2021,Independiente,Otras actividades de servicios,1,1,,"100,0%",NaN
2102-Universidad Nacional Abierta y a Distancia - UNAD,2776-INGENIERIA DE SISTEMAS,Masculino,2010-1,2021,No cotizante,Sin información,21,0,,"0,0%",NaN
2102-Universidad Nacional Abierta y a Distancia - UNAD,2776-INGENIERIA DE SISTEMAS,Masculino,2010-1,2022,Dependiente,Actividades de atención de la salud humana y de asistencia social,1,1,,"100,0%",NaN
2102-Universidad Nacional Abierta y a Distancia - UNAD,2776-INGENIERIA DE SISTEMAS,Masculino,2010-1,2022,Dependiente,Actividades de servicios administrativos y de apoyo,2,2,,"100,0%",NaN
2102-Universidad Nacional Abierta y a Distancia - UNAD,2776-INGENIERIA DE SISTEMAS,Masculino,2010-1,2022,Dependiente,Actividades financieras y de seguros,7,7,,"100,0%",NaN
2102-Universidad Nacional Abierta y a Distancia - UNAD,2776-INGENIERIA DE SISTEMAS,Masculino,2010-1,2022,Dependiente,"Actividades profesionales, científicas y técnicas",7,7,,"100,0%",NaN
2102-Universidad Nacional Abierta y a Distancia - UNAD,2776-INGENIERIA DE SISTEMAS,Masculino,2010-1,2022,Dependiente,Administración pública y defensa; planes de seguridad social de afiliación obligatoria,8,8,,"100,0%",NaN
2102-Universidad Nacional Abierta y a Distancia - UNAD,2776-INGENIERIA DE SISTEMAS,Masculino,2010-1,2022,Dependiente,Comercio al por mayor y al por menor; reparación de vehículos automotores y motocicletas,3,3,,"100,0%",NaN
2102-Universidad Nacional Abierta y a Distancia - UNAD,2776-INGENIERIA DE SISTEMAS,Masculino,2010-1,2022,Dependiente,Construccion,1,1,,"100,0%",NaN
2102-Universidad Nacional Abierta y a Distancia - UNAD,2776-INGENIERIA DE SISTEMAS,Masculino,2010-1,2022,Dependiente,"Distribución de agua; evacuación y tratamiento de aguas residuales, gestión de desechos y actividades de saneamiento ambiental",1,1,,"100,0%",NaN
2102-Universidad Nacional Abierta y a Distancia - UNAD,2776-INGENIERIA DE SISTEMAS,Masculino,2010-1,2022,Dependiente,Educación,1,1,,"100,0%",NaN
2102-Universidad Nacional Abierta y a Distancia - UNAD,2776-INGENIERIA DE SISTEMAS,Masculino,2010-1,2022,Dependiente,Explotación de minas y canteras,1,1,,"100,0%",NaN
2102-Universidad Nacional Abierta y a Distancia - UNAD,2776-INGENIERIA DE SISTEMAS,Masculino,2010-1,2022,Dependiente,Industrias manufactureras,2,2,,"100,0%",NaN
2102-Universidad Nacional Abierta y a Distancia - UNAD,2776-INGENIERIA DE SISTEMAS,Masculino,2010-1,2022,Dependiente,Información y comunicaciones,8,8,,"100,0%",NaN
2102-Universidad Nacional Abierta y a Distancia - UNAD,2776-INGENIERIA DE SISTEMAS,Masculino,2010-1,2022,Dependiente,Transporte y almacenamiento,2,2,,"100,0%",NaN
2102-Universidad Nacional Abierta y a Distancia - UNAD,2776-INGENIERIA DE SISTEMAS,Masculino,2010-1,2022,Independiente,Actividades de atención de la salud humana y de asistencia social,1,1,,"100,0%",NaN
2102-Universidad Nacional Abierta y a Distancia - UNAD,2776-INGENIERIA DE SISTEMAS,Masculino,2010-1,2022,Independiente,"Actividades profesionales, científicas y técnicas",7,7,,"100,0%",NaN
2102-Universidad Nacional Abierta y a Distancia - UNAD,2776-INGENIERIA DE SISTEMAS,Masculino,2010-1,2022,Independiente,Administración pública y defensa; planes de seguridad social de afiliación obligatoria,2,2,,"100,0%",NaN
2102-Universidad Nacional Abierta y a Distancia - UNAD,2776-INGENIERIA DE SISTEMAS,Masculino,2010-1,2022,Independiente,Comercio al por mayor y al por menor; reparación de vehículos automotores y motocicletas,3,3,,"100,0%",NaN
2102-Universidad Nacional Abierta y a Distancia - UNAD,2776-INGENIERIA DE SISTEMAS,Masculino,2010-1,2022,Independiente,Información y comunicaciones,1,1,,"100,0%",NaN
2102-Universidad Nacional Abierta y a Distancia - UNAD,2776-INGENIERIA DE SISTEMAS,Masculino,2010-1,2022,No cotizante,SIN DATO,23,0,,"0,0%",NaN
2102-Universidad Nacional Abierta y a Distancia - UNAD,2776-INGENIERIA DE SISTEMAS,Masculino,2010-1,2023,Dependiente,Actividades de atención de la salud humana y de asistencia social,1,1,,"100,0%",NaN
2102-Universidad Nacional Abierta y a Distancia - UNAD,2776-INGENIERIA DE SISTEMAS,Masculino,2010-1,2023,Dependiente,Actividades de servicios administrativos y de apoyo,1,1,,"100,0%",NaN
2102-Universidad Nacional Abierta y a Distancia - UNAD,2776-INGENIERIA DE SISTEMAS,Masculino,2010-1,2023,Dependiente,Actividades financieras y de seguros,6,6,,"100,0%",NaN
2102-Universidad Nacional Abierta y a Distancia - UNAD,2776-INGENIERIA DE SISTEMAS,Masculino,2010-1,2023,Dependiente,"Actividades profesionales, científicas y técnicas",6,6,,"100,0%",NaN
2102-Universidad Nacional Abierta y a Distancia - UNAD,2776-INGENIERIA DE SISTEMAS,Masculino,2010-1,2023,Dependiente,Administración pública y defensa; planes de seguridad social de afiliación obligatoria,9,9,,"100,0%",NaN
2102-Universidad Nacional Abierta y a Distancia - UNAD,2776-INGENIERIA DE SISTEMAS,Masculino,2010-1,2023,Dependiente,Comercio al por mayor y al por menor; reparación de vehículos automotores y motocicletas,3,3,,"100,0%",NaN
2102-Universidad Nacional Abierta y a Distancia - UNAD,2776-INGENIERIA DE SISTEMAS,Masculino,2010-1,2023,Dependiente,Construccion,3,3,,"100,0%",NaN
2102-Universidad Nacional Abierta y a Distancia - UNAD,2776-INGENIERIA DE SISTEMAS,Masculino,2010-1,2023,Dependiente,"Distribución de agua; evacuación y tratamiento de aguas residuales, gestión de desechos y actividades de saneamiento ambiental",1,1,,"100,0%",NaN
2102-Universidad Nacional Abierta y a Distancia - UNAD,2776-INGENIERIA DE SISTEMAS,Masculino,2010-1,2023,Dependiente,Educación,1,1,,"100,0%",NaN
2102-Universidad Nacional Abierta y a Distancia - UNAD,2776-INGENIERIA DE SISTEMAS,Masculino,2010-1,2023,Dependiente,Explotación de minas y canteras,1,1,,"100,0%",NaN
2102-Universidad Nacional Abierta y a Distancia - UNAD,2776-INGENIERIA DE SISTEMAS,Masculino,2010-1,2023,Dependiente,Industrias manufactureras,1,1,,"100,0%",NaN
2102-Universidad Nacional Abierta y a Distancia - UNAD,2776-INGENIERIA DE SISTEMAS,Masculino,2010-1,2023,Dependiente,Información y comunicaciones,7,7,,"100,0%",NaN
2102-Universidad Nacional Abierta y a Distancia - UNAD,2776-INGENIERIA DE SISTEMAS,Masculino,2010-1,2023,Dependiente,Otras actividades de servicios,1,1,,"100,0%",NaN
2102-Universidad Nacional Abierta y a Distancia - UNAD,2776-INGENIERIA DE SISTEMAS,Masculino,2010-1,2023,Dependiente,Transporte y almacenamiento,1,1,,"100,0%",NaN
2102-Universidad Nacional Abierta y a Distancia - UNAD,2776-INGENIERIA DE SISTEMAS,Masculino,2010-1,2023,Independiente,Actividades de atención de la salud humana y de asistencia social,1,1,,"100,0%",NaN
2102-Universidad Nacional Abierta y a Distancia - UNAD,2776-INGENIERIA DE SISTEMAS,Masculino,2010-1,2023,Independiente,"Actividades profesionales, científicas y técnicas",8,8,,"100,0%",NaN
2102-Universidad Nacional Abierta y a Distancia - UNAD,2776-INGENIERIA DE SISTEMAS,Masculino,2010-1,2023,Independiente,Administración pública y defensa; planes de seguridad social de afiliación obligatoria,2,2,,"100,0%",NaN
2102-Universidad Nacional Abierta y a Distancia - UNAD,2776-INGENIERIA DE SISTEMAS,Masculino,2010-1,2023,Independiente,Comercio al por mayor y al por menor; reparación de vehículos automotores y motocicletas,2,2,,"100,0%",NaN
2102-Universidad Nacional Abierta y a Distancia - UNAD,2776-INGENIERIA DE SISTEMAS,Masculino,2010-1,2023,Independiente,Información y comunicaciones,2,2,,"100,0%",NaN
2102-Universidad Nacional Abierta y a Distancia - UNAD,2776-INGENIERIA DE SISTEMAS,Masculino,2010-1,2023,No cotizante,SIN DATO,23,0,,"0,0%",NaN
2102-Universidad Nacional Abierta y a Distancia - UNAD,1681-TECNOLOGIA EN GESTION COMERCIAL Y DE NEGOCIOS,Femenino,2010-1,2016,Dependiente,Actividades financieras y de seguros,2,2,,"100,0%",$1.509.000
2102-Universidad Nacional Abierta y a Distancia - UNAD,1681-TECNOLOGIA EN GESTION COMERCIAL Y DE NEGOCIOS,Femenino,2010-1,2016,Dependiente,"Actividades profesionales, científicas y técnicas",3,3,,"100,0%",$3.933.333
2102-Universidad Nacional Abierta y a Distancia - UNAD,1681-TECNOLOGIA EN GESTION COMERCIAL Y DE NEGOCIOS,Femenino,2010-1,2016,Dependiente,Administración pública y defensa; planes de seguridad social de afiliación obligatoria,2,2,,"100,0%",$3.161.500
2102-Universidad Nacional Abierta y a Distancia - UNAD,1681-TECNOLOGIA EN GESTION COMERCIAL Y DE NEGOCIOS,Femenino,2010-1,2016,Dependiente,Comercio al por mayor y al por menor; reparación de vehículos automotores y motocicletas,1,1,,"100,0%",$850.000
2102-Universidad Nacional Abierta y a Distancia - UNAD,1681-TECNOLOGIA EN GESTION COMERCIAL Y DE NEGOCIOS,Femenino,2010-1,2016,Independiente,Sin información,1,1,,"100,0%",NaN
2102-Universidad Nacional Abierta y a Distancia - UNAD,1681-TECNOLOGIA EN GESTION COMERCIAL Y DE NEGOCIOS,Femenino,2010-1,2016,No cotizante,Sin información,2,0,,"0,0%",NaN
2102-Universidad Nacional Abierta y a Distancia - UNAD,1681-TECNOLOGIA EN GESTION COMERCIAL Y DE NEGOCIOS,Femenino,2010-1,2017,Dependiente,Actividades financieras y de seguros,1,1,,"100,0%",NaN
2102-Universidad Nacional Abierta y a Distancia - UNAD,1681-TECNOLOGIA EN GESTION COMERCIAL Y DE NEGOCIOS,Femenino,2010-1,2017,Dependiente,"Actividades profesionales, científicas y técnicas",3,3,,"100,0%",NaN
2102-Universidad Nacional Abierta y a Distancia - UNAD,1681-TECNOLOGIA EN GESTION COMERCIAL Y DE NEGOCIOS,Femenino,2010-1,2017,Dependiente,Administración pública y defensa; planes de seguridad social de afiliación obligatoria,2,2,,"100,0%",NaN
2102-Universidad Nacional Abierta y a Distancia - UNAD,1681-TECNOLOGIA EN GESTION COMERCIAL Y DE NEGOCIOS,Femenino,2010-1,2017,Dependiente,Comercio al por mayor y al por menor; reparación de vehículos automotores y motocicletas,1,1,,"100,0%",NaN
2102-Universidad Nacional Abierta y a Distancia - UNAD,1681-TECNOLOGIA EN GESTION COMERCIAL Y DE NEGOCIOS,Femenino,2010-1,2017,Dependiente,Sin información,1,1,,"100,0%",NaN
2102-Universidad Nacional Abierta y a Distancia - UNAD,1681-TECNOLOGIA EN GESTION COMERCIAL Y DE NEGOCIOS,Femenino,2010-1,2017,Independiente,Sin información,1,1,,"100,0%",NaN
2102-Universidad Nacional Abierta y a Distancia - UNAD,1681-TECNOLOGIA EN GESTION COMERCIAL Y DE NEGOCIOS,Femenino,2010-1,2017,No cotizante,Sin información,2,0,,"0,0%",NaN
2102-Universidad Nacional Abierta y a Distancia - UNAD,1681-TECNOLOGIA EN GESTION COMERCIAL Y DE NEGOCIOS,Femenino,2010-1,2018,Dependiente,"Actividades profesionales, científicas y técnicas",2,2,,"100,0%",NaN
2102-Universidad Nacional Abierta y a Distancia - UNAD,1681-TECNOLOGIA EN GESTION COMERCIAL Y DE NEGOCIOS,Femenino,2010-1,2018,Dependiente,Administración pública y defensa; planes de seguridad social de afiliación obligatoria,2,2,,"100,0%",NaN
2102-Universidad Nacional Abierta y a Distancia - UNAD,1681-TECNOLOGIA EN GESTION COMERCIAL Y DE NEGOCIOS,Femenino,2010-1,2018,Dependiente,Comercio al por mayor y al por menor; reparación de vehículos automotores y motocicletas,1,1,,"100,0%",NaN
2102-Universidad Nacional Abierta y a Distancia - UNAD,1681-TECNOLOGIA EN GESTION COMERCIAL Y DE NEGOCIOS,Femenino,2010-1,2018,Dependiente,Sin información,1,1,,"100,0%",NaN
2102-Universidad Nacional Abierta y a Distancia - UNAD,1681-TECNOLOGIA EN GESTION COMERCIAL Y DE NEGOCIOS,Femenino,2010-1,2018,Independiente,"Actividades profesionales, científicas y técnicas",1,1,,"100,0%",NaN
2102-Universidad Nacional Abierta y a Distancia - UNAD,1681-TECNOLOGIA EN GESTION COMERCIAL Y DE NEGOCIOS,Femenino,2010-1,2018,Independiente,Sin información,1,1,,"100,0%",NaN
2102-Universidad Nacional Abierta y a Distancia - UNAD,1681-TECNOLOGIA EN GESTION COMERCIAL Y DE NEGOCIOS,Femenino,2010-1,2018,No cotizante,Sin información,2,0,,"0,0%",NaN
2102-Universidad Nacional Abierta y a Distancia - UNAD,1681-TECNOLOGIA EN GESTION COMERCIAL Y DE NEGOCIOS,Femenino,2010-1,2019,Dependiente,"Actividades profesionales, científicas y técnicas",3,3,,"100,0%",NaN
2102-Universidad Nacional Abierta y a Distancia - UNAD,1681-TECNOLOGIA EN GESTION COMERCIAL Y DE NEGOCIOS,Femenino,2010-1,2019,Dependiente,Administración pública y defensa; planes de seguridad social de afiliación obligatoria,2,2,,"100,0%",NaN
2102-Universidad Nacional Abierta y a Distancia - UNAD,1681-TECNOLOGIA EN GESTION COMERCIAL Y DE NEGOCIOS,Femenino,2010-1,2019,Dependiente,Información y comunicaciones,1,1,,"100,0%",NaN
2102-Universidad Nacional Abierta y a Distancia - UNAD,1681-TECNOLOGIA EN GESTION COMERCIAL Y DE NEGOCIOS,Femenino,2010-1,2019,Independiente,"Actividades profesionales, científicas y técnicas",1,1,,"100,0%",NaN
2102-Universidad Nacional Abierta y a Distancia - UNAD,1681-TECNOLOGIA EN GESTION COMERCIAL Y DE NEGOCIOS,Femenino,2010-1,2019,No cotizante,Sin información,3,0,,"0,0%",NaN
2102-Universidad Nacional Abierta y a Distancia - UNAD,1681-TECNOLOGIA EN GESTION COMERCIAL Y DE NEGOCIOS,Femenino,2010-1,2020,Dependiente,"Actividades profesionales, científicas y técnicas",3,3,,"100,0%",NaN
2102-Universidad Nacional Abierta y a Distancia - UNAD,1681-TECNOLOGIA EN GESTION COMERCIAL Y DE NEGOCIOS,Femenino,2010-1,2020,Dependiente,Administración pública y defensa; planes de seguridad social de afiliación obligatoria,2,2,,"100,0%",NaN
2102-Universidad Nacional Abierta y a Distancia - UNAD,1681-TECNOLOGIA EN GESTION COMERCIAL Y DE NEGOCIOS,Femenino,2010-1,2020,Dependiente,Información y comunicaciones,1,1,,"100,0%",NaN
2102-Universidad Nacional Abierta y a Distancia - UNAD,1681-TECNOLOGIA EN GESTION COMERCIAL Y DE NEGOCIOS,Femenino,2010-1,2020,Independiente,"Actividades profesionales, científicas y técnicas",2,2,,"100,0%",NaN
2102-Universidad Nacional Abierta y a Distancia - UNAD,1681-TECNOLOGIA EN GESTION COMERCIAL Y DE NEGOCIOS,Femenino,2010-1,2020,No cotizante,Sin información,2,0,,"0,0%",NaN
2102-Universidad Nacional Abierta y a Distancia - UNAD,1681-TECNOLOGIA EN GESTION COMERCIAL Y DE NEGOCIOS,Femenino,2010-1,2021,Dependiente,"Actividades profesionales, científicas y técnicas",2,2,,"100,0%",NaN
2102-Universidad Nacional Abierta y a Distancia - UNAD,1681-TECNOLOGIA EN GESTION COMERCIAL Y DE NEGOCIOS,Femenino,2010-1,2021,Dependiente,Administración pública y defensa; planes de seguridad social de afiliación obligatoria,2,2,,"100,0%",NaN
2102-Universidad Nacional Abierta y a Distancia - UNAD,1681-TECNOLOGIA EN GESTION COMERCIAL Y DE NEGOCIOS,Femenino,2010-1,2021,Dependiente,Industrias manufactureras,1,1,,"100,0%",NaN
2102-Universidad Nacional Abierta y a Distancia - UNAD,1681-TECNOLOGIA EN GESTION COMERCIAL Y DE NEGOCIOS,Femenino,2010-1,2021,Dependiente,Información y comunicaciones,1,1,,"100,0%",NaN
2102-Universidad Nacional Abierta y a Distancia - UNAD,1681-TECNOLOGIA EN GESTION COMERCIAL Y DE NEGOCIOS,Femenino,2010-1,2021,Independiente,"Actividades profesionales, científicas y técnicas",1,1,,"100,0%",NaN
2102-Universidad Nacional Abierta y a Distancia - UNAD,1681-TECNOLOGIA EN GESTION COMERCIAL Y DE NEGOCIOS,Femenino,2010-1,2021,No cotizante,Sin información,2,0,,"0,0%",NaN
2102-Universidad Nacional Abierta y a Distancia - UNAD,1681-TECNOLOGIA EN GESTION COMERCIAL Y DE NEGOCIOS,Femenino,2010-1,2022,Dependiente,Actividades financieras y de seguros,1,1,,"100,0%",NaN
2102-Universidad Nacional Abierta y a Distancia - UNAD,1681-TECNOLOGIA EN GESTION COMERCIAL Y DE NEGOCIOS,Femenino,2010-1,2022,Dependiente,"Actividades profesionales, científicas y técnicas",1,1,,"100,0%",NaN
2102-Universidad Nacional Abierta y a Distancia - UNAD,1681-TECNOLOGIA EN GESTION COMERCIAL Y DE NEGOCIOS,Femenino,2010-1,2022,Dependiente,Administración pública y defensa; planes de seguridad social de afiliación obligatoria,2,2,,"100,0%",NaN
2102-Universidad Nacional Abierta y a Distancia - UNAD,1681-TECNOLOGIA EN GESTION COMERCIAL Y DE NEGOCIOS,Femenino,2010-1,2022,Dependiente,Comercio al por mayor y al por menor; reparación de vehículos automotores y motocicletas,1,1,,"100,0%",NaN
2102-Universidad Nacional Abierta y a Distancia - UNAD,1681-TECNOLOGIA EN GESTION COMERCIAL Y DE NEGOCIOS,Femenino,2010-1,2022,Dependiente,Información y comunicaciones,1,1,,"100,0%",NaN
2102-Universidad Nacional Abierta y a Distancia - UNAD,1681-TECNOLOGIA EN GESTION COMERCIAL Y DE NEGOCIOS,Femenino,2010-1,2022,Independiente,"Actividades profesionales, científicas y técnicas",1,1,,"100,0%",NaN
2102-Universidad Nacional Abierta y a Distancia - UNAD,1681-TECNOLOGIA EN GESTION COMERCIAL Y DE NEGOCIOS,Femenino,2010-1,2022,No cotizante,SIN DATO,2,0,,"0,0%",NaN
2102-Universidad Nacional Abierta y a Distancia - UNAD,1681-TECNOLOGIA EN GESTION COMERCIAL Y DE NEGOCIOS,Femenino,2010-1,2023,Dependiente,Actividades financieras y de seguros,1,1,,"100,0%",NaN
2102-Universidad Nacional Abierta y a Distancia - UNAD,1681-TECNOLOGIA EN GESTION COMERCIAL Y DE NEGOCIOS,Femenino,2010-1,2023,Dependiente,"Actividades profesionales, científicas y técnicas",1,1,,"100,0%",NaN
2102-Universidad Nacional Abierta y a Distancia - UNAD,1681-TECNOLOGIA EN GESTION COMERCIAL Y DE NEGOCIOS,Femenino,2010-1,2023,Dependiente,Administración pública y defensa; planes de seguridad social de afiliación obligatoria,2,2,,"100,0%",NaN
2102-Universidad Nacional Abierta y a Distancia - UNAD,1681-TECNOLOGIA EN GESTION COMERCIAL Y DE NEGOCIOS,Femenino,2010-1,2023,Dependiente,Información y comunicaciones,1,1,,"100,0%",NaN
2102-Universidad Nacional Abierta y a Distancia - UNAD,1681-TECNOLOGIA EN GESTION COMERCIAL Y DE NEGOCIOS,Femenino,2010-1,2023,No cotizante,SIN DATO,4,0,,"0,0%",NaN
2102-Universidad Nacional Abierta y a Distancia - UNAD,1681-TECNOLOGIA EN GESTION COMERCIAL Y DE NEGOCIOS,Masculino,2010-1,2016,Dependiente,"Actividades profesionales, científicas y técnicas",2,2,,"100,0%",$2.653.000
2102-Universidad Nacional Abierta y a Distancia - UNAD,1681-TECNOLOGIA EN GESTION COMERCIAL Y DE NEGOCIOS,Masculino,2010-1,2016,Dependiente,Administración pública y defensa; planes de seguridad social de afiliación obligatoria,1,1,,"100,0%",$3.022.000
2102-Universidad Nacional Abierta y a Distancia - UNAD,1681-TECNOLOGIA EN GESTION COMERCIAL Y DE NEGOCIOS,Masculino,2010-1,2016,Dependiente,Educación,1,1,,"100,0%",$2.220.000
2102-Universidad Nacional Abierta y a Distancia - UNAD,1681-TECNOLOGIA EN GESTION COMERCIAL Y DE NEGOCIOS,Masculino,2010-1,2016,No cotizante,Sin información,2,0,,"0,0%",NaN
2102-Universidad Nacional Abierta y a Distancia - UNAD,1681-TECNOLOGIA EN GESTION COMERCIAL Y DE NEGOCIOS,Masculino,2010-1,2017,Dependiente,"Actividades profesionales, científicas y técnicas",2,2,,"100,0%",NaN
2102-Universidad Nacional Abierta y a Distancia - UNAD,1681-TECNOLOGIA EN GESTION COMERCIAL Y DE NEGOCIOS,Masculino,2010-1,2017,Dependiente,Administración pública y defensa; planes de seguridad social de afiliación obligatoria,1,1,,"100,0%",NaN
2102-Universidad Nacional Abierta y a Distancia - UNAD,1681-TECNOLOGIA EN GESTION COMERCIAL Y DE NEGOCIOS,Masculino,2010-1,2017,Dependiente,"Suministro de electricidad, gas, vapor y aire acondicionado",1,1,,"100,0%",NaN
2102-Universidad Nacional Abierta y a Distancia - UNAD,1681-TECNOLOGIA EN GESTION COMERCIAL Y DE NEGOCIOS,Masculino,2010-1,2017,No cotizante,Sin información,2,0,,"0,0%",NaN
2102-Universidad Nacional Abierta y a Distancia - UNAD,1681-TECNOLOGIA EN GESTION COMERCIAL Y DE NEGOCIOS,Masculino,2010-1,2018,Dependiente,"Actividades profesionales, científicas y técnicas",2,2,,"100,0%",NaN
2102-Universidad Nacional Abierta y a Distancia - UNAD,1681-TECNOLOGIA EN GESTION COMERCIAL Y DE NEGOCIOS,Masculino,2010-1,2018,Dependiente,Administración pública y defensa; planes de seguridad social de afiliación obligatoria,1,1,,"100,0%",NaN
2102-Universidad Nacional Abierta y a Distancia - UNAD,1681-TECNOLOGIA EN GESTION COMERCIAL Y DE NEGOCIOS,Masculino,2010-1,2018,Dependiente,Sin información,1,1,,"100,0%",NaN
2102-Universidad Nacional Abierta y a Distancia - UNAD,1681-TECNOLOGIA EN GESTION COMERCIAL Y DE NEGOCIOS,Masculino,2010-1,2018,Dependiente,"Suministro de electricidad, gas, vapor y aire acondicionado",1,1,,"100,0%",NaN
2102-Universidad Nacional Abierta y a Distancia - UNAD,1681-TECNOLOGIA EN GESTION COMERCIAL Y DE NEGOCIOS,Masculino,2010-1,2018,No cotizante,Sin información,1,0,,"0,0%",NaN
2102-Universidad Nacional Abierta y a Distancia - UNAD,1681-TECNOLOGIA EN GESTION COMERCIAL Y DE NEGOCIOS,Masculino,2010-1,2019,Dependiente,"Actividades profesionales, científicas y técnicas",2,2,,"100,0%",NaN
2102-Universidad Nacional Abierta y a Distancia - UNAD,1681-TECNOLOGIA EN GESTION COMERCIAL Y DE NEGOCIOS,Masculino,2010-1,2019,Dependiente,Administración pública y defensa; planes de seguridad social de afiliación obligatoria,1,1,,"100,0%",NaN
2102-Universidad Nacional Abierta y a Distancia - UNAD,1681-TECNOLOGIA EN GESTION COMERCIAL Y DE NEGOCIOS,Masculino,2010-1,2019,Dependiente,"Suministro de electricidad, gas, vapor y aire acondicionado",1,1,,"100,0%",NaN
2102-Universidad Nacional Abierta y a Distancia - UNAD,1681-TECNOLOGIA EN GESTION COMERCIAL Y DE NEGOCIOS,Masculino,2010-1,2019,Independiente,Administración pública y defensa; planes de seguridad social de afiliación obligatoria,1,1,,"100,0%",NaN
2102-Universidad Nacional Abierta y a Distancia - UNAD,1681-TECNOLOGIA EN GESTION COMERCIAL Y DE NEGOCIOS,Masculino,2010-1,2020,Dependiente,"Actividades profesionales, científicas y técnicas",2,2,,"100,0%",NaN
2102-Universidad Nacional Abierta y a Distancia - UNAD,1681-TECNOLOGIA EN GESTION COMERCIAL Y DE NEGOCIOS,Masculino,2010-1,2020,Dependiente,Administración pública y defensa; planes de seguridad social de afiliación obligatoria,1,1,,"100,0%",NaN
2102-Universidad Nacional Abierta y a Distancia - UNAD,1681-TECNOLOGIA EN GESTION COMERCIAL Y DE NEGOCIOS,Masculino,2010-1,2020,Independiente,Administración pública y defensa; planes de seguridad social de afiliación obligatoria,1,1,,"100,0%",NaN
2102-Universidad Nacional Abierta y a Distancia - UNAD,1681-TECNOLOGIA EN GESTION COMERCIAL Y DE NEGOCIOS,Masculino,2010-1,2021,Dependiente,"Actividades profesionales, científicas y técnicas",1,1,,"100,0%",NaN
2102-Universidad Nacional Abierta y a Distancia - UNAD,1681-TECNOLOGIA EN GESTION COMERCIAL Y DE NEGOCIOS,Masculino,2010-1,2021,Dependiente,Administración pública y defensa; planes de seguridad social de afiliación obligatoria,1,1,,"100,0%",NaN
2102-Universidad Nacional Abierta y a Distancia - UNAD,1681-TECNOLOGIA EN GESTION COMERCIAL Y DE NEGOCIOS,Masculino,2010-1,2021,Dependiente,"Suministro de electricidad, gas, vapor y aire acondicionado",1,1,,"100,0%",NaN
2102-Universidad Nacional Abierta y a Distancia - UNAD,1681-TECNOLOGIA EN GESTION COMERCIAL Y DE NEGOCIOS,Masculino,2010-1,2021,Independiente,Administración pública y defensa; planes de seguridad social de afiliación obligatoria,1,1,,"100,0%",NaN
2102-Universidad Nacional Abierta y a Distancia - UNAD,1681-TECNOLOGIA EN GESTION COMERCIAL Y DE NEGOCIOS,Masculino,2010-1,2022,Dependiente,"Actividades profesionales, científicas y técnicas",2,2,,"100,0%",NaN
2102-Universidad Nacional Abierta y a Distancia - UNAD,1681-TECNOLOGIA EN GESTION COMERCIAL Y DE NEGOCIOS,Masculino,2010-1,2022,Dependiente,Administración pública y defensa; planes de seguridad social de afiliación obligatoria,1,1,,"100,0%",NaN
2102-Universidad Nacional Abierta y a Distancia - UNAD,1681-TECNOLOGIA EN GESTION COMERCIAL Y DE NEGOCIOS,Masculino,2010-1,2022,Independiente,Administración pública y defensa; planes de seguridad social de afiliación obligatoria,1,1,,"100,0%",NaN
2102-Universidad Nacional Abierta y a Distancia - UNAD,1681-TECNOLOGIA EN GESTION COMERCIAL Y DE NEGOCIOS,Masculino,2010-1,2023,Dependiente,"Actividades profesionales, científicas y técnicas",1,1,,"100,0%",NaN
2102-Universidad Nacional Abierta y a Distancia - UNAD,1681-TECNOLOGIA EN GESTION COMERCIAL Y DE NEGOCIOS,Masculino,2010-1,2023,Dependiente,"Suministro de electricidad, gas, vapor y aire acondicionado",1,1,,"100,0%",NaN
2102-Universidad Nacional Abierta y a Distancia - UNAD,1681-TECNOLOGIA EN GESTION COMERCIAL Y DE NEGOCIOS,Masculino,2010-1,2023,No cotizante,SIN DATO,1,0,,"0,0%",NaN
2102-Universidad Nacional Abierta y a Distancia - UNAD,1679-TECNOLOGIA EN GESTION DE OBRAS CIVILES Y CONSTRUCCIONES,Femenino,2010-1,2016,Dependiente,Construccion,1,1,,"100,0%",$4.200.000
2102-Universidad Nacional Abierta y a Distancia - UNAD,1679-TECNOLOGIA EN GESTION DE OBRAS CIVILES Y CONSTRUCCIONES,Masculino,2010-1,2016,Dependiente,Explotación de minas y canteras,1,1,,"100,0%",$1.700.000
2102-Universidad Nacional Abierta y a Distancia - UNAD,1679-TECNOLOGIA EN GESTION DE OBRAS CIVILES Y CONSTRUCCIONES,Masculino,2010-1,2017,Dependiente,Comercio al por mayor y al por menor; reparación de vehículos automotores y motocicletas,1,1,,"100,0%",NaN
1710-Universidad Pontificia Bolivariana,11167-ESPECIALIZACION EN PERIODISMO ELECTRONICO,Femenino,2010-1,2016,Dependiente,"Agricultura, ganadería, caza, silvicultura y pesca",1,1,,"100,0%",$3.500.000
1710-Universidad Pontificia Bolivariana,11167-ESPECIALIZACION EN PERIODISMO ELECTRONICO,Femenino,2010-1,2016,No cotizante,Sin información,1,0,,"0,0%",NaN
1710-Universidad Pontificia Bolivariana,11167-ESPECIALIZACION EN PERIODISMO ELECTRONICO,Femenino,2010-1,2017,Dependiente,"Agricultura, ganadería, caza, silvicultura y pesca",1,1,,"100,0%",NaN
1710-Universidad Pontificia Bolivariana,11167-ESPECIALIZACION EN PERIODISMO ELECTRONICO,Femenino,2010-1,2017,Dependiente,Sin información,1,1,,"100,0%",NaN
1710-Universidad Pontificia Bolivariana,11167-ESPECIALIZACION EN PERIODISMO ELECTRONICO,Femenino,2010-1,2018,Dependiente,"Agricultura, ganadería, caza, silvicultura y pesca",1,1,,"100,0%",NaN
1710-Universidad Pontificia Bolivariana,11167-ESPECIALIZACION EN PERIODISMO ELECTRONICO,Femenino,2010-1,2018,Independiente,Sin información,1,1,,"100,0%",NaN
1710-Universidad Pontificia Bolivariana,11167-ESPECIALIZACION EN PERIODISMO ELECTRONICO,Femenino,2010-1,2019,Dependiente,"Agricultura, ganadería, caza, silvicultura y pesca",1,1,,"100,0%",NaN
1710-Universidad Pontificia Bolivariana,11167-ESPECIALIZACION EN PERIODISMO ELECTRONICO,Femenino,2010-1,2019,No cotizante,Sin información,1,0,,"0,0%",NaN
1710-Universidad Pontificia Bolivariana,11167-ESPECIALIZACION EN PERIODISMO ELECTRONICO,Femenino,2010-1,2020,Dependiente,"Agricultura, ganadería, caza, silvicultura y pesca",1,1,,"100,0%",NaN
1710-Universidad Pontificia Bolivariana,11167-ESPECIALIZACION EN PERIODISMO ELECTRONICO,Femenino,2010-1,2020,No cotizante,Sin información,1,0,,"0,0%",NaN
1710-Universidad Pontificia Bolivariana,11167-ESPECIALIZACION EN PERIODISMO ELECTRONICO,Femenino,2010-1,2021,Dependiente,"Agricultura, ganadería, caza, silvicultura y pesca",1,1,,"100,0%",NaN
1710-Universidad Pontificia Bolivariana,11167-ESPECIALIZACION EN PERIODISMO ELECTRONICO,Femenino,2010-1,2021,No cotizante,Sin información,1,0,,"0,0%",NaN
1710-Universidad Pontificia Bolivariana,11167-ESPECIALIZACION EN PERIODISMO ELECTRONICO,Femenino,2010-1,2022,Dependiente,"Agricultura, ganadería, caza, silvicultura y pesca",1,1,,"100,0%",NaN
1710-Universidad Pontificia Bolivariana,11167-ESPECIALIZACION EN PERIODISMO ELECTRONICO,Femenino,2010-1,2022,No cotizante,SIN DATO,1,0,,"0,0%",NaN
1710-Universidad Pontificia Bolivariana,11167-ESPECIALIZACION EN PERIODISMO ELECTRONICO,Femenino,2010-1,2023,Dependiente,"Agricultura, ganadería, caza, silvicultura y pesca",1,1,,"100,0%",NaN
1710-Universidad Pontificia Bolivariana,11167-ESPECIALIZACION EN PERIODISMO ELECTRONICO,Femenino,2010-1,2023,No cotizante,SIN DATO,1,0,,"0,0%",NaN
1710-Universidad Pontificia Bolivariana,11167-ESPECIALIZACION EN PERIODISMO ELECTRONICO,Masculino,2010-1,2016,Independiente,Educación,1,1,,"100,0%",NaN
1710-Universidad Pontificia Bolivariana,11167-ESPECIALIZACION EN PERIODISMO ELECTRONICO,Masculino,2010-1,2017,Independiente,Sin información,1,1,,"100,0%",NaN
1710-Universidad Pontificia Bolivariana,11167-ESPECIALIZACION EN PERIODISMO ELECTRONICO,Masculino,2010-1,2018,Dependiente,Actividades de servicios administrativos y de apoyo,1,1,,"100,0%",NaN
1710-Universidad Pontificia Bolivariana,11167-ESPECIALIZACION EN PERIODISMO ELECTRONICO,Masculino,2010-1,2019,Dependiente,Actividades de servicios administrativos y de apoyo,1,1,,"100,0%",NaN
1710-Universidad Pontificia Bolivariana,11167-ESPECIALIZACION EN PERIODISMO ELECTRONICO,Masculino,2010-1,2020,Independiente,Administración pública y defensa; planes de seguridad social de afiliación obligatoria,1,1,,"100,0%",NaN
1710-Universidad Pontificia Bolivariana,11167-ESPECIALIZACION EN PERIODISMO ELECTRONICO,Masculino,2010-1,2021,Dependiente,Educación,1,1,,"100,0%",NaN
1710-Universidad Pontificia Bolivariana,11167-ESPECIALIZACION EN PERIODISMO ELECTRONICO,Masculino,2010-1,2022,Dependiente,Actividades de servicios administrativos y de apoyo,1,1,,"100,0%",NaN
1710-Universidad Pontificia Bolivariana,11167-ESPECIALIZACION EN PERIODISMO ELECTRONICO,Masculino,2010-1,2023,Dependiente,Actividades de servicios administrativos y de apoyo,1,1,,"100,0%",NaN
1805-Universidad Santiago de Cali,53072-ESPECIALIZACION EN DERECHO ADMINISTRATIVO,Femenino,2010-1,2016,No cotizante,Sin información,1,0,,"0,0%",NaN
1805-Universidad Santiago de Cali,53072-ESPECIALIZACION EN DERECHO ADMINISTRATIVO,Femenino,2010-1,2017,No cotizante,Sin información,1,0,,"0,0%",NaN
1805-Universidad Santiago de Cali,53072-ESPECIALIZACION EN DERECHO ADMINISTRATIVO,Femenino,2010-1,2018,No cotizante,Sin información,1,0,,"0,0%",NaN
1805-Universidad Santiago de Cali,53072-ESPECIALIZACION EN DERECHO ADMINISTRATIVO,Femenino,2010-1,2019,No cotizante,Sin información,1,0,,"0,0%",NaN
1805-Universidad Santiago de Cali,53072-ESPECIALIZACION EN DERECHO ADMINISTRATIVO,Femenino,2010-1,2020,No cotizante,Sin información,1,0,,"0,0%",NaN
1805-Universidad Santiago de Cali,53072-ESPECIALIZACION EN DERECHO ADMINISTRATIVO,Femenino,2010-1,2021,No cotizante,Sin información,1,0,,"0,0%",NaN
1805-Universidad Santiago de Cali,53072-ESPECIALIZACION EN DERECHO ADMINISTRATIVO,Femenino,2010-1,2022,No cotizante,SIN DATO,1,0,,"0,0%",NaN
1805-Universidad Santiago de Cali,53072-ESPECIALIZACION EN DERECHO ADMINISTRATIVO,Femenino,2010-1,2023,No cotizante,SIN DATO,1,0,,"0,0%",NaN
1805-Universidad Santiago de Cali,53072-ESPECIALIZACION EN DERECHO ADMINISTRATIVO,Masculino,2010-1,2016,Dependiente,Administración pública y defensa; planes de seguridad social de afiliación obligatoria,2,2,,"100,0%",$4.584.500
1805-Universidad Santiago de Cali,53072-ESPECIALIZACION EN DERECHO ADMINISTRATIVO,Masculino,2010-1,2016,Dependiente,Educación,2,2,,"100,0%",$2.157.500
1805-Universidad Santiago de Cali,53072-ESPECIALIZACION EN DERECHO ADMINISTRATIVO,Masculino,2010-1,2016,Dependiente,Información y comunicaciones,1,1,,"100,0%",$3.458.000
1805-Universidad Santiago de Cali,53072-ESPECIALIZACION EN DERECHO ADMINISTRATIVO,Masculino,2010-1,2016,Independiente,"Actividades profesionales, científicas y técnicas",2,2,,"100,0%",NaN
1805-Universidad Santiago de Cali,53072-ESPECIALIZACION EN DERECHO ADMINISTRATIVO,Masculino,2010-1,2016,Independiente,Sin información,1,1,,"100,0%",NaN
1805-Universidad Santiago de Cali,53072-ESPECIALIZACION EN DERECHO ADMINISTRATIVO,Masculino,2010-1,2016,No cotizante,Sin información,1,0,,"0,0%",NaN
1805-Universidad Santiago de Cali,53072-ESPECIALIZACION EN DERECHO ADMINISTRATIVO,Masculino,2010-1,2017,Dependiente,Administración pública y defensa; planes de seguridad social de afiliación obligatoria,1,1,,"100,0%",NaN
1805-Universidad Santiago de Cali,53072-ESPECIALIZACION EN DERECHO ADMINISTRATIVO,Masculino,2010-1,2017,Dependiente,Educación,2,2,,"100,0%",NaN
1805-Universidad Santiago de Cali,53072-ESPECIALIZACION EN DERECHO ADMINISTRATIVO,Masculino,2010-1,2017,Dependiente,Información y comunicaciones,1,1,,"100,0%",NaN
1805-Universidad Santiago de Cali,53072-ESPECIALIZACION EN DERECHO ADMINISTRATIVO,Masculino,2010-1,2017,Dependiente,Sin información,1,1,,"100,0%",NaN
1805-Universidad Santiago de Cali,53072-ESPECIALIZACION EN DERECHO ADMINISTRATIVO,Masculino,2010-1,2017,Independiente,Otras actividades de servicios,1,1,,"100,0%",NaN
1805-Universidad Santiago de Cali,53072-ESPECIALIZACION EN DERECHO ADMINISTRATIVO,Masculino,2010-1,2017,Independiente,Sin información,1,1,,"100,0%",NaN
1805-Universidad Santiago de Cali,53072-ESPECIALIZACION EN DERECHO ADMINISTRATIVO,Masculino,2010-1,2017,No cotizante,Sin información,2,0,,"0,0%",NaN
1805-Universidad Santiago de Cali,53072-ESPECIALIZACION EN DERECHO ADMINISTRATIVO,Masculino,2010-1,2018,Dependiente,Actividades de servicios administrativos y de apoyo,1,1,,"100,0%",NaN
1805-Universidad Santiago de Cali,53072-ESPECIALIZACION EN DERECHO ADMINISTRATIVO,Masculino,2010-1,2018,Dependiente,Administración pública y defensa; planes de seguridad social de afiliación obligatoria,1,1,,"100,0%",NaN
1805-Universidad Santiago de Cali,53072-ESPECIALIZACION EN DERECHO ADMINISTRATIVO,Masculino,2010-1,2018,Dependiente,Educación,1,1,,"100,0%",NaN
1805-Universidad Santiago de Cali,53072-ESPECIALIZACION EN DERECHO ADMINISTRATIVO,Masculino,2010-1,2018,Dependiente,Información y comunicaciones,1,1,,"100,0%",NaN
1805-Universidad Santiago de Cali,53072-ESPECIALIZACION EN DERECHO ADMINISTRATIVO,Masculino,2010-1,2018,Dependiente,Sin información,1,1,,"100,0%",NaN
1805-Universidad Santiago de Cali,53072-ESPECIALIZACION EN DERECHO ADMINISTRATIVO,Masculino,2010-1,2018,Independiente,Otras actividades de servicios,1,1,,"100,0%",NaN
1805-Universidad Santiago de Cali,53072-ESPECIALIZACION EN DERECHO ADMINISTRATIVO,Masculino,2010-1,2018,Independiente,Sin información,1,1,,"100,0%",NaN
1805-Universidad Santiago de Cali,53072-ESPECIALIZACION EN DERECHO ADMINISTRATIVO,Masculino,2010-1,2018,No cotizante,Sin información,2,0,,"0,0%",NaN
1805-Universidad Santiago de Cali,53072-ESPECIALIZACION EN DERECHO ADMINISTRATIVO,Masculino,2010-1,2019,Dependiente,Actividades de servicios administrativos y de apoyo,1,1,,"100,0%",NaN
1805-Universidad Santiago de Cali,53072-ESPECIALIZACION EN DERECHO ADMINISTRATIVO,Masculino,2010-1,2019,Dependiente,"Actividades profesionales, científicas y técnicas",1,1,,"100,0%",NaN
1805-Universidad Santiago de Cali,53072-ESPECIALIZACION EN DERECHO ADMINISTRATIVO,Masculino,2010-1,2019,Dependiente,Administración pública y defensa; planes de seguridad social de afiliación obligatoria,1,1,,"100,0%",NaN
1805-Universidad Santiago de Cali,53072-ESPECIALIZACION EN DERECHO ADMINISTRATIVO,Masculino,2010-1,2019,Dependiente,Educación,1,1,,"100,0%",NaN
1805-Universidad Santiago de Cali,53072-ESPECIALIZACION EN DERECHO ADMINISTRATIVO,Masculino,2010-1,2019,Dependiente,Información y comunicaciones,1,1,,"100,0%",NaN
1805-Universidad Santiago de Cali,53072-ESPECIALIZACION EN DERECHO ADMINISTRATIVO,Masculino,2010-1,2019,Independiente,"Actividades profesionales, científicas y técnicas",1,1,,"100,0%",NaN
1805-Universidad Santiago de Cali,53072-ESPECIALIZACION EN DERECHO ADMINISTRATIVO,Masculino,2010-1,2019,No cotizante,Sin información,2,0,,"0,0%",NaN
1805-Universidad Santiago de Cali,53072-ESPECIALIZACION EN DERECHO ADMINISTRATIVO,Masculino,2010-1,2020,Dependiente,Actividades de servicios administrativos y de apoyo,1,1,,"100,0%",NaN
1805-Universidad Santiago de Cali,53072-ESPECIALIZACION EN DERECHO ADMINISTRATIVO,Masculino,2010-1,2020,Dependiente,"Actividades profesionales, científicas y técnicas",1,1,,"100,0%",NaN
1805-Universidad Santiago de Cali,53072-ESPECIALIZACION EN DERECHO ADMINISTRATIVO,Masculino,2010-1,2020,Dependiente,Educación,1,1,,"100,0%",NaN
1805-Universidad Santiago de Cali,53072-ESPECIALIZACION EN DERECHO ADMINISTRATIVO,Masculino,2010-1,2020,Dependiente,Información y comunicaciones,1,1,,"100,0%",NaN
1805-Universidad Santiago de Cali,53072-ESPECIALIZACION EN DERECHO ADMINISTRATIVO,Masculino,2010-1,2020,Independiente,Actividades inmobiliarias,1,1,,"100,0%",NaN
1805-Universidad Santiago de Cali,53072-ESPECIALIZACION EN DERECHO ADMINISTRATIVO,Masculino,2010-1,2020,Independiente,"Actividades profesionales, científicas y técnicas",3,3,,"100,0%",NaN
1805-Universidad Santiago de Cali,53072-ESPECIALIZACION EN DERECHO ADMINISTRATIVO,Masculino,2010-1,2021,Dependiente,"Actividades profesionales, científicas y técnicas",1,1,,"100,0%",NaN
1805-Universidad Santiago de Cali,53072-ESPECIALIZACION EN DERECHO ADMINISTRATIVO,Masculino,2010-1,2021,Dependiente,Administración pública y defensa; planes de seguridad social de afiliación obligatoria,2,2,,"100,0%",NaN
1805-Universidad Santiago de Cali,53072-ESPECIALIZACION EN DERECHO ADMINISTRATIVO,Masculino,2010-1,2021,Dependiente,Información y comunicaciones,1,1,,"100,0%",NaN
1805-Universidad Santiago de Cali,53072-ESPECIALIZACION EN DERECHO ADMINISTRATIVO,Masculino,2010-1,2021,Independiente,Actividades inmobiliarias,1,1,,"100,0%",NaN
1805-Universidad Santiago de Cali,53072-ESPECIALIZACION EN DERECHO ADMINISTRATIVO,Masculino,2010-1,2021,Independiente,"Actividades profesionales, científicas y técnicas",3,3,,"100,0%",NaN
1805-Universidad Santiago de Cali,53072-ESPECIALIZACION EN DERECHO ADMINISTRATIVO,Masculino,2010-1,2022,Dependiente,Administración pública y defensa; planes de seguridad social de afiliación obligatoria,4,4,,"100,0%",NaN
1805-Universidad Santiago de Cali,53072-ESPECIALIZACION EN DERECHO ADMINISTRATIVO,Masculino,2010-1,2022,Independiente,Actividades inmobiliarias,1,1,,"100,0%",NaN
1805-Universidad Santiago de Cali,53072-ESPECIALIZACION EN DERECHO ADMINISTRATIVO,Masculino,2010-1,2022,Independiente,"Actividades profesionales, científicas y técnicas",3,3,,"100,0%",NaN
1805-Universidad Santiago de Cali,53072-ESPECIALIZACION EN DERECHO ADMINISTRATIVO,Masculino,2010-1,2023,Dependiente,Actividades de servicios administrativos y de apoyo,1,1,,"100,0%",NaN
1805-Universidad Santiago de Cali,53072-ESPECIALIZACION EN DERECHO ADMINISTRATIVO,Masculino,2010-1,2023,Dependiente,Administración pública y defensa; planes de seguridad social de afiliación obligatoria,2,2,,"100,0%",NaN
1805-Universidad Santiago de Cali,53072-ESPECIALIZACION EN DERECHO ADMINISTRATIVO,Masculino,2010-1,2023,Dependiente,Educación,1,1,,"100,0%",NaN
1805-Universidad Santiago de Cali,53072-ESPECIALIZACION EN DERECHO ADMINISTRATIVO,Masculino,2010-1,2023,Independiente,Actividades inmobiliarias,1,1,,"100,0%",NaN
1805-Universidad Santiago de Cali,53072-ESPECIALIZACION EN DERECHO ADMINISTRATIVO,Masculino,2010-1,2023,Independiente,"Actividades profesionales, científicas y técnicas",2,2,,"100,0%",NaN
1805-Universidad Santiago de Cali,53072-ESPECIALIZACION EN DERECHO ADMINISTRATIVO,Masculino,2010-1,2023,Independiente,Otras actividades de servicios,1,1,,"100,0%",NaN
1705-Universidad Santo Tomás,4243-ESPECIALIZACION EN FINANZAS PUBLICAS,Femenino,2010-1,2020,Dependiente,Administración pública y defensa; planes de seguridad social de afiliación obligatoria,2,2,,"100,0%",NaN
1705-Universidad Santo Tomás,4243-ESPECIALIZACION EN FINANZAS PUBLICAS,Femenino,2010-1,2020,Independiente,"Actividades profesionales, científicas y técnicas",1,1,,"100,0%",NaN
1705-Universidad Santo Tomás,4243-ESPECIALIZACION EN FINANZAS PUBLICAS,Femenino,2010-1,2020,No cotizante,Sin información,1,0,,"0,0%",NaN
1705-Universidad Santo Tomás,4243-ESPECIALIZACION EN FINANZAS PUBLICAS,Masculino,2010-1,2020,Dependiente,"Actividades profesionales, científicas y técnicas",1,1,,"100,0%",NaN
1705-Universidad Santo Tomás,4243-ESPECIALIZACION EN FINANZAS PUBLICAS,Masculino,2010-1,2020,Dependiente,Construccion,1,1,,"100,0%",NaN
1832-Universidad Tecnológica de Bolívar,103911-CONTADURIA PUBLICA,Femenino,2010-1,2017,Independiente,"Actividades profesionales, científicas y técnicas",1,1,,"100,0%",NaN
1832-Universidad Tecnológica de Bolívar,103911-CONTADURIA PUBLICA,Femenino,2010-1,2018,Independiente,"Actividades profesionales, científicas y técnicas",1,1,,"100,0%",NaN
1832-Universidad Tecnológica de Bolívar,103911-CONTADURIA PUBLICA,Femenino,2010-1,2019,Independiente,"Actividades profesionales, científicas y técnicas",1,1,,"100,0%",NaN
1832-Universidad Tecnológica de Bolívar,103911-CONTADURIA PUBLICA,Femenino,2010-1,2020,Independiente,"Actividades profesionales, científicas y técnicas",1,1,,"100,0%",NaN
1832-Universidad Tecnológica de Bolívar,103911-CONTADURIA PUBLICA,Femenino,2010-1,2021,Independiente,"Actividades profesionales, científicas y técnicas",1,1,,"100,0%",NaN
1832-Universidad Tecnológica de Bolívar,103911-CONTADURIA PUBLICA,Femenino,2010-1,2022,No cotizante,SIN DATO,1,0,,"0,0%",NaN
1832-Universidad Tecnológica de Bolívar,103911-CONTADURIA PUBLICA,Femenino,2010-1,2023,No cotizante,SIN DATO,1,0,,"0,0%",NaN
1212-Universidad de Pamplona,11411-ESPECIALIZACION EN GESTION DE PROYECTOS INFORMATICOS,Femenino,2010-1,2016,Dependiente,Actividades inmobiliarias,1,1,,"100,0%",$689.455
1212-Universidad de Pamplona,11411-ESPECIALIZACION EN GESTION DE PROYECTOS INFORMATICOS,Femenino,2010-1,2016,Dependiente,"Actividades profesionales, científicas y técnicas",193,193,,"100,0%",$3.136.603
1212-Universidad de Pamplona,11411-ESPECIALIZACION EN GESTION DE PROYECTOS INFORMATICOS,Femenino,2010-1,2016,Dependiente,Administración pública y defensa; planes de seguridad social de afiliación obligatoria,135,135,,"100,0%",$3.158.380
1212-Universidad de Pamplona,11411-ESPECIALIZACION EN GESTION DE PROYECTOS INFORMATICOS,Femenino,2010-1,2016,Dependiente,Comercio al por mayor y al por menor; reparación de vehículos automotores y motocicletas,1,1,,"100,0%",$830.000
1212-Universidad de Pamplona,11411-ESPECIALIZACION EN GESTION DE PROYECTOS INFORMATICOS,Femenino,2010-1,2016,Dependiente,Educación,5,5,,"100,0%",$2.350.400
1212-Universidad de Pamplona,11411-ESPECIALIZACION EN GESTION DE PROYECTOS INFORMATICOS,Femenino,2010-1,2016,Dependiente,Información y comunicaciones,1,1,,"100,0%",$4.212.000
1212-Universidad de Pamplona,11411-ESPECIALIZACION EN GESTION DE PROYECTOS INFORMATICOS,Femenino,2010-1,2016,Dependiente,Otras actividades de servicios,1,1,,"100,0%",$1.368.000
1212-Universidad de Pamplona,11411-ESPECIALIZACION EN GESTION DE PROYECTOS INFORMATICOS,Femenino,2010-1,2016,Dependiente,Sin información,4,4,,"100,0%",$3.177.428
1212-Universidad de Pamplona,11411-ESPECIALIZACION EN GESTION DE PROYECTOS INFORMATICOS,Femenino,2010-1,2016,Independiente,Educación,1,1,,"100,0%",NaN
1212-Universidad de Pamplona,11411-ESPECIALIZACION EN GESTION DE PROYECTOS INFORMATICOS,Femenino,2010-1,2016,Independiente,Información y comunicaciones,1,1,,"100,0%",NaN
1212-Universidad de Pamplona,11411-ESPECIALIZACION EN GESTION DE PROYECTOS INFORMATICOS,Femenino,2010-1,2016,Independiente,Sin información,2,2,,"100,0%",NaN
1212-Universidad de Pamplona,11411-ESPECIALIZACION EN GESTION DE PROYECTOS INFORMATICOS,Femenino,2010-1,2016,No cotizante,Sin información,36,0,,"0,0%",NaN
1212-Universidad de Pamplona,11411-ESPECIALIZACION EN GESTION DE PROYECTOS INFORMATICOS,Femenino,2010-1,2017,Dependiente,Actividades de organizaciones y entidades extraterritoriales,27,27,,"100,0%",NaN
1212-Universidad de Pamplona,11411-ESPECIALIZACION EN GESTION DE PROYECTOS INFORMATICOS,Femenino,2010-1,2017,Dependiente,"Actividades profesionales, científicas y técnicas",224,224,,"100,0%",NaN
1212-Universidad de Pamplona,11411-ESPECIALIZACION EN GESTION DE PROYECTOS INFORMATICOS,Femenino,2010-1,2017,Dependiente,Administración pública y defensa; planes de seguridad social de afiliación obligatoria,35,35,,"100,0%",NaN
1212-Universidad de Pamplona,11411-ESPECIALIZACION EN GESTION DE PROYECTOS INFORMATICOS,Femenino,2010-1,2017,Dependiente,Educación,4,4,,"100,0%",NaN
1212-Universidad de Pamplona,11411-ESPECIALIZACION EN GESTION DE PROYECTOS INFORMATICOS,Femenino,2010-1,2017,Dependiente,Información y comunicaciones,1,1,,"100,0%",NaN
1212-Universidad de Pamplona,11411-ESPECIALIZACION EN GESTION DE PROYECTOS INFORMATICOS,Femenino,2010-1,2017,Dependiente,Otras actividades de servicios,1,1,,"100,0%",NaN
1212-Universidad de Pamplona,11411-ESPECIALIZACION EN GESTION DE PROYECTOS INFORMATICOS,Femenino,2010-1,2017,Dependiente,Sin información,42,42,,"100,0%",NaN
1212-Universidad de Pamplona,11411-ESPECIALIZACION EN GESTION DE PROYECTOS INFORMATICOS,Femenino,2010-1,2017,Independiente,"Actividades profesionales, científicas y técnicas",1,1,,"100,0%",NaN
1212-Universidad de Pamplona,11411-ESPECIALIZACION EN GESTION DE PROYECTOS INFORMATICOS,Femenino,2010-1,2017,Independiente,Sin información,1,1,,"100,0%",NaN
1212-Universidad de Pamplona,11411-ESPECIALIZACION EN GESTION DE PROYECTOS INFORMATICOS,Femenino,2010-1,2017,No cotizante,Sin información,43,0,,"0,0%",NaN
1212-Universidad de Pamplona,11411-ESPECIALIZACION EN GESTION DE PROYECTOS INFORMATICOS,Femenino,2010-1,2018,Dependiente,Actividades de organizaciones y entidades extraterritoriales,55,55,,"100,0%",NaN
1212-Universidad de Pamplona,11411-ESPECIALIZACION EN GESTION DE PROYECTOS INFORMATICOS,Femenino,2010-1,2018,Dependiente,"Actividades profesionales, científicas y técnicas",186,186,,"100,0%",NaN
1212-Universidad de Pamplona,11411-ESPECIALIZACION EN GESTION DE PROYECTOS INFORMATICOS,Femenino,2010-1,2018,Dependiente,Administración pública y defensa; planes de seguridad social de afiliación obligatoria,35,35,,"100,0%",NaN
1212-Universidad de Pamplona,11411-ESPECIALIZACION EN GESTION DE PROYECTOS INFORMATICOS,Femenino,2010-1,2018,Dependiente,Educación,2,2,,"100,0%",NaN
1212-Universidad de Pamplona,11411-ESPECIALIZACION EN GESTION DE PROYECTOS INFORMATICOS,Femenino,2010-1,2018,Dependiente,Información y comunicaciones,1,1,,"100,0%",NaN
1212-Universidad de Pamplona,11411-ESPECIALIZACION EN GESTION DE PROYECTOS INFORMATICOS,Femenino,2010-1,2018,Dependiente,Otras actividades de servicios,2,2,,"100,0%",NaN
1212-Universidad de Pamplona,11411-ESPECIALIZACION EN GESTION DE PROYECTOS INFORMATICOS,Femenino,2010-1,2018,Dependiente,Sin información,77,77,,"100,0%",NaN
1212-Universidad de Pamplona,11411-ESPECIALIZACION EN GESTION DE PROYECTOS INFORMATICOS,Femenino,2010-1,2018,Independiente,"Actividades profesionales, científicas y técnicas",1,1,,"100,0%",NaN
1212-Universidad de Pamplona,11411-ESPECIALIZACION EN GESTION DE PROYECTOS INFORMATICOS,Femenino,2010-1,2018,Independiente,Sin información,2,2,,"100,0%",NaN
1212-Universidad de Pamplona,11411-ESPECIALIZACION EN GESTION DE PROYECTOS INFORMATICOS,Femenino,2010-1,2018,No cotizante,Sin información,14,0,,"0,0%",NaN
1212-Universidad de Pamplona,11411-ESPECIALIZACION EN GESTION DE PROYECTOS INFORMATICOS,Femenino,2010-1,2019,Dependiente,"Actividades profesionales, científicas y técnicas",58,58,,"100,0%",NaN
1212-Universidad de Pamplona,11411-ESPECIALIZACION EN GESTION DE PROYECTOS INFORMATICOS,Femenino,2010-1,2019,Dependiente,Administración pública y defensa; planes de seguridad social de afiliación obligatoria,240,240,,"100,0%",NaN
1212-Universidad de Pamplona,11411-ESPECIALIZACION EN GESTION DE PROYECTOS INFORMATICOS,Femenino,2010-1,2019,Dependiente,Educación,1,1,,"100,0%",NaN
1212-Universidad de Pamplona,11411-ESPECIALIZACION EN GESTION DE PROYECTOS INFORMATICOS,Femenino,2010-1,2019,Dependiente,Información y comunicaciones,1,1,,"100,0%",NaN
1212-Universidad de Pamplona,11411-ESPECIALIZACION EN GESTION DE PROYECTOS INFORMATICOS,Femenino,2010-1,2019,Dependiente,Otras actividades de servicios,2,2,,"100,0%",NaN
1212-Universidad de Pamplona,11411-ESPECIALIZACION EN GESTION DE PROYECTOS INFORMATICOS,Femenino,2010-1,2019,Dependiente,Sin información,26,26,,"100,0%",NaN
1212-Universidad de Pamplona,11411-ESPECIALIZACION EN GESTION DE PROYECTOS INFORMATICOS,Femenino,2010-1,2019,Independiente,"Actividades profesionales, científicas y técnicas",1,1,,"100,0%",NaN
1212-Universidad de Pamplona,11411-ESPECIALIZACION EN GESTION DE PROYECTOS INFORMATICOS,Femenino,2010-1,2019,Independiente,Administración pública y defensa; planes de seguridad social de afiliación obligatoria,2,2,,"100,0%",NaN
1212-Universidad de Pamplona,11411-ESPECIALIZACION EN GESTION DE PROYECTOS INFORMATICOS,Femenino,2010-1,2019,No cotizante,Sin información,39,0,,"0,0%",NaN
1212-Universidad de Pamplona,11411-ESPECIALIZACION EN GESTION DE PROYECTOS INFORMATICOS,Femenino,2010-1,2020,Dependiente,Actividades de servicios administrativos y de apoyo,2,2,,"100,0%",NaN
1212-Universidad de Pamplona,11411-ESPECIALIZACION EN GESTION DE PROYECTOS INFORMATICOS,Femenino,2010-1,2020,Dependiente,"Actividades profesionales, científicas y técnicas",216,216,,"100,0%",NaN
1212-Universidad de Pamplona,11411-ESPECIALIZACION EN GESTION DE PROYECTOS INFORMATICOS,Femenino,2010-1,2020,Dependiente,Administración pública y defensa; planes de seguridad social de afiliación obligatoria,68,68,,"100,0%",NaN
1212-Universidad de Pamplona,11411-ESPECIALIZACION EN GESTION DE PROYECTOS INFORMATICOS,Femenino,2010-1,2020,Dependiente,Educación,1,1,,"100,0%",NaN
1212-Universidad de Pamplona,11411-ESPECIALIZACION EN GESTION DE PROYECTOS INFORMATICOS,Femenino,2010-1,2020,Dependiente,Información y comunicaciones,1,1,,"100,0%",NaN
1212-Universidad de Pamplona,11411-ESPECIALIZACION EN GESTION DE PROYECTOS INFORMATICOS,Femenino,2010-1,2020,Dependiente,Otras actividades de servicios,6,6,,"100,0%",NaN
1212-Universidad de Pamplona,11411-ESPECIALIZACION EN GESTION DE PROYECTOS INFORMATICOS,Femenino,2010-1,2020,Independiente,Administración pública y defensa; planes de seguridad social de afiliación obligatoria,3,3,,"100,0%",NaN
1212-Universidad de Pamplona,11411-ESPECIALIZACION EN GESTION DE PROYECTOS INFORMATICOS,Femenino,2010-1,2020,No cotizante,Sin información,71,0,,"0,0%",NaN
1212-Universidad de Pamplona,11411-ESPECIALIZACION EN GESTION DE PROYECTOS INFORMATICOS,Femenino,2010-1,2021,Dependiente,Actividades de atención de la salud humana y de asistencia social,1,1,,"100,0%",NaN
1212-Universidad de Pamplona,11411-ESPECIALIZACION EN GESTION DE PROYECTOS INFORMATICOS,Femenino,2010-1,2021,Dependiente,"Actividades profesionales, científicas y técnicas",210,210,,"100,0%",NaN
1212-Universidad de Pamplona,11411-ESPECIALIZACION EN GESTION DE PROYECTOS INFORMATICOS,Femenino,2010-1,2021,Dependiente,Administración pública y defensa; planes de seguridad social de afiliación obligatoria,69,69,,"100,0%",NaN
1212-Universidad de Pamplona,11411-ESPECIALIZACION EN GESTION DE PROYECTOS INFORMATICOS,Femenino,2010-1,2021,Dependiente,Educación,1,1,,"100,0%",NaN
1212-Universidad de Pamplona,11411-ESPECIALIZACION EN GESTION DE PROYECTOS INFORMATICOS,Femenino,2010-1,2021,Dependiente,Otras actividades de servicios,2,2,,"100,0%",NaN
1212-Universidad de Pamplona,11411-ESPECIALIZACION EN GESTION DE PROYECTOS INFORMATICOS,Femenino,2010-1,2021,Independiente,"Actividades profesionales, científicas y técnicas",1,1,,"100,0%",NaN
1212-Universidad de Pamplona,11411-ESPECIALIZACION EN GESTION DE PROYECTOS INFORMATICOS,Femenino,2010-1,2021,Independiente,Administración pública y defensa; planes de seguridad social de afiliación obligatoria,2,2,,"100,0%",NaN
1212-Universidad de Pamplona,11411-ESPECIALIZACION EN GESTION DE PROYECTOS INFORMATICOS,Femenino,2010-1,2021,No cotizante,Sin información,81,0,,"0,0%",NaN
1212-Universidad de Pamplona,11411-ESPECIALIZACION EN GESTION DE PROYECTOS INFORMATICOS,Femenino,2010-1,2022,Dependiente,Actividades de atención de la salud humana y de asistencia social,1,1,,"100,0%",NaN
1212-Universidad de Pamplona,11411-ESPECIALIZACION EN GESTION DE PROYECTOS INFORMATICOS,Femenino,2010-1,2022,Dependiente,Actividades de servicios administrativos y de apoyo,12,12,,"100,0%",NaN
1212-Universidad de Pamplona,11411-ESPECIALIZACION EN GESTION DE PROYECTOS INFORMATICOS,Femenino,2010-1,2022,Dependiente,"Actividades profesionales, científicas y técnicas",201,201,,"100,0%",NaN
1212-Universidad de Pamplona,11411-ESPECIALIZACION EN GESTION DE PROYECTOS INFORMATICOS,Femenino,2010-1,2022,Dependiente,Administración pública y defensa; planes de seguridad social de afiliación obligatoria,59,59,,"100,0%",NaN
1212-Universidad de Pamplona,11411-ESPECIALIZACION EN GESTION DE PROYECTOS INFORMATICOS,Femenino,2010-1,2022,Dependiente,Educación,1,1,,"100,0%",NaN
1212-Universidad de Pamplona,11411-ESPECIALIZACION EN GESTION DE PROYECTOS INFORMATICOS,Femenino,2010-1,2022,Dependiente,Industrias manufactureras,1,1,,"100,0%",NaN
1212-Universidad de Pamplona,11411-ESPECIALIZACION EN GESTION DE PROYECTOS INFORMATICOS,Femenino,2010-1,2022,Dependiente,Otras actividades de servicios,2,2,,"100,0%",NaN
1212-Universidad de Pamplona,11411-ESPECIALIZACION EN GESTION DE PROYECTOS INFORMATICOS,Femenino,2010-1,2022,Independiente,"Actividades profesionales, científicas y técnicas",1,1,,"100,0%",NaN
1212-Universidad de Pamplona,11411-ESPECIALIZACION EN GESTION DE PROYECTOS INFORMATICOS,Femenino,2010-1,2022,Independiente,Administración pública y defensa; planes de seguridad social de afiliación obligatoria,2,2,,"100,0%",NaN
1212-Universidad de Pamplona,11411-ESPECIALIZACION EN GESTION DE PROYECTOS INFORMATICOS,Femenino,2010-1,2022,No cotizante,SIN DATO,87,0,,"0,0%",NaN
1212-Universidad de Pamplona,11411-ESPECIALIZACION EN GESTION DE PROYECTOS INFORMATICOS,Femenino,2010-1,2023,Dependiente,Actividades de atención de la salud humana y de asistencia social,1,1,,"100,0%",NaN
1212-Universidad de Pamplona,11411-ESPECIALIZACION EN GESTION DE PROYECTOS INFORMATICOS,Femenino,2010-1,2023,Dependiente,Actividades financieras y de seguros,1,1,,"100,0%",NaN
1212-Universidad de Pamplona,11411-ESPECIALIZACION EN GESTION DE PROYECTOS INFORMATICOS,Femenino,2010-1,2023,Dependiente,"Actividades profesionales, científicas y técnicas",191,191,,"100,0%",NaN
1212-Universidad de Pamplona,11411-ESPECIALIZACION EN GESTION DE PROYECTOS INFORMATICOS,Femenino,2010-1,2023,Dependiente,Administración pública y defensa; planes de seguridad social de afiliación obligatoria,70,70,,"100,0%",NaN
1212-Universidad de Pamplona,11411-ESPECIALIZACION EN GESTION DE PROYECTOS INFORMATICOS,Femenino,2010-1,2023,Dependiente,Educación,1,1,,"100,0%",NaN
1212-Universidad de Pamplona,11411-ESPECIALIZACION EN GESTION DE PROYECTOS INFORMATICOS,Femenino,2010-1,2023,Dependiente,Información y comunicaciones,1,1,,"100,0%",NaN
1212-Universidad de Pamplona,11411-ESPECIALIZACION EN GESTION DE PROYECTOS INFORMATICOS,Femenino,2010-1,2023,Dependiente,Otras actividades de servicios,1,1,,"100,0%",NaN
1212-Universidad de Pamplona,11411-ESPECIALIZACION EN GESTION DE PROYECTOS INFORMATICOS,Femenino,2010-1,2023,Independiente,"Actividades profesionales, científicas y técnicas",1,1,,"100,0%",NaN
1212-Universidad de Pamplona,11411-ESPECIALIZACION EN GESTION DE PROYECTOS INFORMATICOS,Femenino,2010-1,2023,Independiente,Administración pública y defensa; planes de seguridad social de afiliación obligatoria,1,1,,"100,0%",NaN
1212-Universidad de Pamplona,11411-ESPECIALIZACION EN GESTION DE PROYECTOS INFORMATICOS,Femenino,2010-1,2023,Independiente,Comercio al por mayor y al por menor; reparación de vehículos automotores y motocicletas,1,1,,"100,0%",NaN
1212-Universidad de Pamplona,11411-ESPECIALIZACION EN GESTION DE PROYECTOS INFORMATICOS,Femenino,2010-1,2023,No cotizante,SIN DATO,97,0,,"0,0%",NaN
1212-Universidad de Pamplona,11411-ESPECIALIZACION EN GESTION DE PROYECTOS INFORMATICOS,Masculino,2010-1,2016,Dependiente,"Actividades profesionales, científicas y técnicas",92,92,,"100,0%",$3.159.338
1212-Universidad de Pamplona,11411-ESPECIALIZACION EN GESTION DE PROYECTOS INFORMATICOS,Masculino,2010-1,2016,Dependiente,Administración pública y defensa; planes de seguridad social de afiliación obligatoria,56,56,,"100,0%",$3.167.153
1212-Universidad de Pamplona,11411-ESPECIALIZACION EN GESTION DE PROYECTOS INFORMATICOS,Masculino,2010-1,2016,Dependiente,Comercio al por mayor y al por menor; reparación de vehículos automotores y motocicletas,1,1,,"100,0%",$689.455
1212-Universidad de Pamplona,11411-ESPECIALIZACION EN GESTION DE PROYECTOS INFORMATICOS,Masculino,2010-1,2016,Dependiente,Educación,3,3,,"100,0%",$2.891.667
1212-Universidad de Pamplona,11411-ESPECIALIZACION EN GESTION DE PROYECTOS INFORMATICOS,Masculino,2010-1,2016,Dependiente,Información y comunicaciones,4,4,,"100,0%",$3.448.750
1212-Universidad de Pamplona,11411-ESPECIALIZACION EN GESTION DE PROYECTOS INFORMATICOS,Masculino,2010-1,2016,Dependiente,Sin información,2,2,,"100,0%",$2.328.668
1212-Universidad de Pamplona,11411-ESPECIALIZACION EN GESTION DE PROYECTOS INFORMATICOS,Masculino,2010-1,2016,Independiente,"Actividades profesionales, científicas y técnicas",2,2,,"100,0%",NaN
1212-Universidad de Pamplona,11411-ESPECIALIZACION EN GESTION DE PROYECTOS INFORMATICOS,Masculino,2010-1,2016,Independiente,Información y comunicaciones,3,3,,"100,0%",NaN
1212-Universidad de Pamplona,11411-ESPECIALIZACION EN GESTION DE PROYECTOS INFORMATICOS,Masculino,2010-1,2016,Independiente,Sin información,2,2,,"100,0%",NaN
1212-Universidad de Pamplona,11411-ESPECIALIZACION EN GESTION DE PROYECTOS INFORMATICOS,Masculino,2010-1,2016,No cotizante,Sin información,12,0,,"0,0%",NaN
1212-Universidad de Pamplona,11411-ESPECIALIZACION EN GESTION DE PROYECTOS INFORMATICOS,Masculino,2010-1,2017,Dependiente,Actividades de organizaciones y entidades extraterritoriales,6,6,,"100,0%",NaN
1212-Universidad de Pamplona,11411-ESPECIALIZACION EN GESTION DE PROYECTOS INFORMATICOS,Masculino,2010-1,2017,Dependiente,"Actividades profesionales, científicas y técnicas",125,125,,"100,0%",NaN
1212-Universidad de Pamplona,11411-ESPECIALIZACION EN GESTION DE PROYECTOS INFORMATICOS,Masculino,2010-1,2017,Dependiente,Administración pública y defensa; planes de seguridad social de afiliación obligatoria,9,9,,"100,0%",NaN
1212-Universidad de Pamplona,11411-ESPECIALIZACION EN GESTION DE PROYECTOS INFORMATICOS,Masculino,2010-1,2017,Dependiente,Educación,1,1,,"100,0%",NaN
1212-Universidad de Pamplona,11411-ESPECIALIZACION EN GESTION DE PROYECTOS INFORMATICOS,Masculino,2010-1,2017,Dependiente,Información y comunicaciones,2,2,,"100,0%",NaN
1212-Universidad de Pamplona,11411-ESPECIALIZACION EN GESTION DE PROYECTOS INFORMATICOS,Masculino,2010-1,2017,Dependiente,Sin información,13,13,,"100,0%",NaN
1212-Universidad de Pamplona,11411-ESPECIALIZACION EN GESTION DE PROYECTOS INFORMATICOS,Masculino,2010-1,2017,Independiente,"Actividades profesionales, científicas y técnicas",2,2,,"100,0%",NaN
1212-Universidad de Pamplona,11411-ESPECIALIZACION EN GESTION DE PROYECTOS INFORMATICOS,Masculino,2010-1,2017,Independiente,Información y comunicaciones,1,1,,"100,0%",NaN
1212-Universidad de Pamplona,11411-ESPECIALIZACION EN GESTION DE PROYECTOS INFORMATICOS,Masculino,2010-1,2017,Independiente,Sin información,2,2,,"100,0%",NaN
1212-Universidad de Pamplona,11411-ESPECIALIZACION EN GESTION DE PROYECTOS INFORMATICOS,Masculino,2010-1,2017,No cotizante,Sin información,15,0,,"0,0%",NaN
1212-Universidad de Pamplona,11411-ESPECIALIZACION EN GESTION DE PROYECTOS INFORMATICOS,Masculino,2010-1,2018,Dependiente,Actividades de organizaciones y entidades extraterritoriales,23,23,,"100,0%",NaN
1212-Universidad de Pamplona,11411-ESPECIALIZACION EN GESTION DE PROYECTOS INFORMATICOS,Masculino,2010-1,2018,Dependiente,"Actividades profesionales, científicas y técnicas",102,102,,"100,0%",NaN
1212-Universidad de Pamplona,11411-ESPECIALIZACION EN GESTION DE PROYECTOS INFORMATICOS,Masculino,2010-1,2018,Dependiente,Administración pública y defensa; planes de seguridad social de afiliación obligatoria,9,9,,"100,0%",NaN
1212-Universidad de Pamplona,11411-ESPECIALIZACION EN GESTION DE PROYECTOS INFORMATICOS,Masculino,2010-1,2018,Dependiente,Educación,2,2,,"100,0%",NaN
1212-Universidad de Pamplona,11411-ESPECIALIZACION EN GESTION DE PROYECTOS INFORMATICOS,Masculino,2010-1,2018,Dependiente,Información y comunicaciones,2,2,,"100,0%",NaN
1212-Universidad de Pamplona,11411-ESPECIALIZACION EN GESTION DE PROYECTOS INFORMATICOS,Masculino,2010-1,2018,Dependiente,Sin información,27,27,,"100,0%",NaN
1212-Universidad de Pamplona,11411-ESPECIALIZACION EN GESTION DE PROYECTOS INFORMATICOS,Masculino,2010-1,2018,Independiente,"Actividades profesionales, científicas y técnicas",2,2,,"100,0%",NaN
1212-Universidad de Pamplona,11411-ESPECIALIZACION EN GESTION DE PROYECTOS INFORMATICOS,Masculino,2010-1,2018,Independiente,Información y comunicaciones,1,1,,"100,0%",NaN
1212-Universidad de Pamplona,11411-ESPECIALIZACION EN GESTION DE PROYECTOS INFORMATICOS,Masculino,2010-1,2018,Independiente,Sin información,2,2,,"100,0%",NaN
1212-Universidad de Pamplona,11411-ESPECIALIZACION EN GESTION DE PROYECTOS INFORMATICOS,Masculino,2010-1,2018,No cotizante,Sin información,4,0,,"0,0%",NaN
1212-Universidad de Pamplona,11411-ESPECIALIZACION EN GESTION DE PROYECTOS INFORMATICOS,Masculino,2010-1,2019,Dependiente,"Actividades profesionales, científicas y técnicas",44,44,,"100,0%",NaN
1212-Universidad de Pamplona,11411-ESPECIALIZACION EN GESTION DE PROYECTOS INFORMATICOS,Masculino,2010-1,2019,Dependiente,Administración pública y defensa; planes de seguridad social de afiliación obligatoria,100,100,,"100,0%",NaN
1212-Universidad de Pamplona,11411-ESPECIALIZACION EN GESTION DE PROYECTOS INFORMATICOS,Masculino,2010-1,2019,Dependiente,Educación,2,2,,"100,0%",NaN
1212-Universidad de Pamplona,11411-ESPECIALIZACION EN GESTION DE PROYECTOS INFORMATICOS,Masculino,2010-1,2019,Dependiente,Información y comunicaciones,2,2,,"100,0%",NaN
1212-Universidad de Pamplona,11411-ESPECIALIZACION EN GESTION DE PROYECTOS INFORMATICOS,Masculino,2010-1,2019,Dependiente,Sin información,9,9,,"100,0%",NaN
1212-Universidad de Pamplona,11411-ESPECIALIZACION EN GESTION DE PROYECTOS INFORMATICOS,Masculino,2010-1,2019,Independiente,"Actividades profesionales, científicas y técnicas",1,1,,"100,0%",NaN
1212-Universidad de Pamplona,11411-ESPECIALIZACION EN GESTION DE PROYECTOS INFORMATICOS,Masculino,2010-1,2019,Independiente,Información y comunicaciones,1,1,,"100,0%",NaN
1212-Universidad de Pamplona,11411-ESPECIALIZACION EN GESTION DE PROYECTOS INFORMATICOS,Masculino,2010-1,2019,Independiente,Sin información,1,1,,"100,0%",NaN
1212-Universidad de Pamplona,11411-ESPECIALIZACION EN GESTION DE PROYECTOS INFORMATICOS,Masculino,2010-1,2019,No cotizante,Sin información,12,0,,"0,0%",NaN
1212-Universidad de Pamplona,11411-ESPECIALIZACION EN GESTION DE PROYECTOS INFORMATICOS,Masculino,2010-1,2020,Dependiente,"Actividades profesionales, científicas y técnicas",105,105,,"100,0%",NaN
1212-Universidad de Pamplona,11411-ESPECIALIZACION EN GESTION DE PROYECTOS INFORMATICOS,Masculino,2010-1,2020,Dependiente,Administración pública y defensa; planes de seguridad social de afiliación obligatoria,26,26,,"100,0%",NaN
1212-Universidad de Pamplona,11411-ESPECIALIZACION EN GESTION DE PROYECTOS INFORMATICOS,Masculino,2010-1,2020,Dependiente,Educación,1,1,,"100,0%",NaN
1212-Universidad de Pamplona,11411-ESPECIALIZACION EN GESTION DE PROYECTOS INFORMATICOS,Masculino,2010-1,2020,Dependiente,Información y comunicaciones,4,4,,"100,0%",NaN
1212-Universidad de Pamplona,11411-ESPECIALIZACION EN GESTION DE PROYECTOS INFORMATICOS,Masculino,2010-1,2020,Dependiente,Otras actividades de servicios,1,1,,"100,0%",NaN
1212-Universidad de Pamplona,11411-ESPECIALIZACION EN GESTION DE PROYECTOS INFORMATICOS,Masculino,2010-1,2020,Independiente,"Actividades profesionales, científicas y técnicas",1,1,,"100,0%",NaN
1212-Universidad de Pamplona,11411-ESPECIALIZACION EN GESTION DE PROYECTOS INFORMATICOS,Masculino,2010-1,2020,Independiente,Administración pública y defensa; planes de seguridad social de afiliación obligatoria,1,1,,"100,0%",NaN
1212-Universidad de Pamplona,11411-ESPECIALIZACION EN GESTION DE PROYECTOS INFORMATICOS,Masculino,2010-1,2020,Independiente,Información y comunicaciones,2,2,,"100,0%",NaN
1212-Universidad de Pamplona,11411-ESPECIALIZACION EN GESTION DE PROYECTOS INFORMATICOS,Masculino,2010-1,2020,Independiente,Otras actividades de servicios,1,1,,"100,0%",NaN
1212-Universidad de Pamplona,11411-ESPECIALIZACION EN GESTION DE PROYECTOS INFORMATICOS,Masculino,2010-1,2020,No cotizante,Sin información,25,0,,"0,0%",NaN
1212-Universidad de Pamplona,11411-ESPECIALIZACION EN GESTION DE PROYECTOS INFORMATICOS,Masculino,2010-1,2021,Dependiente,"Actividades profesionales, científicas y técnicas",101,101,,"100,0%",NaN
1212-Universidad de Pamplona,11411-ESPECIALIZACION EN GESTION DE PROYECTOS INFORMATICOS,Masculino,2010-1,2021,Dependiente,Administración pública y defensa; planes de seguridad social de afiliación obligatoria,27,27,,"100,0%",NaN
1212-Universidad de Pamplona,11411-ESPECIALIZACION EN GESTION DE PROYECTOS INFORMATICOS,Masculino,2010-1,2021,Dependiente,Información y comunicaciones,5,5,,"100,0%",NaN
1212-Universidad de Pamplona,11411-ESPECIALIZACION EN GESTION DE PROYECTOS INFORMATICOS,Masculino,2010-1,2021,Dependiente,Otras actividades de servicios,1,1,,"100,0%",NaN
1212-Universidad de Pamplona,11411-ESPECIALIZACION EN GESTION DE PROYECTOS INFORMATICOS,Masculino,2010-1,2021,Independiente,"Actividades profesionales, científicas y técnicas",1,1,,"100,0%",NaN
1212-Universidad de Pamplona,11411-ESPECIALIZACION EN GESTION DE PROYECTOS INFORMATICOS,Masculino,2010-1,2021,Independiente,Administración pública y defensa; planes de seguridad social de afiliación obligatoria,1,1,,"100,0%",NaN
1212-Universidad de Pamplona,11411-ESPECIALIZACION EN GESTION DE PROYECTOS INFORMATICOS,Masculino,2010-1,2021,Independiente,Información y comunicaciones,2,2,,"100,0%",NaN
1212-Universidad de Pamplona,11411-ESPECIALIZACION EN GESTION DE PROYECTOS INFORMATICOS,Masculino,2010-1,2021,Independiente,Otras actividades de servicios,1,1,,"100,0%",NaN
1212-Universidad de Pamplona,11411-ESPECIALIZACION EN GESTION DE PROYECTOS INFORMATICOS,Masculino,2010-1,2021,No cotizante,Sin información,28,0,,"0,0%",NaN
1212-Universidad de Pamplona,11411-ESPECIALIZACION EN GESTION DE PROYECTOS INFORMATICOS,Masculino,2010-1,2022,Dependiente,Actividades de servicios administrativos y de apoyo,11,11,,"100,0%",NaN
1212-Universidad de Pamplona,11411-ESPECIALIZACION EN GESTION DE PROYECTOS INFORMATICOS,Masculino,2010-1,2022,Dependiente,Actividades financieras y de seguros,1,1,,"100,0%",NaN
1212-Universidad de Pamplona,11411-ESPECIALIZACION EN GESTION DE PROYECTOS INFORMATICOS,Masculino,2010-1,2022,Dependiente,"Actividades profesionales, científicas y técnicas",100,100,,"100,0%",NaN
1212-Universidad de Pamplona,11411-ESPECIALIZACION EN GESTION DE PROYECTOS INFORMATICOS,Masculino,2010-1,2022,Dependiente,Administración pública y defensa; planes de seguridad social de afiliación obligatoria,15,15,,"100,0%",NaN
1212-Universidad de Pamplona,11411-ESPECIALIZACION EN GESTION DE PROYECTOS INFORMATICOS,Masculino,2010-1,2022,Dependiente,Información y comunicaciones,5,5,,"100,0%",NaN
1212-Universidad de Pamplona,11411-ESPECIALIZACION EN GESTION DE PROYECTOS INFORMATICOS,Masculino,2010-1,2022,Independiente,"Actividades profesionales, científicas y técnicas",1,1,,"100,0%",NaN
1212-Universidad de Pamplona,11411-ESPECIALIZACION EN GESTION DE PROYECTOS INFORMATICOS,Masculino,2010-1,2022,Independiente,Administración pública y defensa; planes de seguridad social de afiliación obligatoria,1,1,,"100,0%",NaN
1212-Universidad de Pamplona,11411-ESPECIALIZACION EN GESTION DE PROYECTOS INFORMATICOS,Masculino,2010-1,2022,Independiente,Información y comunicaciones,2,2,,"100,0%",NaN
1212-Universidad de Pamplona,11411-ESPECIALIZACION EN GESTION DE PROYECTOS INFORMATICOS,Masculino,2010-1,2022,Independiente,Otras actividades de servicios,1,1,,"100,0%",NaN
1212-Universidad de Pamplona,11411-ESPECIALIZACION EN GESTION DE PROYECTOS INFORMATICOS,Masculino,2010-1,2022,No cotizante,SIN DATO,30,0,,"0,0%",NaN
1212-Universidad de Pamplona,11411-ESPECIALIZACION EN GESTION DE PROYECTOS INFORMATICOS,Masculino,2010-1,2023,Dependiente,Actividades financieras y de seguros,1,1,,"100,0%",NaN
1212-Universidad de Pamplona,11411-ESPECIALIZACION EN GESTION DE PROYECTOS INFORMATICOS,Masculino,2010-1,2023,Dependiente,"Actividades profesionales, científicas y técnicas",96,96,,"100,0%",NaN
1212-Universidad de Pamplona,11411-ESPECIALIZACION EN GESTION DE PROYECTOS INFORMATICOS,Masculino,2010-1,2023,Dependiente,Administración pública y defensa; planes de seguridad social de afiliación obligatoria,24,24,,"100,0%",NaN
1212-Universidad de Pamplona,11411-ESPECIALIZACION EN GESTION DE PROYECTOS INFORMATICOS,Masculino,2010-1,2023,Dependiente,Educación,1,1,,"100,0%",NaN
1212-Universidad de Pamplona,11411-ESPECIALIZACION EN GESTION DE PROYECTOS INFORMATICOS,Masculino,2010-1,2023,Dependiente,Información y comunicaciones,8,8,,"100,0%",NaN
1212-Universidad de Pamplona,11411-ESPECIALIZACION EN GESTION DE PROYECTOS INFORMATICOS,Masculino,2010-1,2023,Independiente,"Actividades profesionales, científicas y técnicas",1,1,,"100,0%",NaN
1212-Universidad de Pamplona,11411-ESPECIALIZACION EN GESTION DE PROYECTOS INFORMATICOS,Masculino,2010-1,2023,Independiente,Administración pública y defensa; planes de seguridad social de afiliación obligatoria,1,1,,"100,0%",NaN
1212-Universidad de Pamplona,11411-ESPECIALIZACION EN GESTION DE PROYECTOS INFORMATICOS,Masculino,2010-1,2023,Independiente,Construccion,1,1,,"100,0%",NaN
1212-Universidad de Pamplona,11411-ESPECIALIZACION EN GESTION DE PROYECTOS INFORMATICOS,Masculino,2010-1,2023,Independiente,Otras actividades de servicios,1,1,,"100,0%",NaN
1212-Universidad de Pamplona,11411-ESPECIALIZACION EN GESTION DE PROYECTOS INFORMATICOS,Masculino,2010-1,2023,No cotizante,SIN DATO,33,0,,"0,0%",NaN
2832-Universidad de Santander - UDES,8374-ESPECIALIZACION EN GERENCIA DE EMPRESAS,Masculino,2010-1,2016,Dependiente,Industrias manufactureras,1,1,,"100,0%",$13.792.000
2832-Universidad de Santander - UDES,8374-ESPECIALIZACION EN GERENCIA DE EMPRESAS,Masculino,2010-1,2017,Dependiente,"Actividades profesionales, científicas y técnicas",1,1,,"100,0%",NaN
2832-Universidad de Santander - UDES,8374-ESPECIALIZACION EN GERENCIA DE EMPRESAS,Masculino,2010-1,2017,Dependiente,Industrias manufactureras,1,1,,"100,0%",NaN
2832-Universidad de Santander - UDES,8374-ESPECIALIZACION EN GERENCIA DE EMPRESAS,Masculino,2010-1,2017,Dependiente,"Suministro de electricidad, gas, vapor y aire acondicionado",1,1,,"100,0%",NaN
2832-Universidad de Santander - UDES,8374-ESPECIALIZACION EN GERENCIA DE EMPRESAS,Masculino,2010-1,2018,Dependiente,Industrias manufactureras,1,1,,"100,0%",NaN
2832-Universidad de Santander - UDES,8374-ESPECIALIZACION EN GERENCIA DE EMPRESAS,Masculino,2010-1,2018,Dependiente,"Suministro de electricidad, gas, vapor y aire acondicionado",1,1,,"100,0%",NaN
2832-Universidad de Santander - UDES,8374-ESPECIALIZACION EN GERENCIA DE EMPRESAS,Masculino,2010-1,2018,No cotizante,Sin información,1,0,,"0,0%",NaN
2832-Universidad de Santander - UDES,8374-ESPECIALIZACION EN GERENCIA DE EMPRESAS,Masculino,2010-1,2019,Dependiente,Industrias manufactureras,1,1,,"100,0%",NaN
2832-Universidad de Santander - UDES,8374-ESPECIALIZACION EN GERENCIA DE EMPRESAS,Masculino,2010-1,2019,Dependiente,"Suministro de electricidad, gas, vapor y aire acondicionado",1,1,,"100,0%",NaN
2832-Universidad de Santander - UDES,8374-ESPECIALIZACION EN GERENCIA DE EMPRESAS,Masculino,2010-1,2019,No cotizante,Sin información,1,0,,"0,0%",NaN
2832-Universidad de Santander - UDES,8374-ESPECIALIZACION EN GERENCIA DE EMPRESAS,Masculino,2010-1,2020,Dependiente,Educación,1,1,,"100,0%",NaN
2832-Universidad de Santander - UDES,8374-ESPECIALIZACION EN GERENCIA DE EMPRESAS,Masculino,2010-1,2020,Dependiente,Industrias manufactureras,1,1,,"100,0%",NaN
2832-Universidad de Santander - UDES,8374-ESPECIALIZACION EN GERENCIA DE EMPRESAS,Masculino,2010-1,2020,Dependiente,"Suministro de electricidad, gas, vapor y aire acondicionado",1,1,,"100,0%",NaN
2832-Universidad de Santander - UDES,8374-ESPECIALIZACION EN GERENCIA DE EMPRESAS,Masculino,2010-1,2021,Dependiente,Educación,1,1,,"100,0%",NaN
2832-Universidad de Santander - UDES,8374-ESPECIALIZACION EN GERENCIA DE EMPRESAS,Masculino,2010-1,2021,Dependiente,Industrias manufactureras,1,1,,"100,0%",NaN
2832-Universidad de Santander - UDES,8374-ESPECIALIZACION EN GERENCIA DE EMPRESAS,Masculino,2010-1,2021,Dependiente,"Suministro de electricidad, gas, vapor y aire acondicionado",1,1,,"100,0%",NaN
2832-Universidad de Santander - UDES,8374-ESPECIALIZACION EN GERENCIA DE EMPRESAS,Masculino,2010-1,2022,Dependiente,Industrias manufactureras,1,1,,"100,0%",NaN
2832-Universidad de Santander - UDES,8374-ESPECIALIZACION EN GERENCIA DE EMPRESAS,Masculino,2010-1,2022,Dependiente,"Suministro de electricidad, gas, vapor y aire acondicionado",1,1,,"100,0%",NaN
2832-Universidad de Santander - UDES,8374-ESPECIALIZACION EN GERENCIA DE EMPRESAS,Masculino,2010-1,2022,Independiente,Actividades de servicios administrativos y de apoyo,1,1,,"100,0%",NaN
2832-Universidad de Santander - UDES,8374-ESPECIALIZACION EN GERENCIA DE EMPRESAS,Masculino,2010-1,2023,Dependiente,Industrias manufactureras,1,1,,"100,0%",NaN
2832-Universidad de Santander - UDES,8374-ESPECIALIZACION EN GERENCIA DE EMPRESAS,Masculino,2010-1,2023,Independiente,Administración pública y defensa; planes de seguridad social de afiliación obligatoria,1,1,,"100,0%",NaN
2832-Universidad de Santander - UDES,8374-ESPECIALIZACION EN GERENCIA DE EMPRESAS,Masculino,2010-1,2023,No cotizante,SIN DATO,1,0,,"0,0%",NaN
2832-Universidad de Santander - UDES,8257-ESPECIALIZACION EN GERENCIA DE MERCADEO,Masculino,2010-1,2017,Dependiente,Comercio al por mayor y al por menor; reparación de vehículos automotores y motocicletas,1,1,,"100,0%",NaN
2832-Universidad de Santander - UDES,8257-ESPECIALIZACION EN GERENCIA DE MERCADEO,Masculino,2010-1,2017,Dependiente,Educación,2,2,,"100,0%",NaN
2832-Universidad de Santander - UDES,8257-ESPECIALIZACION EN GERENCIA DE MERCADEO,Masculino,2010-1,2018,Dependiente,Comercio al por mayor y al por menor; reparación de vehículos automotores y motocicletas,1,1,,"100,0%",NaN
2832-Universidad de Santander - UDES,8257-ESPECIALIZACION EN GERENCIA DE MERCADEO,Masculino,2010-1,2018,Dependiente,Educación,2,2,,"100,0%",NaN
2832-Universidad de Santander - UDES,8257-ESPECIALIZACION EN GERENCIA DE MERCADEO,Masculino,2010-1,2019,Dependiente,Comercio al por mayor y al por menor; reparación de vehículos automotores y motocicletas,1,1,,"100,0%",NaN
2832-Universidad de Santander - UDES,8257-ESPECIALIZACION EN GERENCIA DE MERCADEO,Masculino,2010-1,2019,Dependiente,Educación,1,1,,"100,0%",NaN
2832-Universidad de Santander - UDES,8257-ESPECIALIZACION EN GERENCIA DE MERCADEO,Masculino,2010-1,2019,No cotizante,Sin información,1,0,,"0,0%",NaN
2832-Universidad de Santander - UDES,8257-ESPECIALIZACION EN GERENCIA DE MERCADEO,Masculino,2010-1,2020,Dependiente,Comercio al por mayor y al por menor; reparación de vehículos automotores y motocicletas,1,1,,"100,0%",NaN
2832-Universidad de Santander - UDES,8257-ESPECIALIZACION EN GERENCIA DE MERCADEO,Masculino,2010-1,2020,Dependiente,Educación,1,1,,"100,0%",NaN
2832-Universidad de Santander - UDES,8257-ESPECIALIZACION EN GERENCIA DE MERCADEO,Masculino,2010-1,2020,No cotizante,Sin información,1,0,,"0,0%",NaN
2832-Universidad de Santander - UDES,8257-ESPECIALIZACION EN GERENCIA DE MERCADEO,Masculino,2010-1,2021,Dependiente,Comercio al por mayor y al por menor; reparación de vehículos automotores y motocicletas,1,1,,"100,0%",NaN
2832-Universidad de Santander - UDES,8257-ESPECIALIZACION EN GERENCIA DE MERCADEO,Masculino,2010-1,2021,Dependiente,Educación,1,1,,"100,0%",NaN
2832-Universidad de Santander - UDES,8257-ESPECIALIZACION EN GERENCIA DE MERCADEO,Masculino,2010-1,2021,No cotizante,Sin información,1,0,,"0,0%",NaN
2832-Universidad de Santander - UDES,8257-ESPECIALIZACION EN GERENCIA DE MERCADEO,Masculino,2010-1,2022,Dependiente,Actividades de atención de la salud humana y de asistencia social,1,1,,"100,0%",NaN
2832-Universidad de Santander - UDES,8257-ESPECIALIZACION EN GERENCIA DE MERCADEO,Masculino,2010-1,2022,Dependiente,Comercio al por mayor y al por menor; reparación de vehículos automotores y motocicletas,1,1,,"100,0%",NaN
2832-Universidad de Santander - UDES,8257-ESPECIALIZACION EN GERENCIA DE MERCADEO,Masculino,2010-1,2022,Independiente,Comercio al por mayor y al por menor; reparación de vehículos automotores y motocicletas,1,1,,"100,0%",NaN
2832-Universidad de Santander - UDES,8257-ESPECIALIZACION EN GERENCIA DE MERCADEO,Masculino,2010-1,2023,Dependiente,Comercio al por mayor y al por menor; reparación de vehículos automotores y motocicletas,1,1,,"100,0%",NaN
2832-Universidad de Santander - UDES,8257-ESPECIALIZACION EN GERENCIA DE MERCADEO,Masculino,2010-1,2023,Dependiente,Educación,1,1,,"100,0%",NaN
2832-Universidad de Santander - UDES,8257-ESPECIALIZACION EN GERENCIA DE MERCADEO,Masculino,2010-1,2023,Independiente,Comercio al por mayor y al por menor; reparación de vehículos automotores y motocicletas,1,1,,"100,0%",NaN
1711-Universidad de la Sabana,53009-ESPECIALIZACION EN PEDAGOGIA E INVESTIGACION EN EL AULA,Femenino,2010-1,2016,Dependiente,Administración pública y defensa; planes de seguridad social de afiliación obligatoria,1,1,,"100,0%",$3.301.000
1711-Universidad de la Sabana,53009-ESPECIALIZACION EN PEDAGOGIA E INVESTIGACION EN EL AULA,Femenino,2010-1,2016,Dependiente,Construccion,1,1,,"100,0%",$2.250.000
1711-Universidad de la Sabana,53009-ESPECIALIZACION EN PEDAGOGIA E INVESTIGACION EN EL AULA,Femenino,2010-1,2016,Dependiente,Educación,1,1,,"100,0%",$17.225.000
1711-Universidad de la Sabana,53009-ESPECIALIZACION EN PEDAGOGIA E INVESTIGACION EN EL AULA,Femenino,2010-1,2016,No cotizante,Sin información,3,0,,"0,0%",NaN
1711-Universidad de la Sabana,53009-ESPECIALIZACION EN PEDAGOGIA E INVESTIGACION EN EL AULA,Femenino,2010-1,2017,Dependiente,Educación,1,1,,"100,0%",NaN
1711-Universidad de la Sabana,53009-ESPECIALIZACION EN PEDAGOGIA E INVESTIGACION EN EL AULA,Femenino,2010-1,2017,Dependiente,Otras actividades de servicios,1,1,,"100,0%",NaN
1711-Universidad de la Sabana,53009-ESPECIALIZACION EN PEDAGOGIA E INVESTIGACION EN EL AULA,Femenino,2010-1,2017,Dependiente,Sin información,1,1,,"100,0%",NaN
1711-Universidad de la Sabana,53009-ESPECIALIZACION EN PEDAGOGIA E INVESTIGACION EN EL AULA,Femenino,2010-1,2017,No cotizante,Sin información,3,0,,"0,0%",NaN
1711-Universidad de la Sabana,53009-ESPECIALIZACION EN PEDAGOGIA E INVESTIGACION EN EL AULA,Femenino,2010-1,2018,Dependiente,Educación,1,1,,"100,0%",NaN
1711-Universidad de la Sabana,53009-ESPECIALIZACION EN PEDAGOGIA E INVESTIGACION EN EL AULA,Femenino,2010-1,2018,Dependiente,Otras actividades de servicios,1,1,,"100,0%",NaN
1711-Universidad de la Sabana,53009-ESPECIALIZACION EN PEDAGOGIA E INVESTIGACION EN EL AULA,Femenino,2010-1,2018,Dependiente,Sin información,1,1,,"100,0%",NaN
1711-Universidad de la Sabana,53009-ESPECIALIZACION EN PEDAGOGIA E INVESTIGACION EN EL AULA,Femenino,2010-1,2018,No cotizante,Sin información,2,0,,"0,0%",NaN
1711-Universidad de la Sabana,53009-ESPECIALIZACION EN PEDAGOGIA E INVESTIGACION EN EL AULA,Femenino,2010-1,2019,Dependiente,Administración pública y defensa; planes de seguridad social de afiliación obligatoria,1,1,,"100,0%",NaN
1711-Universidad de la Sabana,53009-ESPECIALIZACION EN PEDAGOGIA E INVESTIGACION EN EL AULA,Femenino,2010-1,2019,Dependiente,Educación,1,1,,"100,0%",NaN
1711-Universidad de la Sabana,53009-ESPECIALIZACION EN PEDAGOGIA E INVESTIGACION EN EL AULA,Femenino,2010-1,2019,Independiente,Otras actividades de servicios,1,1,,"100,0%",NaN
1711-Universidad de la Sabana,53009-ESPECIALIZACION EN PEDAGOGIA E INVESTIGACION EN EL AULA,Femenino,2010-1,2019,No cotizante,Sin información,2,0,,"0,0%",NaN
1711-Universidad de la Sabana,53009-ESPECIALIZACION EN PEDAGOGIA E INVESTIGACION EN EL AULA,Femenino,2010-1,2020,Dependiente,Educación,1,1,,"100,0%",NaN
1711-Universidad de la Sabana,53009-ESPECIALIZACION EN PEDAGOGIA E INVESTIGACION EN EL AULA,Femenino,2010-1,2020,Dependiente,Otras actividades de servicios,1,1,,"100,0%",NaN
1711-Universidad de la Sabana,53009-ESPECIALIZACION EN PEDAGOGIA E INVESTIGACION EN EL AULA,Femenino,2010-1,2020,Independiente,Otras actividades de servicios,1,1,,"100,0%",NaN
1711-Universidad de la Sabana,53009-ESPECIALIZACION EN PEDAGOGIA E INVESTIGACION EN EL AULA,Femenino,2010-1,2020,No cotizante,Sin información,2,0,,"0,0%",NaN
1711-Universidad de la Sabana,53009-ESPECIALIZACION EN PEDAGOGIA E INVESTIGACION EN EL AULA,Femenino,2010-1,2021,Dependiente,Administración pública y defensa; planes de seguridad social de afiliación obligatoria,1,1,,"100,0%",NaN
1711-Universidad de la Sabana,53009-ESPECIALIZACION EN PEDAGOGIA E INVESTIGACION EN EL AULA,Femenino,2010-1,2021,Dependiente,Alojamiento y servicios de comida,1,1,,"100,0%",NaN
1711-Universidad de la Sabana,53009-ESPECIALIZACION EN PEDAGOGIA E INVESTIGACION EN EL AULA,Femenino,2010-1,2021,No cotizante,Sin información,2,0,,"0,0%",NaN
1711-Universidad de la Sabana,53009-ESPECIALIZACION EN PEDAGOGIA E INVESTIGACION EN EL AULA,Femenino,2010-1,2022,Dependiente,Administración pública y defensa; planes de seguridad social de afiliación obligatoria,1,1,,"100,0%",NaN
1711-Universidad de la Sabana,53009-ESPECIALIZACION EN PEDAGOGIA E INVESTIGACION EN EL AULA,Femenino,2010-1,2022,Dependiente,Transporte y almacenamiento,1,1,,"100,0%",NaN
1711-Universidad de la Sabana,53009-ESPECIALIZACION EN PEDAGOGIA E INVESTIGACION EN EL AULA,Femenino,2010-1,2022,No cotizante,SIN DATO,2,0,,"0,0%",NaN
1711-Universidad de la Sabana,53009-ESPECIALIZACION EN PEDAGOGIA E INVESTIGACION EN EL AULA,Femenino,2010-1,2023,Dependiente,Administración pública y defensa; planes de seguridad social de afiliación obligatoria,1,1,,"100,0%",NaN
1711-Universidad de la Sabana,53009-ESPECIALIZACION EN PEDAGOGIA E INVESTIGACION EN EL AULA,Femenino,2010-1,2023,Dependiente,Transporte y almacenamiento,1,1,,"100,0%",NaN
1711-Universidad de la Sabana,53009-ESPECIALIZACION EN PEDAGOGIA E INVESTIGACION EN EL AULA,Femenino,2010-1,2023,No cotizante,SIN DATO,2,0,,"0,0%",NaN
1711-Universidad de la Sabana,53009-ESPECIALIZACION EN PEDAGOGIA E INVESTIGACION EN EL AULA,Masculino,2010-1,2016,Dependiente,Administración pública y defensa; planes de seguridad social de afiliación obligatoria,1,1,,"100,0%",$4.689.000
1711-Universidad de la Sabana,53009-ESPECIALIZACION EN PEDAGOGIA E INVESTIGACION EN EL AULA,Masculino,2010-1,2016,Dependiente,Educación,2,2,,"100,0%",$4.896.000
1711-Universidad de la Sabana,53009-ESPECIALIZACION EN PEDAGOGIA E INVESTIGACION EN EL AULA,Masculino,2010-1,2016,No cotizante,Sin información,1,0,,"0,0%",NaN
1711-Universidad de la Sabana,53009-ESPECIALIZACION EN PEDAGOGIA E INVESTIGACION EN EL AULA,Masculino,2010-1,2017,Dependiente,Educación,3,3,,"100,0%",NaN
1711-Universidad de la Sabana,53009-ESPECIALIZACION EN PEDAGOGIA E INVESTIGACION EN EL AULA,Masculino,2010-1,2017,No cotizante,Sin información,1,0,,"0,0%",NaN
1711-Universidad de la Sabana,53009-ESPECIALIZACION EN PEDAGOGIA E INVESTIGACION EN EL AULA,Masculino,2010-1,2018,Dependiente,Educación,3,3,,"100,0%",NaN
1711-Universidad de la Sabana,53009-ESPECIALIZACION EN PEDAGOGIA E INVESTIGACION EN EL AULA,Masculino,2010-1,2018,No cotizante,Sin información,1,0,,"0,0%",NaN
1711-Universidad de la Sabana,53009-ESPECIALIZACION EN PEDAGOGIA E INVESTIGACION EN EL AULA,Masculino,2010-1,2019,Dependiente,Administración pública y defensa; planes de seguridad social de afiliación obligatoria,1,1,,"100,0%",NaN
1711-Universidad de la Sabana,53009-ESPECIALIZACION EN PEDAGOGIA E INVESTIGACION EN EL AULA,Masculino,2010-1,2019,Dependiente,Educación,2,2,,"100,0%",NaN
1711-Universidad de la Sabana,53009-ESPECIALIZACION EN PEDAGOGIA E INVESTIGACION EN EL AULA,Masculino,2010-1,2019,No cotizante,Sin información,1,0,,"0,0%",NaN
1711-Universidad de la Sabana,53009-ESPECIALIZACION EN PEDAGOGIA E INVESTIGACION EN EL AULA,Masculino,2010-1,2020,Dependiente,Educación,3,3,,"100,0%",NaN
1711-Universidad de la Sabana,53009-ESPECIALIZACION EN PEDAGOGIA E INVESTIGACION EN EL AULA,Masculino,2010-1,2020,No cotizante,Sin información,1,0,,"0,0%",NaN
1711-Universidad de la Sabana,53009-ESPECIALIZACION EN PEDAGOGIA E INVESTIGACION EN EL AULA,Masculino,2010-1,2021,Dependiente,Administración pública y defensa; planes de seguridad social de afiliación obligatoria,1,1,,"100,0%",NaN
1711-Universidad de la Sabana,53009-ESPECIALIZACION EN PEDAGOGIA E INVESTIGACION EN EL AULA,Masculino,2010-1,2021,Dependiente,Educación,2,2,,"100,0%",NaN
1711-Universidad de la Sabana,53009-ESPECIALIZACION EN PEDAGOGIA E INVESTIGACION EN EL AULA,Masculino,2010-1,2021,No cotizante,Sin información,1,0,,"0,0%",NaN
1711-Universidad de la Sabana,53009-ESPECIALIZACION EN PEDAGOGIA E INVESTIGACION EN EL AULA,Masculino,2010-1,2022,Dependiente,Administración pública y defensa; planes de seguridad social de afiliación obligatoria,1,1,,"100,0%",NaN
1711-Universidad de la Sabana,53009-ESPECIALIZACION EN PEDAGOGIA E INVESTIGACION EN EL AULA,Masculino,2010-1,2022,Dependiente,Educación,1,1,,"100,0%",NaN
1711-Universidad de la Sabana,53009-ESPECIALIZACION EN PEDAGOGIA E INVESTIGACION EN EL AULA,Masculino,2010-1,2022,Independiente,"Actividades profesionales, científicas y técnicas",1,1,,"100,0%",NaN
1711-Universidad de la Sabana,53009-ESPECIALIZACION EN PEDAGOGIA E INVESTIGACION EN EL AULA,Masculino,2010-1,2023,Dependiente,Administración pública y defensa; planes de seguridad social de afiliación obligatoria,1,1,,"100,0%",NaN
1711-Universidad de la Sabana,53009-ESPECIALIZACION EN PEDAGOGIA E INVESTIGACION EN EL AULA,Masculino,2010-1,2023,Dependiente,Educación,1,1,,"100,0%",NaN
1711-Universidad de la Sabana,53009-ESPECIALIZACION EN PEDAGOGIA E INVESTIGACION EN EL AULA,Masculino,2010-1,2023,Independiente,"Actividades profesionales, científicas y técnicas",1,1,,"100,0%",NaN
